date,Close,High,Low,Open,Volume,aVWAP_BoS_CHoCH_bull_41,Peaks_Valleys_avg,color,StDev,StDev_Mean,StdDev_ZScore,MA_Cross_Count,MA_Avg_Deviation_Z,MA_Oscillation_Score,BoS,CHoCH,BoS_CHoCH_Price,BoS_CHoCH_Break_Index,QQEMOD,QQE1_Value,QQE1_Above_Upper,QQE1_Below_Lower,QQE2_Above_Threshold,QQE2_Below_Threshold,QQE2_Above_TL,banker_RSI
2022-01-03 00:00:00+00:00,14.9810662942,15.3445686983,14.742704062,14.9631891268,141537,,,#000000,,,,0,,,0.0,0.0,0.0,0.0,,,False,False,False,False,False,
2022-01-04 00:00:00+00:00,14.9512710151,15.1360017451,14.8380489549,14.9929844058,74863,,,#000000,,,,0,,,0.0,0.0,0.0,0.0,0.0,,False,False,False,True,False,
2022-01-05 00:00:00+00:00,14.5698914436,15.2551828612,14.4924237182,15.0525749638,112866,,,#000000,,,,0,,,0.0,0.0,0.0,0.0,0.0,-50.0,False,False,False,True,True,
2022-01-06 00:00:00+00:00,14.3315292114,14.6414001133,14.2361843185,14.4864646623,42717,,,#000000,,,,0,,,0.0,0.0,0.0,0.0,0.0,-50.0,False,False,False,True,True,
2022-01-07 00:00:00+00:00,14.7307859504,14.8261308432,14.2307615777,14.4209150485,60099,,,#000000,,,,0,,,0.0,0.0,0.0,0.0,13.957219168378924,-37.20588242898599,False,False,False,True,True,
2022-01-10 00:00:00+00:00,14.832089899,14.9214757361,14.2898158208,14.6831135039,75195,,,#000000,,,,0,,,0.0,0.0,0.0,0.0,25.289493833815698,-27.593365050578882,False,False,False,True,True,
2022-01-11 00:00:00+00:00,14.6175638901,14.8529465944,14.5341371088,14.8142127316,113261,,,#000000,,,,0,,,0.0,0.0,0.0,0.0,29.71173902241176,-24.653836774681025,False,False,False,True,True,
2022-01-12 00:00:00+00:00,14.6711953923,14.8261308432,14.4566693833,14.6056457784,89180,,,#000000,,,,0,,,0.0,0.0,0.0,0.0,33.70725838134411,-21.89967589066977,False,False,False,True,True,
2022-01-13 00:00:00+00:00,14.7129087829,14.8976395129,14.6294820017,14.7248268946,112847,,,#000000,,,,0,,,0.0,0.0,0.0,0.0,37.185546689825756,-19.417551263478636,False,False,False,True,True,
2022-01-14 00:00:00+00:00,14.5043418298,14.7605812294,14.3911197695,14.5698914436,88141,,,#000000,,,,0,,,0.0,0.0,0.0,0.0,36.74772165766625,-19.417551263478636,False,False,False,True,True,
2022-01-18 00:00:00+00:00,14.3672835462,14.6831135039,14.2481024301,14.2957748766,165398,,,#000000,,,,0,,,0.0,0.0,0.0,0.0,35.02962920297124,-19.417551263478636,False,False,False,True,True,
2022-01-19 00:00:00+00:00,14.5222189972,14.6354410575,14.3236036672,14.5043418298,96683,,,#000000,,,,0,,,0.0,0.0,0.0,0.0,36.829343986063044,-19.417551263478636,False,False,False,True,True,
2022-01-20 00:00:00+00:00,14.313652044,14.7218473666,14.2719386534,14.4745465507,83619,,,#000000,,,,0,,,0.0,0.0,0.0,0.0,35.86555352647521,-19.417551263478636,False,False,False,True,True,
2022-01-21 00:00:00+00:00,14.3970788253,14.587768611,14.0216583095,14.2004299837,80436,,,#000000,,,,0,,,0.0,0.0,0.0,0.0,36.675964070027916,-19.417551263478636,False,False,False,True,True,
2022-01-24 00:00:00+00:00,14.2421433743,14.5436120075,13.6819921286,14.3255701556,109005,,,#000000,,,,0,,,0.0,0.0,0.0,0.0,35.69995479436171,-19.417551263478636,False,False,False,True,True,
2022-01-25 00:00:00+00:00,14.2898158208,14.4864646623,13.9191029591,14.0216583095,79764,,,#000000,,,,0,,,0.0,0.0,0.0,0.0,35.90279261878595,-19.417551263478636,False,False,False,True,True,
2022-01-26 00:00:00+00:00,13.9859039747,14.5103008856,13.8905590818,14.3315292114,71021,,,#000000,,,,0,,,0.0,0.0,0.0,0.0,33.4573181683363,-19.417551263478636,False,False,False,True,False,
2022-01-27 00:00:00+00:00,13.4317117848,14.1408394256,13.2708172781,13.9859039747,72054,,,#000000,,,,0,,,0.0,0.0,0.0,0.0,28.974355159178693,-14.337521802098124,False,False,False,True,False,
2022-01-28 00:00:00+00:00,13.8607638028,13.9024771934,13.1933495526,13.670074017,65780,,,#000000,,,,0,,,0.0,0.0,0.0,0.0,31.40561882051155,-14.337521802098124,False,False,False,True,False,
2022-01-31 00:00:00+00:00,14.1885118721,14.2481024301,13.7773370215,13.8130913564,80419,,,#000000,,,,0,,,0.0,0.0,0.0,0.0,36.1256189096694,-20.83311440371982,False,False,False,True,True,
2022-02-01 00:00:00+00:00,13.8667228586,14.2123480953,13.825009468,14.2123480953,44747,,,#000000,,,,0,,,0.0,0.0,0.0,0.0,37.20497127707762,-19.812059500593314,False,False,False,True,True,
2022-02-02 00:00:00+00:00,14.1467984815,14.4030378811,13.854804747,13.9739858631,52268,,,#000000,,,,0,,,0.0,0.0,0.0,0.0,40.254777222129384,-16.861970879556196,False,False,False,True,True,
2022-02-03 00:00:00+00:00,13.8428866354,14.1348803698,13.7475417425,13.9501496399,33278,,,#000000,,,,0,,,0.0,0.0,0.0,0.0,40.418894750423604,-16.583090506360953,False,False,False,True,True,
2022-02-04 00:00:00+00:00,13.2767763339,13.825009468,13.1695133294,13.7177464635,141727,,,#000000,,,,0,,,0.0,0.0,0.0,0.0,37.83046819224093,-16.583090506360953,False,False,False,True,True,
2022-02-07 00:00:00+00:00,13.4615070639,13.7555268773,13.2767763339,13.2767763339,52617,,,#000000,,,,0,,,0.0,0.0,0.0,0.0,37.59886246748661,-16.583090506360953,False,False,False,True,True,
2022-02-08 00:00:00+00:00,13.5330157335,13.6313401543,13.3065716129,13.5330157335,67611,,,#000000,,,,0,,,0.0,0.0,0.0,0.0,38.021916719706404,-16.583090506360953,False,False,False,True,True,
2022-02-09 00:00:00+00:00,13.366162171,13.6641149612,13.3423259478,13.5389747893,95042,,,#000000,,,,0,,,0.0,0.0,0.0,0.0,37.44810259713101,-16.583090506360953,False,False,False,True,True,
2022-02-10 00:00:00+00:00,13.1611706513,13.5257625721,13.0834707337,13.1492168178,178637,,,#000000,,,,0,,,0.0,0.0,0.0,0.0,36.073874215715826,-16.583090506360953,False,False,False,True,False,
2022-02-11 00:00:00+00:00,12.9041632317,13.4301319044,12.8145094806,13.2627782358,123840,,,#000000,,,,0,,,0.0,0.0,0.0,0.0,34.02965795140059,-16.583090506360953,False,False,False,True,False,
2022-02-14 00:00:00+00:00,12.9161170651,13.2986397362,12.7015457543,12.7906018137,283160,,12.972100851866665,#000000,,12.972100851866665,,0,,,0.0,0.0,0.0,0.0,32.787551851754145,-11.791427821303323,False,False,False,True,False,
2022-02-15 00:00:00+00:00,13.0595630668,13.2747320692,12.8324402308,13.0894476505,59206,,12.986536791786623,#000000,,12.986536791786623,,0,,,0.0,0.0,0.0,0.0,33.44331097725583,-11.791427821303323,False,False,False,True,False,
2022-02-16 00:00:00+00:00,14.003915911,14.1174773289,12.9699093157,13.1133553174,103627,,13.151637189895819,#000000,,13.151637189895819,,0,,,0.0,0.0,0.0,0.0,40.7583983681684,-14.746674943507898,False,False,False,True,True,
2022-02-17 00:00:00+00:00,14.5179307502,14.8107996702,13.8066776587,13.9441467436,88624,,13.355010397662737,#000000,,13.355010397662737,,0,,,0.0,0.0,0.0,0.0,48.00256421571912,-8.167871730607033,False,False,False,False,True,
2022-02-18 00:00:00+00:00,14.1473619126,14.6016075845,14.0756389118,14.6016075845,53798,,13.439111887859069,#000000,,13.439111887859069,,0,,,0.0,0.0,0.0,0.0,50.49693804548296,-6.172018773321298,False,False,False,False,True,
2022-02-22 00:00:00+00:00,14.2609233306,14.3924154988,14.0517312448,14.0696619951,38872,,13.488433284077882,#000000,,13.488433284077882,,0,,,0.0,0.0,0.0,0.0,52.700146034894956,-4.313357699503314,False,False,True,False,True,
2022-02-23 00:00:00+00:00,13.8544929926,14.2489694971,13.7648392415,14.2489694971,57364,,13.527617140663219,#000000,,13.527617140663219,,0,,,0.0,0.0,0.0,0.0,51.78232910196987,-4.313357699503314,False,False,True,False,True,
2022-02-24 00:00:00+00:00,13.7588623248,13.8365622424,13.4002473207,13.6154163232,40405,,13.535285518887386,#000000,,13.535285518887386,,0,,,0.0,0.0,0.0,0.0,50.64716539994062,-4.313357699503314,False,False,False,False,True,
2022-02-25 00:00:00+00:00,14.2310387469,14.3266694147,13.6572547403,13.6572547403,27952,,13.555195772413727,#000000,,13.555195772413727,,0,,,0.0,0.0,0.0,0.0,52.399547869249304,-4.313357699503314,False,False,True,False,True,
2022-02-28 00:00:00+00:00,14.3505770816,14.386438582,13.8485160758,14.0338004946,73498,,13.612106863658006,#000000,,13.612106863658006,,0,,,0.0,0.0,0.0,0.0,54.14137550515922,-2.812290718730239,False,False,True,False,True,
2022-03-01 00:00:00+00:00,14.589653751,14.5956306678,14.1533388293,14.2489694971,71215,,13.678274965524556,#000000,,13.678274965524556,,0,,,0.0,0.0,0.0,0.0,56.419341160578085,-0.46436076983866315,False,False,True,False,True,
2022-03-02 00:00:00+00:00,14.8705688376,15.2052761748,14.7809150866,14.7809150866,89738,,13.794051188873352,#000000,,13.794051188873352,,0,,,0.0,0.0,0.0,0.0,59.14402151817124,2.2730631487115858,False,False,True,False,True,
2022-03-03 00:00:00+00:00,17.0342126958,17.141797197,17.019270404,17.0581203627,3019713,,16.662063552014594,#000000,,16.662063552014594,,0,,,0.0,1.0,17.141798,120.0,66.15264624278768,8.897345462759624,False,False,True,False,True,
2022-03-04 00:00:00+00:00,16.9146743611,17.0820280297,16.8728359439,17.0461665293,780776,,16.707779443077833,#000000,,16.707779443077833,,0,,,0.0,0.0,0.0,0.0,70.12918793217142,12.47714035902299,False,False,True,False,True,
2022-03-07 00:00:00+00:00,16.9206512778,17.0342126958,16.8847897774,16.962489695,314157,,16.721770547228083,#000000,,16.721770547228083,,0,,,0.0,0.0,0.0,0.0,72.79066428576807,14.853865287184902,False,False,True,False,True,
2022-03-08 00:00:00+00:00,16.9086974444,17.0342126958,16.8788128607,16.962489695,283241,,16.73271834733794,#000000,,16.73271834733794,,0,,,0.0,0.0,0.0,0.0,74.48331495668752,16.428184328936467,False,False,True,False,True,
2022-03-09 00:00:00+00:00,16.9923742786,17.0282357791,16.9027205276,16.9684666117,745695,,16.761477672959156,#000000,,16.761477672959156,,0,,,0.0,0.0,0.0,0.0,75.78571086246666,17.763626128638293,False,False,True,False,True,
2022-03-10 00:00:00+00:00,17.0282357791,17.0282357791,16.9266281946,16.9505358615,143017,,16.766728878399107,#000000,,16.766728878399107,,0,,,0.0,0.0,0.0,0.0,76.73317118092882,18.877915645059034,False,False,True,False,True,
2022-03-11 00:00:00+00:00,16.9744435284,17.0043281121,16.9146743611,16.9744435284,370315,,16.77747719598807,#000000,,16.77747719598807,,0,,,0.0,0.0,0.0,0.0,76.89781412107897,19.362893492553184,False,False,True,False,True,
2022-03-14 00:00:00+00:00,16.848928277,17.0222588623,16.8190436933,16.9744435284,373551,,16.783301608261898,#000000,,16.783301608261898,,0,,,0.0,0.0,0.0,0.0,75.8817920243472,19.362893492553184,False,False,True,False,True,
2022-03-15 00:00:00+00:00,16.9206512778,17.0043281121,16.8369744435,16.9146743611,421894,,16.790704761157123,#000000,,16.790704761157123,,0,,,0.0,0.0,0.0,0.0,75.43764938092072,19.362893492553184,False,False,True,False,True,18.65031620471913
2022-03-16 00:00:00+00:00,16.735366859,16.9505358615,16.7054822754,16.9266281946,437804,,16.790239075552073,#000000,,16.790239075552073,,0,,,0.0,0.0,0.0,0.0,73.38582552044514,19.362893492553184,False,False,True,False,False,16.58627676285643
2022-03-17 00:00:00+00:00,16.7114591921,16.8070898599,16.6696207749,16.8070898599,210463,,16.788183111437192,#000000,,16.788183111437192,,0,,,0.0,0.0,0.0,0.0,71.78864906472786,19.362893492553184,True,False,True,False,False,16.32127246388315
2022-03-18 00:00:00+00:00,16.3169826876,16.7174361088,16.2034212696,16.7174361088,417106,,16.767928077171057,#000000,,16.767928077171057,,0,,,0.0,0.0,0.0,0.0,67.23263993236407,23.49533847331385,True,False,True,False,False,12.079044155963313
2022-03-21 00:00:00+00:00,16.1376751855,16.5261747733,16.1167559769,16.352844188,390452,,16.74374914339134,#000000,,16.74374914339134,,0,,,0.0,0.0,0.0,0.0,62.82113660363524,19.298493376602707,True,False,True,False,False,10.24238354625217
2022-03-22 00:00:00+00:00,16.3647980214,16.4126133553,16.0898598516,16.2512366035,297858,,16.581559871037076,#000000,,16.581559871037076,,0,,,0.0,0.0,0.0,0.0,61.25927539367134,17.835928907121186,True,False,True,False,False,11.96093017795231
2022-03-23 00:00:00+00:00,16.3229596043,16.4365210223,16.2870981039,16.3229596043,122175,,16.583759019564756,#000000,,16.583759019564756,,0,,,0.0,0.0,0.0,0.0,59.87118716369412,16.449785946270126,True,False,True,False,False,11.529289890897282
2022-03-24 00:00:00+00:00,16.4544517725,16.5022671063,16.3169826876,16.3229596043,169093,,16.591198707721233,#000000,,16.591198707721233,,0,,,0.0,0.0,0.0,0.0,59.779182977659616,16.184060802004552,True,False,True,False,False,12.523803981349964
2022-03-25 00:00:00+00:00,16.5799670239,16.5978977741,16.4365210223,16.4484748557,103547,,16.59962783139551,#000000,,16.59962783139551,,0,,,0.0,0.0,0.0,0.0,60.49439890112129,16.184060802004552,True,False,True,False,False,13.462974862590105
2022-03-28 00:00:00+00:00,16.3588211047,16.6218054411,16.3229596043,16.5799670239,83516,,16.600189540155345,#000000,,16.600189540155345,,0,,,0.0,0.0,0.0,0.0,58.89643201771043,14.858307975657027,True,False,True,False,False,11.135063855129651
2022-03-29 00:00:00+00:00,16.5500824402,16.645713108,16.4664056059,16.4664056059,90618,,16.60527799922247,#000000,,16.60527799922247,,0,,,0.0,0.0,0.0,0.0,59.119918518902224,14.793109043305265,True,False,True,False,False,12.58456647248461
2022-03-30 00:00:00+00:00,16.556059357,16.6277823578,16.4365210223,16.4903132729,57305,,16.607536771553896,#000000,,16.607536771553896,,0,,,0.0,0.0,0.0,0.0,59.30922434236305,14.640125730860262,True,False,True,False,False,12.62970613031371
2022-03-31 00:00:00+00:00,16.5201978566,16.759274526,16.4903132729,16.5022671063,154278,,16.6150011341152,#000000,,16.6150011341152,,0,,,0.0,0.0,0.0,0.0,59.05024528077747,14.016946874791742,True,False,True,False,False,12.243406709636123
2022-04-01 00:00:00+00:00,16.7293899423,16.7532976092,16.5291632317,16.556059357,72369,,16.619801557244458,#000000,,16.619801557244458,,0,,,0.0,0.0,0.0,0.0,60.404972969386094,14.016946874791742,True,False,True,False,False,13.848032810909348
2022-04-04 00:00:00+00:00,16.7114591921,16.759274526,16.5978977741,16.7054822754,57999,,16.62359641872365,#000000,,16.62359641872365,,0,,,0.0,0.0,0.0,0.0,61.0911993660484,14.016946874791742,True,False,True,False,False,13.6497800294681
2022-04-05 00:00:00+00:00,16.735366859,16.8011129431,16.6277823578,16.6875515251,213933,,16.636922864763488,#000000,,16.636922864763488,,0,,,0.0,0.0,0.0,0.0,61.73508391302981,14.016946874791742,True,False,True,False,True,13.835468008661088
2022-04-06 00:00:00+00:00,16.7652514427,16.9445589448,16.6606553998,16.7473206925,162647,,16.647765887791326,#000000,,16.647765887791326,,0,,,0.0,0.0,0.0,0.0,62.411754337345805,14.016946874791742,True,False,True,False,True,14.07068996856217
2022-04-07 00:00:00+00:00,16.8190436933,16.8788128607,16.7264014839,16.7951360264,232927,,16.661171150400932,#000000,,16.661171150400932,,0,,,0.0,0.0,0.0,0.0,63.32456451908085,14.016946874791742,True,False,True,False,True,14.498050103460074
2022-04-08 00:00:00+00:00,16.8429513603,16.8728359439,16.6995053586,16.8070898599,267968,,16.67303066360194,#000000,,16.67303066360194,,0,,,0.0,0.0,0.0,0.0,64.14621227557106,10.582344215020427,True,False,True,False,True,14.68989455481978
2022-04-11 00:00:00+00:00,16.8549051937,16.9206512778,16.8011129431,16.8429513603,220277,,16.683377442798985,#000000,,16.683377442798985,,0,,,0.0,0.0,0.0,0.0,64.8078871065605,11.407357510786113,True,False,True,False,True,14.787306418372111
2022-04-12 00:00:00+00:00,16.8847897774,16.9445589448,16.848928277,16.8608821105,162457,,16.691078665523246,#000000,,16.691078665523246,,0,,,0.0,0.0,0.0,0.0,65.55083491607343,12.296281647705754,True,False,True,False,True,15.034386638794771
2022-04-13 00:00:00+00:00,16.848928277,16.9744435284,16.8309975268,16.9146743611,135103,,16.696673522901026,#000000,,16.696673522901026,,0,,,0.0,0.0,0.0,0.0,65.28442404266713,12.296281647705754,True,False,True,False,True,14.584257845173791
2022-04-14 00:00:00+00:00,16.9146743611,16.9445589448,16.8250206101,16.8549051937,140851,,16.702279911852596,#000000,,16.702279911852596,,0,,,0.0,0.0,0.0,0.0,65.86256390573038,12.932862907771195,True,False,True,False,True,15.144080986460136
2022-04-18 00:00:00+00:00,16.9565127782,16.9744435284,16.8608821105,16.8668590272,237390,,16.71220912523978,#000000,,16.71220912523978,,0,,,0.0,0.0,0.0,0.0,66.72165869120435,13.909577925984415,True,False,True,False,True,15.50207997058408
2022-04-19 00:00:00+00:00,16.9266281946,16.9804204452,16.9146743611,16.9206512778,187441,,16.719521743140167,#000000,,16.719521743140167,,0,,,0.0,0.0,0.0,0.0,66.54738382259379,13.909577925984415,True,False,True,False,True,15.10926320295873
2022-04-20 00:00:00+00:00,16.9146743611,16.9744435284,16.8967436109,16.8967436109,188647,,16.72588900334912,#000000,1.3892584976325442,16.72588900334912,0.13588929495309374,0,,,0.0,0.0,0.0,0.0,66.11779632479136,13.909577925984415,True,False,True,False,True,14.949908054710935
2022-04-21 00:00:00+00:00,16.9445589448,17.0700741962,16.9206512778,16.9206512778,216010,,16.734148361287325,#000000,1.401567749420595,16.734148361287325,0.15012516062791773,0,,,0.0,0.0,0.0,0.0,66.26671055821666,13.909577925984415,True,False,True,False,True,15.219600885952229
2022-04-22 00:00:00+00:00,17.0342126958,17.0682811212,16.9445589448,16.9445589448,188611,,16.741782266470167,#000000,1.414567511212103,16.741782266470167,0.20672779984834944,0,,,0.0,0.0,0.0,0.0,67.59592885173235,15.285130481795292,True,False,True,False,True,16.03033705756342
2022-04-25 00:00:00+00:00,17.0401896125,17.0760511129,16.9176628195,16.9923742786,182839,,16.81423933845258,#000000,1.4247315163663334,16.81423933845258,0.1585914759741463,0,,,0.0,0.0,0.0,0.0,68.56167226138916,16.27792182833447,True,False,True,False,True,16.08469106404065
2022-04-26 00:00:00+00:00,17.0461665293,17.0640972795,17.0043281121,17.0043281121,187697,,16.823019639517362,#000000,1.431960896879432,16.823019639517362,0.15583308892646755,0,,,0.0,0.0,0.0,0.0,69.29159570145718,17.02923911659444,True,False,True,False,True,16.14005114649528
2022-04-27 00:00:00+00:00,16.9983511954,17.0461665293,16.9863973619,17.0342126958,225687,,16.827040603450143,#000000,1.4410053784425527,16.827040603450143,0.11888268740191076,0,,,0.0,0.0,0.0,0.0,68.09149093596626,17.02923911659444,True,False,True,False,False,15.446268980191636
2022-04-28 00:00:00+00:00,17.0043281121,17.052143446,16.9983511954,17.0282357791,809403,,16.843948648714296,#000000,1.4501034754354332,16.843948648714296,0.11059863389234849,0,,,0.0,0.0,0.0,0.0,67.4027902629692,17.02923911659444,True,False,True,False,False,15.504036709803941
2022-04-29 00:00:00+00:00,16.962489695,17.0551319044,16.962489695,17.0222588623,633404,,16.85167970179046,#000000,1.4564211210724352,16.85167970179046,0.07608375874688243,0,,,0.0,0.0,0.0,0.0,65.40847432710316,17.811571168969806,True,False,True,False,False,14.88128124796571
2022-05-02 00:00:00+00:00,16.9445589448,17.0282357791,16.9266281946,17.0282357791,393092,,16.854413959471373,#000000,1.4622481112749481,16.854413959471373,0.06164821457695695,0,,,0.0,0.0,0.0,0.0,63.42711897724027,16.004277939074342,False,False,True,False,False,14.61162462877271
2022-05-03 00:00:00+00:00,17.0043281121,17.0162819456,16.8668590272,16.9804204452,374658,,16.856900238606723,#000000,1.4685262807456185,16.856900238606723,0.10039171612129692,0,,,0.0,0.0,0.0,0.0,63.518657211098265,16.004277939074342,False,False,True,False,False,15.221636826505112
2022-05-04 00:00:00+00:00,16.8907666941,17.0342126958,16.8788128607,16.9923742786,411502,,16.857996194562432,#000000,1.4708271479625379,16.857996194562432,0.02228032001106658,0,,,0.0,0.0,0.0,0.0,59.77240119247559,12.68502192261274,False,True,True,False,False,13.488630403583688
2022-05-05 00:00:00+00:00,16.9086974444,16.9863973619,16.8549051937,16.9266281946,179367,,16.858100817471694,#000000,1.471117612219878,16.858100817471694,0.03439332552885296,0,,,0.0,0.0,0.0,0.0,57.75530169551752,10.948541848792125,False,True,True,False,False,13.678407795257609
2022-05-06 00:00:00+00:00,16.8369744435,16.9266281946,16.7828235779,16.9266281946,799182,,16.852593419327317,#000000,1.471578368501057,16.852593419327317,-0.010613757419678007,0,,,0.0,0.0,0.0,0.0,54.31009629038579,7.896610378120322,False,True,False,False,False,12.575584240548217
2022-05-09 00:00:00+00:00,16.3408903545,16.8668590272,16.2870981039,16.8250206101,400338,,16.83464616565233,#000000,1.4648687179750717,16.83464616565233,-0.33706488854159006,0,,,0.0,0.0,0.0,0.0,44.55917334444738,-0.8682541480520172,False,True,False,True,False,5.509092614318419
2022-05-10 00:00:00+00:00,16.3588211047,16.5381286068,16.2751442704,16.3887056884,487219,,16.810112825203504,#000000,1.458784218021367,16.810112825203504,-0.30936153197188965,0,,,0.0,0.0,0.0,0.0,38.51832229245258,-5.847954057195828,False,True,False,True,False,5.715286279621846
2022-05-11 00:00:00+00:00,16.036067601,16.5530708986,16.0181368508,16.3827287716,397196,,16.784942409860065,"rgba(239, 83, 80, 0.5)",1.4487891530895758,16.784942409860065,-0.5168970289866357,0,,,0.0,0.0,0.0,0.0,32.13749362686964,-11.116628808398985,False,True,False,True,False,1.5436819021168517
2022-05-12 00:00:00+00:00,15.6475680132,16.1077906018,15.5818219291,16.0480214345,508759,,16.735797094293343,"rgba(239, 83, 80, 0.5)",1.4387390462674465,16.735797094293343,-0.7563769704565672,0,,,0.0,0.0,0.0,0.0,26.196294105815575,-15.977784750066242,False,True,False,True,False,0.0
2022-05-13 00:00:00+00:00,15.0797609233,15.7133140973,15.0558532564,15.6894064303,459767,,16.397086728643124,"rgba(239, 83, 80, 0.5)",1.425910811067863,16.397086728643124,-0.9238486692983133,0,,,0.0,0.0,0.0,0.0,20.824241796759296,-20.369522468352493,False,True,False,True,False,0.0
2022-05-16 00:00:00+00:00,15.7730832646,15.8806677659,15.2052761748,15.2112530915,428625,,16.398767215931656,#000000,1.3991124170066214,16.398767215931656,-0.4472006278596944,0,,,0.0,0.0,0.0,0.0,25.764973220787986,-20.369522468352493,False,True,False,True,False,0.0
2022-05-17 00:00:00+00:00,16.2990519373,16.3707749382,15.7850370981,15.7850370981,182059,,16.41704861207874,#000000,1.3813195445671398,16.41704861207874,-0.08542315588223823,0,,,0.0,0.0,0.0,0.0,33.17236517722944,-27.41967552928425,False,True,False,True,True,3.93265741884672
2022-05-18 00:00:00+00:00,15.8866446826,16.3625267931,15.7910140148,16.2930750206,153670,,16.42218820674234,#000000,1.3676186987702104,16.42218820674234,-0.39158833132649623,0,,,0.0,0.0,0.0,0.0,35.84046538796829,-25.33102767126686,False,True,False,True,True,0.0
2022-05-19 00:00:00+00:00,16.0480214345,16.1735366859,15.7969909316,15.8567600989,224808,,16.425396032446418,#000000,1.347497246666099,16.425396032446418,-0.28005593249269795,0,,,0.0,0.0,0.0,0.0,38.74805101259328,-22.75781906421621,False,True,False,True,True,1.419436477150196
2022-05-20 00:00:00+00:00,15.7312448475,16.0241137675,15.5041220115,16.0241137675,372908,,16.40870283940893,"rgba(239, 83, 80, 0.5)",1.3319926531946427,16.40870283940893,-0.5086049012989083,0,,,0.0,0.0,0.0,0.0,39.04403017664559,-22.399103590572402,False,True,False,True,True,0.0
2022-05-23 00:00:00+00:00,15.8806677659,15.9762984336,15.6714756801,15.7491755977,216891,,16.40219673913669,#000000,1.3096523622117788,16.40219673913669,-0.39821939644801463,0,,,0.0,0.0,0.0,0.0,40.33307482441184,-20.85604762159208,False,True,False,True,True,0.0
2022-05-24 00:00:00+00:00,15.8866446826,15.9344600165,15.6415910965,15.8926215993,100226,,16.398757812960124,#000000,1.271874864515881,16.398757812960124,-0.4026442731495064,0,,,0.0,0.0,0.0,0.0,41.23775934664766,-19.539547768532696,False,True,False,True,True,0.0
2022-05-25 00:00:00+00:00,15.9284830998,16.036067601,15.808944765,15.808944765,100811,,16.396848450533042,#000000,1.2372461843560105,16.396848450533042,-0.3785546940092834,0,,,0.0,0.0,0.0,0.0,42.1827567279839,-18.087947658258656,False,True,False,True,True,0.3283960158519257
2022-05-26 00:00:00+00:00,15.9404369332,16.0420445177,15.9165292663,15.9404369332,130210,,16.395026714177277,#000000,1.2027422851248901,16.395026714177277,-0.3779610865931038,0,,,0.0,0.0,0.0,0.0,42.91767248322151,-16.77717008791064,False,True,False,True,True,0.44224258030005714
2022-05-27 00:00:00+00:00,15.9643446002,16.0779060181,15.9583676834,15.9882522671,110132,,16.39386591407298,#000000,1.1611918880557437,16.39386591407298,-0.36989692943183833,0,,,0.0,0.0,0.0,0.0,43.63432879342611,-15.451029916087194,False,True,False,True,True,0.6735086951294136
2022-05-31 00:00:00+00:00,15.8208985985,16.0480214345,15.7880255565,15.8746908491,74789,,16.39182303201242,"rgba(239, 83, 80, 0.5)",1.1103036199922456,16.39182303201242,-0.5142056850327207,0,,,0.0,0.0,0.0,0.0,42.99008232411799,-15.451029916087194,False,True,False,True,True,0.0
2022-06-01 00:00:00+00:00,15.8746908491,16.0719291014,15.7491755977,15.8687139324,171318,,16.387399896959028,#000000,1.045228788963215,16.387399896959028,-0.4905232742083148,0,,,0.0,0.0,0.0,0.0,43.1413987569362,-14.667637661433794,False,True,False,True,True,0.0
2022-06-02 00:00:00+00:00,16.0241137675,16.1526174773,15.8208985985,15.9523907667,121489,,16.385795644325,#000000,0.9742252050543467,16.385795644325,-0.3712507898056517,0,,,0.0,0.0,0.0,0.0,44.819868619447476,-12.457688067527783,False,True,False,True,True,1.2791148718959704
2022-06-03 00:00:00+00:00,15.9583676834,16.0539983512,15.922506183,16.0031945589,96389,,16.384201146723246,#000000,0.9029306576693941,16.384201146723246,-0.4716125869758244,0,,,0.0,0.0,0.0,0.0,45.313738401267834,-11.43373660164125,False,True,False,True,True,0.6111606502494453
2022-06-06 00:00:00+00:00,15.3905605936,16.0539983512,15.3905605936,16.0539983512,248299,,16.36912120406121,"rgba(239, 83, 80, 1.0)",0.8702016054900897,16.36912120406121,-1.1245217249514174,0,,,0.0,0.0,0.0,0.0,41.476394975220344,-11.43373660164125,False,True,False,True,False,0.0
2022-06-07 00:00:00+00:00,15.5698680956,15.6236603462,15.3726298434,15.4443528442,158765,,16.358293198243615,"rgba(239, 83, 80, 0.5)",0.8500702766038966,16.358293198243615,-0.9274822615765844,0,,,0.0,0.0,0.0,0.0,40.810048433707294,-11.43373660164125,False,True,False,True,False,0.0
2022-06-08 00:00:00+00:00,15.6176834295,15.6475680132,15.426422094,15.605729596,111252,,16.35147783073014,"rgba(239, 83, 80, 0.5)",0.8167822348958096,16.35147783073014,-0.8983966226000797,0,,,0.0,0.0,0.0,0.0,40.860742472167544,-11.43373660164125,False,True,False,True,False,0.0
2022-06-09 00:00:00+00:00,15.516075845,15.6535449299,15.4563066777,15.539983512,101318,,16.34517307104174,"rgba(239, 83, 80, 1.0)",0.786990014307972,16.34517307104174,-1.0535041245355488,0,,,0.0,0.0,0.0,0.0,40.15401464019476,-11.43373660164125,False,True,False,True,False,0.0
2022-06-10 00:00:00+00:00,15.2471145919,15.605729596,15.1455070074,15.4802143446,115870,,16.335512208319464,"rgba(239, 83, 80, 1.0)",0.743616555540125,16.335512208319464,-1.4636543636779404,0,,,0.0,0.0,0.0,0.0,37.921695735661146,-6.801951617012023,False,True,False,True,False,0.0
2022-06-13 00:00:00+00:00,14.9542456719,15.1873454246,14.8376957955,15.1873454246,180973,,16.31451954187676,"rgba(255, 0, 0, 1.0)",0.6993906339597551,16.31451954187676,-1.9449415018260487,0,,,0.0,0.0,0.0,0.0,34.867502319267366,-9.898681493992292,False,True,False,True,False,0.0
2022-06-14 00:00:00+00:00,14.9363149217,15.0737840066,14.6793075021,15.019991756,157591,14.896468810133332,16.062318173392857,"rgba(255, 0, 0, 1.0)",0.67496831391445,16.062318173392857,-1.6682312761656168,0,,,0.0,0.0,0.0,0.0,32.741567573129686,-12.022378002990791,False,True,False,True,False,0.0
2022-06-15 00:00:00+00:00,15.2291838417,15.2919414674,14.8825226711,14.8825226711,262057,15.04514261755919,16.06721097228474,"rgba(239, 83, 80, 1.0)",0.646849251514795,16.06721097228474,-1.295552446914401,0,,,0.0,0.0,0.0,0.0,34.758321200827496,-12.022378002990791,False,True,False,True,False,0.0
2022-06-16 00:00:00+00:00,15.1455070074,15.3487221764,14.9721764221,15.0857378401,157030,15.07518447603626,16.06112287423849,"rgba(239, 83, 80, 1.0)",0.6292240920941075,16.06112287423849,-1.4551506821540257,0,,,0.0,0.0,0.0,0.0,35.542717345506226,-12.022378002990791,False,True,False,True,True,0.0
2022-06-17 00:00:00+00:00,15.8448062655,15.8567600989,15.1721640561,15.2351607585,381181,15.293815733920312,16.08570107036494,#000000,0.6075685565327075,16.08570107036494,-0.39648991422414365,0,,,0.0,0.0,0.0,0.0,42.03575863285872,-13.512827210357841,False,False,False,True,True,0.43374615984621556
2022-06-21 00:00:00+00:00,16.0181368508,16.1615828524,15.9045754328,15.94641385,218699,15.430304440914258,16.108420239851995,#000000,0.6041333324397996,16.108420239851995,-0.14944282032475031,0,,,0.0,0.0,0.0,0.0,47.444742596502664,-8.645135174733412,False,False,False,False,True,1.9563562849688374
2022-06-22 00:00:00+00:00,15.8208985985,15.9523907667,15.4951566364,15.922506183,244712,15.486407779690728,16.112770597074427,#000000,0.6039558788048117,16.112770597074427,-0.4832670875760367,0,,,0.0,0.0,0.0,0.0,49.4440316048926,-7.019187484521851,False,False,False,False,True,0.17396234470711036
2022-06-23 00:00:00+00:00,17.0043281121,17.0342126958,15.832852432,15.832852432,995852,15.95501138073351,16.226978086971595,"rgba(38, 166, 154, 1.0)",0.6050944357040788,16.226978086971595,1.2846755469233382,0,,,0.0,0.0,0.0,0.0,56.257910528190564,-0.8528627455277373,True,False,True,False,True,9.466751275877481
2022-06-24 00:00:00+00:00,17.0999587799,17.1597279472,16.9027205276,16.9744435284,1392047,16.35668239691714,16.364758267038813,"rgba(38, 166, 154, 1.0)",0.6078589681381701,16.364758267038813,1.2094919239458708,1,0.6427092005308336,0.6427092005308336,0.0,0.0,0.0,0.0,61.106037120156756,3.3390843711668765,True,False,True,False,True,10.131043174043729
2022-06-27 00:00:00+00:00,17.1597279472,17.165704864,16.9983511954,17.0939818631,473264,16.43970471160101,16.39991876021569,"rgba(38, 166, 154, 1.0)",0.6105245390150604,16.39991876021569,1.2445186694872006,1,0.6478845464215965,0.6478845464215965,0.0,0.0,0.0,0.0,64.5376123332448,6.244763479475374,True,False,True,False,True,10.547710597662029
2022-06-28 00:00:00+00:00,17.1776586974,17.3091508656,17.1537510305,17.1537510305,181558,16.471177085100276,16.413902107324276,"rgba(38, 166, 154, 1.0)",0.6129763650129676,16.413902107324276,1.2459804874525056,1,0.6511122199524113,0.6511122199524113,0.0,0.0,0.0,0.0,66.88937850283483,8.26570041921849,True,False,True,False,True,10.674193857508627
2022-06-29 00:00:00+00:00,17.2434047815,17.255358615,17.0342126958,17.0939818631,230620,16.505882578150977,16.429968393585472,"rgba(38, 166, 154, 1.0)",0.6173838809640487,16.429968393585472,1.3175536534001218,1,0.657218569771877,0.657218569771877,0.0,0.0,0.0,0.0,68.70704945480011,9.941702884560087,True,False,True,False,True,11.143059236112492
2022-06-30 00:00:00+00:00,17.2075432811,17.3211046991,17.141797197,17.1896125309,307120,16.549945133735335,16.561466042049332,"rgba(38, 166, 154, 1.0)",0.6225517592230476,16.561466042049332,1.0377887934281667,1,0.671102470171279,0.671102470171279,0.0,0.0,0.0,0.0,69.54304860872196,10.853136398006441,True,False,True,False,True,10.794996621307408
2022-07-01 00:00:00+00:00,17.2135201979,17.2732893652,17.1537510305,17.1537510305,236378,16.579890013941004,16.573749996986173,"rgba(38, 166, 154, 1.0)",0.6269584460776436,16.573749996986173,1.0204347750896974,1,0.6840645973440744,0.6840645973440744,0.0,0.0,0.0,0.0,70.12771583696858,11.682852779422177,True,False,True,False,True,10.839085627629945
2022-07-05 00:00:00+00:00,17.2613355317,17.2613355317,17.1119126134,17.1896125309,185606,16.601505415938437,16.583097978209153,"rgba(38, 166, 154, 1.0)",0.6339644246523879,16.583097978209153,1.0698353521378319,1,0.6972478947616472,0.6972478947616472,0.0,0.0,0.0,0.0,70.75148585632125,12.659394516239203,True,False,True,False,True,11.196743827870762
2022-07-06 00:00:00+00:00,17.2493816983,17.255358615,17.1716817807,17.2434047815,302401,16.63445772309813,16.598591562310045,"rgba(38, 166, 154, 1.0)",0.6407666207722639,16.598591562310045,1.015643004633434,2,0.40779998963453584,0.8155999792690717,0.0,0.0,0.0,0.0,71.00699970807901,13.363376221369663,True,False,True,False,True,11.074342736950285
2022-07-07 00:00:00+00:00,17.2135201979,17.2673124485,17.2049134378,17.2434047815,119729,16.646626008249306,16.604483945648884,"rgba(38, 166, 154, 0.5)",0.6477561692360093,16.604483945648884,0.9402245492612421,2,0.4215933902152692,0.8431867804305384,0.0,0.0,0.0,0.0,70.66311532797425,13.514593693506924,True,False,True,False,True,10.701797051244505
2022-07-08 00:00:00+00:00,17.2194971146,17.2732893652,17.1955894477,17.2314509481,1939287,16.79181041241588,16.682781967733096,"rgba(38, 166, 154, 0.5)",0.6538623268033416,16.682781967733096,0.8208381563911822,2,0.44108851031113117,0.8821770206222623,0.0,0.0,0.0,0.0,70.47328162055474,13.851331286594622,True,False,True,False,True,10.749091238812948
2022-07-11 00:00:00+00:00,17.2194971146,17.2912201154,17.1507625721,17.2194971146,837457,16.833445640264326,16.70882800683334,"rgba(38, 166, 154, 0.5)",0.6604091571143265,16.70882800683334,0.7732617003647261,2,0.4643169355889985,0.928633871177997,0.0,0.0,0.0,0.0,70.34672581560841,14.263846743642759,True,False,True,False,True,10.749091238812948
2022-07-12 00:00:00+00:00,17.2673124485,17.2912201154,17.1955894477,17.2194971146,475371,16.85528251623806,16.72352135018872,"rgba(38, 166, 154, 0.5)",0.6673958920530225,16.72352135018872,0.8147953932387689,2,0.4896366710209407,0.9792733420418814,0.0,0.0,0.0,0.0,70.62850132173116,15.065464863750506,True,False,True,False,True,11.140358265779426
2022-07-13 00:00:00+00:00,17.2194971146,17.2732893652,17.1896125309,17.2254740313,548487,16.876444503365903,16.73828644629129,"rgba(38, 166, 154, 0.5)",0.6734703363160138,16.73828644629129,0.7145239253461482,2,0.5031673443551448,1.0063346887102895,0.0,0.0,0.0,0.0,69.89481338963239,15.065464863750506,True,False,True,False,True,10.608391821097875
2022-07-14 00:00:00+00:00,17.2015663644,17.2434047815,17.1836356142,17.2194971146,229958,16.88420005402845,16.743868639267294,"rgba(38, 166, 154, 0.5)",0.6789171710591437,16.743868639267294,0.6741584167309785,2,0.5112870216561884,1.022574043312377,0.0,0.0,0.0,0.0,69.0460759209962,15.065464863750506,True,False,True,False,True,10.406567256868584
2022-07-15 00:00:00+00:00,17.2493816983,17.2613355317,17.2015663644,17.2434047815,311969,16.895015923852096,16.751832597232244,"rgba(38, 166, 154, 0.5)",0.6849477790725675,16.751832597232244,0.7264044300449378,2,0.5255270760918062,1.0510541521836123,0.0,0.0,0.0,0.0,68.96134828718203,15.065464863750506,True,False,True,False,True,10.818296375196699
2022-07-18 00:00:00+00:00,17.3270816158,17.4880997527,17.2314509481,17.255358615,364333,16.910685526670573,16.7635790602309,"rgba(38, 166, 154, 0.5)",0.6920406128199101,16.7635790602309,0.8142622631249272,2,0.5392332455905299,1.0784664911810597,0.0,0.0,0.0,0.0,69.66662285927119,15.671535869095393,True,False,True,False,True,11.489563845022921
2022-07-19 00:00:00+00:00,17.2971970322,17.4466199505,17.2852431987,17.3569661995,245863,16.92052896570766,16.77107992911529,"rgba(38, 166, 154, 0.5)",0.6984225173880938,16.77107992911529,0.7532934434190923,2,0.5637576280052994,1.1275152560105988,0.0,0.0,0.0,0.0,69.42485591669856,15.752657302577859,True,False,True,False,True,11.135998550258297
2022-07-20 00:00:00+00:00,17.345012366,17.3748969497,17.3151277824,17.3569661995,231125,16.92942392843331,16.77794207143366,"rgba(38, 166, 154, 0.5)",0.7053865688867188,16.77794207143366,0.8039142217597384,2,0.5955174213713705,1.191034842742741,0.0,0.0,0.0,0.0,69.78371346657426,16.407843612616645,True,False,True,False,True,11.559414304606467
2022-07-21 00:00:00+00:00,17.3629431162,17.3748969497,17.2732893652,17.3270816158,175348,16.935802771795053,16.78292164359748,"rgba(38, 166, 154, 0.5)",0.7119392575372341,16.78292164359748,0.8147064043201553,2,0.619875100225646,1.239750200451292,0.0,0.0,0.0,0.0,70.22255537227493,17.10967338334322,True,False,True,False,True,11.719954158992252
2022-07-22 00:00:00+00:00,17.3569661995,17.3808738664,17.3270816158,17.3629431162,178206,16.942364941258784,16.788076704695946,"rgba(38, 166, 154, 0.5)",0.7183054508230643,16.788076704695946,0.7919882748379493,2,0.6452256006690588,1.2904512013381175,0.0,0.0,0.0,0.0,70.34001542309517,17.486444502555656,True,False,True,False,True,11.64537564304866
2022-07-25 00:00:00+00:00,17.3031739489,17.3509892828,17.2852431987,17.3091508656,175564,16.94799648476604,16.79257913507619,"rgba(38, 166, 154, 0.5)",0.7236148832284839,16.79257913507619,0.7056167937643001,2,0.668314455452531,1.336628910905062,0.0,0.0,0.0,0.0,68.8149066245794,17.486444502555656,True,False,True,False,False,10.966422214107723
2022-07-26 00:00:00+00:00,17.3629431162,17.3868507832,17.3211046991,17.3211046991,165595,16.953772754229828,16.797194387718168,"rgba(38, 166, 154, 0.5)",0.7295723569689045,16.797194387718168,0.7754525278785274,2,0.6858239558440067,1.3716479116880134,0.0,0.0,0.0,0.0,68.67571284508053,17.486444502555656,True,False,True,False,False,11.530309615455643
2022-07-27 00:00:00+00:00,17.3569661995,17.3868507832,17.3211046991,17.345012366,191421,16.960217821825477,16.802392123103267,"rgba(38, 166, 154, 0.5)",0.7350543718793021,16.802392123103267,0.7544667409825236,2,0.6825116703232332,1.3650233406464665,0.0,0.0,0.0,0.0,68.39168129466685,17.486444502555656,True,False,True,False,False,11.452624694449494
2022-07-28 00:00:00+00:00,17.4286892003,17.4884583677,17.3390354493,17.345012366,225534,16.968734951298256,16.885420573283113,"rgba(38, 166, 154, 0.5)",0.741408185084902,16.885420573283113,0.7327524000219577,2,0.6775647965385051,1.3551295930770102,0.0,0.0,0.0,0.0,69.27147165274697,17.486444502555656,True,False,True,False,False,12.14361671452259
2022-07-29 00:00:00+00:00,17.368920033,17.4227122836,17.3270816158,17.368920033,159031,16.973960435166596,16.886795893273593,"rgba(38, 166, 154, 0.5)",0.7466488891172613,16.886795893273593,0.6457173468729124,2,0.6735603213058575,1.347120642611715,0.0,0.0,0.0,0.0,67.87562912315374,17.486444502555656,True,False,True,False,False,11.345242492676977
2022-08-01 00:00:00+00:00,17.3390354493,17.368920033,17.2912201154,17.368920033,175882,16.97902275436881,16.887879997732213,"rgba(38, 166, 154, 0.5)",0.7511970337796592,16.887879997732213,0.6005820460948712,2,0.6699502356943978,1.3399004713887956,0.0,0.0,0.0,0.0,65.99002896879401,18.36008018543697,True,False,True,False,False,10.943518303030796
2022-08-02 00:00:00+00:00,17.4167353669,17.4525968673,17.3151277824,17.3211046991,331052,16.989770547475423,16.896423081953643,"rgba(38, 166, 154, 0.5)",0.7569867725319007,16.896423081953643,0.6873466007947054,2,0.6659540836615632,1.3319081673231263,0.0,0.0,0.0,0.0,66.14123787094546,18.36008018543697,True,False,True,False,False,11.724556084507139
2022-08-03 00:00:00+00:00,17.3928276999,17.4555853256,17.3569661995,17.3868507832,261392,16.998011552907837,16.902953101729658,"rgba(38, 166, 154, 0.5)",0.7619464912663275,16.902953101729658,0.6429251972224299,2,0.6625662173001107,1.3251324346002213,0.0,0.0,0.0,0.0,65.43436004092703,17.802156835334245,True,False,True,False,False,11.393819528002851
2022-08-04 00:00:00+00:00,17.3509892828,17.3988046167,17.3211046991,17.368920033,109341,17.000989871191283,16.904849684770973,"rgba(38, 166, 154, 0.5)",0.7659735989131692,16.904849684770973,0.5824477484107152,2,0.6594064950070995,1.318812990014199,0.0,0.0,0.0,0.0,63.56328487387454,16.017719458049754,True,False,True,False,False,10.809450476930461
2022-08-05 00:00:00+00:00,17.3091508656,17.3808738664,17.2493816983,17.3330585326,189857,17.005423099180693,16.90708839278269,"rgba(38, 166, 154, 0.5)",0.7695829324425817,16.90708839278269,0.5224420343382646,2,0.6561913326895742,1.3123826653791484,0.0,0.0,0.0,0.0,60.973930417908484,13.63613093341489,True,False,True,False,False,10.221248674731836
2022-08-08 00:00:00+00:00,17.2135201979,17.3569661995,17.1597279472,17.3091508656,198403,17.00890350331707,16.907947711991522,#000000,0.7720859247585541,16.907947711991522,0.3957752318876114,2,0.6542358451877425,1.308471690375485,0.0,0.0,0.0,0.0,56.55611071854996,9.656794758107722,False,False,True,False,False,8.880193884443777
2022-08-09 00:00:00+00:00,17.2912201154,17.3151277824,17.0880049464,17.2254740313,2019767,17.037742939154953,16.95864146946012,#000000,0.7752783618273432,16.95864146946012,0.428979657262702,2,0.6510286995934813,1.3020573991869626,0.0,0.0,0.0,0.0,55.60676685467153,9.004935217933777,False,False,False,False,False,9.731720229379846
2022-08-10 00:00:00+00:00,17.3031739489,17.3151277824,17.2613355317,17.3151277824,1712469,17.063033116139408,16.98203851151827,#000000,0.7779644341801157,16.98203851151827,0.41278935549305706,2,0.6477626859021651,1.2955253718043303,0.0,0.0,0.0,0.0,55.26726273283442,8.80591587650948,False,False,False,False,False,9.863410019431143
2022-08-11 00:00:00+00:00,17.3031739489,17.3151277824,17.2852431987,17.3151277824,1002697,17.076080900393524,16.994025394808315,#000000,0.780579339053163,16.994025394808315,0.3960501368979095,2,0.6451995593144856,1.2903991186289712,0.0,0.0,0.0,0.0,55.04092665160968,8.597704090015839,False,False,False,False,False,9.863410019431143
2022-08-12 00:00:00+00:00,17.2971970322,17.3181162407,17.2732893652,17.2971970322,857804,17.085936280467173,17.003054280649295,#000000,0.7830523938798183,17.003054280649295,0.3756361053866463,2,0.6438614530095909,1.2877229060191817,0.0,0.0,0.0,0.0,54.68310278480305,8.183485821272853,False,False,False,False,False,9.774360350390047
2022-08-15 00:00:00+00:00,17.3091508656,17.3211046991,17.2971970322,17.3091508656,957928,17.09656528329787,17.01312724881065,#000000,0.7859876714258118,17.01312724881065,0.3766262850565457,2,0.6413780803675933,1.2827561607351865,0.0,0.0,0.0,0.0,54.819083432564085,8.183485821272853,False,False,False,False,False,9.913741825178242
2022-08-16 00:00:00+00:00,17.3031739489,17.3300700742,17.3031739489,17.3091508656,1096647,17.10770946708826,17.023874202204116,#000000,0.7887789445987768,17.023874202204116,0.3540912807173794,2,0.639271115224639,1.278542230449278,0.0,0.0,0.0,0.0,54.666475518038425,7.873903150928072,False,False,False,False,False,9.821264474439694
2022-08-17 00:00:00+00:00,17.3151277824,17.3330585326,17.3031739489,17.3270816158,661693,17.114043797463996,17.030092398008478,#000000,0.7919439565464484,17.030092398008478,0.3599186306497258,2,0.6367235060452094,1.2734470120904189,0.0,0.0,0.0,0.0,54.99553446801987,7.873903150928072,False,False,False,False,False,9.965809471072898
2022-08-18 00:00:00+00:00,29.0,29.0,28.96,28.97,540427,17.40028383407283,17.351043291673285,"rgba(0, 255, 0, 1.0)",1.6346055690990993,17.351043291673285,7.126463367396301,1,0.5488762031197771,0.5488762031197771,0.0,0.0,0.0,0.0,69.52698557547089,15.494807129793003,True,False,True,False,True,20.0
2022-08-19 00:00:00+00:00,28.98,29.0,28.97,28.99,562121,17.683646662486538,17.660668662810554,"rgba(0, 255, 0, 1.0)",2.1581815879451582,17.660668662810554,5.244846587708486,1,0.41619906305222115,0.41619906305222115,0.0,0.0,0.0,0.0,79.15482187838637,23.73578998007254,True,False,True,False,True,20.0
2022-08-22 00:00:00+00:00,29.0,29.01,28.97,28.97,498513,17.923803967413562,17.917484939619253,"rgba(0, 255, 0, 1.0)",2.5686275831625953,17.917484939619253,4.314566709875286,1,0.34953370078766166,0.34953370078766166,0.0,0.0,0.0,0.0,85.5744377871157,28.80787388480819,True,False,True,False,True,20.0
