date,Close,High,Low,Open,Volume,aVWAP_BoS_CHoCH_bull_33,aVWAP_BoS_CHoCH_bull_102,aVWAP_BoS_CHoCH_bull_160,aVWAP_BoS_CHoCH_bear_39,aVWAP_BoS_CHoCH_bear_69,aVWAP_BoS_CHoCH_bear_107,aVWAP_BoS_CHoCH_bear_154,Peaks_Valleys_avg,color,StDev,StDev_Mean,StdDev_ZScore,MA_Cross_Count,MA_Avg_Deviation_Z,MA_Oscillation_Score,BoS,CHoCH,BoS_CHoCH_Price,BoS_CHoCH_Break_Index,QQEMOD,QQE1_Value,QQE1_Above_Upper,QQE1_Below_Lower,QQE2_Above_Threshold,QQE2_Below_Threshold,QQE2_Above_TL,banker_RSI
2021-12-31 00:00:00+00:00,70.51,74.32,69.04,72.13,678639,,,,,,,,,#000000,,,,0,,,0.0,0.0,0.0,0.0,,,False,False,False,False,False,
2022-01-07 00:00:00+00:00,59.24,71.45,59.02,71.24,1195146,,,,,,,,,"rgba(239, 83, 80, 0.5)",,,,0,,,0.0,0.0,0.0,0.0,0.0,,False,False,False,True,False,
2022-01-14 00:00:00+00:00,54.25,60.22,53.0545,58.46,1320302,,,,,,,,,"rgba(239, 83, 80, 0.5)",,,,0,,,0.0,0.0,0.0,0.0,0.0,-50.0,False,False,False,True,True,
2022-01-21 00:00:00+00:00,47.2,53.55,47.195,53.13,1118377,,,,,,,,,"rgba(239, 83, 80, 0.5)",,,,0,,,0.0,0.0,0.0,0.0,0.0,-50.0,False,False,False,True,True,
2022-01-28 00:00:00+00:00,42.7,47.48,39.8271,46.11,1402095,,,,,,,,,"rgba(239, 83, 80, 0.5)",,43.335699999999996,,0,,,0.0,0.0,0.0,0.0,0.0,-50.0,False,False,False,True,True,
2022-02-04 00:00:00+00:00,42.86,46.57,42.32,42.32,925393,,,,,,,,,"rgba(239, 83, 80, 0.5)",,43.56668829577925,,0,,,0.0,0.0,0.0,0.0,0.19780782433586197,-49.8130097910575,False,False,False,True,True,
2022-02-11 00:00:00+00:00,45.66,48.84,42.75,42.75,903824,,,,,,,,,"rgba(239, 83, 80, 0.5)",,44.17737816966194,,0,,,0.0,0.0,0.0,0.0,3.5991291187428347,-46.60581146648344,False,False,False,True,True,
2022-02-18 00:00:00+00:00,43.74,48.37,43.67,45.62,689043,,,,,,,,,"rgba(239, 83, 80, 0.5)",,44.3676601706138,,0,,,0.0,0.0,0.0,0.0,5.759476683477088,-44.70903111132975,False,False,False,True,True,
2022-02-25 00:00:00+00:00,44.63,44.84,39.45,42.97,824586,,,,,,,,,"rgba(239, 83, 80, 0.5)",,44.12535106931081,,0,,,0.0,0.0,0.0,0.0,8.247372188463043,-42.551665602313975,False,False,False,True,True,
2022-03-04 00:00:00+00:00,46.04,46.58,38.35,44.22,1692703,,,,,,,,,"rgba(239, 83, 80, 0.5)",,43.82939133412006,,0,,,0.0,0.0,0.0,0.0,11.476707839349729,-39.73951130751894,False,False,False,True,True,
2022-03-11 00:00:00+00:00,51.14,53.61,45.27,45.7,1871306,,,,,,,,,"rgba(239, 83, 80, 0.5)",,46.17260518413909,,0,,,0.0,0.0,0.0,0.0,18.08608707755475,-33.791983547991094,False,False,False,True,True,
2022-03-18 00:00:00+00:00,52.19,54.08,49.5071,51.8,818431,,,,,,,,,"rgba(239, 83, 80, 0.5)",,46.92802460737925,,0,,,0.0,0.0,0.0,0.0,23.547939807787927,-29.106211073780607,False,False,False,True,True,
2022-03-25 00:00:00+00:00,46.35,51.9886,45.93,51.71,793528,,,,,,,,,"rgba(239, 83, 80, 0.5)",,47.0274230651368,,0,,,0.0,0.0,0.0,0.0,25.417567206134457,-27.891544262274014,False,False,False,True,True,
2022-04-01 00:00:00+00:00,54.0,55.23,45.5115,46.06,1011064,,,,,,,,,"rgba(239, 83, 80, 0.5)",,47.577649040026365,,0,,,0.0,0.0,0.0,0.0,30.977914684534976,-23.08502761920397,False,False,False,True,True,
2022-04-08 00:00:00+00:00,50.0,57.49,49.887,54.32,551754,,,,,,,,52.458999999999996,"rgba(239, 83, 80, 0.5)",,49.40537676510311,,0,,,0.0,0.0,0.0,0.0,33.59110838860117,-21.12841120563287,False,False,False,True,True,
2022-04-15 00:00:00+00:00,51.18,53.31,47.36,49.46,593207,,,,,,,,51.50448274599164,"rgba(239, 83, 80, 0.5)",,49.19552352370638,,0,,,0.0,0.0,0.0,0.0,36.01197649703467,-19.26888381625473,False,False,False,True,True,
2022-04-22 00:00:00+00:00,47.7,53.51,47.665,50.98,823639,,,,,,,,50.718129353008905,"rgba(239, 83, 80, 0.5)",,49.008583670854215,,0,,,0.0,0.0,0.0,0.0,36.62498795564458,-19.036659467419156,False,False,False,True,True,
2022-04-29 00:00:00+00:00,45.37,48.86,44.84,47.24,888404,,,,,,,,49.36190412672389,"rgba(239, 83, 80, 0.5)",,48.44883916267014,,0,,,0.0,0.0,0.0,0.0,36.38187876928154,-19.036659467419156,False,False,False,True,True,
2022-05-06 00:00:00+00:00,43.61,48.03,42.8401,45.19,673387,,,,,,,,48.49685900812875,"rgba(239, 83, 80, 0.5)",,48.03214690448422,,0,,,0.0,0.0,0.0,0.0,35.71639150962521,-19.036659467419156,False,False,False,True,True,
2022-05-13 00:00:00+00:00,39.46,43.06,35.23,42.54,1616419,,,,,,,,45.59276917557996,"rgba(239, 83, 80, 0.5)",,44.58328045255143,,0,,,0.0,0.0,0.0,0.0,34.18646877509603,-19.036659467419156,False,False,False,True,True,
2022-05-20 00:00:00+00:00,38.34,42.755,37.4,39.12,788199,,,,,,,,44.7833974903099,"rgba(239, 83, 80, 0.5)",,44.196751072500135,,0,,,0.0,0.0,0.0,0.0,32.83004454973634,-19.036659467419156,False,False,False,True,False,
2022-05-27 00:00:00+00:00,41.22,41.875,36.81,38.91,627950,,,,,,,,44.32268768892711,"rgba(239, 83, 80, 0.5)",,43.97779268329563,,0,,,0.0,0.0,0.0,0.0,33.418710893831474,-19.036659467419156,False,False,False,True,False,
2022-06-03 00:00:00+00:00,41.48,41.94,39.29,40.79,391271,,,,,,,,44.13030201890073,"rgba(239, 83, 80, 0.5)",,43.90361888007206,,0,,,0.0,0.0,0.0,0.0,33.97717142081642,-19.036659467419156,False,False,False,True,False,
2022-06-10 00:00:00+00:00,35.19,42.3519,32.835,42.26,1256366,,,,,,,,43.00745828813158,"rgba(239, 83, 80, 0.5)",,43.08191657555395,,0,,,0.0,0.0,0.0,0.0,32.746288223471765,-19.036659467419156,False,False,False,True,False,
2022-06-17 00:00:00+00:00,30.52,34.31,28.36,33.99,1652831,,,,,,,,36.03464728827854,"rgba(239, 83, 80, 0.5)",,38.20185930736865,,0,,,0.0,0.0,0.0,0.0,30.903320010390857,-13.28400314770721,False,False,False,True,False,
2022-06-24 00:00:00+00:00,34.91,35.44,30.765,31.15,945727,,,,,,,,36.19596326559887,"rgba(239, 83, 80, 0.5)",,38.03907307388983,,0,,,0.0,0.0,0.0,0.0,31.750557742408276,-13.28400314770721,False,False,False,True,False,
2022-07-01 00:00:00+00:00,33.6,35.61,32.87,35.06,742452,,,,,,,,36.21463949830492,"rgba(239, 83, 80, 0.5)",,37.89547901999049,,0,,,0.0,0.0,0.0,0.0,32.047958578360486,-13.28400314770721,False,False,False,True,False,
2022-07-08 00:00:00+00:00,35.81,35.98,32.65,32.77,479220,,,,,,,,36.2591442767337,"rgba(239, 83, 80, 0.5)",,37.84464548416491,,0,,,0.0,0.0,0.0,0.0,33.30429045815865,-13.28400314770721,False,False,False,True,False,
2022-07-15 00:00:00+00:00,34.32,35.86,33.35,35.25,585780,,,,,,,,36.2534817793197,"rgba(239, 83, 80, 0.5)",,37.751734712794885,,0,,,0.0,0.0,0.0,0.0,33.80820747557955,-13.28400314770721,False,False,False,True,False,
2022-07-22 00:00:00+00:00,37.26,38.81,34.99,34.99,651387,,,,,,,,36.451486402219075,"rgba(239, 83, 80, 0.5)",,37.82175972235766,,0,,,0.0,0.0,0.0,0.0,35.54051620795083,-13.28400314770721,False,False,False,True,True,
2022-07-29 00:00:00+00:00,40.12,40.32,36.35,37.67,438541,,,,,,,,36.66022240403902,"rgba(239, 83, 80, 0.5)",,37.93820273166157,,0,,,0.0,0.0,0.0,0.0,38.00763594537287,-17.14426296731864,False,False,False,True,True,
2022-08-05 00:00:00+00:00,41.64,42.34,38.905,39.49,645646,,,,,,,,37.064683415823474,"rgba(239, 83, 80, 0.5)",,38.20140410694724,,0,,,0.0,0.0,0.0,0.0,40.394536622463534,-14.785571514370396,False,False,False,True,True,
2022-08-12 00:00:00+00:00,45.66,45.665,41.06,42.29,533626,,,,,,,,37.52612262788065,"rgba(239, 83, 80, 0.5)",,38.534140600442264,,0,,,0.0,0.0,0.0,0.0,43.63034530772511,-11.667379614180078,False,False,False,True,True,
2022-08-19 00:00:00+00:00,44.08,48.68,43.59,45.11,491580,,,,,,,,40.45850300556729,"rgba(239, 83, 80, 0.5)",,39.64597581338394,,0,,,1.0,0.0,48.68,54.0,45.34511961134108,-10.053655429458509,False,False,False,True,True,
2022-08-26 00:00:00+00:00,41.64,45.44,41.61,43.0,544622,,,,,,,,40.20587735749368,"rgba(239, 83, 80, 0.5)",,39.51900766793055,,0,,,0.0,0.0,0.0,0.0,45.68209939039358,-9.728114869338981,False,False,False,True,True,
2022-09-02 00:00:00+00:00,39.57,42.1315,38.635,41.26,402590,,,,,,,,39.89290761672681,"rgba(239, 83, 80, 0.5)",,39.30515661686389,,0,,,0.0,0.0,0.0,0.0,45.20703600162962,-9.728114869338981,False,False,False,True,True,
2022-09-09 00:00:00+00:00,43.06,43.82,39.99,40.37,463326,,,,,,,,39.957216464684116,#000000,,39.39487252642603,,0,,,0.0,0.0,0.0,0.0,46.285554761364956,-9.011962665937773,False,False,False,False,True,
2022-09-16 00:00:00+00:00,43.09,44.595,40.81,43.68,1043418,,,,,,,,40.22244338834987,#000000,,39.687253151113225,,0,,,0.0,0.0,0.0,0.0,47.0678163978258,-8.141549122156547,False,False,False,False,True,
2022-09-23 00:00:00+00:00,34.71,43.4446,33.79,42.16,896567,,,,,,,,39.7378562658474,"rgba(239, 83, 80, 0.5)",,39.31250336849553,,0,,,0.0,0.0,0.0,0.0,44.87794963220344,-8.141549122156547,False,False,False,True,True,
2022-09-30 00:00:00+00:00,33.65,37.65,33.59,34.53,666548,34.96333333333334,,,,,,,38.21759039282397,"rgba(239, 83, 80, 0.5)",,37.735684680240425,,0,,,0.0,-1.0,33.59,62.0,43.02210392603723,-8.141549122156547,False,False,False,True,False,
2022-10-07 00:00:00+00:00,36.28,37.64,33.83,34.46,554421,35.39622558530697,,,,,,,38.15253907034246,"rgba(239, 83, 80, 0.5)",,37.681052480139506,,0,,,0.0,0.0,0.0,0.0,42.830806233595816,-8.141549122156547,False,False,False,True,False,
2022-10-14 00:00:00+00:00,33.86,37.32,33.79,36.3,559849,35.268517426635775,,,,,,,37.9343859057124,"rgba(239, 83, 80, 0.5)",,37.47172553737222,,0,,,0.0,0.0,0.0,0.0,41.971424011645496,-8.141549122156547,False,False,False,True,False,
2022-10-21 00:00:00+00:00,40.26,40.5,34.88,34.88,698137,36.19172792298905,,,,,,,38.14524923017648,"rgba(239, 83, 80, 0.5)",,37.69913567471308,,0,,,0.0,0.0,0.0,0.0,43.846199289350864,-8.141549122156547,False,False,False,True,False,
2022-10-28 00:00:00+00:00,43.71,44.04,38.35,40.45,501535,37.17471044246639,,,,,,,38.49607386385354,#000000,,38.06504063395441,,0,,,0.0,0.0,0.0,0.0,46.31978516138584,-8.141549122156547,False,False,False,False,True,
2022-11-04 00:00:00+00:00,42.49,45.52,41.47,43.71,564639,38.12799815371081,,,,,,,38.88048113585235,#000000,,38.466659990676604,,0,,,0.0,0.0,0.0,0.0,47.660599001452475,-7.353765239851249,False,False,False,False,True,
2022-11-11 00:00:00+00:00,47.9,48.73,37.06,42.63,764993,39.2701900371575,,,,,,,39.40313937469281,#000000,,39.01283906705418,,0,,,0.0,0.0,0.0,0.0,50.282376441568914,-4.8077219576863115,False,False,False,False,True,
2022-11-18 00:00:00+00:00,44.14,49.78,43.67,47.54,625570,40.10583226357453,,,,,,,39.82831720284712,#000000,,39.45708951277268,,0,,,0.0,0.0,0.0,0.0,50.83431091379505,-4.2644225791032895,False,False,False,False,True,
2022-11-25 00:00:00+00:00,46.35,46.42,43.19,43.89,292268,40.397329209991405,,,,,,,39.986183497509884,#000000,,39.62305719151417,,0,,,0.0,0.0,0.0,0.0,51.89377571803579,-3.189840789088443,False,False,False,False,True,
2022-12-02 00:00:00+00:00,46.5,50.59,41.9016,45.58,776182,41.16434075683087,,,,,,,40.42538437858293,#000000,,41.93577406300532,,0,,,0.0,0.0,0.0,0.0,52.69639291538536,-2.3401112695618096,False,False,False,False,True,
2022-12-09 00:00:00+00:00,43.42,45.92,42.38,45.83,643707,41.429878434422925,,,,,,,40.6011255664104,#000000,,41.81385762121934,,0,,,0.0,0.0,0.0,0.0,52.143165365254696,-2.3401112695618096,False,False,False,False,True,0.0
2022-12-16 00:00:00+00:00,43.42,49.43,42.24,45.0,945218,41.87803722269276,,,,,,,40.90553817101444,#000000,,42.05638043306519,,0,,,0.0,0.0,0.0,0.0,51.748002829447074,-2.3401112695618096,False,False,False,False,True,0.0
2022-12-23 00:00:00+00:00,43.48,44.325,41.195,43.5,456444,41.94165763117785,,,,,,,40.965680920032185,#000000,,42.88901692571923,,0,,,0.0,0.0,0.0,0.0,51.488383807837685,-2.3401112695618096,False,False,False,False,True,0.0
2022-12-30 00:00:00+00:00,44.39,44.59,41.61,43.46,348467,42.007564555468,,,,,,,41.02230114343983,#000000,,42.94010233425183,,0,,,0.0,0.0,0.0,0.0,51.66088804546537,-2.3401112695618096,False,False,False,False,True,0.0
2023-01-06 00:00:00+00:00,46.53,48.59,44.44,45.07,640628,42.32739180470971,,,,,,,41.25090675329314,#000000,,43.52061222748476,,0,,,0.0,0.0,0.0,0.0,52.609981925117964,-1.7297160339934479,False,False,False,False,True,0.0
2023-01-13 00:00:00+00:00,52.44,52.5,46.93,46.94,629192,42.867301724453355,,,,,,,41.62401609564333,"rgba(38, 166, 154, 0.5)",,44.40503711263618,,0,,,0.0,0.0,0.0,0.0,55.23633109290847,0.9410873745811443,False,False,True,False,True,0.2420744315214023
2023-01-20 00:00:00+00:00,52.79,52.885,48.89,52.0,645824,43.409225462247896,,,,,,,42.00919338565607,"rgba(38, 166, 154, 0.5)",,45.124700074311406,,0,,,0.0,0.0,0.0,0.0,57.21619871244795,2.913829444876228,False,False,True,False,True,0.5167642974709352
2023-01-27 00:00:00+00:00,52.69,53.695,50.43,52.75,668323,43.948562828539636,,,,,,,42.40321803402609,"rgba(38, 166, 154, 0.5)",,45.7588282595992,,0,,,0.0,0.0,0.0,0.0,58.578774747992334,4.2636586246423605,False,False,True,False,True,0.4359534503423248
2023-02-03 00:00:00+00:00,52.41,55.0,50.19,52.01,814074,44.541020204533986,,,52.53333333333333,,,,44.78771894841941,"rgba(38, 166, 154, 0.5)",,48.566397558411644,,0,,,0.0,0.0,0.0,0.0,59.398982336757356,5.096675488868911,False,False,True,False,True,0.2060154124137945
2023-02-10 00:00:00+00:00,51.79,53.1939,50.55,52.1,430437,44.79814666246431,,,52.295133781943264,,,,44.902541215154244,"rgba(38, 166, 154, 0.5)",,48.69060744059126,,0,,,0.0,0.0,0.0,0.0,59.63208684844888,5.394062743600784,False,False,True,False,True,0.0
2023-02-17 00:00:00+00:00,53.68,54.44,51.23,51.88,568724,45.1678907356911,,,52.552808858991426,,,,45.18737467467578,"rgba(38, 166, 154, 0.5)",,49.03855638044388,,0,,,0.0,0.0,0.0,0.0,60.49860790871844,6.3286315351653855,False,False,True,False,True,1.260531466367219
2023-02-24 00:00:00+00:00,50.7,52.84,48.7583,52.71,457967,45.36133875993378,,,52.19253544604721,,,,45.247917619597075,"rgba(38, 166, 154, 0.5)",,49.04580447673403,,0,,,0.0,0.0,0.0,0.0,59.43042409702231,6.3286315351653855,False,False,True,False,True,0.0
2023-03-03 00:00:00+00:00,37.17,52.015,28.795,51.59,4106011,43.933940610994306,,,43.90876027142264,,,,42.96174213254393,#000000,,43.55646678741125,,0,,,0.0,0.0,0.0,0.0,53.570181359760404,7.892516287082763,True,False,False,False,False,0.0
2023-03-10 00:00:00+00:00,32.71,40.84,31.8,37.18,2059389,42.99884505668043,,,41.76259516174877,,,,42.03506086630156,#000000,,41.839700476239116,,0,,,0.0,0.0,0.0,0.0,48.27321569812847,2.9793897902250066,True,False,False,False,False,0.0
2023-03-17 00:00:00+00:00,34.15,34.83,31.0,31.88,1758288,42.19577532520165,,,40.307670994664974,,,,41.29207515475673,"rgba(239, 83, 80, 0.5)",,40.59185299831887,,0,,,0.0,0.0,0.0,0.0,45.10984783820096,0.20936150047851498,True,False,False,True,False,0.0
2023-03-24 00:00:00+00:00,33.44,34.99,33.13,34.68,909371,41.85228605336441,,,39.779100251107806,,,,40.98909892847265,"rgba(239, 83, 80, 0.5)",,40.12716884439573,,0,,,0.0,0.0,0.0,0.0,42.66595495732615,-1.8794102810267077,False,False,False,True,False,0.0
2023-03-31 00:00:00+00:00,35.67,35.7534,33.25,33.83,572746,41.67633032620691,,,39.539350159300234,,,,40.839771212194954,"rgba(239, 83, 80, 0.5)",,39.91449098741255,,0,,,0.0,0.0,0.0,0.0,41.91993479512985,-2.3979715420487935,False,False,False,True,False,0.0
2023-04-07 00:00:00+00:00,32.59,35.92,32.32,35.65,856574,41.38250705247532,,,39.13412461495242,,,,40.585717349837225,"rgba(239, 83, 80, 0.5)",,39.547148129327454,,0,,,0.0,0.0,0.0,0.0,40.52360698345422,-3.6325721687934873,False,False,False,True,False,0.0
2023-04-14 00:00:00+00:00,32.0,33.925,31.8,32.24,1393336,40.88983835301937,,,38.477908709127796,,,,40.15775833634525,"rgba(239, 83, 80, 0.5)",,38.9401489645372,,0,,,0.0,0.0,0.0,0.0,39.364882498700304,-4.695416233070802,False,False,False,True,False,0.0
2023-04-21 00:00:00+00:00,30.87,33.58,29.42,32.34,1495937,40.345969286403836,,,37.78071877329578,,,,39.682566291346674,"rgba(239, 83, 80, 0.5)",,38.28336927961847,,0,,,0.0,0.0,0.0,0.0,38.22106968811505,-5.796076165965857,False,False,False,True,False,0.0
2023-04-28 00:00:00+00:00,30.46,31.25,28.64,30.84,794014,40.04734561152846,,,37.40546970119426,,,,37.86939581075139,"rgba(239, 83, 80, 0.5)",,35.464428516617225,,0,,,-1.0,0.0,28.64,92.0,37.286275326992026,-6.740192134513393,False,False,False,True,False,0.0
2023-05-05 00:00:00+00:00,30.65,30.78,28.775,30.4,703504,39.795743744423326,,,37.100411113632724,,,,37.68181416236038,"rgba(239, 83, 80, 1.0)",,35.243034293165266,,0,,,0.0,0.0,0.0,0.0,36.72552915874107,-7.370745798286492,False,True,False,True,False,0.0
2023-05-12 00:00:00+00:00,35.31,36.16,29.21,30.84,924848,39.59568539215239,,,36.91692544421419,,,,37.765390526944465,"rgba(239, 83, 80, 0.5)",,35.45074691402818,,0,,,0.0,0.0,0.0,0.0,38.75251879165856,-7.370745798286492,False,False,False,True,False,0.0
2023-05-19 00:00:00+00:00,36.78,39.855,35.38,35.38,1044892,39.5167256771437,,,36.94023529711911,,,,38.02448861280928,"rgba(239, 83, 80, 0.5)",,35.92740753835312,,0,,,0.0,0.0,0.0,0.0,40.88275050064391,-7.370745798286492,False,False,False,True,True,0.0
2023-05-26 00:00:00+00:00,35.84,37.91,35.06,36.96,935866,39.41809844503312,,,36.90859749208504,,,,38.07456373785552,"rgba(239, 83, 80, 0.5)",,36.07677707210465,,0,,,0.0,0.0,0.0,0.0,42.03068938117484,-7.370745798286492,False,False,False,True,True,0.0
2023-06-02 00:00:00+00:00,36.46,37.85,34.735,36.08,1186481,39.3042592255404,,,36.876961842999904,,,,38.09528777876094,"rgba(239, 83, 80, 0.5)",7.723731204004428,36.19613749119466,0.0341625701148866,0,,,0.0,0.0,0.0,0.0,43.15933724665861,-12.624635497021337,False,False,False,True,True,0.0
2023-06-09 00:00:00+00:00,42.92,43.23,36.47,36.47,1391398,39.36965248988177,,,37.125157646914694,,,,38.38767750243495,#000000,6.996726794568858,36.71465087819709,0.8868931579005992,0,,,0.0,0.0,0.0,0.0,46.73729926513222,-9.111621209867685,True,False,False,False,True,0.0
2023-06-16 00:00:00+00:00,41.99,43.99,41.47,42.9,1172015,39.47525177162281,,,37.391525833725254,,,,38.65328078072884,#000000,6.705793332351973,37.16478078814905,0.7195597855024507,0,,,0.0,0.0,0.0,0.0,48.864165492490365,-7.05940420368816,True,False,False,False,True,0.0
2023-06-23 00:00:00+00:00,40.03,42.6,39.68,41.55,803943,39.50468763044223,,,37.50293359693664,,,,38.74978451558616,#000000,6.552578085575748,37.344288438289375,0.4098709739335588,0,,,0.0,0.0,0.0,0.0,49.4952070057491,-6.427470306647848,True,False,False,False,True,0.0
2023-06-30 00:00:00+00:00,42.12,42.58,39.62,39.62,654062,39.53983369149999,,,37.60579762897293,,,,38.83664151520275,#000000,6.521764537660391,37.49911423119408,0.7085330575984901,0,,,0.0,0.0,0.0,0.0,50.80588826506005,-5.095241864366507,True,False,False,False,True,0.0
2023-07-07 00:00:00+00:00,42.86,44.14,41.43,41.94,530244,39.58728027751788,,,37.71374176998301,,,,38.92897865658669,#000000,6.522124923175995,37.653528409908006,0.7982784217442841,0,,,0.0,0.0,0.0,0.0,52.04126337252677,-3.8187241128553637,True,False,False,False,True,0.0
2023-07-14 00:00:00+00:00,44.54,45.5,41.8803,42.65,664490,39.66560629995245,,,37.87232822532106,,,,39.064570390359656,#000000,6.529064880686681,37.872140209510306,1.0212580074389481,0,,,0.0,0.0,0.0,0.0,53.59742725056887,-2.2246008055880893,True,False,False,False,True,0.0
2023-07-21 00:00:00+00:00,42.59,45.9599,42.36,44.32,901431,39.759529686044274,,,38.06385477429657,43.63663333333333,,,39.8525379917315,#000000,6.513612003591656,39.22758602920011,0.5162134264285055,0,,,0.0,0.0,0.0,0.0,53.701320400199826,-2.0063574361996004,True,False,False,False,True,0.0
2023-07-28 00:00:00+00:00,40.1,43.47,39.46,42.57,723921,39.782839086204284,,,38.14042471868605,42.4667482688673,,,39.72938995605953,#000000,6.511581775976187,39.02169261856058,0.16559837817252443,0,,,0.0,0.0,0.0,0.0,52.581704165277124,-2.0063574361996004,True,False,False,False,True,0.0
2023-08-04 00:00:00+00:00,37.07,40.97,36.44,40.19,830348,39.74886761207394,,,38.14099138022058,41.01050369031233,,,39.50169496954976,#000000,6.522970616035123,38.6610522973116,-0.24391529426798075,0,,,0.0,0.0,0.0,0.0,50.477686117552054,-2.0063574361996004,True,False,False,False,True,0.0
2023-08-11 00:00:00+00:00,39.07,43.05,36.18,37.26,1289330,39.738934221996004,,,38.19658206573013,40.46751923989037,,,39.438958042363524,#000000,6.507424690928669,38.89683417026144,0.026610500768445393,0,,,0.0,0.0,0.0,0.0,49.92804961647388,-2.0063574361996004,True,False,False,False,False,0.0
2023-08-18 00:00:00+00:00,39.5,41.1,38.12,38.85,874010,39.735474068264175,,,38.235589715790674,40.2983223019574,,,39.42666603980279,#000000,6.41088116387266,38.90123461387187,0.093398297491827,0,,,0.0,0.0,0.0,0.0,49.73881038290856,-2.0063574361996004,True,False,False,False,False,0.0
2023-08-25 00:00:00+00:00,38.43,40.67,37.31,39.51,843789,39.717042671303595,,,38.250705968611705,40.067406187459525,,,39.388066378495985,#000000,6.290136270885256,38.80883270419351,-0.06022647012386546,0,,,0.0,0.0,0.0,0.0,49.10291095612479,-2.0063574361996004,True,False,False,False,False,0.0
2023-09-01 00:00:00+00:00,38.85,39.48,36.88,38.52,662278,39.696965886210165,,,38.25383023846697,39.887478091234435,,,39.35163354012036,#000000,6.2650233047458785,38.72741500712094,0.019566566142890766,0,,,0.0,0.0,0.0,0.0,48.869745525071295,-2.0063574361996004,True,False,False,False,False,0.0
2023-09-08 00:00:00+00:00,33.85,39.28,33.85,38.55,832602,39.620866318550206,,,38.18875438057709,39.381592215047604,,,39.21283918253495,#000000,6.130370583863218,38.39441180901265,-0.7412947956155804,0,,,0.0,0.0,0.0,0.0,46.51982379927343,1.3403614743450873,False,False,False,False,False,0.0
2023-09-15 00:00:00+00:00,32.86,35.405,31.61,34.12,2007681,39.345679452074464,,,37.909394555629895,38.01783360388858,,,38.76684673446034,"rgba(239, 83, 80, 0.5)",6.09937088765925,37.4601380477318,-0.754198774342315,0,,,0.0,0.0,0.0,0.0,44.46408888085804,-0.752071800039225,False,False,False,True,False,0.0
2023-09-22 00:00:00+00:00,30.0,33.16,29.36,32.89,1149059,39.13916013896459,,,37.68588141615574,37.202390834534505,,,38.45996842899986,"rgba(239, 83, 80, 1.0)",6.088386679602431,36.879648487788636,-1.129962476075497,0,,,0.0,0.0,0.0,0.0,41.96925160286058,-3.2133173325458912,False,True,False,True,False,0.0
2023-09-29 00:00:00+00:00,29.26,30.56,28.61,29.92,845427,38.96957617366396,,,37.49925667398711,36.60644104403797,,,38.21870361619434,"rgba(239, 83, 80, 1.0)",6.154009937130932,36.44612319364081,-1.1677139405125916,0,,,0.0,0.0,0.0,0.0,39.93505110120435,-5.185826174510673,False,True,False,True,False,0.0
2023-10-06 00:00:00+00:00,27.54,29.13,26.64,28.99,1034018,38.73422015696344,,,37.2360550202095,35.844633486336186,,,37.89308387860741,"rgba(239, 83, 80, 1.0)",6.285535590358042,35.87951718340027,-1.3267790888326234,0,,,0.0,0.0,0.0,0.0,37.90505509832277,-7.133810386600359,False,True,False,True,False,0.0
2023-10-13 00:00:00+00:00,24.97,29.04,24.35,27.15,606407,38.580652202838024,,,37.0624510424148,35.3766219825992,,,37.68478090639156,"rgba(239, 83, 80, 1.0)",6.495121986662112,35.52527255958107,-1.625107670226452,0,,,0.0,0.0,0.0,0.0,35.6587410698796,-9.27200656608607,False,True,False,True,False,0.0
2023-10-20 00:00:00+00:00,26.18,28.42,25.25,25.42,1424541,38.24800741847072,,,36.69278218144994,34.48684971238654,,,37.25578212950289,"rgba(239, 83, 80, 1.0)",6.674296839840604,34.84299050609554,-1.2979630235179096,0,,,0.0,0.0,0.0,0.0,34.87505430677328,-10.009264799415007,False,True,False,True,False,0.0
2023-10-27 00:00:00+00:00,22.27,26.7801,21.96,25.98,956136,37.9809425372226,,,36.39063117012481,33.79648440076253,,,35.258348760416624,"rgba(239, 83, 80, 1.0)",6.9576537077607625,31.351963776795877,-1.305319890621403,0,,,0.0,0.0,0.0,0.0,33.144585433900374,-11.689484326657663,False,True,False,True,False,0.0
2023-11-03 00:00:00+00:00,25.39,25.64,22.16,22.87,775789,37.781979644698424,,,36.16901149748132,33.33368164432674,,,35.08448676017994,"rgba(239, 83, 80, 1.0)",7.130179755893348,31.119691911491323,-0.8035830943470292,0,,,0.0,0.0,0.0,0.0,33.86478637923013,-11.689484326657663,False,True,False,True,False,0.0
2023-11-10 00:00:00+00:00,25.77,27.99,24.19,25.24,1355904,37.48748624635584,,,35.85035913815607,32.75128473642912,,,34.893363878611396,"rgba(239, 83, 80, 1.0)",7.281923411886213,30.942787757959866,-0.710360088313532,0,,,0.0,0.0,0.0,0.0,34.60708025562874,-11.689484326657663,False,True,False,True,False,0.0
2023-11-17 00:00:00+00:00,31.26,31.48,25.07,25.11,1211898,37.30816270747867,,,35.67136576262568,32.52104947089524,,,34.88755538136868,"rgba(239, 83, 80, 0.75)",7.321343602382292,31.097987167581557,0.022128838805725068,0,,,0.0,0.0,0.0,0.0,38.0599310126655,-11.689484326657663,False,True,False,True,True,0.0
2023-11-24 00:00:00+00:00,31.63,32.9851,30.95,31.32,660346,37.244083661505385,,,35.61562802046522,32.497883652540274,,,34.936376121235085,"rgba(239, 83, 80, 0.75)",7.3058568384648845,31.27495068364874,0.048597902231254576,0,,,0.0,0.0,0.0,0.0,40.70128289304604,-14.617750131406815,False,True,False,True,True,0.0
2023-12-01 00:00:00+00:00,32.1,32.73,30.4501,31.57,872160,37.16027136282737,,,35.54266186211556,32.465475881788564,,,34.966194868169126,"rgba(239, 83, 80, 0.75)",7.332366435847947,31.43667038849999,0.09046596583839449,8,0.4028855100539897,3.2230840804319176,0.0,0.0,0.0,0.0,42.81981538888277,-12.625200261314475,False,True,False,True,True,0.0
2023-12-08 00:00:00+00:00,31.79,32.8843,30.9,32.03,711751,37.09495696106268,,,35.48662266941526,32.44445862046121,,,34.97692231670837,"rgba(239, 83, 80, 0.5)",7.351984172948092,31.538438959050367,0.034216754964633944,8,0.4135383771969653,3.3083070175757223,0.0,0.0,0.0,0.0,44.185054526911955,-11.345999716947482,False,False,False,True,True,0.0
2023-12-15 00:00:00+00:00,32.25,33.9516,28.92,31.66,1610984,36.94881220990623,,,35.36084725009999,32.39090938620604,,,34.96039120550978,"rgba(239, 83, 80, 0.5)",7.38148874849404,31.050546970371506,0.16249473114393137,8,0.4192246364577413,3.35379709166193,1.0,0.0,33.9516,113.0,45.412167984313655,-10.16544460245975,False,False,False,True,True,0.0
2023-12-22 00:00:00+00:00,31.84,33.49,30.3843,32.43,1054690,36.860799976217514,,,35.2871540764025,32.3688417770528,,,34.94294861882109,#000000,7.406090802371582,31.161301987233998,0.09164052006338745,8,0.4190513362761259,3.352410690209007,0.0,0.0,0.0,0.0,46.069607582499756,-9.492454766924617,False,False,False,False,True,0.0
2023-12-29 00:00:00+00:00,32.13,33.3,31.6848,32.13,694333,36.80981811758155,,,35.2467938577173,32.36892181126147,,,34.9377290392526,#000000,7.441221485024429,31.256464266146725,0.1173914438121861,8,0.41732372369936327,3.338589789594906,0.0,0.0,0.0,0.0,46.71614309937722,-8.782463786446286,False,False,False,False,True,0.0
2024-01-05 00:00:00+00:00,28.64,32.75,28.51,31.76,800243,36.7214064840327,,,35.163874379371514,32.29118385357652,,,34.870609183517544,"rgba(239, 83, 80, 0.5)",7.5234561087189045,31.142200741179224,-0.3325866071418204,8,0.4133917193731037,3.3071337549848296,0.0,0.0,0.0,0.0,45.34845834911005,-8.782463786446286,False,False,False,True,True,0.0
2024-01-12 00:00:00+00:00,27.97,29.78,27.41,28.64,924938,36.59877592158401,,,35.043053643193,32.15040914604631,,,34.75330041067966,"rgba(239, 83, 80, 0.5)",7.605839878162848,30.914147338702982,-0.387090365543447,8,0.4102187709886687,3.2817501679093497,0.0,0.0,0.0,0.0,44.05374669243879,-8.782463786446286,False,False,False,True,True,0.0
2024-01-19 00:00:00+00:00,28.26,28.34,25.9786,27.59,1233008,36.42425203096336,27.526200000000003,,34.868559993143,31.938348216771647,,,34.576895035736584,"rgba(239, 83, 80, 1.0)",7.637045433605522,29.50071359355012,-0.16245989425315832,8,0.40678663094563733,3.2542930475650986,0.0,-1.0,25.9786,144.0,43.33444802799391,-8.782463786446286,False,True,False,True,False,0.0
2024-01-26 00:00:00+00:00,30.5,31.65,28.8,28.8,825419,36.34660131801472,28.645163269299,,34.798905822556065,31.89004620095838,,,34.525442390363665,"rgba(239, 83, 80, 0.5)",7.64844927578946,29.792850751403268,0.09245655205365026,8,0.4054170171896622,3.2433361375172978,0.0,0.0,0.0,0.0,44.347124671858836,-8.782463786446286,False,False,False,True,False,0.0
2024-02-02 00:00:00+00:00,31.25,32.0,29.2,30.49,675271,36.28967596593148,29.18156241457542,,34.7496697980614,31.864513249535573,,,34.49253745060821,"rgba(239, 83, 80, 0.5)",7.669716703132281,29.95568491522692,0.1687565701409135,8,0.4052626143514878,3.2421009148119024,0.0,0.0,0.0,0.0,45.552228861768754,-8.782463786446286,False,False,False,True,False,0.0
2024-02-09 00:00:00+00:00,33.53,33.93,29.915,30.66,762486,36.24565378501173,29.896196412889022,,34.71812141326958,31.880045888470466,,,34.48649097583504,#000000,7.6797732464648405,30.231603624696724,0.429491375519661,8,0.4099158446557851,3.279326757246281,0.0,0.0,0.0,0.0,47.79001661934696,-7.287056380445534,True,False,False,False,True,0.0
2024-02-16 00:00:00+00:00,33.68,35.5,31.41,33.65,723920,36.21634878923809,30.519541973278383,,34.70279052172785,31.920028149383356,,,34.4981520357396,#000000,7.663627320773872,30.508718279105704,0.4138094910092862,8,0.41607639418637044,3.3286111534909635,0.0,0.0,0.0,0.0,49.47582728415492,-5.594493286461436,True,False,False,False,True,0.0
2024-02-23 00:00:00+00:00,32.29,33.74,31.75,32.97,464235,36.19144934074853,30.725062225342782,,34.68547858223867,31.93033101032215,,,34.494296714573366,#000000,7.655400985725846,30.60900876874783,0.21958238822323234,8,0.417181893624431,3.337455148995448,0.0,0.0,0.0,0.0,49.74174808267364,-5.258721444107849,True,False,False,False,True,0.0
2024-03-01 00:00:00+00:00,38.02,42.72,31.78,32.09,1317651,36.21661391154622,32.2138664175715,,34.74969843237734,32.16244066806411,,,34.628111012601366,#000000,7.650471887936594,32.91831214058802,0.6668461676797242,8,0.42715343869690187,3.417227509575215,0.0,0.0,0.0,0.0,52.945320013158664,-2.0987328117791932,True,False,False,False,True,0.0
2024-03-08 00:00:00+00:00,37.47,38.61,36.01,38.45,849549,36.23058764519305,32.85236887210304,,34.78750285088362,32.298368617448226,,,34.70410810893405,"rgba(38, 166, 154, 1.0)",7.639020443311651,33.24675794717152,0.5528512568029772,9,0.43778614717231584,3.9400753245508424,0.0,0.0,0.0,0.0,54.86081320973308,-0.24254828665375783,True,False,True,False,True,0.0
2024-03-15 00:00:00+00:00,37.6,41.77,37.45,37.99,2121747,36.31061073964028,34.29179842808978,,34.93228005040079,32.705326753399774,,,34.94265347313463,"rgba(38, 166, 154, 1.0)",7.638202804985613,34.26468133457233,0.4366627530825235,9,0.4456650393665957,4.010985354299361,0.0,0.0,0.0,0.0,56.291178820027525,1.1439260261306288,True,False,True,False,True,0.0
2024-03-22 00:00:00+00:00,38.11,40.0,36.2,37.54,918083,36.333232509898586,34.645572046323075,,34.979408136552294,32.8447490259049,,,35.02010748630037,"rgba(38, 166, 154, 1.0)",7.628103487159231,34.49680345295754,0.47366905196353604,9,0.4502507214154986,4.052256492739487,0.0,0.0,0.0,0.0,57.56696263164018,2.3967619607942225,True,False,True,False,True,0.0
2024-03-29 00:00:00+00:00,39.17,39.61,37.08,38.11,745885,36.356438268293836,34.92425921448022,,35.02284172768364,32.96344625833043,,,35.087334218031444,"rgba(38, 166, 154, 1.0)",7.623532126914013,34.69979432090092,0.5863693632663433,9,0.4529608983855788,4.076648085470209,0.0,0.0,0.0,0.0,59.005518021752806,3.8198612702028996,True,False,True,False,True,0.0
2024-04-05 00:00:00+00:00,44.36,45.1599,38.57,39.26,1373140,36.472711785989404,35.812869346467735,,35.18776100009089,33.318291301963384,,,35.31079366829027,"rgba(38, 166, 154, 1.0)",7.631235947740713,35.46839799988017,1.1651588367874093,9,0.45250547642278277,4.072549287805045,0.0,0.0,0.0,0.0,62.14745427938476,6.859165213699619,True,False,True,False,True,3.8998651775903816
2024-04-12 00:00:00+00:00,44.66,45.65,43.32,44.68,950903,36.57392234308377,36.45337811626928,,35.32495569041818,33.59470824297302,,,35.48907784611437,"rgba(38, 166, 154, 1.0)",7.655064801627556,36.03507687757673,1.126694985075699,9,0.45034005552998074,4.053060499769827,0.0,0.0,0.0,0.0,64.49545975748839,9.082815793360993,True,False,True,False,True,4.1340319796465685
2024-04-19 00:00:00+00:00,40.2,45.02,35.6,44.6,3585869,36.74097073991262,37.281185064858434,,35.584261377761614,34.16219651401533,,,35.82616507516127,"rgba(38, 166, 154, 1.0)",7.563132662837251,38.305009819912755,0.2505562528869297,9,0.45006651848600854,4.050598666374077,0.0,0.0,0.0,0.0,62.92235909665049,9.082815793360993,True,False,True,False,True,0.3684507774454957
2024-04-26 00:00:00+00:00,43.11,43.6,38.635,40.33,1385798,36.827426179677694,37.62896685948105,,35.707276194045036,34.40444883301308,,,35.976905355492455,"rgba(38, 166, 154, 1.0)",7.551426493722236,38.637150854047604,0.5923184380687319,9,0.44927954572585066,4.043515911532656,0.0,0.0,0.0,0.0,62.98850502900855,9.082815793360993,True,False,True,False,True,2.6602562071594242
2024-05-03 00:00:00+00:00,44.51,45.671,42.44,43.27,1637789,36.974040329871684,38.17945310388755,,35.902099091745285,34.75944260165379,,,36.20850725623434,"rgba(38, 166, 154, 1.0)",7.524443693782346,39.23990059679669,0.7003972144223949,9,0.4478001873940128,4.030201686546115,0.0,0.0,0.0,0.0,63.559364325214545,9.082815793360993,True,False,True,False,True,3.73459928403377
2024-05-10 00:00:00+00:00,43.89,47.94,40.475,44.88,2360551,37.1724594826355,38.81688383522171,,36.16431921335063,35.22287958780339,,,36.512713889922,"rgba(38, 166, 154, 1.0)",7.4869697210289035,39.85045047600872,0.5395439910282079,9,0.44641218068796396,4.017709626191675,0.0,0.0,0.0,0.0,63.53902839572964,9.082815793360993,True,False,True,False,True,3.2097141172568158
2024-05-17 00:00:00+00:00,47.99,49.15,42.93,44.1,1278432,37.31382023155278,39.250548554405505,,36.34351676367719,35.52289613755254,,,36.71677142498135,"rgba(38, 166, 154, 1.0)",7.55652517263621,40.30143975568346,1.017472987737599,9,0.44431960973446366,3.998876487610173,0.0,0.0,0.0,0.0,64.98934276685549,9.784176490750006,True,False,True,False,True,6.300155590243573
2024-05-24 00:00:00+00:00,48.56,49.97,45.85,47.96,1015282,37.43987535026956,39.62255087651947,,36.50070491887741,35.77944444727797,48.126666666666665,,38.14210928703775,"rgba(38, 166, 154, 1.0)",7.636002711196836,43.193512864344925,0.7027874843189986,9,0.43989154996267205,3.9590239496640485,0.0,0.0,0.0,0.0,66.20899523241042,11.097884258625811,True,False,True,False,True,6.717151116967283
2024-05-31 00:00:00+00:00,47.01,49.17,45.4,49.08,1222943,37.57494025024601,39.98637709466258,,36.66980327629914,36.05259505478343,47.61670298264621,,38.25306064570967,"rgba(38, 166, 154, 1.0)",7.685128301401938,43.333127192582694,0.47844000297907335,9,0.43746987569475304,3.9372288812527776,0.0,0.0,0.0,0.0,65.96554084475184,11.097884258625811,True,False,True,False,True,5.363627182870683
2024-06-07 00:00:00+00:00,43.89,48.33,43.75,47.57,876437,37.65108171191829,40.16406419371616,,36.76678016701389,36.20891414442083,46.971370033088654,,38.27618370880809,"rgba(38, 166, 154, 1.0)",7.679179214304445,43.27647475431769,0.07989463828887632,9,0.43641914308335394,3.9277722877501855,0.0,0.0,0.0,0.0,63.768874045411025,11.097884258625811,True,False,True,False,True,2.7195164901894415
2024-06-14 00:00:00+00:00,47.95,48.445,43.07,43.42,1000141,37.74908132375494,40.395546996099974,,36.88953325416288,36.4029713242577,46.85396348703287,,38.38271247145865,"rgba(38, 166, 154, 1.0)",7.703772921447338,43.399712606151276,0.5906569988817696,9,0.4333113421001743,3.8998020789015686,0.0,0.0,0.0,0.0,63.763972338682606,11.097884258625811,True,False,True,False,True,5.745145578087609
2024-06-21 00:00:00+00:00,46.33,49.66,45.65,47.39,1144879,37.86771649576204,40.669719808624116,,37.03662972451448,36.63164411881715,46.932187796080946,,38.533856192278954,"rgba(38, 166, 154, 0.75)",7.573696654145124,43.60595110569071,0.35967229989577215,8,0.4708113163560643,3.7664905308485146,0.0,0.0,0.0,0.0,62.792984365004486,11.097884258625811,True,False,True,False,False,4.392031361142607
2024-06-28 00:00:00+00:00,44.56,49.24,44.39,46.15,1988984,38.04238893075543,41.021931687725,,37.254673750740714,36.96596369152358,46.69378011876024,,38.71536459410858,"rgba(38, 166, 154, 0.75)",7.404106401423714,43.75380779109476,0.10888447102140834,8,0.46933226668222267,3.7546581334577813,0.0,0.0,0.0,0.0,61.089783107288,15.686338152872736,True,False,True,False,False,2.9359420932242166
2024-07-05 00:00:00+00:00,40.29,45.13,39.75,44.7,1272811,38.09191700037339,41.050066500281595,,37.32269788655397,37.07148270273462,45.951368991744815,,38.69427839793232,"rgba(38, 166, 154, 0.75)",7.188870595054029,43.51599202271462,-0.4487481002835294,8,0.469612414401026,3.756899315208208,0.0,0.0,0.0,0.0,57.73921082702822,12.393808869818486,True,False,True,False,False,0.0
2024-07-12 00:00:00+00:00,37.46,41.0,36.8,40.76,1927668,38.098469139705045,40.8994407254537,,37.34742546348513,37.11530949017072,44.56197502682436,,38.555514432997974,"rgba(38, 166, 154, 0.75)",6.960434145618758,42.92235575680896,-0.7847722774946787,8,0.47180250628950465,3.7744200503160372,0.0,0.0,0.0,0.0,54.142085722524754,8.965112619784449,True,False,True,False,False,0.0
2024-07-19 00:00:00+00:00,33.95,40.84,33.82,38.0,2321413,38.05396108213235,40.596452518924195,,37.31719757697328,37.08096054759523,43.042553597501374,,38.34718486242485,#000000,6.743950442253235,42.16057188725058,-1.2174721563504447,9,0.43661199355450137,3.9295079419905123,0.0,0.0,0.0,0.0,50.25855193706891,5.347553134654184,False,False,False,False,False,0.0
2024-07-26 00:00:00+00:00,31.67,35.3,29.14,34.29,4763482,37.77731084358139,39.59570124267814,,37.045636621671896,36.71907496217871,40.05257842412055,,37.73422354234853,#000000,6.463635763197003,40.36450317806046,-1.3451412636160112,9,0.43515161939735475,3.9163645745761926,0.0,0.0,0.0,0.0,46.717544640320554,2.1243156044212625,False,False,False,False,False,0.0
2024-08-02 00:00:00+00:00,29.15,32.9,28.38,31.78,2163753,37.62114450202347,39.1190345620835,,36.888079335215195,36.51154928445819,38.96407278326392,,37.455073869436504,"rgba(239, 83, 80, 1.0)",6.29175920915176,39.62590588770011,-1.6650201540552034,9,0.4317690112436084,3.8859211011924755,0.0,0.0,0.0,0.0,43.40170733186366,-0.8513751700550927,False,True,False,True,False,0.0
2024-08-09 00:00:00+00:00,32.46,33.21,26.5,27.07,3075960,37.42621781764002,38.557423390047674,,36.69431960228099,36.26301576512235,37.85102896837718,,37.13779724355506,"rgba(239, 83, 80, 1.0)",6.303592120499363,36.85085867409033,-0.6965645286298272,8,0.43238095176824864,3.459047614145989,0.0,0.0,0.0,0.0,42.75406697589075,-1.292968589889405,False,True,False,True,False,0.0
2024-08-16 00:00:00+00:00,32.97,34.3,31.72,32.23,1615660,37.36143049491208,38.36867438094884,,36.63426689411402,36.190973693923176,37.52945505446701,,37.041054783542045,"rgba(239, 83, 80, 1.0)",6.3018550021774145,36.8310088563144,-0.6126781487324517,8,0.4323285144274112,3.4586281154192897,0.0,0.0,0.0,0.0,42.545288627734195,-1.4255897559347162,False,True,False,True,False,0.0
2024-08-23 00:00:00+00:00,32.32,34.26,31.76,32.93,1455189,37.30186194318478,38.20288725966023,,36.578700661282355,36.12453384796477,37.262035391697395,,36.95528798451603,"rgba(239, 83, 80, 1.0)",6.31248323376598,36.723325334760894,-0.697558341415808,7,0.395267602504969,2.766873217534783,0.0,0.0,0.0,0.0,42.153718305194104,-1.8316432591621492,False,True,False,True,False,0.0
2024-08-30 00:00:00+00:00,32.9,34.555,31.39,32.58,1248683,37.25382542392075,38.07245230704799,,36.5343384818216,36.072319229697854,37.06322426830117,,36.8884724998014,"rgba(239, 83, 80, 1.0)",6.315672862942772,35.16158245728915,-0.35809050062725584,7,0.39500457198261196,2.7650320038782836,0.0,0.0,0.0,0.0,42.192339553243784,-1.895977322380432,False,True,False,True,False,0.0
2024-09-06 00:00:00+00:00,28.96,33.04,28.84,31.99,1276750,37.17602488321957,37.87956635020604,,36.457158492130795,35.97656652799462,36.7579556429874,,36.778833336171466,"rgba(239, 83, 80, 1.0)",6.366672549405331,34.61564787055745,-0.888320834261487,7,0.39213891495637626,2.744972404694634,0.0,0.0,0.0,0.0,40.7561750291447,-3.4247968080757545,False,True,False,True,False,0.0
2024-09-13 00:00:00+00:00,29.16,29.85,26.0,29.18,3003331,36.9499878907462,37.35448651048817,,36.22808454014751,35.6905997680425,35.95179674239183,,36.4673278684902,"rgba(239, 83, 80, 1.0)",6.402528548926576,33.570922435832614,-0.6889344424043423,7,0.3899800564781764,2.729860395347235,0.0,0.0,0.0,0.0,39.84785521502105,-4.445304152380068,False,True,False,True,False,0.0
2024-09-20 00:00:00+00:00,28.82,30.21,28.15,29.66,2914930,36.75890891754178,36.93398781300202,,36.0370593146489,35.45816130005989,35.3659086283164,,36.21790762912753,"rgba(239, 83, 80, 1.0)",6.438402801210147,33.12755326275029,-0.6690406605098786,6,0.4048437751526062,2.4290626509156374,0.0,0.0,0.0,0.0,39.07256030929004,-5.353263080632843,False,True,False,True,False,0.0
2024-09-27 00:00:00+00:00,27.29,29.5,26.61,28.96,2819150,36.55387442448726,36.50707659319363,,35.83009366659843,35.207036429945674,34.79110670555625,,35.95606722549983,"rgba(239, 83, 80, 1.0)",6.488139943614653,32.62592286702844,-0.8224118026738662,6,0.4022439937381119,2.4134639624286716,0.0,0.0,0.0,0.0,37.94847385730449,-6.604543456551113,False,True,False,True,False,0.0
2024-10-04 00:00:00+00:00,22.55,27.1963,21.17,27.0,6694062,35.88820366251204,35.221601808045826,,35.143687382689734,34.3713541397381,33.08672575900507,,35.11897815149026,"rgba(239, 83, 80, 1.0)",6.637064699083463,30.843506783307273,-1.249574497059303,6,0.3953144915327263,2.371886949196358,0.0,0.0,0.0,0.0,35.62549555073223,-8.982975839464693,False,True,False,True,False,0.0
2024-10-11 00:00:00+00:00,22.33,22.4097,19.59,22.29,3117549,35.54959351093056,34.60908964260799,,34.793623122137355,33.95056828730546,32.31307086291114,,34.705479092113364,"rgba(239, 83, 80, 1.0)",6.7886416054205485,26.8751281429998,-0.6695195308838572,6,0.39160370600766714,2.349622236046003,0.0,0.0,0.0,0.0,33.90255905654314,-10.73838890585482,False,True,False,True,False,0.0
2024-10-18 00:00:00+00:00,27.54,28.22,22.1318,22.43,4499089,35.23592728681838,34.08789935002622,,34.479613154552446,33.59225255035099,31.757521177809487,,34.35082131220187,"rgba(239, 83, 80, 1.0)",6.850348812056717,27.337034355915506,0.029628512306887286,6,0.390259486112779,2.341556916676674,0.0,0.0,0.0,0.0,35.87818596236341,-10.73838890585482,False,True,False,True,False,0.0
2024-10-25 00:00:00+00:00,26.53,27.89,26.005,27.33,1741164,35.1305373413441,33.92193003460634,,34.37546670441665,33.47647562776526,31.595416972468232,,34.23594117741662,"rgba(239, 83, 80, 1.0)",6.923910232007701,27.425471483837782,-0.12933031391686955,6,0.38967541651957355,2.3380524991174414,0.0,0.0,0.0,0.0,36.915627566547705,-10.73838890585482,False,True,False,True,False,0.0
2024-11-01 00:00:00+00:00,25.71,28.273,25.16,26.93,1930874,35.010859551522955,33.735970895189084,,34.256892375550805,33.34468196801511,31.4126551549129,,34.10555619273661,"rgba(239, 83, 80, 0.75)",7.010396287522421,26.187857128061626,-0.06816406783053734,6,0.3888883562254879,2.3333301373529274,0.0,0.0,0.0,0.0,37.350519616241165,-10.73838890585482,False,True,False,True,True,0.0
2024-11-08 00:00:00+00:00,20.51,28.05,19.82,25.62,4248039,34.6539403216924,33.172846722420275,,33.894641134492865,32.93043314001338,30.795595637447725,,33.7019409510103,"rgba(239, 83, 80, 0.75)",7.208008401570933,25.198334182105842,-0.6504340617977155,6,0.3823903667455724,2.2943422004734346,0.0,0.0,0.0,0.0,35.952398762340174,-10.73838890585482,False,True,False,True,True,0.0
2024-11-15 00:00:00+00:00,18.88,23.11,18.57,20.77,3672485,34.29756080329911,32.6197116508582,,33.53011389423672,32.512095549346625,30.177270058384895,,33.29731013383011,"rgba(239, 83, 80, 0.75)",7.378883494243671,24.374921059422498,-0.7446819107130683,6,0.3749559437157275,2.249735662294365,0.0,0.0,0.0,0.0,34.49321065827448,-10.73838890585482,False,True,False,True,True,0.0
2024-11-22 00:00:00+00:00,17.89,20.22,16.06,18.82,5166310,33.75360765196652,31.796428170056608,,32.97213963829842,31.874016800659003,29.258796409263606,,32.68287752718741,"rgba(239, 83, 80, 1.0)",7.573832321621341,23.263998355536877,-0.7095481029063049,6,0.36734858823320055,2.204091529399203,0.0,0.0,0.0,0.0,33.175044307509324,-11.742654783493577,False,True,False,True,False,0.0
2024-11-29 00:00:00+00:00,18.82,19.99,17.97,18.26,1916254,33.57167369784676,31.532109446699724,,32.78675839080418,31.66545062216419,28.9763301413489,,32.481747372650105,"rgba(239, 83, 80, 1.0)",7.749222749748861,23.023070847219984,-0.5423861183182788,6,0.3617438107097884,2.1704628642587305,0.0,0.0,0.0,0.0,32.84546514942609,-12.170672495233902,False,True,False,True,False,0.0
2024-12-06 00:00:00+00:00,16.96,19.7,16.59,18.69,3291061,33.24513075487263,31.06253855723067,,32.453461037709836,31.2908304586723,28.472863859229555,,32.12109338636243,"rgba(239, 83, 80, 1.0)",7.934107630470612,22.556315714779032,-0.7053491048302158,6,0.3561796113299797,2.137077667979878,0.0,0.0,0.0,0.0,32.04798911638052,-13.077776424668194,False,True,False,True,False,0.0
2024-12-13 00:00:00+00:00,16.54,17.465,15.21,17.14,3440069,32.88950355268645,30.558481192263585,,32.09005273290325,30.88340714083933,27.932484978592697,,30.19698932604111,"rgba(239, 83, 80, 1.0)",8.100951110882042,20.102020881778344,-0.43970403388726387,6,0.35505534138964107,2.1303320483378463,-1.0,0.0,15.21,168.0,31.35260373807843,-13.895226686688112,False,True,False,True,False,0.0
2024-12-20 00:00:00+00:00,17.03,18.52,15.89,16.53,4296640,32.48493905082036,30.00614428969337,,31.67903582222476,30.429339955880117,27.361205600897403,,29.844333585606627,"rgba(239, 83, 80, 1.0)",8.20659364653078,19.875382066470706,-0.3467190151023926,6,0.35530843226234876,2.1318505935740926,0.0,0.0,0.0,0.0,31.21743582829994,-14.190711177610076,False,True,False,True,False,0.0
2024-12-27 00:00:00+00:00,17.45,17.8372,16.07,16.86,1597403,32.339521131516086,29.811806425473314,,31.531655937421455,30.26775372848051,27.163416299370315,,29.709180106841707,"rgba(239, 83, 80, 1.0)",8.318883841018605,19.78313629673687,-0.2804626607757983,6,0.3564572208110695,2.138743324866417,0.0,0.0,0.0,0.0,31.44164535300552,-14.190711177610076,False,True,False,True,False,0.0
2025-01-03 00:00:00+00:00,19.2,19.99,16.82,17.29,2428618,32.14563151793999,29.56208336344912,,31.336722329076558,30.057572827148654,26.921161746137585,,29.562968403256246,"rgba(239, 83, 80, 1.0)",8.413211997097674,19.79939532535377,-0.07124452891006985,6,0.359358715706211,2.1561522942372657,0.0,0.0,0.0,0.0,32.91525528292485,-14.190711177610076,False,True,False,True,False,0.0
2025-01-10 00:00:00+00:00,21.56,22.5,19.13,19.21,3281855,31.937208459185257,29.312244581981137,,31.1305364843424,29.842573801461604,26.703760652688675,,29.456710292737853,"rgba(239, 83, 80, 0.75)",8.48481489390216,20.046986051002712,0.17832020708956833,6,0.36394673353405266,2.183680401204316,0.0,0.0,0.0,0.0,35.579872966428105,-14.190711177610076,False,True,False,True,True,0.0
2025-01-17 00:00:00+00:00,22.63,23.25,20.45,21.05,2399303,31.803923473732514,29.16071286844578,,31.000094558526996,29.709761676421376,26.58241264439423,,29.39406760569525,"rgba(239, 83, 80, 0.75)",8.514570018186165,20.249163532099434,0.2796191073436904,6,0.3719407887304384,2.2316447323826303,0.0,0.0,0.0,0.0,38.16700877787212,-16.15602364361729,False,True,False,True,True,0.0
2025-01-24 00:00:00+00:00,23.52,24.79,21.55,22.64,2082417,31.704828656190767,29.05537206348618,,30.90448570948327,29.615417680798355,26.508544704194513,23.286666666666665,28.806794245341834,"rgba(239, 83, 80, 0.75)",8.521219011470224,20.690014727544582,0.3321103786495848,6,0.37816638205447894,2.2689982923268737,0.0,1.0,24.79,188.0,40.578332081677175,-13.855182983448557,False,True,False,True,True,0.0
2025-01-31 00:00:00+00:00,20.82,23.31,20.55,23.31,2059319,31.5894345638442,28.924762804733014,,30.79133144231183,29.50008536385401,26.401240958319413,22.428148047099093,28.656557749192363,"rgba(239, 83, 80, 0.75)",8.57476391186045,20.565506648146517,0.02967934213342865,5,0.3063147018519577,1.5315735092597884,0.0,0.0,0.0,0.0,40.919144310563254,-13.548323524471158,False,True,False,True,True,0.0
2025-02-07 00:00:00+00:00,21.14,22.13,19.34,20.4,2054556,31.469151545526355,28.787123476615772,,30.672900689015727,29.3785471859348,26.28411340006657,21.911499958362196,28.523448686412994,"rgba(239, 83, 80, 0.75)",8.611467426823573,20.483600191106028,0.07622392054220338,5,0.3031621383352782,1.5158106916763912,0.0,0.0,0.0,0.0,41.378916016302114,-13.069886488428807,False,True,False,True,True,0.0
2025-02-14 00:00:00+00:00,18.84,21.42,18.18,21.28,1622072,31.363872348785392,28.663233109106965,,30.568400856223874,29.26969951616994,26.172231556097284,21.407037899488948,28.39017458270065,"rgba(239, 83, 80, 0.75)",8.722627042498303,20.34513754508456,-0.17255553146445957,5,0.2989378735609206,1.494689367804603,0.0,0.0,0.0,0.0,40.60131156414953,-13.069886488428807,False,True,False,True,True,0.0
2025-02-21 00:00:00+00:00,17.74,19.095,17.44,18.86,1581880,31.251179249204874,28.527756819040427,,30.455826116929774,29.151099718025065,26.044698085567802,20.849124780874483,28.23719996332667,"rgba(239, 83, 80, 0.75)",8.852691600670202,20.152499545945798,-0.27251593693415893,5,0.29429097509336805,1.4714548754668402,0.0,0.0,0.0,0.0,39.553678143544964,-13.069886488428807,False,True,False,True,True,0.0
2025-02-28 00:00:00+00:00,19.43,23.58,17.15,17.87,2882376,31.080571763197497,28.33438788858471,,30.287569344867894,28.97854992987764,25.87721457169474,20.662375523029016,28.0866205312816,"rgba(239, 83, 80, 0.75)",8.949099047712341,19.994244096349306,-0.06305038008195289,5,0.2910875787527586,1.455437893763793,0.0,0.0,0.0,0.0,40.036816687413136,-13.069886488428807,False,True,False,True,True,0.0
2025-03-07 00:00:00+00:00,17.25,20.705,16.5,19.65,2791795,30.892555159599503,28.114207051122097,,30.100376588277562,28.78324628972017,25.673554428490014,20.197390020663043,27.877447733727003,"rgba(239, 83, 80, 0.75)",9.080828929896997,19.59409604441666,-0.2581367915322294,5,0.2866793666240046,1.433396833120023,0.0,0.0,0.0,0.0,39.36489983583127,-13.069886488428807,False,True,False,True,True,0.0
2025-03-14 00:00:00+00:00,16.89,18.38,16.02,17.27,2727205,30.69931728225029,27.886300591560346,,29.907347208427396,28.580878065219597,25.45822748910433,19.72235975742657,27.656418203210787,"rgba(239, 83, 80, 1.0)",9.209964785565226,19.23555507043645,-0.2546757913898474,5,0.28234718628115324,1.4117359314057663,0.0,0.0,0.0,0.0,38.72301800626548,-13.069886488428807,False,True,False,True,False,0.0
2025-03-21 00:00:00+00:00,14.63,17.56,14.28,16.16,4133145,30.383167765998852,27.509491868053992,,29.590140445461124,28.246116016811516,25.092858221519897,18.924860601652217,27.281569767159315,"rgba(239, 83, 80, 1.0)",9.367629613545615,18.623502009791146,-0.4263087007642287,5,0.2770281445858062,1.3851407229290311,0.0,0.0,0.0,0.0,37.29022999119538,-13.069886488428807,False,True,False,True,False,0.0
2025-03-28 00:00:00+00:00,14.41,15.85,14.34,14.8,2114731,30.219878910298743,27.315874172889792,,29.42623996831491,28.073319615129826,24.904608969552378,18.56801368401511,27.0930301045483,"rgba(239, 83, 80, 1.0)",9.533217936049526,18.35195383898556,-0.413496666648016,5,0.27197474106686226,1.3598737053343113,0.0,0.0,0.0,0.0,36.1754034622858,-9.829283954543534,False,True,False,True,False,0.0
2025-04-04 00:00:00+00:00,11.85,14.675,11.385,13.99,3324222,29.93374431363553,26.970804046715614,,29.137497522521365,27.76616581446136,24.55959463186048,17.84772007082365,26.743204978670814,"rgba(239, 83, 80, 1.0)",9.722263635501683,17.771728797530265,-0.6090895103797188,5,0.26580599354284284,1.3290299677142143,0.0,0.0,0.0,0.0,34.36973730156468,-11.63579079099484,False,True,False,True,False,0.0
2025-04-11 00:00:00+00:00,13.5,13.51,10.51,11.14,4269055,29.577000944381076,26.546944295305906,12.506666666666666,28.77812960421819,27.38595314064204,24.13945749804698,17.127136867187122,25.178287037843024,"rgba(239, 83, 80, 1.0)",9.892517042767308,15.712242733452324,-0.22362789206107622,5,0.26126571697861295,1.3063285848930648,0.0,0.0,0.0,0.0,34.44463770994665,-11.63579079099484,False,True,False,True,False,0.0
2025-04-18 00:00:00+00:00,14.59,14.82,13.2037,13.77,1975582,29.432742074825153,26.38180825235542,13.043822097446709,28.633840629604208,27.23569717809178,23.98174169638089,16.955392084258733,25.087196723828203,"rgba(239, 83, 80, 1.0)",10.036603055860141,15.74264041667045,-0.11484367870835051,4,0.2973793441945186,1.1895173767780745,0.0,0.0,0.0,0.0,35.35687734865897,-11.63579079099484,False,True,False,True,False,0.0
2025-04-25 00:00:00+00:00,15.24,15.28,13.75,14.51,1838796,29.30566376593725,26.238818530931237,13.433455034653386,28.50712705708448,27.104686579087545,23.84741868813621,16.84136691898342,25.005594154430856,"rgba(239, 83, 80, 1.0)",10.170559974662085,15.775339327478354,-0.05263617035955198,4,0.2938587155750516,1.1754348623002064,0.0,0.0,0.0,0.0,36.516981302112654,-11.63579079099484,False,True,False,True,False,0.0
2025-05-02 00:00:00+00:00,15.47,16.01,14.39,15.27,1538980,29.20482243096028,26.12725422802544,13.730385292247727,28.40688448022827,27.001778878197282,23.74438905405938,16.77683253129361,24.943851924210524,"rgba(239, 83, 80, 0.75)",10.293012644376647,15.816835779106887,-0.03369623560079584,4,0.2907988443876439,1.1631953775505757,0.0,0.0,0.0,0.0,37.53090500698822,-11.63579079099484,False,True,False,True,True,0.0
2025-05-09 00:00:00+00:00,17.57,22.61,14.8717,15.31,2571092,29.07590238480358,25.997085576320405,14.70458519377871,28.28105843288738,26.877695633087026,23.638035540744557,16.879094326254165,24.943892559984523,"rgba(239, 83, 80, 0.75)",10.373726700547778,16.394062736720024,0.11335726274896775,3,0.23413444359157318,0.7024033307747195,0.0,0.0,0.0,0.0,39.87827517828991,-13.965957318988899,False,True,False,True,True,0.0
2025-05-16 00:00:00+00:00,19.36,19.8,18.17,18.82,2702954,28.95299759226785,25.877990843177106,15.50394520088745,28.161989992028257,26.76231051473683,23.546080476214048,17.021748931520523,24.941269626010666,"rgba(239, 83, 80, 0.5)",10.427474946781988,16.798163860103568,0.2456813517146869,3,0.23438107443938086,0.7031432233181426,0.0,0.0,0.0,0.0,42.7899129053013,-11.185402962786391,False,False,False,True,True,0.0
2025-05-23 00:00:00+00:00,19.25,20.08,19.0,19.0,1537009,28.886772869511944,25.815333695059802,15.872392993773438,28.09809452467973,26.7010059617213,23.499243173725468,17.106712093040326,24.936407183577348,"rgba(239, 83, 80, 0.5)",10.47761799317054,16.990476302421914,0.21565242205345483,3,0.23419255503164993,0.7025776650949498,0.0,0.0,0.0,0.0,44.79500564247101,-9.328210130017325,False,False,False,True,True,0.0
2025-05-30 00:00:00+00:00,19.53,20.78,19.43,19.58,1706534,28.8179223252195,25.752207036194925,16.252547421619173,28.03203346872622,26.638462558985292,23.4543598676886,17.21194617567919,24.934233687017695,#000000,10.52323970428661,17.207888265044016,0.22066509936194653,3,0.2347623403579432,0.7042870210738296,0.0,0.0,0.0,0.0,46.42843901003698,-7.832915767601726,False,False,False,False,True,0.0
2025-06-06 00:00:00+00:00,21.41,21.86,19.38,19.46,1493425,28.76500047749687,25.707056344746412,16.60479012739854,27.98189416723591,26.592426701676683,23.426503190454763,17.328586770761483,24.943792624573167,#000000,10.545808565790798,17.43739650655462,0.37669975409301265,3,0.23612352985962923,0.7083705895788877,0.0,0.0,0.0,0.0,48.89158494435484,-5.54365213398453,True,False,False,False,True,0.0
2025-06-13 00:00:00+00:00,22.96,23.68,21.48,21.65,2082514,28.709173038499806,25.668752876190503,17.18994751566449,27.930800158541132,26.549561568699765,23.41578926569761,17.556739235139798,24.98977203026422,#000000,10.564002491889564,17.866561309875465,0.4821504627658869,3,0.23852848627872877,0.7155854588361863,0.0,0.0,0.0,0.0,51.61323209823051,-3.0346731159613256,True,False,False,False,True,0.0
2025-06-20 00:00:00+00:00,21.78,24.0,21.59,23.28,1525000,28.667263799093842,25.63900277814454,17.535533639104084,27.892247295106266,26.51676363241347,23.405448257627626,17.704372143880295,25.01295213766758,#000000,10.590477580703698,18.112786745579115,0.3462745873805262,3,0.24017443420277027,0.7205233026083108,0.0,0.0,0.0,0.0,52.5959863057892,-2.1958638016688,True,False,False,False,True,0.0
2025-06-27 00:00:00+00:00,21.6,22.61,20.5,21.61,2881665,28.57849627010293,25.569014099883034,17.980588030150336,27.809215412632945,26.442975954838083,23.368800665886965,17.912600367113075,25.02118699792535,#000000,10.617696896567903,18.409742155567763,0.30046608746793924,4,0.20586682213131857,0.8234672885252743,0.0,0.0,0.0,0.0,53.15127302009502,-1.706279480529453,True,False,False,False,True,0.0
2025-07-04 00:00:00+00:00,22.31,22.63,21.52,21.79,1085164,28.548376023946336,25.54703221159398,18.1470152303282,27.781380936427343,26.419015060901856,23.359729872736125,17.99691266634089,25.02787244904731,"rgba(38, 166, 154, 1.0)",10.634705868095327,18.527785242847468,0.3556482712417437,3,0.19003438985952778,0.5701031695785833,0.0,0.0,0.0,0.0,54.040386827895134,-0.8401932210392289,True,False,True,False,True,0.0
2025-07-11 00:00:00+00:00,22.99,24.06,21.77,22.16,1679939,28.507967850008384,25.521314825050098,18.42574699271814,27.744774801279103,26.389188922942278,23.354936057588272,18.144510863454162,25.047750541537113,"rgba(38, 166, 154, 1.0)",10.643187433224083,19.934662992333017,0.2870697360951619,3,0.19085148044180267,0.572554441325408,0.0,0.0,0.0,0.0,55.1434604723388,0.2611846800637636,True,False,True,False,True,0.0
2025-07-18 00:00:00+00:00,21.94,23.23,21.6,22.86,1276785,28.47392271085971,25.49702092792443,18.587899912501985,27.713417189348863,26.362436717226483,23.34548476961205,18.235760463758126,25.052851768105025,"rgba(38, 166, 154, 1.0)",10.644086032133513,19.95538218954502,0.18645262772807392,3,0.19170212561325217,0.5751063768397565,0.0,0.0,0.0,0.0,54.96617635733899,0.2611846800637636,True,False,True,False,True,0.0
2025-07-25 00:00:00+00:00,23.44,23.88,21.2275,22.3,1307673,28.442722748373523,25.476992870441872,18.76495615016807,27.685117375953002,26.339296503670308,23.341148536712602,18.338279556292395,25.06341773973672,"rgba(38, 166, 154, 1.0)",10.632255941916313,20.078893762172605,0.31612352601263705,2,0.23802345144448123,0.47604690288896245,0.0,0.0,0.0,0.0,55.90475785569684,1.1617000007447231,True,False,True,False,True,0.0
2025-08-01 00:00:00+00:00,20.57,23.88,20.46,23.32,1476877,28.40035075789074,25.4444643888241,18.89367500502999,27.645634147053332,26.3045730323459,23.324494261491726,18.419033684566696,25.058246253288953,"rgba(38, 166, 154, 1.0)",10.64824424050302,20.079941709845098,0.046022450188628654,2,0.23880731945003913,0.47761463890007827,0.0,0.0,0.0,0.0,54.18054699897185,1.1617000007447231,True,False,True,False,True,0.0
2025-08-08 00:00:00+00:00,26.13,32.0,20.34,20.56,3599014,28.36681987934028,25.458867793041318,19.608886978046822,27.622318972017336,26.301958684893375,23.390361972860006,18.854688811380438,25.17300169943468,"rgba(38, 166, 154, 1.0)",10.576656868903466,24.472565568577,0.15670683581463613,2,0.23922759869094745,0.4784551973818949,0.0,0.0,0.0,0.0,56.242755376508384,1.524760564892155,True,False,True,False,True,0.0
2025-08-15 00:00:00+00:00,28.0,28.485,25.245,26.7,4313281,28.34705174304076,25.50109511534859,20.41477129842547,27.615337839461272,26.3214867540629,23.494842078963906,19.384952617451464,25.32457027545584,"rgba(38, 166, 154, 1.0)",10.509525146780474,25.226403581128636,0.2639126297462676,3,0.19376680818776448,0.5813004245632934,0.0,0.0,0.0,0.0,58.55979267247869,3.780110664287662,True,False,True,False,True,0.503502204146649
2025-08-22 00:00:00+00:00,30.05,30.199,26.6,28.2,2324826,28.352713107295774,25.544526440467916,20.87422739181479,27.628455550262615,26.35054742999634,23.57341985336375,19.700093388081434,25.426333550321065,"rgba(38, 166, 154, 1.0)",10.443945212591071,25.73449755506958,0.41320615505792885,3,0.1937644554499988,0.5812933663499964,0.0,0.0,0.0,0.0,61.05481384228513,6.166138635370714,True,False,True,False,True,2.2864115163008023
2025-08-29 00:00:00+00:00,31.06,31.22,28.98,29.85,2005387,28.369331325397486,25.5969221650881,21.29782356070518,27.651929173131553,26.388995245687124,23.65745039054422,19.996344767849685,25.529801201524837,"rgba(38, 166, 154, 1.0)",10.374464296600658,26.236561124095022,0.46493377759133503,3,0.1936747705237302,0.5810243115711906,0.0,0.0,0.0,0.0,63.2268406968449,8.212320403657188,True,False,True,False,True,3.1508940093688835
2025-09-05 00:00:00+00:00,28.73,30.82,28.63,30.18,839923,28.372767427322394,25.61393368595544,21.44553998419053,27.65804069792009,26.40083685170488,23.686784859649002,20.103867771390956,25.565218895455644,"rgba(38, 166, 154, 1.0)",10.277828450487876,26.360741375703537,0.23052132419898466,3,0.1936696071542917,0.5810088214628751,0.0,0.0,0.0,0.0,62.94458368643937,8.212320403657188,True,False,True,False,True,1.0232663794315933
