date,Close,High,Low,Open,Volume,aVWAP_BoS_CHoCH_bull_33,aVWAP_BoS_CHoCH_bull_60,aVWAP_BoS_CHoCH_bull_81,aVWAP_BoS_CHoCH_bull_153,aVWAP_BoS_CHoCH_bear_126,Peaks_Valleys_avg,color,StDev,StDev_Mean,StdDev_ZScore,MA_Cross_Count,MA_Avg_Deviation_Z,MA_Oscillation_Score,BoS,CHoCH,BoS_CHoCH_Price,BoS_CHoCH_Break_Index,QQEMOD,QQE1_Value,QQE1_Above_Upper,QQE1_Below_Lower,QQE2_Above_Threshold,QQE2_Below_Threshold,QQE2_Above_TL,banker_RSI
2021-12-31 00:00:00+00:00,54.4666850868,54.5731977154,52.8435286713,53.5004500514,145028,,,,,,,#000000,,,,0,,,0.0,0.0,0.0,0.0,,,False,False,False,False,False,
2022-01-07 00:00:00+00:00,53.2272654084,54.5635147492,52.7043852315,54.5635147492,359205,,,,,,,"rgba(239, 83, 80, 0.5)",,,,0,,,0.0,0.0,0.0,0.0,0.0,,False,False,False,True,False,
2022-01-14 00:00:00+00:00,52.1621391222,53.4402906656,51.1465896232,52.7528000627,304641,,,,,,,"rgba(239, 83, 80, 0.5)",,,,0,,,0.0,0.0,0.0,0.0,0.0,-50.0,False,False,False,True,True,
2022-01-21 00:00:00+00:00,50.399839267,52.1621391222,50.399839267,51.4552825869,279825,,,,,,,"rgba(239, 83, 80, 0.5)",,,,0,,,0.0,0.0,0.0,0.0,0.0,-50.0,False,False,False,True,True,
2022-01-28 00:00:00+00:00,50.5547667268,51.0001831737,49.421859677,49.8091783265,408614,,,,,,,"rgba(239, 83, 80, 0.5)",,50.32560319249999,,0,,,0.0,0.0,0.0,0.0,1.1850520171866046,-48.87975551500329,False,False,False,True,True,
2022-02-04 00:00:00+00:00,50.9130364776,52.1718220885,50.4869859631,50.4869859631,312418,,,,,,,"rgba(239, 83, 80, 0.5)",,50.70040654359501,,0,,,0.0,0.0,0.0,0.0,4.5836403839001205,-45.71563309873684,False,False,False,True,True,
2022-02-11 00:00:00+00:00,51.581161148,53.94380491,50.8839875789,50.8839875789,356261,,,,,,,"rgba(239, 83, 80, 0.5)",,51.65579028713896,,0,,,0.0,0.0,0.0,0.0,10.909466051031501,-39.910587867921535,False,False,False,True,True,
2022-02-18 00:00:00+00:00,49.7510805291,51.7070397091,49.7026656979,51.7070397091,286787,,,,,,,"rgba(239, 83, 80, 0.5)",,51.18282287537406,,0,,,0.0,0.0,0.0,0.0,13.019805728624075,-38.30156657051816,False,False,False,True,True,
2022-02-25 00:00:00+00:00,48.6569053442,51.3294040258,47.5239982944,49.5574212043,351516,,,,,,,"rgba(239, 83, 80, 0.5)",,50.60806879106822,,0,,,0.0,0.0,0.0,0.0,13.648602964538,-38.07033212610154,False,False,False,True,True,
2022-03-04 00:00:00+00:00,47.1657285436,48.5014937361,46.8074587928,48.0856103362,411114,,,,,,,"rgba(239, 83, 80, 0.5)",,49.85232338965033,,0,,,0.0,0.0,0.0,0.0,13.240787789514979,-38.07033212610154,False,False,False,True,True,
2022-03-11 00:00:00+00:00,48.0759273699,48.8554061521,46.1877489536,46.9139714214,361925,,,,,,,"rgba(239, 83, 80, 0.5)",,48.88993050261774,,0,,,0.0,0.0,0.0,0.0,15.812621931145957,-36.54480105503045,False,False,False,True,True,
2022-03-18 00:00:00+00:00,49.4412256094,49.4993234069,46.5072868394,47.9500488089,1054056,,,,,,,"rgba(239, 83, 80, 0.5)",,48.86428072977702,,0,,,0.0,0.0,0.0,0.0,21.093871199363456,-31.774821820970395,False,False,False,True,True,
2022-03-25 00:00:00+00:00,48.9570772976,49.7607634953,48.0759273699,49.421859677,414642,,,,,,,"rgba(239, 83, 80, 0.5)",,48.897179753206736,,0,,,0.0,0.0,0.0,0.0,24.321109903527358,-29.070690524899536,False,False,False,True,True,
2022-04-01 00:00:00+00:00,48.1932691587,49.9156909551,48.0864535309,48.5116608506,293164,,,,,,,"rgba(239, 83, 80, 0.5)",,48.85162959421619,,0,,,0.0,0.0,0.0,0.0,25.830949040168896,-27.990927943670147,False,False,False,True,True,
2022-04-08 00:00:00+00:00,48.0379009728,48.9021365068,47.4164282292,48.2709532516,340734,,,,,,,"rgba(239, 83, 80, 0.5)",,48.71770207940263,,0,,,0.0,0.0,0.0,0.0,26.753879754350447,-27.38803053778534,False,False,False,True,True,
2022-04-15 00:00:00+00:00,49.047794181,49.7566615291,47.650257349,47.7368751126,235106,,,,,,,"rgba(239, 83, 80, 0.5)",,48.749322408988135,,0,,,0.0,0.0,0.0,0.0,29.713826875571144,-24.770263678106474,False,False,False,True,True,
2022-04-22 00:00:00+00:00,45.8821673936,49.7469510175,45.8530358588,48.7856103673,406648,,,,,,,"rgba(239, 83, 80, 0.5)",,48.52168745146167,,0,,,0.0,0.0,0.0,0.0,28.901281387836256,-24.770263678106474,False,False,False,True,True,
2022-04-29 00:00:00+00:00,44.5615378136,46.2705878584,44.5129852556,45.746220231,311790,,,,,,,"rgba(239, 83, 80, 0.5)",,48.19077785814363,,0,,,0.0,0.0,0.0,0.0,27.47777867029822,-24.770263678106474,False,False,False,True,True,
2022-05-06 00:00:00+00:00,43.9497755817,45.5617205103,43.3098528661,44.2410909303,426871,,,,,,,"rgba(239, 83, 80, 0.5)",,47.750341845278435,,0,,,0.0,0.0,0.0,0.0,26.107744162997648,-24.770263678106474,False,False,False,True,False,
2022-05-13 00:00:00+00:00,40.9783590267,43.561355117,39.7354135396,43.3768553963,769277,,,,,,41.42504256109999,"rgba(239, 83, 80, 0.5)",,45.14911367630109,,0,,,0.0,0.0,0.0,0.0,23.7553831787161,-21.04220741662965,False,False,False,True,False,
2022-05-20 00:00:00+00:00,43.1243820942,43.4156974428,40.5219649807,40.6773331666,502035,,,,,,41.79188924991649,"rgba(239, 83, 80, 0.5)",,44.929219383959115,,0,,,0.0,0.0,0.0,0.0,25.38161280180696,-21.04220741662965,False,False,False,True,False,
2022-05-27 00:00:00+00:00,43.9594860933,44.0663017211,42.1727519557,43.4836710241,383624,,,,,,42.164546048716154,"rgba(239, 83, 80, 0.5)",,44.88728851522589,,0,,,0.0,0.0,0.0,0.0,27.66181371721089,-21.04220741662965,False,False,False,True,True,
2022-06-03 00:00:00+00:00,46.3676929745,46.8920606019,43.7749863726,44.0274596747,327080,,,,,,42.744390607266084,"rgba(239, 83, 80, 0.5)",,44.78950962137323,,0,,,0.0,0.0,0.0,0.0,32.077129312383015,-23.655012013699384,False,False,False,True,True,
2022-06-10 00:00:00+00:00,42.8039352108,46.6881398579,42.7262511179,46.6881398579,367942,,,,,,42.9523809440145,"rgba(239, 83, 80, 0.5)",,44.58605897467769,,0,,,0.0,0.0,0.0,0.0,32.910684856763176,-22.97855672577793,False,False,False,True,True,
2022-06-17 00:00:00+00:00,40.8035698176,42.9495928851,40.1238340044,42.036804793,433537,,,,,,42.69382379307421,"rgba(239, 83, 80, 0.5)",,42.97019877476154,,0,,,0.0,0.0,0.0,0.0,32.488748298152565,-22.97855672577793,False,False,False,True,True,
2022-06-24 00:00:00+00:00,42.2213045138,42.2213045138,40.6287806085,40.9006749338,361352,,,,,,42.57853476544257,"rgba(239, 83, 80, 0.5)",,42.83085012654054,,0,,,0.0,0.0,0.0,0.0,33.5924369025668,-22.354979745228775,False,False,False,True,True,
2022-07-01 00:00:00+00:00,42.941294876,43.052349949,41.908677531,42.0465153047,382871,,,,,,42.58456619144514,"rgba(239, 83, 80, 0.5)",,42.87841635978372,,0,,,0.0,0.0,0.0,0.0,35.063823833510575,-20.87636771997249,False,False,False,True,True,
2022-07-08 00:00:00+00:00,43.964170548,44.1005539709,41.7235857428,42.3080861267,224679,,,,,,42.62517441416299,"rgba(239, 83, 80, 0.5)",,42.94497150500145,,0,,,0.0,0.0,0.0,0.0,37.06133956288471,-18.88974392619231,False,False,False,True,True,
2022-07-15 00:00:00+00:00,42.5613696265,43.8764954904,41.6359106852,43.8764954904,243151,,,,,,42.6291959991973,"rgba(239, 83, 80, 0.5)",,42.946808836200084,,0,,,0.0,0.0,0.0,0.0,37.60359505457388,-18.292496490377186,False,False,False,True,True,
2022-07-22 00:00:00+00:00,45.6105132962,46.0488885842,42.8146531262,43.2432867411,250934,,,,,,42.758932293258944,"rgba(239, 83, 80, 0.5)",,43.12026159058008,,0,,,0.0,0.0,0.0,0.0,40.54329371332519,-15.379332964415042,False,False,False,True,True,
2022-07-29 00:00:00+00:00,48.1238649473,48.5427568891,45.5520632578,45.5520632578,191811,,,,,,42.95977583981289,"rgba(239, 83, 80, 0.5)",,43.381049715421035,,0,,,0.0,0.0,0.0,0.0,44.347090185762525,-11.711331530766138,False,False,False,True,True,
2022-08-05 00:00:00+00:00,46.7892557372,47.8998064668,45.9612135266,47.6562646401,265319,,,,,,43.18109909865008,#000000,,43.64865304867919,,0,,,0.0,0.0,0.0,0.0,46.123330382956496,-10.041534706607848,False,False,False,False,True,
2022-08-12 00:00:00+00:00,49.5364075419,49.7604660224,45.873538469,46.8379641026,624003,,,,,,43.79121366069773,#000000,,44.34746187142508,,0,,,0.0,0.0,0.0,0.0,49.07026774643596,-7.240927670649668,False,False,False,False,True,
2022-08-19 00:00:00+00:00,49.3026073883,50.0429745413,48.1628316396,49.3123490614,344089,,,,,,46.64348557010712,#000000,,45.78771524250517,,0,,,1.0,0.0,50.042976,54.0,51.00239567021889,-5.427884721315138,False,False,False,False,True,
2022-08-26 00:00:00+00:00,47.2471143713,49.3026073883,47.1009892753,49.3026073883,384827,,,,,,46.42369010940092,#000000,,45.81890324076009,,0,,,0.0,0.0,0.0,0.0,50.9196507098548,-5.427884721315138,False,False,False,False,True,
2022-09-02 00:00:00+00:00,45.5910299501,47.6465229671,44.9675628738,47.1594393137,318825,,,,,,46.097950190050554,#000000,,45.68727630182798,,0,,,0.0,0.0,0.0,0.0,49.79770590573287,-5.427884721315138,False,False,False,False,True,
2022-09-09 00:00:00+00:00,47.8608397745,47.8608397745,45.4643882002,45.4643882002,183622,,,,,,46.08306136014032,#000000,,45.71596229907237,,0,,,0.0,0.0,0.0,0.0,50.46905764353499,-5.427884721315138,False,False,False,False,True,
2022-09-16 00:00:00+00:00,45.8248301037,48.4063734662,45.3377464503,47.7634230438,423834,,,,,,45.99963410884628,#000000,,45.72433404675735,,0,,,0.0,0.0,0.0,0.0,49.675160291078534,-5.427884721315138,False,False,False,False,True,
2022-09-23 00:00:00+00:00,42.5613696265,46.3313971031,42.3178277998,45.4449048541,296503,,,,,,45.705946609597916,#000000,,45.529097577680844,,0,,,0.0,0.0,0.0,0.0,47.36405452791306,-5.427884721315138,False,False,False,False,True,
2022-09-30 00:00:00+00:00,42.8238726807,43.5468858175,42.0353192809,42.1619610307,301470,42.802025926366674,,,,,44.53532902516677,"rgba(239, 83, 80, 0.5)",,44.876049407573674,,0,,,0.0,0.0,0.0,0.0,45.89535799505533,-5.427884721315138,False,False,False,True,False,
2022-10-07 00:00:00+00:00,44.6900282094,47.6113920997,43.054833365,43.1756088013,497242,44.24431441182058,,,,,44.958529537425186,#000000,,45.180421861010416,,0,,,0.0,0.0,0.0,0.0,46.11287862383897,-5.427884721315138,False,False,False,False,False,
2022-10-14 00:00:00+00:00,44.0647195505,45.6866138843,43.1756088013,44.8561258219,523969,44.269931438240256,,,,,44.868156200651356,"rgba(239, 83, 80, 0.5)",,45.080802052356034,,0,,,0.0,0.0,0.0,0.0,45.91088895539421,-5.427884721315138,False,False,False,True,False,
2022-10-21 00:00:00+00:00,45.5009753763,46.507331499,44.1721944763,44.7095691049,668139,44.64701237790556,,,,,44.99202461339603,#000000,,45.17040784768806,,0,,,0.0,0.0,0.0,0.0,46.731981472218216,-5.427884721315138,False,False,False,False,False,
2022-10-28 00:00:00+00:00,48.7936162828,49.0378774777,45.1687801513,45.6670729888,385701,45.13710646705851,,,,,45.25395775985146,#000000,,45.39966412698938,,0,,,0.0,0.0,0.0,0.0,49.24939962513224,-5.427884721315138,False,False,False,False,True,
2022-11-04 00:00:00+00:00,47.2401150836,48.5298141924,45.510745824,48.3050938931,362608,45.39610307160437,,,,,45.39973406442966,#000000,,45.52860183505425,,0,,,0.0,0.0,0.0,0.0,50.05517059621594,-5.268465289267411,False,False,False,False,True,
2022-11-11 00:00:00+00:00,48.3930279233,50.0246927048,46.9860834409,47.1424106056,656891,45.990286422532975,,,,,45.77432595315694,#000000,,45.87099834970745,,0,,,0.0,0.0,0.0,0.0,51.27940831600348,-3.944046615132237,False,False,False,False,True,
2022-11-18 00:00:00+00:00,48.5395846402,50.2103312129,47.9435873247,48.4321097144,431307,46.317942197000555,,,,,45.99832622140237,#000000,,46.87349853095718,,0,,,0.0,0.0,0.0,0.0,52.23748950225365,-2.880042967283728,False,False,False,False,True,
2022-11-25 00:00:00+00:00,49.7999724056,49.9856109137,48.0706031461,48.168307624,207293,46.4704056991762,,,,,46.10647352240026,#000000,,46.98749917589995,,0,,,0.0,0.0,0.0,0.0,53.6447455201033,-1.3886879334124842,False,False,False,False,True,
2022-12-02 00:00:00+00:00,49.0965001644,49.4433510611,47.5234580696,49.1062706122,402250,46.6714336074744,,,,,46.25683201291357,"rgba(38, 166, 154, 0.5)",,47.06866672206043,,0,,,0.0,0.0,0.0,0.0,54.12280212793547,-0.7937393394684165,False,False,True,False,True,
2022-12-09 00:00:00+00:00,47.3280491137,48.9304025519,46.9958538887,48.783845835,270035,46.73339326587501,,,,,46.30927941907506,#000000,,47.04814464678325,,0,,,0.0,0.0,0.0,0.0,53.20019389953183,-0.7937393394684165,False,False,False,False,True,0.0
2022-12-16 00:00:00+00:00,47.1521810534,49.3407613593,46.9274607542,47.4746058306,332696,46.8042557166963,,,,,46.37088810296766,#000000,,47.0499618309616,,0,,,0.0,0.0,0.0,0.0,52.418318765333375,-0.7937393394684165,False,False,False,False,True,0.0
2022-12-23 00:00:00+00:00,46.0285795571,47.2108037402,45.2860255248,46.8004449328,249768,46.77454822134949,,,,,46.358187591262144,#000000,,46.97882719471153,,0,,,0.0,0.0,0.0,0.0,51.07147380776923,-0.7937393394684165,False,False,False,False,False,0.0
2022-12-30 00:00:00+00:00,46.9693905662,47.3025068114,45.5693685108,45.7843183623,163237,46.76973449471428,,,,,46.36002217428564,#000000,,46.9889195249569,,0,,,0.0,0.0,0.0,0.0,50.80810634816066,-0.7937393394684165,False,False,False,False,False,0.0
2023-01-06 00:00:00+00:00,48.3704383032,48.3802358398,46.5676915647,46.6852620042,175667,46.80104134498763,,,,,46.388298136279815,#000000,,47.10316307502804,,0,,,0.0,0.0,0.0,0.0,51.608846941491464,-0.7937393394684165,False,False,False,False,False,0.0
2023-01-13 00:00:00+00:00,50.6728594094,50.761037239,48.2234752539,48.3802358398,283175,46.948809519543914,,,,,46.50550679016916,#000000,,47.47267304698329,,0,,,0.0,0.0,0.0,0.0,53.62455561029143,-0.6593562780782918,False,False,False,False,True,1.9992739752706115
2023-01-20 00:00:00+00:00,50.4083259206,51.642815535,49.5363451612,50.6140741896,194698,47.062971137571026,,,,,46.59631447168689,"rgba(38, 166, 154, 0.5)",,47.689374579135894,,0,,,0.0,0.0,0.0,0.0,54.842569146819955,0.5989813619337028,False,False,True,False,True,1.579198711799176
2023-01-27 00:00:00+00:00,50.5650865065,50.8198224587,49.7127008204,50.2025776515,243552,47.18965867551952,,,,,46.699091428576025,"rgba(38, 166, 154, 0.5)",,47.882787394806506,,0,,,0.0,0.0,0.0,0.0,55.81281969914453,1.6133505380464044,False,False,True,False,True,1.8206110152220099
2023-02-03 00:00:00+00:00,52.0543120731,52.5637839774,50.2711604079,50.3789333107,344735,47.41830471991047,,,,,46.883384068577776,"rgba(38, 166, 154, 0.5)",,48.21910708492403,,0,,,0.0,0.0,0.0,0.0,57.43857131898099,3.2495888931530104,False,False,True,False,True,4.081086912328619
2023-02-10 00:00:00+00:00,51.9857293167,52.0249194632,50.8982027517,51.7211958279,223953,47.55484365814655,,,,,46.995444409978155,"rgba(38, 166, 154, 0.5)",,48.39437590372455,,0,,,0.0,0.0,0.0,0.0,58.5323052967845,4.356991051140156,False,False,True,False,True,3.966461171877878
2023-02-17 00:00:00+00:00,52.2502628055,52.7107470268,51.7309933646,51.7309933646,165107,47.66383102997162,,,,,47.08497241685905,"rgba(38, 166, 154, 0.5)",,48.53295568222887,,0,,,0.0,0.0,0.0,0.0,59.48652174271329,5.334727770723504,False,False,True,False,True,4.369402720628717
2023-02-24 00:00:00+00:00,57.0804483602,60.3626231286,51.1921288503,51.7995761209,467954,48.19353416201528,56.211733446366665,,,,49.68625842785667,"rgba(38, 166, 154, 0.5)",,51.34507367919914,,0,,,1.0,0.0,60.36262,76.0,62.71917611205007,8.473475844566288,False,False,True,False,True,11.120820858753355
2023-03-03 00:00:00+00:00,57.5801227279,57.6095153378,55.6696030866,57.3057917025,419796,48.65484521047363,56.56229889730748,,,,50.05729001012666,"rgba(38, 166, 154, 1.0)",,51.92146760618645,,0,,,0.0,0.0,0.0,0.0,65.23927589726486,10.850199731968985,True,False,True,False,True,11.758935166229353
2023-03-10 00:00:00+00:00,55.5520326472,57.9132389731,55.3560819147,57.3155892391,411482,49.028835336779046,56.47092301029712,,,,50.270145372970106,"rgba(38, 166, 154, 1.0)",,52.24504355313804,,0,,,0.0,0.0,0.0,0.0,65.01345622313488,10.850199731968985,True,False,True,False,True,8.312093783733676
2023-03-17 00:00:00+00:00,55.8753513557,56.8061173348,54.9249903034,54.9249903034,928155,49.71067912102066,56.22002577923913,,,,50.65188465150681,"rgba(38, 166, 154, 1.0)",,52.729340593637716,,0,,,0.0,0.0,0.0,0.0,65.02125463316334,10.850199731968985,True,False,True,False,True,8.74032067269287
2023-03-24 00:00:00+00:00,54.1901750567,56.8844976278,53.7884760552,56.1300873079,521622,49.98886175037599,55.979871176961844,,,,50.78202697028884,"rgba(38, 166, 154, 1.0)",,52.85117769418598,,0,,,0.0,0.0,0.0,0.0,63.44615224914871,10.850199731968985,True,False,True,False,True,5.974872302694536
2023-03-31 00:00:00+00:00,57.3685926198,57.6337787182,53.8766538848,54.7486346442,420560,50.24744517824975,56.02142035721859,,,,50.967452771077234,"rgba(38, 166, 154, 1.0)",,53.0501305451366,,0,,,0.0,0.0,0.0,0.0,64.01800538528657,10.850199731968985,True,False,True,False,True,10.09980145992959
2023-04-07 00:00:00+00:00,56.6614296907,57.938251646,56.386421885,57.3685926198,353156,50.47213123886226,56.11905936171473,,,,51.14422193119746,"rgba(38, 166, 154, 1.0)",,53.241758520863456,,0,,,0.0,0.0,0.0,0.0,63.79473256892068,10.850199731968985,True,False,True,False,True,8.960686087493968
2023-04-14 00:00:00+00:00,58.1150423783,58.5963060383,56.2292745674,56.2292745674,243980,50.63346413056505,56.21802020294713,,,,51.2783688312465,"rgba(38, 166, 154, 1.0)",,53.38872465614019,,0,,,0.0,0.0,0.0,0.0,64.36267068406931,10.850199731968985,True,False,True,False,True,10.764199796096364
2023-04-21 00:00:00+00:00,59.4115077482,59.4802596996,57.8793214019,58.0659338415,299710,50.85630592248622,56.41743865335679,,,,51.47823143938615,"rgba(38, 166, 154, 1.0)",,53.61489241369704,,0,,,0.0,0.0,0.0,0.0,65.37516389156134,11.284464233226906,True,False,True,False,True,12.322022431021242
2023-04-28 00:00:00+00:00,58.9793526249,59.8731279936,57.9753776998,59.3034689674,228882,51.01896044114646,56.551997085213486,,,,51.62220799302896,"rgba(38, 166, 154, 1.0)",,53.774706196372264,,0,,,0.0,0.0,0.0,0.0,65.67760360626744,11.702116068217542,True,False,True,False,True,11.607609034095656
2023-05-05 00:00:00+00:00,59.8338411642,60.364213361,58.841848722,58.841848722,291034,51.23495749481695,56.750488169739185,,,,51.81825284488502,"rgba(38, 166, 154, 1.0)",,53.99395370337729,,0,,,0.0,0.0,0.0,0.0,66.31489997031689,12.454886559732913,True,False,True,False,True,12.637030199757543
2023-05-12 00:00:00+00:00,57.1230499361,61.1990584855,56.2980265189,60.0400970185,417680,51.47586432506199,56.872037747050804,,,,52.01676582166537,"rgba(38, 166, 154, 1.0)",,55.87857201116094,,0,,,0.0,0.0,0.0,0.0,64.2495669834145,12.454886559732913,True,False,True,False,True,8.26022425993181
2023-05-19 00:00:00+00:00,57.741817499,57.910161563,56.8775072524,56.9659026185,280734,51.61282312023532,56.905918213458996,,,,52.12301176352659,"rgba(38, 166, 154, 0.75)",,55.87324078590903,,0,,,0.0,0.0,0.0,0.0,63.13428831082678,12.454886559732913,True,False,True,False,False,9.027651089113814
2023-05-26 00:00:00+00:00,57.0051894479,57.7909260358,55.482824809,57.7319957917,239664,51.710659250450725,56.8995725571893,,,,52.19309110671455,"rgba(38, 166, 154, 0.75)",,56.566356218981646,,0,,,0.0,0.0,0.0,0.0,61.68605380743297,15.483973252787493,True,False,True,False,False,7.870087991566123
2023-06-02 00:00:00+00:00,59.4704379923,59.5686550658,56.4355304217,57.0542979847,207121,51.82025429698119,56.9571017211244,,,,52.28513209974545,"rgba(38, 166, 154, 0.75)",5.004782537057905,56.843881244863056,0.5248093654396785,0,,,0.0,0.0,0.0,0.0,62.08145551520141,15.483973252787493,True,False,True,False,False,10.886285462424272
2023-06-09 00:00:00+00:00,59.9025931156,61.537907389,59.0088177469,59.29364726,291760,52.005671290914684,57.1117503765155,,,,52.45286145028753,"rgba(38, 166, 154, 0.75)",5.116688961668043,57.30404037849531,0.5078582568868053,0,,,0.0,0.0,0.0,0.0,62.59520632706987,15.483973252787493,True,False,True,False,False,11.397462124867172
2023-06-16 00:00:00+00:00,62.593740929,63.0848262964,59.8927714082,60.0106318964,420046,52.311586197714554,57.42110418597733,,,,52.74114825238857,"rgba(38, 166, 154, 1.0)",5.318921832124601,57.96281862539938,0.8706505659908965,0,,,0.0,0.0,0.0,0.0,64.27909630222891,15.483973252787493,True,False,True,False,True,14.464384957300005
2023-06-23 00:00:00+00:00,61.7392523897,62.5348106849,61.2579887296,61.6606787309,233944,52.47364504821099,57.57606458573237,,,,52.89246355789176,"rgba(38, 166, 154, 1.0)",5.492511866519189,58.208004992705774,0.6429203036446253,0,,,0.0,0.0,0.0,0.0,64.66772534246043,15.483973252787493,True,False,True,False,True,13.088162724772129
2023-06-30 00:00:00+00:00,64.2041229638,64.4010077322,61.493709706,61.6115701942,366933,52.75655490420133,57.87767686829289,,,,53.163098447842586,"rgba(38, 166, 154, 1.0)",5.7398359383911,58.678093509256584,0.9627504189766769,0,,,0.0,0.0,0.0,0.0,66.06388403239741,12.435057116845769,True,False,True,False,True,15.770056129415934
2023-07-07 00:00:00+00:00,64.3616307785,65.0113505141,63.4461166056,63.9678612418,288318,52.98688247758321,58.129144769798096,,,,53.3849167153336,"rgba(38, 166, 154, 1.0)",5.976108342351958,59.03914242628713,0.8906278212014732,0,,,0.0,0.0,0.0,0.0,67.12847239787452,13.509701810904197,True,False,True,False,True,15.936883034385723
2023-07-14 00:00:00+00:00,66.7537807142,66.8522230983,64.1549017717,64.3517865401,286467,53.23888044518093,58.42208478613094,,,,53.63123872643524,"rgba(38, 166, 154, 1.0)",6.276459714663607,59.455407643799205,1.1628168429647863,0,,,0.0,0.0,0.0,0.0,68.8544464932713,15.20552936495045,True,False,True,False,True,18.40716450605621
2023-07-21 00:00:00+00:00,66.0646840249,67.9449335628,65.926864687,66.9112885288,357067,53.55675559894534,58.790224726121906,,,,56.482739204623385,"rgba(38, 166, 154, 1.0)",6.532646953127906,62.369004254386766,0.5657247050131347,0,,,1.0,0.0,67.94493,98.0,69.38958651862731,15.745337304578328,True,False,True,False,True,17.272756549001308
2023-07-28 00:00:00+00:00,66.4387650848,66.7242479989,65.78412323,66.1631264091,312230,53.81591406442445,59.073718849360986,,,,56.65250301360122,"rgba(38, 166, 154, 1.0)",6.784860781456796,62.60132012642893,0.5655893439787157,0,,,0.0,0.0,0.0,0.0,69.93108640262622,16.317739179504954,True,False,True,False,True,17.658516802598953
2023-08-04 00:00:00+00:00,66.5962728995,67.0983290588,64.5683597853,66.3206342238,305620,54.05514296839826,59.32315101556439,,,,56.8107505906529,"rgba(38, 166, 154, 1.0)",7.021832749917696,62.78474161676114,0.5428114594132893,0,,,0.0,0.0,0.0,0.0,70.38774898475339,16.82954591383735,True,False,True,False,True,17.82267810114855
2023-08-11 00:00:00+00:00,65.6413817729,66.6405719723,61.7725960745,66.5273632305,483761,54.3733277280676,59.6088828298895,,,,56.93740401528144,"rgba(38, 166, 154, 1.0)",7.20720521138131,64.09883310628696,0.21402868676156425,0,,,0.0,0.0,0.0,0.0,69.64257307059847,16.82954591383735,True,False,True,False,True,16.20736234651523
2023-08-18 00:00:00+00:00,64.8636869379,66.7537807142,63.9383285265,65.1688583288,331334,54.59053930318319,59.805252601004796,,,,57.07744660121382,"rgba(38, 166, 154, 0.75)",7.366403572486756,64.20288415196808,0.08970493938181648,0,,,0.0,0.0,0.0,0.0,68.26318554992515,16.82954591383735,True,False,True,False,False,14.907112929576467
2023-08-25 00:00:00+00:00,65.2377679977,66.2123476012,63.5396368706,64.7357118384,336103,54.798370117769636,59.98429845812278,,,,57.21055532564181,"rgba(38, 166, 154, 0.75)",7.531637667742223,64.24833205948465,0.13137062374270542,0,,,0.0,0.0,0.0,0.0,67.49954660747304,16.82954591383735,True,False,True,False,False,15.32467590842651
2023-09-01 00:00:00+00:00,65.7890453492,66.9703539594,64.4699174011,65.3460546203,843096,55.32053050055276,60.44284883625669,,,,57.61176723435484,"rgba(38, 166, 154, 0.75)",7.69836997888868,64.53192478355803,0.16329697963197198,0,,,0.0,0.0,0.0,0.0,67.2848162991874,16.82954591383735,True,False,True,False,False,15.941778874807923
2023-09-08 00:00:00+00:00,64.5092943548,66.8128461447,64.1253690565,65.6020048192,570618,55.62796938603685,60.68351136157063,,,,57.824208718609654,"rgba(38, 166, 154, 0.75)",7.821660339567429,64.57563032835091,-0.008481060372224602,0,,,0.0,0.0,0.0,0.0,65.65896006717068,19.027866421442653,True,False,True,False,False,13.767349287898462
2023-09-15 00:00:00+00:00,65.6512260113,66.8325346215,64.2730326328,64.5092943548,785367,56.038970088297965,61.00583841726862,,,,58.13130052204567,"rgba(38, 166, 154, 0.75)",7.960598258515139,64.69927292587933,0.1195831085185592,0,,,0.0,0.0,0.0,0.0,65.25195051108545,18.579848351295723,True,False,True,False,False,15.0720176210298
2023-09-22 00:00:00+00:00,64.6668021695,66.8423788599,64.0170824339,65.6512260113,495520,56.27086304688266,61.17192838026293,,,,58.29465879826965,"rgba(38, 166, 154, 0.75)",8.076351300923374,64.72452585992457,-0.007147248587114705,0,,,0.0,0.0,0.0,0.0,63.865518037833965,17.1858408565934,True,False,True,False,False,13.414880819627829
2023-09-29 00:00:00+00:00,64.0482220522,65.6279531341,63.6823783277,64.2434999175,371860,56.42379312266266,61.26715820519213,,,,58.390882758759105,"rgba(38, 166, 154, 0.75)",8.145362799933235,64.69621614342189,-0.07955374206624667,0,,,0.0,0.0,0.0,0.0,62.208366362796255,15.561634993942903,True,False,True,False,False,12.384047646564454
2023-10-06 00:00:00+00:00,64.8775808702,65.2823869599,62.0044449649,63.8408823477,472071,56.60066525172539,61.3662249043624,,,,58.495744672535636,"rgba(38, 166, 154, 0.75)",8.20506999240556,64.63739406009962,0.029272975163245972,0,,,0.0,0.0,0.0,0.0,61.65478690002848,15.011158723292553,True,False,True,False,False,13.367143247435383
2023-10-13 00:00:00+00:00,64.1864485218,66.5066785484,63.8211357091,64.4036615456,254365,56.70227336117617,61.431457560625816,,,,58.56619286781582,"rgba(38, 166, 154, 0.75)",8.233555255678937,64.64006954258042,-0.055094185524235235,0,,,0.0,0.0,0.0,0.0,60.48704994072039,13.857214950673004,True,False,True,False,False,12.202924758644713
2023-10-20 00:00:00+00:00,60.6221802683,65.134287171,60.0692743896,64.4530281419,417354,56.80621365391035,61.446723447849934,,,,58.59260829276959,"rgba(38, 166, 154, 0.5)",8.146770831457102,64.4735523402488,-0.47274830133646456,0,,,0.0,0.0,0.0,0.0,56.38638208863397,9.938703952025477,False,False,True,False,False,6.549056270158324
2023-10-27 00:00:00+00:00,59.2004222946,61.8365985375,58.7956162048,60.1877542208,390141,56.86334474084158,61.40586108825159,59.94421234563334,,,58.79620613467776,#000000,8.078389853548408,63.31950812310912,-0.5098894585657832,0,,,0.0,0.0,0.0,0.0,52.42605000794808,6.2789113438007504,False,True,False,False,False,4.452288762711699
2023-11-03 00:00:00+00:00,62.8634237407,62.8930436985,59.6743416191,59.7039615769,369787,56.94726265345608,61.41602364854415,60.85225066736796,,,58.9694754639335,#000000,8.061368129559765,63.44510305927865,-0.07215640189482533,0,,,0.0,0.0,0.0,0.0,52.51385888340591,6.2789113438007504,False,True,False,False,False,8.919052114685652
2023-11-10 00:00:00+00:00,67.8297033295,68.1259029073,61.026986358,62.9325369756,636624,57.194518581345044,61.59205166811685,63.044277015470186,,,59.50318414077841,"rgba(38, 166, 154, 0.5)",8.164340688236521,64.07223993068845,0.4602286384527586,0,,,0.0,0.0,0.0,0.0,55.346273285741525,6.2789113438007504,False,False,True,False,True,14.241202988856688
2023-11-17 00:00:00+00:00,69.3995610921,71.127391963,67.6816035406,68.037043034,827756,57.628918689913974,61.9916541448471,65.41056296114822,,,60.252530036110215,"rgba(38, 166, 154, 0.5)",8.232861549431815,65.01312589645003,0.5327959384854094,0,,,0.0,0.0,0.0,0.0,58.066658167201155,3.5582397184962034,False,False,True,False,True,15.779658317123069
2023-11-24 00:00:00+00:00,69.4884209655,69.6858873507,66.6843982951,69.4588010077,364548,57.798491578411806,62.13769868834223,65.8624369495887,,,60.45974215025314,"rgba(38, 166, 154, 0.5)",8.244097505894796,65.23633595469636,0.5157732556854479,0,,,0.0,0.0,0.0,0.0,60.049173671732646,5.307444572137122,False,False,True,False,True,15.866141417760375
2023-12-01 00:00:00+00:00,74.5435604276,74.5929270239,68.7676686594,69.0836148758,1149380,58.48672658375271,62.81958732972529,67.94468247995752,,,61.39399378810693,"rgba(38, 166, 154, 1.0)",8.405101309896734,66.38743359805504,0.9703781702121049,3,0.2393064623385837,0.7179193870157511,0.0,0.0,0.0,0.0,63.39488717436953,8.365650417691633,True,False,True,False,True,20.0
2023-12-08 00:00:00+00:00,76.3405045333,77.347583098,71.8777642269,74.3460940424,660841,58.92061772261673,63.26492707749416,69.03288555555814,,,61.9521110599712,"rgba(38, 166, 154, 1.0)",8.611394704334842,67.07664245512953,1.0757679094081232,3,0.23070868115858723,0.6921260434757617,0.0,0.0,0.0,0.0,66.33715765538338,11.005474256144439,True,False,True,False,True,20.0
2023-12-15 00:00:00+00:00,75.086592987,76.3108845755,73.6747083326,76.1627847866,872320,59.45452957620602,63.79844016090421,70.02431591178315,,,62.57025835789912,"rgba(38, 166, 154, 1.0)",8.77315383336914,67.79456487982543,0.8311752245172052,3,0.22394526370455084,0.6718357911136525,0.0,0.0,0.0,0.0,67.41342453592983,11.874629634063325,True,False,True,False,True,20.0
2023-12-22 00:00:00+00:00,77.8313757418,77.8609956996,74.4349539157,74.7607734514,492469,59.77156248381633,64.12087181279063,70.5954695606828,,,62.93671671552019,"rgba(38, 166, 154, 1.0)",8.965087560283136,68.22349311149793,1.0716998094772245,3,0.21641357482499857,0.6492407244749957,0.0,0.0,0.0,0.0,69.05776731245308,13.35702134113788,True,False,True,False,True,20.0
2023-12-29 00:00:00+00:00,79.3207476091,79.5680376316,77.7425158685,77.8511223804,226702,59.93180502134028,64.28858854451899,70.90887260821908,,,63.12850606239206,"rgba(38, 166, 154, 1.0)",9.234463224514105,68.45519071904472,1.1766311290526572,3,0.20891451623195212,0.6267435486958564,0.0,0.0,0.0,0.0,70.66346516311627,14.839987958848084,True,False,True,False,True,20.0
2024-01-05 00:00:00+00:00,77.2336198194,78.5393111381,76.976438196,78.3118043174,301810,60.12672282489295,64.48675500967106,71.22899888260788,,,63.3481056611928,"rgba(38, 166, 154, 1.0)",9.452351523991005,68.70834628485864,0.9019209149070874,3,0.20333676191234415,0.6100102857370324,0.0,0.0,0.0,0.0,70.14891274853781,14.839987958848084,True,False,True,False,True,20.0
2024-01-12 00:00:00+00:00,78.8657339677,80.3346367012,77.3028610257,77.5402594473,731445,60.61433286994086,64.9869898813832,72.0210092091679,,,63.89766189446749,"rgba(38, 166, 154, 1.0)",9.675168145316505,69.34423480852843,0.9841171766901722,3,0.19752565913202894,0.5925769773960868,0.0,0.0,0.0,0.0,70.32625815174553,14.839987958848084,True,False,True,False,True,20.0
2024-01-19 00:00:00+00:00,79.4493384208,79.6966284433,76.9566549942,78.252454712,444544,60.89637588188491,65.27155398838347,72.41861872575679,,,64.2023269897755,"rgba(38, 166, 154, 1.0)",9.929532944328141,69.68435105272766,0.9834286690846027,3,0.1922221819422909,0.5766665458268727,0.0,0.0,0.0,0.0,70.64440866905358,14.965323001597682,True,False,True,False,True,20.0
2024-01-26 00:00:00+00:00,80.0725092774,80.5275229188,78.8855171695,79.7460864477,372928,61.14084569353055,65.52061504397173,72.77102969109583,,,64.46878733676652,"rgba(38, 166, 154, 1.0)",10.175986713881628,69.98470552795393,0.9913342099478899,3,0.18733744260194873,0.5620123278058462,0.0,0.0,0.0,0.0,71.08022656845928,15.55604014845315,True,False,True,False,True,20.0
2024-02-02 00:00:00+00:00,81.5067914078,81.6057074168,79.3800972145,79.9933764702,486737,61.46719490592968,65.8550373780467,73.24209178924093,,,64.82532888310242,"rgba(38, 166, 154, 1.0)",10.410511280803984,70.38795385995367,1.0680395273523626,3,0.18259249219001217,0.5477774765700365,0.0,0.0,0.0,0.0,71.86298778452641,16.50090425965793,True,False,True,False,True,20.0
2024-02-09 00:00:00+00:00,80.4978481161,81.1309105736,79.627387237,81.1309105736,433565,61.74291942823105,66.13299273581178,73.59722485188932,,,65.11668770158207,"rgba(38, 166, 154, 1.0)",10.564365993376077,70.70712546576816,0.9267685970431816,3,0.17860915707309796,0.5358274712192939,0.0,0.0,0.0,0.0,71.51988256094194,16.50090425965793,True,False,True,False,True,20.0
2024-02-16 00:00:00+00:00,82.5058430986,82.9212903363,78.549202739,80.3296909008,493594,62.06198597622803,66.45607434571008,74.0093830978866,,,65.45457818236258,"rgba(38, 166, 154, 1.0)",10.787831394095747,71.0782108205496,1.0593076458633583,3,0.17419321686119157,0.5225796505835747,0.0,0.0,0.0,0.0,71.97548256262519,17.003241747930076,True,False,True,False,True,20.0
2024-02-23 00:00:00+00:00,82.1398538653,83.346629175,80.4483901116,81.9914798518,360552,62.296236745351976,66.6935076693717,74.3081853537475,,,65.70199099018576,"rgba(38, 166, 154, 1.0)",10.942381472775386,71.34924953103605,0.9861294235730074,3,0.1703919204618695,0.5111757613856085,0.0,0.0,0.0,0.0,71.9653836109097,17.223953193665906,True,False,True,False,True,20.0
2024-03-01 00:00:00+00:00,80.8539457484,86.581182669,80.3000160981,82.1299622644,916200,62.884834469481305,67.28784502988077,75.02763035206645,,,68.6398530732627,"rgba(38, 166, 154, 1.0)",10.973062150627847,75.12320899723977,0.5222550161927522,3,0.16741164667236197,0.5022349400170859,0.0,0.0,0.0,172.0,70.78623142840063,17.223953193665906,True,False,True,False,True,20.0
2024-03-08 00:00:00+00:00,84.128065646,84.6523204937,80.1318588828,80.4681733134,625897,63.27530039939758,67.6787104142266,75.47319810709925,,,69.00586152750074,"rgba(38, 166, 154, 1.0)",11.068649340213888,75.48662793168147,0.7807129351295848,3,0.16379828607333335,0.49139485822000006,0.0,0.0,0.0,0.0,71.1808776455137,17.223953193665906,True,False,True,False,True,20.0
2024-03-15 00:00:00+00:00,83.930233628,85.1864669422,82.0508294572,83.7422932109,622716,63.663266039713456,68.06691222354765,75.90925380008922,,,69.38621461933067,"rgba(38, 166, 154, 1.0)",11.172815844329172,75.87591883251048,0.7208849503751136,3,0.1605003800851927,0.4815011402555781,0.0,0.0,0.0,0.0,71.2846389767927,17.223953193665906,True,False,True,False,True,20.0
2024-03-22 00:00:00+00:00,84.9886349242,86.0074698168,83.9104504262,84.4445968748,495537,63.98017199372033,68.38620582563169,76.2749536995302,,,69.7178889610502,"rgba(38, 166, 154, 1.0)",11.264832265211606,76.23148168517307,0.7773886936666636,3,0.1575841832044514,0.47275254961335417,0.0,0.0,0.0,0.0,71.74236624066943,17.78956267671755,True,False,True,False,True,20.0
2024-03-29 00:00:00+00:00,82.291746938,85.4436485656,81.5584148964,84.7908029062,529107,64.27905292230865,68.67708459188846,76.55687730239,,,69.96153114495492,"rgba(38, 166, 154, 1.0)",11.29648790287762,76.43855281742572,0.5181428219901221,3,0.15578188766105094,0.46734566298315283,0.0,0.0,0.0,0.0,69.69290843530753,17.78956267671755,True,False,True,False,True,20.0
2024-04-05 00:00:00+00:00,81.7962523153,82.5394942493,79.586346298,82.2322875832,477677,64.51604656278168,68.89858179187932,76.72771366348876,,,70.11088405747178,"rgba(38, 166, 154, 0.75)",11.361502992734748,76.51977748315485,0.46441697331059517,3,0.15436537822266275,0.46309613466798827,0.0,0.0,0.0,0.0,67.82369782718362,17.78956267671755,True,False,True,False,False,19.93621223481802
2024-04-12 00:00:00+00:00,79.4971572659,82.4205755399,78.843104364,81.9349908096,389748,64.69275134323445,69.05876719174792,76.82822194019745,,,70.20579861411171,"rgba(38, 166, 154, 0.5)",11.334236495604669,76.54822824753663,0.26017888540678896,3,0.15403769360302524,0.46211308080907576,0.0,0.0,0.0,0.0,64.71188779539378,18.60707679566825,False,False,True,False,False,16.715396429410298
2024-04-19 00:00:00+00:00,78.2088712469,80.5079662962,77.5250886676,79.8935529641,512989,64.89743385905759,69.23538206414881,76.89762115102849,,,70.28512688237215,"rgba(38, 166, 154, 0.5)",11.291806900693025,77.89611481669012,0.027697642455317965,2,0.17904603226769084,0.35809206453538167,0.0,0.0,0.0,0.0,61.5812202054777,15.649820134112531,False,True,True,False,False,14.97013042104484
2024-04-26 00:00:00+00:00,81.1025598435,81.2412983378,77.8818447959,78.4268888809,730145,65.20565562178594,69.50951978749038,77.0531692777745,,,70.4687291942224,"rgba(38, 166, 154, 0.5)",11.28841342992508,78.11012498601657,0.2650890557880012,2,0.17806094284822124,0.3561218856964425,0.0,0.0,0.0,0.0,60.90973721448641,15.08425473733206,False,True,True,False,False,17.47889564890995
2024-05-03 00:00:00+00:00,82.9755295173,84.060662741,78.6449065149,81.1917488756,532144,65.44904370200979,69.73365022093488,77.21991418567795,,,70.6567538291693,"rgba(38, 166, 154, 0.5)",11.32969528996113,78.37753536471436,0.4058356411985566,2,0.17643034509481847,0.35286069018963695,0.0,0.0,0.0,0.0,61.31412000151403,15.08425473733206,False,True,True,False,False,19.023963800716807
2024-05-10 00:00:00+00:00,80.1908497377,85.1160662873,80.0174266198,83.1638174739,620261,65.72193594169538,69.98240991848657,77.39574050732112,,,70.86369007509832,"rgba(38, 166, 154, 0.5)",11.287664063526307,80.45059373023093,-0.02301131492478027,2,0.17616042602219556,0.3523208520443911,0.0,0.0,0.0,0.0,59.68237269538923,13.947366322261956,False,True,True,False,False,15.34241500587158
2024-05-17 00:00:00+00:00,79.0214824281,82.271927153,78.4566185583,80.2899486622,589969,65.94408780646951,70.17385845026516,77.48502265070982,,,70.99790958119186,"rgba(38, 166, 154, 0.5)",11.172538678167275,80.16741495733027,-0.10256688853264655,2,0.1766604240675831,0.3533208481351662,0.0,0.0,0.0,0.0,57.78159730656626,12.124090621952035,False,True,True,False,False,13.851657007472387
2024-05-24 00:00:00+00:00,80.9142718868,81.0331905963,78.5656273753,79.2692297395,383079,66.08720841821194,70.29741101497487,77.5454029212726,,,71.08881504201756,"rgba(38, 166, 154, 0.5)",11.065995686680411,80.11010318776584,0.07267025234810892,2,0.17665772668471844,0.35331545336943687,0.0,0.0,0.0,0.0,57.42100510680713,11.774702549082129,False,True,True,False,False,15.474017307305566
2024-05-31 00:00:00+00:00,79.9530123188,81.2115686605,77.425989743,79.9431024264,604103,66.29713783451045,70.4739119575223,77.61335387448983,,,72.2513890619243,"rgba(38, 166, 154, 0.5)",10.895227992462615,80.44909452812148,-0.045532063180748886,2,0.17684747703895043,0.35369495407790086,0.0,-1.0,77.42599,140.0,56.5359520731929,10.878602490357693,False,True,True,False,False,14.24695026085417
2024-06-07 00:00:00+00:00,81.3701269397,82.7277822059,78.8629241489,79.9827419962,651751,66.54053103363265,70.68635732762147,77.73352292340303,,,72.49702375533462,"rgba(38, 166, 154, 0.5)",10.750614375622288,80.68553766765004,0.06367908364402991,2,0.1767089943798834,0.3534179887597668,0.0,0.0,0.0,0.0,56.65844459028422,10.878602490357693,False,True,True,False,False,15.461678787824571
2024-06-14 00:00:00+00:00,81.7367929605,82.3016568304,79.7349946848,80.9737312416,500358,66.72538540503841,70.84785543674703,77.82733405664213,,,72.64918485381374,"rgba(38, 166, 154, 0.5)",10.626814792585904,80.79937740475086,0.08821227941256254,2,0.1769317367672215,0.353863473534443,0.0,0.0,0.0,0.0,56.93994358381089,10.878602490357693,False,True,True,False,False,15.774330446353819
2024-06-21 00:00:00+00:00,81.1124697359,82.2223776908,78.6944559772,81.3602170473,667709,66.95536869850551,71.0442208790789,77.92506624200892,,,72.79071540777164,"rgba(38, 166, 154, 0.5)",10.52877695031221,80.80028316065601,0.029650791988212976,1,0.13580806021725142,0.13580806021725142,0.0,0.0,0.0,0.0,56.68021071326113,10.717515027373203,False,True,True,False,False,14.953609539719483
2024-06-28 00:00:00+00:00,82.9487728077,84.4479068225,80.656614683,81.2512082303,441493,67.12496667579472,71.19598607303745,78.03062036345351,,,72.95088637201931,"rgba(38, 166, 154, 0.5)",10.438383688876096,80.98308628363152,0.18831330430622636,1,0.13522176607293213,0.13522176607293213,0.0,0.0,0.0,0.0,57.512604397674664,10.717515027373203,False,True,True,False,False,16.539964287948152
2024-07-05 00:00:00+00:00,84.2195619063,85.5102070847,80.3774104908,82.7998522102,443704,67.29910803082257,71.35343053450343,78.1470158687771,,,73.11955343177488,"rgba(38, 166, 154, 0.5)",10.356037689802653,81.18663790244513,0.2928652921803599,1,0.13471484605311765,0.13471484605311765,0.0,0.0,0.0,0.0,58.761459246332464,10.717515027373203,False,True,True,False,False,17.61061551218924
2024-07-12 00:00:00+00:00,84.5571152607,85.371214527,83.2317219429,84.3287703445,355659,67.44469127598974,71.48716431755416,78.25419230434578,,,73.26945815275468,"rgba(38, 166, 154, 0.5)",10.296052937104056,81.38617096052681,0.30797668966386194,1,0.13392726110797037,0.13392726110797037,0.0,0.0,0.0,0.0,59.82636605847216,10.717515027373203,False,True,True,False,True,17.894089279500996
2024-07-19 00:00:00+00:00,84.7258919378,86.8306363825,84.2692021055,84.4081946632,483832,67.6489835280863,71.67698018891845,78.41450556183527,,,73.4856789293926,"rgba(38, 166, 154, 0.5)",10.218625223306175,81.68466564245954,0.2976159932359761,1,0.13324743824115723,0.13324743824115723,0.0,0.0,0.0,0.0,60.677382980849906,10.717515027373203,False,True,True,False,True,18.037642583120146
2024-07-26 00:00:00+00:00,85.4109266863,87.0589812987,84.5273311412,85.311646288,341322,67.7934401296501,71.81152917826536,78.52945570716511,,,73.63592106195088,"rgba(38, 166, 154, 0.5)",10.141166760888293,81.88616485601412,0.34756965479356133,1,0.1328264936138809,0.1328264936138809,0.0,0.0,0.0,0.0,61.661147270882296,8.004810055214186,False,True,True,False,True,18.62458564086106
2024-08-02 00:00:00+00:00,83.643735596,87.7837282065,82.8991326085,85.5102070847,584648,68.02350911614519,72.02165215330784,78.69457555716505,,84.775532137,75.06107374225378,"rgba(38, 166, 154, 0.5)",10.11897391460507,82.78927865044565,0.08444106613626892,1,0.1330055540162133,0.1330055540162133,0.0,0.0,0.0,0.0,60.73227535489321,8.004810055214186,False,True,True,False,True,16.152178971615523
2024-08-09 00:00:00+00:00,79.2753980693,85.1825817702,78.7789960776,81.1517975978,637873,68.21367263781015,72.17903666706839,78.76141994987535,,82.84679376405167,74.92683038534147,"rgba(38, 166, 154, 0.5)",10.035115577253139,82.23219834961971,-0.2946453638283917,0,,,0.0,0.0,0.0,0.0,56.883736247530564,10.612702806682123,False,True,True,False,False,10.459742700811638
2024-08-16 00:00:00+00:00,82.0850333422,82.5814353338,77.8755444528,79.0271970735,423878,68.33478455113669,72.27798669563083,78.79956785391782,,82.33201852824986,74.9189506150106,"rgba(38, 166, 154, 0.5)",9.934095418399574,82.05159706854607,0.0033658095926886156,0,,,0.0,0.0,0.0,0.0,55.886176192218365,9.702348029868176,False,True,True,False,False,13.00085864176318
2024-08-23 00:00:00+00:00,84.0904973885,84.7854601768,81.4496387928,82.4424427762,325075,68.44503986787983,72.37487119901488,78.8637775073332,,82.5150204288408,75.0142018051052,"rgba(38, 166, 154, 0.5)",9.856503874516077,82.141851197871,0.1977015598469152,0,,,0.0,0.0,0.0,0.0,56.26072318090384,9.702348029868176,False,True,True,False,False,14.729238996946766
2024-08-30 00:00:00+00:00,81.3999985936,84.2294899462,81.141869558,84.0805693487,838157,68.70014751994182,72.59115607549091,78.98062478721751,,82.43808449626341,75.14995476183293,"rgba(38, 166, 154, 0.5)",9.684478907489128,82.13692364091526,-0.07609341239262549,0,,,0.0,0.0,0.0,0.0,54.81202402616278,8.696132229827903,False,True,True,False,False,11.430759260255059
2024-09-06 00:00:00+00:00,77.329502262,81.4198546733,77.1706536246,80.7149638451,424406,68.79224714263549,72.6574559484607,78.9747874902728,,81.93965842543423,75.10476345122346,#000000,9.53482309776211,81.89325939499699,-0.4786409864350948,0,,,0.0,0.0,0.0,0.0,51.64961663027773,5.676845564723777,False,True,False,False,False,6.789196088117983
2024-09-13 00:00:00+00:00,76.8628843898,78.3918025241,75.482886853,77.6968397358,1054533,68.97499067356937,72.77026805687419,78.89056020687492,,80.70351711819856,75.13198565608033,#000000,9.356029565817744,80.12418039069294,-0.3485769233573274,0,,,0.0,0.0,0.0,0.0,49.17136879582925,3.3807782661251338,False,True,False,False,False,6.2786203355787755
2024-09-20 00:00:00+00:00,79.6328075033,80.605755407,76.8728124296,76.8728124296,1508402,69.28879455844267,72.999244391878,78.89865000004147,,80.26991332763808,75.29253053177817,#000000,9.219762552556015,80.16370232113741,-0.05758226579167438,0,,,0.0,0.0,0.0,0.0,49.03746988192959,3.327911898866013,False,True,False,False,False,8.782521351747011
2024-09-27 00:00:00+00:00,79.8472531637,80.9333807215,78.6598595996,79.4441747465,755666,69.4506987383667,73.12173260226528,78.92326632214437,,80.21727839270837,75.38322441205959,#000000,9.102901297672208,80.20284462923169,-0.039063530835231626,0,,,0.0,0.0,0.0,0.0,49.062915953738056,3.327911898866013,False,True,False,False,False,8.972573651038104
2024-10-04 00:00:00+00:00,82.3738760993,82.7568484733,78.9022563965,79.9865158452,722474,69.62308950713964,73.2606564970193,78.98398762676142,,80.3292028975219,75.5307663325794,#000000,8.993830316261318,80.365324229714,0.2233255241600937,0,,,0.0,0.0,0.0,0.0,50.45386918745781,3.327911898866013,False,True,False,False,False,11.174936340332653
2024-10-11 00:00:00+00:00,84.4727636559,84.4926583247,81.3294059881,81.985930058,598818,69.78700992767456,73.40111978684473,79.07456097540907,,80.5651431218866,75.71439382141197,#000000,8.920777621103205,81.1965153073471,0.36726039900406504,0,,,0.0,0.0,0.0,0.0,52.46805026863578,3.327911898866013,False,True,False,False,True,12.929905704814129
2024-10-18 00:00:00+00:00,83.3089255321,84.3633429776,81.1155382987,84.2141329618,813030,69.99547041463373,73.57648911211969,79.17827341603802,,80.78640639589236,75.90980416942935,#000000,8.750914618955173,81.33029413044457,0.2261056686999965,0,,,0.0,0.0,0.0,0.0,53.183201337224254,3.327911898866013,False,True,False,False,True,11.582844088882407
2024-10-25 00:00:00+00:00,81.3493006569,84.2738169681,80.9016706093,82.8811901532,399722,70.08971568011785,73.65359792641885,79.21739537613125,,80.84748734896391,75.98109909664876,#000000,8.557613425228512,81.33410037265298,0.0017762293634582438,0,,,0.0,0.0,0.0,0.0,52.538044406103324,3.327911898866013,False,True,False,False,True,9.3623291257599
2024-11-01 00:00:00+00:00,81.0608279595,82.4832967776,80.6828292526,81.4388266664,329561,70.16147292569039,73.71051811523516,79.24073377237082,,80.86713930743481,76.02416811589447,#000000,8.323680035489701,81.29660493507924,-0.02832604984501552,0,,,0.0,0.0,0.0,0.0,51.910251059599815,3.327911898866013,False,True,False,False,True,9.038581742255236
2024-11-08 00:00:00+00:00,80.2153045362,85.4774444295,79.8273584949,80.8021972653,587917,70.2920698893176,73.81558321926077,79.28919291868228,,80.92431376277094,76.11057165405147,#000000,8.134167196158668,81.42860114362648,-0.14916051983778508,0,,,0.0,0.0,0.0,0.0,50.961531412595455,3.327911898866013,False,True,False,False,True,8.084962542992606
2024-11-15 00:00:00+00:00,81.8765093797,83.3089255321,80.8618812717,80.8618812717,1111627,70.5348228524843,74.0111862795256,79.38203285776453,,81.03346433518392,76.27100144438978,#000000,7.956971374694638,81.50439384188896,0.04676597668737014,0,,,0.0,0.0,0.0,0.0,51.286014771444016,3.327911898866013,False,True,False,False,True,9.573371526013588
2024-11-22 00:00:00+00:00,85.5172337671,86.124021165,81.3393533225,81.757141367,650101,70.69983760782276,74.15311000474917,79.47857729720045,,81.21543495549525,76.42362134287809,#000000,7.881302029514704,81.85468180421591,0.46471407251849783,0,,,0.0,0.0,0.0,0.0,53.40766171659648,-0.6966901294287169,False,True,False,False,True,12.673704980749779
2024-11-29 00:00:00+00:00,86.5617038782,86.6711245566,84.9651567083,85.7460224581,610948,70.8706922709662,74.30517111947783,79.59726823126739,,81.45486933009732,76.60277721832855,"rgba(38, 166, 154, 0.5)",7.788924988429692,82.28062451123978,0.549636743622476,0,,,0.0,0.0,0.0,0.0,55.403428733330436,1.2677822375321028,False,True,True,False,True,13.52645988817957
2024-12-06 00:00:00+00:00,86.074284493,87.2480699513,85.1491823946,86.352809856,517399,71.01329250550168,74.43192025031153,79.69586093935754,,81.64355600232827,77.60346935216187,"rgba(38, 166, 154, 0.5)",7.732553108649559,83.69811826618141,0.3072938773819253,0,,,0.0,1.0,87.24807,174.0,56.48471077838218,2.3305911810093676,False,True,True,False,True,12.953418034253158
2024-12-13 00:00:00+00:00,82.1749294114,86.074284493,81.8566147109,85.9151271428,625201,71.15101106919532,74.54593146482124,79.76137215664417,,81.72333042456202,77.55430669357416,"rgba(38, 166, 154, 0.5)",7.619160180617401,83.33060466395747,-0.1516801360204275,0,,,0.0,0.0,0.0,0.0,54.787419500516805,2.3305911810093676,False,True,True,False,True,8.539067851093844
2024-12-20 00:00:00+00:00,79.0813084155,82.7319801374,78.5938890303,82.0257193955,573060,71.24187859219731,74.6105412266737,79.76739420099108,,81.65877176361532,77.43288270415177,#000000,7.5274902398265064,82.75882036867516,-0.4885442340022104,0,,,0.0,0.0,0.0,0.0,51.98033213069644,6.296654141171324,False,True,False,False,False,5.277285449020123
2024-12-27 00:00:00+00:00,78.4645736832,79.4095704505,77.9174702917,79.1409924219,363205,71.28872573675727,74.6395342609069,79.75558381166347,,81.58184872640358,77.35209944527902,#000000,7.4156865484338095,82.39620966118149,-0.5301782852205162,0,,,0.0,0.0,0.0,0.0,49.67923762213908,4.145945330360938,False,True,False,False,False,4.644688051863788
2025-01-03 00:00:00+00:00,78.9195420614,78.9793371432,77.2012622155,78.0865749763,603020,71.36278895197137,74.68400065068565,79.73269451121695,,81.45310003258824,77.25397849864017,#000000,7.307166461526823,81.92487366765269,-0.4112854992528439,0,,,0.0,0.0,0.0,0.0,48.32218269404183,2.9084510855405625,False,True,False,False,False,5.059565452597386
2025-01-10 00:00:00+00:00,75.8600270453,79.8862292164,75.3119054626,79.2284833171,409833,71.40273241174063,74.70278423123412,79.70264013379064,,81.33563062889755,77.17300855516021,"rgba(239, 83, 80, 1.0)",7.197860666273091,81.58200647869509,-0.7949555706470515,0,,,0.0,0.0,0.0,0.0,45.88726995692144,0.6265758432481476,False,True,False,True,False,1.946025946103486
2025-01-17 00:00:00+00:00,77.1954505377,78.3863692492,74.723920492,75.3318371565,526496,71.45097103427702,74.72391088942783,79.66147499680875,,81.18530075565768,77.0819145893462,"rgba(239, 83, 80, 1.0)",7.060297816841529,81.19938617447082,-0.5671057709803532,1,0.13181799420512294,0.13181799420512294,0.0,0.0,0.0,0.0,45.019844746046616,-0.15029437390316502,False,True,False,True,False,3.189873597757394
2025-01-24 00:00:00+00:00,81.0323016165,81.5405598114,76.9762019046,77.4346308647,450315,71.51505719438507,74.7683578567806,79.66370677226153,,81.14872835010395,77.09079954017818,#000000,6.9058456080910435,80.84798571090039,0.026689838733676516,1,0.13327500539249382,0.13327500539249382,0.0,0.0,0.0,0.0,46.6040753540135,-0.15029437390316502,False,True,False,False,False,6.6040322528583495
2025-01-31 00:00:00+00:00,77.1655529968,80.4044532582,77.0957920681,80.1553070842,607914,71.58343994068335,74.8083176035228,79.64099100893726,,81.04439416278262,77.05575177075791,"rgba(239, 83, 80, 1.0)",6.743591753308631,80.42801757616488,-0.483787378997876,1,0.13503705562830418,0.13503705562830418,0.0,0.0,0.0,0.0,45.89800648282276,-0.15029437390316502,False,True,False,True,False,2.800180919944701
2025-02-07 00:00:00+00:00,76.3284218523,76.9562702107,72.9300680396,74.983032513,758895,71.63146905165192,74.81681234660338,79.5592812465811,75.40492003419999,80.80412204783413,76.79800689509212,"rgba(239, 83, 80, 1.0)",6.590581864738923,78.22737595665374,-0.2881314796366577,1,0.13749915911744504,0.13749915911744504,0.0,0.0,0.0,0.0,45.032292716330204,-0.15029437390316502,False,True,False,True,False,2.0071963931387238
2025-02-14 00:00:00+00:00,77.0260311394,78.2817278561,76.2237804592,76.8964751289,656846,71.69114690909763,74.84554708460844,79.52016456111149,76.22717618847057,80.67513076969676,76.8236138423657,"rgba(239, 83, 80, 1.0)",6.392359374975552,78.29257971258676,-0.19813475727678365,1,0.14004676310593034,0.14004676310593034,0.0,0.0,0.0,0.0,44.82120188106302,-0.3310017689659901,False,True,False,True,False,2.6344005793680765
2025-02-21 00:00:00+00:00,75.8500611983,77.9727866004,75.7454198052,76.9562702107,469777,71.72804860239314,74.8600240659519,79.48537049757594,76.30081989544905,80.57213107947304,76.79118487355804,"rgba(239, 83, 80, 1.0)",6.222450236699412,78.18220583376822,-0.3747952248317649,1,0.14342004575967074,0.14342004575967074,0.0,0.0,0.0,0.0,44.1247228177084,-1.1220644412700196,False,True,False,True,False,1.5036445299480725
2025-02-28 00:00:00+00:00,84.9887428589,89.9268200267,75.6806418,76.2287633827,1614496,72.02995842940938,75.10986401206718,79.64061499936373,79.63646984106963,80.8046391591958,77.34366671425954,#000000,6.047779186061522,80.61444905398257,0.7232892720354241,2,0.12453905817846733,0.24907811635693466,0.0,0.0,0.0,0.0,47.97616147070586,-1.1220644412700196,False,True,False,False,True,9.113437129735054
2025-03-07 00:00:00+00:00,82.3178958741,86.1846444939,81.0721650044,85.0684696346,819379,72.17298637267673,75.22632680704997,79.70843126916508,80.31086393977859,80.8961485288005,77.51313001506342,#000000,5.806002587576255,80.97296019147832,0.23164572566667277,3,0.3709911446375073,1.112973433912522,0.0,0.0,0.0,0.0,49.46969961035896,-5.402818845243459,False,True,False,False,True,6.593993820677092
2025-03-14 00:00:00+00:00,82.1983057106,83.4041731926,79.8862292164,81.3811062601,876588,72.30357787864676,75.32658222055433,79.7509015088369,80.56707714734651,80.93292393216899,77.6101785796301,#000000,5.572039092597859,81.03252604998873,0.20921957675421496,3,0.3767859515592877,1.130357854677863,0.0,0.0,0.0,0.0,50.48099795840507,-4.41308136393021,False,True,False,False,True,6.482481248788758
2025-03-21 00:00:00+00:00,81.8395352201,83.5237633561,81.6501841279,81.7099792097,722383,72.41417277773051,75.41322205516846,79.79289329351799,80.78321120080234,80.9771035541136,77.69820507878487,#000000,5.2889308760526035,81.14521866372488,0.1312772983135169,3,0.38215939614128214,1.1464781884238464,0.0,0.0,0.0,0.0,51.02762855899033,-3.8363821734953163,False,True,False,False,True,6.143003044154181
2025-03-28 00:00:00+00:00,81.85647716,84.4505871232,81.6168387784,82.4574177315,796951,72.53703519595165,75.51043604455187,79.84300487333694,81.00372305168713,81.03290339801941,77.79692096161425,#000000,4.807025426913408,81.28430026995673,0.11902930382680778,3,0.38842318787911306,1.1652695636373391,0.0,0.0,0.0,0.0,51.42605888774857,-3.360719571542333,False,True,False,False,True,6.156823707801401
2025-04-04 00:00:00+00:00,80.1091139613,87.1085516887,79.7895961192,80.9578332292,965484,72.67759883537228,75.61986266680438,79.89502471181407,81.17116064428954,81.08375960282011,77.89477457150561,#000000,4.154828487443877,81.38421910923991,-0.3068971804235361,3,0.3950053562064657,1.1850160686193971,0.0,0.0,0.0,0.0,50.798736633827325,-3.360719571542333,False,True,False,False,True,4.477937049403931
2025-04-11 00:00:00+00:00,85.2213994341,85.9502995112,76.953875271,77.96235346,1199642,72.85326112075765,75.75831635153811,79.96613400374089,81.37884025581185,81.15891798724076,78.02185139913307,#000000,3.672817610626626,81.9878675878291,0.8803954318110596,3,0.4030597005804289,1.2091791017412867,0.0,0.0,0.0,0.0,52.675417402456816,-1.9648676709898893,False,True,False,False,True,8.579988645001222
2025-04-18 00:00:00+00:00,87.1884311492,87.6727003785,85.0316857153,85.7905405902,728840,72.99830447614626,75.88582272826524,80.0669267677356,81.77719885389533,81.30849956732817,78.19093088691808,"rgba(38, 166, 154, 0.5)",3.448331487942393,82.6438632630888,1.3179034272087695,3,0.41014496871334494,1.2304349061400348,0.0,0.0,0.0,0.0,54.77081273503951,0.12432939067267057,False,False,True,False,True,10.062980118296814
2025-04-25 00:00:00+00:00,86.9987174305,88.141992209,84.742122671,86.4096064092,794268,73.15289268413332,76.02137097184757,80.17329862300681,82.14750777173798,81.46237021170326,78.36278967553739,"rgba(38, 166, 154, 0.5)",3.263239623747838,83.08499856459385,1.199335420367087,3,0.41931136184007983,1.2579340855202394,0.0,0.0,0.0,0.0,56.15841818114908,1.5039059150306286,False,False,True,False,True,9.87647603379564
2025-05-02 00:00:00+00:00,91.5318768145,91.7565377972,86.1499981625,86.848943442,773188,73.33483111349788,76.18872741594771,80.32307708944006,82.67778018126783,81.69107909374709,78.59703527210772,"rgba(38, 166, 154, 1.0)",3.211252917543768,83.74747150377195,2.4241022151198868,3,0.4224835712633272,1.2674507137899815,0.0,0.0,0.0,0.0,58.765529747769676,4.035020678793678,True,False,True,False,True,13.181267251563806
2025-05-09 00:00:00+00:00,94.2178236742,94.6621531733,90.7131123443,91.2522987027,799157,73.55653126960975,76.39941785002829,80.52657348653902,83.3797791037223,82.00784987341859,78.90604117516256,"rgba(38, 166, 154, 1.0)",3.452818900346238,84.60724979917958,2.7833993477204095,3,0.42297227176140867,1.268916815284226,0.0,0.0,0.0,0.0,61.43785765393481,6.576934804605358,True,False,True,False,True,15.021497251672141
2025-05-16 00:00:00+00:00,101.1473668737,101.6565984345,93.1394509573,94.9067840212,1278388,73.99667201170885,76.83170715141553,80.97345899222792,84.85239464251629,82.70973147628419,79.56189669130298,"rgba(38, 166, 154, 1.0)",4.083905218155725,86.36548393886467,3.619546033810932,3,0.41193656547998886,1.2358096964399665,0.0,0.0,0.0,0.0,65.024329144871,9.943375004818627,True,False,True,False,True,19.38024926896624
2025-05-23 00:00:00+00:00,101.6765682996,103.1643232516,99.3700488773,101.047517548,1152707,74.42341924026458,77.25479320518663,81.41787102172236,86.1766647055841,83.39467818627423,80.18917420714797,"rgba(38, 166, 154, 1.0)",4.6119238633316755,87.85319511253395,2.9973116635711294,3,0.40270573731337134,1.208117211940114,0.0,0.0,0.0,0.0,67.6964222000773,12.380266422546903,True,False,True,False,True,19.693457648626964
2025-05-30 00:00:00+00:00,102.7848958142,104.3374529786,102.2656793209,102.6451067583,728375,74.70310164438888,77.53327614894974,81.71225218673652,86.99249621366735,83.8412405427088,80.5938457909819,"rgba(38, 166, 154, 1.0)",5.162013015530506,88.74039679989865,2.720740721119236,3,0.391328485075142,1.173985455225426,0.0,0.0,0.0,0.0,69.84108966784481,14.310636068500699,True,False,True,False,True,20.0
2025-06-06 00:00:00+00:00,106.1198632906,106.1418301422,102.3854985116,102.5552423652,732600,74.99597471323136,77.82616644524076,82.02398229753128,87.81844600449683,84.30947169215945,81.01502841408173,"rgba(38, 166, 154, 1.0)",5.823899894750766,89.62660313633256,2.8319958193534958,3,0.37721205950401426,1.1316361785120428,0.0,0.0,0.0,0.0,72.04007045320829,16.31170165982823,True,False,True,False,True,20.0
2025-06-13 00:00:00+00:00,106.5592003234,108.1767593988,104.2626658337,106.0200139649,800578,75.32481249396972,78.15592219182807,82.37620167983093,88.70768062889944,84.83232163913388,81.48274125267652,"rgba(38, 166, 154, 1.0)",6.3972797016559575,90.56729002662063,2.4997985147718054,3,0.3632881469407984,1.0898644408223952,0.0,0.0,0.0,0.0,73.69494252567915,17.814049857798636,True,False,True,False,True,20.0
2025-06-20 00:00:00+00:00,105.2411892249,108.0170004777,104.9017015178,106.7089743119,677654,75.59535195768875,78.42643091384964,82.66307278863718,89.38531198773609,85.25036519610612,81.85635389465762,"rgba(38, 166, 154, 1.0)",6.861113173468468,91.26561576595375,2.0369250740519758,3,0.3532063386166964,1.0596190158500893,0.0,0.0,0.0,0.0,73.97745900765509,18.05622907618772,True,False,True,False,True,20.0
2025-06-27 00:00:00+00:00,109.4148910367,109.5047554298,104.7020028665,104.8717467201,1009699,76.01330458471922,78.84582265417315,83.11012562066969,90.40230907638737,85.89547890068307,82.43032258062665,"rgba(38, 166, 154, 1.0)",7.462161369133973,92.30981522724834,2.292241478481563,2,0.461646031714743,0.923292063429486,0.0,0.0,0.0,0.0,75.05216866665761,19.13380155095905,True,False,True,False,True,20.0
2025-07-04 00:00:00+00:00,110.39,110.39,107.28,109.8,723147,76.31964550914347,79.15386197066549,83.43923690902014,91.12060385965466,86.36496097628536,82.84680092241324,"rgba(38, 166, 154, 1.0)",8.044839757239421,93.04267432394782,2.15632954782494,2,0.44515122801270546,0.8903024560254109,0.0,0.0,0.0,0.0,76.00632177466089,20.130440740374183,True,False,True,False,True,20.0
2025-07-11 00:00:00+00:00,110.43,110.61,108.44,109.89,711585,76.61988377787158,79.45562034344852,83.76089658255798,91.79319264133034,86.81808877016502,83.24858998078845,"rgba(38, 166, 154, 1.0)",8.579452365338383,93.72191971438846,1.9474530044730376,2,0.43161001508246816,0.8632200301649363,0.0,0.0,0.0,0.0,76.69580613929816,20.906557976062032,True,False,True,False,True,20.0
2025-07-18 00:00:00+00:00,111.99,112.28,108.98,110.29,733077,76.9351091458654,79.77295460924236,84.09975777341941,92.48220854548056,87.29147144403838,83.66771148111275,"rgba(38, 166, 154, 1.0)",9.120068381631633,94.4163025856552,1.926926057894399,2,0.4187359082645703,0.8374718165291406,0.0,0.0,0.0,0.0,77.50298954158522,21.826383830485184,True,False,True,False,True,20.0
2025-07-25 00:00:00+00:00,110.2,113.5,109.895,112.86,757197,77.25578492015886,80.09529247225555,84.44250978894333,93.14814809103775,87.76369242547032,84.08624579479253,"rgba(38, 166, 154, 1.0)",9.559108125685254,99.76117879650812,1.0920287819993213,2,0.40927006013265804,0.8185401202653161,0.0,0.0,0.0,0.0,76.73810769063475,21.826383830485184,True,False,True,False,True,20.0
2025-08-01 00:00:00+00:00,108.66,111.04,106.98,110.15,1038073,77.6565804022395,80.49463743429848,84.85926388503997,93.88046901582693,88.32078804624031,84.58373983880888,"rgba(38, 166, 154, 1.0)",9.914013790902802,99.94945276478762,0.8786095540037738,2,0.40212137546978366,0.8042427509395673,0.0,0.0,0.0,0.0,75.08830037039866,21.826383830485184,True,False,True,False,True,20.0
2025-08-08 00:00:00+00:00,109.54,112.12,108.22,108.62,819488,77.97644154096699,80.81370548458212,85.19252362120808,94.44995296368647,88.76199994909275,84.97785529675242,"rgba(38, 166, 154, 0.75)",10.262579208668866,100.36331968166556,0.8941885009357928,2,0.3958982680696318,0.7917965361392636,0.0,0.0,0.0,0.0,74.16399858814286,21.826383830485184,True,False,True,False,False,20.0
2025-08-15 00:00:00+00:00,106.23,109.4,98.0,109.4,1616646,78.48544936720764,81.31001780170843,85.6864238619877,95.10910674322433,89.37223228095236,85.53689597955373,"rgba(38, 166, 154, 0.75)",10.513144972503726,102.60814348858004,0.34450742578863264,2,0.39238425638592367,0.7847685127718473,0.0,0.0,0.0,0.0,71.247882303084,26.575320575982715,True,False,True,False,False,18.372527903926585
2025-08-22 00:00:00+00:00,110.79,110.89,105.51,106.35,944599,78.82397289961797,81.64508840470756,86.02992708203949,95.62199774555329,89.80729415857134,85.93036720133387,"rgba(38, 166, 154, 0.75)",10.871931684053825,103.30393604063943,0.6885679727311572,2,0.38667038510813523,0.7733407702162705,0.0,0.0,0.0,0.0,70.60211123544597,25.87553358661556,True,False,True,False,False,20.0
2025-08-29 00:00:00+00:00,108.67,110.7,108.2,110.7,669213,79.06028898794045,81.87869270336913,86.268544855974,95.96633810885618,90.10601598802683,86.20142781950376,"rgba(38, 166, 154, 0.75)",11.153845140092637,103.6388388723734,0.4510696593358672,2,0.38366592122498255,0.7673318424499651,0.0,0.0,0.0,0.0,68.85966119292553,24.104620616484567,True,False,True,False,False,18.952097847579598
2025-09-05 00:00:00+00:00,108.77,108.9,107.31,107.8,247772,79.1443728396177,81.96147894614302,86.35236834643275,96.0813991137108,90.20939519704778,86.2957706558359,"rgba(38, 166, 154, 0.75)",11.40975343117103,103.7145319354761,0.44308302497690605,2,0.3807508905581964,0.7615017811163928,0.0,0.0,0.0,0.0,67.64826092583353,22.855724381554225,True,False,True,False,False,19.012182817980072
