date,Close,High,Low,Open,Volume,aVWAP_BoS_CHoCH_bull_52,aVWAP_BoS_CHoCH_bull_100,aVWAP_BoS_CHoCH_bull_126,aVWAP_BoS_CHoCH_bull_147,aVWAP_BoS_CHoCH_bear_63,Peaks_Valleys_avg,color,StDev,StDev_Mean,StdDev_ZScore,MA_Cross_Count,MA_Avg_Deviation_Z,MA_Oscillation_Score,BoS,CHoCH,BoS_CHoCH_Price,BoS_CHoCH_Break_Index,QQEMOD,QQE1_Value,QQE1_Above_Upper,QQE1_Below_Lower,QQE2_Above_Threshold,QQE2_Below_Threshold,QQE2_Above_TL,banker_RSI
2021-12-31 00:00:00+00:00,11.5913649539,12.231103357,10.4059928589,10.4059928589,45490,,,,,,,#000000,,,,0,,,0.0,0.0,0.0,0.0,,,False,False,False,False,False,
2022-01-07 00:00:00+00:00,11.882341605,12.7838922126,11.4482616829,12.5072258886,69690,,,,,,,"rgba(38, 166, 154, 0.5)",,,,0,,,0.0,0.0,0.0,0.0,100.0,,False,False,True,False,False,
2022-01-14 00:00:00+00:00,12.2687204368,12.7778818752,11.6963073527,12.1065367297,85287,,,,,,,"rgba(38, 166, 154, 0.5)",,,,0,,,0.0,0.0,0.0,0.0,100.0,50.0,False,False,True,False,True,
2022-01-21 00:00:00+00:00,12.0196253431,13.0510183185,11.467342119,13.0510183185,187334,,,,,,,"rgba(38, 166, 154, 0.5)",,,,0,,,0.0,0.0,0.0,0.0,91.75498274806148,42.20588212902686,False,False,True,False,False,
2022-01-28 00:00:00+00:00,11.2002160131,11.7535486611,11.0571127421,11.562362691,69587,,,,,,,"rgba(38, 166, 154, 0.5)",,,,0,,,0.0,0.0,0.0,0.0,75.61637981553712,27.28803358009897,False,False,True,False,False,
2022-02-04 00:00:00+00:00,11.2765377577,11.8298704057,10.8567681626,10.8567681626,48492,,,,,,,"rgba(38, 166, 154, 0.5)",,11.32105877533333,,0,,,0.0,0.0,0.0,0.0,64.97486177578763,18.13699404301805,False,False,True,False,False,
2022-02-11 00:00:00+00:00,12.5501568699,14.3198673217,11.4369088234,11.744008443,43021,,,,,,,"rgba(38, 166, 154, 0.5)",,12.385357403939699,,0,,,0.0,0.0,0.0,0.0,65.49788670972593,18.13699404301805,False,False,True,False,False,
2022-02-18 00:00:00+00:00,12.4276604699,12.8792943933,12.3545823995,12.8792943933,42758,,,,,,,"rgba(38, 166, 154, 0.5)",,12.419647585428304,,0,,,0.0,0.0,0.0,0.0,65.00515817077776,18.13699404301805,False,False,True,False,False,
2022-02-25 00:00:00+00:00,11.7171050281,12.4089616425,11.6867671346,12.4022834898,20752,,,,,,,"rgba(38, 166, 154, 0.5)",,12.333058286351097,,0,,,0.0,0.0,0.0,0.0,60.644288638200855,16.52947476858617,False,False,True,False,False,
2022-03-04 00:00:00+00:00,11.9668140545,12.0605756468,11.5391884062,11.8329232754,50143,,,,,,,"rgba(38, 166, 154, 0.5)",,12.191190645581335,,0,,,0.0,0.0,0.0,0.0,58.627948755417705,15.13239968266491,False,False,True,False,False,
2022-03-11 00:00:00+00:00,13.1084260876,13.6427426591,12.2110347495,12.2396708232,15400,,,,,,,"rgba(38, 166, 154, 0.5)",,12.253468264960722,,0,,,0.0,0.0,0.0,0.0,60.80251903973884,15.13239968266491,False,False,True,False,False,
2022-03-18 00:00:00+00:00,13.4943905585,13.6126699931,12.263901347,12.9293309113,21942,,,,,,,"rgba(38, 166, 154, 0.5)",,12.340739460894376,,0,,,0.0,0.0,0.0,0.0,63.222663473505264,15.13239968266491,False,False,True,False,True,
2022-03-25 00:00:00+00:00,13.7912863053,13.8607311783,13.3431652732,13.6277063261,53056,,,,,,,"rgba(38, 166, 154, 0.5)",,12.599798747287043,,0,,,0.0,0.0,0.0,0.0,65.55674980166074,7.8438088721865284,False,False,True,False,True,
2022-04-01 00:00:00+00:00,14.1552230273,14.2031094381,13.5901633801,13.7046119018,25011,,,,,,,"rgba(38, 166, 154, 0.5)",,12.71652290632252,,0,,,0.0,0.0,0.0,0.0,67.9027680754724,9.938731993144017,False,False,True,False,True,
2022-04-08 00:00:00+00:00,14.7647212637,14.7647212637,14.1327164142,14.1552230273,16792,,,,,,,"rgba(38, 166, 154, 0.5)",,12.815183080862315,,0,,,0.0,0.0,0.0,0.0,70.55052580314609,12.37388380746797,False,False,True,False,True,
2022-04-15 00:00:00+00:00,15.668433608,15.8943138077,14.749014521,14.7777463675,31994,,,,,,15.437253978900003,"rgba(38, 166, 154, 0.5)",,13.851558993818196,,0,,,0.0,0.0,0.0,0.0,73.55611431875607,15.180087829904608,False,False,True,False,True,
2022-04-22 00:00:00+00:00,14.5000051849,15.8599792511,14.4329642098,15.703869552,8213,,,,,,15.33383903823327,"rgba(38, 166, 154, 0.5)",,13.846107764124064,,0,,,0.0,0.0,0.0,0.0,71.27039222511047,15.180087829904608,False,False,True,False,True,
2022-04-29 00:00:00+00:00,13.7564920393,14.4311445262,13.7012598531,14.4311445262,16540,,,,,,14.934271681876748,"rgba(38, 166, 154, 0.5)",,13.738449748967428,,0,,,0.0,0.0,0.0,0.0,67.47601797224497,15.180087829904608,False,False,True,False,False,
2022-05-06 00:00:00+00:00,13.7817090232,13.9965389547,13.2549585046,13.7529771767,30720,,,,,,14.492953336827144,"rgba(38, 166, 154, 0.5)",,13.618538283080715,,0,,,0.0,0.0,0.0,0.0,64.81587946946794,23.677740845368874,False,False,True,False,False,
2022-05-13 00:00:00+00:00,12.1631483387,13.6681224568,11.9762955639,13.5039678407,26864,,,,,,14.048764584745756,"rgba(38, 166, 154, 0.5)",,13.445877783575591,,0,,,0.0,0.0,0.0,0.0,59.2076900972739,18.354420063155473,False,False,True,False,False,
2022-05-20 00:00:00+00:00,11.7130160774,12.2780757246,11.4423620836,12.2780757246,45103,,,,,,13.415756116047849,"rgba(38, 166, 154, 0.5)",,12.814894601820248,,0,,,0.0,0.0,0.0,0.0,54.39698190260299,13.88198233136766,False,False,True,False,False,
2022-05-27 00:00:00+00:00,12.1425571821,12.1425571821,11.5502022807,11.7130160774,3210,,,,,,13.386730831853717,#000000,,12.806225106868173,,0,,,0.0,0.0,0.0,0.0,51.947368552018105,11.677117402338311,False,False,False,False,False,
2022-06-03 00:00:00+00:00,12.6037033179,12.6898988574,12.115261928,12.115261928,1789,,,,,,13.376752854007105,#000000,,12.808507959465514,,0,,,0.0,0.0,0.0,0.0,51.19571268675631,11.001925901675222,False,False,False,False,False,
2022-06-10 00:00:00+00:00,12.6324351644,12.9963718864,12.5306286551,12.5558169072,4953,,,,,,13.357543305783189,#000000,,12.821920587120053,,0,,,0.0,0.0,0.0,0.0,50.72087919927011,10.458380818198698,False,False,False,False,False,
2022-06-17 00:00:00+00:00,12.2301893138,12.9397701488,11.9524481313,12.7110646509,8512,,,,,,13.310489577584628,#000000,,12.819780299927974,,0,,,0.0,0.0,0.0,0.0,49.52683391365839,9.124879105668029,False,False,False,False,False,
2022-06-24 00:00:00+00:00,12.4791986499,12.7607707453,12.2301893138,12.2301893138,3854,,,,,,13.293092448838594,#000000,,12.820703488666332,,0,,,0.0,0.0,0.0,0.0,49.262306725567484,8.618077465190858,False,False,False,False,False,
2022-07-01 00:00:00+00:00,12.4979701229,12.5125275918,12.1918801852,12.4623426333,9727,,,,,,13.247764238926575,#000000,,12.815916949629031,,0,,,0.0,0.0,0.0,0.0,49.118908006517174,8.150845568173771,False,False,False,False,False,
2022-07-08 00:00:00+00:00,11.0844590495,12.3355394176,10.5350103721,12.2972302889,19231,,,,,,13.071669943054308,#000000,,12.704270388063236,,0,,,0.0,0.0,0.0,0.0,46.22802099121352,5.028995135237835,False,False,False,False,False,
2022-07-15 00:00:00+00:00,11.3682339198,11.6696309892,10.5989866169,10.5989866169,23168,,,,,,12.887478795575715,"rgba(239, 83, 80, 0.5)",,12.588064136651454,,0,,,0.0,0.0,0.0,0.0,44.882472252964504,3.442684505986719,False,False,False,True,False,
2022-07-22 00:00:00+00:00,10.6595150402,11.4831613056,10.1951126284,11.2765793295,44783,,,,,,12.54867204343458,"rgba(239, 83, 80, 0.5)",,12.357037477942049,,0,,,0.0,0.0,0.0,0.0,42.74149069968928,1.1007012421542726,False,False,False,True,False,
2022-07-29 00:00:00+00:00,11.2533065339,11.2533065339,9.9217769957,10.2108193711,12543,,,,,,11.641611320302665,"rgba(239, 83, 80, 0.5)",,11.860074231177773,,0,,,0.0,0.0,0.0,0.0,42.67852533777217,0.7566746990956261,False,False,False,True,False,
2022-08-05 00:00:00+00:00,10.6307831937,11.3586566376,10.552824117,11.3586566376,13117,,,,,,11.616263458226609,"rgba(239, 83, 80, 0.5)",,11.826652804106072,,0,,,0.0,0.0,0.0,0.0,41.609283949017446,-0.5955011017937508,False,False,False,True,False,
2022-08-12 00:00:00+00:00,10.5755222757,10.6882468866,10.3396338161,10.6630586346,63898,,,,,,11.349056313672769,"rgba(239, 83, 80, 0.5)",,11.586046398187081,,0,,,0.0,0.0,0.0,0.0,40.75704511646992,-1.7395550160580058,False,False,False,True,False,
2022-08-19 00:00:00+00:00,10.2093827788,10.52543309,10.2093827788,10.4823353203,41886,,,,,,11.210494727102564,"rgba(239, 83, 80, 0.5)",,11.45364919272355,,0,,,0.0,0.0,0.0,0.0,39.558395168409064,-3.2133153399528993,False,False,False,True,False,
2022-08-26 00:00:00+00:00,10.7265560153,10.831906119,10.1863973016,10.2391681263,35547,,,,,,11.164306370008713,"rgba(239, 83, 80, 0.5)",,11.396407805250563,,0,,,0.0,0.0,0.0,0.0,40.058716643100325,-3.2133153399528993,False,False,False,True,False,
2022-09-02 00:00:00+00:00,12.1203026028,12.7070791574,10.4105057041,10.7744424261,142078,,,,,,11.436925269394402,"rgba(239, 83, 80, 0.5)",,11.46370809919038,,0,,,0.0,0.0,0.0,0.0,43.39583587399569,-3.2133153399528993,False,False,False,True,False,
2022-09-09 00:00:00+00:00,11.9856325739,12.3125921655,11.6489575016,12.1203026028,82915,,,,,,11.543516429504084,"rgba(239, 83, 80, 0.5)",,11.566634114596075,,0,,,0.0,0.0,0.0,0.0,45.51246237428414,-3.2133153399528993,False,False,False,True,True,
2022-09-16 00:00:00+00:00,12.0144904372,12.5146934018,11.8509625449,11.8702011205,33212,,,,,,11.584128196804157,#000000,,11.607371873445485,,0,,,0.0,0.0,0.0,0.0,47.0823926651896,-9.489736813220567,False,False,False,False,True,
2022-09-23 00:00:00+00:00,11.6249092821,12.1010640272,11.621061567,11.9086782716,51294,,,,,,11.606257511621315,#000000,,11.622612888348119,,0,,,0.0,0.0,0.0,0.0,47.38222272055326,-9.026796667398926,False,False,False,False,True,
2022-09-30 00:00:00+00:00,12.1683990417,12.4637111765,11.3122824293,11.543145336,13734,,,,,,11.615946860509858,#000000,,11.631724299098,,0,,,0.0,0.0,0.0,0.0,48.7480508266338,-7.510640194926012,False,False,False,False,True,
2022-10-07 00:00:00+00:00,11.5602676682,12.7926908186,11.5239067604,12.3223076462,20263,,,,,,11.628604857815095,#000000,,11.676703464847337,,0,,,0.0,0.0,0.0,0.0,48.45345815369363,-7.510640194926012,False,False,False,False,True,
2022-10-14 00:00:00+00:00,11.2257088392,11.5046681849,10.9659880692,11.5046681849,53121,,,,,,11.600493177960082,#000000,,11.515246590850793,,0,,,0.0,0.0,0.0,0.0,47.590908560718816,-7.510640194926012,False,False,False,False,True,
2022-10-21 00:00:00+00:00,11.1872316881,11.235328127,10.5619779824,11.0910388103,82508,,,,,,11.538421229242212,#000000,,11.39890206634923,,0,,,0.0,0.0,0.0,0.0,46.89873647372758,-7.510640194926012,False,False,False,False,True,
2022-10-28 00:00:00+00:00,10.8515185446,11.1872316881,10.581216558,11.1872316881,33819,,,,,,11.511444013247079,"rgba(239, 83, 80, 0.5)",,11.360348290075017,,0,,,0.0,0.0,0.0,0.0,45.734131558714935,-7.510640194926012,False,False,False,True,True,
2022-11-04 00:00:00+00:00,11.2449474148,11.7740082427,10.6004551335,11.062180947,45254,,,,,,11.496582036499357,"rgba(239, 83, 80, 0.5)",,11.351474464444683,,0,,,0.0,0.0,0.0,0.0,45.902315497227484,-7.510640194926012,False,False,False,True,True,
2022-11-11 00:00:00+00:00,10.8024601769,11.3555692243,10.2926379246,11.3555692243,336988,,,,,,11.144922638125678,"rgba(239, 83, 80, 0.5)",,11.055153560466055,,0,,,0.0,0.0,0.0,0.0,45.11320913152733,-7.510640194926012,False,False,False,True,False,
2022-11-18 00:00:00+00:00,10.7639830258,11.0333230836,10.4850236802,11.0333230836,189462,,,,,,11.089231344397122,"rgba(239, 83, 80, 0.5)",,10.999876518366467,,0,,,0.0,0.0,0.0,0.0,44.47117148394592,-7.510640194926012,False,False,False,True,False,
2022-11-25 00:00:00+00:00,11.1583738248,11.543145336,10.581216558,10.8697951914,141392,,,,,,11.10221026223546,"rgba(239, 83, 80, 0.5)",,11.0198937654209,,0,,,0.0,0.0,0.0,0.0,45.0782802719048,-7.510640194926012,False,False,False,True,False,
2022-12-02 00:00:00+00:00,13.0788750683,13.5425279511,11.0333230836,11.321901717,448946,,,,,,11.531829114418512,#000000,,11.504172345992401,,0,,,0.0,0.0,0.0,0.0,49.38864881885293,-5.284085560614471,False,False,False,False,True,
2022-12-09 00:00:00+00:00,12.518627835,13.2624043344,12.2264299245,13.2044477241,254712,,,,,,11.689094638544105,#000000,,11.67786678235906,,0,,,0.0,0.0,0.0,0.0,51.20282623653326,-3.5059520355432383,False,False,False,False,True,3.2301438593458585
2022-12-16 00:00:00+00:00,13.1175128086,13.2430854643,12.2674825235,12.5572655752,412119,,,,,,11.90278993307718,#000000,,11.909054073558256,,0,,,0.0,0.0,0.0,0.0,53.48144080609579,-1.3059706450313087,False,False,False,False,True,5.818272162217735
2022-12-23 00:00:00+00:00,13.6487817368,13.7163977822,12.9436429775,13.34933925,277812,,,,,,12.067663121077638,"rgba(38, 166, 154, 0.5)",,12.084371172463268,,0,,,0.0,0.0,0.0,0.0,55.9112637516387,1.0055711343904647,False,False,True,False,True,8.005177045918202
2022-12-30 00:00:00+00:00,13.2913826396,14.5664280673,13.1368316787,13.8033326977,278299,,,,,,12.582932355002798,"rgba(38, 166, 154, 0.5)",,12.631309387870921,,0,,,1.0,0.0,14.566428,66.0,56.81030392146329,1.8415374742607824,False,False,True,False,True,6.242253770359518
2023-01-06 00:00:00+00:00,13.3300203799,13.9868619638,13.0595561982,13.5715062563,525522,,,,,,12.691604360399964,"rgba(38, 166, 154, 0.5)",,12.745437226151221,,0,,,0.0,0.0,0.0,0.0,57.51612866816245,2.5381085048036383,False,False,True,False,True,6.402972215598854
2023-01-13 00:00:00+00:00,13.2044477241,13.851629873,12.9919401528,13.5328685161,565729,,,,,,12.77202556199185,"rgba(38, 166, 154, 0.5)",,12.826044425412135,,0,,,0.0,0.0,0.0,0.0,57.70532735954498,2.787657081371492,False,False,True,False,True,5.77680826155078
2023-01-20 00:00:00+00:00,13.3300203799,13.7163977822,12.856708062,13.2913826396,670221,,,,,,12.840259917842808,"rgba(38, 166, 154, 0.5)",,12.892038283445675,,0,,,0.0,0.0,0.0,0.0,58.073891151582565,3.2591090199734936,False,False,True,False,True,6.315918796088152
2023-01-27 00:00:00+00:00,12.8277297568,13.513549646,12.4703306597,13.4459336005,1247648,,,,,,12.839964823645317,"rgba(38, 166, 154, 0.5)",,12.939566587974545,,0,,,0.0,0.0,0.0,0.0,57.03499358365242,3.2591090199734936,False,False,True,False,True,3.81070202676538
2023-02-03 00:00:00+00:00,13.0112590229,13.687419477,12.682838231,12.682838231,1035686,,,,,,12.88001458282479,"rgba(38, 166, 154, 0.5)",,12.981374908347439,,0,,,0.0,0.0,0.0,0.0,56.67506606216844,3.2591090199734936,False,False,True,False,True,4.619143281015091
2023-02-10 00:00:00+00:00,13.5618468212,13.8033326977,12.7794325816,12.7987514517,1030542,,,,,,12.947296732737613,"rgba(38, 166, 154, 0.5)",,13.054174190998065,,0,,,0.0,0.0,0.0,0.0,57.507433812976934,3.2591090199734936,False,False,True,False,True,6.98365897621531
2023-02-17 00:00:00+00:00,13.5425279511,13.7550355224,12.9339835425,13.6391223017,486066,,,,,,12.974885033805155,"rgba(38, 166, 154, 0.5)",,13.081382675327847,,0,,,0.0,0.0,0.0,0.0,58.046974983973826,3.717936003771243,False,False,True,False,True,6.885162219634317
2023-02-24 00:00:00+00:00,12.7601137114,13.9173140314,12.3640768741,13.513549646,511897,,,,,,12.975570620042081,"rgba(38, 166, 154, 0.5)",,13.094595005653806,,0,,,0.0,0.0,0.0,0.0,56.345700529675625,3.717936003771243,False,False,True,False,True,3.0118359676293416
2023-03-03 00:00:00+00:00,13.4173422356,13.4755099042,12.6248816206,12.6345410557,721805,,,,,,12.989670514177517,"rgba(38, 166, 154, 0.5)",,13.120832915308974,,0,,,0.0,0.0,0.0,0.0,56.494332080385895,3.717936003771243,False,False,True,False,True,5.816835983413288
2023-03-10 00:00:00+00:00,12.5836056516,13.5094410443,12.5290249892,13.4755099042,514202,,,,,,12.982217269353082,"rgba(38, 166, 154, 0.5)",,13.089628475982682,,0,,,0.0,0.0,0.0,0.0,54.66262495317838,3.717936003771243,False,False,True,False,False,1.9363193001105863
2023-03-17 00:00:00+00:00,12.0310127994,13.1895188667,11.9825397422,12.8065817148,4541983,12.401023802766668,,,,,12.711870543139874,#000000,,12.670677310218963,,0,,,0.0,-1.0,11.98254,97.0,52.236893196168786,6.341055523868903,False,False,False,False,False,0.0
2023-03-24 00:00:00+00:00,13.0586416122,13.0877254466,11.9922343536,12.4187972571,959025,12.455389394320193,,,,,12.71850009617889,#000000,,12.683338223254042,,0,,,0.0,0.0,0.0,0.0,52.574844287940785,6.341055523868903,False,False,False,False,False,3.7679313690012286
2023-03-31 00:00:00+00:00,14.4934441056,14.6873363345,12.8938332177,13.097420058,849255,12.665284683262545,,,,,12.813532875277328,"rgba(38, 166, 154, 0.5)",,12.812558254682369,,0,,,0.0,0.0,0.0,0.0,55.04737143839833,6.341055523868903,False,False,True,False,True,9.05932685892967
2023-04-07 00:00:00+00:00,15.2787076324,15.4047375812,14.3577195455,14.3771087683,1159625,13.027914078502809,,,,,13.003924785485804,"rgba(38, 166, 154, 1.0)",,13.061056606684492,,0,,,0.0,0.0,0.0,0.0,57.80497275085696,3.5473531424723674,True,False,True,False,True,11.685916449926292
2023-04-14 00:00:00+00:00,16.4420610055,16.6058029927,15.1235938494,15.2884022439,1525822,13.53944873416989,,,,,13.30753949301705,"rgba(38, 166, 154, 1.0)",,13.441638244027196,,0,,,0.0,0.0,0.0,0.0,61.02938646266654,6.565277975352345,True,False,True,False,True,15.281878753073926
2023-04-21 00:00:00+00:00,15.7925220389,16.6068694,15.5210729185,16.6068694,812409,13.740241951910129,,,,,13.439072131607887,"rgba(38, 166, 154, 1.0)",,13.600206388966194,,0,,,0.0,0.0,0.0,0.0,61.96527161713523,7.361640557619836,True,False,True,False,True,12.452099699874807
2023-04-28 00:00:00+00:00,15.7246597588,16.5487017313,15.5210729185,15.6471028672,1771588,14.074326772573311,,,,,13.677891850954126,"rgba(38, 166, 154, 1.0)",,13.877971613789125,,0,,,0.0,0.0,0.0,0.0,62.49240558368763,7.825056651339786,True,False,True,False,True,12.160846610272227
2023-05-05 00:00:00+00:00,16.694120903,16.8007616288,15.5501567528,15.9961088791,1749082,14.371844135387763,,,,16.3483464282,14.31350963735327,"rgba(38, 166, 154, 1.0)",,14.736259219879855,,0,,,0.0,0.0,0.0,0.0,63.958285837643785,9.234914909588305,True,False,True,False,True,15.070343980794942
2023-05-12 00:00:00+00:00,14.5806956086,16.7328993487,14.5322225514,16.694120903,1595482,14.468877946478313,,,,15.83963031877024,14.309524618434232,"rgba(38, 166, 154, 0.75)",,14.68352826591391,,0,,,0.0,0.0,0.0,0.0,61.18982836386233,9.234914909588305,True,False,True,False,False,6.659759838994162
2023-05-19 00:00:00+00:00,14.0668812022,14.7745878375,13.7518063303,14.6970309459,918053,14.453206306674211,,,,15.486015300432967,14.255350897301907,"rgba(38, 166, 154, 0.75)",,14.59060391765274,,0,,,0.0,0.0,0.0,0.0,58.45377106763063,13.463823536990795,True,False,True,False,False,4.810917232350878
2023-05-26 00:00:00+00:00,13.3203961212,14.2394452859,13.1458931152,14.105659648,811479,14.410204891574656,,,,15.179367581935022,14.190179295214032,"rgba(38, 166, 154, 0.5)",,14.490062524433805,,0,,,0.0,0.0,0.0,0.0,55.45586904471675,10.678828231765465,False,False,True,False,False,2.219094312730558
2023-06-02 00:00:00+00:00,13.8168114009,14.0357397506,12.9021774068,13.2232723196,680431,14.377883664902937,,,,14.990834502860741,14.148188730152134,"rgba(38, 166, 154, 0.5)",1.4576354057123717,14.424911899804268,-0.4171828541768154,0,,,0.0,0.0,0.0,0.0,54.02820292008347,9.41063556675573,False,False,True,False,False,3.7883439681022715
2023-06-09 00:00:00+00:00,13.8265415498,13.9141128896,13.4859863392,13.6416687212,431393,14.362482712193664,,,,14.903758316905368,14.129616064590536,#000000,1.4576161827611236,14.39492280720425,-0.3899389044429927,0,,,0.0,0.0,0.0,0.0,53.02269575683522,8.49811343391763,False,False,False,False,False,3.8190403150782615
2023-06-16 00:00:00+00:00,13.2816532128,14.1476364626,13.2816532128,13.8946525919,1108092,14.316072194803457,,,,14.701184116048665,14.08003003907321,#000000,1.4556414817854988,14.31799125615967,-0.7119459402108352,0,,,0.0,0.0,0.0,0.0,51.48218946662507,7.027491844156721,False,False,False,False,False,1.9242513863043982
2023-06-23 00:00:00+00:00,12.9897487466,13.271923064,12.6005427917,13.1065105331,447144,14.284616447018372,,,,14.600267546437761,14.04852045836761,#000000,1.4548446342901837,14.005091939559467,-0.6979048958412325,0,,,0.0,0.0,0.0,0.0,49.950840786974275,5.5467489195568405,False,False,False,False,False,0.9264821119209365
2023-06-30 00:00:00+00:00,13.4081451482,13.4859863392,12.7464950248,12.9897487466,607822,14.252014274729103,,,,14.499311214859045,14.017446424889245,#000000,1.4542199434436518,14.00230363217136,-0.4085753923607797,0,,,0.0,0.0,0.0,0.0,49.57097186649426,5.138963047304827,False,True,False,False,False,2.3055611622982006
2023-07-07 00:00:00+00:00,12.7562251737,13.6805893167,12.6200030894,13.427605446,568632,14.217873206072365,,,,14.404915193572835,13.985647994513407,#000000,1.442551827158332,13.95551698523601,-0.8313682662608257,0,,,0.0,0.0,0.0,0.0,48.30131893949561,3.830370486350816,False,True,False,False,False,0.08302804483539816
2023-07-14 00:00:00+00:00,13.6027481257,13.7681606565,12.649193536,12.649193536,809876,14.184569491670372,,,,14.316256969276738,13.956824074138249,#000000,1.4345062462325133,13.940282321009326,-0.23529642774006873,0,,,0.0,0.0,0.0,0.0,48.81944739527568,3.830370486350816,False,True,False,False,False,2.8321843863592235
2023-07-21 00:00:00+00:00,13.5735576791,13.8654621453,13.3400341061,13.4470657437,462433,14.17202672997145,,,,14.283435356367686,13.94709977129491,#000000,1.4367383216714091,13.81992962142397,-0.17148003822808636,0,,,0.0,0.0,0.0,0.0,49.14161661832418,3.830370486350816,False,True,False,False,False,2.731816687565054
2023-07-28 00:00:00+00:00,13.1454311286,13.729240061,12.7951457691,13.4665260414,879165,14.13526356920085,,,,14.19923161952287,13.916270747066369,#000000,1.4363655132512387,13.728649423633307,-0.4060375229374463,0,,,0.0,0.0,0.0,0.0,48.65869156739288,3.805584130929674,False,True,False,False,False,1.2600559478340294
2023-08-04 00:00:00+00:00,12.4059398142,13.5249069347,12.3864795164,13.3400341061,636843,14.098055434996377,,,,14.12160932396715,13.883936390597704,#000000,1.4312391474920516,13.636916787831726,-0.8600777695249302,0,,,0.0,0.0,0.0,0.0,47.166195982621815,2.1920842233077025,False,True,False,False,False,0.0
2023-08-11 00:00:00+00:00,13.116240682,13.194081873,12.26971773,12.347558921,713401,14.061314342619108,,,,14.049139720656806,13.85279037608404,#000000,1.42774176992466,13.278551674316013,-0.11368371769677729,0,,,0.0,0.0,0.0,0.0,47.395128314152316,2.1920842233077025,False,True,False,False,False,1.1353014435476076
2023-08-18 00:00:00+00:00,13.271923064,13.427605446,12.882717109,13.0286693421,598906,14.040233411812036,,,,14.009802643499587,13.836177678325734,#000000,1.428233832410505,13.313754163605804,-0.029288691148846493,0,,,0.0,0.0,0.0,0.0,47.8332264445129,2.1920842233077025,False,True,False,False,False,1.6386918709353253
2023-08-25 00:00:00+00:00,13.1454311286,13.8119463265,13.0189391932,13.3303039572,380431,14.029364199479623,,,,13.990371365095404,13.828054376324639,#000000,1.4267505718073212,13.169049402821324,-0.016553891540695573,0,,,0.0,0.0,0.0,0.0,47.924942498866244,2.1920842233077025,False,True,False,False,False,1.2080993844819297
2023-09-01 00:00:00+00:00,13.3418022654,13.7129504982,13.0967803842,13.194081873,853077,14.008079032621588,,,,13.954066033533392,13.81274475784337,#000000,1.4237632537882117,13.223920585730527,0.08279584358974365,0,,,0.0,0.0,0.0,0.0,48.370340443998664,2.1920842233077025,False,True,False,False,False,1.8590792086004058
2023-09-08 00:00:00+00:00,12.7167105048,13.273432854,12.3260281544,13.273432854,428331,13.987948579820017,,,,13.919577714703557,13.796000836701936,#000000,1.4157813338206127,13.156338664075093,-0.31051981600062317,0,,,0.0,0.0,0.0,0.0,47.55133212185844,1.6685950571448203,False,True,False,False,False,0.0
2023-09-15 00:00:00+00:00,12.8632163862,13.1464610902,12.6483410934,12.7264775635,608941,13.963011760978274,,,,13.878411941824737,13.775701076993196,#000000,1.3978219822152878,13.11235393278387,-0.17823267179489774,0,,,0.0,0.0,0.0,0.0,47.27458157618378,1.2084182739304623,False,True,False,False,False,0.2162617671041609
2023-09-22 00:00:00+00:00,12.7753128573,13.1464610902,12.6971763872,12.8632163862,388651,13.947492296501176,,,,13.853487261347237,13.763105256254713,#000000,1.3574351738903458,13.091115633146144,-0.23264667213614948,0,,,0.0,0.0,0.0,0.0,46.90964290490265,0.6615352747163996,False,True,False,False,False,0.0
2023-09-29 00:00:00+00:00,12.7655457986,12.951119915,12.0818516854,12.706943446,852787,13.906656102265966,,,,13.788795800474771,13.728967974743787,#000000,1.342418744809534,12.896247492248197,-0.09736283417790113,0,,,0.0,0.0,0.0,0.0,46.62934016101724,0.19863714278523048,False,True,False,False,False,0.0
2023-10-06 00:00:00+00:00,12.6288069759,12.6971763872,12.2381246256,12.5897387409,607320,13.877400674041686,,,,13.743881359769649,13.704444958217096,#000000,1.337371146244742,12.848231014027299,-0.16407116210292727,0,,,0.0,0.0,0.0,0.0,46.14152430888078,-0.4580711392501726,False,True,False,False,False,0.0
2023-10-13 00:00:00+00:00,12.9413528562,13.0878587376,12.3162610956,12.746011681,442256,13.860807192767814,,,,13.719679149279889,13.691013153559851,#000000,1.3320465031804034,12.852013186385859,0.0670694826350528,0,,,0.0,0.0,0.0,0.0,46.59469363396245,-0.4580711392501726,False,True,False,False,False,0.5200002251164655
2023-10-20 00:00:00+00:00,12.6776422697,12.9608869737,12.5213693296,12.8729834449,421787,13.844562520950726,,,,13.696255626177692,13.677771964439417,#000000,1.3304110165125154,12.846401828547963,-0.12684768598078996,0,,,0.0,0.0,0.0,0.0,46.318071632855634,-0.5954269287358827,False,True,False,False,False,0.0
2023-10-27 00:00:00+00:00,12.6776422697,12.9413528562,12.140454038,12.6092728584,672353,13.816640259324675,,,,13.656298883912358,13.654679184515585,#000000,1.3250300353921385,12.820155623124892,-0.10755480979170087,0,,,0.0,0.0,0.0,0.0,46.12048448920791,-0.9500611250486202,False,True,False,False,False,0.0
2023-11-03 00:00:00+00:00,13.0097222675,13.2050634427,12.3846305069,12.706943446,864811,13.790268290367726,,,,13.621340510973852,13.633847141195337,#000000,1.3234418012953217,12.816194921086016,0.14623034139058455,0,,,0.0,0.0,0.0,0.0,46.90883879569413,-0.9500611250486202,False,True,False,False,False,0.7960449505463068
2023-11-10 00:00:00+00:00,11.7107034525,13.0780916789,11.5739646299,12.9218187387,735503,13.751771913045452,,,,13.566909337560674,13.38944000161228,"rgba(239, 83, 80, 1.0)",1.328885562915636,12.50164627695949,-0.5951925783015685,0,,,0.0,0.0,0.0,0.0,44.67202101458122,-2.537044161639315,False,True,False,True,False,0.0
2023-11-17 00:00:00+00:00,12.2381246256,12.6874093285,11.6227999237,11.6227999237,633280,13.721225039230923,,,,13.524985064687947,13.371214092456322,"rgba(239, 83, 80, 1.0)",1.3301343510165178,12.460484743930325,-0.1671711719649919,0,,,0.0,0.0,0.0,0.0,44.47055968737719,-2.7830561145658947,False,True,False,True,False,0.0
2023-11-24 00:00:00+00:00,12.7753128573,12.8822621507,12.1502210967,12.1502210967,273331,13.711903460016389,,,,13.513082147920702,13.375452274093641,"rgba(239, 83, 80, 1.0)",1.328776152531923,12.483869985658384,0.21933180474851577,0,,,0.0,0.0,0.0,0.0,45.61532179095832,-2.7830561145658947,False,True,False,True,False,0.03283956823700862
2023-12-01 00:00:00+00:00,13.6197159962,13.825629629,12.6385740347,12.7655457986,1102914,13.700498271877585,,,,13.505570239125955,13.426048416460976,#000000,1.3321396650007264,12.862145248356713,0.5686871787898261,8,0.3137554676580864,2.510043741264691,0.0,1.0,13.825629,117.0,48.19039986225398,-4.628666655078,False,True,False,False,True,2.932160382941426
2023-12-08 00:00:00+00:00,13.3353590748,13.6785484627,13.1882779085,13.600105174,664082,13.694739393828158,,,,13.502536281755662,13.443256924277701,#000000,1.3333654971827238,12.943549913657884,0.29384978235147907,9,0.29614065959407565,2.665265936346681,0.0,0.0,0.0,0.0,49.385205174689155,-3.521839873752029,False,True,False,False,True,1.9100537281073393
2023-12-15 00:00:00+00:00,13.1784724974,13.6099105851,12.7044789256,13.2765266083,1031712,13.679366323125844,,,,13.487983387997742,13.435424218525796,#000000,1.3192763180765616,12.973149558639633,0.15563300572219518,9,0.29626267685585933,2.666364091702734,0.0,0.0,0.0,0.0,49.88206884911704,-3.0740844155180085,False,True,False,False,True,1.3463335313262412
2023-12-22 00:00:00+00:00,13.1686670863,13.5314672965,12.9431426314,13.2569157861,917317,13.667686831170583,,,,13.477904344153538,13.4336810014259,#000000,1.3091060230760836,13.00350949970532,0.12616058874024486,9,0.29671126718650565,2.6704014046785507,0.0,0.0,0.0,0.0,50.21370021971644,-2.7519977187617712,False,False,False,False,True,1.3106621732221129
2023-12-29 00:00:00+00:00,13.0510021533,13.364775308,12.6097586545,13.2373049639,468438,13.65933803231299,,,,13.469235849253254,13.425735352860192,#000000,1.2844215763426128,13.000263431548444,0.039503168341375516,9,0.29910663442890556,2.69195970986015,0.0,0.0,0.0,0.0,50.15785074573188,-2.7519977187617712,False,True,False,False,True,0.8765577122283617
2024-01-05 00:00:00+00:00,12.7960614651,13.0510021533,12.4136504328,13.0411967422,463361,13.648130759236738,,,,13.456397098876955,13.410910600014985,#000000,1.2705944273330982,12.97996619968044,-0.14473913203479574,9,0.3014271673582407,2.712844506224166,0.0,0.0,0.0,0.0,49.481696611835446,-2.7519977187617712,False,True,False,False,True,0.0
2024-01-12 00:00:00+00:00,12.6097586545,12.8696020483,12.1489043336,12.5901478324,389698,13.636746461648311,,,,13.442817262797902,13.394543794689646,#000000,1.2434653939705844,12.953603134004865,-0.2765211490179991,9,0.30145780911854014,2.7131202820668614,0.0,0.0,0.0,0.0,48.538770966674264,-2.7519977187617712,False,True,False,False,True,0.0
2024-01-19 00:00:00+00:00,12.0900718671,12.5443565626,11.8645474121,12.3548179663,378355,13.622188911132982,,,,13.424658535547225,13.37153663997927,#000000,1.217081568355418,12.751004631781214,-0.5430472220315513,9,0.3010772061367932,2.7096948552311386,0.0,0.0,0.0,0.0,46.65837430397551,-0.4281954113401767,False,True,False,False,False,0.0
2024-01-26 00:00:00+00:00,12.5215099548,12.5803424213,11.8939636454,12.0312394005,459728,13.606852321263958,,,,13.406091823652595,13.350269297706161,#000000,1.1758520866311062,12.743228463237843,-0.1885598630632874,9,0.30220758968038014,2.7198683071234213,0.0,0.0,0.0,0.0,46.56294226200829,-0.5321395697592806,False,True,False,False,False,0.0
2024-02-02 00:00:00+00:00,12.4920937215,13.0313913312,12.3254997872,12.5705370102,1054558,13.580561363958381,,,,13.376464849208539,13.322792801542088,#000000,1.1478815068886654,12.76431113053929,-0.23714765627432793,9,0.3028464908528635,2.7256184176757716,0.0,0.0,0.0,0.0,46.42242845279731,-0.7168754655661473,False,True,False,False,False,0.0
2024-02-09 00:00:00+00:00,12.2469584444,12.6195640656,12.2273476222,12.3744287885,376517,13.569146502618677,,,,13.363091549883212,13.309315265471614,"rgba(239, 83, 80, 1.0)",1.146687407810378,12.74364491019205,-0.4331489666747814,9,0.302552187617086,2.722969688553774,0.0,0.0,0.0,0.0,45.70952272562943,-1.4693500721050796,False,True,False,True,False,0.0
2024-02-16 00:00:00+00:00,12.1489043336,12.4527740231,11.5801904907,12.2665692666,577313,13.547740709593423,,,,13.337220920933252,13.281856666934491,"rgba(239, 83, 80, 1.0)",1.1449183164884245,12.686896099764802,-0.46989532651977634,9,0.3024989966757066,2.7224909700813598,0.0,0.0,0.0,0.0,44.95489796353377,-2.2570813283274873,False,True,False,True,False,0.0
2024-02-23 00:00:00+00:00,11.9527961119,12.5803424213,11.7959095345,12.1783205668,496988,13.530386006565337,,,,13.316583946318545,13.261003919765397,"rgba(239, 83, 80, 1.0)",1.1456484612650075,12.650772892527296,-0.6092416689990587,9,0.3026635776768582,2.723972199091724,0.0,0.0,0.0,0.0,43.921026288175995,-3.3033231295695984,False,True,False,True,False,0.0
2024-03-01 00:00:00+00:00,12.7298749403,12.7889462857,11.5213580242,11.854742001,659278,13.511735409622622,12.346726416733333,,,13.29542652978768,13.142430861875136,"rgba(239, 83, 80, 0.75)",1.1349602394944007,12.540371299330115,0.16696940947843686,9,0.3044361090853549,2.739924981768194,0.0,0.0,0.0,0.0,45.626891068434055,-3.3033231295695984,False,True,False,True,True,0.0
2024-03-08 00:00:00+00:00,13.3993501885,13.5076476551,12.7003392676,12.7495653888,1272904,13.502603887572903,12.910466531949936,,,13.291668521806544,13.213060145592856,#000000,1.1316531214977177,12.760191811404802,0.5648006133268877,9,0.3079785932634895,2.771807339371405,0.0,0.0,0.0,0.0,48.54395505975147,-4.4186387780171685,False,True,False,False,True,2.448481664531073
2024-03-15 00:00:00+00:00,13.2319813765,13.5273381036,13.1138386856,13.37965974,1358701,13.49614070874577,13.067598474006626,,,13.291643054146242,13.240483888928004,#000000,1.1189572620142278,12.864849190826,0.3281020626410057,10,0.30059407949449923,3.0059407949449923,0.0,0.0,0.0,0.0,50.13619751866858,-2.979341166618937,False,True,False,False,True,1.7949733298311514
2024-03-22 00:00:00+00:00,13.3501240673,13.9063792368,13.1039934614,13.3107431704,841920,13.495348447842805,13.146212747426931,,,13.295687279982802,13.258401879623246,#000000,1.0991306543553436,12.924961337621038,0.38681727963298895,9,0.2590671367864092,2.3316042310776828,0.0,0.0,0.0,0.0,51.57194335086955,-1.690530791540482,False,False,False,False,True,2.2372090521626475
2024-03-29 00:00:00+00:00,14.2263490246,14.4232535093,13.419040637,13.4387310855,620235,13.502471458120041,13.260611237185982,,,13.308831081823449,13.28767289427215,"rgba(38, 166, 154, 1.0)",1.0847829480226414,13.00264655946151,1.1280620398477612,9,0.25799317210384015,2.321938548934561,0.0,0.0,0.0,0.0,54.55994074046171,1.0725391899240861,True,False,True,False,True,5.418401929540842
2024-04-05 00:00:00+00:00,15.2994784665,15.3290141393,14.2263490246,14.3543369397,847165,13.528713670017702,13.516415937692127,,,13.348410659861194,13.359372284350654,"rgba(38, 166, 154, 1.0)",1.081303949355781,13.173521256738,1.9661051002621435,9,0.2531795148360458,2.278615633524412,0.0,0.0,0.0,0.0,58.50992217037265,4.688786612766229,True,False,True,False,True,9.023210812088848
2024-04-12 00:00:00+00:00,15.6539065391,16.2840008904,14.945050394,15.3290141393,1159811,13.579491336319242,13.878639375932512,,,13.421189787617275,13.474660532367432,"rgba(38, 166, 154, 1.0)",1.095111960685787,13.431129593812067,2.029725749589999,9,0.24666108713741938,2.2199497842367744,0.0,0.0,0.0,0.0,61.83640311014208,7.637540770067581,True,False,True,False,True,10.155381001865027
2024-04-19 00:00:00+00:00,15.3388593635,15.7425135573,14.8465981516,15.6539065391,930944,13.612441751711547,14.051815068586144,,,13.468373784033044,13.541138766741977,"rgba(38, 166, 154, 1.0)",1.0846383125313162,13.572503565187823,1.6285205657080986,9,0.2426832554349433,2.1841492989144897,0.0,0.0,0.0,0.0,63.19907386634458,8.70210062552679,True,False,True,False,True,8.850273090212223
2024-04-26 00:00:00+00:00,16.1067868541,16.1953938722,14.5709318729,15.0533478606,1045597,13.654583922607046,14.240019644019684,,,13.527235005444695,13.619244996974107,"rgba(38, 166, 154, 1.0)",1.0921117048306008,13.731110926462712,2.1753048860563067,9,0.23538150381068895,2.1184335342962006,0.0,0.0,0.0,0.0,65.28529203119635,10.516252782994428,True,False,True,False,True,11.279305854560135
2024-05-03 00:00:00+00:00,16.0674059571,16.3332270116,15.7129778846,16.1363225268,1642338,13.730497626855929,14.524508406460502,,,13.630470155530661,13.748124050468498,"rgba(38, 166, 154, 1.0)",1.1055034277030102,13.978934978453278,1.889158302282336,8,0.24511642057904137,1.960931364632331,0.0,0.0,0.0,0.0,66.64717763172843,11.669875966097088,True,False,True,False,True,11.11383650152079
2024-05-10 00:00:00+00:00,16.1953938722,16.4612149267,15.6637517634,16.2446199934,1298816,13.788885675415841,14.700492288594345,,,13.70845989056804,13.839181247216057,"rgba(38, 166, 154, 1.0)",1.1500379240235585,14.143571823876162,1.78413424936916,8,0.2381945557941839,1.905556446353471,0.0,0.0,0.0,0.0,67.80557217882748,12.683240236582748,True,False,True,False,True,11.517594913191484
2024-05-17 00:00:00+00:00,17.0617736052,17.1876940232,15.8901919208,16.1953938722,816080,13.833347068801642,14.831961349588918,,,13.766766255782223,13.90664254573877,"rgba(38, 166, 154, 1.0)",1.217186597325335,14.263039587900517,2.299346725842582,8,0.22865093878008647,1.8292075102406917,0.0,0.0,0.0,0.0,69.77099480708867,14.510176445926362,True,False,True,False,True,14.172962701621707
2024-05-24 00:00:00+00:00,17.4358921263,17.5737252656,16.7270359811,17.0223927083,1425507,13.921623397167942,15.079142609260856,,,13.88081584027355,14.036363659854263,"rgba(38, 166, 154, 1.0)",1.2971203007788716,14.48696314261253,2.273442935028271,8,0.21868242545182182,1.7494594036145745,0.0,0.0,0.0,0.0,71.60287977522688,16.2180518272789,True,False,True,False,True,15.273769904188587
2024-05-31 00:00:00+00:00,16.3061526449,17.8001654231,15.9295728178,17.7214036292,1440635,13.991869601114551,15.229161378390026,,,13.970540896565428,14.386388402456657,"rgba(38, 166, 154, 1.0)",1.334677512283432,15.24919407611665,0.7919205643729266,8,0.21390311625073088,1.711224930005847,1.0,0.0,17.800165,147.0,69.4136911262496,16.2180518272789,True,False,True,False,True,10.50559524606938
2024-06-07 00:00:00+00:00,14.9431913699,16.3332143398,14.8270433656,16.3160291759,1558248,14.028772660646752,15.241932188141037,,,14.01738448181667,14.354584534553249,"rgba(38, 166, 154, 0.75)",1.3428031985383495,15.10998156615089,-0.1242104549888191,8,0.21423994339091798,1.7139195471273438,0.0,0.0,0.0,0.0,64.70798033389437,20.49443817962741,True,False,True,False,False,5.2851794755880555
2024-06-14 00:00:00+00:00,14.913561777,15.367882202,14.6567719716,14.9826974939,873628,14.042855224288429,15.229041376909908,,,14.035132728007579,14.343040554093353,"rgba(38, 166, 154, 0.75)",1.3502767423654705,15.186547733798193,-0.20217037606673494,8,0.21425755043874412,1.714060403509953,0.0,0.0,0.0,0.0,61.28640341196288,17.377127611728426,True,False,True,False,False,5.1765933718979795
2024-06-21 00:00:00+00:00,14.8543025911,15.5061536357,14.6865003298,14.7357842194,1407943,14.065538363475577,15.213393265956677,,,14.063444128060768,14.341728556035585,"rgba(38, 166, 154, 0.75)",1.3561470769693387,15.141925427910174,-0.212088232681179,8,0.21592299084760092,1.7273839267808073,0.0,0.0,0.0,0.0,58.71469595927359,15.083846772042875,True,False,True,False,False,4.955897965782949
2024-06-28 00:00:00+00:00,15.3086230161,15.4567709808,14.8345495292,14.9530679009,829563,14.080912893170485,15.21283777141195,,,14.0824560803293,14.350551187175862,"rgba(38, 166, 154, 0.75)",1.3683566041080237,15.1462121149335,0.11869047927924462,8,0.21571517489576567,1.7257213991661253,0.0,0.0,0.0,0.0,57.765284211806716,14.300008373647074,True,False,True,False,False,6.432436935685164
2024-07-05 00:00:00+00:00,15.3975117949,16.3555352998,15.1012158656,15.358005671,887106,14.10287225677326,15.23002520688264,,,14.109443177235898,14.373703621211664,"rgba(38, 166, 154, 0.75)",1.3780934903771855,15.192433416726688,0.14881310999965722,8,0.216866973521735,1.73493578817388,0.0,0.0,0.0,0.0,57.25872786052025,13.845816353175366,True,False,True,False,False,6.719797220828237
2024-07-12 00:00:00+00:00,16.25676999,16.3259057069,15.2394872993,15.367882202,1689170,14.151540809175666,15.283130923823721,,,14.168739288655319,14.431633866408367,"rgba(38, 166, 154, 0.75)",1.4054357177344359,15.300256930187953,0.6805811519817828,8,0.21636362116975708,1.7309089693580566,0.0,0.0,0.0,0.0,58.435640442766115,13.845816353175366,True,False,True,False,False,9.430372152813902
2024-07-19 00:00:00+00:00,15.832079158,16.3851648927,15.4666475118,16.3851648927,1434409,14.189876218122562,15.319617637568332,,,14.214924703212748,14.473864284589837,"rgba(38, 166, 154, 0.75)",1.4248133611919283,15.592190193445774,0.16836518458357805,8,0.21829142896646053,1.7463314317316843,0.0,0.0,0.0,0.0,58.208982392636145,13.845816353175366,True,False,True,False,False,7.773155628611942
2024-07-26 00:00:00+00:00,15.1012158656,15.9655110915,14.8246729982,15.841955689,887505,14.204740941401235,15.318817118332452,,,14.232551295488392,14.483656634424852,"rgba(38, 166, 154, 0.5)",1.4320861441819706,15.522040290698628,-0.2938541279854427,8,0.2205099340237225,1.76407947218978,0.0,0.0,0.0,0.0,56.385372917747155,12.814358552326745,False,False,True,False,False,5.015181826846295
2024-08-02 00:00:00+00:00,14.8444260602,15.34812914,14.7555372814,15.1012158656,1023978,14.216607047277046,15.305554711426996,,,14.246388153962382,14.486483427539023,"rgba(38, 166, 154, 0.5)",1.4310891848444534,15.438699438823562,-0.41525949948965224,7,0.18657968632191552,1.3060578042534086,0.0,0.0,0.0,0.0,54.5409445723913,10.916556649564228,False,False,True,False,False,4.070618000261863
2024-08-09 00:00:00+00:00,14.8641791221,15.0715862727,13.7678841835,14.2715872634,1139729,14.222471146742421,15.274520821752402,14.567883192766665,,14.25285586762716,14.486584319635613,#000000,1.4346952678734568,15.152178706049252,-0.20073920253193084,7,0.1867446720927673,1.3072127046493711,0.0,0.0,0.0,0.0,53.26651069417299,9.571335305465695,False,False,False,False,False,4.136279898172141
2024-08-16 00:00:00+00:00,15.8814618129,15.9901036536,15.0024505558,15.0024505558,1102259,14.244749819878797,15.288210421133645,15.08744662578489,,14.27903684711248,14.553650417422125,"rgba(38, 166, 154, 0.5)",1.4447375093893489,15.311483945725726,0.3945200172834078,7,0.1853781994362875,1.2976473960540125,0.0,0.0,0.0,0.0,54.385826679243195,9.571335305465695,False,False,True,False,False,7.423754954244348
2024-08-23 00:00:00+00:00,16.266646521,16.4197327512,15.8914371092,15.9110914058,882334,14.269212079480301,15.315655183110978,15.39955248914984,,14.307830635961542,14.607901901883723,"rgba(38, 166, 154, 0.5)",1.4522649279284714,15.44498700627247,0.565777978195448,7,0.1839448605049599,1.2876140235347193,0.0,0.0,0.0,0.0,55.8530139906052,9.571335305465695,False,False,True,False,False,8.613676809193251
2024-08-30 00:00:00+00:00,16.2024490697,16.4444240786,15.6049189455,16.4345475476,815324,14.29002990844646,15.33661101611945,15.541187036695025,,14.332187558424424,14.641822226297224,"rgba(38, 166, 154, 0.5)",1.4703772871268774,15.516202826580184,0.4667143930526445,7,0.1821004787508849,1.2747033512561943,0.0,0.0,0.0,0.0,56.73685882693296,9.571335305465695,False,False,True,False,False,8.364030148811054
2024-09-06 00:00:00+00:00,15.2213833462,16.0538027479,15.181744327,16.0438929931,578834,14.299688595913262,15.339442166889587,15.534071700842556,,14.343309278706979,14.648581525252593,"rgba(38, 166, 154, 0.5)",1.4758801183958843,15.513727058154231,-0.19808093374953523,7,0.18285287162897504,1.2799701014028253,0.0,0.0,0.0,0.0,55.06971323479525,9.571335305465695,False,False,True,False,False,4.655364277541036
2024-09-13 00:00:00+00:00,16.7871246018,16.9060416592,15.3105711392,15.3105711392,891803,14.324704212202793,15.367739877826539,15.666023195778594,,14.372457482243085,14.686694455766746,"rgba(38, 166, 154, 0.5)",1.5030412112651539,15.59133542501772,0.795579767088188,7,0.18149853857252976,1.2704897700077082,0.0,0.0,0.0,0.0,56.53312725029557,9.571335305465695,False,False,True,False,False,9.407501740928321
2024-09-20 00:00:00+00:00,16.6979368088,17.1141465097,16.3411856366,16.8862221497,1727381,14.380361425096535,15.438215943287785,15.920552382502613,,14.437120623894678,14.769861958429745,"rgba(38, 166, 154, 1.0)",1.5088044361105024,15.758921601373046,0.6223571358575878,7,0.18068790336537252,1.2648153235576076,0.0,0.0,0.0,0.0,57.38209939455351,9.571335305465695,True,False,True,False,True,9.077363039517017
2024-09-27 00:00:00+00:00,16.3114563723,17.4114391531,16.2836099613,16.6979368088,1079610,14.413150297777552,15.477099092965489,16.01886400894042,,14.474926209833875,14.81297192429549,"rgba(38, 166, 154, 0.5)",1.5180106417042736,15.833387395148238,0.3149312422573228,7,0.18164088732981504,1.2714862113087053,0.0,0.0,0.0,0.0,57.13276690859459,9.571335305465695,False,False,True,False,True,7.647996069185478
2024-10-04 00:00:00+00:00,15.9447954453,16.2718173531,15.7684018102,16.2024490697,875169,14.431312020043144,15.490033006432858,16.01656751071923,,14.495517575368241,14.828778184995873,"rgba(38, 166, 154, 0.5)",1.521464790808232,15.841251516960423,0.06805542196252419,7,0.1826125746199895,1.2782880223399264,0.0,0.0,0.0,0.0,56.16881549119575,9.571335305465695,False,False,True,False,True,6.309803503093143
2024-10-11 00:00:00+00:00,16.2619075983,16.5195612227,15.3799394227,15.9051564262,835382,14.448900657862625,15.503159322035682,16.019700689125028,,14.51540962813363,14.844740602262771,"rgba(38, 166, 154, 0.5)",1.5121874173025636,15.851434459462759,0.27144329739857315,7,0.18426344222118973,1.2898440955483281,0.0,0.0,0.0,0.0,56.05044668533648,9.571335305465695,False,False,True,False,True,7.27750500107064
2024-10-18 00:00:00+00:00,17.7087317966,17.8871073827,16.0637125027,16.1826295601,867157,14.4797347750136,15.54367045434296,16.11610829426568,,14.55077724430849,14.886585714602,"rgba(38, 166, 154, 1.0)",1.5686622326268496,15.926081523430103,1.1364143510899134,7,0.18277962754904428,1.27945739284331,0.0,0.0,0.0,0.0,58.16820814274826,9.571335305465695,True,False,True,False,True,11.445883455831737
2024-10-25 00:00:00+00:00,18.055573214,18.7096170297,17.5204464557,17.966385421,1585985,14.551848824140782,15.64923916177419,16.36962881172486,,14.633573625520974,15.248799283501276,"rgba(38, 166, 154, 1.0)",1.6335388133976925,16.652837122086087,0.858709986202458,7,0.17974898309222237,1.2582428816455566,1.0,0.0,18.709618,167.0,60.12800534369546,5.083443488629484,True,False,True,False,True,12.38859057264143
2024-11-01 00:00:00+00:00,16.8664026401,18.0753927236,16.7177563184,18.0258439497,2126798,14.62135187874237,15.731800591169405,16.49426895548765,,14.712128108829557,15.282180654507693,"rgba(38, 166, 154, 1.0)",1.6599913313829397,16.61794690022232,0.14967291405714064,7,0.177283836834047,1.240986857838329,0.0,0.0,0.0,0.0,59.002099883665274,5.083443488629484,True,False,True,False,True,8.077344309941648
2024-11-08 00:00:00+00:00,16.8168538662,17.4708976818,16.0339832383,16.9357709236,1504586,14.660304158929385,15.769164805845067,16.520545321841684,,14.755498836198955,15.298145998268161,"rgba(38, 166, 154, 1.0)",1.6863740851348137,16.584981964179516,0.13749731098479648,7,0.1756428240476067,1.229499768333247,0.0,0.0,0.0,0.0,58.101041022992,5.083443488629484,True,False,True,False,True,7.903450794810677
2024-11-15 00:00:00+00:00,16.0339832383,16.5195612227,15.8456978975,16.3610051462,4580634,14.737205325043655,15.804979287261709,16.43435901976322,,14.838411536182535,15.298031019510304,"rgba(38, 166, 154, 0.5)",1.698141551803292,16.412548911847455,-0.2229293978145987,7,0.1748140180924318,1.2236981266470226,0.0,0.0,0.0,0.0,55.978926065575315,5.083443488629484,False,False,True,False,False,5.197061612212824
2024-11-22 00:00:00+00:00,16.4898319584,16.7375758279,16.1132612766,16.3312758818,1178279,14.759864297220929,15.820828114579573,16.435037189979123,,14.862934282723653,15.312733574990297,"rgba(38, 166, 154, 0.5)",1.713060632788368,16.421445134542893,0.03992084258325011,7,0.17311940242244933,1.2118358169571453,0.0,0.0,0.0,0.0,55.23328457273452,5.083443488629484,False,False,True,False,False,6.525229245501805
2024-11-29 00:00:00+00:00,16.6335234027,16.6534080691,16.0637125027,16.3312758818,790439,14.774760549746984,15.83108288718173,16.435568925671976,,14.879004012684518,15.322668371250712,"rgba(38, 166, 154, 0.5)",1.7264362393800063,16.425306268820968,0.1206051686877276,7,0.17148898110132502,1.2004228677092752,0.0,0.0,0.0,0.0,54.94212011469417,9.673834720406298,False,False,True,False,False,6.941757067057022
2024-12-06 00:00:00+00:00,16.1761760766,16.9304014713,16.0369834122,16.4843884051,1078874,14.793853404415621,15.84305038831394,16.433087122455987,,14.899478826986165,15.33450230597519,#000000,1.7351875082412958,16.42353273852025,-0.14255327493162923,7,0.17057622816095125,1.1940335971266587,0.0,0.0,0.0,0.0,53.832616647755515,8.475551637976977,False,False,False,False,False,5.354265158499242
2024-12-13 00:00:00+00:00,16.0170987458,16.9516780643,15.7188287505,16.4048497397,1373644,14.8152501666586,15.853458066859991,16.421890860284,,14.92216126213846,15.34513745293627,#000000,1.7341520874427252,16.387883560360436,-0.21381331963058484,7,0.169994322301616,1.189960256111312,0.0,0.0,0.0,0.0,52.730412302335,7.293106340364396,False,True,False,False,False,4.8055142857013955
2024-12-20 00:00:00+00:00,15.1322310932,16.2755994084,15.1024040937,16.0170987458,2967729,14.836721773533752,15.834196483936665,16.3244781446176,,14.942820976471983,15.327495755022143,#000000,1.7330568046708177,16.143769424448298,-0.5836729231967862,7,0.17008739390417474,1.1906117573292232,0.0,0.0,0.0,0.0,50.33944482411829,4.900168322746403,False,True,False,False,False,1.827498923795904
2024-12-27 00:00:00+00:00,15.12228876,15.3936150324,14.9433267629,15.2117697586,1126657,14.84042518938675,15.820259197795354,16.279138720906957,,14.945620317071342,15.315308267513592,#000000,1.7314625444896699,16.062977591483286,-0.5432914702527069,8,0.164234640554445,1.31387712443556,0.0,0.0,0.0,0.0,48.61449645172862,3.196783065576625,False,True,False,False,False,1.7946433633547585
2025-01-03 00:00:00+00:00,15.0924617605,15.291308424,14.4263254377,14.953269096,1133044,14.841545415733995,15.802443620241851,16.228842399733733,14.936698540733332,14.945502437753914,15.271907991126865,#000000,1.7256138113159836,15.65652079759246,-0.3268744335456482,8,0.16462749731537357,1.3170199785229886,0.0,0.0,0.0,0.0,47.32769139059384,1.9252611879715005,False,True,False,False,False,1.694239573099825
2025-01-10 00:00:00+00:00,15.3708470894,15.7287710837,15.0229648516,15.1620580927,1011668,14.847022421520984,15.794870023423773,16.201177495033217,15.143066809217613,14.950500818598503,15.283203802199601,#000000,1.710512848803997,15.683945909917801,-0.1830438284849613,8,0.16452254426843704,1.3161803541474963,0.0,0.0,0.0,0.0,47.0700161094465,1.6215416830677754,False,True,False,False,False,2.595797539610082
2025-01-17 00:00:00+00:00,15.6691170847,15.8132809157,15.0129230951,15.2018274254,1030462,14.853774397005157,15.789624756415153,16.17874691577992,15.258398739124566,14.956931889366249,15.28992698958135,#000000,1.706877935838768,15.698521996344976,-0.017227307839401077,8,0.16424069113706943,1.3139255290965555,0.0,0.0,0.0,0.0,47.58080754956951,1.6215416830677754,False,True,False,False,False,3.5564269228704717
2025-01-24 00:00:00+00:00,15.858021415,16.1463490771,15.625171972,15.8480790818,799214,14.861930637890369,15.790801072836778,16.171445622353684,15.382696239455107,14.965227280333577,15.302735905311819,#000000,1.706017733726355,15.735329325866061,0.07191724136767857,7,0.1690737651502762,1.1835163560519333,0.0,0.0,0.0,0.0,48.382307030399105,1.6215416830677754,False,True,False,False,False,4.163797339205971
2025-01-31 00:00:00+00:00,15.9375600804,16.3054264079,15.3609047562,15.7088864174,1008628,14.871954982832344,15.7920972822215,16.16246686778405,15.480920767888634,14.975388805575761,15.314278423098061,#000000,1.7037750761276507,15.765127634648197,0.10120610881555414,6,0.15320906718500346,0.9192544031100207,0.0,0.0,0.0,0.0,49.14336258339043,1.6215416830677754,False,True,False,False,False,4.4215912417544345
2025-02-07 00:00:00+00:00,16.3153687411,16.9218510648,15.7685404164,15.8878484145,1211372,14.889259390384114,15.802838768634835,16.168395791834488,15.647993711693664,14.993527590879559,15.340274077592428,#000000,1.7072460051622,15.836839697055733,0.28029296457413677,5,0.1351295905873239,0.6756479529366195,0.0,0.0,0.0,0.0,50.57379051450507,1.6215416830677754,False,True,False,False,True,5.6449753470685735
2025-02-14 00:00:00+00:00,17.0511013961,17.3791983909,16.509244238,16.6335234027,1429939,14.918040787151178,15.829688367776907,16.199983989254495,15.897782368591857,15.024318107268897,15.387642934270016,#000000,1.7125185476067466,15.966002794408471,0.6336273573258295,5,0.1350821624191907,0.6754108120959534,0.0,0.0,0.0,0.0,53.12604933023465,-1.1356178018013026,False,True,False,False,True,7.954294633586148
2025-02-21 00:00:00+00:00,16.7130620681,17.4587370563,16.1662337434,17.4587370563,1607868,14.946414874825845,15.853438051190295,16.22428016560626,16.051314134577254,15.054384377257794,15.4251193876514,"rgba(38, 166, 154, 0.5)",1.712627602020294,16.05457190425934,0.3844911544482148,4,0.11630838788268487,0.4652335515307395,0.0,0.0,0.0,0.0,54.024415450888434,-0.24085435272146327,False,False,True,False,True,6.679210894773611
2025-02-28 00:00:00+00:00,16.4048497397,17.4186694536,16.3054264079,16.9019663984,1815543,14.97625212203278,15.876952467593998,16.246224571731233,16.15950229128834,15.085796590006423,15.459296863701375,#000000,1.7056158856123187,16.124152586646414,0.16457231397842947,4,0.11560203899733337,0.4624081559893335,0.0,0.0,0.0,0.0,53.85501883271879,-0.24085435272146327,False,True,False,False,True,5.52761170066065
2025-03-07 00:00:00+00:00,17.5359799681,17.954928295,16.4986838607,16.6881083542,1571273,15.010223617221596,15.91068401486385,16.287029523507183,16.30523144692294,15.12205738867392,15.504518943100416,"rgba(38, 166, 154, 0.5)",1.7154278759769779,16.222414882389277,0.7657361198952286,4,0.1139076544741488,0.4556306178965952,0.0,0.0,0.0,0.0,55.9365103312944,1.719643470515095,False,False,True,False,True,9.011731490843047
2025-03-14 00:00:00+00:00,18.8825995903,19.0022991122,17.2167812429,17.3763806055,1331807,15.050796909857917,15.958091603966226,16.351369005337258,16.502078659995487,15.165902457945203,15.564805455224432,"rgba(38, 166, 154, 1.0)",1.7540021119242022,16.358814865773,1.4388721127355544,4,0.11100011192901282,0.4440004477160513,0.0,0.0,0.0,0.0,59.35891179955223,5.016008926322996,True,False,True,False,True,12.801124392224018
2025-03-21 00:00:00+00:00,19.0820987935,19.4312223993,18.5833507853,18.9823491919,1447101,15.102405097370847,16.021229638141236,16.438535276932296,16.739862469684446,15.221840802558871,15.642016018756664,"rgba(38, 166, 154, 1.0)",1.7990864551323078,16.52970039227582,1.4187191471220708,4,0.10769937984814829,0.43079751939259314,0.0,0.0,0.0,0.0,62.05033153245419,7.531603177944113,True,False,True,False,True,13.336429910934918
2025-03-28 00:00:00+00:00,19.3414477578,19.8501707262,19.0322239927,19.0820987935,879957,15.13607645139992,16.063004955456616,16.496106494000152,16.884095052128682,15.258348161300656,15.691725253135884,"rgba(38, 166, 154, 1.0)",1.84249243049949,16.636547195402482,1.4680660379506876,4,0.10431994433004355,0.4172797773201742,0.0,0.0,0.0,0.0,64.29524439173643,9.589736111667932,True,False,True,False,True,14.032471284265661
2025-04-04 00:00:00+00:00,18.4137764626,19.8002959253,18.3439517414,19.4312223993,1842142,15.195943439681288,16.133228518955477,16.588023912432906,17.08422748398833,15.322793551661698,15.772626343326793,"rgba(38, 166, 154, 1.0)",1.8563716261003005,16.79450468434418,0.8722778109130246,4,0.10282391755745701,0.41129567022982805,0.0,0.0,0.0,0.0,63.46829204906044,9.589736111667932,True,False,True,False,True,10.50953756286847
2025-04-11 00:00:00+00:00,21.3863145914,21.5957887548,17.6756294104,17.8152788527,2484342,15.302747033549725,16.267387437272838,16.76948950874981,17.462227762957077,15.438396138301183,15.923625104223163,"rgba(38, 166, 154, 1.0)",1.968211793277666,17.093809361845473,2.1809163242570624,0,,,0.0,0.0,0.0,0.0,66.12724945235031,11.149121408893507,True,False,True,False,True,17.897405528048445
2025-04-18 00:00:00+00:00,21.9449123606,22.4037605281,20.8576417027,20.9075165035,1382996,15.377993962965624,16.365538549575586,16.903901050660462,17.731011009911555,15.52008475431384,16.03208996816427,"rgba(38, 166, 154, 1.0)",2.063913350985785,17.30852338625674,2.2464067942235966,0,,,0.0,0.0,0.0,0.0,68.46215295238697,13.31321369191324,True,False,True,False,True,19.124811750552524
2025-04-25 00:00:00+00:00,20.7179922604,22.9025085363,20.6381925791,22.5334350102,2780192,15.516799077276676,16.54155732081995,17.13692457064711,18.145056307799585,15.67002286346523,16.221351164463236,"rgba(38, 166, 154, 1.0)",2.1144078872654113,18.662362157264806,0.9722013030294567,0,,,0.0,0.0,0.0,0.0,67.6578818162551,13.31321369191324,True,False,True,False,True,14.798739874727424
2025-05-02 00:00:00+00:00,20.8875665832,21.116990667,19.8202458457,20.6681174596,2458954,15.618199031215969,16.663082027948608,17.28844416866429,18.367520563484586,15.778588459657028,16.34781750752646,"rgba(38, 166, 154, 1.0)",2.1738867149215633,18.726655037895586,0.9940313496889759,0,,,0.0,0.0,0.0,0.0,67.24978864200185,13.31321369191324,True,False,True,False,True,15.186449805264175
2025-05-09 00:00:00+00:00,22.0147370817,22.154386524,21.1469155475,21.545913954,2681453,15.749005104040698,16.824311567138217,17.492157818239892,18.672756631758208,15.918910383460782,16.51477813791457,"rgba(38, 166, 154, 1.0)",2.277813706995767,19.003400716471198,1.322029258134761,0,,,0.0,0.0,0.0,0.0,67.997695806444,13.31321369191324,True,False,True,False,True,17.689883429860064
2025-05-16 00:00:00+00:00,19.840195766,21.2117527885,19.3115228773,21.1668654678,5195951,15.921964514146064,17.014301465673483,17.704891303305896,18.887143546127138,16.1012822647233,16.703976184025738,"rgba(38, 166, 154, 0.75)",2.30506187926234,19.5698566275003,0.117280642629088,0,,,0.0,0.0,0.0,0.0,64.89649270920495,13.31321369191324,True,False,True,False,False,10.634250536097301
2025-05-23 00:00:00+00:00,21.725463237,21.7952879581,19.9997951286,19.9997951286,2292885,16.012067201103974,17.117447920967,17.82447793079276,19.02732637151209,16.196595714650396,16.80732391054162,"rgba(38, 166, 154, 0.75)",2.3777798431650083,19.73488656473122,0.8371576863984047,0,,,0.0,0.0,0.0,0.0,64.45304128919821,13.31321369191324,True,False,True,False,False,14.695262829454148
2025-05-30 00:00:00+00:00,21.91,21.9449123606,21.3962895516,21.5758388345,2231909,16.106329248696266,17.22665122880088,17.951953134646484,19.180691330789173,16.296358299728713,16.916653631991043,"rgba(38, 166, 154, 0.75)",2.448574603902242,19.914957635173117,0.8147770387095521,0,,,0.0,0.0,0.0,0.0,64.2928371583929,13.31321369191324,True,False,True,False,False,15.072910238746406
2025-06-06 00:00:00+00:00,23.93,25.36,22.41,22.41,2906015,16.26953058609444,17.425359059886272,18.19321935358899,19.503119300092756,16.470130236858104,17.11646742738688,"rgba(38, 166, 154, 0.75)",2.581078190820101,20.358131449150015,1.3838668520596327,0,,,0.0,0.0,0.0,0.0,65.71721001739937,13.31321369191324,True,False,True,False,False,18.9906704417888
2025-06-13 00:00:00+00:00,25.13,25.45,23.65,24.12,1956932,16.38736076776744,17.569211681147824,18.367378095630954,19.733606216625596,16.59552422846431,17.26053470257091,"rgba(38, 166, 154, 1.0)",2.7428948321526563,22.019079120239127,1.1341743195160658,0,,,0.0,0.0,0.0,0.0,67.49570659267768,13.31321369191324,True,False,True,False,True,20.0
2025-06-20 00:00:00+00:00,24.7,25.15,24.2585,25.15,1901806,16.49823383480499,17.70293559384848,18.526960586278147,19.93730965611559,16.713208896047597,17.393786152005582,"rgba(38, 166, 154, 1.0)",2.8660179469946763,22.20427416756352,0.8707990942811485,0,,,0.0,0.0,0.0,0.0,68.10384826567568,13.31321369191324,True,False,True,False,True,19.804298113756623
2025-06-27 00:00:00+00:00,23.08,25.41,22.82,24.72,2337695,16.615491320075822,17.83958437724806,18.684420319062,20.1211686748575,16.83691505137103,17.52887270232981,"rgba(38, 166, 154, 1.0)",2.911756099262415,22.24840838759065,0.2855979635863046,0,,,0.0,0.0,0.0,0.0,66.24900302047797,13.31321369191324,True,False,True,False,True,15.045762082179039
2025-07-04 00:00:00+00:00,24.17,24.17,23.08,23.11,1602239,16.69409927827135,17.930298645473066,18.787729192020798,20.23848739646267,16.919662355509963,17.618293782005136,"rgba(38, 166, 154, 1.0)",2.991722355834614,22.300583047885546,0.6248631155456725,0,,,0.0,0.0,0.0,0.0,65.76432453421364,13.31321369191324,True,False,True,False,True,17.043030395689776
2025-07-11 00:00:00+00:00,23.6,24.6,22.82,24.07,2738171,16.822087341205457,18.075727034071654,18.950513235800972,20.415704645931907,17.053965546788532,17.761183607884842,"rgba(38, 166, 154, 0.75)",3.043854754693436,22.374037069264748,0.4027665672433595,0,,,0.0,0.0,0.0,0.0,64.65908387558798,13.31321369191324,True,False,True,False,False,15.43543250758324
2025-07-18 00:00:00+00:00,23.14,24.15,22.7,23.81,2102568,16.91245645249503,18.175945158740518,19.059766559691507,20.526762212190633,17.148358533877147,17.859270599693325,"rgba(38, 166, 154, 0.75)",3.070282527204874,22.399688142373076,0.24112173751673918,0,,,0.0,0.0,0.0,0.0,63.26194664375756,18.050423100151917,True,False,True,False,False,14.15316049842042
2025-07-25 00:00:00+00:00,23.65,24.31,23.19,23.59,1771305,16.991133546310333,18.2635685883556,19.155622496678284,20.625985163189732,17.230541728424722,17.94507816669728,"rgba(38, 166, 154, 0.75)",3.100783044322253,22.449906178571915,0.38702927753218275,0,,,0.0,0.0,0.0,0.0,62.71477967227011,17.415147691035727,True,False,True,False,False,15.113787213015712
2025-08-01 00:00:00+00:00,23.04,23.63,22.6,23.5,1802409,17.062058589378374,18.340006175500058,19.236337773286095,20.701582198212645,17.304205257590407,18.019641697948007,"rgba(38, 166, 154, 0.75)",3.1032887862267615,23.054904334788265,-0.004802754695088486,0,,,0.0,0.0,0.0,0.0,61.485196896577065,16.11190645053567,True,False,True,False,False,13.410245336526312
2025-08-08 00:00:00+00:00,26.46,27.14,23.21,23.21,2688559,17.20769515284147,18.50763254864672,19.425393403984547,20.916090980377575,17.4569706643384,18.184337087657074,"rgba(38, 166, 154, 0.75)",3.2197814682677817,23.606450877958203,0.8862555270177968,0,,,0.0,0.0,0.0,0.0,63.2599632248328,16.11190645053567,True,False,True,False,False,19.42116852995718
2025-08-15 00:00:00+00:00,26.11,27.17,25.56,26.21,4098279,17.437523500189666,18.771767812246505,19.722214147957153,21.251528589348954,17.69778044591562,18.443525311898437,"rgba(38, 166, 154, 0.75)",3.3231327790295477,24.082284826686493,0.6101818097998656,0,,,0.0,0.0,0.0,0.0,64.06544552017648,16.11190645053567,True,False,True,False,False,18.468560753393433
2025-08-22 00:00:00+00:00,26.34,26.51,24.75,26.26,1981200,17.539502299650216,18.88644293224823,19.84820073748534,21.386956163271368,17.804158820321863,18.55576269593328,"rgba(38, 166, 154, 1.0)",3.4191645424243613,24.194744631136086,0.6274209217620218,0,,,0.0,0.0,0.0,0.0,64.80115597560554,16.11190645053567,True,False,True,False,True,18.84843541780465
2025-08-29 00:00:00+00:00,27.37,27.75,26.0,26.43,2957197,17.7080225451897,19.07851707364531,20.061769807384266,21.624169656152763,17.9802583728118,18.743884656836936,"rgba(38, 166, 154, 1.0)",3.5400846091059677,24.467321337829134,0.8199461263452473,0,,,0.0,0.0,0.0,0.0,66.02772897953581,16.11190645053567,True,False,True,False,True,20.0
