date,Close,High,Low,Open,Volume,aVWAP_BoS_CHoCH_bull_33,aVWAP_BoS_CHoCH_bull_82,aVWAP_BoS_CHoCH_bear_19,aVWAP_BoS_CHoCH_bear_141,Peaks_Valleys_avg,color,StDev,StDev_Mean,StdDev_ZScore,MA_Cross_Count,MA_Avg_Deviation_Z,MA_Oscillation_Score,BoS,CHoCH,BoS_CHoCH_Price,BoS_CHoCH_Break_Index,QQEMOD,QQE1_Value,QQE1_Above_Upper,QQE1_Below_Lower,QQE2_Above_Threshold,QQE2_Below_Threshold,QQE2_Above_TL,banker_RSI
2021-12-31 00:00:00+00:00,258.5288557014,262.9319388715,256.1837353173,260.0081524186,149675,,,,,,#000000,,,,0,,,0.0,0.0,0.0,0.0,,,False,False,False,False,False,
2022-01-07 00:00:00+00:00,252.3593182159,263.5802189035,242.569854646,261.0610636115,320654,,,,,,"rgba(239, 83, 80, 0.5)",,,,0,,,0.0,0.0,0.0,0.0,0.0,,False,False,False,True,False,
2022-01-14 00:00:00+00:00,247.3906215951,257.0582607295,240.4553305148,251.6979855659,246649,,,,,,"rgba(239, 83, 80, 0.5)",,,,0,,,0.0,0.0,0.0,0.0,0.0,-50.0,False,False,False,True,True,
2022-01-21 00:00:00+00:00,227.5593438387,248.6697781682,227.3304009173,244.9106241574,347084,,,,,,"rgba(239, 83, 80, 0.5)",,,,0,,,0.0,0.0,0.0,0.0,0.0,-50.0,False,False,False,True,True,
2022-01-28 00:00:00+00:00,216.9822978456,229.5781487704,209.2166709012,222.573243727,378031,,,,,,"rgba(239, 83, 80, 0.5)",,218.59237250573332,,0,,,0.0,0.0,0.0,0.0,0.0,-50.0,False,False,False,True,True,
2022-02-04 00:00:00+00:00,235.9454860772,239.0359779728,216.7196498091,216.7196498091,363938,,,,,,"rgba(239, 83, 80, 0.5)",,224.46598150228098,,0,,,0.0,0.0,0.0,0.0,9.881236825822457,-40.65914331308971,False,False,False,True,True,
2022-02-11 00:00:00+00:00,224.3364428662,237.7402476596,222.8743687966,234.6497557641,268702,,,,,,"rgba(239, 83, 80, 0.5)",,225.4898376193787,,0,,,0.0,0.0,0.0,0.0,15.112216852417916,-36.11951761088281,False,False,False,True,True,
2022-02-18 00:00:00+00:00,221.0008128033,231.7781372322,218.3218028315,224.2138737825,200506,,,,,,"rgba(239, 83, 80, 0.5)",,225.19357797805938,,0,,,0.0,0.0,0.0,0.0,18.414858944388055,-33.50756106193821,False,False,False,True,True,
2022-02-25 00:00:00+00:00,217.3412501621,223.5178564859,201.486063695,220.2216236285,217597,,,,,,"rgba(239, 83, 80, 0.5)",,223.506360141707,,0,,,0.0,0.0,0.0,0.0,20.320183199342136,-32.20520253345701,False,False,False,True,True,
2022-03-04 00:00:00+00:00,192.9412475759,216.0192550453,190.7087392661,214.530916172,316750,,,,,,"rgba(239, 83, 80, 0.5)",,219.22079195762498,,0,,,0.0,0.0,0.0,0.0,19.542546839133983,-32.20520253345701,False,False,False,True,True,
2022-03-11 00:00:00+00:00,185.2894347807,194.1144088054,178.3905463566,192.0044695792,288655,,,,,,"rgba(239, 83, 80, 0.5)",,200.2142088570119,,0,,,0.0,0.0,0.0,0.0,18.528894069298733,-32.20520253345701,False,False,False,True,False,
2022-03-18 00:00:00+00:00,208.813943912,209.1991610321,185.7009167044,187.3555993341,304953,,,,,,"rgba(239, 83, 80, 0.5)",,203.28162280140313,,0,,,0.0,0.0,0.0,0.0,23.346068033771303,-30.49864272276671,False,False,False,True,True,
2022-03-25 00:00:00+00:00,214.0844145101,217.5078565665,207.0279372641,212.167083844,210724,,,,,,"rgba(239, 83, 80, 0.5)",,205.78512083012197,,0,,,0.0,0.0,0.0,0.0,27.7562372802077,-26.64481493650645,False,False,False,True,True,
2022-04-01 00:00:00+00:00,209.8820459269,218.3174253642,208.0610195408,213.3752648117,166666,,,,,,"rgba(239, 83, 80, 0.5)",,208.63216667292008,,0,,,0.0,0.0,0.0,0.0,30.430647874663443,-24.473843660996202,False,False,False,True,True,
2022-04-08 00:00:00+00:00,178.4255660948,212.1233091713,172.7436135729,210.2760179816,283733,,,,,,"rgba(239, 83, 80, 0.5)",,201.73425973922383,,0,,,0.0,0.0,0.0,0.0,29.624742953740636,-24.473843660996202,False,False,False,True,True,
2022-04-15 00:00:00+00:00,177.7251713309,182.2339626233,172.6823290311,178.4255660948,181131,,,,,,"rgba(239, 83, 80, 0.5)",,198.41125351382547,,0,,,0.0,0.0,0.0,0.0,29.001188482664077,-24.473843660996202,False,False,False,True,True,
2022-04-22 00:00:00+00:00,172.1570329582,187.1542358394,171.404108587,175.9741844212,213847,,,,,,"rgba(239, 83, 80, 0.5)",,195.7355804620612,,0,,,0.0,0.0,0.0,0.0,28.170145810099548,-24.473843660996202,False,False,False,True,True,
2022-04-29 00:00:00+00:00,156.366842364,173.4527632713,155.4224275901,170.8788125141,307342,,,,,,"rgba(239, 83, 80, 0.5)",,190.5575654780048,,0,,,0.0,0.0,0.0,0.0,26.607288559772556,-24.473843660996202,False,False,False,True,False,
2022-05-06 00:00:00+00:00,154.2661814652,163.3043191137,150.047207055,157.1082520929,448458,,,,,,"rgba(239, 83, 80, 0.5)",,184.54169660400058,,0,,,0.0,0.0,0.0,0.0,25.37295498912672,-18.867544725710008,False,False,False,True,False,
2022-05-13 00:00:00+00:00,152.6156621876,156.5389553368,142.3727337295,152.4656149805,337527,,,,,150.50911708463335,"rgba(239, 83, 80, 0.5)",,173.16089205207837,,0,,,-1.0,0.0,142.37273,39.0,24.39522448523644,-19.84136272276412,False,False,False,True,False,
2022-05-20 00:00:00+00:00,162.006852088,162.259196185,148.0965933633,151.1063638107,388011,,,,,154.22329050103392,"rgba(239, 83, 80, 0.5)",,172.20376549472837,,0,,,0.0,0.0,0.0,0.0,25.57497904181258,-19.84136272276412,False,False,False,True,False,
2022-05-27 00:00:00+00:00,171.1950369435,172.2012358614,154.6986704738,164.5046967701,231497,,,,,157.07961161810755,"rgba(239, 83, 80, 0.5)",,172.42916913679622,,0,,,0.0,0.0,0.0,0.0,28.07436622046856,-19.84136272276412,False,False,False,True,True,
2022-06-03 00:00:00+00:00,170.0034855934,172.5366355007,164.3546495631,169.8181331611,186052,,,,,159.01409784356454,"rgba(239, 83, 80, 0.5)",,172.67231077579078,,0,,,0.0,0.0,0.0,0.0,29.75033560152358,-19.84136272276412,False,False,False,True,True,
2022-06-10 00:00:00+00:00,160.6387746119,175.4757954977,154.4603602037,171.3186052317,182876,,,,,159.6362354859814,"rgba(239, 83, 80, 0.5)",,166.16603367312928,,0,,,0.0,0.0,0.0,0.0,30.1153787357041,-19.84136272276412,False,False,False,True,True,
2022-06-17 00:00:00+00:00,150.6209169644,160.5681641615,146.7770605719,155.0870279508,329621,,,,,158.24637161945384,"rgba(239, 83, 80, 0.5)",,163.26272575970512,,0,,,0.0,0.0,0.0,0.0,29.58233206940841,-19.84136272276412,False,False,False,True,True,
2022-06-24 00:00:00+00:00,167.9293036135,170.5771955027,152.8274935387,154.4338812848,363204,,,,,159.24157699271308,"rgba(239, 83, 80, 0.5)",,164.0331905168184,,0,,,0.0,0.0,0.0,0.0,32.11642217204425,-23.49955217300241,False,False,False,True,True,
2022-07-01 00:00:00+00:00,153.3570719166,169.3768178463,146.6843843558,169.2532495581,288915,,,,,158.89493215676657,"rgba(239, 83, 80, 0.5)",,159.78281037375726,,0,,,0.0,0.0,0.0,0.0,32.67758215867535,-22.861078130298107,False,False,False,True,True,
2022-07-08 00:00:00+00:00,154.4162286722,159.7120124507,148.4761245341,151.4770686752,204786,,,,,158.5123798876114,"rgba(239, 83, 80, 0.5)",,159.14632836671151,,0,,,0.0,0.0,0.0,0.0,33.24368217837055,-22.180201564233734,False,False,False,True,True,
2022-07-15 00:00:00+00:00,159.3324812799,160.3033749726,146.9138683195,152.1655205664,368471,,,,,158.12922035908218,"rgba(239, 83, 80, 0.5)",,158.72886501030212,,0,,,0.0,0.0,0.0,0.0,34.428689290227595,-20.887375552014277,False,False,False,True,True,
2022-07-22 00:00:00+00:00,167.8586931631,171.2303421687,156.5521947962,160.3563328104,249742,,,,,158.69436611466386,"rgba(239, 83, 80, 0.5)",,159.67481572727007,,0,,,0.0,0.0,0.0,0.0,36.564834372591335,-18.702438545092303,False,False,False,True,True,
2022-07-29 00:00:00+00:00,183.4540724841,184.4588374216,167.7174722624,169.5003861344,216199,,,,,159.97655354869994,"rgba(239, 83, 80, 0.5)",,161.49602548493456,,0,,,0.0,0.0,0.0,0.0,40.145593698035526,-15.197844538679632,False,False,False,True,True,
2022-08-05 00:00:00+00:00,182.3781737457,192.843734201,177.4788332097,180.9288225527,274692,,,,,161.81640999194056,"rgba(239, 83, 80, 0.5)",,163.86598227659437,,0,,,0.0,0.0,0.0,0.0,42.57607398667505,-12.875103990759925,False,False,False,True,True,
2022-08-12 00:00:00+00:00,193.9463081147,194.6309709483,177.6166549489,184.4766208718,227856,,,,,163.40955274066854,"rgba(239, 83, 80, 0.5)",,165.78316734430464,,0,,,0.0,0.0,0.0,0.0,45.69974753286965,-9.919569924714025,False,False,False,True,True,
2022-08-19 00:00:00+00:00,187.9710688403,197.8675588886,186.3260996949,192.4969569217,218355,,,190.72157580793336,,177.79860313222684,#000000,,173.2975767872643,,0,,,0.0,1.0,197.86755,57.0,47.17049114994931,-8.570187553407514,False,False,False,False,True,
2022-08-26 00:00:00+00:00,177.0964890299,186.6373100737,176.4296096466,184.6544553741,225717,,,185.29960095772213,,175.48660316184683,#000000,,172.61125924627075,,0,,,0.0,0.0,0.0,0.0,46.93653193171411,-8.570187553407514,False,False,False,False,True,
2022-09-02 00:00:00+00:00,165.3238449834,181.0177398038,164.0790034679,175.9138895902,267587,,,179.59959621996404,,172.76762176536545,"rgba(239, 83, 80, 0.5)",,171.25922243516933,,0,,,0.0,0.0,0.0,0.0,45.53758415285522,-8.570187553407514,False,False,False,True,True,
2022-09-09 00:00:00+00:00,175.2470102069,177.8078270388,162.727461251,165.2616029076,166479,,,178.14509352377505,,172.14586889480591,"rgba(239, 83, 80, 0.5)",,171.00142958865888,,0,,,0.0,0.0,0.0,0.0,45.82162005651694,-8.570187553407514,False,False,False,True,True,
2022-09-16 00:00:00+00:00,165.2704946327,179.0082099288,161.8160594272,177.5499670106,325412,,,175.59088744393202,,170.95092742294815,"rgba(239, 83, 80, 0.5)",,170.3401592492029,,0,,,0.0,0.0,0.0,0.0,45.00022412536029,-8.570187553407514,False,False,False,True,True,
2022-09-23 00:00:00+00:00,152.359709772,172.6595181997,148.7141024766,163.687767563,240793,,,172.6434112460523,,169.2861517060391,"rgba(239, 83, 80, 0.5)",,169.1141522066506,,0,,,0.0,0.0,0.0,0.0,43.22922513824207,-8.570187553407514,False,False,False,True,False,
2022-09-30 00:00:00+00:00,141.840798966,155.3917880347,141.3695375351,152.3419263217,292840,,,168.18591818615434,,166.5403493364646,"rgba(239, 83, 80, 0.5)",,166.89544735251545,,0,,,0.0,0.0,0.0,0.0,41.10277697016842,-3.408408429779719,False,False,False,True,False,
2022-10-07 00:00:00+00:00,139.2533069588,151.3905117349,137.5460957375,143.930354367,337557,,,164.04427489433004,,163.83805843502313,"rgba(239, 83, 80, 0.5)",,164.57831409948588,,0,,,0.0,0.0,0.0,0.0,39.378690414338436,-5.140731103982631,False,False,False,True,False,
2022-10-14 00:00:00+00:00,131.5886399134,140.9427347298,126.0846620698,139.831269091,310081,132.87201223766667,,159.99117137970953,,151.65502961529546,"rgba(239, 83, 80, 0.5)",,154.78252108405104,,0,,,0.0,0.0,0.0,0.0,37.54723799402221,-6.963965786968323,False,False,False,True,False,
2022-10-21 00:00:00+00:00,143.9837047177,144.5260999494,128.912230655,133.9805139681,309232,136.0020485638804,,157.59788526673557,,151.5389134240871,"rgba(239, 83, 80, 0.5)",,154.21237643700985,,0,,,0.0,0.0,0.0,0.0,38.03930690625158,-6.963965786968323,False,False,False,True,False,
2022-10-28 00:00:00+00:00,157.2501585829,158.452870983,143.6636026137,146.0732601187,353910,142.2277507831914,,157.07819851971044,,153.3058932333834,"rgba(239, 83, 80, 0.5)",,155.3534375902136,,0,,,0.0,0.0,0.0,0.0,40.07917145005979,-6.963965786968323,False,False,False,True,False,
2022-11-04 00:00:00+00:00,150.7878232986,157.6720054695,143.8408128681,156.451342138,294340,144.21061668745688,,156.52239213933183,,153.64727157344294,"rgba(239, 83, 80, 0.5)",,155.43846672658813,,0,,,0.0,0.0,0.0,0.0,40.91236184310905,-6.963965786968323,False,False,False,True,True,
2022-11-11 00:00:00+00:00,181.5108422957,181.7531798689,148.6785888656,152.2059468749,364954,150.12066835578116,,157.912915677666,,156.24884414326846,"rgba(239, 83, 80, 0.5)",,159.98261048545407,,0,,,0.0,0.0,0.0,0.0,44.724978665990086,-10.73460844660157,False,False,False,True,True,
2022-11-18 00:00:00+00:00,168.5861717273,179.6798472985,165.4537342076,179.4644361224,338282,153.74572698515092,,159.02729991995398,,157.9790105409645,#000000,,161.38249541355285,,0,,,0.0,0.0,0.0,0.0,46.18082323247144,-9.339359458103104,False,False,False,False,True,
2022-11-25 00:00:00+00:00,173.8457946114,173.9624756651,166.207673324,166.4320599659,153605,155.0177828709574,,159.47764994400183,,158.61787252218787,#000000,,161.8918913918906,,0,,,0.0,0.0,0.0,0.0,47.71421846797048,-7.849962409398344,False,False,False,False,True,
2022-12-02 00:00:00+00:00,177.9745088207,181.3627471121,166.1358695987,172.6520576769,346738,157.84371417575645,,160.67364934460892,,160.1484954680475,#000000,,163.3744007309191,,0,,,0.0,0.0,0.0,0.0,49.19900218729141,-6.393123585283256,False,False,False,False,True,
2022-12-09 00:00:00+00:00,171.772462041,177.3013488953,168.3438341541,177.3013488953,371046,159.75350002032872,,161.56402933092377,,161.23065199377496,#000000,,164.22367091889532,,0,,,0.0,0.0,0.0,0.0,49.60464022297809,-5.94368722486869,False,False,False,False,True,0.0
2022-12-16 00:00:00+00:00,169.9235161125,186.3845201559,159.027300786,171.8891430948,498039,161.54645957481037,,162.50349538980615,,162.3099751379162,#000000,,169.31293927619632,,0,,,0.0,0.0,0.0,0.0,49.69698537374067,-5.736166490796052,False,False,False,False,True,0.0
2022-12-23 00:00:00+00:00,170.4799949842,175.1651880652,163.9817578373,171.1352039783,369053,162.37516800148364,,162.97388011431593,,162.8323397192947,#000000,,169.02930138334298,,0,,,0.0,0.0,0.0,0.0,49.82563707990094,-5.441476120961255,False,False,False,False,True,0.0
2022-12-30 00:00:00+00:00,171.8263148351,174.3843225517,165.5075870016,171.4852471395,332963,163.0504091120256,,163.38750553573288,,163.2779785758563,#000000,,169.10623394709293,,0,,,0.0,0.0,0.0,0.0,50.07750706233189,-4.9939582825552264,False,False,False,False,True,0.0
2023-01-06 00:00:00+00:00,183.997046287,184.6791816781,172.3289409127,174.734365713,332077,164.3625750673703,,164.26017408164316,,164.18832400453414,#000000,,170.6931269455157,,0,,,0.0,0.0,0.0,0.0,51.639178357723985,-3.2886563503851036,False,False,False,False,True,0.0
2023-01-13 00:00:00+00:00,192.7750517148,194.5611693836,182.8571621466,185.2536114812,347974,166.25648258010432,,165.58122396377502,,165.54457310487126,#000000,,173.19400933321936,,0,,,0.0,0.0,0.0,0.0,53.64979864633568,-1.2010272352094802,False,False,False,False,True,0.0
2023-01-20 00:00:00+00:00,195.6561761956,195.6561761956,185.5228754513,191.2851244131,297484,167.79860393340712,,166.7006778120646,,166.68077793253738,"rgba(38, 166, 154, 0.5)",,175.04094150850904,,0,,,0.0,0.0,0.0,0.0,55.371485434010694,0.5612588435017045,False,False,True,False,True,0.0
2023-01-27 00:00:00+00:00,192.3980821565,197.2852232152,185.5857037111,195.5394951419,320625,169.23696878332117,,167.78406494596496,,167.77006554290583,"rgba(38, 166, 154, 0.5)",,176.5787771840487,,0,,,0.0,0.0,0.0,0.0,56.11589264230645,1.3711999052700605,False,False,True,False,True,0.0
2023-02-03 00:00:00+00:00,221.6342887352,224.5517196788,188.5248398874,191.0939883772,479506,172.7248374175424,,170.44355673116746,,180.71916166278092,"rgba(38, 166, 154, 0.5)",,190.61155491153286,,0,,,0.0,0.0,0.0,0.0,59.22760491201012,4.43705059080547,False,False,True,False,True,4.449430936594368
2023-02-10 00:00:00+00:00,192.7404145221,215.8898898231,189.8003678348,215.8898898231,496510,174.82771596130482,,172.16147682565088,,180.45414762827454,"rgba(38, 166, 154, 0.5)",,190.5629591661695,,0,,,0.0,0.0,0.0,0.0,57.90159678783892,4.43705059080547,False,False,True,False,True,0.0
2023-02-17 00:00:00+00:00,195.9699427294,198.3038874843,191.2206365422,194.0068961721,382541,175.98905697207903,,173.16444282206382,,180.46856724822698,"rgba(38, 166, 154, 0.5)",,190.46092592251247,,0,,,0.0,0.0,0.0,0.0,57.23621554109715,4.43705059080547,False,False,True,False,True,0.0
2023-02-24 00:00:00+00:00,188.3077287474,194.133544337,185.1822329614,192.5323496796,273151,176.5069377878499,,173.64883995782031,,180.26225589734736,"rgba(38, 166, 154, 0.5)",,190.01427790383156,,0,,,0.0,0.0,0.0,0.0,55.93030594873195,4.43705059080547,False,False,True,False,False,0.0
2023-03-03 00:00:00+00:00,188.3258213424,191.7905532847,182.7940104216,191.0849420797,224333,176.85388612255727,,173.98730373139216,,180.1238017774228,"rgba(38, 166, 154, 0.75)",,189.6587160967086,,0,,,0.0,0.0,0.0,0.0,54.99930307874223,4.43705059080547,True,False,True,False,False,0.0
2023-03-10 00:00:00+00:00,165.0135126865,191.3563310047,162.8333549891,188.6695806474,354958,176.67591580950767,,173.95339512859988,,179.05363584619712,#000000,,187.91175283129135,,0,,,0.0,0.0,0.0,0.0,52.00965840055981,6.8320660134432245,True,False,False,False,False,0.0
2023-03-17 00:00:00+00:00,155.1259095196,163.8917717966,149.26390874,160.6893824818,646269,175.0533156271366,,172.82979700332157,,172.03266798907717,#000000,,177.09108013641605,,0,,,0.0,0.0,0.0,0.0,49.039574962970676,3.996773284336115,True,False,False,False,False,0.0
2023-03-24 00:00:00+00:00,152.2039554273,161.1416973567,149.26390874,157.5684098445,408186,174.0643693162114,,172.11793404664235,,167.9195832499438,#000000,,168.16143495161086,,0,,,0.0,0.0,0.0,0.0,46.67618153494873,1.7883708468193333,True,False,False,False,False,0.0
2023-03-31 00:00:00+00:00,172.232458091,172.9471155935,156.0214929721,158.3373451319,462178,173.7077297700742,,171.90843324215354,,169.2363733758232,#000000,,170.03846929253154,,0,,,0.0,0.0,0.0,0.0,47.18803104417524,1.7883708468193333,True,False,False,False,False,0.0
2023-04-07 00:00:00+00:00,162.1186974867,171.6987265385,160.5717806143,171.5449394811,411231,173.32113713550643,,171.6553013062488,,169.26398250565873,#000000,,170.03600632240978,,0,,,0.0,0.0,0.0,0.0,46.64367790059309,1.7883708468193333,True,False,False,False,False,0.0
2023-04-14 00:00:00+00:00,166.6237536414,168.1525779188,160.1556509293,161.7477992892,252163,173.1049304437656,,171.51266927126878,,169.22892696462978,#000000,,169.96220876881188,,0,,,0.0,0.0,0.0,0.0,46.73022694388384,1.7883708468193333,True,False,False,False,False,0.0
2023-04-21 00:00:00+00:00,171.0293005236,172.883791511,165.6377072139,166.6237536414,298647,173.00802233979405,,171.47165488282474,,169.49999987821818,#000000,,170.31073316254066,,0,,,0.0,0.0,0.0,0.0,47.26006916069686,1.7883708468193333,True,False,False,False,False,0.0
2023-04-28 00:00:00+00:00,166.3596713413,171.2192727711,159.6589035464,170.7036338136,308587,172.79126497397786,,171.3293185441513,,169.42682731335026,#000000,,170.18001117704807,,0,,,0.0,0.0,0.0,0.0,47.16827629811944,1.7883708468193333,True,False,False,False,False,0.0
2023-05-05 00:00:00+00:00,154.0979382525,168.5143764857,150.9389213882,166.8526970947,301215,172.3682893519016,,171.00999720693102,,168.8895568487399,"rgba(239, 83, 80, 0.5)",,169.42041225004883,,0,,,0.0,0.0,0.0,0.0,45.935741492801135,0.6448196988878863,True,False,False,True,False,0.0
2023-05-12 00:00:00+00:00,156.5630670194,158.0421442796,150.6467579788,155.0565994396,215138,172.02572793644532,,170.74500462777675,,168.44024341567464,"rgba(239, 83, 80, 0.5)",,163.47314915066548,,0,,,0.0,0.0,0.0,0.0,45.35575688586634,-0.07504392585434516,True,False,False,True,False,0.0
2023-05-19 00:00:00+00:00,167.5648454051,169.6739000168,155.5770155126,157.0652228793,202259,171.8838957602162,,170.6453063285648,,168.37518011647273,#000000,,164.56325435832187,,0,,,0.0,0.0,0.0,0.0,46.23746212338311,-0.07504392585434516,True,False,False,False,False,0.0
2023-05-26 00:00:00+00:00,177.4436206859,178.4159770329,167.8387486015,169.0256624522,253168,171.9439333902115,,170.71946470212973,,168.7181288340445,#000000,,166.44232039762875,,0,,,0.0,0.0,0.0,0.0,47.93052738891314,-0.07504392585434516,True,False,False,False,False,0.0
2023-06-02 00:00:00+00:00,184.3277210202,185.9437498785,173.2529017821,177.8453453739,167849,172.07891777648484,,170.8489498273705,,169.09469545512422,#000000,26.88961916295125,167.7109028753711,0.6179640568403324,0,,,0.0,0.0,0.0,0.0,49.8387693677959,-0.07504392585434516,True,False,False,False,True,0.0
2023-06-09 00:00:00+00:00,191.9422298781,195.8133950528,177.7540443084,182.6021308834,278039,172.46735507228905,,171.20384472168655,,169.9590134474092,#000000,25.294792803974996,169.99687208658065,0.8675840107324658,0,,,0.0,0.0,0.0,0.0,51.94282050938081,-2.4273361092263315,True,False,False,False,True,0.0
2023-06-16 00:00:00+00:00,193.2478351139,198.2054829674,184.6655349624,190.7461859208,291455,172.94083906334683,,171.63384500689932,,170.9079603614941,#000000,23.843049867851533,176.10457514174712,0.7190044925950426,0,,,0.0,0.0,0.0,0.0,53.57273545630265,-0.8413312386206186,True,False,False,False,True,0.0
2023-06-23 00:00:00+00:00,179.6531064696,193.0195824503,177.7814346281,192.9921921306,174359,173.09125606606244,,171.77837331459318,,171.22422942406368,#000000,22.409593877519313,175.79516026723968,0.17215600708545234,0,,,0.0,0.0,0.0,0.0,53.026381641833524,-0.8413312386206186,True,False,False,False,True,0.0
2023-06-30 00:00:00+00:00,180.2922139277,185.514634871,179.2057312489,179.2787721013,152256,173.19682046299621,,171.88261414490893,,171.44758064698706,#000000,21.61491452340815,175.6634602088999,0.2141462883782096,0,,,0.0,0.0,0.0,0.0,52.70800182866168,-0.8413312386206186,True,False,False,False,True,0.0
2023-07-07 00:00:00+00:00,176.4393089661,183.1839012724,171.874255694,179.7626677481,146393,173.24322598957164,,171.93560464489588,,171.56596075247674,#000000,21.082232324814868,177.586051958616,-0.05439381251700918,0,,,0.0,0.0,0.0,0.0,51.99825034048331,-0.8413312386206186,True,False,False,False,True,0.0
2023-07-14 00:00:00+00:00,188.6371313091,189.2762387672,175.298045648,175.7180305491,164702,173.3881292494789,,172.07473098235084,,171.84171019511166,#000000,19.93115887704209,178.76878632737657,0.49512148503770037,0,,,0.0,0.0,0.0,0.0,52.90420463536948,-0.8413312386206186,True,False,False,False,True,0.0
2023-07-21 00:00:00+00:00,196.1055584622,199.4928279901,187.5323884172,187.6876002285,144247,173.62410987780098,,172.29057373075005,,172.24793297478723,"rgba(38, 166, 154, 1.0)",19.242521720506623,180.5874741617611,0.8064475397682103,0,,,0.0,0.0,0.0,0.0,54.33503931556817,0.1691505150863648,True,False,True,False,True,0.722946093351446
2023-07-28 00:00:00+00:00,185.733757428,203.6926770004,183.5982518416,195.8407853724,183328,173.869017151866,,172.5180070052384,,175.2851201624641,#000000,18.512263217343733,186.36989875244177,-0.034363238949940686,0,,,1.0,0.0,203.69267,102.0,53.976355213325185,0.1691505150863648,True,False,False,False,True,0.0
2023-08-04 00:00:00+00:00,189.5721446244,192.6281267567,184.850099944,186.7462816285,206806,174.10598232203947,,172.74109512881552,,175.473207133594,"rgba(38, 166, 154, 1.0)",17.905650266493755,186.47649554690827,0.17288671628332467,0,,,0.0,0.0,0.0,0.0,54.14950557214775,0.17629367189768175,True,False,True,False,True,0.0
2023-08-11 00:00:00+00:00,184.5187283875,194.6623799231,183.0367611486,189.4800969698,214776,174.31860524956312,,172.9441759497694,,175.64174333409042,#000000,17.810368264474718,186.3723509886383,-0.10407547859836197,0,,,0.0,0.0,0.0,0.0,53.59909810933664,0.17629367189768175,True,False,False,False,True,0.0
2023-08-18 00:00:00+00:00,181.7941178117,188.4767775348,178.3791498264,183.8099614471,205747,174.44779282522913,,173.0743023700405,,175.59990771632306,#000000,17.78425032842355,185.96195155681764,-0.23435532384833918,0,,,0.0,0.0,0.0,0.0,52.84245608888256,0.17629367189768175,True,False,False,False,True,0.0
2023-08-25 00:00:00+00:00,184.8224856476,187.4550485688,178.7197261484,182.5120895174,127710,174.53329662727745,,173.1596805828022,,175.64269943067478,#000000,17.354278860938553,185.7881891216881,-0.055646419066236484,0,,,0.0,0.0,0.0,0.0,52.69710314564277,0.17629367189768175,True,False,False,False,True,0.0
2023-09-01 00:00:00+00:00,193.8339510318,195.6012659999,184.6061736593,185.5312525879,193567,174.76640639833454,,173.37921154573013,,176.05363643859758,#000000,16.862638100849516,188.06129369610335,0.342334176964033,0,,,0.0,0.0,0.0,0.0,53.71649052012906,0.21222016106478492,True,False,False,False,True,0.39472515707874933
2023-09-08 00:00:00+00:00,184.408271202,193.3000746352,181.5547939097,191.8273121618,125432,174.87017963012786,,173.4804291386124,,176.1695877687196,#000000,16.36057719387403,187.54567554129542,-0.19176611571321386,0,,,0.0,0.0,0.0,0.0,53.08450772993357,0.21222016106478492,True,False,False,False,True,0.0
2023-09-15 00:00:00+00:00,190.3085258611,190.3177306265,182.0058274172,185.3747715751,236046,175.07904500963568,,173.68287318703108,,176.43341644291834,#000000,16.47345272631668,187.4507752320904,0.17347611799949503,0,,,0.0,0.0,0.0,0.0,53.377121082278336,0.21222016106478492,True,False,False,False,True,0.0
2023-09-22 00:00:00+00:00,184.9145333022,190.9988832705,183.1748326305,190.9988832705,161269,175.20467732868804,,173.80636197009508,,176.57291609044083,#000000,16.522715481953007,187.2732963157962,-0.14275879870790947,0,,,0.0,0.0,0.0,0.0,52.81363379154849,0.21222016106478492,True,False,False,False,True,0.0
2023-09-29 00:00:00+00:00,185.9270575027,188.2466583983,180.4307079519,185.3931811061,151975,175.30501655383858,,173.9069603740265,,176.66509900348385,#000000,16.58956750228359,186.98851339554943,-0.06398333728129596,0,,,0.0,0.0,0.0,0.0,52.54928871491815,0.21222016106478492,True,False,False,False,True,0.0
2023-10-06 00:00:00+00:00,177.5323114042,186.1962968923,173.0956144531,185.9086479717,148596,175.34156395621503,,173.95133228838307,,176.61970104973037,#000000,16.479248704649493,186.19159206475115,-0.5254657427500328,0,,,0.0,0.0,0.0,0.0,51.15654759827544,0.21222016106478492,True,False,False,False,False,0.0
2023-10-13 00:00:00+00:00,167.195359794,180.7815015635,164.8849636638,175.7189726088,159131,175.2948428082919,,173.92330587546613,,176.39579550033486,#000000,16.342724265950743,184.75613192353768,-1.0745315067283285,0,,,0.0,0.0,0.0,0.0,48.843589589839624,1.8795595731692316,False,False,False,False,False,0.0
2023-10-20 00:00:00+00:00,157.346260753,171.7977425234,156.4902175654,169.5978035787,221502,175.0988838140393,,173.76855030201236,,175.84523336953717,#000000,16.269447268192113,182.13904513920602,-1.523886090136425,0,,,0.0,0.0,0.0,0.0,46.085328107577176,-0.75062236990982,False,True,False,False,False,0.0
2023-10-27 00:00:00+00:00,160.1813285143,167.7292361906,155.3580314139,158.0734372243,246725,174.8746184266226,161.0895320396,173.5896623198421,,173.50916449851218,"rgba(239, 83, 80, 1.0)",16.28853719497534,174.64017379457744,-0.8876699673643919,0,,,0.0,0.0,0.0,0.0,44.58390778245412,-2.1213111476046933,False,True,False,True,False,0.0
2023-11-03 00:00:00+00:00,186.9997878659,188.320683746,160.8702348581,162.7771620089,200706,174.92418241522483,169.00269636374378,173.64799314317912,,174.53191400519694,#000000,16.358051979027255,176.60492132326178,0.6354587059611706,0,,,0.0,0.0,0.0,0.0,47.141653570130345,-2.1213111476046933,False,True,False,False,True,0.0
2023-11-10 00:00:00+00:00,179.7627667765,187.0462982842,177.8093292074,186.2556211729,197181,175.00668641182722,172.8375808033137,173.73499621861416,,175.10376945181056,#000000,16.365533258622822,177.72298620109945,0.12463880908529625,0,,,0.0,0.0,0.0,0.0,48.07447335479946,-5.54969278460247,False,False,False,False,True,0.0
2023-11-17 00:00:00+00:00,185.1765794681,193.7717047722,177.213995853,179.1255740456,295026,175.19684708868905,176.77796085909785,173.92409241333175,,175.8416221579685,#000000,16.339660193777803,179.21391923876158,0.36491947559650056,0,,,0.0,0.0,0.0,0.0,49.37494330726051,-4.371589687298645,False,False,False,False,True,0.0
2023-11-24 00:00:00+00:00,184.2184648508,189.613673375,180.3022876289,184.0975377632,149600,175.2844139980781,177.8675792511297,174.01213535749469,,176.0849556085463,#000000,16.13972234900378,179.67484756456167,0.2815176858676735,0,,,0.0,0.0,0.0,0.0,50.177321457402115,-3.6482391376826726,False,False,False,False,True,0.0
2023-12-01 00:00:00+00:00,187.1858295391,187.7067462242,178.3302458925,182.9905898074,213121,175.40248210575578,178.9378043583814,174.1316158070807,,176.35850046832672,#000000,16.182135329993788,180.16233999494003,0.4340273641848651,16,0.35616839598681915,5.6986943357891064,0.0,0.0,0.0,0.0,51.12157719510344,-2.756353507991129,True,False,False,False,True,0.0
2023-12-08 00:00:00+00:00,192.0322151273,194.6693558456,185.371923225,185.371923225,224370,175.60798464329395,180.66509287335097,174.32959346939182,,176.84315739170535,#000000,16.09745295139094,181.11394639763657,0.6782606392845524,16,0.37628289238275847,6.0205262781241355,0.0,0.0,0.0,0.0,52.399166934740244,-1.5281351539498473,True,False,False,False,True,0.6253234038124837
2023-12-15 00:00:00+00:00,204.5714239042,211.0456741333,190.3159806916,191.07410051,297370,176.06953179747606,184.13953580260488,174.76085206846855,,177.9048033842151,"rgba(38, 166, 154, 1.0)",16.247982320583024,183.26803463012666,1.3111405991060257,16,0.39460174397370273,6.313627903579244,0.0,0.0,0.0,0.0,54.72945336735252,0.6982778674181489,True,False,True,False,True,3.2218742283754445
2023-12-22 00:00:00+00:00,223.5569766593,223.8267370855,202.1342779847,204.6737468245,264630,176.68970569621325,188.2401810710987,175.33237477165434,,179.2618772300415,"rgba(38, 166, 154, 1.0)",17.01917808122695,186.01356215184313,2.2059475685767245,16,0.39644660799951725,6.343145727992276,0.0,0.0,0.0,0.0,58.12335560174999,3.8900351100745922,True,False,True,False,True,6.895336837537847
2023-12-29 00:00:00+00:00,224.887174623,230.5707477407,222.6918828787,225.2220496348,113008,177.01088860463335,190.1808327843271,175.6271725857499,,179.93823421225716,"rgba(38, 166, 154, 1.0)",17.854504298186278,197.23179580545866,1.5489300826094994,16,0.39318028220793155,6.290884515326905,0.0,0.0,0.0,0.0,60.65622188808007,6.195763644751686,True,False,True,False,True,7.143616517049946
2024-01-05 00:00:00+00:00,217.8547993742,223.48255999,212.8037679455,222.7476953806,144633,177.34980949973476,191.89853864513864,175.94041070820464,,180.59631893858943,"rgba(38, 166, 154, 1.0)",18.432842555469026,197.1252108072687,1.1246007502397313,16,0.40189215824669916,6.430274531947187,0.0,0.0,0.0,0.0,61.30559283953526,6.705414441241871,True,False,True,False,True,5.559308074318796
2024-01-12 00:00:00+00:00,220.6082161383,222.1430599426,214.5432575904,217.4548097767,161571,177.731471269876,193.65084179441587,176.29350643915558,,181.30689339736244,"rgba(38, 166, 154, 1.0)",19.06458712729388,197.95364957672442,1.1883061726074364,16,0.4035928829382941,6.4574861270127055,0.0,0.0,0.0,0.0,62.03200570116142,7.357006143326096,True,False,True,False,True,6.090302667956781
2024-01-19 00:00:00+00:00,223.3895391533,225.5104142284,210.227090771,217.7989868722,160116,178.10835783856166,195.2146503696312,176.64268109880376,,181.97976863003066,"rgba(38, 166, 154, 1.0)",19.673662759799768,198.86822483339745,1.246403103442855,16,0.40250739916473766,6.4401183866358025,0.0,0.0,0.0,0.0,62.820768656153106,8.11839554203356,True,False,True,False,True,6.629192723074535
2024-01-26 00:00:00+00:00,228.7940497612,230.8369733752,221.0733203214,223.9848725077,184501,178.60798493168468,197.2641251975769,177.10417648870825,,182.86788930984994,"rgba(38, 166, 154, 1.0)",20.467903530806687,200.54826568608226,1.38000377188628,16,0.39733060892860284,6.357289742857645,0.0,0.0,0.0,0.0,63.903163429586016,9.194113552172368,True,False,True,False,True,7.673160095429317
2024-02-02 00:00:00+00:00,216.5386017867,230.9757585428,215.7042466235,228.2638309925,212998,179.10410933992094,198.9183813289578,177.5653839454181,,183.68055365094307,"rgba(38, 166, 154, 1.0)",20.900716483084746,208.73679714083008,0.37327929174983304,16,0.3913444836697577,6.261511738716123,0.0,0.0,0.0,0.0,62.55643056846837,9.194113552172368,True,False,True,False,True,4.851868079373006
2024-02-09 00:00:00+00:00,219.4635322464,222.4259618145,212.1980799828,214.51364993,210743,179.5489212382441,200.14765540797865,177.98101988489213,,184.3611995791194,"rgba(38, 166, 154, 1.0)",21.307998812045486,208.7803854570788,0.5013679080591078,16,0.3839457316127773,6.143131705804437,0.0,0.0,0.0,0.0,61.917401435782324,9.194113552172368,True,False,True,False,True,5.430051272876234
2024-02-16 00:00:00+00:00,218.6573014145,224.188419912,211.6074690246,219.3604096981,223033,180.01018938904627,201.29511843975672,178.413005175255,,185.04120811788354,"rgba(38, 166, 154, 1.0)",21.734765163011733,209.10096819567383,0.4396796168329055,16,0.3809278765039603,6.094846024063365,0.0,0.0,0.0,0.0,61.32113585374262,9.194113552172368,True,False,True,False,True,5.2440226261546705
2024-02-23 00:00:00+00:00,220.7853758195,223.3634395259,213.0418099231,215.3011312076,267768,180.56252595969997,202.55810991186746,178.9311500977748,,185.8313553400472,"rgba(38, 166, 154, 0.75)",22.113658443508793,209.66026217315826,0.5030878845651783,16,0.37870507635886436,6.05928122174183,0.0,0.0,0.0,0.0,61.15264647700069,9.194113552172368,True,False,True,False,False,5.675886756933501
2024-03-01 00:00:00+00:00,221.3947363319,222.1822176095,214.101159737,218.8635465111,311904,181.18915805253403,203.8326351167863,179.52066730695054,,186.69302812713562,"rgba(38, 166, 154, 0.75)",22.28561434536101,210.2653394118069,0.499398255198192,16,0.37515692627300135,6.0025108203680215,0.0,0.0,0.0,0.0,61.108971991741605,9.194113552172368,True,False,True,False,False,5.801064335055088
2024-03-08 00:00:00+00:00,234.8569162681,237.7724719506,210.7637390843,218.9197951737,501594,182.3731093328751,206.4569076069803,180.63040161026436,,188.35291892404933,"rgba(38, 166, 154, 0.75)",22.537061279737603,219.40324521084918,0.685700361082337,16,0.3630289029850561,5.808462447760897,0.0,0.0,0.0,0.0,62.62931412447796,9.194113552172368,True,False,True,False,False,8.507692723074598
2024-03-15 00:00:00+00:00,216.8667189857,235.6631470999,216.7401594947,232.8975878512,561399,183.49871739834566,208.27289587443107,181.6953820474665,,189.78253384851638,"rgba(38, 166, 154, 0.75)",22.211589367326283,219.38773739889865,-0.11350013596537661,16,0.3580382355926127,5.7286117694818035,0.0,0.0,0.0,0.0,60.5603154034889,9.194113552172368,True,False,True,False,False,4.279224509076766
2024-03-22 00:00:00+00:00,228.1820749627,231.7069911577,214.5042751529,218.3573085469,221090,183.94349973588785,208.95412419035438,182.11697729727072,,190.3362336884124,"rgba(38, 166, 154, 0.75)",21.839459148696434,219.64537689978056,0.39088413338427314,16,0.3503219160547094,5.605150656875351,0.0,0.0,0.0,0.0,60.366458829245865,9.194113552172368,True,False,True,False,False,6.5052001445568415
2024-03-29 00:00:00+00:00,232.4757228811,246.9222544142,222.8009528991,229.1008031199,215205,184.46349207083873,209.9229275375277,182.60691650308894,,195.80072236102856,"rgba(38, 166, 154, 0.75)",21.884927019106225,226.6577075562504,0.26584577228748885,16,0.3436900961363707,5.499041538181931,0.0,0.0,0.0,0.0,60.67895440476509,9.194113552172368,True,False,True,False,False,7.329912052344959
2024-04-05 00:00:00+00:00,226.2883699856,232.2460408418,222.0790950613,231.2570018562,176201,184.82067332315194,210.44187803910245,182.94609687425697,,195.82829432264123,"rgba(38, 166, 154, 0.75)",22.026027965009263,225.96177399377467,0.014827729826920048,16,0.3399163105847325,5.43866096935572,0.0,0.0,0.0,0.0,59.89656440765351,9.194113552172368,True,False,True,False,False,5.897616082252416
2024-04-12 00:00:00+00:00,211.5230960305,227.882082095,211.4199734823,223.4759368513,172375,185.0831773406338,210.63091713627955,183.1990400848367,,195.60408420180076,"rgba(38, 166, 154, 0.75)",21.719898446510378,224.51722719211358,-0.5982592963597065,16,0.3401276311610384,5.442042098576614,0.0,0.0,0.0,0.0,57.22339344735278,11.144359397680667,True,False,True,False,False,2.6098383895269883
2024-04-19 00:00:00+00:00,211.2512274942,215.8636178345,203.1232957361,214.2417813937,230585,185.35348300012325,210.6102631241861,183.46394523396063,,195.28424823418493,"rgba(38, 166, 154, 0.75)",21.83917899446842,219.47803858164295,-0.3766996501803792,16,0.3390761359209724,5.425218174735559,0.0,0.0,0.0,0.0,55.27769327385674,9.248422852384088,True,False,True,False,False,2.5506218030461554
2024-04-26 00:00:00+00:00,213.3511775678,225.3415174971,204.3326419838,210.3606236684,232047,185.66555013911915,210.74578031147806,183.76716777822855,,195.3711497574254,"rgba(38, 166, 154, 0.5)",21.85454588300831,219.22345882563013,-0.2686983883932257,16,0.3368522696509043,5.389636314414469,0.0,0.0,0.0,0.0,54.17658461341304,8.18358869998412,False,False,True,False,False,2.983714888111642
2024-05-03 00:00:00+00:00,214.2490102544,215.7901659769,206.6519634874,213.511524694,322327,186.05693761468908,210.8170763287292,184.1501999711271,,195.48396481690736,#000000,21.931007320913594,218.23005059277293,-0.18152564905564467,16,0.3347166074366435,5.355465718986296,0.0,0.0,0.0,0.0,53.518425714966796,7.526586097664961,False,False,False,False,False,3.1710445310657747
2024-05-10 00:00:00+00:00,218.1066270322,225.7840408153,211.1752082582,215.5821572291,217583,186.37499874904356,211.05377578626863,184.45812363292424,,195.78104930775623,#000000,22.091703578855014,218.47159571558117,-0.016520621964640724,16,0.33309419972270665,5.329507195563306,0.0,0.0,0.0,0.0,53.60979039315025,7.526586097664961,False,False,False,False,False,3.9809756507090697
2024-05-17 00:00:00+00:00,220.6216418922,223.5810390771,217.8135237966,219.9976156487,145785,186.59981049625134,211.25196152780617,184.67524588984148,,196.01804886704474,"rgba(38, 166, 154, 0.5)",22.213445702819516,218.74027012853574,0.08469517916463759,15,0.3339339302576515,5.009008953864773,0.0,0.0,0.0,0.0,54.040812133077445,7.526586097664961,False,False,True,False,False,4.509753147142156
2024-05-24 00:00:00+00:00,219.9597958764,224.436711426,216.5181965943,219.7801519578,186159,186.87958536737446,211.48405133018284,184.9459526189969,,196.30097845180197,"rgba(38, 166, 154, 0.5)",22.279426185111923,218.97017579646496,0.044418562296561465,14,0.32948533107668304,4.612794635073563,0.0,0.0,0.0,0.0,54.22650249817031,7.526586097664961,False,False,True,False,False,4.351102606633514
2024-05-31 00:00:00+00:00,216.1305439279,219.7139673562,212.6794897027,219.7139673562,169779,187.09969167658218,211.59121776591465,185.16085563191632,,196.46943981317807,#000000,22.276560595464296,218.83859067156973,-0.12156484983687843,13,0.33781253841725517,4.391562999424317,0.0,0.0,0.0,0.0,53.64209542178294,7.285993540506276,False,False,False,False,False,3.4272156091507675
2024-06-07 00:00:00+00:00,206.1177592033,219.3546795191,204.9264363748,218.6833785602,202290,187.3040598109641,211.55257307216945,185.36394516748507,,196.53581397895385,#000000,22.172940458465707,218.2335097446805,-0.5464205599647771,13,0.3398657741657096,4.418255064154225,0.0,0.0,0.0,0.0,51.52632304586913,5.142396394766244,False,False,False,False,False,1.0642292245282121
2024-06-14 00:00:00+00:00,201.0404547679,216.9011217891,198.5159849648,203.4987399694,222246,187.4795855858981,211.38093853889936,185.54214117966677,,196.51333245502303,#000000,22.15459744281935,213.82687827197634,-0.5771453774810347,13,0.34168820487101503,4.441946663323195,0.0,0.0,0.0,0.0,49.245108160715944,2.9081309631701586,False,True,False,False,False,0.0
2024-06-21 00:00:00+00:00,207.2618073163,209.4931738838,198.5632596802,200.945905337,218430,187.64525686245685,211.2111837109542,185.7109518135474,,196.50076647710307,#000000,22.20335868649899,213.13285184615953,-0.26442146040857656,13,0.3417576173357899,4.442849025365269,0.0,0.0,0.0,0.0,48.762217057881955,2.430358911613716,False,True,False,False,False,1.3109395787238611
2024-06-28 00:00:00+00:00,213.5398895232,214.6933925793,207.3894490479,209.0015168435,428848,188.08425889593423,211.24462528802002,186.1467960475214,,196.7796269542224,#000000,22.31072577746409,213.60836191086497,-0.003069034523929828,13,0.33989153248895126,4.418589922356366,0.0,0.0,0.0,0.0,49.486649906422315,2.430358911613716,False,True,False,False,False,2.7127046316491246
2024-07-05 00:00:00+00:00,209.3891695099,214.4191992299,209.3702596237,212.717309475,74955,188.15678865052914,211.24300800924934,186.219122153489,,196.82281196997,#000000,22.371888200907165,213.5939185221434,-0.18794788238182378,13,0.3387038123102346,4.40314956003305,0.0,0.0,0.0,0.0,49.2988282481482,2.430358911613716,False,True,False,False,False,1.7280213296389952
2024-07-12 00:00:00+00:00,218.3430006092,222.3329865901,208.4342202585,209.739002404,188731,188.3792799831465,211.3533850920639,186.4379254817962,,197.01973309176114,#000000,22.322221041550325,213.97613319699298,0.19562871472684515,13,0.3362216150329296,4.3708809954280845,0.0,0.0,0.0,0.0,50.62795989101659,2.430358911613716,False,True,False,False,False,3.7161971728175516
2024-07-19 00:00:00+00:00,227.2022822777,235.1538894103,217.9364380567,219.0710312266,248693,188.77405604208795,211.77850145498988,186.81989455092724,,200.4177350305476,#000000,22.62743673355644,217.42434572081612,0.43212745093584615,13,0.3320961424697454,4.31724985210669,0.0,0.0,0.0,0.0,52.839423113891286,-0.7742715296810943,False,False,False,False,True,5.6169847239813855
2024-07-26 00:00:00+00:00,221.6995054036,234.8135114593,218.5273719993,227.6750294319,253555,189.15010954983663,212.1405506239131,187.18520743611904,,200.70739906242991,#000000,22.82924525983324,218.02473311673498,0.16096775189193724,13,0.32965799154980246,4.285553890147432,0.0,0.0,0.0,0.0,53.41832024075296,-0.2043732307848387,False,False,False,False,True,4.27715959684334
2024-08-02 00:00:00+00:00,197.5820248503,220.3001738273,195.0363316285,219.5815981531,232349,189.29287183687927,211.948963962935,187.3339659397603,,200.0136757434462,#000000,22.81314712412522,215.6475814179705,-0.7918923447684224,12,0.33353363540274433,4.002403624832932,0.0,0.0,0.0,0.0,50.38566354086106,-0.2043732307848387,False,True,False,False,False,0.0
2024-08-09 00:00:00+00:00,188.2954885282,190.8507161815,183.4329284416,187.2753043531,184417,189.27976299050871,211.48395216891672,187.33528377319172,,199.16115590389398,#000000,22.81328416760962,212.8524872395432,-1.076434174532806,11,0.35303790465339263,3.883416951187319,0.0,0.0,0.0,0.0,47.2025272905383,1.1459276622991226,False,True,False,False,False,0.0
2024-08-16 00:00:00+00:00,198.4305892576,198.9925486527,182.5271574451,188.028524445,201109,189.31217018420938,211.11440883027976,187.37962794074397,,198.66689458498553,#000000,22.525668102756274,206.00724229882326,-0.3363564182274432,10,0.36694510321201634,3.6694510321201634,0.0,0.0,0.0,0.0,46.4671494468927,0.5457766307658858,False,True,False,False,False,0.0
2024-08-23 00:00:00+00:00,206.649269247,208.5609227713,197.3531984933,197.9824709751,138354,189.3938709446217,211.0188164152648,187.46491811608954,,198.61774067892216,#000000,22.030647286971575,206.83266980810825,-0.008324792218733498,11,0.3462218989816075,3.8084408887976826,0.0,0.0,0.0,0.0,47.07287966336802,0.5457766307658858,False,True,False,False,False,0.8340172447672209
2024-08-30 00:00:00+00:00,201.8057780236,210.1960777807,194.569144483,209.7002873406,168240,189.47876698611,210.87310337906058,187.55522318783594,,198.52867319158997,#000000,21.40109281745918,206.79954981768904,-0.23334190626074403,12,0.3522165219028294,4.226598262833953,0.0,0.0,0.0,0.0,46.90596718759468,0.5457766307658858,False,True,False,False,False,0.0
2024-09-06 00:00:00+00:00,187.8664391088,200.442354313,187.6185438887,200.442354313,108889,189.4894430726645,210.6733690549936,187.57269974381703,,198.33668774616234,"rgba(239, 83, 80, 1.0)",21.224781449080705,205.9052949710614,-0.8498959532533947,12,0.36127137426241956,4.3352564911490346,0.0,0.0,0.0,0.0,45.225688402614566,-0.5955617372501507,False,True,False,True,False,0.0
2024-09-13 00:00:00+00:00,194.4833345991,194.902849587,181.5546454278,188.7436068107,163509,189.49470064015046,210.3552834423488,187.58887535912285,,197.34415652571724,"rgba(239, 83, 80, 1.0)",20.811631850276544,199.74736886670883,-0.25293712215742814,13,0.3819383485518013,4.965198531173417,-1.0,0.0,181.55464,164.0,44.97587750132356,-0.8762593943962642,False,True,False,True,False,0.0
2024-09-20 00:00:00+00:00,197.5629559872,201.443469625,194.8265741346,195.7418795627,227038,189.56888878209267,210.0917639713697,187.67304352890372,,197.61168911421382,"rgba(239, 83, 80, 1.0)",20.47778893197919,200.56231575288143,-0.1464689266817015,13,0.39154628993066937,5.090101769098702,0.0,0.0,0.0,0.0,45.23239943885203,-0.8762593943962642,False,True,False,True,False,0.0
2024-09-27 00:00:00+00:00,198.1540907429,201.3147547991,194.6835576615,198.75475993,98683,189.6011350903025,209.98165492669656,187.7095772832636,,197.62139291343018,"rgba(239, 83, 80, 1.0)",20.218873227277985,200.61651825335792,-0.12178856273433585,12,0.4148183631099018,4.977820357318821,0.0,0.0,0.0,0.0,45.50214951434247,-0.8762593943962642,False,True,False,True,False,0.0
2024-10-04 00:00:00+00:00,198.6880189092,199.6986686527,193.548960308,196.6953227169,121942,189.63718948539233,209.8400880623843,187.75116759047512,,197.58897856801048,"rgba(239, 83, 80, 1.0)",19.851734501620815,200.54519368371615,-0.09355226740336076,11,0.44958060623525886,4.945386668587847,0.0,0.0,0.0,0.0,45.777640483867515,-0.8762593943962642,False,True,False,True,False,0.0
2024-10-11 00:00:00+00:00,198.2303661952,198.4591925522,192.5955171537,197.048096684,108978,189.6654500456113,209.707486731613,187.784625859444,,197.53323184421134,"rgba(239, 83, 80, 1.0)",19.126281315036852,200.3970318919101,-0.11328212008503218,10,0.37485523577545365,3.7485523577545363,0.0,0.0,0.0,0.0,45.909086235740105,-0.8762593943962642,False,True,False,True,False,0.0
2024-10-18 00:00:00+00:00,213.7142830198,214.9156213942,196.6857882854,196.6857882854,133540,189.76069371484417,209.69229732780383,187.8817556693774,,197.78627969499485,#000000,18.493668637065745,201.25023825811496,0.6739628035026058,10,0.37618821647708883,3.7618821647708884,0.0,0.0,0.0,0.0,48.32835453057599,-0.8762593943962642,False,True,False,False,True,2.5541939465897734
2024-10-25 00:00:00+00:00,203.7889397843,213.2375614427,197.3627329249,213.2375614427,129018,189.83403345215552,209.6363238781543,187.95825947138573,,197.89604318874018,#000000,18.0789617587669,201.62515518530552,0.11968522462000417,10,0.3777939029304051,3.777939029304051,0.0,0.0,0.0,0.0,48.59322394462166,-0.8762593943962642,False,True,False,False,True,0.33954378499405635
2024-11-01 00:00:00+00:00,209.1064593074,217.1466783751,205.4956030304,205.4956030304,158477,189.95760870296073,209.64943295239186,188.08325993533202,,198.15740088791847,#000000,17.880339985988325,202.46298730865513,0.37155177160786285,10,0.37826163851835426,3.782616385183543,0.0,0.0,0.0,0.0,49.52601259637851,-3.986923750924504,False,True,False,False,True,1.487170022967657
2024-11-08 00:00:00+00:00,227.9786399848,233.7009857338,205.7539739191,207.4783845068,184833,190.18194409955902,209.85334295080256,188.30347334430633,,198.74548179247338,#000000,18.01279443832774,204.2674902516627,1.3163504315956969,10,0.37618933627177376,3.7618933627177373,0.0,0.0,0.0,0.0,52.43705374648191,-1.1332615265209043,False,False,False,False,True,5.363609422009464
2024-11-15 00:00:00+00:00,229.2791731096,236.5910593445,229.2695395309,229.9824243548,139321,190.39677868294822,210.1121511041024,188.511964304488,,199.31491273997963,"rgba(38, 166, 154, 0.5)",18.23404960744736,205.95882564499595,1.278945048777277,10,0.37447117696600074,3.7447117696600074,0.0,0.0,0.0,0.0,54.6534109856272,0.973744112260384,False,False,True,False,True,5.620869246044439
2024-11-22 00:00:00+00:00,233.2193067987,235.4639306363,223.4026901013,228.7107919662,129124,190.58905730240716,210.33555585133678,188.69890424812496,,199.77389560808714,"rgba(38, 166, 154, 1.0)",18.529516534210725,207.27478028537345,1.400172879061664,10,0.3718132862955916,3.7181328629559163,0.0,0.0,0.0,0.0,56.65971447245798,2.8441003530227746,True,False,True,False,True,6.404291895394547
2024-11-29 00:00:00+00:00,237.9204932053,241.7931918436,230.2521645585,235.0400531734,155033,190.85145543406907,210.67413169045273,188.9527208245049,,200.395815390207,"rgba(38, 166, 154, 1.0)",18.73881722684546,209.01391825813823,1.5426040286977056,10,0.3677867830249899,3.677867830249899,0.0,0.0,0.0,0.0,58.5900048558901,4.62436234145602,True,False,True,False,True,7.33455257610256
2024-12-06 00:00:00+00:00,236.5525250297,243.5561367461,234.2404661411,238.0023786243,121543,191.06158528480188,210.94812631184791,189.15587476664552,238.11637597230003,203.97103315846297,"rgba(38, 166, 154, 1.0)",18.893379001899945,217.3361181217879,1.01709741311915,10,0.3626882115361144,3.626882115361144,0.0,0.0,0.0,0.0,59.71585839020189,5.635743434977144,True,False,True,False,True,7.004345000833599
2024-12-13 00:00:00+00:00,230.9168814889,240.5986280845,230.2810652946,238.2576684599,205729,191.3817829193424,211.3301027314694,189.46688021123956,235.48612327098212,204.32930607656863,"rgba(38, 166, 154, 1.0)",18.828692713277146,218.03113293207088,0.6843676697608793,10,0.3587953804345449,3.587953804345449,0.0,0.0,0.0,0.0,59.483107205865466,5.635743434977144,True,False,True,False,True,5.644710317383645
2024-12-20 00:00:00+00:00,212.902089316,231.3359421625,206.8136675763,230.9168814889,376290,191.72727159916676,211.4978769711142,189.8124942277235,225.60830338702834,203.80862800916512,"rgba(38, 166, 154, 0.75)",18.739827625285844,215.98154450103476,-0.1643267615161849,10,0.3580877689999727,3.5808776899997268,0.0,0.0,0.0,0.0,56.526292888890076,5.635743434977144,True,False,True,False,False,1.5071254021750953
2024-12-27 00:00:00+00:00,214.7517364268,218.2101911809,209.7519090805,210.7634348442,106471,191.812785571552,211.5205595325644,189.89888684215757,224.11377987019569,203.73645801517742,"rgba(38, 166, 154, 0.5)",18.73017446833502,215.63873930930495,-0.04735689376543256,10,0.35732722617690515,3.5732722617690515,0.0,0.0,0.0,0.0,54.67463712640316,9.047784417533677,False,False,True,False,False,1.9000611973926453
2025-01-03 00:00:00+00:00,212.0350672328,215.7536286119,207.9167123377,212.9117228947,146806,191.91746247606883,211.52486198635148,190.00567272807245,222.24011928945487,203.6196767537067,#000000,18.58613154092005,215.13243034740253,-0.16664915492410232,10,0.3586051079505268,3.586051079505268,0.0,0.0,0.0,0.0,52.95997562519811,7.45885899118268,False,False,False,False,False,1.2887551515153426
2025-01-10 00:00:00+00:00,196.9103486706,214.1448209686,195.4219607611,212.3818760661,137202,191.96709496321378,211.4271112691231,190.0605486205875,219.72178244008225,203.32614082089148,#000000,18.51434320248964,214.18060873143142,-0.9328043599466748,10,0.3587386533119064,3.587386533119064,0.0,0.0,0.0,0.0,49.780449069532715,4.479184423746865,False,True,False,False,False,0.0
2025-01-17 00:00:00+00:00,202.3822213734,207.988964178,193.9239392729,193.9239392729,148543,192.01649428413094,211.3154284407668,190.11586623915392,217.53532060994564,203.05146346535525,#000000,18.33895571887272,213.29162905709944,-0.5948761669385847,11,0.3527519045054203,3.8802709495596237,0.0,0.0,0.0,0.0,48.368099886163286,3.2236670249216246,False,True,False,False,False,0.0
2025-01-24 00:00:00+00:00,201.1876576143,204.7520817341,199.5306820775,203.268510614,167584,192.07390380563785,211.1972653753316,190.17977055772772,215.66812880418126,202.80609700717687,#000000,18.11471120522013,212.485325688378,-0.623673650994907,11,0.35318022986646497,3.884982528531115,0.0,0.0,0.0,0.0,47.20629949661061,2.1696086926711615,False,True,False,False,False,0.0
2025-01-31 00:00:00+00:00,194.3574503145,207.3916822984,190.1185094521,199.3283769248,234723,192.1163174459529,210.9589191185318,190.2337108305993,213.04549057800327,202.38749986082368,"rgba(239, 83, 80, 1.0)",17.988444263502135,211.20490630581108,-0.9365710421936778,11,0.35353911081254696,3.8889302189380164,0.0,0.0,0.0,0.0,45.513581039473436,0.5743990825922296,False,True,False,True,False,0.0
2025-02-07 00:00:00+00:00,184.1768219647,193.3588719357,183.2123413842,189.8370564826,159337,192.08776625084997,210.6824370920179,190.21671100458872,210.7379148358133,201.93819681585117,"rgba(239, 83, 80, 1.0)",18.120527963637358,209.9485590391337,-1.4222398556018954,10,0.3279689459775811,3.2796894597758106,0.0,0.0,0.0,0.0,43.14651151686186,-1.6676413963962915,False,True,False,True,False,0.0
2025-02-14 00:00:00+00:00,182.0335317858,184.8782623869,176.9675731811,184.8782623869,209514,192.01039562113803,210.244665030136,190.15698999299613,207.67441602034643,201.2750744971378,"rgba(239, 83, 80, 1.0)",18.162942179307226,208.16497304131403,-1.4387229226157645,10,0.33405553107766417,3.340555310776642,0.0,0.0,0.0,0.0,41.22529536193951,-3.4690945420527584,False,True,False,True,False,0.0
2025-02-21 00:00:00+00:00,175.6231457053,183.0272390506,174.7755718618,182.0335317858,158616,191.93374896860428,209.88296389318975,190.09474058893235,205.49374966922372,200.76082833759975,"rgba(239, 83, 80, 1.0)",18.42458497697179,206.82189944581,-1.6933219271698208,10,0.3405473224692618,3.405473224692618,0.0,0.0,0.0,0.0,39.17740838279683,-5.3961943058045065,False,True,False,True,False,0.0
2025-02-28 00:00:00+00:00,182.9298167697,183.5728038234,174.7560874056,177.3182933922,202469,191.85496924879774,209.46946107573208,190.03288040074747,203.35601743924857,200.22009832440241,"rgba(239, 83, 80, 1.0)",18.458110289915513,205.43088625240756,-1.219034295997293,9,0.36445559456169446,3.28010035105525,0.0,0.0,0.0,0.0,39.09865529529111,-5.462950330044173,False,True,False,True,False,0.0
2025-03-07 00:00:00+00:00,176.957830953,187.0507792501,170.5021435119,184.780840106,240129,191.74481697900154,208.95701774689638,189.9436035646047,201.043231735757,199.5857166601294,"rgba(239, 83, 80, 1.0)",18.624531988225836,203.847143626455,-1.4437577647832451,8,0.37089642074149043,2.9671713659319234,0.0,0.0,0.0,0.0,38.370610806291324,-6.226969546592855,False,True,False,True,False,0.0
2025-03-14 00:00:00+00:00,168.8522971855,174.8535096865,162.8218580003,174.8535096865,194351,191.5965795112386,208.43240541099186,189.81585185843815,198.81555290516138,198.93691221268617,"rgba(239, 83, 80, 1.0)",18.834898235577796,202.28396498897706,-1.774985316370173,8,0.37154545228714175,2.972363618297134,0.0,0.0,0.0,0.0,37.00685893843542,-7.628097191941194,False,True,False,True,False,0.0
2025-03-21 00:00:00+00:00,170.9858451364,174.6391806686,166.7613227714,167.0207583054,313138,191.38189047162817,207.65572020677774,189.63210687005386,196.00552450366487,198.04407530132468,"rgba(239, 83, 80, 1.0)",18.73219998814234,200.19419887395202,-1.5592591236502482,8,0.371534033525892,2.972272268207136,0.0,0.0,0.0,0.0,36.45540848750121,-8.261834836445445,False,True,False,True,False,0.0
2025-03-28 00:00:00+00:00,168.7841015889,176.2562931086,165.391370658,173.3921754736,249770,191.2084782251821,207.04826738880533,189.48308909510286,194.09003201252796,197.38282749554568,"rgba(239, 83, 80, 1.0)",18.3673486182213,198.69671909395734,-1.6285756930307609,7,0.4039686187867781,2.8277803315074466,0.0,0.0,0.0,0.0,35.82058916762979,-9.007481680401796,False,True,False,True,False,0.0
2025-04-04 00:00:00+00:00,154.4435418464,170.5182181882,147.8577956603,167.3519940603,312039,190.86917164810512,206.067855298962,189.18145683197406,191.0000498743085,196.2897038974961,"rgba(239, 83, 80, 1.0)",18.575460544186466,196.2881981244459,-2.2526847277087816,7,0.4041245187825299,2.8288716314777096,0.0,0.0,0.0,0.0,33.96199229933232,-10.93010024859128,False,True,False,True,False,0.0
2025-04-11 00:00:00+00:00,147.370684256,156.6355431658,140.4147334027,148.6566583634,301061,190.45689963980863,204.98039085744068,188.81015742367774,187.76231507719768,195.0893234701007,"rgba(239, 83, 80, 1.0)",19.678661984172475,193.71854776727847,-2.3552344945279304,7,0.39984105601207365,2.7988873920845156,0.0,0.0,0.0,0.0,32.04342879565118,-12.872569978583378,False,True,False,True,False,0.0
2025-04-18 00:00:00+00:00,145.1202295682,152.2807672113,142.6189125071,148.5105249421,150310,190.24699580555304,204.43897222206763,188.62068625848028,186.26892788881287,194.5074972916041,"rgba(239, 83, 80, 1.0)",20.69104437745654,192.5021836808839,-2.2899740220125304,7,0.390827822654138,2.735794758578966,0.0,0.0,0.0,0.0,30.490165497873505,-14.438629913435747,False,True,False,True,False,0.0
2025-04-25 00:00:00+00:00,149.3288721013,156.552734227,138.5149989259,143.8732243732,256275,189.90554624862324,203.56142795631555,188.31264132786288,184.04358362075908,190.09694046565312,"rgba(239, 83, 80, 1.0)",21.570674708816927,179.0034070326584,-1.3756887687536756,6,0.37836194187545974,2.2701716512527583,0.0,0.0,0.0,0.0,30.32326959124488,-14.685433697129227,False,True,False,True,False,0.0
2025-05-02 00:00:00+00:00,157.3979919206,158.9153311004,145.7881230824,149.3191298732,264983,189.60733060254978,202.7759665036363,188.04508381850528,182.33598683961304,189.61713784704824,"rgba(239, 83, 80, 1.0)",22.141073829426247,178.57768052219959,-0.9565791056371918,6,0.3721711557370171,2.2330269344221025,0.0,0.0,0.0,0.0,31.89696801598629,-14.685433697129227,False,True,False,True,False,0.0
2025-05-09 00:00:00+00:00,163.3190744529,169.0177457046,156.1228339129,156.9630543056,204632,189.43645278593945,202.2925412049113,187.8939465964389,181.5145106094559,189.47210727896652,"rgba(239, 83, 80, 0.75)",22.568334440997834,178.78728257973145,-0.68539431508653,6,0.3674176843293487,2.204506105976092,0.0,0.0,0.0,0.0,34.16357628800711,-14.685433697129227,False,True,False,True,True,0.0
2025-05-16 00:00:00+00:00,175.5368674576,178.0031614338,168.4987860503,171.7410482716,270033,189.30770477697467,201.84813101813452,187.78505836986585,181.1197618763863,189.5793399891126,"rgba(239, 83, 80, 0.75)",22.77297943868851,175.87633221209634,-0.014906470864309669,6,0.3654777575898552,2.192866545539131,0.0,0.0,0.0,0.0,37.86431362174934,-17.209839088061756,False,True,False,True,True,0.0
2025-05-23 00:00:00+00:00,165.0390550215,177.0196093271,163.5661980978,172.1759858867,170937,189.19855014334513,201.52006585965933,187.68997368537023,180.71427846652648,189.43485622518267,"rgba(239, 83, 80, 0.75)",23.2240497205292,175.4454071751928,-0.44808516511631374,6,0.36263986923117125,2.1758392153870276,0.0,0.0,0.0,0.0,39.157540365422506,-16.007450729016377,False,True,False,True,True,0.0
2025-05-30 00:00:00+00:00,168.7360247494,171.770703109,164.6881394457,167.5102914706,342085,188.98202431394412,200.87979304551195,187.50107773866918,179.9678770184125,189.09508912173476,"rgba(239, 83, 80, 0.75)",23.460447417570542,175.06656713630179,-0.2698389452777685,6,0.36063042521695254,2.1637825513017153,0.0,0.0,0.0,0.0,40.681460106706936,-14.55571550096348,False,True,False,True,True,0.0
2025-06-06 00:00:00+00:00,168.5679806709,171.0095622827,165.8693904684,167.5597161996,449543,188.70537783454301,200.07718182514077,187.25946520251202,179.12062398234647,188.62508211395595,"rgba(239, 83, 80, 0.75)",23.65836063278043,174.7462472426941,-0.2611451684117811,6,0.35917503191001043,2.1550501914600626,0.0,0.0,0.0,0.0,41.747440248003976,-13.521466547716663,False,True,False,True,True,0.0
2025-06-13 00:00:00+00:00,171.5730041931,178.5616608713,168.5383258335,168.6075204541,526088,188.4595044613183,199.3112020349255,187.04897804697814,178.62557375384233,188.28345244678488,"rgba(239, 83, 80, 0.75)",23.85465742896461,175.1234737389218,-0.1488375826144034,6,0.3569837429260694,2.1419024575564163,0.0,0.0,0.0,0.0,43.03055756926882,-12.250487227126307,False,True,False,True,True,0.0
2025-06-20 00:00:00+00:00,172.986551442,176.0113448558,169.0325731233,173.228732614,456690,188.2493295226109,198.67531451758074,186.86850510279112,178.24168555806992,187.96637096875563,"rgba(239, 83, 80, 0.75)",23.982368837327524,175.23181120750434,-0.09362126738746837,6,0.35480109418437317,2.128806565106239,0.0,0.0,0.0,0.0,44.197226850104016,-11.07439700440952,False,True,False,True,True,0.0
2025-06-27 00:00:00+00:00,181.0823220495,184.0873455717,170.021067703,172.2352955615,1368632,187.87122399836608,197.3212958043095,186.56126548682357,178.26684060973037,187.57653341281778,#000000,23.951563633741404,176.6363781983825,0.18562227999404385,6,0.354335477524955,2.12601286514973,0.0,0.0,0.0,0.0,46.403419347228706,-8.899273628116468,False,False,False,False,True,0.0
2025-07-04 00:00:00+00:00,196.809270812,200.2788867867,177.5286840356,182.2981703825,629589,187.93485036140666,197.14897936408346,186.6429470386202,179.1875975462023,187.89918393732128,#000000,23.72760698651498,178.3066042379952,0.7797948855322975,6,0.3545827039071175,2.127496223442705,0.0,0.0,0.0,0.0,50.16395094883458,-5.285328816370367,False,False,False,False,True,0.9353429651751313
2025-07-11 00:00:00+00:00,202.4338049703,203.4124146042,191.1056570873,194.2490698507,836055,188.18365262825074,197.21883096225815,186.9061333662179,180.8575166264684,188.60043345407618,#000000,23.652425350341467,180.84921107820256,0.912574231707102,7,0.3597766020793034,2.518436214555124,0.0,0.0,0.0,0.0,53.51360958993068,-2.1459401468642767,True,False,False,False,True,2.1812460853432185
2025-07-18 00:00:00+00:00,204.9445812027,210.2231422581,198.5193664349,201.2179566373,460355,188.38424440825784,197.36959549341796,187.11106001451355,181.90969052049607,189.07756112540585,"rgba(38, 166, 154, 1.0)",23.550565734275295,182.31219645649486,0.9610123595997591,7,0.3606096895430886,2.52426782680162,0.0,0.0,0.0,0.0,56.1973671601785,0.31849194889944243,True,False,True,False,True,2.7349744774291125
2025-07-25 00:00:00+00:00,195.4154934547,212.5856443035,189.4400437206,205.7650317038,349993,188.48353333003155,197.39691264435496,187.21633707082583,182.47238700777078,189.3098533014675,"rgba(38, 166, 154, 1.0)",23.45251344577561,186.24370967782764,0.39107892627706514,7,0.3612443968514432,2.5287107779601024,0.0,0.0,0.0,0.0,56.35185431347848,0.38846694477766874,True,False,True,False,True,0.5112426689787206
2025-08-01 00:00:00+00:00,189.66,199.9329136838,186.98,196.7104213541,343542,188.516803448021,197.3195463936191,187.25868385061906,182.77412443760625,189.39631920880169,"rgba(38, 166, 154, 1.0)",23.346716822244396,185.73127247521666,0.1682775164788956,7,0.3610401338692562,2.5272809370847935,0.0,0.0,0.0,0.0,55.494869340580436,0.38846694477766874,True,False,True,False,True,0.0
2025-08-08 00:00:00+00:00,190.11,193.135,185.93,191.89,288870,188.5258519329944,197.2258153717525,187.27621187847498,182.95097068857376,189.42689407263347,"rgba(38, 166, 154, 1.0)",23.222682331130976,187.18640976720445,0.1258937357497401,7,0.3614977200408062,2.5304840402856437,0.0,0.0,0.0,0.0,54.94902878428104,0.38846694477766874,True,False,True,False,True,0.0
2025-08-15 00:00:00+00:00,194.09,199.56,188.88,188.88,371807,188.57980276473444,197.17813599794732,187.3387611882651,183.30692216628313,189.54632427306757,"rgba(38, 166, 154, 1.0)",22.839172827872584,188.1268905122995,0.2610913071432787,7,0.36167298377268803,2.531710886408816,0.0,0.0,0.0,0.0,55.15607408500949,0.38846694477766874,True,False,True,False,True,0.23894526510727943
2025-08-22 00:00:00+00:00,200.26,201.085,188.7,192.25,384295,188.6589716500801,197.1702396091876,187.4254821296123,183.73135116127355,189.70899274720418,"rgba(38, 166, 154, 1.0)",22.735714935183594,189.02493334378025,0.4941593738419653,7,0.36235535138079245,2.536487459665547,0.0,0.0,0.0,0.0,56.18496057185436,0.4978975712668259,True,False,True,False,True,1.6663008510356576
2025-08-29 00:00:00+00:00,201.43,203.15,196.94,199.06,430477,188.78725217255115,197.2286423838848,187.56009360163304,184.30719614654092,189.95865367142682,"rgba(38, 166, 154, 1.0)",22.463180641360793,190.2482480862001,0.4977813290256532,7,0.36294617270215773,2.540623208915104,0.0,0.0,0.0,0.0,57.08410100996723,1.5331135004608285,True,False,True,False,True,1.936219889897373
