date,Close,High,Low,Open,Volume,OB_c0,OB_High_c0,OB_Low_c0,OB_Mitigated_Index_c0,OB,OB_High,OB_Low,OB_Mitigated_Index,aVWAP_OB_bull_c0_202,aVWAP_OB_bull_c0_143,aVWAP_OB_bull_c0_116,aVWAP_OB_bull_c0_44,aVWAP_OB_bear_c0_229,aVWAP_OB_bear_c0_218,aVWAP_OB_bear_c0_38,aVWAP_OB_bear_c0_25,aVWAP_QQEMOD_bull_dot_c0_89,aVWAP_QQEMOD_bull_dot_c0_161,aVWAP_QQEMOD_bull_dot_c0_218,aVWAP_QQEMOD_bear_dot_c0_103,aVWAP_QQEMOD_bear_dot_c0_195,aVWAP_QQEMOD_bear_dot_c0_253,aVWAP_price_maxima_minima_valley_c0_1,aVWAP_price_maxima_minima_peak_c0_1,color
2025-06-09 00:00:00+00:00,15.089,15.21,14.91,14.985,131171,0.0,0.0,0.0,0.0,0.0,0.0,0.0,0.0,,,,,,,,,,,,,,,,,#000000
2025-06-10 00:00:00+00:00,14.6,15.2599,14.54,15.18,39626,0.0,0.0,0.0,0.0,0.0,0.0,0.0,0.0,,,,,,,,,,,,,,,,,"rgba(239, 83, 80, 0.5)"
2025-06-11 00:00:00+00:00,14.26,14.82,14.22,14.76,77732,0.0,0.0,0.0,0.0,0.0,0.0,0.0,0.0,,,,,,,,,,,,,,,,,"rgba(239, 83, 80, 0.5)"
2025-06-12 00:00:00+00:00,14.8,14.98,14.39,14.39,112064,0.0,0.0,0.0,0.0,0.0,0.0,0.0,0.0,,,,,,,,,,,,,,,,,"rgba(239, 83, 80, 0.5)"
2025-06-13 00:00:00+00:00,15.35,15.42,14.67,14.8,76089,0.0,0.0,0.0,0.0,0.0,0.0,0.0,0.0,,,,,,,,,,,,,,,,,"rgba(239, 83, 80, 0.5)"
2025-06-16 00:00:00+00:00,15.03,15.785,15.0,15.55,90424,0.0,0.0,0.0,0.0,0.0,0.0,0.0,0.0,,,,,,,,,,,,,,,,,"rgba(239, 83, 80, 0.5)"
2025-06-17 00:00:00+00:00,14.11,14.95,13.83,14.95,105597,0.0,0.0,0.0,0.0,0.0,0.0,0.0,0.0,,,,,,,,,,,,,,,,,"rgba(239, 83, 80, 0.5)"
2025-06-18 00:00:00+00:00,13.8,14.28,13.74,13.91,114863,0.0,0.0,0.0,0.0,0.0,0.0,0.0,0.0,,,,,,,,,,,,,,,,,"rgba(239, 83, 80, 0.5)"
2025-06-20 00:00:00+00:00,13.86,14.03,13.74,13.79,220393,0.0,0.0,0.0,0.0,0.0,0.0,0.0,0.0,,,,,,,,,,,,,,,,,"rgba(239, 83, 80, 0.5)"
2025-06-23 00:00:00+00:00,13.89,14.38,13.72,13.99,148117,0.0,0.0,0.0,0.0,0.0,0.0,0.0,0.0,,,,,,,,,,,,,,,,,"rgba(239, 83, 80, 0.5)"
2025-06-24 00:00:00+00:00,13.45,13.9,13.05,13.9,51417,0.0,0.0,0.0,0.0,0.0,0.0,0.0,0.0,,,,,,,,,,,,,,,,,"rgba(239, 83, 80, 0.5)"
2025-06-25 00:00:00+00:00,13.48,13.63,13.33,13.4,23956,0.0,0.0,0.0,0.0,0.0,0.0,0.0,0.0,,,,,,,,,,,,,,,,,"rgba(239, 83, 80, 0.5)"
2025-06-26 00:00:00+00:00,13.63,13.63,13.415,13.52,11640,0.0,0.0,0.0,0.0,0.0,0.0,0.0,0.0,,,,,,,,,,,,,,,,,"rgba(239, 83, 80, 0.5)"
2025-06-27 00:00:00+00:00,13.25,13.41,13.08,13.41,20209,0.0,0.0,0.0,0.0,0.0,0.0,0.0,0.0,,,,,,,,,,,,,,,,,"rgba(239, 83, 80, 0.5)"
2025-06-30 00:00:00+00:00,13.52,13.64,13.21,13.38,77548,0.0,0.0,0.0,0.0,0.0,0.0,0.0,0.0,,,,,,,,,,,,,,,,,"rgba(239, 83, 80, 0.5)"
2025-07-01 00:00:00+00:00,13.66,13.825,13.58,13.66,17028,0.0,0.0,0.0,0.0,0.0,0.0,0.0,0.0,,,,,,,,,,,,,,,,,"rgba(239, 83, 80, 0.5)"
2025-07-02 00:00:00+00:00,13.6,13.83,13.355,13.67,38089,0.0,0.0,0.0,0.0,0.0,0.0,0.0,0.0,,,,,,,,,,,,,,,,,"rgba(239, 83, 80, 0.5)"
2025-07-03 00:00:00+00:00,13.57,13.68,13.4309,13.47,68336,0.0,0.0,0.0,0.0,0.0,0.0,0.0,0.0,,,,,,,,,,,,,,,,,"rgba(239, 83, 80, 0.5)"
2025-07-07 00:00:00+00:00,14.05,14.05,13.48,13.84,35004,0.0,0.0,0.0,0.0,0.0,0.0,0.0,0.0,,,,,,,,,,,,,,,,,"rgba(239, 83, 80, 0.5)"
2025-07-08 00:00:00+00:00,13.15,14.05,12.84,14.05,114811,0.0,0.0,0.0,0.0,0.0,0.0,0.0,0.0,,,,,,,,,,,,,,,,,"rgba(239, 83, 80, 0.5)"
2025-07-09 00:00:00+00:00,13.38,13.42,13.02,13.26,35418,0.0,0.0,0.0,0.0,0.0,0.0,0.0,0.0,,,,,,,,,,,,,,,,,"rgba(239, 83, 80, 0.5)"
2025-07-10 00:00:00+00:00,13.25,13.44,13.11,13.44,48616,0.0,0.0,0.0,0.0,0.0,0.0,0.0,0.0,,,,,,,,,,,,,,,,,"rgba(239, 83, 80, 0.5)"
2025-07-11 00:00:00+00:00,13.57,13.7241,13.34,13.4,41092,0.0,0.0,0.0,0.0,0.0,0.0,0.0,0.0,,,,,,,,,,,,,,,,,"rgba(239, 83, 80, 0.5)"
2025-07-14 00:00:00+00:00,13.47,13.85,13.415,13.68,79900,0.0,0.0,0.0,0.0,0.0,0.0,0.0,0.0,,,,,,,,,,,,,,,,,"rgba(239, 83, 80, 0.5)"
2025-07-15 00:00:00+00:00,13.2,13.51,12.89,13.51,55828,0.0,0.0,0.0,0.0,0.0,0.0,0.0,0.0,,,,,,,,,,,,,,,,,"rgba(239, 83, 80, 0.5)"
2025-07-16 00:00:00+00:00,13.27,14.36,12.8567,13.27,163520,-1.0,14.36,12.8567,59.0,-1.0,14.36,12.8567,59.0,,,,,,,,13.495566666666665,,,,,,,,,"rgba(239, 83, 80, 0.5)"
2025-07-17 00:00:00+00:00,13.1,13.16,12.78,13.16,56682,0.0,0.0,0.0,0.0,0.0,0.0,0.0,0.0,,,,,,,,13.371435415361045,,,,,,,,,"rgba(239, 83, 80, 0.5)"
2025-07-18 00:00:00+00:00,13.52,13.57,12.99,13.22,71272,0.0,0.0,0.0,0.0,0.0,0.0,0.0,0.0,,,,,,,,13.368639197092477,,,,,,,,,"rgba(239, 83, 80, 0.5)"
2025-07-21 00:00:00+00:00,13.91,14.12,13.67,13.67,117755,0.0,0.0,0.0,0.0,0.0,0.0,0.0,0.0,,,,,,,,13.521537430957563,,,,,,,,,#000000
2025-07-22 00:00:00+00:00,14.16,14.19,13.85,14.05,67618,0.0,0.0,0.0,0.0,0.0,0.0,0.0,0.0,,,,,,,,13.598838008837214,,,,,,,,,#000000
2025-07-23 00:00:00+00:00,13.78,14.15,13.66,14.15,68395,0.0,0.0,0.0,0.0,0.0,0.0,0.0,0.0,,,,,,,,13.63201622643401,,,,,,,,,#000000
2025-07-24 00:00:00+00:00,13.55,13.8435,13.5,13.61,62486,0.0,0.0,0.0,0.0,0.0,0.0,0.0,0.0,,,,,,,,13.631928875527647,,,,,,,,,#000000
2025-07-25 00:00:00+00:00,13.34,13.395,13.055,13.38,27225,0.0,0.0,0.0,0.0,0.0,0.0,0.0,0.0,,,,,,,,13.616124534676844,,,,,,,,,#000000
2025-07-28 00:00:00+00:00,12.99,13.3,12.94,13.29,86627,0.0,0.0,0.0,0.0,0.0,0.0,0.0,0.0,,,,,,,,13.551361630034092,,,,,,,,,"rgba(239, 83, 80, 0.5)"
2025-07-29 00:00:00+00:00,13.11,13.15,12.85,12.96,15831,0.0,0.0,0.0,0.0,0.0,0.0,0.0,0.0,,,,,,,,13.540311976631758,,,,,,,,,"rgba(239, 83, 80, 0.5)"
2025-07-30 00:00:00+00:00,12.69,13.05,12.61,12.95,117524,0.0,0.0,0.0,0.0,0.0,0.0,0.0,0.0,,,,,,,,13.436253588479438,,,,,,,,,"rgba(239, 83, 80, 0.5)"
2025-07-31 00:00:00+00:00,12.89,12.92,12.665,12.68,18145,0.0,0.0,0.0,0.0,0.0,0.0,0.0,0.0,,,,,,,,13.423550060322842,,,,,,,,,"rgba(239, 83, 80, 0.5)"
2025-08-01 00:00:00+00:00,13.04,13.23,12.86,13.04,63604,0.0,0.0,0.0,0.0,0.0,0.0,0.0,0.0,,,,,,,,13.39773206332125,,,,,,,,,"rgba(239, 83, 80, 0.5)"
2025-08-04 00:00:00+00:00,13.57,13.91,13.13,13.13,32380,-1.0,13.91,13.13,54.0,-1.0,13.91,13.13,54.0,,,,,,,13.536666666666667,13.402374380501875,,,,,,,,,"rgba(239, 83, 80, 0.5)"
2025-08-05 00:00:00+00:00,13.49,13.65,13.3,13.65,43390,0.0,0.0,0.0,0.0,0.0,0.0,0.0,0.0,,,,,,,13.504216268531962,13.405701124857691,,,,,,,,,#000000
2025-08-06 00:00:00+00:00,13.69,13.69,13.42,13.52,77798,0.0,0.0,0.0,0.0,0.0,0.0,0.0,0.0,,,,,,,13.552740588317011,13.419565867952244,,,,,,,,,#000000
2025-08-07 00:00:00+00:00,12.06,13.74,11.88,13.74,242379,0.0,0.0,0.0,0.0,0.0,0.0,0.0,0.0,,,,,,,12.94503432698484,13.263227980338645,,,,,,,,,"rgba(239, 83, 80, 0.5)"
2025-08-08 00:00:00+00:00,11.72,12.33,11.67,12.24,133738,0.0,0.0,0.0,0.0,0.0,0.0,0.0,0.0,,,,,,,12.682861121861734,13.139504826775072,,,,,,,,,"rgba(239, 83, 80, 0.5)"
2025-08-11 00:00:00+00:00,11.58,11.93,11.55,11.77,155505,0.0,0.0,0.0,0.0,0.0,0.0,0.0,0.0,,,,,,,12.45677314808058,13.000206954013281,,,,,,,,,"rgba(239, 83, 80, 0.5)"
2025-08-12 00:00:00+00:00,11.91,12.03,11.4,11.66,90756,1.0,12.03,11.4,0.0,0.0,0.0,0.0,0.0,,,,11.780000000000001,,,12.377616578129576,12.935545525497822,,,,,,,11.780000000000001,,"rgba(239, 83, 80, 0.5)"
2025-08-13 00:00:00+00:00,12.03,12.17,11.65,11.91,66353,0.0,0.0,0.0,0.0,0.0,0.0,0.0,0.0,,,,11.851797350883784,,,12.343930627168419,12.8987863758863,,,,,,,11.851797350883784,,"rgba(239, 83, 80, 0.5)"
2025-08-14 00:00:00+00:00,11.99,12.1899,11.92,11.94,310333,0.0,0.0,0.0,0.0,0.0,0.0,0.0,0.0,,,,11.97229628253345,,,12.260296878998094,12.770232828463161,,,,,,,11.97229628253345,,"rgba(239, 83, 80, 0.5)"
2025-08-15 00:00:00+00:00,12.22,12.29,11.9,12.02,58323,0.0,0.0,0.0,0.0,0.0,0.0,0.0,0.0,,,,11.990529854402633,,,12.254342500120428,12.753027199745086,,,,,,,11.990529854402633,,"rgba(239, 83, 80, 0.5)"
2025-08-18 00:00:00+00:00,13.16,13.16,12.25,12.25,656117,0.0,0.0,0.0,0.0,0.0,0.0,0.0,0.0,,,,12.4713621937159,,,12.4660082126274,12.777280243204713,,,,,,,12.4713621937159,,"rgba(239, 83, 80, 0.5)"
2025-08-19 00:00:00+00:00,12.89,13.175,12.59,13.14,547442,0.0,0.0,0.0,0.0,0.0,0.0,0.0,0.0,,,,12.602305098543324,,,12.561006088830576,12.794877030711607,,,,,,,12.602305098543324,,#000000
2025-08-20 00:00:00+00:00,13.17,13.3692,13.0,13.0,218955,0.0,0.0,0.0,0.0,0.0,0.0,0.0,0.0,,,,12.66719867854313,,,12.612449042524013,12.818480000035482,,,,,,,12.66719867854313,,#000000
2025-08-21 00:00:00+00:00,13.1,13.42,13.06,13.06,135518,0.0,0.0,0.0,0.0,0.0,0.0,0.0,0.0,,,,12.701415407019015,,,12.640878311900106,12.83218854945119,,,,,,,12.701415407019015,,#000000
2025-08-22 00:00:00+00:00,13.51,13.75,13.05,13.13,113479,0.0,0.0,0.0,0.0,0.0,0.0,0.0,0.0,,,,12.739387686192662,,,12.672207481684088,12.850149502088165,,,,,,,12.739387686192662,,"rgba(38, 166, 154, 1.0)"
2025-08-25 00:00:00+00:00,13.49,13.79,13.46,13.61,99656,0.0,0.0,0.0,0.0,0.0,0.0,0.0,0.0,,,,12.775858970821368,,,12.702543923722773,12.868709742431754,,,,,,,12.775858970821368,,"rgba(38, 166, 154, 1.0)"
2025-08-26 00:00:00+00:00,13.89,14.0,13.5,13.58,504463,0.0,0.0,0.0,0.0,0.0,0.0,0.0,0.0,,,,12.959681570872132,,,12.860849096627982,12.974540957732094,,,,,,,12.959681570872132,,"rgba(38, 166, 154, 1.0)"
2025-08-27 00:00:00+00:00,13.95,13.95,13.61,13.93,82374,0.0,0.0,0.0,0.0,0.0,0.0,0.0,0.0,,,,12.98473238814667,,,,12.990302690995865,,,,,,,12.98473238814667,,"rgba(38, 166, 154, 1.0)"
2025-08-28 00:00:00+00:00,13.85,14.02,13.81,14.02,169314,0.0,0.0,0.0,0.0,0.0,0.0,0.0,0.0,,,,13.035120425561093,,,,13.023007960836148,,,,,,,13.035120425561093,,"rgba(38, 166, 154, 1.0)"
2025-08-29 00:00:00+00:00,14.0,14.03,13.78,13.83,74176,0.0,0.0,0.0,0.0,0.0,0.0,0.0,0.0,,,,13.056504357617968,,,,13.03727825989151,,,,,,,13.056504357617968,,"rgba(38, 166, 154, 1.0)"
2025-09-02 00:00:00+00:00,14.18,14.3291,13.78,14.16,98331,0.0,0.0,0.0,0.0,0.0,0.0,0.0,0.0,,,,13.08820420189795,,,,13.058761910337724,,,,,,,13.08820420189795,,"rgba(38, 166, 154, 1.0)"
2025-09-03 00:00:00+00:00,14.46,14.6699,14.23,14.35,102566,0.0,0.0,0.0,0.0,0.0,0.0,0.0,0.0,,,,13.130273268260265,,,,13.087657127882729,,,,,,,13.130273268260265,,"rgba(38, 166, 154, 1.0)"
2025-09-04 00:00:00+00:00,14.25,14.37,14.007,14.35,71288,0.0,0.0,0.0,0.0,0.0,0.0,0.0,0.0,,,,13.15289469436767,,,,,,,,,,,13.15289469436767,,"rgba(38, 166, 154, 1.0)"
2025-09-05 00:00:00+00:00,15.02,15.09,14.4,14.69,153590,0.0,0.0,0.0,0.0,0.0,0.0,0.0,0.0,,,,13.225680526764828,,,,,,,,,,,13.225680526764828,,"rgba(38, 166, 154, 1.0)"
2025-09-08 00:00:00+00:00,15.52,15.57,14.93,15.39,222771,0.0,0.0,0.0,0.0,0.0,0.0,0.0,0.0,,,,13.350424538537702,,,,,,,,,,,13.350424538537702,,"rgba(38, 166, 154, 1.0)"
2025-09-09 00:00:00+00:00,15.12,15.65,15.0,15.6,157005,0.0,0.0,0.0,0.0,0.0,0.0,0.0,0.0,,,,13.426525226169927,,,,,,,,,,,13.426525226169927,,"rgba(38, 166, 154, 1.0)"
2025-09-10 00:00:00+00:00,15.49,15.55,15.01,15.29,147663,0.0,0.0,0.0,0.0,0.0,0.0,0.0,0.0,,,,13.496131385928383,,,,,,,,,,,13.496131385928383,,"rgba(38, 166, 154, 1.0)"
2025-09-11 00:00:00+00:00,15.55,15.61,15.17,15.45,205143,0.0,0.0,0.0,0.0,0.0,0.0,0.0,0.0,,,,13.589339654960533,,,,,,,,,,,13.589339654960533,,"rgba(38, 166, 154, 1.0)"
2025-09-12 00:00:00+00:00,15.49,15.59,15.42,15.46,609339,0.0,0.0,0.0,0.0,0.0,0.0,0.0,0.0,,,,13.827184510324066,,,,,,,,,,,13.827184510324066,,"rgba(38, 166, 154, 1.0)"
2025-09-15 00:00:00+00:00,15.73,15.79,15.48,15.56,161892,0.0,0.0,0.0,0.0,0.0,0.0,0.0,0.0,,,,13.886074456026323,,,,,,,,,,,13.886074456026323,,"rgba(38, 166, 154, 1.0)"
2025-09-16 00:00:00+00:00,15.1,16.0,15.077,15.84,139717,0.0,0.0,0.0,0.0,0.0,0.0,0.0,0.0,,,,13.926572364174996,,,,,,,,,,,13.926572364174996,,"rgba(38, 166, 154, 0.75)"
2025-09-17 00:00:00+00:00,15.07,15.475,14.84,15.01,131656,0.0,0.0,0.0,0.0,0.0,0.0,0.0,0.0,,,,13.956266904219422,,,,,,,,,,,13.956266904219422,,"rgba(38, 166, 154, 0.75)"
2025-09-18 00:00:00+00:00,15.43,15.6,14.68,15.11,141072,0.0,0.0,0.0,0.0,0.0,0.0,0.0,0.0,,,,13.98929285260323,,,,,,,,,,,13.98929285260323,,"rgba(38, 166, 154, 0.75)"
2025-09-19 00:00:00+00:00,15.8,16.0,15.5,15.54,538767,0.0,0.0,0.0,0.0,0.0,0.0,0.0,0.0,,,,14.148677165853401,,,,,,,,,,,14.148677165853401,,"rgba(38, 166, 154, 0.75)"
2025-09-22 00:00:00+00:00,16.65,16.66,15.8,15.92,154126,0.0,0.0,0.0,0.0,0.0,0.0,0.0,0.0,,,,14.20423596571671,,,,,,,,,,,14.20423596571671,,"rgba(38, 166, 154, 1.0)"
2025-09-23 00:00:00+00:00,17.19,17.29,16.86,17.01,194163,0.0,0.0,0.0,0.0,0.0,0.0,0.0,0.0,,,,14.29309816649435,,,,,,,,,,,14.29309816649435,,"rgba(38, 166, 154, 1.0)"
2025-09-24 00:00:00+00:00,16.91,17.5,16.72,17.23,148211,0.0,0.0,0.0,0.0,0.0,0.0,0.0,0.0,,,,14.355764229529889,,,,,,,,,,,14.355764229529889,,"rgba(38, 166, 154, 1.0)"
2025-09-25 00:00:00+00:00,16.89,17.0677,16.55,16.93,121514,0.0,0.0,0.0,0.0,0.0,0.0,0.0,0.0,,,,14.401246858232122,,,,,,,,,,,14.401246858232122,,"rgba(38, 166, 154, 1.0)"
2025-09-26 00:00:00+00:00,17.06,17.17,16.7308,16.95,63066,0.0,0.0,0.0,0.0,0.0,0.0,0.0,0.0,,,,14.42562501859607,,,,,,,,,,,14.42562501859607,,"rgba(38, 166, 154, 1.0)"
2025-09-29 00:00:00+00:00,17.51,17.68,17.09,17.46,175401,0.0,0.0,0.0,0.0,0.0,0.0,0.0,0.0,,,,14.5023068801794,,,,,,,,,,,14.5023068801794,,"rgba(38, 166, 154, 1.0)"
2025-09-30 00:00:00+00:00,17.51,17.8,17.3,17.3,91999,0.0,0.0,0.0,0.0,0.0,0.0,0.0,0.0,,,,14.542435752596711,,,,,,,,,,,14.542435752596711,,"rgba(38, 166, 154, 1.0)"
2025-10-01 00:00:00+00:00,17.59,18.0,17.54,17.63,126630,0.0,0.0,0.0,0.0,0.0,0.0,0.0,0.0,,,,14.599064171408783,,,,,,,,,,,14.599064171408783,,"rgba(38, 166, 154, 1.0)"
2025-10-02 00:00:00+00:00,18.39,18.8,17.2509,17.79,470804,0.0,0.0,0.0,0.0,0.0,0.0,0.0,0.0,,,,14.820188430970921,,,,,,,,,,,14.820188430970921,,"rgba(38, 166, 154, 1.0)"
2025-10-03 00:00:00+00:00,18.21,18.44,17.85,18.39,768980,0.0,0.0,0.0,0.0,0.0,0.0,0.0,0.0,,,,15.129378550593767,,,,,,,,,,,15.129378550593767,,"rgba(38, 166, 154, 1.0)"
2025-10-06 00:00:00+00:00,18.03,18.51,17.96,18.06,193885,0.0,0.0,0.0,0.0,0.0,0.0,0.0,0.0,,,,15.198522123171383,,,,,,,,,,,15.198522123171383,,"rgba(38, 166, 154, 1.0)"
2025-10-07 00:00:00+00:00,18.35,18.434,17.92,17.97,167526,0.0,0.0,0.0,0.0,0.0,0.0,0.0,0.0,,,,15.257090966070367,,,,,,,,,,,15.257090966070367,,"rgba(38, 166, 154, 1.0)"
2025-10-08 00:00:00+00:00,18.86,19.0,18.42,19.0,278732,0.0,0.0,0.0,0.0,0.0,0.0,0.0,0.0,,,,15.366023509116351,,,,,,,,,,,15.366023509116351,,"rgba(38, 166, 154, 1.0)"
2025-10-09 00:00:00+00:00,17.7,18.95,17.6034,18.95,275803,0.0,0.0,0.0,0.0,0.0,0.0,0.0,0.0,,,,15.44717547085788,,,,,,,,,,,15.44717547085788,,"rgba(38, 166, 154, 0.75)"
2025-10-10 00:00:00+00:00,17.74,18.14,17.58,17.99,158579,0.0,0.0,0.0,0.0,0.0,0.0,0.0,0.0,,,,15.487216015885688,,,,,,,,,,,15.487216015885688,,"rgba(38, 166, 154, 0.75)"
2025-10-13 00:00:00+00:00,18.86,19.18,18.3134,18.75,125278,0.0,0.0,0.0,0.0,0.0,0.0,0.0,0.0,,,,15.530593475838304,,,,,,,,,,,15.530593475838304,,"rgba(38, 166, 154, 0.75)"
2025-10-14 00:00:00+00:00,18.96,19.24,18.295,18.59,255219,0.0,0.0,0.0,0.0,0.0,0.0,0.0,0.0,,,,15.616756162763767,,,,,,,,,,,15.616756162763767,,"rgba(38, 166, 154, 0.75)"
2025-10-15 00:00:00+00:00,20.49,20.49,19.36,19.36,508103,0.0,0.0,0.0,0.0,0.0,0.0,0.0,0.0,,,,15.83887428690184,,,,,20.113333333333333,,,,,,15.83887428690184,,"rgba(38, 166, 154, 1.0)"
2025-10-16 00:00:00+00:00,19.3,20.2,18.91,19.8,836069,0.0,0.0,0.0,0.0,0.0,0.0,0.0,0.0,,,,16.111831625428678,,,,,19.713182863998558,,,,,,16.111831625428678,,"rgba(38, 166, 154, 1.0)"
2025-10-17 00:00:00+00:00,18.18,19.1,17.69,19.1,855462,0.0,0.0,0.0,0.0,0.0,0.0,0.0,0.0,,,,16.269780985275666,,,,,19.172655003817304,,,,,,16.269780985275666,,"rgba(38, 166, 154, 0.5)"
2025-10-20 00:00:00+00:00,19.12,19.23,18.11,18.71,627441,0.0,0.0,0.0,0.0,0.0,0.0,0.0,0.0,,,,16.396723121071847,,,,,19.094386755451012,,,,,,16.396723121071847,,"rgba(38, 166, 154, 0.5)"
2025-10-21 00:00:00+00:00,17.26,18.225,16.7901,18.06,341490,0.0,0.0,0.0,0.0,0.0,0.0,0.0,0.0,,,,16.42384678920134,,,,,18.91447329301014,,,,,,16.42384678920134,,"rgba(38, 166, 154, 0.5)"
2025-10-22 00:00:00+00:00,17.61,17.795,16.6,16.71,318143,0.0,0.0,0.0,0.0,0.0,0.0,0.0,0.0,,,,16.445700083090316,,,,,18.77035500955821,,,,,,16.445700083090316,,#000000
2025-10-23 00:00:00+00:00,17.67,18.02,17.64,17.94,165252,0.0,0.0,0.0,0.0,0.0,0.0,0.0,0.0,,,,16.46207729488391,,,,,18.72539039164358,,,,,,16.46207729488391,,#000000
2025-10-24 00:00:00+00:00,18.11,18.12,17.5,17.5,138781,0.0,0.0,0.0,0.0,0.0,0.0,0.0,0.0,,,,16.476886666746264,,,,,18.695538525229416,,,,,,16.476886666746264,,#000000
2025-10-27 00:00:00+00:00,17.51,18.08,16.9,17.75,677836,0.0,0.0,0.0,0.0,0.0,0.0,0.0,0.0,,,,16.525406729427118,,,,,18.5136823090065,,,,,,16.525406729427118,,#000000
2025-10-28 00:00:00+00:00,17.26,17.6,16.9501,17.06,145967,0.0,0.0,0.0,0.0,0.0,0.0,0.0,0.0,,,,16.53295863271051,,,,,18.474343273549895,,,,,,16.53295863271051,,"rgba(239, 83, 80, 1.0)"
2025-10-29 00:00:00+00:00,17.3,17.75,17.13,17.75,269088,0.0,0.0,0.0,0.0,0.0,0.0,0.0,0.0,,,,16.5487492965471,,,,,18.414779653114735,,,,,,16.5487492965471,,"rgba(239, 83, 80, 1.0)"
2025-10-30 00:00:00+00:00,17.45,17.92,17.1,17.36,340737,0.0,0.0,0.0,0.0,0.0,0.0,0.0,0.0,,,,16.570127218619973,,,,,18.354464877366055,,,,,,16.570127218619973,,"rgba(239, 83, 80, 1.0)"
2025-10-31 00:00:00+00:00,15.22,17.575,14.89,17.39,1027371,0.0,0.0,0.0,0.0,0.0,0.0,0.0,0.0,,,,16.526857196306988,,,,,17.950292136573182,,,,,,16.526857196306988,,"rgba(239, 83, 80, 1.0)"
2025-11-03 00:00:00+00:00,15.52,15.8,14.93,15.33,789592,0.0,0.0,0.0,0.0,0.0,0.0,0.0,0.0,,,,16.474738666056023,,,,,17.66617964165966,,,,,,16.474738666056023,,"rgba(239, 83, 80, 1.0)"
2025-11-04 00:00:00+00:00,14.66,15.37,14.6,15.22,872733,0.0,0.0,0.0,0.0,0.0,0.0,0.0,0.0,,,,16.395907159330793,,,,,17.35856275612681,,,14.876666666666667,,,16.395907159330793,,"rgba(239, 83, 80, 1.0)"
2025-11-05 00:00:00+00:00,15.07,15.295,14.87,14.92,323266,0.0,0.0,0.0,0.0,0.0,0.0,0.0,0.0,,,,16.372264662198916,,,,,17.26907738221276,,,14.931175053936778,,,16.372264662198916,,"rgba(239, 83, 80, 1.0)"
2025-11-06 00:00:00+00:00,14.82,16.1256,14.81,15.4,426409,0.0,0.0,0.0,0.0,0.0,0.0,0.0,0.0,,,,16.346358840051845,,,,,17.16979499331313,,,15.015460751426275,,,16.346358840051845,,"rgba(239, 83, 80, 1.0)"
2025-11-07 00:00:00+00:00,15.45,15.45,14.86,14.86,249779,0.0,0.0,0.0,0.0,0.0,0.0,0.0,0.0,,,,16.33175247321768,,,,,17.11609096497504,,,15.047196670774163,,,16.33175247321768,,"rgba(239, 83, 80, 1.0)"
2025-11-10 00:00:00+00:00,16.41,16.71,16.17,16.29,334132,0.0,0.0,0.0,0.0,0.0,0.0,0.0,0.0,,,,16.333477916712617,,,,,17.09130143233491,,,15.25661282591804,,,16.333477916712617,,"rgba(239, 83, 80, 0.75)"
2025-11-11 00:00:00+00:00,16.5,16.73,16.17,16.73,273792,0.0,0.0,0.0,0.0,0.0,0.0,0.0,0.0,,,,16.33536740447994,,,,,17.073339868970844,,,15.390196790976963,,,16.33536740447994,,"rgba(239, 83, 80, 0.75)"
2025-11-12 00:00:00+00:00,16.83,17.15,16.3615,16.5,515415,0.0,0.0,0.0,0.0,0.0,0.0,0.0,0.0,,,,16.346946004043204,,,,,17.058301889847733,,,15.629414587276713,,,16.346946004043204,,#000000
2025-11-13 00:00:00+00:00,16.75,17.835,16.68,16.93,1125840,0.0,0.0,0.0,0.0,0.0,0.0,0.0,0.0,,,,16.38680544460693,,,,,17.06133078128006,,,16.027949704288982,,,16.38680544460693,,#000000
2025-11-14 00:00:00+00:00,16.47,16.565,15.64,15.99,543661,0.0,0.0,0.0,0.0,0.0,0.0,0.0,0.0,,,,16.38271095837243,,,,,17.02249031612078,,,16.05091389309572,,,16.38271095837243,,#000000
2025-11-17 00:00:00+00:00,16.54,16.92,16.33,16.45,749141,0.0,0.0,0.0,0.0,0.0,0.0,0.0,0.0,,,,16.389920042569447,,,,,16.996878983410273,,,16.126427947802874,,,16.389920042569447,,#000000
2025-11-18 00:00:00+00:00,16.77,17.12,16.355,17.12,305109,0.0,0.0,0.0,0.0,0.0,0.0,0.0,0.0,,,,16.394771949891204,,,,,16.990936201623818,,,16.15960503124783,,,16.394771949891204,,#000000
2025-11-19 00:00:00+00:00,16.72,17.27,16.46,17.09,231157,0.0,0.0,0.0,0.0,0.0,0.0,0.0,0.0,,,,16.39905499891867,,,,,16.987835497463035,,,16.18512995875035,,,16.39905499891867,,#000000
2025-11-20 00:00:00+00:00,16.04,17.29,15.98,16.92,630688,0.0,0.0,0.0,0.0,0.0,0.0,0.0,0.0,,,,16.400068708005314,,,,,16.962317659960537,,,16.209235450677458,,,16.400068708005314,,#000000
2025-11-21 00:00:00+00:00,16.26,16.34,15.62,15.85,333894,1.0,16.34,15.62,0.0,0.0,0.0,0.0,0.0,,,16.07333333333333,16.395472201031396,,,,,16.94104945048662,,,16.20267336874323,,,16.395472201031396,,#000000
2025-11-24 00:00:00+00:00,16.96,16.96,16.37,16.37,275053,0.0,0.0,0.0,0.0,0.0,0.0,0.0,0.0,,,16.38499686070107,16.39968644250202,,,,,16.93761469721311,,,16.224121174771295,,,16.39968644250202,,#000000
2025-11-25 00:00:00+00:00,17.47,17.53,16.95,17.3,684762,0.0,0.0,0.0,0.0,0.0,0.0,0.0,0.0,,,16.878131004216044,16.425114064727968,,,,,16.95501598095525,,,16.31912431021906,,,16.425114064727968,,"rgba(38, 166, 154, 0.5)"
2025-11-26 00:00:00+00:00,19.21,19.27,17.66,17.66,427906,0.0,0.0,0.0,0.0,0.0,0.0,0.0,0.0,,,17.33426904195576,16.464089506151122,,,,,17.004050858534768,,,16.442516922347416,,,16.464089506151122,,"rgba(38, 166, 154, 0.5)"
2025-11-28 00:00:00+00:00,21.11,21.5099,19.97,20.0,1197950,0.0,0.0,0.0,0.0,0.0,0.0,0.0,0.0,,,18.782293879967277,16.664318815136003,,,,,17.283532311736963,,,16.999937358140524,,,16.664318815136003,,"rgba(38, 166, 154, 1.0)"
2025-12-01 00:00:00+00:00,21.15,21.86,20.39,21.85,847998,0.0,0.0,0.0,0.0,0.0,0.0,0.0,0.0,,,19.311462670077887,16.803810735385476,,,,,17.4712620630484,,,17.338638509076276,,,16.803810735385476,,"rgba(38, 166, 154, 1.0)"
2025-12-02 00:00:00+00:00,20.99,21.235,20.39,21.0,622732,0.0,0.0,0.0,0.0,0.0,0.0,0.0,0.0,,,19.532766467477312,16.894962878805654,,,,,17.58881995271979,,,17.5391713746699,,,16.894962878805654,,"rgba(38, 166, 154, 1.0)"
2025-12-03 00:00:00+00:00,21.93,22.7,21.45,21.705,1073493,0.0,0.0,0.0,0.0,0.0,0.0,0.0,0.0,,,20.022753342247782,17.08581676873942,,,,,17.838423692549505,,,17.939115814561227,,,17.08581676873942,,"rgba(38, 166, 154, 1.0)"
2025-12-04 00:00:00+00:00,22.02,22.4,21.85,22.04,640041,0.0,0.0,0.0,0.0,0.0,0.0,0.0,0.0,,,20.239522622329904,17.1943733858731,,,,,17.976370773172697,,,18.148555808845195,,,17.1943733858731,,"rgba(38, 166, 154, 1.0)"
2025-12-05 00:00:00+00:00,22.22,23.0,22.05,22.51,683530,0.0,0.0,0.0,0.0,0.0,0.0,0.0,0.0,,,20.459446179532662,17.312770632895223,,,,,18.125300717741354,,,18.367125045044386,,,17.312770632895223,,"rgba(38, 166, 154, 1.0)"
2025-12-08 00:00:00+00:00,21.63,22.555,21.55,22.4,457616,0.0,0.0,0.0,0.0,0.0,0.0,0.0,0.0,,,20.551173111708454,17.381444173873515,,,,,18.208334504034976,,,18.484442243001286,,,17.381444173873515,,"rgba(38, 166, 154, 1.0)"
2025-12-09 00:00:00+00:00,22.0,22.31,21.53,21.59,597201,0.0,0.0,0.0,0.0,0.0,0.0,0.0,0.0,,,20.657443379873133,17.46870819804559,,,,,18.31234448258368,,,18.62779668856827,,,17.46870819804559,,"rgba(38, 166, 154, 1.0)"
2025-12-10 00:00:00+00:00,21.81,21.87,21.03,21.87,1142536,0.0,0.0,0.0,0.0,0.0,0.0,0.0,0.0,,,20.77348814463947,17.61340028168474,,,,,18.476982045038287,,,18.843755126942337,,,17.61340028168474,,"rgba(38, 166, 154, 0.75)"
2025-12-11 00:00:00+00:00,22.61,22.68,21.7,21.87,819648,0.0,0.0,0.0,0.0,0.0,0.0,0.0,0.0,,,20.903613092032522,17.729827810434216,,,,,18.61178989644943,,,19.01814692315022,,,17.729827810434216,,"rgba(38, 166, 154, 0.75)"
2025-12-12 00:00:00+00:00,22.97,23.48,22.56,22.9,1137690,0.0,0.0,0.0,0.0,0.0,0.0,0.0,0.0,,,21.12192965257881,17.90452732756421,,,,,18.815181548595486,,,19.27688470915159,,,17.90452732756421,,"rgba(38, 166, 154, 0.75)"
2025-12-15 00:00:00+00:00,23.38,23.815,22.89,23.2,911608,0.0,0.0,0.0,0.0,0.0,0.0,0.0,0.0,,,21.29417708707866,18.045639246833048,,,,,18.97786776246967,,,19.478878978176034,,,18.045639246833048,,"rgba(38, 166, 154, 0.75)"
2025-12-16 00:00:00+00:00,22.37,23.6,22.22,23.3,637052,0.0,0.0,0.0,0.0,0.0,0.0,0.0,0.0,,,21.367407020230765,18.12878459885229,,,,,19.069404098173116,,,19.587475422880193,,,18.12878459885229,,"rgba(38, 166, 154, 0.75)"
2025-12-17 00:00:00+00:00,22.8,22.99,22.39,22.77,542203,0.0,0.0,0.0,0.0,0.0,0.0,0.0,0.0,,,21.423955748675166,18.197210532734918,,,,,19.143797323988576,,,19.674254043901048,,,18.197210532734918,,"rgba(38, 166, 154, 0.75)"
2025-12-18 00:00:00+00:00,22.67,23.185,22.32,22.65,842453,0.0,0.0,0.0,0.0,0.0,0.0,0.0,0.0,,,21.502949602434512,18.29954100804915,,,,,19.253514928439177,,,19.79989193848752,,,18.29954100804915,,"rgba(38, 166, 154, 0.75)"
2025-12-19 00:00:00+00:00,23.28,23.74,22.84,22.96,3229130,0.0,0.0,0.0,0.0,0.0,0.0,0.0,0.0,,,21.839694647925707,18.697124192760924,,,,,19.677363415596623,,,20.275254197475448,,,18.697124192760924,,"rgba(38, 166, 154, 0.75)"
2025-12-22 00:00:00+00:00,24.89,25.0,23.91,23.99,725326,0.0,0.0,0.0,0.0,0.0,0.0,0.0,0.0,,,21.951985238364504,18.80096807422945,,,,,19.790885130311928,,,20.403756011004738,,,18.80096807422945,,"rgba(38, 166, 154, 0.75)"
2025-12-23 00:00:00+00:00,24.76,25.099,24.3188,25.05,322395,0.0,0.0,0.0,0.0,0.0,0.0,0.0,0.0,,,22.00125233318149,18.84693817140951,,,,,19.84095755640921,,,20.460094880489045,,,18.84693817140951,,"rgba(38, 166, 154, 1.0)"
2025-12-24 00:00:00+00:00,24.46,24.68,24.1,24.55,133147,0.0,0.0,0.0,0.0,0.0,0.0,0.0,0.0,,,22.018816180908402,18.864717581690243,,,,,19.86003746082543,,,20.48126240051101,,,18.864717581690243,,"rgba(38, 166, 154, 1.0)"
2025-12-26 00:00:00+00:00,24.92,24.99,24.01,24.74,169979,0.0,0.0,0.0,0.0,0.0,0.0,0.0,0.0,,,22.042958035350523,18.888171377505593,,,,,19.885366296606964,,,20.509497139657434,,,18.888171377505593,,"rgba(38, 166, 154, 1.0)"
2025-12-29 00:00:00+00:00,22.96,24.13,22.95,24.0,574384,0.0,0.0,0.0,0.0,0.0,0.0,0.0,0.0,,,22.082308540930025,18.94852676149639,,,,,19.946253976721085,,,20.573127391883812,,,18.94852676149639,,"rgba(38, 166, 154, 0.75)"
2025-12-30 00:00:00+00:00,23.18,23.77,23.105,23.57,357965,0.0,0.0,0.0,0.0,0.0,0.0,0.0,0.0,,,22.105745357518575,18.985363386693237,,,,,19.983182579022824,,,20.611427940052767,,,18.985363386693237,,"rgba(38, 166, 154, 0.75)"
2025-12-31 00:00:00+00:00,22.88,23.415,22.77,22.89,243019,0.0,0.0,0.0,0.0,0.0,0.0,0.0,0.0,,,22.117084033974457,19.008158469203153,,,,,20.005388265744525,,,20.633774099709093,,,19.008158469203153,,"rgba(38, 166, 154, 0.5)"
2026-01-02 00:00:00+00:00,23.11,23.38,22.0,23.36,623234,1.0,23.38,22.0,0.0,1.0,23.38,22.0,0.0,,22.83,22.139021166181042,19.062721193767814,,,,,20.05735347224676,,,20.684780592547064,,,19.062721193767814,,"rgba(38, 166, 154, 0.5)"
2026-01-05 00:00:00+00:00,23.71,24.1575,23.625,23.79,764000,0.0,0.0,0.0,0.0,0.0,0.0,0.0,0.0,,23.38119516005711,22.20051835326115,19.14473314842937,,,,,20.14057822418654,,,20.771869924007458,,,19.14473314842937,,"rgba(38, 166, 154, 0.5)"
2026-01-06 00:00:00+00:00,25.16,25.2,23.99,24.02,548213,0.0,0.0,0.0,0.0,0.0,0.0,0.0,0.0,,23.778349085938977,22.26617366139115,19.21347650053583,,,,,20.21290897444889,,,20.84999954754539,,,19.21347650053583,,"rgba(38, 166, 154, 0.5)"
2026-01-07 00:00:00+00:00,24.67,24.88,23.48,24.59,565909,0.0,0.0,0.0,0.0,0.0,0.0,0.0,0.0,,23.906171623178256,22.319285887772406,19.277233869567205,,,,,20.278283764912782,,,20.918849755349942,,,19.277233869567205,,"rgba(38, 166, 154, 0.5)"
2026-01-08 00:00:00+00:00,24.84,24.88,24.05,24.3,524457,0.0,0.0,0.0,0.0,0.0,0.0,0.0,0.0,,24.024697975937926,22.371848757132092,19.337731084536426,,,,,20.340614896773918,,,20.984701857255086,,,19.337731084536426,,"rgba(38, 166, 154, 0.5)"
2026-01-09 00:00:00+00:00,25.12,25.16,24.25,25.16,1437488,0.0,0.0,0.0,0.0,0.0,0.0,0.0,0.0,,24.28835451683257,22.51930155247702,19.50436610536799,,,,,20.512227044103227,,,21.165523771294147,,,19.50436610536799,,"rgba(38, 166, 154, 1.0)"
2026-01-12 00:00:00+00:00,26.21,26.58,25.91,25.91,1482609,0.0,0.0,0.0,0.0,0.0,0.0,0.0,0.0,,24.773333787987596,22.73459414114945,19.70806206853618,,,,,20.72861387655703,,,21.39917138975311,,,19.70806206853618,,"rgba(38, 166, 154, 1.0)"
2026-01-13 00:00:00+00:00,26.56,26.865,26.13,26.47,877405,0.0,0.0,0.0,0.0,0.0,0.0,0.0,0.0,,24.99772198142203,22.86009003678054,19.827918279161473,,,,,20.8553697393467,,,21.53513500902029,,,19.827918279161473,,"rgba(38, 166, 154, 1.0)"
2026-01-14 00:00:00+00:00,27.26,27.45,26.49,27.05,644496,0.0,0.0,0.0,0.0,0.0,0.0,0.0,0.0,,25.176278532178525,22.960136888474334,19.920303255252435,,,,,20.953676715693973,,,21.64098678189611,,,19.920303255252435,,"rgba(38, 166, 154, 1.0)"
2026-01-15 00:00:00+00:00,27.12,27.47,26.41,26.99,689262,0.0,0.0,0.0,0.0,0.0,0.0,0.0,0.0,,25.33038061099449,23.06034366019735,20.01563313007495,,,,,21.054316100562694,,,21.748460792524693,,,20.01563313007495,,"rgba(38, 166, 154, 1.0)"
2026-01-16 00:00:00+00:00,27.62,27.649,26.83,27.12,359233,0.0,0.0,0.0,0.0,0.0,0.0,0.0,0.0,,25.416260733703083,23.115299877698114,20.066859995633276,,,,,21.108601798520898,,,21.806572895982132,,,20.066859995633276,,"rgba(38, 166, 154, 1.0)"
2026-01-20 00:00:00+00:00,29.25,29.4688,27.57,28.1,2253119,0.0,0.0,0.0,0.0,0.0,0.0,0.0,0.0,,26.11643289897712,23.533876631562876,20.43104368148426,,,,,21.5003579358446,,,22.230395900387343,,,20.43104368148426,,"rgba(38, 166, 154, 1.0)"
2026-01-21 00:00:00+00:00,29.49,29.84,28.865,29.5,1353533,0.0,0.0,0.0,0.0,0.0,0.0,0.0,0.0,,26.48285836548583,23.783855167048568,20.65110933216966,,,,,21.735948145561043,,,22.483482968409383,,,20.65110933216966,,"rgba(38, 166, 154, 1.0)"
2026-01-22 00:00:00+00:00,30.7,30.959,29.47,29.5,1420429,0.0,0.0,0.0,0.0,0.0,0.0,0.0,0.0,,26.891205609428916,24.06612801646433,20.895282654250618,,,,,21.998212204927682,,,22.765489546438594,,,20.895282654250618,,"rgba(38, 166, 154, 1.0)"
2026-01-23 00:00:00+00:00,30.4,30.724,29.81,30.69,1143177,0.0,0.0,0.0,0.0,0.0,0.0,0.0,0.0,,27.15742249658032,24.274168284187283,21.081780242012627,,,,,22.196447970344867,,,22.97640820573888,,,21.081780242012627,,"rgba(38, 166, 154, 1.0)"
2026-01-26 00:00:00+00:00,31.6,31.82,31.31,31.5,4548407,0.0,0.0,0.0,0.0,0.0,0.0,0.0,0.0,,28.202421270840492,25.128771446955867,21.848409378014097,,,,,23.009299323646516,,,23.83713926584804,,,21.848409378014097,,"rgba(38, 166, 154, 1.0)"
2026-01-27 00:00:00+00:00,31.7,31.91,31.49,31.49,1771041,0.0,0.0,0.0,0.0,0.0,0.0,0.0,0.0,,28.497306150943835,25.4151605632193,22.1208695103253,,,,,23.29296723140984,,,24.132058458739483,,,22.1208695103253,,"rgba(38, 166, 154, 1.0)"
2026-01-28 00:00:00+00:00,31.67,31.85,31.32,31.7,3084081,0.0,0.0,0.0,0.0,0.0,0.0,0.0,0.0,,28.896228655256753,25.852381865806187,22.557028472418953,,,,,23.74045982082613,,,24.59074581986582,,,22.557028472418953,,"rgba(38, 166, 154, 1.0)"
2026-01-29 00:00:00+00:00,32.01,32.0799,31.25,31.52,1407390,0.0,0.0,0.0,0.0,0.0,0.0,0.0,0.0,,29.055402956495747,26.03724243374478,22.746442332160484,,,,,23.933048701543964,31.779966666666667,,24.78641728315841,,,22.746442332160484,,"rgba(38, 166, 154, 1.0)"
2026-01-30 00:00:00+00:00,31.45,31.97,31.1,31.25,1985770,0.0,0.0,0.0,0.0,0.0,0.0,0.0,0.0,,29.232516122020446,26.267768962122002,22.993140771112266,,,,,,31.62002403472476,,25.034947839907854,,,22.993140771112266,,"rgba(38, 166, 154, 0.75)"
2026-02-02 00:00:00+00:00,31.1,31.68,31.0,31.21,1224767,0.0,0.0,0.0,0.0,0.0,0.0,0.0,0.0,,29.319014436664972,26.394258005278076,23.134276747295807,,,,,,31.524538428967514,,25.173772655388692,,,23.134276747295807,,"rgba(38, 166, 154, 0.75)"
2026-02-03 00:00:00+00:00,31.61,31.8,31.19,31.7,369951,0.0,0.0,0.0,0.0,0.0,0.0,0.0,0.0,,29.347186604872352,26.43329018555118,23.17736754872118,,,,,,31.525190747180794,,25.21632527200434,,,23.17736754872118,,"rgba(38, 166, 154, 0.75)"
2026-02-04 00:00:00+00:00,31.53,31.8,31.22,31.8,646390,0.0,0.0,0.0,0.0,0.0,0.0,0.0,0.0,,29.394364413577584,26.49986578944511,23.25145733551062,,,,,,31.52421282415627,,25.28913104198747,,,23.25145733551062,,"rgba(38, 166, 154, 0.75)"
2026-02-05 00:00:00+00:00,31.08,31.51,31.035,31.16,938315,0.0,0.0,0.0,0.0,0.0,0.0,0.0,0.0,,29.449874058167655,26.587710851927053,23.352769175596322,,,,,,31.479117240816883,,25.386785973795398,,,23.352769175596322,,"rgba(38, 166, 154, 0.75)"
2026-02-06 00:00:00+00:00,31.19,31.61,31.12,31.47,812440,0.0,0.0,0.0,0.0,0.0,0.0,0.0,0.0,,29.497801842988178,26.662729077581183,23.43950101295566,,,,,,31.460145635114014,,25.470159214250813,,,23.43950101295566,,"rgba(38, 166, 154, 0.5)"
2026-02-09 00:00:00+00:00,31.65,31.68,31.39,31.65,711746,0.0,0.0,0.0,0.0,0.0,0.0,0.0,0.0,,29.54369793674616,26.730179224978375,23.516466931549182,,,,,,31.47009539303064,,25.54454289297104,,,23.516466931549182,,"rgba(38, 166, 154, 0.5)"
2026-02-10 00:00:00+00:00,31.53,31.76,31.5,31.5,775445,0.0,0.0,0.0,0.0,0.0,0.0,0.0,0.0,,29.591994445142042,26.801931968930433,23.59891812610545,,,,,,31.48115791488648,,25.623852691469057,,,23.59891812610545,,"rgba(38, 166, 154, 0.5)"
2026-02-11 00:00:00+00:00,31.57,31.8,31.44,31.8,418309,0.0,0.0,0.0,0.0,0.0,0.0,0.0,0.0,,29.61719952700693,26.839819520836876,23.642737547307078,,,,,,31.4866589052091,,25.6658256361926,,,23.642737547307078,,"rgba(38, 166, 154, 0.5)"
2026-02-12 00:00:00+00:00,31.29,31.6,31.18,31.5,430827,0.0,0.0,0.0,0.0,0.0,0.0,0.0,0.0,,29.63936389926925,26.87623234404188,23.685986600253496,,,,,,31.48089795985125,,25.70667258977501,,,23.685986600253496,,"rgba(38, 166, 154, 0.5)"
2026-02-13 00:00:00+00:00,31.47,31.56,31.29,31.29,408361,0.0,0.0,0.0,0.0,0.0,0.0,0.0,0.0,,29.660851735924613,26.910840457330206,23.726975570769298,,,,,,31.479249232480566,,25.745415000717262,,,23.726975570769298,,"rgba(38, 166, 154, 0.5)"
2026-02-17 00:00:00+00:00,31.33,31.36,31.1,31.15,452720,0.0,0.0,0.0,0.0,0.0,0.0,0.0,0.0,,29.681775377617928,26.94712670390141,23.77088418087381,,,,,,31.470012276826242,,25.786444784238533,,,23.77088418087381,,"rgba(38, 166, 154, 0.5)"
2026-02-18 00:00:00+00:00,31.22,31.5,31.21,31.46,249314,0.0,0.0,0.0,0.0,0.0,0.0,0.0,0.0,,29.6933995995018,26.967065742734288,23.79499624393482,,,,,,31.466329278308027,,25.808970826312176,,,23.79499624393482,,"rgba(38, 166, 154, 0.5)"
2026-02-19 00:00:00+00:00,31.3,31.38,31.16,31.18,1941616,0.0,0.0,0.0,0.0,0.0,0.0,0.0,0.0,,29.776966612056118,27.115294540537658,23.97689845189693,,,,,,31.438006277961343,,25.97738286667434,,,23.97689845189693,,"rgba(38, 166, 154, 0.5)"
2026-02-20 00:00:00+00:00,31.33,31.45,31.23,31.23,241803,0.0,0.0,0.0,0.0,0.0,0.0,0.0,0.0,,29.787130674585182,27.133285604763696,23.999105764681854,,,,,,31.43612353395367,,25.99784955111435,,,23.999105764681854,,"rgba(38, 166, 154, 0.5)"
2026-02-23 00:00:00+00:00,31.27,31.41,31.24,31.4,433921,0.0,0.0,0.0,0.0,0.0,0.0,0.0,0.0,,29.804695219477985,27.164961679624742,24.038461500303377,,,,,,31.431946740267705,,26.03398399346221,,,24.038461500303377,,"rgba(38, 166, 154, 0.5)"
2026-02-24 00:00:00+00:00,31.36,31.41,31.02,31.06,266622,0.0,0.0,0.0,0.0,0.0,0.0,0.0,0.0,,29.814982133422205,27.1839864432817,24.062291073489426,,,,,,31.428669035094817,,26.05576329885601,,,24.062291073489426,,"rgba(38, 166, 154, 0.5)"
2026-02-25 00:00:00+00:00,31.53,31.5971,31.34,31.5,325467,0.0,0.0,0.0,0.0,0.0,0.0,0.0,0.0,,29.829270890779295,27.208243761757956,24.09207283591405,,,,,,31.43006824765744,,26.083246433773528,,,24.09207283591405,,"rgba(38, 166, 154, 0.5)"
2026-02-26 00:00:00+00:00,31.41,31.55,31.39,31.43,278995,0.0,0.0,0.0,0.0,0.0,0.0,0.0,0.0,,29.841043143669083,27.22863330246549,24.117278994437008,,,,,,31.430456571234128,,26.10641648747125,,,24.117278994437008,,"rgba(38, 166, 154, 0.5)"
2026-02-27 00:00:00+00:00,31.64,31.66,31.45,31.66,403329,0.0,0.0,0.0,0.0,0.0,0.0,0.0,0.0,,29.859148043056184,27.258685450384885,24.154071542884054,,,,,,31.434644409720654,,26.140387806051574,,,24.154071542884054,,"rgba(38, 166, 154, 0.5)"
2026-03-02 00:00:00+00:00,31.49,31.7,31.36,31.54,331386,0.0,0.0,0.0,0.0,0.0,0.0,0.0,0.0,,29.873179944686978,27.282692576653464,24.18376217608457,,,,,,31.436449872163298,,26.16764775870997,,,24.18376217608457,,"rgba(38, 166, 154, 0.5)"
2026-03-03 00:00:00+00:00,31.4,31.57,30.99,31.05,244032,0.0,0.0,0.0,0.0,0.0,0.0,0.0,0.0,,29.882143622644406,27.29938584807417,24.20489135881203,,,,,,31.43459238793345,,26.186814263038475,,,24.20489135881203,,"rgba(38, 166, 154, 0.5)"
2026-03-04 00:00:00+00:00,31.45,31.65,31.35,31.65,159876,0.0,0.0,0.0,0.0,0.0,0.0,0.0,0.0,,29.88861641716658,27.310688946327044,24.218982516923436,,,,,,31.435096470489626,,26.1996910428036,,,24.218982516923436,,"rgba(38, 166, 154, 0.5)"
2026-03-05 00:00:00+00:00,31.24,31.48,31.03,31.26,294879,0.0,0.0,0.0,0.0,0.0,0.0,0.0,0.0,,29.89869185656338,27.330220352097268,24.243999733285968,,,,,,31.43163181376793,,26.222236143031655,,,24.243999733285968,,"rgba(38, 166, 154, 0.5)"
2026-03-06 00:00:00+00:00,31.37,31.53,31.11,31.18,284577,0.0,0.0,0.0,0.0,0.0,0.0,0.0,0.0,,29.908889501104298,27.34929934406088,24.26827128781744,,,,,,31.429946785785656,,26.244175327199674,,,24.26827128781744,,"rgba(38, 166, 154, 0.5)"
2026-03-09 00:00:00+00:00,31.47,31.6,31.26,31.26,1663093,0.0,0.0,0.0,0.0,0.0,0.0,0.0,0.0,,29.96995279929773,27.460151208145422,24.408950766165542,,,,,,31.431204491262356,,26.371326325487665,,,24.408950766165542,,"rgba(38, 166, 154, 0.5)"
2026-03-10 00:00:00+00:00,31.59,31.76,31.47,31.47,1582303,0.0,0.0,0.0,0.0,0.0,0.0,0.0,0.0,,30.02966121829975,27.564287408966745,24.540760078995312,,,,,,31.44560189076469,,26.490372483015275,,,24.540760078995312,,"rgba(38, 166, 154, 0.5)"
2026-03-11 00:00:00+00:00,31.65,31.68,31.43,31.5,413134,0.0,0.0,0.0,0.0,0.0,0.0,0.0,0.0,,30.04435173795131,27.590491208920056,24.57428887720967,,,,,,31.44856068205165,,26.520450931342957,,,24.57428887720967,,"rgba(38, 166, 154, 0.5)"
2026-03-12 00:00:00+00:00,31.42,31.65,31.38,31.54,323719,0.0,0.0,0.0,0.0,0.0,0.0,0.0,0.0,,30.054912142676695,27.61026154526247,24.59995498416316,,,,,,31.44912293422252,,26.543296835391086,,,24.59995498416316,,"rgba(38, 166, 154, 0.5)"
2026-03-13 00:00:00+00:00,31.08,31.4,31.05,31.4,339901,0.0,0.0,0.0,0.0,0.0,0.0,0.0,0.0,,30.0634898990947,27.629178554140836,24.6255081300298,,,,,,31.444574488863125,,26.565584342366098,,,24.6255081300298,,#000000
2026-03-16 00:00:00+00:00,31.21,31.35,31.12,31.12,431209,0.0,0.0,0.0,0.0,0.0,0.0,0.0,0.0,,30.074665328964066,27.653224613301674,24.657886551332357,,,,,,31.440055174213636,,26.593855558652105,,,24.657886551332357,,#000000
2026-03-17 00:00:00+00:00,31.35,31.4395,31.23,31.26,317995,0.0,0.0,0.0,0.0,0.0,0.0,0.0,0.0,,30.08356620981181,27.671307534761805,24.681969125944082,,,,,,31.438545432614024,,26.61498936218113,,,24.681969125944082,,#000000
2026-03-18 00:00:00+00:00,31.18,31.32,31.11,31.24,439260,0.0,0.0,0.0,0.0,0.0,0.0,0.0,0.0,,30.094343601771772,27.695077805813607,24.714275107365864,,,,,,31.433750781892794,,26.643040216303543,,,24.714275107365864,,#000000
2026-03-19 00:00:00+00:00,31.02,31.18,30.2,30.76,1669218,0.0,0.0,0.0,0.0,0.0,0.0,0.0,0.0,,30.119241928784692,27.77250353665094,24.8267222933859,,,,,,31.38818852124723,,26.737420949844594,30.8,,24.8267222933859,,"rgba(239, 83, 80, 1.0)"
2026-03-20 00:00:00+00:00,30.6,31.25,30.6,31.17,2831278,0.0,0.0,0.0,0.0,0.0,0.0,0.0,0.0,,30.158624157302132,27.896035887033392,25.00874537108961,,,,,,31.32607039713096,,,30.810485059128293,,25.00874537108961,,"rgba(239, 83, 80, 1.0)"
2026-03-23 00:00:00+00:00,31.05,31.21,30.8,30.98,342446,0.0,0.0,0.0,0.0,0.0,0.0,0.0,0.0,,30.16446733533937,27.911294041666995,25.030758666440633,,,,,,31.32209899058308,,,30.825299928569585,,25.030758666440633,,"rgba(239, 83, 80, 1.0)"
2026-03-24 00:00:00+00:00,31.14,31.16,31.0,31.13,300988,0.0,0.0,0.0,0.0,0.0,0.0,0.0,0.0,,30.170012197662,27.924924395512104,25.050230902180495,,,,,,31.319594601721185,,,30.84137351920937,,25.050230902180495,,"rgba(239, 83, 80, 0.75)"
2026-03-25 00:00:00+00:00,31.07,31.5,31.035,31.5,259781,0.0,0.0,0.0,0.0,0.0,0.0,0.0,0.0,,30.175262789972606,27.936969035517674,25.067217842565732,,,,,,31.318457959334708,,,30.858694451831337,,25.067217842565732,,"rgba(239, 83, 80, 0.75)"
2026-03-26 00:00:00+00:00,30.98,31.21,30.96,30.96,234068,0.0,0.0,0.0,0.0,0.0,0.0,0.0,0.0,,30.179255789785675,27.947245261544357,25.08206684503637,,,,,,31.316146624969218,,,30.86663703117841,,25.08206684503637,,"rgba(239, 83, 80, 0.75)"
2026-03-27 00:00:00+00:00,31.04,31.075,30.84,30.95,196900,0.0,0.0,0.0,0.0,0.0,0.0,0.0,0.0,,30.182337970363623,27.955657320019853,25.09436556275207,,,,,,31.31376553150667,,,30.870631367209743,,25.09436556275207,,"rgba(239, 83, 80, 0.75)"
2026-03-30 00:00:00+00:00,30.92,31.32,30.84,31.32,214397,1.0,31.32,30.84,220.0,1.0,31.32,30.84,220.0,31.026666666666664,30.185840164894913,27.964889327938515,25.10779333609878,,,,,,31.311535178814193,,,30.876161715993206,,25.10779333609878,,"rgba(239, 83, 80, 0.75)"
2026-03-31 00:00:00+00:00,31.04,31.04,30.86,31.03,272524,0.0,0.0,0.0,0.0,0.0,0.0,0.0,0.0,31.000547878060985,30.190005393978822,27.976366845612148,25.124640253599022,,,,,,31.30829334905654,,,30.88063818152577,,25.124640253599022,,"rgba(239, 83, 80, 0.75)"
2026-04-01 00:00:00+00:00,31.21,31.275,31.04,31.2,450905,0.0,0.0,0.0,0.0,0.0,0.0,0.0,0.0,31.084424134469863,30.198479475655386,27.996386782025215,25.153224318381948,,,,,,31.30617118321771,,,30.900236427043364,,25.153224318381948,,#000000
2026-04-02 00:00:00+00:00,31.19,31.21,30.87,31.0,1581223,0.0,0.0,0.0,0.0,0.0,0.0,0.0,0.0,31.087924140551983,30.22458843486502,28.062828874784014,25.24997752767999,,,,,,31.29474023871287,,,30.936155543169864,,25.24997752767999,,#000000
2026-04-06 00:00:00+00:00,31.2,31.28,31.09,31.28,361767,0.0,0.0,0.0,0.0,0.0,0.0,0.0,0.0,31.100742618873728,30.231013926166728,28.078119877752247,25.27204346279158,,,,,,31.29348821931796,,,30.946692242188576,,25.27204346279158,,#000000
2026-04-07 00:00:00+00:00,31.34,31.34,31.11,31.3,531720,0.0,0.0,0.0,0.0,0.0,0.0,0.0,0.0,31.12607648632376,30.241014712798016,28.10084817335283,25.304577941628512,,,,,,31.292967570016568,,,30.96489928084654,,25.304577941628512,,"rgba(38, 166, 154, 0.5)"
2026-04-08 00:00:00+00:00,31.62,31.62,31.31,31.5,1586488,0.0,0.0,0.0,0.0,0.0,0.0,0.0,0.0,31.250034009638686,30.276851639705,28.17205599399242,25.403623449592022,,,,,,31.30392704566176,,,31.045700123955775,,25.403623449592022,,"rgba(38, 166, 154, 0.5)"
2026-04-09 00:00:00+00:00,31.53,31.62,31.52,31.62,279101,0.0,0.0,0.0,0.0,0.0,0.0,0.0,0.0,31.26624838144859,30.28314567640332,28.18442333722384,25.42083401905973,,,,,,31.306086760385497,,,31.0585331832842,,25.42083401905973,,"rgba(38, 166, 154, 0.5)"
2026-04-10 00:00:00+00:00,31.53,31.65,31.48,31.53,321480,0.0,0.0,0.0,0.0,0.0,0.0,0.0,0.0,31.282730270855417,30.290300341796495,28.198543042735086,25.440528221243955,,,,,,31.308496622327453,,,31.07244471042817,,25.440528221243955,,"rgba(38, 166, 154, 0.5)"
2026-04-13 00:00:00+00:00,31.62,31.65,31.39,31.39,185310,0.0,0.0,0.0,0.0,0.0,0.0,0.0,0.0,31.291398583787892,30.294387987183068,28.206628387668182,25.451823140259222,,,,,,31.309864509060453,,,31.08011395177262,,25.451823140259222,,"rgba(38, 166, 154, 0.5)"
2026-04-14 00:00:00+00:00,31.72,31.8,31.63,31.8,326245,0.0,0.0,0.0,0.0,0.0,0.0,0.0,0.0,31.314101570732888,30.302445866278514,28.221458730852905,25.47213676052808,,,,,,31.313826842383214,,,31.0974984268581,,25.47213676052808,,"rgba(38, 166, 154, 0.5)"
2026-04-15 00:00:00+00:00,31.86,31.86,31.65,31.65,1047614,0.0,0.0,0.0,0.0,0.0,0.0,0.0,0.0,31.383744481247764,30.32902472581034,28.269226489676015,25.537240547578243,,,,,,31.32826842414586,,,31.15333226433344,,25.537240547578243,,"rgba(38, 166, 154, 0.5)"
2026-04-16 00:00:00+00:00,31.91,31.99,31.775,31.99,284571,0.0,0.0,0.0,0.0,0.0,0.0,0.0,0.0,31.403163159842784,30.336572339202927,28.282350254660145,25.554977857622532,,,,,,31.33287195950852,,,31.169156046487046,,25.554977857622532,,"rgba(38, 166, 154, 1.0)"
2026-04-17 00:00:00+00:00,31.87,31.98,31.83,31.96,338376,0.0,0.0,0.0,0.0,0.0,0.0,0.0,0.0,31.424477445284914,30.345462178073184,28.297839301993662,25.57594589814879,,,,,,31.338264971448236,,,31.187152302003476,,25.57594589814879,,"rgba(38, 166, 154, 1.0)"
2026-04-20 00:00:00+00:00,31.92,31.99,31.83,31.83,366827,0.0,0.0,0.0,0.0,0.0,0.0,0.0,0.0,31.44648449965155,30.355108545464944,28.31457384352055,25.598592265313478,,,,,,31.34420187546717,,,31.206202468977068,,25.598592265313478,,"rgba(38, 166, 154, 1.0)"
2026-04-21 00:00:00+00:00,31.89,31.98,31.865,31.92,431135,0.0,0.0,0.0,0.0,0.0,0.0,0.0,0.0,31.469860225022295,30.366283393401893,28.33403612038119,25.624995734965818,,,,,,31.35100476757589,,,31.227302973242946,,25.624995734965818,,"rgba(38, 166, 154, 1.0)"
2026-04-22 00:00:00+00:00,31.85,32.2,31.85,32.13,477558,-1.0,32.2,31.85,0.0,0.0,0.0,0.0,0.0,31.496055165695594,30.37890960829163,28.355677306203326,25.654239234011303,,31.96666666666667,,,,31.35907304298244,31.96666666666667,,31.251013082262066,,25.654239234011303,31.96666666666667,"rgba(38, 166, 154, 1.0)"
2026-04-23 00:00:00+00:00,31.81,31.95,31.775,31.83,4132595,0.0,0.0,0.0,0.0,0.0,0.0,0.0,0.0,31.60538538614126,30.472606371275774,28.526744363818736,25.89179900592302,,31.85760324548881,,,,,31.85760324548881,,31.380041725899456,,25.89179900592302,31.85760324548881,"rgba(38, 166, 154, 0.75)"
2026-04-24 00:00:00+00:00,31.92,31.945,31.835,31.94,213455,0.0,0.0,0.0,0.0,0.0,0.0,0.0,0.0,31.610077290719115,30.477302714498254,28.535264756956003,25.90368394281991,,31.85947939281135,,,,,31.85947939281135,,31.385810925736973,,25.90368394281991,31.85947939281135,"rgba(38, 166, 154, 0.75)"
2026-04-27 00:00:00+00:00,30.45,32.05,29.0,31.93,788491,0.0,0.0,0.0,0.0,0.0,0.0,0.0,0.0,,30.477575256826206,28.553427082855315,25.937025880942056,,31.66847469636583,,,,,31.66847469636583,,31.35093437202909,,25.937025880942056,31.66847469636583,#000000
2026-04-28 00:00:00+00:00,30.13,30.85,30.07,30.64,1069430,0.0,0.0,0.0,0.0,0.0,0.0,0.0,0.0,,30.475530855511373,28.57567332361981,25.98002068365028,,31.45744270136371,,,,,31.45744270136371,,31.30019324687448,,25.98002068365028,31.45744270136371,"rgba(239, 83, 80, 1.0)"
2026-04-29 00:00:00+00:00,30.32,30.8732,30.13,30.13,454499,0.0,0.0,0.0,0.0,0.0,0.0,0.0,0.0,,30.47529772421108,28.585438571974656,25.998416002254036,,31.39270894591968,,,,,31.39270894591968,,31.282074216472807,,25.998416002254036,31.39270894591968,"rgba(239, 83, 80, 1.0)"
2026-04-30 00:00:00+00:00,29.9,30.65,29.8,30.62,4524788,0.0,0.0,0.0,0.0,0.0,0.0,0.0,0.0,,30.452669973756308,28.661288310227267,26.160812331968867,,30.897561711570322,,,,,30.897561711570322,,31.07984272656803,,26.160812331968867,30.897561711570322,"rgba(239, 83, 80, 1.0)"
2026-05-01 00:00:00+00:00,29.14,30.21,28.39,29.99,660815,0.0,0.0,0.0,0.0,0.0,0.0,0.0,0.0,,30.441658634924334,28.665492690727497,26.178481926940176,,30.8090234158611,,,,,30.8090234158611,,31.03453338503642,,26.178481926940176,30.8090234158611,"rgba(239, 83, 80, 1.0)"
2026-05-04 00:00:00+00:00,28.29,29.5507,27.93,28.96,976778,0.0,0.0,0.0,0.0,0.0,0.0,0.0,0.0,,30.417004388843782,28.66470209320211,26.198723271703365,,30.64605163937029,,,,,30.64605163937029,,30.948380379409432,,26.198723271703365,30.64605163937029,"rgba(239, 83, 80, 1.0)"
2026-05-05 00:00:00+00:00,29.46,29.495,28.32,28.32,236521,0.0,0.0,0.0,0.0,0.0,0.0,0.0,0.0,,30.412744602584883,28.665785414556982,26.204590579724115,,30.61888898037399,,,,,30.61888898037399,,30.932667931879397,,26.204590579724115,30.61888898037399,"rgba(239, 83, 80, 1.0)"
2026-05-06 00:00:00+00:00,29.97,30.245,29.51,29.64,365753,0.0,0.0,0.0,0.0,0.0,0.0,0.0,0.0,,30.410249944622336,28.670641609805976,26.21617029851029,,30.60019293072146,,,,,30.60019293072146,,30.919436328241755,,26.21617029851029,30.60019293072146,"rgba(239, 83, 80, 0.75)"
2026-05-07 00:00:00+00:00,29.16,30.26,29.02,29.97,1518956,-1.0,30.26,29.02,0.0,-1.0,30.26,29.02,0.0,,30.391527890925595,28.683568343566257,26.258005255067875,29.479999999999997,30.489845096165997,,,,,30.489845096165997,,30.84614946177685,,26.258005255067875,30.489845096165997,"rgba(239, 83, 80, 0.75)"
2026-05-08 00:00:00+00:00,29.59,29.59,29.0,29.45,244887,0.0,0.0,0.0,0.0,0.0,0.0,0.0,0.0,,30.38829952544475,28.685391257619564,26.264471003806978,29.46796744381444,30.472703085225813,,,,,30.472703085225813,,30.834321372146473,,26.264471003806978,30.472703085225813,"rgba(239, 83, 80, 0.75)"
2026-05-11 00:00:00+00:00,29.94,29.94,29.41,29.72,1206016,0.0,0.0,0.0,0.0,0.0,0.0,0.0,0.0,,30.37850127511067,28.69885530588143,26.29964822848609,29.58791118141748,30.421992724485868,,,,,30.421992724485868,,30.793035366901986,,26.29964822848609,30.421992724485868,"rgba(239, 83, 80, 0.75)"
2026-05-12 00:00:00+00:00,29.87,29.96,29.46,29.76,331820,0.0,0.0,0.0,0.0,0.0,0.0,0.0,0.0,,30.37585907418664,28.702500968590808,26.30920305752759,29.605541174656892,30.40928770414202,,,,,30.40928770414202,,30.78222856323761,,26.30920305752759,30.40928770414202,"rgba(239, 83, 80, 0.75)"
2026-05-13 00:00:00+00:00,29.51,29.79,29.22,29.79,263361,0.0,0.0,0.0,0.0,0.0,0.0,0.0,0.0,,30.372906104417698,28.704680962674487,26.316188424231864,29.598236995938333,30.395677321162136,,,,,30.395677321162136,,30.771691161701735,,26.316188424231864,30.395677321162136,"rgba(239, 83, 80, 0.75)"
2026-05-14 00:00:00+00:00,29.33,29.4,29.2,29.39,209080,0.0,0.0,0.0,0.0,0.0,0.0,0.0,0.0,,30.370047005184226,28.705980897185043,26.321371845563377,29.582269143535445,30.38283455203432,,,,,30.38283455203432,,30.762167374214943,,26.321371845563377,30.38283455203432,"rgba(239, 83, 80, 0.75)"
2026-05-15 00:00:00+00:00,28.21,29.15,28.21,28.9,364202,0.0,0.0,0.0,0.0,0.0,0.0,0.0,0.0,,30.361434419522915,28.70530019166447,26.327992848336308,29.489075201655805,30.34529179050987,,,,,30.34529179050987,,30.737042466979364,,26.327992848336308,30.34529179050987,"rgba(239, 83, 80, 0.75)"
2026-05-18 00:00:00+00:00,27.8,28.525,27.8,28.25,168474,0.0,0.0,0.0,0.0,0.0,0.0,0.0,0.0,,30.356440596659233,28.704158059952366,26.330373134218373,29.432455221158992,30.32397632233801,,,,,30.32397632233801,,30.723122322417876,,26.330373134218373,30.32397632233801,"rgba(239, 83, 80, 1.0)"
2026-05-19 00:00:00+00:00,27.68,28.2,27.48,27.61,379615,0.0,0.0,0.0,0.0,0.0,0.0,0.0,0.0,,30.344035718327227,28.700613849932438,26.33491676717757,29.299140831509085,30.27215537577489,,,,,30.27215537577489,,30.689344339599238,,26.33491676717757,30.27215537577489,"rgba(239, 83, 80, 1.0)"
2026-05-20 00:00:00+00:00,26.4,27.95,24.9,27.72,595104,0.0,0.0,0.0,0.0,0.0,0.0,0.0,0.0,,30.31453893229486,28.68686612070739,26.335314665461333,28.974352980789288,30.152543600693374,,,,,30.152543600693374,,30.61366136569141,,26.335314665461333,30.152543600693374,"rgba(239, 83, 80, 1.0)"
2026-05-21 00:00:00+00:00,26.55,26.76,26.11,26.11,302055,0.0,0.0,0.0,0.0,0.0,0.0,0.0,0.0,,30.299951419032958,28.680123958401577,26.335654794917897,28.83905504602491,30.09550657405923,,,,,30.09550657405923,,30.576768802859156,,26.335654794917897,30.09550657405923,"rgba(239, 83, 80, 1.0)"
2026-05-22 00:00:00+00:00,27.32,27.39,26.31,26.48,2847854,0.0,0.0,0.0,0.0,0.0,0.0,0.0,0.0,,30.18611096401308,28.63340819091934,26.350891568929715,28.220135326685817,29.70160889635119,,,,,29.70160889635119,,30.300085629600673,,26.350891568929715,29.70160889635119,"rgba(239, 83, 80, 1.0)"
2026-05-26 00:00:00+00:00,27.62,27.755,27.37,27.5,794676,0.0,0.0,0.0,0.0,0.0,0.0,0.0,0.0,,30.161228938427175,28.625278756481485,26.35864101685186,28.16514180603577,29.628764038883688,,,,,29.628764038883688,,30.24254177184704,,26.35864101685186,29.628764038883688,"rgba(239, 83, 80, 0.75)"
2026-05-27 00:00:00+00:00,27.19,27.525,27.19,27.33,256234,0.0,0.0,0.0,0.0,0.0,0.0,0.0,0.0,,30.15244718779151,28.621988137057773,26.36055166807871,28.141808764944717,29.603263417296976,,,,,29.603263417296976,,30.22260514630216,,26.36055166807871,29.603263417296976,"rgba(239, 83, 80, 0.75)"
2026-05-28 00:00:00+00:00,27.18,27.6,26.77,27.01,208339,0.0,0.0,0.0,0.0,0.0,0.0,0.0,0.0,,30.145051830871118,28.619085916881538,26.361904866493603,28.121202578671948,29.581892631583646,,,,,29.581892631583646,,30.205944525649183,,26.361904866493603,29.581892631583646,"rgba(239, 83, 80, 0.75)"
2026-05-29 00:00:00+00:00,26.17,27.68,25.08,27.0,1971219,0.0,0.0,0.0,0.0,0.0,0.0,0.0,0.0,,30.056753655632836,28.57583783188644,26.361109544149713,27.81505354762903,29.329585619424748,,,,,29.329585619424748,,30.013839766049777,,26.361109544149713,29.329585619424748,"rgba(239, 83, 80, 0.75)"
2026-06-01 00:00:00+00:00,25.55,26.31,24.874,25.83,485390,0.0,0.0,0.0,0.0,0.0,0.0,0.0,0.0,,30.031504992820732,28.56207548367061,26.358165949227946,27.72566372186524,29.25967681296664,,,,,29.25967681296664,,29.96062700188911,,26.358165949227946,29.25967681296664,"rgba(239, 83, 80, 1.0)"
2026-06-02 00:00:00+00:00,25.78,25.95,25.2009,25.55,217313,0.0,0.0,0.0,0.0,0.0,0.0,0.0,0.0,,30.02045822411536,28.55608945655104,26.356965504353763,27.689071154957624,29.229758482892635,,,,,29.229758482892635,,29.937565370933306,,26.356965504353763,29.229758482892635,"rgba(239, 83, 80, 1.0)"
2026-06-03 00:00:00+00:00,26.11,26.49,25.63,25.82,833747,0.0,0.0,0.0,0.0,0.0,0.0,0.0,0.0,,29.982729755732397,28.536730473503443,26.355170358676027,27.58721461836393,29.13274831951949,,,,,29.13274831951949,,29.86002381278518,,26.355170358676027,29.13274831951949,"rgba(239, 83, 80, 1.0)"
2026-06-04 00:00:00+00:00,26.37,26.635,25.94,26.22,203452,0.0,0.0,0.0,0.0,0.0,0.0,0.0,0.0,,29.974187598193733,28.532505496640283,26.35510767801039,27.567901188495107,29.111751084319806,,,,,29.111751084319806,,29.84273481865121,,26.35510767801039,29.111751084319806,"rgba(239, 83, 80, 0.75)"
2026-06-05 00:00:00+00:00,25.5,26.36,25.5,26.13,220789,0.0,0.0,0.0,0.0,0.0,0.0,0.0,0.0,,29.963630454636867,28.52685055482792,26.35414674308579,27.53903170105356,29.085077576041787,,,,,29.085077576041787,,29.821380839565684,,26.35414674308579,29.085077576041787,"rgba(239, 83, 80, 0.75)"
2026-06-08 00:00:00+00:00,25.66,26.14,25.5,25.61,151165,0.0,0.0,0.0,0.0,0.0,0.0,0.0,0.0,,29.956398603307356,28.522964105624563,26.35346758140806,27.5195802372673,29.066951545370525,,,,,29.066951545370525,,29.8068180349743,,26.35346758140806,29.066951545370525,"rgba(239, 83, 80, 0.75)"
2026-06-09 00:00:00+00:00,25.49,25.9944,25.22,25.93,235180,0.0,0.0,0.0,0.0,0.0,0.0,0.0,0.0,,29.944666021756724,28.51650538643367,26.352057632764723,27.486819608983165,29.03746879596542,,,,,29.03746879596542,,29.783265098010375,,26.352057632764723,29.03746879596542,"rgba(239, 83, 80, 0.75)"
2026-06-10 00:00:00+00:00,25.06,25.56,24.72,25.18,355189,0.0,0.0,0.0,0.0,0.0,0.0,0.0,0.0,,29.925235849504883,28.505307772705354,26.348707927899696,27.428129178046003,28.98815623225236,,,,,28.98815623225236,,29.74440050189755,,26.348707927899696,28.98815623225236,"rgba(239, 83, 80, 0.75)"
2026-06-11 00:00:00+00:00,25.15,25.36,24.38,24.79,1915749,0.0,0.0,0.0,0.0,0.0,0.0,0.0,0.0,,29.819890038615508,28.44354506287166,26.3287924971814,27.138081939652736,28.732675444153337,,,,,28.732675444153337,,29.539011042837753,24.96333333333333,26.3287924971814,28.732675444153337,"rgba(239, 83, 80, 0.75)"
2026-06-12 00:00:00+00:00,25.26,25.33,24.73,25.31,1132869,0.0,0.0,0.0,0.0,0.0,0.0,0.0,0.0,,29.761450119008487,28.409488008155012,26.318490932015365,27.00591847487294,28.601492290090036,,,,,28.601492290090036,,,25.01659611994681,26.318490932015365,28.601492290090036,"rgba(239, 83, 80, 0.75)"
2026-06-15 00:00:00+00:00,26.38,26.57,25.57,25.57,301535,0.0,0.0,0.0,0.0,0.0,0.0,0.0,0.0,,29.74964731314154,28.40342974154903,26.318165985554806,26.99174608387663,28.57833315678291,,,,,28.57833315678291,,,25.120709799423093,26.318165985554806,28.57833315678291,"rgba(239, 83, 80, 0.75)"
2026-06-16 00:00:00+00:00,26.93,27.23,26.35,26.56,175328,0.0,0.0,0.0,0.0,0.0,0.0,0.0,0.0,,29.7440864783974,28.400965519623302,26.318840001228654,26.990226219424642,28.568727614058105,,,,,28.568727614058105,,,25.20604717200291,26.318840001228654,28.568727614058105,"rgba(239, 83, 80, 0.5)"
2026-06-17 00:00:00+00:00,25.58,27.02,25.375,26.85,460656,0.0,0.0,0.0,0.0,0.0,0.0,0.0,0.0,,29.725359554925458,28.391050315983332,26.31772636528205,26.96515885799546,28.53191818468303,,,,,28.53191818468303,,,25.296836910020907,26.31772636528205,28.53191818468303,"rgba(239, 83, 80, 0.5)"
