date,Close,High,Low,Open,Volume,OB_c0,OB_High_c0,OB_Low_c0,OB_Mitigated_Index_c0,OB,OB_High,OB_Low,OB_Mitigated_Index,aVWAP_OB_bull_c0_266,aVWAP_OB_bull_c0_232,aVWAP_OB_bull_c0_96,aVWAP_OB_bull_c0_66,aVWAP_OB_bull_c0_50,aVWAP_OB_bull_c0_25,aVWAP_OB_bear_c0_252,aVWAP_OB_bear_c0_129,aVWAP_OB_bear_c0_22,aVWAP_QQEMOD_bull_dot_c0_61,aVWAP_QQEMOD_bull_dot_c0_129,aVWAP_QQEMOD_bull_dot_c0_243,aVWAP_QQEMOD_bear_dot_c0_55,aVWAP_QQEMOD_bear_dot_c0_66,aVWAP_QQEMOD_bear_dot_c0_192,aVWAP_QQEMOD_bear_dot_c0_266,aVWAP_price_maxima_minima_valley_c0_1,aVWAP_price_maxima_minima_peak_c0_1,color
2025-05-08 00:00:00+00:00,16.0355065196,18.4550651956,15.8457372116,17.5536609829,3693277,0.0,0.0,0.0,0.0,0.0,0.0,0.0,0.0,,,,,,,,,,,,,,,,,,,#000000
2025-05-09 00:00:00+00:00,16.3676028084,17.1361685055,15.2859177533,16.6902106319,824850,0.0,0.0,0.0,0.0,0.0,0.0,0.0,0.0,,,,,,,,,,,,,,,,,,,"rgba(38, 166, 154, 0.5)"
2025-05-12 00:00:00+00:00,16.3676028084,16.6617452357,15.950110331,16.6617452357,143210,0.0,0.0,0.0,0.0,0.0,0.0,0.0,0.0,,,,,,,,,,,,,,,,,,,"rgba(38, 166, 154, 0.5)"
2025-05-13 00:00:00+00:00,16.5194182548,16.5858375125,16.0639719157,16.3201604814,86331,0.0,0.0,0.0,0.0,0.0,0.0,0.0,0.0,,,,,,,,,,,,,,,,,,,"rgba(38, 166, 154, 0.5)"
2025-05-14 00:00:00+00:00,16.3676028084,16.4387662989,16.1303911735,16.358114343,75658,0.0,0.0,0.0,0.0,0.0,0.0,0.0,0.0,,,,,,,,,,,,,,,,,,,"rgba(38, 166, 154, 0.5)"
2025-05-15 00:00:00+00:00,15.8457372116,16.3676028084,15.603781344,16.3676028084,188892,0.0,0.0,0.0,0.0,0.0,0.0,0.0,0.0,,,,,,,,,,,,,,,,,,,"rgba(38, 166, 154, 0.5)"
2025-05-16 00:00:00+00:00,15.5895486459,15.8647141424,15.55415667,15.6939217653,51798,0.0,0.0,0.0,0.0,0.0,0.0,0.0,0.0,,,,,,,,,,,,,,,,,,,"rgba(38, 166, 154, 0.5)"
2025-05-19 00:00:00+00:00,15.5895486459,15.5990371113,15.2005215647,15.5041524574,106654,0.0,0.0,0.0,0.0,0.0,0.0,0.0,0.0,,,,,,,,,,,,,,,,,,,"rgba(239, 83, 80, 0.5)"
2025-05-20 00:00:00+00:00,16.0260180542,16.0829488465,15.3238716148,15.7413640923,103077,0.0,0.0,0.0,0.0,0.0,0.0,0.0,0.0,,,,,,,,,,,,,,,,,,,#000000
2025-05-21 00:00:00+00:00,15.8172718154,16.0355065196,15.5041524574,15.7603410231,31730,0.0,0.0,0.0,0.0,0.0,0.0,0.0,0.0,,,,,,,,,,,,,,,,,,,"rgba(239, 83, 80, 0.5)"
2025-05-22 00:00:00+00:00,15.6939217653,15.9809478435,15.6559679037,15.9595987964,45633,0.0,0.0,0.0,0.0,0.0,0.0,0.0,0.0,,,,,,,,,,,,,,,,,,,"rgba(239, 83, 80, 0.5)"
2025-05-23 00:00:00+00:00,15.6939217653,15.8210672016,15.4661985958,15.4661985958,63381,0.0,0.0,0.0,0.0,0.0,0.0,0.0,0.0,,,,,,,,,,,,,,,,,,,"rgba(239, 83, 80, 0.5)"
2025-05-27 00:00:00+00:00,15.6464794383,15.7982948847,15.5515947844,15.7603410231,76035,0.0,0.0,0.0,0.0,0.0,0.0,0.0,0.0,,,,,,,,,,,,,,,,,,,"rgba(239, 83, 80, 0.5)"
2025-05-28 00:00:00+00:00,15.9406218656,15.9406218656,15.4661985958,15.4661985958,68582,0.0,0.0,0.0,0.0,0.0,0.0,0.0,0.0,,,,,,,,,,,,,,,,,,,"rgba(239, 83, 80, 0.5)"
2025-05-29 00:00:00+00:00,15.8931795386,16.0355065196,15.7318756269,15.8836910732,25499,0.0,0.0,0.0,0.0,0.0,0.0,0.0,0.0,,,,,,,,,,,,,,,,,,,"rgba(239, 83, 80, 0.5)"
2025-05-30 00:00:00+00:00,15.7223871615,16.0829488465,15.6180140421,15.6180140421,105901,0.0,0.0,0.0,0.0,0.0,0.0,0.0,0.0,,,,,,,,,,,,,,,,,,,"rgba(239, 83, 80, 0.5)"
2025-06-02 00:00:00+00:00,15.7508525577,15.7793179539,15.4519658977,15.6369909729,353650,0.0,0.0,0.0,0.0,0.0,0.0,0.0,0.0,,,,,,,,,,,,,,,,,,,"rgba(239, 83, 80, 0.5)"
2025-06-03 00:00:00+00:00,15.8267602808,15.8742026078,15.4709428285,15.6939217653,177541,0.0,0.0,0.0,0.0,0.0,0.0,0.0,0.0,,,,,,,,,,,,,,,,,,,"rgba(239, 83, 80, 0.5)"
2025-06-04 00:00:00+00:00,15.6464794383,16.0924373119,15.5041524574,15.7982948847,107581,0.0,0.0,0.0,0.0,0.0,0.0,0.0,0.0,,,,,,,,,,,,,,,,,,,"rgba(239, 83, 80, 0.5)"
2025-06-05 00:00:00+00:00,15.7223871615,15.8457372116,15.48422668,15.6559679037,87731,0.0,0.0,0.0,0.0,0.0,0.0,0.0,0.0,,,,,,,,,,,,,,,,,,,"rgba(239, 83, 80, 0.5)"
2025-06-06 00:00:00+00:00,16.1303911735,16.5573721163,15.8267602808,16.0070411234,90634,0.0,0.0,0.0,0.0,0.0,0.0,0.0,0.0,,,,,,,,,,,,,,,,,,,#000000
2025-06-09 00:00:00+00:00,16.1303911735,16.5099297894,15.7486702106,16.3296489468,181805,0.0,0.0,0.0,0.0,0.0,0.0,0.0,0.0,,,,,,,,,,,,,,,,,,,"rgba(38, 166, 154, 0.5)"
2025-06-10 00:00:00+00:00,15.5705717151,16.6332798395,15.5515947844,16.6332798395,134770,-1.0,16.63328,15.551595,31.0,-1.0,16.63328,15.551595,31.0,,,,,,,,,15.918482112999998,,,,,,,,,,#000000
2025-06-11 00:00:00+00:00,15.2859177533,16.1588565697,15.2669408225,16.1588565697,107600,0.0,0.0,0.0,0.0,0.0,0.0,0.0,0.0,,,,,,,,,15.76402752370732,,,,,,,,,,"rgba(239, 83, 80, 0.5)"
2025-06-12 00:00:00+00:00,15.1815446339,15.2811735206,14.9680541625,15.1815446339,253614,0.0,0.0,0.0,0.0,0.0,0.0,0.0,0.0,,,,,,,,,15.446776470723831,,,,,,,,15.143590772333333,,"rgba(239, 83, 80, 0.5)"
2025-06-13 00:00:00+00:00,15.6180140421,15.7698294885,14.9680541625,15.1151253761,191483,1.0,15.76983,14.968054,0.0,0.0,0.0,0.0,0.0,,,,,,15.451965897699997,,,15.448221903080114,,,,,,,,15.27625532439858,,"rgba(239, 83, 80, 0.5)"
2025-06-16 00:00:00+00:00,15.6939217653,15.8267602808,15.3143831494,15.7698294885,198191,0.0,0.0,0.0,0.0,0.0,0.0,0.0,0.0,,,,,,15.533201910767467,,,15.484802149850044,,,,,,,,15.379599108814324,,"rgba(239, 83, 80, 0.5)"
2025-06-17 00:00:00+00:00,15.6464794383,15.9121564694,15.3333600802,15.7413640923,146512,0.0,0.0,0.0,0.0,0.0,0.0,0.0,0.0,,,,,,15.559833640010748,,,15.505506787794928,,,,,,,,15.426173196046276,,"rgba(239, 83, 80, 0.5)"
2025-06-18 00:00:00+00:00,15.8647141424,15.9880641926,15.494663992,15.494663992,135403,0.0,0.0,0.0,0.0,0.0,0.0,0.0,0.0,,,,,,15.604722835797483,,,15.53762735659859,,,,,,,,15.47831863353766,,#000000
2025-06-20 00:00:00+00:00,15.7793179539,16.0734603811,15.5800601805,16.0070411234,618329,0.0,0.0,0.0,0.0,0.0,0.0,0.0,0.0,,,,,,15.703577080135272,,,15.632257940866529,,,,,,,,15.611567087814489,,#000000
2025-06-23 00:00:00+00:00,16.1398796389,16.1398796389,15.5848044132,15.7034102307,175846,0.0,0.0,0.0,0.0,0.0,0.0,0.0,0.0,,,,,,15.733722547187991,,,15.661174664998738,,,,,,,,15.646676138575115,,"rgba(38, 166, 154, 0.5)"
2025-06-24 00:00:00+00:00,16.9463991976,17.0697492477,16.0829488465,16.1683450351,407739,0.0,0.0,0.0,0.0,0.0,0.0,0.0,0.0,,,,,,15.943952428086249,,,15.839882931171328,,,,,,,,15.848526120571373,,"rgba(38, 166, 154, 0.5)"
2025-06-25 00:00:00+00:00,16.7471414243,17.0792377131,16.4168479438,16.9369107322,148455,0.0,0.0,0.0,0.0,0.0,0.0,0.0,0.0,,,,,,16.002967815350296,,,,,,,,,,,15.907189677199666,,"rgba(38, 166, 154, 0.5)"
2025-06-26 00:00:00+00:00,17.0602607823,17.0792377131,16.6902106319,16.7376529589,100868,0.0,0.0,0.0,0.0,0.0,0.0,0.0,0.0,,,,,,16.047645527584873,,,,,,,,,,,15.951164681151399,,"rgba(38, 166, 154, 0.5)"
2025-06-27 00:00:00+00:00,16.908445336,17.0697492477,16.6522567703,16.9653761284,112823,0.0,0.0,0.0,0.0,0.0,0.0,0.0,0.0,,,,,,16.089490032847284,,,,,,,,,,,15.99311881973883,,"rgba(38, 166, 154, 0.5)"
2025-06-30 00:00:00+00:00,17.4492878636,17.5536609829,16.7139317954,17.00332999,478323,0.0,0.0,0.0,0.0,0.0,0.0,0.0,0.0,,,,,,16.292077983439096,,,,,,,,,,,16.19392667946429,,"rgba(38, 166, 154, 0.5)"
2025-07-01 00:00:00+00:00,17.4872417252,18.0280842528,17.2120762287,17.4492878636,395357,0.0,0.0,0.0,0.0,0.0,0.0,0.0,0.0,,,,,,16.45530573325679,,,,,,,,,,,16.35638366466995,,"rgba(38, 166, 154, 0.5)"
2025-07-02 00:00:00+00:00,16.9369107322,18.1893881645,16.8372818455,17.6200802407,280651,0.0,0.0,0.0,0.0,0.0,0.0,0.0,0.0,,,,,,16.526991197561046,,,,,,,,,,,16.43069898842806,,"rgba(38, 166, 154, 0.5)"
2025-07-03 00:00:00+00:00,16.8989568706,17.5536609829,16.8562587763,17.4303109328,27752,0.0,0.0,0.0,0.0,0.0,0.0,0.0,0.0,,,,,,16.53166805783818,,,,,,,,,,,16.43578065504748,,"rgba(38, 166, 154, 0.5)"
2025-07-07 00:00:00+00:00,16.6332798395,17.5346840522,16.40555667,16.8989568706,95888,0.0,0.0,0.0,0.0,0.0,0.0,0.0,0.0,,,,,,16.540569416876274,,,,,,,,,,,16.446523402756338,,"rgba(38, 166, 154, 0.5)"
2025-07-08 00:00:00+00:00,16.8704914744,17.0697492477,16.5099297894,16.6237913741,132301,0.0,0.0,0.0,0.0,0.0,0.0,0.0,0.0,,,,,,16.550590331168852,,,,,,,,,,,16.459083321714004,,"rgba(38, 166, 154, 0.5)"
2025-07-09 00:00:00+00:00,16.8515145436,16.9748645938,16.5716048144,16.8894684052,278956,0.0,0.0,0.0,0.0,0.0,0.0,0.0,0.0,,,,,,16.568269066238656,,,,,,,,,,,16.48179805054651,,"rgba(38, 166, 154, 0.5)"
2025-07-10 00:00:00+00:00,16.358114343,17.0982146439,16.3201604814,17.0128184554,69095,0.0,0.0,0.0,0.0,0.0,0.0,0.0,0.0,,,,,,16.56868242971215,,,,,,,,,,,16.48359334720871,,"rgba(38, 166, 154, 0.5)"
2025-07-11 00:00:00+00:00,16.452998997,16.7661183551,16.1588565697,16.1778335005,31888,0.0,0.0,0.0,0.0,0.0,0.0,0.0,0.0,,,,,,16.56781622940235,,,,,,,,,,,16.483412511779793,,#000000
2025-07-14 00:00:00+00:00,17.1456569709,17.1456569709,16.3960682046,16.3960682046,48100,0.0,0.0,0.0,0.0,0.0,0.0,0.0,0.0,,,,,,16.571688563228168,,,,,,,,,,,16.487996038700572,,"rgba(38, 166, 154, 0.5)"
2025-07-15 00:00:00+00:00,16.7661183551,17.4872417252,16.7566298897,17.1456569709,172986,0.0,0.0,0.0,0.0,0.0,0.0,0.0,0.0,,,,,,16.58927012038749,,,,,,,,,,,16.50780369794731,,"rgba(38, 166, 154, 0.5)"
2025-07-16 00:00:00+00:00,16.8230491474,17.2595185557,16.7471414243,16.8420260782,105362,0.0,0.0,0.0,0.0,0.0,0.0,0.0,0.0,,,,,,16.59783904349743,,,,,,,,,,,16.51776436549746,,"rgba(38, 166, 154, 0.5)"
2025-07-17 00:00:00+00:00,16.9179338014,17.0697492477,16.6143029087,16.7850952859,99652,0.0,0.0,0.0,0.0,0.0,0.0,0.0,0.0,,,,,,16.6038712581908,,,,,,,,,,,16.525167241392797,,"rgba(38, 166, 154, 0.5)"
2025-07-18 00:00:00+00:00,16.7566298897,17.0792377131,16.6143029087,16.908445336,57660,0.0,0.0,0.0,0.0,0.0,0.0,0.0,0.0,,,,,,16.60659278694128,,,,,,,,,,,16.528696594368594,,"rgba(38, 166, 154, 0.5)"
2025-07-21 00:00:00+00:00,16.0260180542,16.8894684052,16.0165295888,16.8894684052,72868,0.0,0.0,0.0,0.0,0.0,0.0,0.0,0.0,,,,,,16.601887230760425,,,,,,,,,,,16.525411507542117,,#000000
2025-07-22 00:00:00+00:00,16.6048144433,16.6902106319,15.9406218656,15.9406218656,89726,1.0,16.69021,15.940622,0.0,0.0,0.0,0.0,0.0,,,,,16.411882313600003,16.598238343702352,,,,,,,,,,,16.52334352618839,,#000000
2025-07-23 00:00:00+00:00,16.6522567703,16.8420260782,16.4814643932,16.6143029087,90300,0.0,0.0,0.0,0.0,0.0,0.0,0.0,0.0,,,,,16.53562565654541,16.59938250192191,,,,,,,,,,,16.52577808757924,,#000000
2025-07-24 00:00:00+00:00,16.6143029087,17.0317953862,16.4624874624,16.6522567703,81636,0.0,0.0,0.0,0.0,0.0,0.0,0.0,0.0,,,,,16.5878017445135,16.601126387990828,,,,,,,,,,,16.52861392220596,,#000000
2025-07-25 00:00:00+00:00,16.4435105316,16.6143029087,16.3391374122,16.4909528586,41427,0.0,0.0,0.0,0.0,0.0,0.0,0.0,0.0,,,,,16.571105762317547,16.599977625305655,,,,,,,,,,,16.528106372548226,,#000000
2025-07-28 00:00:00+00:00,16.3011835507,16.6712337011,16.2252758275,16.547883651,36275,0.0,0.0,0.0,0.0,0.0,0.0,0.0,0.0,,,,,16.552733878310406,16.59849808409351,,,,,,,,,,,16.52720308129285,,"rgba(239, 83, 80, 1.0)"
2025-07-29 00:00:00+00:00,16.6996990973,16.7756068205,16.0929117352,16.1873219659,123737,0.0,0.0,0.0,0.0,0.0,0.0,0.0,0.0,,,,,16.544719537326312,16.596640189038034,,,,,,,16.52273921766667,,,,16.527098849563377,,#000000
2025-07-30 00:00:00+00:00,17.6485456369,17.819338014,16.7850952859,16.861003009,66682,0.0,0.0,0.0,0.0,0.0,0.0,0.0,0.0,,,,,16.654593565560337,16.60734917128926,,,,,,,16.836127503370566,,,,16.538165872990326,,"rgba(38, 166, 154, 0.5)"
2025-07-31 00:00:00+00:00,17.7054764293,17.8999899699,17.5737765296,17.7244533601,40226,0.0,0.0,0.0,0.0,0.0,0.0,0.0,0.0,,,,,16.730232829589045,16.616085811845032,,,,,,,16.991399358678006,,,,16.54700743795469,,"rgba(38, 166, 154, 1.0)"
2025-08-01 00:00:00+00:00,17.5346840522,17.8098495486,17.2025877633,17.6105917753,52060,0.0,0.0,0.0,0.0,0.0,0.0,0.0,0.0,,,,,16.79596796770064,16.625084519203547,,,,,,,17.08795039995981,,,,16.556246889323734,,"rgba(38, 166, 154, 1.0)"
2025-08-04 00:00:00+00:00,17.6295687061,18.0233400201,17.458776329,17.6438014042,60064,0.0,0.0,0.0,0.0,0.0,0.0,0.0,0.0,,,,,16.875913858565337,16.637392655691194,,,,,,,17.195883432299347,,,,16.568738625762077,,"rgba(38, 166, 154, 1.0)"
2025-08-05 00:00:00+00:00,17.7624072217,17.9131789368,17.6011033099,17.7054764293,48850,0.0,0.0,0.0,0.0,0.0,0.0,0.0,0.0,,,,,16.934921662467108,16.6477033287484,,,,,,,17.266112884503208,,,,16.57918201070087,,"rgba(38, 166, 154, 1.0)"
2025-08-06 00:00:00+00:00,17.2595185557,18.0280842528,17.2025877633,17.7671514544,52600,0.0,0.0,0.0,0.0,0.0,0.0,0.0,0.0,,,,,16.972634487502607,16.656025770425632,,,,17.4967301906,,,17.293420294363415,,,,16.587770220584996,,"rgba(38, 166, 154, 1.0)"
2025-08-07 00:00:00+00:00,16.7471414243,17.3781243731,16.6996990973,17.2879839519,40068,0.0,0.0,0.0,0.0,0.0,0.0,0.0,0.0,,,,,16.971127432315836,16.658142732376515,,,,17.256725505667255,,,17.264316615716375,,,,16.59027553379128,,"rgba(38, 166, 154, 0.5)"
2025-08-08 00:00:00+00:00,16.6712337011,17.1693781344,16.2727181545,16.8704914744,45364,0.0,0.0,0.0,0.0,0.0,0.0,0.0,0.0,,,,,16.957206087324717,16.65852801700547,,,,17.07521883607637,,,17.216364111646264,,,,16.591183334263597,,#000000
2025-08-11 00:00:00+00:00,16.8799799398,16.8894684052,16.1493681043,16.7661183551,72613,0.0,0.0,0.0,0.0,0.0,0.0,0.0,0.0,,,,,16.932714533680848,16.658279285451954,,,,16.925055326856242,,,17.14682621083428,,,,16.591791891169763,,#000000
2025-08-12 00:00:00+00:00,16.861003009,17.1361685055,16.6522567703,17.1361685055,47797,0.0,0.0,0.0,0.0,0.0,0.0,0.0,0.0,,,,,16.930319827674683,16.660208209964853,,,,16.91730389759338,,,17.127438372119066,,,,16.594182352591357,,#000000
2025-08-13 00:00:00+00:00,16.6902106319,17.7718956871,16.0355065196,16.9748645938,75827,1.0,17.771896,16.035507,0.0,0.0,0.0,0.0,0.0,,,,16.832537612866666,16.923359472751862,16.66252191803814,,,,16.89807515346224,,,17.096632738368637,16.832537612866666,,,16.597244999624714,,"rgba(239, 83, 80, 1.0)"
2025-08-14 00:00:00+00:00,17.7054764293,17.8572918756,16.4909528586,16.547883651,91410,0.0,0.0,0.0,0.0,0.0,0.0,0.0,0.0,,,,17.116055139847557,16.95717453233504,16.673491444069693,,,,16.995387527513724,,,,17.116055139847557,,,16.60874598955793,,#000000
2025-08-15 00:00:00+00:00,18.0945035105,18.6068806419,17.4730090271,17.7529187563,116736,0.0,0.0,0.0,0.0,0.0,0.0,0.0,0.0,,,,17.503324966892592,17.058102334321568,16.701093977688995,,,,17.224106182028923,,,,17.503324966892592,,,16.636439813203676,,"rgba(38, 166, 154, 0.5)"
2025-08-18 00:00:00+00:00,17.8003610832,18.464553661,17.6105917753,18.1609227683,58475,0.0,0.0,0.0,0.0,0.0,0.0,0.0,0.0,,,,17.58104913855333,17.09763379158248,16.713525911456742,,,,17.295573181948676,,,,17.58104913855333,,,16.648973521024935,,"rgba(38, 166, 154, 1.0)"
2025-08-19 00:00:00+00:00,17.3828686058,18.1134804413,17.2215646941,17.8762688064,31995,0.0,0.0,0.0,0.0,0.0,0.0,0.0,0.0,,,,17.58033042532297,17.108776920454346,16.71814845482832,,,,17.30957997005939,,,,17.58033042532297,,,16.653740099289784,,"rgba(38, 166, 154, 0.5)"
2025-08-20 00:00:00+00:00,17.0317953862,17.5716890672,16.7887957874,17.3923570712,46802,0.0,0.0,0.0,0.0,0.0,0.0,0.0,0.0,,,,17.530381366487077,17.10950625888611,16.72137063740615,,,,17.297266760476038,,,,17.530381366487077,,,16.657314023414063,,"rgba(38, 166, 154, 0.5)"
2025-08-21 00:00:00+00:00,17.1646339017,17.4777532598,17.0317953862,17.0317953862,59370,0.0,0.0,0.0,0.0,0.0,0.0,0.0,0.0,,,,17.492624182234913,17.114159660173772,16.726308127637697,,,,17.29143953070827,,,,17.492624182234913,,,16.662656012073516,,#000000
2025-08-22 00:00:00+00:00,17.458776329,17.5536609829,17.050772317,17.1930992979,160042,0.0,0.0,0.0,0.0,0.0,0.0,0.0,0.0,,,,17.458095314374102,17.1377468528074,16.74248848345063,,,,17.302647232087676,,,,17.458095314374102,,,16.67977717735305,,#000000
2025-08-25 00:00:00+00:00,18.5689267803,18.7681845537,17.4303109328,17.6864994985,180264,0.0,0.0,0.0,0.0,0.0,0.0,0.0,0.0,,,,17.633262931498216,17.249076991075448,16.785160782651065,,,,17.461834149299424,,,,17.633262931498216,,,16.722522041387055,,"rgba(38, 166, 154, 1.0)"
2025-08-26 00:00:00+00:00,17.961664995,18.6068806419,17.8003610832,18.6068806419,113317,0.0,0.0,0.0,0.0,0.0,0.0,0.0,0.0,,,,17.692661084850936,17.300555243868597,16.808461256801277,,,,17.524648824907604,,,,17.692661084850936,,,16.74599836599844,,"rgba(38, 166, 154, 1.0)"
2025-08-27 00:00:00+00:00,18.4740421264,18.8630692076,17.9331995988,17.9331995988,68041,0.0,0.0,0.0,0.0,0.0,0.0,0.0,0.0,,,,17.742270746949554,17.338915359651274,16.825175791913555,,,,17.573156341398043,,,,17.742270746949554,,,16.762714511795785,,"rgba(38, 166, 154, 1.0)"
2025-08-28 00:00:00+00:00,18.5025075226,18.7065095286,18.2747843531,18.5689267803,102202,0.0,0.0,0.0,0.0,0.0,0.0,0.0,0.0,,,,17.81188679481368,17.395323493279847,16.850731285006923,,,,17.6422530054335,,,,17.81188679481368,,,16.788255926539637,,"rgba(38, 166, 154, 1.0)"
2025-08-29 00:00:00+00:00,18.967442327,19.2805616851,18.3791574724,18.4455767302,104380,0.0,0.0,0.0,0.0,0.0,0.0,0.0,0.0,,,,17.903744304989004,17.46561636646475,16.88190300282582,,,,17.729998574374306,,,,17.903744304989004,,,16.81923083887579,,"rgba(38, 166, 154, 1.0)"
2025-09-02 00:00:00+00:00,18.7302306921,19.0813039117,18.5689267803,18.8346038114,71201,0.0,0.0,0.0,0.0,0.0,0.0,0.0,0.0,,,,17.953234547448808,17.507275880749013,16.901766867083772,,,,17.779216157499913,,,,17.953234547448808,,,16.839013719935238,,"rgba(38, 166, 154, 1.0)"
2025-09-03 00:00:00+00:00,18.6827883651,19.1524674022,18.5214844534,18.7871614845,44669,0.0,0.0,0.0,0.0,0.0,0.0,0.0,0.0,,,,17.981300654685793,17.53195034953546,16.913968171387776,,,,17.807610571608027,,,,17.981300654685793,,,16.851174284274364,,"rgba(38, 166, 154, 1.0)"
2025-09-04 00:00:00+00:00,18.6258575727,19.0718154463,18.3981344032,18.8061384152,68294,0.0,0.0,0.0,0.0,0.0,0.0,0.0,0.0,,,,18.016466865236787,17.565392957016304,16.931467223793867,,,,17.844456237301927,,,,18.016466865236787,,,16.86865261798917,,"rgba(38, 166, 154, 1.0)"
2025-09-05 00:00:00+00:00,18.6638114343,18.8440922768,18.2178535607,18.5879037111,105433,0.0,0.0,0.0,0.0,0.0,0.0,0.0,0.0,,,,18.05578357468747,17.608189388028315,16.95597926213051,,,,17.888311911697233,,,,18.05578357468747,,,16.893220109230633,,"rgba(38, 166, 154, 1.0)"
2025-09-08 00:00:00+00:00,18.5689267803,19.0575827482,18.3317151454,18.6543229689,97259,0.0,0.0,0.0,0.0,0.0,0.0,0.0,0.0,,,,18.09216818204313,17.64748784803401,16.979002967892487,,,,17.928409693476745,,,,18.09216818204313,,,16.91627949072821,,"rgba(38, 166, 154, 1.0)"
2025-09-09 00:00:00+00:00,18.5404613842,19.5557271815,18.32222668,18.464553661,74004,0.0,0.0,0.0,0.0,0.0,0.0,0.0,0.0,,,,18.123812183128944,17.679733078861883,16.997674904591445,,,,17.962097424402433,,,,18.123812183128944,,,16.934938929328386,,"rgba(38, 166, 154, 1.0)"
2025-09-10 00:00:00+00:00,18.3981344032,18.7397191575,18.1134804413,18.417111334,62950,0.0,0.0,0.0,0.0,0.0,0.0,0.0,0.0,,,,18.134468090423134,17.696785365467846,17.009907431896387,,,,17.97648290910831,,,,18.134468090423134,,,16.947283505757063,,"rgba(38, 166, 154, 0.75)"
2025-09-11 00:00:00+00:00,19.0243731194,19.1761885657,18.4076228686,18.4076228686,107605,0.0,0.0,0.0,0.0,0.0,0.0,0.0,0.0,,,,18.177440880426907,17.74137616983756,17.036902175791578,,,,18.022264090540194,,,,18.177440880426907,,,16.974264213626803,,"rgba(38, 166, 154, 1.0)"
2025-09-12 00:00:00+00:00,18.92,19.2995386158,18.7112537613,18.825115346,58020,0.0,0.0,0.0,0.0,0.0,0.0,0.0,0.0,,,,18.201876692697883,17.76620089466352,17.051970088929444,,,,18.047946283759757,,,,18.201876692697883,,,16.989307892760632,,"rgba(38, 166, 154, 1.0)"
2025-09-15 00:00:00+00:00,19.2331193581,19.4798194584,18.5452056169,18.8061384152,188045,0.0,0.0,0.0,0.0,0.0,0.0,0.0,0.0,,,,18.28156837332337,17.846893208737228,17.101915965359435,,,,18.131199132486753,,,,18.28156837332337,,,17.03914208117632,,"rgba(38, 166, 154, 1.0)"
2025-09-16 00:00:00+00:00,19.4513540622,19.5841925777,18.7966499498,19.422888666,129286,0.0,0.0,0.0,0.0,0.0,0.0,0.0,0.0,,,,18.339676954198445,17.9045972191705,17.138032567256126,,,,18.191095432221843,,,,18.339676954198445,,,17.075128864457056,,"rgba(38, 166, 154, 1.0)"
2025-09-17 00:00:00+00:00,20.0301504514,20.3432698094,18.9083291876,19.0670712136,116615,0.0,0.0,0.0,0.0,0.0,0.0,0.0,0.0,,,,18.410724030771632,17.96975600819465,17.176724715391437,,,,18.261743110652137,,,,18.410724030771632,,,17.113517332118548,,"rgba(38, 166, 154, 1.0)"
2025-09-18 00:00:00+00:00,19.925777332,20.2768505517,19.6506118355,20.2483851555,136310,0.0,0.0,0.0,0.0,0.0,0.0,0.0,0.0,,,,18.495780334793952,18.04785781759488,17.223758357859428,,,,18.34618535681344,,,,18.495780334793952,,,17.1601515822264,,"rgba(38, 166, 154, 1.0)"
2025-09-19 00:00:00+00:00,20.4096890672,20.931554664,19.0243731194,20.0396389168,1045010,0.0,0.0,0.0,0.0,0.0,0.0,0.0,0.0,,,,18.979415559489617,18.529175186943345,17.557098995907353,,,,18.838128259125195,,,,18.979415559489617,,,17.491557327484077,,"rgba(38, 166, 154, 1.0)"
2025-09-22 00:00:00+00:00,21.3110932798,21.6242126379,20.381223671,20.4381544634,147575,0.0,0.0,0.0,0.0,0.0,0.0,0.0,0.0,,,,19.065115266117854,18.61092930393056,17.613814461944735,,,,18.92349682553936,,,,19.065115266117854,,,17.54777614638754,,"rgba(38, 166, 154, 1.0)"
2025-09-23 00:00:00+00:00,20.8651354062,21.7113167503,20.5994583751,21.2351855567,107437,0.0,0.0,0.0,0.0,0.0,0.0,0.0,0.0,,,,19.121947897704388,18.66619925143751,17.653437811588766,,,,18.98046035340938,,,,19.121947897704388,,,17.587091590404135,,"rgba(38, 166, 154, 1.0)"
2025-09-24 00:00:00+00:00,20.3148044132,20.8698796389,20.0775927783,20.5525853561,77164,0.0,0.0,0.0,0.0,0.0,0.0,0.0,0.0,,,,19.148008293793563,18.694200136635327,17.676111997308777,,,,19.007539867564017,,,,19.148008293793563,,,17.609700536351923,,"rgba(38, 166, 154, 0.75)"
2025-09-25 00:00:00+00:00,20.2768505517,20.4191775326,20.020661986,20.2673620863,58417,1.0,20.419178,20.020662,134.0,1.0,20.419178,20.020662,134.0,,,20.2388966901,19.164331013420995,18.712639916625385,17.691910764624375,,,,19.02482046703163,,,,19.164331013420995,,,17.62548622716006,,"rgba(38, 166, 154, 0.75)"
2025-09-26 00:00:00+00:00,20.8556469408,21.1118355065,20.381223671,20.428665998,151076,0.0,0.0,0.0,0.0,0.0,0.0,0.0,0.0,,,20.63120646730441,19.224630226049285,18.774639569419417,17.740416801080567,,,,19.08639303677258,,,,19.224630226049285,,,17.673762862541167,,"rgba(38, 166, 154, 0.75)"
2025-09-29 00:00:00+00:00,20.7038314945,20.9837412237,20.333781344,20.8082046138,112217,0.0,0.0,0.0,0.0,0.0,0.0,0.0,0.0,,,20.646058352929558,19.263651652636828,18.815966235347478,17.774215090732127,,,,19.12664083526248,,,,19.263651652636828,,,17.707451873983725,,"rgba(38, 166, 154, 0.75)"
2025-09-30 00:00:00+00:00,21.1687662989,21.339558676,20.333781344,20.5994583751,118913,0.0,0.0,0.0,0.0,0.0,0.0,0.0,0.0,,,20.727374412186276,19.31036163668385,18.864006749112804,17.812490474822237,,,,19.174279472461105,,,,19.31036163668385,,,17.74555239865417,,"rgba(38, 166, 154, 0.75)"
2025-10-01 00:00:00+00:00,21.1213239719,21.8176824473,20.9410431294,21.1782547643,96099,0.0,0.0,0.0,0.0,0.0,0.0,0.0,0.0,,,20.828711181600635,19.353844790954884,18.907465878004675,17.84609451046068,,,,19.218158990745756,,,,19.353844790954884,,,17.778951715016152,,"rgba(38, 166, 154, 0.75)"
2025-10-02 00:00:00+00:00,21.4534202608,21.481885657,20.8271815446,21.2256970913,120027,0.0,0.0,0.0,0.0,0.0,0.0,0.0,0.0,,,20.906466372532304,19.404503334146508,18.95875347218752,17.886698434771418,,,,19.26948834090009,,,,19.404503334146508,,,17.819338872061536,,"rgba(38, 166, 154, 0.75)"
2025-10-03 00:00:00+00:00,21.5672818455,21.8519358074,21.182998997,21.2636509529,125388,0.0,0.0,0.0,0.0,0.0,0.0,0.0,0.0,,,21.007080768194623,19.46220203669082,19.016239108832984,17.931536318045083,,,,19.32759992944632,,,,19.46220203669082,,,17.863896900597048,,"rgba(38, 166, 154, 1.0)"
2025-10-06 00:00:00+00:00,21.8139819458,22.4544533601,21.7570511535,21.8709127382,95355,0.0,0.0,0.0,0.0,0.0,0.0,0.0,0.0,,,21.115902159684037,19.513607920355888,19.066185518495264,17.969297662545575,,,,19.37891539056854,,,,19.513607920355888,,,17.90136180742499,,"rgba(38, 166, 154, 1.0)"
2025-10-07 00:00:00+00:00,22.4307321966,22.5730591775,21.2636509529,21.543560682,167512,0.0,0.0,0.0,0.0,0.0,0.0,0.0,0.0,,,21.271911384325424,19.601822300997004,19.1523025280608,18.035258384399807,,,,19.467083999702577,,,,19.601822300997004,,,17.96682342912138,,"rgba(38, 166, 154, 1.0)"
2025-10-08 00:00:00+00:00,22.6869207623,22.9146439318,22.1081243731,22.5445937813,108647,0.0,0.0,0.0,0.0,0.0,0.0,0.0,0.0,,,21.394151275929172,19.666324651549225,19.214303337669367,18.081863316476433,,,,19.53120003044713,,,,19.666324651549225,,,18.013023331666364,,"rgba(38, 166, 154, 1.0)"
2025-10-09 00:00:00+00:00,22.3548244734,22.800782347,22.0274724173,22.5540822467,111558,0.0,0.0,0.0,0.0,0.0,0.0,0.0,0.0,,,21.482343231956207,19.72587019938128,19.272457288410305,18.126897462451726,,,,19.590686942558825,,,,19.72587019938128,,,18.057715352851535,,"rgba(38, 166, 154, 1.0)"
2025-10-10 00:00:00+00:00,22.0701705115,22.6205015045,21.9183550652,22.3168706118,71573,0.0,0.0,0.0,0.0,0.0,0.0,0.0,0.0,,,21.52092859064105,19.760080633169075,19.30644145054896,18.15402483709009,,,,19.625050668781224,,,,19.760080633169075,,,18.084667554649418,,"rgba(38, 166, 154, 0.75)"
2025-10-13 00:00:00+00:00,21.9942627884,22.4857652959,21.7855165496,22.0986359077,69989,0.0,0.0,0.0,0.0,0.0,0.0,0.0,0.0,,,21.549166872965344,19.79110671696239,19.337636034969677,18.179464627175037,,,,19.656336629505002,,,,19.79110671696239,,,18.109963127827882,,"rgba(38, 166, 154, 0.75)"
2025-10-14 00:00:00+00:00,22.6299899699,22.691664995,21.0169508526,21.9657973922,71891,0.0,0.0,0.0,0.0,0.0,0.0,0.0,0.0,,,21.57657346167704,19.822455560766915,19.369235619176074,18.205416189453924,,,,19.68796971894408,,,,19.822455560766915,,,18.135772523505473,,"rgba(38, 166, 154, 0.75)"
2025-10-15 00:00:00+00:00,22.6205015045,23.246645336,22.2219859579,22.895667001,64742,0.0,0.0,0.0,0.0,0.0,0.0,0.0,0.0,,,21.623546489794613,19.856981179247462,19.403005872916133,18.23194226961747,,,,19.72245709319133,,,,19.856981179247462,,,18.162100781060634,,"rgba(38, 166, 154, 0.75)"
2025-10-16 00:00:00+00:00,21.9183550652,22.6299899699,21.8329588766,22.5635707121,133430,0.0,0.0,0.0,0.0,0.0,0.0,0.0,0.0,,,21.663615643238593,19.911829197205833,19.45882224588992,18.278788163766166,,,,19.777958027289547,,,,19.911829197205833,,,18.208720925964418,,"rgba(38, 166, 154, 0.75)"
2025-10-17 00:00:00+00:00,21.9942627884,22.2409628887,21.1497893681,21.7855165496,87826,0.0,0.0,0.0,0.0,0.0,0.0,0.0,0.0,,,21.670154808273317,19.941308709956882,19.48991059293888,18.306404571607295,,,,19.808142726267285,,,,19.941308709956882,,,18.236262990677982,,"rgba(38, 166, 154, 0.5)"
2025-10-20 00:00:00+00:00,21.529327984,22.5683149448,21.5008625878,22.0322166499,66918,0.0,0.0,0.0,0.0,0.0,0.0,0.0,0.0,,,21.677316307588796,19.963996854812724,19.51376249103947,18.327580448010064,,,,19.831344307109518,,,,19.963996854812724,,,18.257380032546944,,"rgba(38, 166, 154, 0.5)"
2025-10-21 00:00:00+00:00,21.2446740221,21.5625376128,21.1118355065,21.387001003,84915,0.0,0.0,0.0,0.0,0.0,0.0,0.0,0.0,,,21.660879678328175,19.983778400608248,19.536307698824153,18.34989727542946,,,,19.852147633830487,,,,19.983778400608248,,,18.279722853640862,,#000000
2025-10-22 00:00:00+00:00,21.7665396189,21.7855165496,21.1308124373,21.292116349,87688,0.0,0.0,0.0,0.0,0.0,0.0,0.0,0.0,,,21.656507772897424,20.00741967958025,19.562265945395847,18.37454930455642,,,,19.876678274000543,,,,20.00741967958025,,,18.304366433838574,,#000000
2025-10-23 00:00:00+00:00,21.8709127382,21.9942627884,21.3733376128,21.8329588766,48994,0.0,0.0,0.0,0.0,0.0,0.0,0.0,0.0,,,21.658647367634963,20.021861049451143,19.577799191081798,18.388950118902585,,,,19.891553805603678,,,,20.021861049451143,,,18.31874902057117,,"rgba(38, 166, 154, 0.5)"
2025-10-24 00:00:00+00:00,22.9241323972,23.0474824473,21.9657973922,22.1271013039,49424,0.0,0.0,0.0,0.0,0.0,0.0,0.0,0.0,,,21.681851617849848,20.043663069122776,19.599655385280375,18.407212808524676,,,,19.913485642633383,,,,20.043663069122776,,,18.336913012375632,,"rgba(38, 166, 154, 0.5)"
2025-10-27 00:00:00+00:00,22.9620862588,23.2087863591,22.5540822467,23.1518555667,85162,0.0,0.0,0.0,0.0,0.0,0.0,0.0,0.0,,,21.72959374076929,20.084097279481814,19.639777184994916,18.440242497161332,,,,19.954020977875995,,,,20.084097279481814,,,18.369741173482602,,"rgba(38, 166, 154, 0.5)"
2025-10-28 00:00:00+00:00,22.5351053159,23.4554864594,22.3263590772,22.895667001,68537,0.0,0.0,0.0,0.0,0.0,0.0,0.0,0.0,,,21.761267358637213,20.114290892173614,19.670052311366092,18.46567582626285,,,,19.984389379605958,,,,20.114290892173614,,,18.39503882532081,,"rgba(38, 166, 154, 0.5)"
2025-10-29 00:00:00+00:00,22.1650551655,22.895667001,22.093891675,22.5351053159,50587,0.0,0.0,0.0,0.0,0.0,0.0,0.0,0.0,,,21.77494218490522,20.13295965346522,19.68928132623572,18.482585692925674,,,,20.003330566120294,,,,20.13295965346522,,,18.411888977841038,,"rgba(38, 166, 154, 0.5)"
2025-10-30 00:00:00+00:00,22.6869207623,22.7343630893,22.1128686058,22.2314744233,56481,0.0,0.0,0.0,0.0,0.0,0.0,0.0,0.0,,,21.792542073695124,20.15459494804687,19.711424070917076,18.501900711806755,,,,20.025233367369857,,,,20.15459494804687,,,18.431128752368235,,"rgba(38, 166, 154, 0.5)"
2025-10-31 00:00:00+00:00,22.6110130391,23.0095285858,22.4307321966,22.7533400201,78609,0.0,0.0,0.0,0.0,0.0,0.0,0.0,0.0,,,21.821230978402856,20.186214548635153,19.74353177495595,18.52961926000468,,,,20.0571580557051,,,,20.186214548635153,,,18.45872623478003,,"rgba(38, 166, 154, 0.5)"
2025-11-03 00:00:00+00:00,22.297893681,22.800782347,22.046449348,22.800782347,81085,0.0,0.0,0.0,0.0,0.0,0.0,0.0,0.0,,,21.83924335880094,20.2141667028242,19.772603543560773,18.55577738850084,,,,20.08559918193927,,,,20.2141667028242,,,18.484811730584337,,"rgba(38, 166, 154, 0.5)"
2025-11-04 00:00:00+00:00,22.5351053159,22.6015245737,22.2505462387,22.2599398195,61441,0.0,0.0,0.0,0.0,0.0,0.0,0.0,0.0,,,21.85405738993946,20.23564851914727,19.794877233471762,18.575775994665197,,,,20.10743196633459,,,,20.23564851914727,,,18.504752264041063,,"rgba(38, 166, 154, 0.5)"
2025-11-05 00:00:00+00:00,23.2941825476,23.3226479438,22.6584553661,22.7628284855,76586,0.0,0.0,0.0,0.0,0.0,0.0,0.0,0.0,,,21.88967848824563,20.269265268238684,19.828560103318885,18.604409888418562,,,,20.14121598347988,,,,20.269265268238684,,,18.53323837309798,,"rgba(38, 166, 154, 0.5)"
2025-11-06 00:00:00+00:00,23.5598595787,23.9204212638,23.4270210632,23.5219057172,70002,0.0,0.0,0.0,0.0,0.0,0.0,0.0,0.0,,,21.93443342268146,20.30509742185324,19.863783899501602,18.63340096746532,,,,20.17700471123764,,,,20.30509742185324,,,18.562038327531955,,"rgba(38, 166, 154, 0.5)"
2025-11-07 00:00:00+00:00,23.7306519559,23.9945261785,23.4365095286,23.7401404213,131530,0.0,0.0,0.0,0.0,0.0,0.0,0.0,0.0,,,22.016501474589933,20.372064061952315,19.929683673809322,18.68788790981437,,,,20.24390547342446,,,,20.372064061952315,,,18.61617164259624,,"rgba(38, 166, 154, 0.5)"
2025-11-10 00:00:00+00:00,24.0912136409,24.404332999,23.5076730191,24.0247943831,140420,0.0,0.0,0.0,0.0,0.0,0.0,0.0,0.0,,,22.109298659189825,20.446469385110927,20.002621896124758,18.747955223402382,,,,20.31813725028786,,,,20.446469385110927,,,18.675831556028346,,"rgba(38, 166, 154, 1.0)"
2025-11-11 00:00:00+00:00,24.8502908726,25.0115947844,24.0058174524,24.4327983952,270380,-1.0,25.011595,24.005817,0.0,0.0,0.0,0.0,0.0,,,22.316891296765842,20.605074324323095,20.156673609149173,18.873112339569076,,24.622567703133335,,20.475889373416315,24.622567703133335,,,20.605074324323095,,,18.800043048518564,24.622567703133335,"rgba(38, 166, 154, 1.0)"
2025-11-12 00:00:00+00:00,23.2277632899,24.1955867603,21.1118355065,23.7211634905,203032,0.0,0.0,0.0,0.0,0.0,0.0,0.0,0.0,,,22.347737560446152,20.667185415387074,20.222344228810996,18.935655109391686,,23.860249536462593,,,23.860249536462593,,,20.667185415387074,,,18.862507757807677,23.860249536462593,"rgba(38, 166, 154, 0.5)"
2025-11-13 00:00:00+00:00,23.5313941825,24.3663791374,23.1898094283,23.2467402207,159645,0.0,0.0,0.0,0.0,0.0,0.0,0.0,0.0,,,22.406927733947633,20.73181033225986,20.28780434182807,18.993871578272735,,23.818793836102106,,,23.818793836102106,,,20.73181033225986,,,18.920492257134796,23.818793836102106,"rgba(38, 166, 154, 0.5)"
2025-11-14 00:00:00+00:00,23.6832096289,24.2620060181,23.1233901705,23.6262788365,81288,0.0,0.0,0.0,0.0,0.0,0.0,0.0,0.0,,,22.434974500596937,20.763599789701146,20.320136219559053,19.022931349364047,,23.804085018768625,,,23.804085018768625,,,20.763599789701146,,,18.94944708062991,23.804085018768625,"rgba(38, 166, 154, 0.5)"
2025-11-17 00:00:00+00:00,22.9146439318,24.1718655968,22.8245035105,23.4270210632,140634,0.0,0.0,0.0,0.0,0.0,0.0,0.0,0.0,,,22.466640569892096,20.80996942763128,20.368402375773385,19.06827878472572,,23.721772794395186,,,23.721772794395186,,,20.80996942763128,,,18.99470830611463,23.721772794395186,"rgba(38, 166, 154, 0.5)"
2025-11-18 00:00:00+00:00,21.984774323,22.9668304915,21.3585356068,21.5577933801,285974,0.0,0.0,0.0,0.0,0.0,0.0,0.0,0.0,,,22.441572220808883,20.85626408779913,20.423659082141732,19.13227988511578,,23.31613100124149,,,23.31613100124149,,,20.85626408779913,,,19.059057403576045,23.31613100124149,#000000
2025-11-19 00:00:00+00:00,19.6980541625,22.3738014042,19.5462387161,22.3168706118,422333,0.0,0.0,0.0,0.0,0.0,0.0,0.0,0.0,,,,20.84035395452823,20.42885680471938,19.174775551359676,,22.565967552859,,,22.565967552859,,,20.84035395452823,,,19.102968110876564,22.565967552859,"rgba(239, 83, 80, 1.0)"
2025-11-20 00:00:00+00:00,18.2842728185,19.0528385155,17.9901303912,18.7871614845,1727372,0.0,0.0,0.0,0.0,0.0,0.0,0.0,0.0,,,,20.431836666004696,20.120530000473394,19.09425661715221,,20.40138189675726,,,20.40138189675726,,,20.431836666004696,,,19.031497672435158,20.40138189675726,"rgba(239, 83, 80, 1.0)"
2025-11-21 00:00:00+00:00,18.7492076229,18.7966499498,18.2510631896,18.5214844534,500559,0.0,0.0,0.0,0.0,0.0,0.0,0.0,0.0,,,,20.345609539396673,20.055038443538784,19.078964253454775,,20.163407731494,,,20.163407731494,,,20.345609539396673,,,19.018348752126812,20.163407731494,"rgba(239, 83, 80, 1.0)"
2025-11-24 00:00:00+00:00,19.0528385155,19.1097693079,18.5214844534,18.6543229689,403062,0.0,0.0,0.0,0.0,0.0,0.0,0.0,0.0,,,,20.292652501198994,20.016169537668713,19.07449413038871,,20.04148715508164,,,20.04148715508164,,,20.292652501198994,,,19.015394197439406,20.04148715508164,"rgba(239, 83, 80, 1.0)"
2025-11-25 00:00:00+00:00,19.8214042126,19.9162888666,18.8156268806,19.3090270812,362944,0.0,0.0,0.0,0.0,0.0,0.0,0.0,0.0,,,,20.267995500535722,20.001576256934108,19.08397029640335,,19.999777808362364,,,19.999777808362364,,,20.267995500535722,,,19.0259757023887,19.999777808362364,"rgba(239, 83, 80, 1.0)"
2025-11-26 00:00:00+00:00,19.9162888666,20.0984674022,19.6126579739,19.925777332,242748,0.0,0.0,0.0,0.0,0.0,0.0,0.0,0.0,,,,20.259822646173888,19.99916049776101,19.095132250601914,,19.993508142866045,,,19.993508142866045,,,20.259822646173888,,,19.0377813023955,19.993508142866045,"rgba(239, 83, 80, 1.0)"
2025-11-28 00:00:00+00:00,20.0586158475,20.2009428285,19.7265195587,19.8403811434,97368,0.0,0.0,0.0,0.0,0.0,0.0,0.0,0.0,,,,20.257630410355066,19.9991314370277,19.100193641722623,,19.993544949452403,,,19.993544949452403,,,20.257630410355066,,,19.043087434857547,19.993544949452403,"rgba(239, 83, 80, 1.0)"
2025-12-01 00:00:00+00:00,19.6316349047,20.094672016,19.375446339,19.6221464393,192689,0.0,0.0,0.0,0.0,0.0,0.0,0.0,0.0,,,,20.248639842634528,19.99468173848557,19.106800378160056,,19.982454583843626,,,19.982454583843626,,,20.248639842634528,,,19.050219278405105,19.982454583843626,"rgba(239, 83, 80, 1.0)"
2025-12-02 00:00:00+00:00,19.4987963892,19.8688465396,19.3042828485,19.8688465396,178354,0.0,0.0,0.0,0.0,0.0,0.0,0.0,0.0,,,,20.238464050289277,19.98872997789784,19.111342727360086,,19.96806183704736,,,19.96806183704736,,,20.238464050289277,,,19.05525985078731,19.96806183704736,"rgba(239, 83, 80, 1.0)"
2025-12-03 00:00:00+00:00,19.4134002006,19.6221464393,19.0338615848,19.6221464393,144598,0.0,0.0,0.0,0.0,0.0,0.0,0.0,0.0,,,,20.228063039956744,19.981830697980595,19.11333025027606,,19.951724248136696,,,19.951724248136696,,,20.228063039956744,,,19.05766785740608,19.951724248136696,"rgba(239, 83, 80, 1.0)"
2025-12-04 00:00:00+00:00,19.5652156469,19.8878234704,19.0813039117,19.5367502508,208665,0.0,0.0,0.0,0.0,0.0,0.0,0.0,0.0,,,,20.21607206283901,19.974538455118395,19.117934597369064,,19.935382001186678,,,19.935382001186678,,,20.21607206283901,,,19.062843208841333,19.935382001186678,"rgba(239, 83, 80, 1.0)"
2025-12-05 00:00:00+00:00,18.7776730191,19.6363791374,18.6638114343,19.3374924774,246144,0.0,0.0,0.0,0.0,0.0,0.0,0.0,0.0,,,,20.193035946804425,19.957502967381775,19.116696640859022,,19.897233029674215,,,19.897233029674215,,,20.193035946804425,,,19.062353516178316,19.897233029674215,"rgba(239, 83, 80, 1.0)"
2025-12-08 00:00:00+00:00,18.5404613842,18.7771985958,18.3886459378,18.5025075226,161993,0.0,0.0,0.0,0.0,0.0,0.0,0.0,0.0,,,,20.172605094723075,19.94128105365485,19.11188589668066,,19.861543193458694,,,19.861543193458694,,,20.172605094723075,,,19.058078659071395,19.861543193458694,"rgba(239, 83, 80, 1.0)"
2025-12-09 00:00:00+00:00,18.9010230692,18.9816750251,18.4432046138,18.4930190572,201074,0.0,0.0,0.0,0.0,0.0,0.0,0.0,0.0,,,,20.15112425171266,19.924616946301462,19.10825732395647,,19.82648940913564,,,19.82648940913564,,,20.15112425171266,,,19.055071054026815,19.82648940913564,"rgba(239, 83, 80, 1.0)"
2025-12-10 00:00:00+00:00,18.92,19.2046539619,18.6495787362,18.8156268806,163714,0.0,0.0,0.0,0.0,0.0,0.0,0.0,0.0,,,,20.13596376558837,19.913115802221125,19.10666055291945,,19.80340289826548,,,19.80340289826548,,,20.13596376558837,,,19.053952145525624,19.80340289826548,"rgba(239, 83, 80, 1.0)"
2025-12-11 00:00:00+00:00,19.2331193581,19.3944232698,18.8346038114,19.0243731194,169136,0.0,0.0,0.0,0.0,0.0,0.0,0.0,0.0,,,,20.12358148205414,19.904201319898924,19.107082744954102,,19.786670102410742,,,19.786670102410742,,,20.12358148205414,,,19.054832171576493,19.786670102410742,"rgba(239, 83, 80, 0.75)"
2025-12-12 00:00:00+00:00,19.2141424273,19.5414944835,18.9484653962,19.422888666,182965,0.0,0.0,0.0,0.0,0.0,0.0,0.0,0.0,,,,20.11161909143163,19.895802537935225,19.108300942481115,,19.771701080045858,,,19.771701080045858,,,20.11161909143163,,,19.056526713582112,19.771701080045858,"rgba(239, 83, 80, 0.75)"
2025-12-15 00:00:00+00:00,19.3374924774,19.6506118355,19.1007552658,19.3659578736,98428,0.0,0.0,0.0,0.0,0.0,0.0,0.0,0.0,,,,20.10623787671487,19.892230637084513,19.109601948720943,,19.76582355555191,,,19.76582355555191,,,20.10623787671487,,,19.058071891244886,19.76582355555191,"rgba(239, 83, 80, 0.75)"
2025-12-16 00:00:00+00:00,19.1477231695,19.5462387161,19.014884654,19.3659578736,148445,0.0,0.0,0.0,0.0,0.0,0.0,0.0,0.0,,,,20.09690847498964,19.88566551193123,19.110570570347345,,19.754583507657227,,,19.754583507657227,,,20.09690847498964,,,19.05941695077018,19.754583507657227,"rgba(239, 83, 80, 0.75)"
2025-12-17 00:00:00+00:00,19.1097693079,19.2331193581,18.8346038114,19.2236308927,220377,0.0,0.0,0.0,0.0,0.0,0.0,0.0,0.0,,,,20.080645949896983,19.87356476782852,19.10999358969394,,19.73333924538021,,,19.73333924538021,,,20.080645949896983,,,19.059414149642247,19.73333924538021,"rgba(239, 83, 80, 0.75)"
2025-12-18 00:00:00+00:00,19.4134002006,19.5082848546,19.0528385155,19.2615847543,99212,0.0,0.0,0.0,0.0,0.0,0.0,0.0,0.0,,,,20.075351120187168,19.86997168751049,19.111073738236104,,19.727797446940716,,,19.727797446940716,,,20.075351120187168,,,19.060731654610553,19.727797446940716,"rgba(239, 83, 80, 0.75)"
2025-12-19 00:00:00+00:00,19.4893079238,19.5652156469,19.1572116349,19.4513540622,312746,0.0,0.0,0.0,0.0,0.0,0.0,0.0,0.0,,,,20.060843695492775,19.860546078200418,19.115642296187264,,19.714514524302675,,,19.714514524302675,,,20.060843695492775,,,19.06601871027325,19.714514524302675,"rgba(239, 83, 80, 0.75)"
2025-12-22 00:00:00+00:00,19.9827081244,20.0016850552,19.2947943831,19.328004012,245856,0.0,0.0,0.0,0.0,0.0,0.0,0.0,0.0,,,,20.05581460353859,19.858968322830446,19.12344583010531,,19.71592670297122,,,19.71592670297122,,,20.05581460353859,,,19.07431972065805,19.71592670297122,#000000
2025-12-23 00:00:00+00:00,19.6980541625,20.0538716148,19.375446339,19.9921965898,111728,0.0,0.0,0.0,0.0,0.0,0.0,0.0,0.0,,,,20.053203059805423,19.857910166045436,19.126652856385565,,19.715831500166843,,,19.715831500166843,,,20.053203059805423,,,19.077753074168797,19.715831500166843,#000000
2025-12-24 00:00:00+00:00,19.6790772317,19.7265195587,19.5984252758,19.6885656971,41438,0.0,0.0,0.0,0.0,0.0,0.0,0.0,0.0,,,,20.05212990630572,19.857414097106872,19.127750043927374,,19.715584551710922,,,19.715584551710922,,,20.05212990630572,,,19.07893471167157,19.715584551710922,#000000
2025-12-26 00:00:00+00:00,19.5272617854,19.9068004012,19.470330993,19.7075426279,110510,0.0,0.0,0.0,0.0,0.0,0.0,0.0,0.0,,,,20.049052036541493,19.85587397371011,19.130475942160935,,19.714487157608723,,,19.714487157608723,,,20.049052036541493,,,19.08188662243884,19.714487157608723,#000000
2025-12-29 00:00:00+00:00,19.8024272818,19.8688465396,19.3469809428,19.4893079238,129601,0.0,0.0,0.0,0.0,0.0,0.0,0.0,0.0,,,,20.045825253739196,19.854400178211787,19.133873432175296,,19.71383271554037,,,19.71383271554037,,,20.045825253739196,,,19.08554369941358,19.71383271554037,#000000
2025-12-30 00:00:00+00:00,19.5936810431,19.9162888666,19.5082848546,19.8498696088,126299,0.0,0.0,0.0,0.0,0.0,0.0,0.0,0.0,,,,20.042733484787693,19.852986578476386,19.13714364978749,,19.713214396744345,,,19.713214396744345,,,20.042733484787693,,,19.089064307244552,19.713214396744345,#000000
2025-12-31 00:00:00+00:00,19.7644734203,19.9162888666,19.4893079238,19.6885656971,110280,0.0,0.0,0.0,0.0,0.0,0.0,0.0,0.0,,,,20.04043902072292,19.852111684961578,19.140233541336446,,19.713345960033188,,,19.713345960033188,,,20.04043902072292,,,19.092367580572194,19.713345960033188,#000000
2026-01-02 00:00:00+00:00,19.1477231695,19.8403811434,19.0338615848,19.5652156469,142955,0.0,0.0,0.0,0.0,0.0,0.0,0.0,0.0,,,,20.033982201749645,19.847675819799907,19.141593663406766,,19.707182768419116,,,19.707182768419116,,,20.033982201749645,,,19.094032490772378,19.707182768419116,#000000
2026-01-05 00:00:00+00:00,19.1192577733,19.626890672,18.9911634905,19.0813039117,129372,0.0,0.0,0.0,0.0,0.0,0.0,0.0,0.0,,,,20.02745499850556,19.842988297903865,19.142229560258325,,19.700379216209434,,,19.700379216209434,,,20.02745499850556,,,19.0949477493203,19.700379216209434,"rgba(239, 83, 80, 1.0)"
2026-01-06 00:00:00+00:00,19.1572116349,19.3374924774,18.9959077232,18.9959077232,165939,0.0,0.0,0.0,0.0,0.0,0.0,0.0,0.0,,,,20.018375198280918,19.836268365478496,19.14239508885913,,19.690414513832028,,,19.690414513832028,,,20.018375198280918,,,19.095474333622256,19.690414513832028,"rgba(239, 83, 80, 1.0)"
2026-01-07 00:00:00+00:00,19.0338615848,19.3469809428,18.9389769308,19.2426078235,135410,0.0,0.0,0.0,0.0,0.0,0.0,0.0,0.0,,,,20.010621979229782,19.83042665937538,19.142169644851442,,19.68170364669934,,,19.68170364669934,,,20.010621979229782,,,19.09554364095579,19.68170364669934,"rgba(239, 83, 80, 1.0)"
2026-01-08 00:00:00+00:00,19.1856770311,19.5747041123,18.9484653962,18.9484653962,105240,0.0,0.0,0.0,0.0,0.0,0.0,0.0,0.0,,,,20.005538064035257,19.826752598962013,19.14262815662674,,19.676597593714522,,,19.676597593714522,,,20.005538064035257,,,19.096221355525593,19.676597593714522,"rgba(239, 83, 80, 1.0)"
2026-01-09 00:00:00+00:00,18.7492076229,19.2805616851,18.6448345035,19.2805616851,73744,0.0,0.0,0.0,0.0,0.0,0.0,0.0,0.0,,,,20.000436472510412,19.822717676892445,19.14177386858244,,19.670341691953723,,,19.670341691953723,,,20.000436472510412,,,19.095533010132254,19.670341691953723,"rgba(239, 83, 80, 1.0)"
2026-01-12 00:00:00+00:00,18.7492076229,19.0243731194,18.6068806419,18.6922768305,54870,0.0,0.0,0.0,0.0,0.0,0.0,0.0,0.0,,,,19.99633783848452,19.819424225184903,19.140894408864536,,19.665173318922534,,,19.665173318922534,,,19.99633783848452,,,19.094779112250148,19.665173318922534,"rgba(239, 83, 80, 1.0)"
2026-01-13 00:00:00+00:00,18.2747843531,18.7966499498,18.1087362086,18.7207422267,94637,0.0,0.0,0.0,0.0,0.0,0.0,0.0,0.0,,,,19.987004023270153,19.811597064883337,19.137653018355778,,19.65237442067172,,,19.65237442067172,,,19.987004023270153,,,19.091772628017953,19.65237442067172,"rgba(239, 83, 80, 1.0)"
2026-01-14 00:00:00+00:00,18.0280842528,18.2795285858,17.9806419258,18.2558074223,193195,0.0,0.0,0.0,0.0,0.0,0.0,0.0,0.0,,,,19.964790590611774,19.792587863729267,19.128513722724612,,19.62104496122778,,,19.62104496122778,,,19.964790590611774,,,19.083135401728157,19.62104496122778,"rgba(239, 83, 80, 1.0)"
2026-01-15 00:00:00+00:00,18.0565496489,18.315110331,17.9758976931,18.1229689067,136825,0.0,0.0,0.0,0.0,0.0,0.0,0.0,0.0,,,,19.949534742139825,19.779531890056862,19.122259572820898,,19.59988689181041,,,19.59988689181041,,,19.949534742139825,,,19.07722911866749,19.59988689181041,"rgba(239, 83, 80, 1.0)"
2026-01-16 00:00:00+00:00,17.8762688064,18.3506920762,17.6011033099,18.0565496489,114239,0.0,0.0,0.0,0.0,0.0,0.0,0.0,0.0,,,,19.9358039530048,19.767667330321068,19.116208342743768,,19.58066304838374,,,19.58066304838374,,,19.9358039530048,,,19.071474434879566,19.58066304838374,"rgba(239, 83, 80, 1.0)"
2026-01-20 00:00:00+00:00,17.8478034102,17.914222668,17.5536609829,17.7054764293,141465,0.0,0.0,0.0,0.0,0.0,0.0,0.0,0.0,,,,19.91762408756588,19.751830621777337,19.10772232176008,,19.555048379397558,,,19.555048379397558,,,19.91762408756588,,,19.06336259921521,19.555048379397558,"rgba(239, 83, 80, 1.0)"
2026-01-21 00:00:00+00:00,18.6258575727,18.7681845537,17.866780341,17.9426880642,335445,0.0,0.0,0.0,0.0,0.0,0.0,0.0,0.0,,,,19.888377132578114,19.727238826017377,19.09758405863754,,19.518180870364837,,,19.518180870364837,,,19.888377132578114,,,19.05398312027083,19.518180870364837,"rgba(239, 83, 80, 0.75)"
2026-01-22 00:00:00+00:00,18.1988766299,18.8535807422,17.9996188566,18.7966499498,163306,0.0,0.0,0.0,0.0,0.0,0.0,0.0,0.0,,,,19.873892905147233,19.714972482698546,19.092259847539598,,19.50000260096384,,,19.50000260096384,,,19.873892905147233,,,19.049024611311403,19.50000260096384,"rgba(239, 83, 80, 0.75)"
2026-01-23 00:00:00+00:00,17.5536609829,18.2795285858,17.4967301906,18.0660381143,146874,0.0,0.0,0.0,0.0,0.0,0.0,0.0,0.0,,,,19.856274855577993,19.699561564338005,19.083878859397146,,19.476202448277256,,,19.476202448277256,,,19.856274855577993,,,19.041007238878183,19.476202448277256,"rgba(239, 83, 80, 0.75)"
2026-01-26 00:00:00+00:00,17.363891675,17.9711534604,17.3259378134,17.6390571715,70774,0.0,0.0,0.0,0.0,0.0,0.0,0.0,0.0,,,,19.84699155343548,19.691371676072926,19.079195949856047,,19.46349298983397,,,19.46349298983397,,,19.84699155343548,,,19.03650490307895,19.46349298983397,"rgba(239, 83, 80, 0.75)"
2026-01-27 00:00:00+00:00,17.5631494483,17.5631494483,17.2120762287,17.316449348,119183,0.0,0.0,0.0,0.0,0.0,0.0,0.0,0.0,,,,19.830801384390718,19.67703360525421,19.070823053453598,,19.441281946633254,,,19.441281946633254,,,19.830801384390718,,,19.028438888579714,19.441281946633254,"rgba(239, 83, 80, 0.75)"
2026-01-28 00:00:00+00:00,17.5631494483,17.6580341023,17.2690070211,17.5536609829,214728,0.0,0.0,0.0,0.0,0.0,0.0,0.0,0.0,,,,19.802784026528975,19.652233714353248,19.05641577007971,,19.40345970238475,,,19.40345970238475,,,19.802784026528975,,,19.01456946908732,19.40345970238475,"rgba(239, 83, 80, 0.75)"
2026-01-29 00:00:00+00:00,17.7149648947,17.7804353059,17.2879839519,17.5726379137,191553,0.0,0.0,0.0,0.0,0.0,0.0,0.0,0.0,,,,19.779387567859484,19.631563456000272,19.044575700145568,,19.372606847731134,,,19.372606847731134,,,19.779387567859484,,,19.00319031916377,19.372606847731134,"rgba(239, 83, 80, 0.75)"
2026-01-30 00:00:00+00:00,17.7339418255,17.9901303912,17.3876128385,17.7244533601,127955,0.0,0.0,0.0,0.0,0.0,0.0,0.0,0.0,,,,19.76480230170721,19.618715179441523,19.03736178640411,,19.353809912874052,,,19.353809912874052,,,19.76480230170721,,,18.9962728659924,19.353809912874052,"rgba(239, 83, 80, 0.75)"
2026-02-02 00:00:00+00:00,18.0280842528,18.1324573721,17.6485456369,17.7624072217,100818,0.0,0.0,0.0,0.0,0.0,0.0,0.0,0.0,,,,19.754733990542963,19.609926256859616,19.032713679268802,,19.341340213934117,,,19.341340213934117,,,19.754733990542963,,,18.991845245919976,19.341340213934117,"rgba(239, 83, 80, 0.5)"
2026-02-03 00:00:00+00:00,17.4208224674,18.1846439318,17.1741223671,18.0470611836,140805,0.0,0.0,0.0,0.0,0.0,0.0,0.0,0.0,,,,19.738237498958163,19.59531831191092,19.02427580913647,,19.32012229790479,,,19.32012229790479,,,19.738237498958163,,,18.983732581469692,19.32012229790479,"rgba(239, 83, 80, 0.5)"
2026-02-04 00:00:00+00:00,17.4397993982,17.6770110331,17.363891675,17.3828686058,68087,0.0,0.0,0.0,0.0,0.0,0.0,0.0,0.0,,,,19.729984198757965,19.587982465226837,19.01994942293907,,19.309464611823433,,,19.309464611823433,,,19.729984198757965,,,18.97956466584254,19.309464611823433,"rgba(239, 83, 80, 0.75)"
2026-02-05 00:00:00+00:00,17.4303109328,17.6200802407,17.2263089268,17.4492878636,65011,0.0,0.0,0.0,0.0,0.0,0.0,0.0,0.0,,,,19.721922308077925,19.580799795618656,19.015658234557872,,19.299027091118546,,,19.299027091118546,,,19.721922308077925,,,18.9754256287824,19.299027091118546,"rgba(239, 83, 80, 0.75)"
2026-02-06 00:00:00+00:00,17.3544032096,17.6959879639,17.2737512538,17.458776329,56513,0.0,0.0,0.0,0.0,0.0,0.0,0.0,0.0,,,,19.715007876437628,19.574640204640147,19.011983610749304,,19.290123239576648,,,19.290123239576648,,,19.715007876437628,,,18.971882033893493,19.290123239576648,"rgba(239, 83, 80, 1.0)"
2026-02-09 00:00:00+00:00,16.8230491474,17.4208224674,16.7803510532,17.2215646941,84512,0.0,0.0,0.0,0.0,0.0,0.0,0.0,0.0,,,,19.70278983864975,19.563637166263693,19.00501307113669,,19.273882416044927,,,19.273882416044927,,,19.70278983864975,,,18.96512155649827,19.273882416044927,"rgba(239, 83, 80, 1.0)"
2026-02-10 00:00:00+00:00,17.2500300903,17.2595185557,16.8040722166,16.9274222668,101266,0.0,0.0,0.0,0.0,0.0,0.0,0.0,0.0,,,,19.688813047408903,19.551069464400225,18.997124672516875,,19.255539490444303,,,19.255539490444303,,,19.688813047408903,,,18.95747819282805,19.255539490444303,"rgba(239, 83, 80, 1.0)"
2026-02-11 00:00:00+00:00,17.2405416249,17.3733801404,16.9796088265,17.2500300903,72990,0.0,0.0,0.0,0.0,0.0,0.0,0.0,0.0,,,,19.67919218250343,19.542432786770487,18.991757709971544,,19.243074766088565,,,19.243074766088565,,,19.67919218250343,,,18.95228333031503,19.243074766088565,"rgba(239, 83, 80, 0.75)"
2026-02-12 00:00:00+00:00,17.0317953862,17.4208224674,16.6712337011,17.4208224674,154240,0.0,0.0,0.0,0.0,0.0,0.0,0.0,0.0,,,,19.65783672540849,19.52318410203697,18.979540431969927,,19.215246433080342,,,19.215246433080342,,,19.65783672540849,17.041283851566664,,18.94043533673865,19.215246433080342,"rgba(239, 83, 80, 0.75)"
2026-02-13 00:00:00+00:00,16.9179338014,17.2310531595,16.8088164493,17.0223069208,73090,0.0,0.0,0.0,0.0,0.0,0.0,0.0,0.0,,,,19.647625736673923,19.513964658535688,18.973640494326666,,19.201974029755338,,,19.201974029755338,,,,17.0234881963789,,18.934709921533983,19.201974029755338,"rgba(239, 83, 80, 0.75)"
2026-02-17 00:00:00+00:00,17.316449348,17.3354262788,16.813560682,16.813560682,73162,0.0,0.0,0.0,0.0,0.0,0.0,0.0,0.0,,,,19.638127381627687,19.50541621559268,18.968269394777792,,19.189848315467565,,,19.189848315467565,,,,17.05554331593173,,18.929507076785246,19.189848315467565,"rgba(239, 83, 80, 0.5)"
2026-02-18 00:00:00+00:00,16.8894684052,17.4492878636,16.8420260782,17.3733801404,77775,0.0,0.0,0.0,0.0,0.0,0.0,0.0,0.0,,,,19.627726366063836,19.496032315822877,18.962297331711607,,19.176520795790186,,,19.176520795790186,,,,17.05651326823892,,18.923715451970995,19.176520795790186,"rgba(239, 83, 80, 0.5)"
2026-02-19 00:00:00+00:00,16.8894684052,17.0460280843,16.6902106319,16.8230491474,142974,0.0,0.0,0.0,0.0,0.0,0.0,0.0,0.0,,,,19.607461258971007,19.477672256234168,18.950357322640727,,19.15034659358861,,,19.15034659358861,,,,17.006789670092363,,18.912113902433443,19.15034659358861,"rgba(239, 83, 80, 0.5)"
2026-02-20 00:00:00+00:00,17.1361685055,17.1836108325,16.7329087262,16.9274222668,113267,0.0,0.0,0.0,0.0,0.0,0.0,0.0,0.0,,,,19.59244276493176,19.464094190377,18.941636900012345,,19.131300736340133,,,19.131300736340133,,,,17.008712778117626,,18.903651517084214,19.131300736340133,"rgba(239, 83, 80, 0.5)"
2026-02-23 00:00:00+00:00,16.7850952859,17.4350551655,16.7091875627,17.3259378134,141551,0.0,0.0,0.0,0.0,0.0,0.0,0.0,0.0,,,,19.573621256339738,19.447053126919997,18.93061835551117,,19.10751802627697,,,19.10751802627697,,,,17.002827408520677,,18.89295342095301,19.10751802627697,"rgba(239, 83, 80, 0.5)"
2026-02-24 00:00:00+00:00,17.2595185557,17.316449348,16.6854663992,16.7756068205,150223,0.0,0.0,0.0,0.0,0.0,0.0,0.0,0.0,,,,19.55477949102065,19.430020545079426,18.919713916033484,,19.084127438844973,,,19.084127438844973,,,,17.01650186903916,,18.882377390627745,19.084127438844973,"rgba(239, 83, 80, 0.5)"
2026-02-25 00:00:00+00:00,19.0433500502,19.3137713139,18.2510631896,18.4835305918,357197,0.0,0.0,0.0,0.0,0.0,0.0,0.0,0.0,,,,19.5426487458533,19.420561663743364,18.919015997722223,,19.078374562824802,,,19.078374562824802,,,,17.53216890726948,,18.882199080597072,19.078374562824802,#000000
2026-02-26 00:00:00+00:00,19.8024272818,19.973219659,19.1382347041,19.1382347041,140936,0.0,0.0,0.0,0.0,0.0,0.0,0.0,0.0,,,,19.54330973087756,19.421999325419627,18.922929011415885,,19.084227870449485,,,19.084227870449485,,,,17.74052240728196,,18.886272581922935,19.084227870449485,"rgba(38, 166, 154, 1.0)"
2026-02-27 00:00:00+00:00,19.3185155466,19.7186441324,19.0338615848,19.6316349047,113355,0.0,0.0,0.0,0.0,0.0,0.0,0.0,0.0,,,,19.54227633431591,19.421655470070085,18.924820943538442,,19.086503628478727,,,19.086503628478727,,,,17.859679772151374,,18.888304467454326,19.086503628478727,"rgba(38, 166, 154, 1.0)"
2026-03-02 00:00:00+00:00,20.0775927783,20.1155466399,19.1192577733,19.2331193581,580734,0.0,0.0,0.0,0.0,0.0,0.0,0.0,0.0,,,,19.54859091546374,19.430869297302202,18.943298418071464,,19.114552687405364,,,19.114552687405364,,,,18.383564527967568,,18.907397400794274,19.114552687405364,"rgba(38, 166, 154, 1.0)"
2026-03-03 00:00:00+00:00,19.375446339,20.0016850552,19.2141424273,19.878335005,152641,0.0,0.0,0.0,0.0,0.0,0.0,0.0,0.0,,,,19.54845992703144,19.431555089204632,18.946649791224733,,19.118985447479425,,,19.118985447479425,,,,18.460643652967967,,18.91092028921832,19.118985447479425,"rgba(38, 166, 154, 1.0)"
2026-03-04 00:00:00+00:00,19.0053961886,19.5984252758,18.9579538616,19.4039117352,92346,0.0,0.0,0.0,0.0,0.0,0.0,0.0,0.0,,,,19.546891110037368,19.430541210131686,18.947477833058308,,19.119422887880603,,,19.119422887880603,,,,18.489033847518296,,18.911862388072873,19.119422887880603,"rgba(38, 166, 154, 1.0)"
2026-03-05 00:00:00+00:00,18.8630692076,19.3243035105,18.6543229689,19.0907923771,94440,0.0,0.0,0.0,0.0,0.0,0.0,0.0,0.0,,,,19.544239312430737,19.42849856779073,18.947476970521407,,19.118301949290544,,,19.118301949290544,,,,18.506638989268463,,18.911985276498832,19.118301949290544,"rgba(38, 166, 154, 0.75)"
2026-03-06 00:00:00+00:00,18.5025075226,18.6448345035,18.3412036108,18.5784152457,79888,0.0,0.0,0.0,0.0,0.0,0.0,0.0,0.0,,,,19.540333377991015,19.425177281598476,18.946142058103877,,19.1148948391296,,,19.1148948391296,,,,18.506309809910995,,18.91076678913722,19.1148948391296,"rgba(38, 166, 154, 0.75)"
2026-03-09 00:00:00+00:00,17.9901303912,18.3791574724,17.6105917753,18.3791574724,316118,0.0,0.0,0.0,0.0,0.0,0.0,0.0,0.0,,,,19.517850531210875,19.40527333936334,18.93511828947869,,19.09110414082171,,,19.09110414082171,,,,18.449485226679887,,18.900249901829607,19.09110414082171,"rgba(38, 166, 154, 0.75)"
2026-03-10 00:00:00+00:00,18.4076228686,18.511995988,17.7766399198,17.9901303912,142497,0.0,0.0,0.0,0.0,0.0,0.0,0.0,0.0,,,,19.509482336333658,19.39796796913296,18.93147092905125,,19.082968449012785,,,19.082968449012785,,,,18.439146704047324,,18.89681515517553,19.082968449012785,#000000
2026-03-11 00:00:00+00:00,18.0375727182,18.4265997994,17.9426880642,18.4076228686,172318,0.0,0.0,0.0,0.0,0.0,0.0,0.0,0.0,,,,19.498753964115004,19.388533425904136,18.92650907525015,,19.072241377297914,,,19.072241377297914,,,,18.42264081113749,,18.892112519660408,19.072241377297914,#000000
2026-03-12 00:00:00+00:00,18.0375727182,18.2558074223,17.866780341,17.8857572718,89873,0.0,0.0,0.0,0.0,0.0,0.0,0.0,0.0,,,,19.492891202185298,19.383349248875298,18.92367914270061,,19.06625967154612,,,19.06625967154612,,,,18.412456772378377,,18.889418710358303,19.06625967154612,#000000
2026-03-13 00:00:00+00:00,18.3412036108,18.3886459378,18.0755265797,18.2083650953,111585,0.0,0.0,0.0,0.0,0.0,0.0,0.0,0.0,,,,19.486755647733688,19.378000268281433,18.921052984598518,,19.06048629685324,,,19.06048629685324,,,,18.407689109872564,,18.88695233762691,19.06048629685324,#000000
2026-03-16 00:00:00+00:00,18.92,19.18,18.4,18.53,121159,0.0,0.0,0.0,0.0,0.0,0.0,0.0,0.0,,,,19.4832196965932,19.375177578703052,18.920672887748882,,19.05871535492241,,,19.05871535492241,,,,18.42246000016525,,18.88672209021605,19.05871535492241,#000000
2026-03-17 00:00:00+00:00,19.19,19.48,18.57,18.61,173247,0.0,0.0,0.0,0.0,0.0,0.0,0.0,0.0,,,,19.480123585832686,19.373006282447022,18.92165399060328,,19.05895001956211,,,19.05895001956211,,,,18.453545612505362,,18.887901622278196,19.05895001956211,"rgba(38, 166, 154, 1.0)"
2026-03-18 00:00:00+00:00,19.15,19.34,18.52,19.08,141647,0.0,0.0,0.0,0.0,0.0,0.0,0.0,0.0,,,,19.47714900463162,19.370796289235596,18.92206315489536,,19.058453163300335,,,19.058453163300335,,,,18.474005518006404,,18.888474725350484,19.058453163300335,"rgba(38, 166, 154, 1.0)"
2026-03-19 00:00:00+00:00,19.06,19.18,18.5895,19.1,133129,0.0,0.0,0.0,0.0,0.0,0.0,0.0,0.0,,,,19.474036202225832,19.3684069765856,18.922162047902635,,19.05749323649141,,,19.05749323649141,,,,18.489860491200236,,18.888728749142953,19.05749323649141,"rgba(38, 166, 154, 1.0)"
2026-03-20 00:00:00+00:00,18.78,19.23,18.78,19.23,594409,0.0,0.0,0.0,0.0,0.0,0.0,0.0,0.0,,,,19.46023534566081,19.35773625065407,18.922322680316068,,19.05292333620136,,,19.05292333620136,,,,18.54756546883074,,18.889567237767412,19.05292333620136,"rgba(38, 166, 154, 1.0)"
2026-03-23 00:00:00+00:00,19.29,19.67,18.85,19.06,144869,0.0,0.0,0.0,0.0,0.0,0.0,0.0,0.0,,,,19.459066431138687,19.357218861869963,18.924050638382386,,19.054803281911926,,,19.054803281911926,,,,18.5699347250715,,18.891441681563254,19.054803281911926,"rgba(38, 166, 154, 1.0)"
2026-03-24 00:00:00+00:00,19.29,19.6,19.04,19.04,64325,0.0,0.0,0.0,0.0,0.0,0.0,0.0,0.0,,,,19.458660836275147,19.357095545111754,18.924900472488225,,19.05578084495116,,,19.05578084495116,,,,18.579971568629162,,18.89235538599199,19.05578084495116,"rgba(38, 166, 154, 1.0)"
2026-03-25 00:00:00+00:00,19.08,19.6499,19.0,19.6,47858,0.0,0.0,0.0,0.0,0.0,0.0,0.0,0.0,,,,19.458225749589836,19.3568748648129,18.925421235459616,,19.056313755231518,,,19.056313755231518,,,,18.586597856696976,,18.892924446307045,19.056313755231518,"rgba(38, 166, 154, 1.0)"
2026-03-26 00:00:00+00:00,19.02,19.29,18.78,19.02,122389,0.0,0.0,0.0,0.0,0.0,0.0,0.0,0.0,,,,19.456024690636973,19.355261772697464,18.92585683388331,,19.056123894902253,,,19.056123894902253,,,,18.597643016881783,,18.893490516624,19.056123894902253,"rgba(38, 166, 154, 1.0)"
2026-03-27 00:00:00+00:00,18.64,19.035,18.5202,18.82,116813,0.0,0.0,0.0,0.0,0.0,0.0,0.0,0.0,,,,19.45248882585451,19.352338684300747,18.925088152109012,,19.05390524962957,,,19.05390524962957,,,,18.60075699717338,,18.892855457232425,19.05390524962957,"rgba(38, 166, 154, 0.75)"
2026-03-30 00:00:00+00:00,19.26,19.37,18.54,18.81,163262,0.0,0.0,0.0,0.0,0.0,0.0,0.0,0.0,,,,19.449806427650877,19.350414026214676,18.925812338727695,,19.05393139614874,,,19.05393139614874,,,,18.61508940254375,,18.89374940430294,19.05393139614874,"rgba(38, 166, 154, 0.75)"
2026-03-31 00:00:00+00:00,19.28,19.73,19.1212,19.51,224628,0.0,0.0,0.0,0.0,0.0,0.0,0.0,0.0,,,,19.44913446799866,19.350650612782232,18.92920381928309,,19.058086900994233,,,19.058086900994233,,,,18.646680979956475,,18.897351295592816,19.058086900994233,"rgba(38, 166, 154, 0.75)"
2026-04-01 00:00:00+00:00,18.92,19.31,18.6,19.22,136018,0.0,0.0,0.0,0.0,0.0,0.0,0.0,0.0,,,,19.446320876449334,19.348472967848625,18.929267830444914,,19.057200216009026,,,19.057200216009026,,,,18.65394607333243,,18.89755786385493,19.057200216009026,"rgba(38, 166, 154, 0.75)"
2026-04-02 00:00:00+00:00,19.19,19.32,18.57,18.64,65356,0.0,0.0,0.0,0.0,0.0,0.0,0.0,0.0,,,,19.44520220469899,19.34764840523571,18.92947938724461,,19.057087272805884,,,19.057087272805884,,,,18.658281034045277,,18.897835952896006,19.057087272805884,"rgba(38, 166, 154, 0.75)"
2026-04-06 00:00:00+00:00,19.47,19.58,19.33,19.49,81018,0.0,0.0,0.0,0.0,0.0,0.0,0.0,0.0,,,,19.445250943112864,19.348004140661164,18.930904022653927,,19.05892636279142,,,19.05892636279142,,,,18.669675740565914,,18.899332978011003,19.05892636279142,"rgba(38, 166, 154, 1.0)"
2026-04-07 00:00:00+00:00,18.55,19.28,18.42,19.01,81484,0.0,0.0,0.0,0.0,0.0,0.0,0.0,0.0,,,,19.44295547887482,19.34610585274757,18.93041675323368,,19.057514642635283,,,19.057514642635283,,,,18.67080776142158,,18.89893409002362,19.057514642635283,#000000
2026-04-08 00:00:00+00:00,18.85,19.22,18.69,18.86,80847,0.0,0.0,0.0,0.0,0.0,0.0,0.0,0.0,,,,19.441247962473934,19.344768021688534,18.93038898899379,,19.05689396013564,,,19.05689396013564,,,,18.674244156747452,,18.89898977237394,19.05689396013564,#000000
2026-04-09 00:00:00+00:00,18.84,19.15,18.57,18.74,81360,0.0,0.0,0.0,0.0,0.0,0.0,0.0,0.0,,,,19.439322492374846,19.343220179839875,18.930182858789877,,19.05597352503015,,,19.05597352503015,,,,18.676695473498828,,18.8988686476768,19.05597352503015,#000000
2026-04-10 00:00:00+00:00,18.24,18.89,18.23,18.85,64587,0.0,0.0,0.0,0.0,0.0,0.0,0.0,0.0,,,,19.43676566641412,19.341000730595173,18.92917237034135,,19.053818086943846,,,19.053818086943846,,,,18.67429453908268,,18.897932308277593,19.053818086943846,"rgba(239, 83, 80, 0.5)"
2026-04-13 00:00:00+00:00,18.55,18.77,18.2,18.2,55339,1.0,18.77,18.2,253.0,1.0,18.77,18.2,253.0,,18.506666666666668,,19.434703705012698,19.339221593069883,18.928406631018444,,19.052146448644983,,,19.052146448644983,,,,18.672764784926954,,18.8972290291174,19.052146448644983,"rgba(239, 83, 80, 0.5)"
2026-04-14 00:00:00+00:00,18.59,18.849,18.46,18.5,57291,0.0,0.0,0.0,0.0,0.0,0.0,0.0,0.0,,18.570928080144423,,19.43286790773201,19.337665957261006,18.927853396074145,,19.050824896839785,,,19.050824896839785,,,,18.672392611571166,,18.89673825205684,19.050824896839785,"rgba(239, 83, 80, 0.5)"
2026-04-15 00:00:00+00:00,18.66,18.85,18.5,18.71,52656,0.0,0.0,0.0,0.0,0.0,0.0,0.0,0.0,,18.602489924534847,,19.431265737797702,19.33631696557596,18.927410321546255,,19.04972450215242,,,19.04972450215242,,,,18.67237220545275,,18.896351841289125,19.04972450215242,"rgba(239, 83, 80, 0.5)"
2026-04-16 00:00:00+00:00,18.92,18.95,18.66,18.66,72192,0.0,0.0,0.0,0.0,0.0,0.0,0.0,0.0,,18.675704990216637,,19.42957771179537,19.334955137183993,18.927212715440753,,19.048910100973355,,,19.048910100973355,,,,18.674348164783478,,18.89622825235381,19.048910100973355,#000000
2026-04-17 00:00:00+00:00,19.62,19.675,19.102,19.12,102320,0.0,0.0,0.0,0.0,0.0,0.0,0.0,0.0,,18.91357831123197,,19.429723974565757,19.335464911768835,18.92900043314676,,19.05122791771319,,,19.05122791771319,,,,18.68710217261389,,18.89810341014618,19.05122791771319,"rgba(38, 166, 154, 1.0)"
2026-04-20 00:00:00+00:00,19.26,19.71,19.135,19.52,61626,0.0,0.0,0.0,0.0,0.0,0.0,0.0,0.0,,18.98339160837419,,19.4295744865771,19.335541936050053,18.92987719163534,,19.05228656538339,,,19.05228656538339,,,,18.693651516777084,,18.899034184208976,19.05228656538339,"rgba(38, 166, 154, 1.0)"
2026-04-21 00:00:00+00:00,18.99,19.4,18.99,19.17,80011,0.0,0.0,0.0,0.0,0.0,0.0,0.0,0.0,,19.007202882355184,,19.42861986886664,19.33490835496901,18.930385760799645,,19.052607570469426,,,19.052607570469426,,,,18.69898983854006,,18.899617682103422,19.052607570469426,"rgba(38, 166, 154, 0.5)"
2026-04-22 00:00:00+00:00,18.85,19.15,18.7201,19.01,92017,0.0,0.0,0.0,0.0,0.0,0.0,0.0,0.0,,18.991076033507017,,19.426735048403934,19.333419760832022,18.930315572453956,,19.051886959068735,,,19.051886959068735,,,,18.701893617235577,,18.89963849921366,19.051886959068735,#000000
2026-04-23 00:00:00+00:00,19.35,19.4799,18.85,18.91,64860,0.0,0.0,0.0,0.0,0.0,0.0,0.0,0.0,,19.01501142320161,,19.426226980516244,19.33315873515985,18.930933216185668,,19.052493180239583,,,19.052493180239583,,,,18.707013971045104,,18.90031457586626,19.052493180239583,"rgba(38, 166, 154, 0.5)"
2026-04-24 00:00:00+00:00,19.67,19.69,19.08,19.23,93281,0.0,0.0,0.0,0.0,0.0,0.0,0.0,0.0,,19.07429930516922,,19.42642262545268,19.33367314285757,18.932574266184098,,19.054615548712952,,,19.054615548712952,,,,18.717711698736434,,18.902033173492367,19.054615548712952,"rgba(38, 166, 154, 1.0)"
2026-04-27 00:00:00+00:00,19.53,19.93,19.46,19.55,47601,0.0,0.0,0.0,0.0,0.0,0.0,0.0,0.0,,19.10885798859676,,19.426818426314455,19.33421977054763,18.933651570769772,,19.056094803428056,,,19.056094803428056,,,,18.724179447818422,,18.90314794281988,19.056094803428056,"rgba(38, 166, 154, 1.0)"
2026-04-28 00:00:00+00:00,19.82,20.29,19.27,19.59,54966,0.0,0.0,0.0,0.0,0.0,0.0,0.0,0.0,,19.15396069287267,,19.42760106772873,19.335163854823445,18.935160644297547,,19.05823977949579,,,19.05823977949579,19.793333333333337,,,18.7327676466809,,18.904698007433716,19.05823977949579,"rgba(38, 166, 154, 1.0)"
2026-04-29 00:00:00+00:00,19.37,19.79,19.21,19.65,52168,0.0,0.0,0.0,0.0,0.0,0.0,0.0,0.0,,19.171777534088207,,19.42765985472024,19.335400523216304,18.9360280437095,,19.059336953537297,,,,19.629396332319033,,,18.73824475708988,,18.905608710230826,19.059336953537297,"rgba(38, 166, 154, 1.0)"
2026-04-30 00:00:00+00:00,19.6,19.77,19.25,19.25,132571,0.0,0.0,0.0,0.0,0.0,0.0,0.0,0.0,,19.21968770038378,,19.428234308133895,19.33640828614021,18.938570123270257,,19.062677237405033,,,,19.579954888995502,,,18.7533695215952,,18.908257495145374,19.062677237405033,"rgba(38, 166, 154, 1.0)"
2026-05-01 00:00:00+00:00,19.36,19.72,19.14,19.69,96171,0.0,0.0,0.0,0.0,0.0,0.0,0.0,0.0,,19.23581400112399,,19.42815459863966,19.336658435021608,18.939995006884626,,19.064402675773167,,,,19.530337465810796,,,18.762189147917628,,18.909762568479064,19.064402675773167,"rgba(38, 166, 154, 0.75)"
2026-05-04 00:00:00+00:00,18.94,19.95,18.88,19.35,37731,0.0,0.0,0.0,0.0,0.0,0.0,0.0,0.0,,19.236496505670388,,19.427906304834995,19.33654685313916,18.94037274341773,,19.06478029375915,,,,19.50269913750724,,,18.76479437728287,,18.91017307591195,19.06478029375915,#000000
2026-05-05 00:00:00+00:00,19.62,19.74,18.9,18.9,46601,0.0,0.0,0.0,0.0,0.0,0.0,0.0,0.0,,19.24362626394931,,19.427892191590654,19.33669038239984,18.94107831521626,,19.06563989386914,,,,19.493527816382997,,,18.769030387994864,,18.91091711715562,19.06563989386914,"rgba(38, 166, 154, 0.5)"
2026-05-06 00:00:00+00:00,19.31,19.87,19.1096,19.59,53243,0.0,0.0,0.0,0.0,0.0,0.0,0.0,0.0,,19.25154231180156,,19.427896210307505,19.33687311576123,18.941898470632637,,19.06664413838901,,,,19.48636865821384,,,18.77387595281217,,18.911780976671697,19.06664413838901,#000000
2026-05-07 00:00:00+00:00,19.67,19.68,19.3,19.56,62583,0.0,0.0,0.0,0.0,0.0,0.0,0.0,0.0,,19.26574393882024,,19.428187631411966,19.33736328332979,18.943095457973495,,19.068205570974538,,,,19.49379773969562,,,18.78050801350014,,18.913027305549136,19.068205570974538,"rgba(38, 166, 154, 0.5)"
2026-05-08 00:00:00+00:00,19.73,19.88,19.19,19.49,66953,0.0,0.0,0.0,0.0,0.0,0.0,0.0,0.0,,19.28193533926936,,19.428625206375294,19.33800790986778,18.944475892437396,,19.07003710661837,,,,19.505589967279562,,,18.78793176690534,,18.914459525361654,19.07003710661837,"rgba(38, 166, 154, 0.5)"
2026-05-11 00:00:00+00:00,19.79,20.19,19.53,19.73,83301,-1.0,20.19,19.53,0.0,-1.0,20.19,19.53,0.0,,19.31346740469461,,19.429914074676635,19.339526051043077,18.946802469466533,19.836666666666666,19.07330810512542,,,,19.545775749539555,,,18.799620224505638,,18.916845433979972,19.07330810512542,"rgba(38, 166, 154, 0.5)"
2026-05-12 00:00:00+00:00,19.6,19.93,19.455,19.69,71172,0.0,0.0,0.0,0.0,0.0,0.0,0.0,0.0,,19.329594677244625,,19.430537834401655,19.34036181751463,18.948391658904754,19.756037042072073,19.07544515908501,,,,19.556665022047373,,,18.807751620401724,,18.918488206365833,19.07544515908501,"rgba(38, 166, 154, 0.5)"
2026-05-13 00:00:00+00:00,16.87,18.86,16.69,18.25,280073,0.0,0.0,0.0,0.0,0.0,0.0,0.0,0.0,,,,19.410025485468946,19.321493157520266,18.935599593945224,18.28479193610496,19.052868238191547,,,,18.994287771344787,,,18.759992106132046,,18.90605312364811,19.052868238191547,"rgba(239, 83, 80, 1.0)"
2026-05-14 00:00:00+00:00,17.08,17.398,16.87,16.87,89117,0.0,0.0,0.0,0.0,0.0,0.0,0.0,0.0,,,,19.402400818636266,19.31442362312377,18.930592337314142,18.085886855986896,19.044222177622952,,,,18.84571690078256,,,18.741480715205366,,18.90116545140957,19.044222177622952,"rgba(239, 83, 80, 1.0)"
2026-05-15 00:00:00+00:00,17.07,17.42,16.83,17.01,89272,0.0,0.0,0.0,0.0,0.0,0.0,0.0,0.0,,,,19.394782566213305,19.307357213944798,18.925578268170607,17.94326660303839,19.03559657691836,,,,18.718037253157142,,,18.72324632929945,,18.89627050699318,19.03559657691836,"rgba(239, 83, 80, 1.0)"
2026-05-18 00:00:00+00:00,16.93,17.27,16.86,16.94,53016,0.0,0.0,0.0,0.0,0.0,0.0,0.0,0.0,,,,19.39011173389072,19.303017626168604,18.922472327010468,17.869765846636366,19.030281814772803,,,,18.647093564014426,,,18.712038417794453,,18.89323599552228,19.030281814772803,"rgba(239, 83, 80, 1.0)"
2026-05-19 00:00:00+00:00,16.56,17.16,16.41,16.7,109123,0.0,0.0,0.0,0.0,0.0,0.0,0.0,0.0,,,,19.37930540874071,19.29293121508592,18.915074587133386,17.706481916995454,19.017756761190597,,,,18.493703067522652,,,18.68528457059079,,18.885992302690585,19.017756761190597,"rgba(239, 83, 80, 1.0)"
2026-05-20 00:00:00+00:00,16.6,16.69,16.34,16.52,79130,0.0,0.0,0.0,0.0,0.0,0.0,0.0,0.0,,,,19.371037722148223,19.285197254383984,18.909337893527802,17.59873254164111,19.008108677415834,,,,18.387791929541155,,,18.664727554046923,,18.880369541320412,19.008108677415834,"rgba(239, 83, 80, 1.0)"
2026-05-21 00:00:00+00:00,16.86,16.86,16.28,16.42,123654,0.0,0.0,0.0,0.0,0.0,0.0,0.0,0.0,,,,19.358773462308424,19.273738096302633,18.90089310966289,17.48086913641858,18.99392857680257,,,,18.25316518039403,,,18.63520450040316,,18.872097721406558,18.99392857680257,"rgba(239, 83, 80, 1.0)"
2026-05-22 00:00:00+00:00,17.01,17.33,16.87,16.88,157078,0.0,0.0,0.0,0.0,0.0,0.0,0.0,0.0,,,,19.345663834404682,19.261555085092965,18.892177040032788,17.42400381343089,18.979240540175898,,,,18.146227634711092,,,18.60636718854368,,18.863584171275633,18.979240540175898,"rgba(239, 83, 80, 1.0)"
2026-05-26 00:00:00+00:00,16.65,17.12,16.535,17.01,103740,0.0,0.0,0.0,0.0,0.0,0.0,0.0,0.0,,,,19.335950937453507,19.25248516040924,18.885520510907938,17.369090942264158,18.968148997048736,,,,18.06861150471069,,,18.584271093656355,,18.85706719188536,18.968148997048736,"rgba(239, 83, 80, 1.0)"
2026-05-27 00:00:00+00:00,16.7,17.1188,16.64,17.05,108200,0.0,0.0,0.0,0.0,0.0,0.0,0.0,0.0,,,,19.326098874036365,19.243289123523518,18.878789155179927,17.324948111036203,18.956965406715643,,,,17.99930250976607,,,18.562418887218115,,18.850478861632048,18.956965406715643,"rgba(239, 83, 80, 1.0)"
2026-05-28 00:00:00+00:00,16.6,16.99,16.53,16.8,92210,0.0,0.0,0.0,0.0,0.0,0.0,0.0,0.0,,,,19.317387889343276,19.235144163646364,18.87277437522413,17.285331484937892,18.947027276623015,,,,17.94093341566797,,,18.54303936297792,,18.84458734530153,18.947027276623015,"rgba(239, 83, 80, 1.0)"
2026-05-29 00:00:00+00:00,16.36,16.7,16.32,16.44,97320,0.0,0.0,0.0,0.0,0.0,0.0,0.0,0.0,,,,19.30739406432527,19.22577127502463,18.865743509032296,17.23305281633457,18.935488771705277,,,,17.87356643820623,,,18.52033108430281,,18.83769098666299,18.935488771705277,"rgba(239, 83, 80, 1.0)"
2026-06-01 00:00:00+00:00,16.6,16.69,16.19,16.28,141712,1.0,16.69,16.19,0.0,1.0,16.69,16.19,0.0,16.493333333333332,,,19.29313489193908,19.212398790707233,18.855719360038922,17.170585738706496,18.919100894458328,,,,17.787820453800535,,,18.48865696044571,16.493333333333332,18.827859710044123,18.919100894458328,"rgba(239, 83, 80, 1.0)"
2026-06-02 00:00:00+00:00,16.76,16.76,16.21,16.21,178823,0.0,0.0,0.0,0.0,0.0,0.0,0.0,0.0,16.53982409617255,,,19.275875950238905,19.19622149100282,18.843632334848497,17.11339146585702,18.89943238016785,,,,17.699776351015153,,,,16.53982409617255,18.816009572309035,18.89943238016785,"rgba(239, 83, 80, 0.75)"
2026-06-03 00:00:00+00:00,16.59,16.635,16.29,16.51,170136,0.0,0.0,0.0,0.0,0.0,0.0,0.0,0.0,16.527749136726374,,,19.259227180998515,19.180597270929034,18.831891094999904,17.062328141456888,18.88045554006512,,,,17.622487559086018,,,,16.527749136726374,18.8044932017208,18.88045554006512,"rgba(239, 83, 80, 0.75)"
2026-06-04 00:00:00+00:00,16.36,17.095,16.25,16.68,115548,0.0,0.0,0.0,0.0,0.0,0.0,0.0,0.0,16.535484662583432,,,19.248291162768382,19.170337842530323,18.82419923264935,17.035687869785896,18.868077069714396,,,,17.57812389354359,,,,16.535484662583432,18.796950696632063,18.868077069714396,"rgba(239, 83, 80, 0.75)"
2026-06-05 00:00:00+00:00,17.0,17.06,16.28,16.44,106223,0.0,0.0,0.0,0.0,0.0,0.0,0.0,0.0,16.57194117790173,,,19.23910369913708,19.161738676208977,18.817833261019228,17.023610605074243,18.85785057873709,,,,17.548395976485317,,,,16.57194117790173,18.790715938457318,18.85785057873709,"rgba(239, 83, 80, 0.75)"
2026-06-08 00:00:00+00:00,16.77,17.03,16.5894,16.93,87762,0.0,0.0,0.0,0.0,0.0,0.0,0.0,0.0,16.596565906027294,,,19.231614892877772,19.15472933523507,18.812645755962453,17.015079182918846,18.84954302486388,,,,17.525947042128568,,,,16.596565906027294,18.78563570149386,18.84954302486388,"rgba(239, 83, 80, 0.75)"
2026-06-09 00:00:00+00:00,16.75,17.12,16.69,16.81,234502,0.0,0.0,0.0,0.0,0.0,0.0,0.0,0.0,16.65475874074375,,,19.212290151592327,19.136649181252874,18.799301656980653,17.000326918054654,18.82827589938176,,,,17.47625443331583,,,,16.65475874074375,18.772571781785526,18.82827589938176,"rgba(239, 83, 80, 0.75)"
2026-06-10 00:00:00+00:00,17.0,17.26,16.75,16.85,141938,0.0,0.0,0.0,0.0,0.0,0.0,0.0,0.0,16.696807126256257,,,19.201479320488183,19.12655298402194,18.79192856314242,17.000484203977074,18.816583263285988,,,,17.456011753547987,,,,16.696807126256257,18.7653613155448,18.816583263285988,"rgba(239, 83, 80, 0.75)"
2026-06-11 00:00:00+00:00,16.86,17.25,16.71,17.01,96283,0.0,0.0,0.0,0.0,0.0,0.0,0.0,0.0,16.71520200629468,,,19.19399631626282,19.119555827384175,18.786785539907946,16.998411256194977,18.808462468361434,,,,17.441451817883436,,,,16.71520200629468,18.76032888520639,18.808462468361434,"rgba(239, 83, 80, 0.75)"
2026-06-12 00:00:00+00:00,17.01,17.445,16.88,17.16,184565,0.0,0.0,0.0,0.0,0.0,0.0,0.0,0.0,16.765407084635797,,,19.180871699554636,19.107314031696006,18.777915331900914,17.005393118914984,18.794502890355815,,,,17.424529732124697,,,,16.765407084635797,18.75166183660635,18.794502890355815,#000000
2026-06-15 00:00:00+00:00,16.67,17.1306,16.61,16.93,217524,0.0,0.0,0.0,0.0,0.0,0.0,0.0,0.0,16.770358305472904,,,19.163342108216153,19.09087808017665,18.76566986833143,16.991720251257338,18.775383481948705,,,,17.389116219664263,,,,16.770358305472904,18.739665946445488,18.775383481948705,"rgba(239, 83, 80, 0.5)"
2026-06-16 00:00:00+00:00,17.15,18.07,16.69,16.85,331650,0.0,0.0,0.0,0.0,0.0,0.0,0.0,0.0,16.858445295529997,,,19.142663876581125,19.07164340057541,18.751971251518682,17.020888859366487,18.754141615322464,,,,17.382254307122338,,,,16.858445295529997,18.72630662348451,18.754141615322464,#000000
2026-06-17 00:00:00+00:00,17.5,17.5,16.86,16.95,159136,0.0,0.0,0.0,0.0,0.0,0.0,0.0,0.0,16.889909591951,,,19.132815750323164,19.062474601357295,18.745414359899794,17.032313073549624,18.744050654921658,,,,17.378721032845203,,,,16.889909591951,18.719910190539906,18.744050654921658,#000000
