date,Close,High,Low,Open,Volume,OB_c0,OB_High_c0,OB_Low_c0,OB_Mitigated_Index_c0,OB,OB_High,OB_Low,OB_Mitigated_Index,aVWAP_OB_bull_c0_202,aVWAP_OB_bull_c0_159,aVWAP_OB_bear_c0_1,aVWAP_QQEMOD_bull_dot_c0_105,aVWAP_QQEMOD_bull_dot_c0_187,aVWAP_QQEMOD_bull_dot_c0_210,aVWAP_QQEMOD_bear_dot_c0_72,aVWAP_QQEMOD_bear_dot_c0_147,aVWAP_QQEMOD_bear_dot_c0_202,aVWAP_QQEMOD_bear_dot_c0_224,aVWAP_price_maxima_minima_valley_c0_1,aVWAP_price_maxima_minima_peak_c0_1,color
2025-07-24 00:00:00+00:00,26.2833043854,29.209181666,25.7278836135,28.2669499994,22487719,0.0,0.0,0.0,0.0,0.0,0.0,0.0,0.0,,,,,,,,,,,,,#000000
2025-07-25 00:00:00+00:00,29.5464014204,30.9250351221,25.9064117187,26.0254304556,5951817,-1.0,30.925035,25.906412,0.0,-1.0,30.925035,25.906412,0.0,,,28.792616087066666,,,,,,,,,28.792616087066666,"rgba(38, 166, 154, 0.5)"
2025-07-28 00:00:00+00:00,29.2389363502,30.6869976484,28.8719619116,29.5265649642,2376304,0.0,0.0,0.0,0.0,0.0,0.0,0.0,0.0,,,29.022790813094673,,,,,,,,,29.022790813094673,"rgba(38, 166, 154, 0.5)"
2025-07-29 00:00:00+00:00,28.1479312625,29.4050666704,27.4338188415,28.7628614029,1603865,0.0,0.0,0.0,0.0,0.0,0.0,0.0,0.0,,,28.910744263812408,,,,,,,,,28.910744263812408,"rgba(38, 166, 154, 0.5)"
2025-07-30 00:00:00+00:00,26.9577438941,28.8223707713,26.5411783152,27.7809568239,4192379,0.0,0.0,0.0,0.0,0.0,0.0,0.0,0.0,,,28.474327442402075,,,,,,,,,28.474327442402075,"rgba(38, 166, 154, 0.5)"
2025-07-31 00:00:00+00:00,27.3148001046,28.1479312625,26.5808512275,26.9081527538,1407410,0.0,0.0,0.0,0.0,0.0,0.0,0.0,0.0,,,28.372252803419144,,,,,,,,,28.372252803419144,"rgba(38, 166, 154, 0.5)"
2025-08-01 00:00:00+00:00,26.6403605959,27.7313656836,25.9064117187,26.7891340169,920041,0.0,0.0,0.0,0.0,0.0,0.0,0.0,0.0,,,28.28205548290187,,,,,,,,,28.28205548290187,"rgba(38, 166, 154, 0.5)"
2025-08-04 00:00:00+00:00,26.8288069292,27.4239006134,26.2833043854,26.4320778064,591439,0.0,0.0,0.0,0.0,0.0,0.0,0.0,0.0,,,28.232198154600603,,,,,,,,,28.232198154600603,"rgba(38, 166, 154, 0.5)"
2025-08-05 00:00:00+00:00,28.1677677187,28.2570317713,26.7792157889,26.7792157889,590175,0.0,0.0,0.0,0.0,0.0,0.0,0.0,0.0,,,28.21554639483805,,,,,,,,,28.21554639483805,"rgba(38, 166, 154, 0.5)"
2025-08-06 00:00:00+00:00,28.7132702625,28.9801697799,27.9594849292,28.7231884906,1162131,0.0,0.0,0.0,0.0,0.0,0.0,0.0,0.0,,,28.236285971025424,,,,,,,,,28.236285971025424,"rgba(38, 166, 154, 0.5)"
2025-08-07 00:00:00+00:00,27.0172532625,28.7430249467,26.9577438941,28.2471135432,647971,0.0,0.0,0.0,0.0,0.0,0.0,0.0,0.0,,,28.2141705811793,,,,,,,,,28.2141705811793,"rgba(38, 166, 154, 0.5)"
2025-08-08 00:00:00+00:00,27.3048818766,28.2570317713,26.3229772977,27.0073350345,745463,0.0,0.0,0.0,0.0,0.0,0.0,0.0,0.0,,,28.180229577299162,,,,,,,,,28.180229577299162,"rgba(38, 166, 154, 0.5)"
2025-08-11 00:00:00+00:00,27.2949636485,28.3413367099,26.9577438941,27.1759449117,601494,0.0,0.0,0.0,0.0,0.0,0.0,0.0,0.0,,,28.16145665065803,,,,,,,,,28.16145665065803,#000000
2025-08-12 00:00:00+00:00,28.3165411397,28.5942515257,26.5808512275,26.8783980696,619917,0.0,0.0,0.0,0.0,0.0,0.0,0.0,0.0,,,28.1518755189354,,,,,,,,,28.1518755189354,"rgba(38, 166, 154, 0.5)"
2025-08-13 00:00:00+00:00,28.5644968415,28.8322889993,28.1380130345,28.2669499994,290450,0.0,0.0,0.0,0.0,0.0,0.0,0.0,0.0,,,28.15669016157602,,,,,,,,,28.15669016157602,"rgba(38, 166, 154, 0.5)"
2025-08-14 00:00:00+00:00,28.0983401222,28.6537608941,27.5627558064,28.2967046836,322474,0.0,0.0,0.0,0.0,0.0,0.0,0.0,0.0,,,28.15593259569098,,,,,,,,,28.15593259569098,"rgba(38, 166, 154, 0.5)"
2025-08-15 00:00:00+00:00,28.0983401222,28.5248239292,27.6718563152,27.9495667011,324045,0.0,0.0,0.0,0.0,0.0,0.0,0.0,0.0,,,28.155097484047115,,,,,,,,,28.155097484047115,"rgba(38, 166, 154, 0.5)"
2025-08-18 00:00:00+00:00,28.3165411397,29.0504900169,27.8801391046,27.8801391046,399429,0.0,0.0,0.0,0.0,0.0,0.0,0.0,0.0,,,28.159674019596086,,,,,,,,,28.159674019596086,"rgba(38, 166, 154, 0.5)"
2025-08-19 00:00:00+00:00,29.1496722976,29.6951748414,27.8850982187,28.3165411397,661285,0.0,0.0,0.0,0.0,0.0,0.0,0.0,0.0,,,28.18087042188421,,,,,,,,,28.18087042188421,"rgba(38, 166, 154, 0.5)"
2025-08-20 00:00:00+00:00,29.7546842099,30.2258000432,28.356214052,28.9612259643,1238006,0.0,0.0,0.0,0.0,0.0,0.0,0.0,0.0,,,28.244397761196424,,,,,,,,,28.244397761196424,"rgba(38, 166, 154, 0.5)"
2025-08-21 00:00:00+00:00,29.4571373678,29.8985976991,28.8322889993,29.7546842099,681960,0.0,0.0,0.0,0.0,0.0,0.0,0.0,0.0,,,28.275404963822254,,,,,,,,,28.275404963822254,"rgba(38, 166, 154, 0.5)"
2025-08-22 00:00:00+00:00,29.8042753502,30.1018221923,29.1146609525,29.1794269818,753660,0.0,0.0,0.0,0.0,0.0,0.0,0.0,0.0,,,28.315806955948904,,,,,,,,,28.315806955948904,"rgba(38, 166, 154, 0.5)"
2025-08-25 00:00:00+00:00,29.6059107888,30.0224763677,29.209181666,29.7150112976,654948,0.0,0.0,0.0,0.0,0.0,0.0,0.0,0.0,,,28.347571635814454,,,,,,,,,28.347571635814454,"rgba(38, 166, 154, 0.5)"
2025-08-26 00:00:00+00:00,28.9909806485,29.7546842099,28.4256416485,29.5959925607,902099,0.0,0.0,0.0,0.0,0.0,0.0,0.0,0.0,,,28.37072993734858,,,,,,,,,28.37072993734858,"rgba(38, 166, 154, 0.5)"
2025-08-27 00:00:00+00:00,29.0504900169,29.5464014204,28.6041697537,28.9909806485,919805,0.0,0.0,0.0,0.0,0.0,0.0,0.0,0.0,,,28.39315583309607,,,,,,,,,28.39315583309607,"rgba(38, 166, 154, 0.5)"
2025-08-28 00:00:00+00:00,21.3936179469,28.1677677187,20.421631596,27.7710385959,7346616,0.0,0.0,0.0,0.0,0.0,0.0,0.0,0.0,,,27.356699300164095,,,,,,,,,27.356699300164095,"rgba(239, 83, 80, 0.5)"
2025-08-29 00:00:00+00:00,19.8860472803,21.4828819995,18.1106844557,21.3241903504,4458293,0.0,0.0,0.0,0.0,0.0,0.0,0.0,0.0,,,26.52496553653915,,,,,,,,,26.52496553653915,"rgba(239, 83, 80, 0.5)"
2025-09-02 00:00:00+00:00,21.0464799644,21.5027184557,19.5587457539,19.8364561399,1911835,0.0,0.0,0.0,0.0,0.0,0.0,0.0,0.0,,,26.261660310077705,,,,,,,,,26.261660310077705,"rgba(239, 83, 80, 0.5)"
2025-09-03 00:00:00+00:00,20.3522039995,21.0762346486,19.9058837364,20.6695872978,1462362,0.0,0.0,0.0,0.0,0.0,0.0,0.0,0.0,,,26.067173664417528,,,,,,,,,26.067173664417528,"rgba(239, 83, 80, 0.5)"
2025-09-04 00:00:00+00:00,20.3918769118,20.6424113529,19.7769467715,20.3522039995,1236115,0.0,0.0,0.0,0.0,0.0,0.0,0.0,0.0,,,25.907848316018278,,,,,,,,,25.907848316018278,"rgba(239, 83, 80, 0.5)"
2025-09-05 00:00:00+00:00,19.985229561,20.560486789,19.8215787978,20.560486789,809108,0.0,0.0,0.0,0.0,0.0,0.0,0.0,0.0,,,25.80560430649862,,,,,,,,,25.80560430649862,"rgba(239, 83, 80, 0.5)"
2025-09-08 00:00:00+00:00,20.0546571574,20.3125310873,19.7720868397,19.8364561399,924184,0.0,0.0,0.0,0.0,0.0,0.0,0.0,0.0,,,25.69164853486407,,,,,,,,,25.69164853486407,"rgba(239, 83, 80, 0.5)"
2025-09-09 00:00:00+00:00,19.9158019645,20.0893709557,19.142180175,19.9356384206,1644760,0.0,0.0,0.0,0.0,0.0,0.0,0.0,0.0,,,25.488370596487453,,,,,,,,,25.488370596487453,"rgba(239, 83, 80, 0.5)"
2025-09-10 00:00:00+00:00,19.4893181575,20.3373266574,19.281035368,19.6480098066,1626946,0.0,0.0,0.0,0.0,0.0,0.0,0.0,0.0,,,25.300026659771518,,,,,,,,,25.300026659771518,"rgba(239, 83, 80, 0.5)"
2025-09-11 00:00:00+00:00,18.5470864908,19.6827236048,18.4776588943,19.4397270171,1017613,0.0,0.0,0.0,0.0,0.0,0.0,0.0,0.0,,,25.172366335841776,,,,,,,,,25.172366335841776,"rgba(239, 83, 80, 0.5)"
2025-09-12 00:00:00+00:00,17.0692705084,18.5966776312,16.8808241751,18.5966776312,1835892,0.0,0.0,0.0,0.0,0.0,0.0,0.0,0.0,,,24.906297749032845,,,,,,,,,24.906297749032845,"rgba(239, 83, 80, 0.5)"
2025-09-15 00:00:00+00:00,17.4263267189,17.7536282452,16.9601699996,17.1089434207,1120872,0.0,0.0,0.0,0.0,0.0,0.0,0.0,0.0,,,24.749940470755824,,,,,,,,,24.749940470755824,"rgba(239, 83, 80, 0.5)"
2025-09-16 00:00:00+00:00,16.8113965786,17.4659996312,16.44442214,17.2180439294,1038194,0.0,0.0,0.0,0.0,0.0,0.0,0.0,0.0,,,24.60187701167179,,,,,,,,,24.60187701167179,"rgba(239, 83, 80, 0.5)"
2025-09-17 00:00:00+00:00,16.3353216312,17.2081257014,16.1964664382,16.9105788593,1307656,0.0,0.0,0.0,0.0,0.0,0.0,0.0,0.0,,,24.415552374122313,,,,,,,,,24.415552374122313,"rgba(239, 83, 80, 0.5)"
2025-09-18 00:00:00+00:00,16.9601699996,16.9899246838,16.1270388417,16.6328684733,1098314,0.0,0.0,0.0,0.0,0.0,0.0,0.0,0.0,,,24.267767256648067,,,,,,,,,24.267767256648067,"rgba(239, 83, 80, 0.5)"
2025-09-19 00:00:00+00:00,16.1865482102,16.9899246838,16.017938333,16.7221325259,482219,0.0,0.0,0.0,0.0,0.0,0.0,0.0,0.0,,,24.202202036142662,,,,,,,,,24.202202036142662,"rgba(239, 83, 80, 0.5)"
2025-09-22 00:00:00+00:00,15.9286742803,16.2758122628,15.7699826312,15.9881836488,581202,0.0,0.0,0.0,0.0,0.0,0.0,0.0,0.0,,,24.120573206884504,,,,,,,,,24.120573206884504,"rgba(239, 83, 80, 0.5)"
2025-09-23 00:00:00+00:00,15.8294919996,16.3452398593,15.740227947,16.017938333,403300,0.0,0.0,0.0,0.0,0.0,0.0,0.0,0.0,,,24.06474185442474,,,,,,,,,24.06474185442474,"rgba(239, 83, 80, 0.5)"
2025-09-24 00:00:00+00:00,15.3038259119,15.9881836488,15.3038259119,15.7997373154,569667,0.0,0.0,0.0,0.0,0.0,0.0,0.0,0.0,,,23.982955738649743,,,,,,,,,23.982955738649743,"rgba(239, 83, 80, 0.5)"
2025-09-25 00:00:00+00:00,15.5021904733,15.5319451575,14.7979962804,15.164970719,899898,0.0,0.0,0.0,0.0,0.0,0.0,0.0,0.0,,,23.85310883850762,,,,,,,,,23.85310883850762,"rgba(239, 83, 80, 0.5)"
2025-09-26 00:00:00+00:00,14.6988139997,15.6460047803,14.6789775435,15.5021904733,766800,0.0,0.0,0.0,0.0,0.0,0.0,0.0,0.0,,,23.742103344697274,,,,,,,,,23.742103344697274,"rgba(239, 83, 80, 0.5)"
2025-09-29 00:00:00+00:00,14.3715124734,15.2244800874,14.2128208242,14.9368514733,1771707,0.0,0.0,0.0,0.0,0.0,0.0,0.0,0.0,,,23.484565924636403,,,,,,,,,23.484565924636403,"rgba(239, 83, 80, 0.5)"
2025-09-30 00:00:00+00:00,14.7682415962,15.1054613505,14.2921666488,14.4806129821,2115452,0.0,0.0,0.0,0.0,0.0,0.0,0.0,0.0,,,23.199328624722753,,,,,,,,,23.199328624722753,"rgba(239, 83, 80, 0.5)"
2025-10-01 00:00:00+00:00,14.0541291751,14.7930371663,13.9202330962,14.6789775435,1578875,0.0,0.0,0.0,0.0,0.0,0.0,0.0,0.0,,,22.987199020549262,,,,,,,,,22.987199020549262,"rgba(239, 83, 80, 0.5)"
2025-10-02 00:00:00+00:00,13.5978906839,14.2227390523,12.7746777541,14.2227390523,3277529,0.0,0.0,0.0,0.0,0.0,0.0,0.0,0.0,,,22.543489378873602,,,,,,,,,22.543489378873602,"rgba(239, 83, 80, 0.5)"
2025-10-03 00:00:00+00:00,14.7781598242,15.0211564119,13.5185448593,13.6871547365,1887716,0.0,0.0,0.0,0.0,0.0,0.0,0.0,0.0,,,22.3302163887731,,,,,,,,,22.3302163887731,"rgba(239, 83, 80, 0.5)"
2025-10-06 00:00:00+00:00,14.8773421049,15.6212092102,14.4508582979,15.5220269295,1851797,0.0,0.0,0.0,0.0,0.0,0.0,0.0,0.0,,,22.145320284878935,,,,,,,,,22.145320284878935,"rgba(239, 83, 80, 0.75)"
2025-10-07 00:00:00+00:00,14.2524937365,15.1054613505,14.173147912,14.8475874207,1299208,0.0,0.0,0.0,0.0,0.0,0.0,0.0,0.0,,,22.012854549548443,,,,,,,,,22.012854549548443,"rgba(239, 83, 80, 0.75)"
2025-10-08 00:00:00+00:00,14.8575056488,15.4377219909,14.3318395611,14.3318395611,1421045,0.0,0.0,0.0,0.0,0.0,0.0,0.0,0.0,,,21.879935336710325,,,,,,,,,21.879935336710325,"rgba(239, 83, 80, 0.75)"
2025-10-09 00:00:00+00:00,14.5202858944,15.0458527998,14.5202858944,14.8178327365,1173243,0.0,0.0,0.0,0.0,0.0,0.0,0.0,0.0,,,21.7711402156855,,,,,,,,,21.7711402156855,"rgba(239, 83, 80, 0.75)"
2025-10-10 00:00:00+00:00,13.8855192979,14.6789775435,13.8855192979,14.4706947541,754439,0.0,0.0,0.0,0.0,0.0,0.0,0.0,0.0,,,21.697644412458448,,,,,,,,,21.697644412458448,"rgba(239, 83, 80, 0.75)"
2025-10-13 00:00:00+00:00,13.9351104383,14.0144562628,13.6971721469,13.8855192979,570132,0.0,0.0,0.0,0.0,0.0,0.0,0.0,0.0,,,21.641099735009004,,,,,,,,,21.641099735009004,"rgba(239, 83, 80, 0.75)"
2025-10-14 00:00:00+00:00,14.4211036137,14.9269332453,13.6871547365,13.8756010699,855880,0.0,0.0,0.0,0.0,0.0,0.0,0.0,0.0,,,21.562707415423414,,,,,,,,,21.562707415423414,"rgba(239, 83, 80, 0.75)"
2025-10-15 00:00:00+00:00,13.8855192979,14.7087322277,13.8656828418,14.609549947,1046326,0.0,0.0,0.0,0.0,0.0,0.0,0.0,0.0,,,21.466644438373486,,,,,,,,,21.466644438373486,"rgba(239, 83, 80, 0.75)"
2025-10-16 00:00:00+00:00,13.0226334558,14.0132660755,12.9432876313,13.9152739821,769405,0.0,0.0,0.0,0.0,0.0,0.0,0.0,0.0,,,21.38977068600673,,,,,,,,,21.38977068600673,"rgba(239, 83, 80, 0.75)"
2025-10-17 00:00:00+00:00,12.8143506664,13.037510798,12.4473762278,12.9432876313,806754,0.0,0.0,0.0,0.0,0.0,0.0,0.0,0.0,,,21.30521872516676,,,,,,,,,21.30521872516676,"rgba(239, 83, 80, 1.0)"
2025-10-20 00:00:00+00:00,12.6358225611,13.090176589,12.3531530611,12.8837782629,757992,0.0,0.0,0.0,0.0,0.0,0.0,0.0,0.0,,,21.22660458131616,,,,,,,,,21.22660458131616,"rgba(239, 83, 80, 1.0)"
2025-10-21 00:00:00+00:00,12.6556590173,13.082043642,12.3977850874,12.6457407892,764837,0.0,0.0,0.0,0.0,0.0,0.0,0.0,0.0,,,21.148893346053363,,,,,,,,,21.148893346053363,"rgba(239, 83, 80, 1.0)"
2025-10-22 00:00:00+00:00,12.3977850874,12.7350048418,11.9960968506,12.5961496488,1340559,0.0,0.0,0.0,0.0,0.0,0.0,0.0,0.0,,,21.01077110240321,,,,,,,,,21.01077110240321,"rgba(239, 83, 80, 1.0)"
2025-10-23 00:00:00+00:00,12.2986028067,12.6655772453,12.1200747015,12.3977850874,1278576,0.0,0.0,0.0,0.0,0.0,0.0,0.0,0.0,,,20.88280750879353,,,,,,,,,20.88280750879353,"rgba(239, 83, 80, 1.0)"
2025-10-24 00:00:00+00:00,12.3680304032,12.5267220523,12.1399111576,12.338275719,756365,0.0,0.0,0.0,0.0,0.0,0.0,0.0,0.0,,,20.808731881136236,,,,,,,,,20.808731881136236,"rgba(239, 83, 80, 1.0)"
2025-10-27 00:00:00+00:00,12.5961496488,12.764759526,12.2936436927,12.4572944559,747109,0.0,0.0,0.0,0.0,0.0,0.0,0.0,0.0,,,20.73856965310876,,,,,,,,,20.73856965310876,"rgba(239, 83, 80, 1.0)"
2025-10-28 00:00:00+00:00,12.2688481225,12.5663949646,12.2341343243,12.5564767366,775452,0.0,0.0,0.0,0.0,0.0,0.0,0.0,0.0,,,20.665290454299246,,,,,,,,,20.665290454299246,"rgba(239, 83, 80, 1.0)"
2025-10-29 00:00:00+00:00,11.6439997541,12.3977850874,11.5844903857,12.2093387541,502867,0.0,0.0,0.0,0.0,0.0,0.0,0.0,0.0,,,20.61573943429172,,,,,,,,,20.61573943429172,"rgba(239, 83, 80, 1.0)"
2025-10-30 00:00:00+00:00,11.2571888594,11.763018491,11.2472706313,11.5646539296,538170,0.0,0.0,0.0,0.0,0.0,0.0,0.0,0.0,,,20.560608748591825,,,,,,,,,20.560608748591825,"rgba(239, 83, 80, 1.0)"
2025-10-31 00:00:00+00:00,11.5249810173,11.6489588682,11.1580065787,11.2472706313,591809,0.0,0.0,0.0,0.0,0.0,0.0,0.0,0.0,,,20.500882375863608,,,,,,,,,20.500882375863608,"rgba(239, 83, 80, 1.0)"
2025-11-03 00:00:00+00:00,11.2770253155,11.6737544383,11.1580065787,11.5348992454,824939,0.0,0.0,0.0,0.0,0.0,0.0,0.0,0.0,,,20.418248866346335,,,,,,,,,20.418248866346335,"rgba(239, 83, 80, 1.0)"
2025-11-04 00:00:00+00:00,11.9713012804,12.0704835611,11.1084154383,11.1084154383,2200179,0.0,0.0,0.0,0.0,0.0,0.0,0.0,0.0,,,20.213180927754536,,,,11.7167334266,,,,,20.213180927754536,"rgba(239, 83, 80, 0.5)"
2025-11-05 00:00:00+00:00,12.2093387541,12.4622535699,11.7828549471,12.0407288769,1982420,0.0,0.0,0.0,0.0,0.0,0.0,0.0,0.0,,,20.045554831307896,,,,11.922790738532358,,,,,20.045554831307896,"rgba(239, 83, 80, 0.5)"
2025-11-06 00:00:00+00:00,11.9514648243,12.3481939471,11.8076505173,12.2093387541,742403,0.0,0.0,0.0,0.0,0.0,0.0,0.0,0.0,,,19.98366613658873,,,,11.939821384738718,,,,,19.98366613658873,"rgba(239, 83, 80, 0.5)"
2025-11-07 00:00:00+00:00,12.5366402804,12.5465585085,11.6142450699,11.6935908945,713151,0.0,0.0,0.0,0.0,0.0,0.0,0.0,0.0,,,19.92655920599138,,,,11.976838950852045,,,,,19.92655920599138,"rgba(239, 83, 80, 0.5)"
2025-11-10 00:00:00+00:00,12.189502298,12.5267220523,11.8448438725,12.5267220523,1703046,0.0,0.0,0.0,0.0,0.0,0.0,0.0,0.0,,,19.792743834917044,,,,12.025598378700654,,,,,19.792743834917044,"rgba(239, 83, 80, 0.5)"
2025-11-11 00:00:00+00:00,12.4374579997,12.6655772453,12.1299929296,12.2787663506,1271967,0.0,0.0,0.0,0.0,0.0,0.0,0.0,0.0,,,19.698635818515093,,,,12.082514742527817,,,,,19.698635818515093,"rgba(239, 83, 80, 0.5)"
2025-11-12 00:00:00+00:00,12.4969673681,12.6854137015,12.1299929296,12.5961496488,1587438,0.0,0.0,0.0,0.0,0.0,0.0,0.0,0.0,,,19.584914818405668,,,,12.137751708332177,,,,,19.584914818405668,#000000
2025-11-13 00:00:00+00:00,13.6474818243,13.7764187892,12.5763131927,12.754841298,2820512,0.0,0.0,0.0,0.0,0.0,0.0,0.0,0.0,,,19.415664402515606,,,,12.396742822044155,,,,,19.415664402515606,"rgba(38, 166, 154, 1.0)"
2025-11-14 00:00:00+00:00,13.4491172629,13.7268276488,12.9432876313,13.607808912,1839111,0.0,0.0,0.0,0.0,0.0,0.0,0.0,0.0,,,19.310843506564783,,,,12.517574615008732,,,,,19.310843506564783,"rgba(38, 166, 154, 1.0)"
2025-11-17 00:00:00+00:00,12.8242688944,13.7863370172,12.5862314208,13.4491172629,1268758,0.0,0.0,0.0,0.0,0.0,0.0,0.0,0.0,,,19.236988855369802,,,,12.56068503888255,,,,,19.236988855369802,"rgba(38, 166, 154, 1.0)"
2025-11-18 00:00:00+00:00,13.5879724558,13.607808912,12.7052501576,13.0920610523,1152952,0.0,0.0,0.0,0.0,0.0,0.0,0.0,0.0,,,19.173869774779472,,,,12.610030844051341,,,,,19.173869774779472,"rgba(38, 166, 154, 1.0)"
2025-11-19 00:00:00+00:00,13.2705891576,13.5879724558,13.0275925699,13.5879724558,1447506,0.0,0.0,0.0,0.0,0.0,0.0,0.0,0.0,,,19.096435119889858,,,,12.66299845546409,,,,,19.096435119889858,"rgba(38, 166, 154, 1.0)"
2025-11-20 00:00:00+00:00,12.7449230699,13.61772714,12.7250866137,13.468953719,796100,0.0,0.0,0.0,0.0,0.0,0.0,0.0,0.0,,,19.052796621960887,,,,12.677931169910376,,,,,19.052796621960887,"rgba(38, 166, 154, 1.0)"
2025-11-21 00:00:00+00:00,12.8540235787,13.2663243195,12.6556590173,12.8936964909,803095,0.0,0.0,0.0,0.0,0.0,0.0,0.0,0.0,,,19.008657637595082,,,,12.687705031381174,,,,,19.008657637595082,#000000
2025-11-24 00:00:00+00:00,13.5978906839,13.7069911927,12.8441053506,12.8936964909,1391522,0.0,0.0,0.0,0.0,0.0,0.0,0.0,0.0,,,18.939306835290658,,,,12.732249469395365,,,,,18.939306835290658,"rgba(38, 166, 154, 0.75)"
2025-11-25 00:00:00+00:00,14.2624119646,14.4062262716,13.4094443506,13.5879724558,1093489,0.0,0.0,0.0,0.0,0.0,0.0,0.0,0.0,,,18.892167140223414,,,,12.794261998673173,,,,,18.892167140223414,"rgba(38, 166, 154, 1.0)"
2025-11-26 00:00:00+00:00,14.4706947541,14.7285686839,14.1433932278,14.3715124734,810713,0.0,0.0,0.0,0.0,0.0,0.0,0.0,0.0,,,18.860774787586433,,,,12.850997663186353,,,,,18.860774787586433,"rgba(38, 166, 154, 1.0)"
2025-11-28 00:00:00+00:00,14.4508582979,14.7124019721,14.3516760172,14.5500405786,311748,0.0,0.0,0.0,0.0,0.0,0.0,0.0,0.0,,,18.848976584641633,,,,12.872539396563983,,,,,18.848976584641633,"rgba(38, 166, 154, 1.0)"
2025-12-01 00:00:00+00:00,14.599631719,14.6888957716,14.0838838593,14.3417577891,741723,0.0,0.0,0.0,0.0,0.0,0.0,0.0,0.0,,,18.8208569237297,,,,12.920176472952457,,,,,18.8208569237297,"rgba(38, 166, 154, 1.0)"
2025-12-02 00:00:00+00:00,14.4111853856,14.7285686839,14.1880252541,14.6690593155,1337723,0.0,0.0,0.0,0.0,0.0,0.0,0.0,0.0,,,18.770872314440208,,,,12.998459318343397,,,,,18.770872314440208,"rgba(38, 166, 154, 1.0)"
2025-12-03 00:00:00+00:00,14.034292719,14.7583233681,14.0045380348,14.5500405786,722219,0.0,0.0,0.0,0.0,0.0,0.0,0.0,0.0,,,18.743274280786782,,,,13.032689478749546,,,,,18.743274280786782,"rgba(38, 166, 154, 1.0)"
2025-12-04 00:00:00+00:00,14.9269332453,15.2145618593,14.316962219,14.316962219,1065974,0.0,0.0,0.0,0.0,0.0,0.0,0.0,0.0,,,18.708114781121868,,,,13.101193851832535,,,,,18.708114781121868,"rgba(38, 166, 154, 1.0)"
2025-12-05 00:00:00+00:00,15.1153795786,15.3633352804,14.6684642218,15.0161972979,829385,0.0,0.0,0.0,0.0,0.0,0.0,0.0,0.0,,,18.682781100710333,,,,13.157615573296008,,,,,18.682781100710333,"rgba(38, 166, 154, 1.0)"
2025-12-08 00:00:00+00:00,14.7087322277,15.3534170523,14.2822484207,15.1252978067,1289887,0.0,0.0,0.0,0.0,0.0,0.0,0.0,0.0,,,18.641220243788528,,,,13.227614636113302,,,,,18.641220243788528,"rgba(38, 166, 154, 1.0)"
2025-12-09 00:00:00+00:00,15.2443165435,15.2740712277,14.5401223505,14.8674238769,552841,0.0,0.0,0.0,0.0,0.0,0.0,0.0,0.0,,,18.624759171745392,,,,13.260120018953229,,,,,18.624759171745392,"rgba(38, 166, 154, 1.0)"
2025-12-10 00:00:00+00:00,15.2839894558,15.2939076839,14.7979962804,15.2244800874,736983,0.0,0.0,0.0,0.0,0.0,0.0,0.0,0.0,,,18.603683637175237,,,,13.304159718684124,,,,,18.603683637175237,"rgba(38, 166, 154, 1.0)"
2025-12-11 00:00:00+00:00,15.601372754,15.87908314,15.1947254032,15.3633352804,1461529,0.0,0.0,0.0,0.0,0.0,0.0,0.0,0.0,,,18.567741840248953,,,,13.404991900887516,,,,,18.567741840248953,"rgba(38, 166, 154, 1.0)"
2025-12-12 00:00:00+00:00,15.5418633856,16.017938333,15.3038259119,15.8394102277,1243808,0.0,0.0,0.0,0.0,0.0,0.0,0.0,0.0,,,18.53844047099272,,,,13.486262436525891,,,,,18.53844047099272,"rgba(38, 166, 154, 1.0)"
2025-12-15 00:00:00+00:00,15.2641529997,15.7380459368,15.1451342628,15.5517816137,1443242,0.0,0.0,0.0,0.0,0.0,0.0,0.0,0.0,,,18.502439322069186,,,,13.563653252263164,,,,,18.502439322069186,"rgba(38, 166, 154, 1.0)"
2025-12-16 00:00:00+00:00,15.2244800874,15.5616998418,14.9566879295,15.3038259119,687252,0.0,0.0,0.0,0.0,0.0,0.0,0.0,0.0,,,18.484854798376013,,,,13.595757380459663,,,,,18.484854798376013,"rgba(38, 166, 154, 0.75)"
2025-12-17 00:00:00+00:00,15.6212092102,15.6509638944,14.9765243856,15.2740712277,930180,0.0,0.0,0.0,0.0,0.0,0.0,0.0,0.0,,,18.46257894500145,,,,13.641550293676216,,,,,18.46257894500145,"rgba(38, 166, 154, 0.75)"
2025-12-18 00:00:00+00:00,15.6906368067,16.027856561,15.5021904733,15.6608821225,844590,0.0,0.0,0.0,0.0,0.0,0.0,0.0,0.0,,,18.444752661638667,,,,13.688413346799953,,,,,18.444752661638667,"rgba(38, 166, 154, 0.75)"
2025-12-19 00:00:00+00:00,16.1766299821,16.1865482102,15.4426811049,15.6807185786,849071,0.0,0.0,0.0,0.0,0.0,0.0,0.0,0.0,,,18.428341225647006,,,,13.737744368560536,,,,,18.428341225647006,"rgba(38, 166, 154, 1.0)"
2025-12-22 00:00:00+00:00,17.00976114,17.1783710172,16.0377747891,16.3254034031,1820451,0.0,0.0,0.0,0.0,0.0,0.0,0.0,0.0,,,18.40502241389983,16.741968982099998,,,13.872805935347701,,,,,18.40502241389983,"rgba(38, 166, 154, 1.0)"
2025-12-23 00:00:00+00:00,16.7419689821,17.0791887365,16.0576112453,16.8609877189,1277407,0.0,0.0,0.0,0.0,0.0,0.0,0.0,0.0,,,18.38792901250692,16.694254670180424,,,13.957010992093496,,,,,18.38792901250692,"rgba(38, 166, 154, 1.0)"
2025-12-24 00:00:00+00:00,16.7221325259,17.158534561,16.6229502452,16.8510694908,382950,0.0,0.0,0.0,0.0,0.0,0.0,0.0,0.0,,,18.383466765931857,16.709688421911913,,,13.983152450519858,,,,,18.383466765931857,"rgba(38, 166, 154, 1.0)"
2025-12-26 00:00:00+00:00,16.3749945435,17.0395158242,16.2658940347,16.7518872101,598172,0.0,0.0,0.0,0.0,0.0,0.0,0.0,0.0,,,18.37532200175604,16.687756765309587,,,14.019209168871305,,,,,18.37532200175604,"rgba(38, 166, 154, 0.75)"
2025-12-29 00:00:00+00:00,16.2956487189,16.6378275873,16.0873659295,16.3650763154,462398,0.0,0.0,0.0,0.0,0.0,0.0,0.0,0.0,,,18.36831908769282,16.652377147772526,,,14.044045135515058,,,,,18.36831908769282,"rgba(38, 166, 154, 0.75)"
2025-12-30 00:00:00+00:00,16.2758122628,16.5138497365,16.0774477014,16.3551580873,494334,0.0,0.0,0.0,0.0,0.0,0.0,0.0,0.0,,,18.36069779130927,16.61670957927277,,,14.069435676830338,,,,,18.36069779130927,"rgba(38, 166, 154, 0.75)"
2025-12-31 00:00:00+00:00,16.2163028944,16.3650763154,15.9931427628,16.2163028944,1031153,0.0,0.0,0.0,0.0,0.0,0.0,0.0,0.0,,,18.344238626201378,16.5444401978171,,,14.118345171051786,,,,,18.344238626201378,"rgba(38, 166, 154, 0.75)"
2026-01-02 00:00:00+00:00,15.4823540172,16.3254034031,15.3038259119,16.1865482102,1865099,0.0,0.0,0.0,0.0,0.0,0.0,0.0,0.0,,,18.308491998215406,16.346788870259278,,,14.181797099495835,,,,,18.308491998215406,"rgba(38, 166, 154, 0.75)"
2026-01-05 00:00:00+00:00,15.5716180698,15.8989195961,15.1897662891,15.5418633856,875273,0.0,0.0,0.0,0.0,0.0,0.0,0.0,0.0,,,18.29109834552922,16.267944446409867,,,14.207082767892542,,,,,18.29109834552922,"rgba(38, 166, 154, 0.75)"
2026-01-06 00:00:00+00:00,15.7203914909,15.7600644032,14.9765243856,15.4228446488,601319,0.0,0.0,0.0,0.0,0.0,0.0,0.0,0.0,,,18.27898280879642,16.217947141300797,,,14.223073110676626,,,,,18.27898280879642,#000000
2026-01-07 00:00:00+00:00,15.4823540172,15.8195737716,15.4426811049,15.7005550347,552008,0.0,0.0,0.0,0.0,0.0,0.0,0.0,0.0,,,18.26833115852981,16.182677664909303,,,14.238492297198098,,,,,18.26833115852981,#000000
2026-01-08 00:00:00+00:00,15.7104732628,15.9187560523,15.452599333,15.6410456663,503996,0.0,0.0,0.0,0.0,0.0,0.0,0.0,0.0,,,18.25908296601097,16.159139133399677,,,14.253420765028828,,,,,18.25908296601097,#000000
2026-01-09 00:00:00+00:00,15.6708003505,16.0576112453,15.4625175611,15.7997373154,704756,0.0,0.0,0.0,0.0,0.0,0.0,0.0,0.0,,,18.246443514265085,16.132081066209334,,,14.274303752049418,,,,,18.246443514265085,#000000
2026-01-12 00:00:00+00:00,15.2244800874,15.6708003505,15.1947254032,15.6212092102,571411,0.0,0.0,0.0,0.0,0.0,0.0,0.0,0.0,,,18.234806738483687,16.094666875569,,,14.286647424966544,,,,,18.234806738483687,"rgba(239, 83, 80, 0.5)"
2026-01-13 00:00:00+00:00,15.3038259119,15.4823540172,14.5797952628,15.2443165435,839920,0.0,0.0,0.0,0.0,0.0,0.0,0.0,0.0,,,18.21644789240669,16.029728299060626,,,14.30033677279326,,,,,18.21644789240669,"rgba(239, 83, 80, 1.0)"
2026-01-14 00:00:00+00:00,15.1352160347,15.2641529997,14.7930371663,15.1252978067,846840,0.0,0.0,0.0,0.0,0.0,0.0,0.0,0.0,,,18.197813727959517,15.968830627706119,,,14.312751651488112,,,,,18.197813727959517,"rgba(239, 83, 80, 1.0)"
2026-01-15 00:00:00+00:00,15.2443165435,16.0060364593,15.2145618593,15.9584289646,749189,0.0,0.0,0.0,0.0,0.0,0.0,0.0,0.0,,,18.183717725354903,15.943436483907302,,,14.329416269303195,,,,,18.183717725354903,"rgba(239, 83, 80, 1.0)"
2026-01-16 00:00:00+00:00,14.9170150172,15.7799008593,14.8674238769,15.1054613505,1302436,0.0,0.0,0.0,0.0,0.0,0.0,0.0,0.0,,,18.156867700802348,15.879882439592539,,,14.350069348127969,,,,,18.156867700802348,"rgba(239, 83, 80, 1.0)"
2026-01-20 00:00:00+00:00,13.9351104383,14.7037731137,13.8656828418,14.6591410874,2165465,0.0,0.0,0.0,0.0,0.0,0.0,0.0,0.0,,,18.098299779808716,15.66981151118572,,,14.343075806067235,,,,,18.098299779808716,"rgba(239, 83, 80, 1.0)"
2026-01-21 00:00:00+00:00,14.599631719,14.7087322277,13.6574000523,13.8855192979,2472809,0.0,0.0,0.0,0.0,0.0,0.0,0.0,0.0,,,18.03602331373569,15.50413019634545,,,14.342186010903074,,,,,18.03602331373569,"rgba(239, 83, 80, 1.0)"
2026-01-22 00:00:00+00:00,14.1433932278,14.8674238769,14.1433932278,14.7384869119,884330,0.0,0.0,0.0,0.0,0.0,0.0,0.0,0.0,,,18.014615890404862,15.456995324981243,,,14.342816583221024,,,,,18.014615890404862,"rgba(239, 83, 80, 1.0)"
2026-01-23 00:00:00+00:00,14.7285686839,14.7979962804,14.0243744909,14.0739656313,974054,0.0,0.0,0.0,0.0,0.0,0.0,0.0,0.0,,,17.992173651033667,15.415330078928546,,,14.34561376685589,,,,,17.992173651033667,"rgba(239, 83, 80, 0.75)"
2026-01-26 00:00:00+00:00,14.4012671576,14.8674238769,14.3367986751,14.7781598242,623273,0.0,0.0,0.0,0.0,0.0,0.0,0.0,0.0,,,17.978038250869957,15.39105541259156,,,14.347541921885961,,,,,17.978038250869957,"rgba(239, 83, 80, 0.75)"
2026-01-27 00:00:00+00:00,13.756582333,14.4806129821,13.4292808067,14.4806129821,796628,0.0,0.0,0.0,0.0,0.0,0.0,0.0,0.0,,,17.95677838108291,15.339904132885318,,,14.341654422058152,,,,,17.95677838108291,"rgba(239, 83, 80, 0.75)"
2026-01-28 00:00:00+00:00,13.7764187892,13.8557646137,13.4987084032,13.7764187892,1749176,0.0,0.0,0.0,0.0,0.0,0.0,0.0,0.0,,,17.908849380699667,15.22654216984501,,,14.32434949576752,,,,,17.908849380699667,"rgba(239, 83, 80, 0.75)"
2026-01-29 00:00:00+00:00,13.7169094207,13.7764187892,13.4193625786,13.7069911927,1139285,0.0,0.0,0.0,0.0,0.0,0.0,0.0,0.0,,,17.877678742463587,15.157667935979758,,,14.312303848621733,,,,,17.877678742463587,"rgba(239, 83, 80, 1.0)"
2026-01-30 00:00:00+00:00,13.5482995436,14.0243744909,13.5482995436,13.7169094207,901794,0.0,0.0,0.0,0.0,0.0,0.0,0.0,0.0,,,17.85372528472292,15.109547022863566,,,14.30401535444591,,,,,17.85372528472292,"rgba(239, 83, 80, 1.0)"
2026-02-02 00:00:00+00:00,12.6556590173,13.6574000523,12.6457407892,13.5978906839,954534,0.0,0.0,0.0,0.0,0.0,0.0,0.0,0.0,,,17.824313950131383,15.037524627478104,,,14.28518913194624,,,,,17.824313950131383,"rgba(239, 83, 80, 1.0)"
2026-02-03 00:00:00+00:00,11.6638362103,12.6967204815,11.2373524033,12.6457407892,1814209,0.0,0.0,0.0,0.0,0.0,0.0,0.0,0.0,,,17.756662863586964,14.845438929706305,,,14.221235326971998,,,,,17.756662863586964,"rgba(239, 83, 80, 1.0)"
2026-02-04 00:00:00+00:00,11.9613830524,12.4176215436,11.1778430348,11.4654716489,1777850,0.0,0.0,0.0,0.0,0.0,0.0,0.0,0.0,,,17.691690923912514,14.677743983047986,,,14.16141513590047,,,,,17.691690923912514,"rgba(239, 83, 80, 1.0)"
2026-02-05 00:00:00+00:00,11.6935908945,12.1597476138,11.5249810173,11.8026914032,1621287,0.0,0.0,0.0,0.0,0.0,0.0,0.0,0.0,,,17.633083555543767,14.53750914249805,,,14.108097844963124,,,,,17.633083555543767,"rgba(239, 83, 80, 1.0)"
2026-02-06 00:00:00+00:00,11.624163298,12.045687991,11.2968617717,11.763018491,1189552,0.0,0.0,0.0,0.0,0.0,0.0,0.0,0.0,,,17.58982524451685,14.43826530936474,,,14.068251183437724,,,,,17.58982524451685,"rgba(239, 83, 80, 1.0)"
2026-02-09 00:00:00+00:00,11.2968617717,11.8126096313,10.8505415085,11.6142450699,1562242,0.0,0.0,0.0,0.0,0.0,0.0,0.0,0.0,,,17.530796850926723,14.303342241757404,,,14.010835633622703,,,,,17.530796850926723,"rgba(239, 83, 80, 1.0)"
2026-02-10 00:00:00+00:00,11.3266164559,11.5420403696,11.063783412,11.336534684,744276,0.0,0.0,0.0,0.0,0.0,0.0,0.0,0.0,,,17.50302293128902,14.242900589608443,,,13.984226813922719,,,,,17.50302293128902,"rgba(239, 83, 80, 1.0)"
2026-02-11 00:00:00+00:00,11.3662893682,11.5844903857,11.0092331576,11.3166982278,1044755,0.0,0.0,0.0,0.0,0.0,0.0,0.0,0.0,,,17.46450922747664,14.162316337210129,,,13.947873627716431,,,,,17.46450922747664,"rgba(239, 83, 80, 1.0)"
2026-02-12 00:00:00+00:00,10.8604597366,11.2571888594,10.5430764384,11.2571888594,1619952,0.0,0.0,0.0,0.0,0.0,0.0,0.0,0.0,,,17.40158824420527,14.028036703584213,,,13.884453743464539,,,,,17.40158824420527,"rgba(239, 83, 80, 1.0)"
2026-02-13 00:00:00+00:00,10.5827493506,10.9695602454,10.4438941577,10.8604597366,1480893,0.0,0.0,0.0,0.0,0.0,0.0,0.0,0.0,,,17.343192345633632,13.906567122332412,,,13.82461701201358,,,,,17.343192345633632,"rgba(239, 83, 80, 1.0)"
2026-02-17 00:00:00+00:00,10.3943030173,10.8872389524,10.1959384559,10.6125040348,981045,0.0,0.0,0.0,0.0,0.0,0.0,0.0,0.0,,,17.304073921633076,13.826775853276288,,,13.784083817616725,,,,,17.304073921633076,"rgba(239, 83, 80, 1.0)"
2026-02-18 00:00:00+00:00,10.4835670699,10.7513592278,10.3149571927,10.3943030173,1593027,0.0,0.0,0.0,0.0,0.0,0.0,0.0,0.0,,,17.2417178451196,13.70574739608726,,,13.720793266614965,,,,,17.2417178451196,"rgba(239, 83, 80, 1.0)"
2026-02-19 00:00:00+00:00,10.4141394734,10.7533428734,10.2357105505,10.5629128945,666254,0.0,0.0,0.0,0.0,0.0,0.0,0.0,0.0,,,17.21578990899046,13.656978270147892,,,13.694651550122202,,,,,17.21578990899046,"rgba(239, 83, 80, 1.0)"
2026-02-20 00:00:00+00:00,10.1761019998,10.4736488419,10.1265108594,10.4141394734,955539,0.0,0.0,0.0,0.0,0.0,0.0,0.0,0.0,,,17.177807815386377,13.585125215022213,,,13.65550316984676,,,,,17.177807815386377,"rgba(239, 83, 80, 1.0)"
2026-02-23 00:00:00+00:00,9.2834614735,10.1959384559,9.2735432454,10.1959384559,952648,0.0,0.0,0.0,0.0,0.0,0.0,0.0,0.0,,,17.136700145943554,13.502528011964811,,,13.609776105267853,,,,,17.136700145943554,"rgba(239, 83, 80, 1.0)"
2026-02-24 00:00:00+00:00,9.3826437542,9.6107629998,9.1049333682,9.3032979296,1023642,0.0,0.0,0.0,0.0,0.0,0.0,0.0,0.0,,,17.091760284763872,13.412758658215258,,,13.559170514449297,9.366113374066666,,,9.366113374066666,17.091760284763872,"rgba(239, 83, 80, 1.0)"
2026-02-25 00:00:00+00:00,10.1562655436,10.2653660524,9.4223166665,9.4223166665,1229869,0.0,0.0,0.0,0.0,0.0,0.0,0.0,0.0,,,17.042464549472605,13.324712364990686,,,,9.683672557329675,,,9.683672557329675,17.042464549472605,"rgba(239, 83, 80, 0.75)"
2026-02-26 00:00:00+00:00,10.6224222629,10.7910321401,10.215774912,10.2554478243,1333981,0.0,0.0,0.0,0.0,0.0,0.0,0.0,0.0,,,16.99418021553229,13.25009867160242,,,,10.003235206831093,,,10.003235206831093,16.99418021553229,"rgba(239, 83, 80, 0.75)"
2026-02-27 00:00:00+00:00,11.7035091225,12.0804017892,10.7116863155,10.8009503682,2100014,0.0,0.0,0.0,0.0,0.0,0.0,0.0,0.0,,,16.930650700792263,13.179131903747225,,,,10.55534804132402,,,10.55534804132402,16.930650700792263,"rgba(239, 83, 80, 0.75)"
2026-03-02 00:00:00+00:00,11.7431820348,11.8175687453,11.1480883506,11.2968617717,852055,0.0,0.0,0.0,0.0,0.0,0.0,0.0,0.0,,,16.905623128399203,13.15310103467308,,,,10.687499047559127,,,10.687499047559127,16.905623128399203,"rgba(239, 83, 80, 0.5)"
2026-03-03 00:00:00+00:00,11.5051445611,11.763018491,11.0935380962,11.6638362103,610859,0.0,0.0,0.0,0.0,0.0,0.0,0.0,0.0,,,16.887437602600816,13.133624845134644,,,,10.75297256564947,,,10.75297256564947,16.887437602600816,#000000
2026-03-04 00:00:00+00:00,11.2373524033,11.887393071,10.9596420173,11.5051445611,1040936,0.0,0.0,0.0,0.0,0.0,0.0,0.0,0.0,,,16.85620397577874,13.09967442877473,,,,10.830297867515055,,,10.830297867515055,16.85620397577874,#000000
2026-03-05 00:00:00+00:00,11.6142450699,11.6340815261,11.1084154383,11.2968617717,1548094,0.0,0.0,0.0,0.0,0.0,0.0,0.0,0.0,,,16.81115724817104,13.054037080218025,,,,10.929157274774845,,,10.929157274774845,16.81115724817104,#000000
2026-03-06 00:00:00+00:00,11.1480883506,11.6638362103,11.0489060699,11.6638362103,969171,0.0,0.0,0.0,0.0,0.0,0.0,0.0,0.0,,,16.78247822016455,13.02391329504831,,,,10.961538295257645,,,10.961538295257645,16.78247822016455,#000000
2026-03-09 00:00:00+00:00,10.8505415085,11.2869435436,10.7166454296,11.2770253155,784969,0.0,0.0,0.0,0.0,0.0,0.0,0.0,0.0,,,16.758062229523787,12.995687319793445,,,,10.960844305181997,,,10.960844305181997,16.758062229523787,#000000
2026-03-10 00:00:00+00:00,10.8009503682,10.9695602454,10.4637306138,10.8009503682,843803,0.0,0.0,0.0,0.0,0.0,0.0,0.0,0.0,,,16.731117371899455,12.963209459904595,,,,10.946064562780647,,,10.946064562780647,16.731117371899455,#000000
2026-03-11 00:00:00+00:00,10.5728311226,10.9001326489,10.4637306138,10.771195684,599385,0.0,0.0,0.0,0.0,0.0,0.0,0.0,0.0,,,16.711808957144147,12.93969653822208,,,,10.932141849315885,,,10.932141849315885,16.711808957144147,"rgba(239, 83, 80, 0.5)"
2026-03-12 00:00:00+00:00,10.6819316313,10.9100508769,10.3843847892,10.5331582103,677573,1.0,10.910051,10.384385,0.0,0.0,0.0,0.0,0.0,,10.658789099133333,16.690176093293584,12.913834352354373,,,,10.91853734896185,,,10.91853734896185,16.690176093293584,"rgba(239, 83, 80, 0.5)"
2026-03-13 00:00:00+00:00,10.6224222629,10.9695602454,10.4845588927,10.8307050524,826475,0.0,0.0,0.0,0.0,0.0,0.0,0.0,0.0,,10.67713766962949,16.664142591331284,12.88352739515894,,,,10.905582528786091,,,10.905582528786091,16.664142591331284,"rgba(239, 83, 80, 0.5)"
2026-03-16 00:00:00+00:00,11.0389878419,11.1629656927,10.5232399822,10.5232399822,658883,0.0,0.0,0.0,0.0,0.0,0.0,0.0,0.0,,10.747585314113492,16.64429506485803,12.862278200059803,,,,10.90570537618638,,,10.90570537618638,16.64429506485803,"rgba(239, 83, 80, 0.5)"
2026-03-17 00:00:00+00:00,11.5348992454,11.6439997541,11.1580065787,11.1580065787,871558,0.0,0.0,0.0,0.0,0.0,0.0,0.0,0.0,,10.948077375910437,16.620689858755753,12.842400852276203,,,,10.93516954775461,,,10.93516954775461,16.620689858755753,#000000
2026-03-18 00:00:00+00:00,11.5646539296,11.7431820348,11.197679491,11.3861258243,1790715,0.0,0.0,0.0,0.0,0.0,0.0,0.0,0.0,,11.15358751075698,16.57337623274125,12.804836832800179,,,,10.992299577849119,,,10.992299577849119,16.57337623274125,"rgba(38, 166, 154, 1.0)"
2026-03-19 00:00:00+00:00,12.0804017892,12.1002382453,10.8207868243,11.6043268418,2308470,0.0,0.0,0.0,0.0,0.0,0.0,0.0,0.0,,11.319774778723087,16.515604487106977,12.765172770245664,,,,11.069918863508489,,,11.069918863508489,16.515604487106977,"rgba(38, 166, 154, 1.0)"
2026-03-20 00:00:00+00:00,12.8441053506,13.2606709295,12.3176458046,12.4126624295,2545520,0.0,0.0,0.0,0.0,0.0,0.0,0.0,0.0,,11.71102307828329,16.468074051546353,12.76673877896159,,,,11.265487792533976,,,11.265487792533976,16.468074051546353,"rgba(38, 166, 154, 1.0)"
2026-03-23 00:00:00+00:00,12.6953319295,13.0623063681,12.1101564734,12.8441053506,2298941,0.0,0.0,0.0,0.0,0.0,0.0,0.0,0.0,,11.885979993774239,16.424067275158837,12.76207545675463,,,,11.390710661595971,,,11.390710661595971,16.424067275158837,"rgba(38, 166, 154, 1.0)"
2026-03-24 00:00:00+00:00,13.042469912,13.0623063681,12.5168038243,12.6854137015,1309196,0.0,0.0,0.0,0.0,0.0,0.0,0.0,0.0,,11.983315463041224,16.40108045391823,12.764097727983021,,,,11.464754482371777,,,11.464754482371777,16.40108045391823,"rgba(38, 166, 154, 1.0)"
2026-03-25 00:00:00+00:00,12.8044324383,13.4887901751,12.615986105,13.1019792804,1106623,0.0,0.0,0.0,0.0,0.0,0.0,0.0,0.0,,12.059152576239603,16.382403152072435,12.767194906215158,,,,11.525691285198047,,,11.525691285198047,16.382403152072435,"rgba(38, 166, 154, 1.0)"
2026-03-26 00:00:00+00:00,13.1218157365,13.2904256137,12.7796368681,12.8738600348,1326081,0.0,0.0,0.0,0.0,0.0,0.0,0.0,0.0,,12.143914171601708,16.360898563205627,12.772455996394001,,,,11.59687394350809,,,11.59687394350809,16.360898563205627,"rgba(38, 166, 154, 1.0)"
2026-03-27 00:00:00+00:00,12.903614719,13.2507527015,12.7945142102,13.0821428243,942565,0.0,0.0,0.0,0.0,0.0,0.0,0.0,0.0,,12.191377097171014,16.345410618644213,12.775075555391238,,,,11.641012597914415,,,11.641012597914415,16.345410618644213,"rgba(38, 166, 154, 1.0)"
2026-03-30 00:00:00+00:00,13.2011615611,13.3003438418,12.8441053506,12.9730423155,1027367,0.0,0.0,0.0,0.0,0.0,0.0,0.0,0.0,,12.245029478026655,16.32934779946696,12.77962724188262,,,,11.690463989869894,,,11.690463989869894,16.32934779946696,"rgba(38, 166, 154, 1.0)"
2026-03-31 00:00:00+00:00,13.36,13.765,13.27,13.39,1644849,0.0,0.0,0.0,0.0,0.0,0.0,0.0,0.0,,12.348814654627112,16.306723576830528,12.794003653466739,,,,11.780910212691317,,,11.780910212691317,16.306723576830528,"rgba(38, 166, 154, 1.0)"
2026-04-01 00:00:00+00:00,12.9,13.475,12.85,13.35,1398039,0.0,0.0,0.0,0.0,0.0,0.0,0.0,0.0,,12.397782123606168,16.28517247230301,12.798925668549716,,,,11.834643735481995,,,11.834643735481995,16.28517247230301,"rgba(38, 166, 154, 1.0)"
2026-04-02 00:00:00+00:00,13.41,13.615,12.74,12.91,830566,0.0,0.0,0.0,0.0,0.0,0.0,0.0,0.0,,12.43079989118233,16.273214973168084,12.80362284317035,,,,11.868837730165783,,,11.868837730165783,16.273214973168084,"rgba(38, 166, 154, 1.0)"
2026-04-06 00:00:00+00:00,13.17,13.64,13.02,13.35,1042234,0.0,0.0,0.0,0.0,0.0,0.0,0.0,0.0,,12.469798589201927,16.258449745653127,12.80965839160382,,,,11.910120418489484,,,11.910120418489484,16.258449745653127,"rgba(38, 166, 154, 0.75)"
2026-04-07 00:00:00+00:00,13.15,13.48,12.98,13.25,801592,0.0,0.0,0.0,0.0,0.0,0.0,0.0,0.0,,12.494918825794372,16.246915425077365,12.813483998120311,,,,11.938643102117275,,,11.938643102117275,16.246915425077365,"rgba(38, 166, 154, 0.75)"
2026-04-08 00:00:00+00:00,13.08,13.58,13.04,13.14,1065778,0.0,0.0,0.0,0.0,0.0,0.0,0.0,0.0,,12.527076106597043,16.231863706706868,12.818839424535724,,,,11.975527882431274,,,11.975527882431274,16.231863706706868,"rgba(38, 166, 154, 0.75)"
2026-04-09 00:00:00+00:00,13.11,13.125,12.68,13.05,1087047,0.0,0.0,0.0,0.0,0.0,0.0,0.0,0.0,,12.545984145453584,16.215339460162106,12.820802193301246,,,,12.00365614947096,,,12.00365614947096,16.215339460162106,"rgba(38, 166, 154, 0.75)"
2026-04-10 00:00:00+00:00,12.77,13.21,12.755,13.09,844345,0.0,0.0,0.0,0.0,0.0,0.0,0.0,0.0,,12.55767772718931,16.202384381314435,12.821699670035503,,,,12.023143969811485,,,12.023143969811485,16.202384381314435,"rgba(38, 166, 154, 0.75)"
2026-04-13 00:00:00+00:00,12.83,13.145,12.78,12.83,1525758,0.0,0.0,0.0,0.0,0.0,0.0,0.0,0.0,,12.577379471855037,16.17927693032267,12.823394164790496,,,,12.056565652433832,,,12.056565652433832,16.17927693032267,"rgba(38, 166, 154, 0.75)"
2026-04-14 00:00:00+00:00,13.31,13.36,12.57,12.8,2970514,0.0,0.0,0.0,0.0,0.0,0.0,0.0,0.0,,12.625696883662327,16.137393767984484,12.831865368301266,,,,12.125915600448076,,,12.125915600448076,16.137393767984484,"rgba(38, 166, 154, 0.75)"
2026-04-15 00:00:00+00:00,13.7,13.885,13.37,13.39,1693494,0.0,0.0,0.0,0.0,0.0,0.0,0.0,0.0,,12.679003133789816,16.118389484875003,12.84700940252189,,,,12.18266490288724,,,12.18266490288724,16.118389484875003,"rgba(38, 166, 154, 1.0)"
2026-04-16 00:00:00+00:00,13.7,13.79,13.39,13.58,817371,0.0,0.0,0.0,0.0,0.0,0.0,0.0,0.0,,12.702186511897015,16.10922867831944,12.853899371664856,,,,12.208130439935308,,,12.208130439935308,16.10922867831944,"rgba(38, 166, 154, 1.0)"
2026-04-17 00:00:00+00:00,14.09,14.09,13.31,13.69,1117409,0.0,0.0,0.0,0.0,0.0,0.0,0.0,0.0,,12.738684246912332,16.09783044599979,12.865550976973486,,,,12.246311485992134,,,12.246311485992134,16.09783044599979,"rgba(38, 166, 154, 1.0)"
2026-04-20 00:00:00+00:00,14.86,14.95,14.05,14.05,1078384,0.0,0.0,0.0,0.0,0.0,0.0,0.0,0.0,,12.795660713231984,16.090732306882828,12.885532046141758,,,,12.299041815655917,,,12.299041815655917,16.090732306882828,"rgba(38, 166, 154, 1.0)"
2026-04-21 00:00:00+00:00,15.25,15.485,14.74,14.84,1091450,0.0,0.0,0.0,0.0,0.0,0.0,0.0,0.0,,12.865928385254302,16.0862215857006,12.911431610321287,,,,12.361915545374348,,,12.361915545374348,16.0862215857006,"rgba(38, 166, 154, 1.0)"
2026-04-22 00:00:00+00:00,15.9,15.96,15.31,15.31,1295858,0.0,0.0,0.0,0.0,0.0,0.0,0.0,0.0,,12.963383963182508,16.084149139241813,12.948967634042914,15.723333333333333,,,12.447440728454685,,,12.447440728454685,16.084149139241813,"rgba(38, 166, 154, 1.0)"
2026-04-23 00:00:00+00:00,14.47,15.89,14.47,15.78,1447346,0.0,0.0,0.0,0.0,0.0,0.0,0.0,0.0,,13.036039298318531,16.076918453316146,,15.311796356863484,,,12.516407975249436,,,12.516407975249436,16.076918453316146,"rgba(38, 166, 154, 0.75)"
2026-04-24 00:00:00+00:00,13.13,14.63,13.005,14.47,1766082,0.0,0.0,0.0,0.0,0.0,0.0,0.0,0.0,,13.059709328150955,16.057819521921523,,14.63679436685394,,,12.551371738112463,,,12.551371738112463,16.057819521921523,"rgba(38, 166, 154, 0.75)"
2026-04-27 00:00:00+00:00,13.58,13.71,12.75,13.08,1299807,0.0,0.0,0.0,0.0,0.0,0.0,0.0,0.0,,13.06848391464076,16.042591888347566,,14.348123310012998,,,12.570016090265481,,,12.570016090265481,16.042591888347566,"rgba(38, 166, 154, 0.75)"
2026-04-28 00:00:00+00:00,13.4,13.97,13.23,13.75,1169997,0.0,0.0,0.0,0.0,0.0,0.0,0.0,0.0,,13.080935808783945,16.02996955753973,,14.21152930873987,,,12.589923976048038,,,12.589923976048038,16.02996955753973,"rgba(38, 166, 154, 0.5)"
2026-04-29 00:00:00+00:00,13.16,13.5,13.155,13.38,762494,0.0,0.0,0.0,0.0,0.0,0.0,0.0,0.0,,13.0842083085123,16.02095661978005,,14.118959154440057,,,12.59898376081606,,,12.59898376081606,16.02095661978005,#000000
2026-04-30 00:00:00+00:00,13.01,13.3,12.418,12.92,1144409,0.0,0.0,0.0,0.0,0.0,0.0,0.0,0.0,,13.079818061338415,16.005771032310435,,13.9631739004671,,,12.605052751379246,,,12.605052751379246,16.005771032310435,#000000
2026-05-01 00:00:00+00:00,13.09,13.65,12.89,13.2,871715,0.0,0.0,0.0,0.0,0.0,0.0,0.0,0.0,,13.082260809639441,15.995416559489327,,13.895888326165668,,,12.613931559961546,,,12.613931559961546,15.995416559489327,"rgba(239, 83, 80, 0.5)"
2026-05-04 00:00:00+00:00,12.98,13.55,12.695,13.1,798412,0.0,0.0,0.0,0.0,0.0,0.0,0.0,0.0,,13.082138132087264,15.985543471249514,,13.833800448207613,,,12.620047396628847,,,12.620047396628847,15.985543471249514,"rgba(239, 83, 80, 1.0)"
2026-05-05 00:00:00+00:00,13.22,13.42,12.69,12.89,853886,0.0,0.0,0.0,0.0,0.0,0.0,0.0,0.0,,13.082632654034622,15.97518409551313,,13.779633687075481,,,12.626900696439069,,,12.626900696439069,15.97518409551313,"rgba(239, 83, 80, 1.0)"
2026-05-06 00:00:00+00:00,12.87,13.39,12.63,13.06,1106783,0.0,0.0,0.0,0.0,0.0,0.0,0.0,0.0,,13.079949795395821,15.961185436399537,,13.707453245716616,,,12.632891746484404,,,12.632891746484404,15.961185436399537,"rgba(239, 83, 80, 1.0)"
2026-05-07 00:00:00+00:00,13.56,13.905,12.89,12.89,1450829,0.0,0.0,0.0,0.0,0.0,0.0,0.0,0.0,,13.090593880173264,15.945988389408395,,13.680884464504496,,,12.651568519499135,,,12.651568519499135,15.945988389408395,"rgba(239, 83, 80, 1.0)"
2026-05-08 00:00:00+00:00,13.2,13.6,13.1,13.45,883342,0.0,0.0,0.0,0.0,0.0,0.0,0.0,0.0,,13.094182203988252,15.936268283095233,,13.658229279611106,,,12.660450788655767,,,12.660450788655767,15.936268283095233,"rgba(239, 83, 80, 1.0)"
2026-05-11 00:00:00+00:00,13.36,13.57,13.06,13.14,1201290,0.0,0.0,0.0,0.0,0.0,0.0,0.0,0.0,,13.099552439770891,15.92331270043857,,13.633665835152913,,,12.67269541347164,,,12.67269541347164,15.92331270043857,#000000
2026-05-12 00:00:00+00:00,13.49,13.55,13.26,13.55,790313,0.0,0.0,0.0,0.0,0.0,0.0,0.0,0.0,,13.104479310872671,15.91519623615228,,13.624265521168008,,,12.681738116147214,,,12.681738116147214,15.91519623615228,#000000
2026-05-13 00:00:00+00:00,12.53,13.38,12.325,13.29,1721187,1.0,13.38,12.325,0.0,1.0,13.38,12.325,0.0,12.745000000000001,13.093283100233974,15.892849503875054,,13.542742101353445,,,12.683334694003124,12.745000000000001,,12.683334694003124,15.892849503875054,"rgba(239, 83, 80, 1.0)"
2026-05-14 00:00:00+00:00,14.61,15.4165,13.72,13.89,3238297,0.0,0.0,0.0,0.0,0.0,0.0,0.0,0.0,13.94457868705024,13.17569981180361,15.875694443168946,,13.69712968943543,,,,13.94457868705024,,12.769409533960427,15.875694443168946,#000000
2026-05-15 00:00:00+00:00,15.44,15.89,14.401,14.79,2214763,0.0,0.0,0.0,0.0,0.0,0.0,0.0,0.0,14.345620356092192,13.251134394469927,15.870086920731444,,13.839747001031084,,,,14.345620356092192,,12.84381164802644,15.870086920731444,"rgba(38, 166, 154, 0.5)"
2026-05-18 00:00:00+00:00,15.91,16.07,15.44,15.62,1758427,0.0,0.0,0.0,0.0,0.0,0.0,0.0,0.0,14.633232249324225,13.323063749100719,15.86964330046124,,13.973933338362707,,,,14.633232249324225,,12.912899410426645,15.86964330046124,"rgba(38, 166, 154, 1.0)"
2026-05-19 00:00:00+00:00,16.54,16.8,15.87,16.04,1374243,0.0,0.0,0.0,0.0,0.0,0.0,0.0,0.0,14.869243563278916,13.389362153899404,15.872544943665412,,14.096903868085134,,,,14.869243563278916,,12.975368655066987,15.872544943665412,"rgba(38, 166, 154, 1.0)"
2026-05-20 00:00:00+00:00,16.69,16.96,16.27,16.43,1397104,0.0,0.0,0.0,0.0,0.0,0.0,0.0,0.0,15.080618004658401,13.458968294100172,15.876763648749053,,14.221366037649197,,,,15.080618004658401,,13.040855093098601,15.876763648749053,"rgba(38, 166, 154, 1.0)"
2026-05-21 00:00:00+00:00,16.99,17.19,16.31,16.5,1538754,0.0,0.0,0.0,0.0,0.0,0.0,0.0,0.0,15.28388873476292,13.536639263733608,15.882500133333817,,14.354788036900233,,,,15.28388873476292,,13.113992262037875,15.882500133333817,"rgba(38, 166, 154, 1.0)"
2026-05-22 00:00:00+00:00,17.25,17.7,16.955,16.99,1498937,0.0,0.0,0.0,0.0,0.0,0.0,0.0,0.0,15.489056357079377,13.619288428672618,15.890771062484768,,14.494641980442271,,,,15.489056357079377,,13.191277065063874,15.890771062484768,"rgba(38, 166, 154, 1.0)"
2026-05-26 00:00:00+00:00,16.93,17.85,16.79,17.32,2643659,0.0,0.0,0.0,0.0,0.0,0.0,0.0,0.0,15.747705710613442,13.752379911232893,15.9039897225619,,14.702823037663718,17.19,,,15.747705710613442,,13.3173302197852,15.9039897225619,"rgba(38, 166, 154, 1.0)"
2026-05-27 00:00:00+00:00,16.35,17.1,16.26,16.83,1950610,0.0,0.0,0.0,0.0,0.0,0.0,0.0,0.0,15.830658598487107,13.827795367476694,15.90895221224085,,,16.926763737604393,,,15.830658598487107,,13.391265491438864,15.90895221224085,"rgba(38, 166, 154, 1.0)"
2026-05-28 00:00:00+00:00,16.27,16.805,16.27,16.48,1335356,0.0,0.0,0.0,0.0,0.0,0.0,0.0,0.0,15.87056001672751,13.874948364704842,15.911689568912545,,,16.819020851515344,,,15.87056001672751,,13.438107700013049,15.911689568912545,"rgba(38, 166, 154, 0.75)"
2026-05-29 00:00:00+00:00,15.95,16.44,15.92,16.22,1102345,0.0,0.0,0.0,0.0,0.0,0.0,0.0,0.0,15.882344725519246,13.907564014421174,15.912489099648818,,,16.706828314113967,,,15.882344725519246,,13.47139877719154,15.912489099648818,"rgba(38, 166, 154, 0.75)"
2026-06-01 00:00:00+00:00,15.87,16.72,15.86,16.26,948750,0.0,0.0,0.0,0.0,0.0,0.0,0.0,0.0,15.893520375276438,13.93546075395542,15.913338870161358,,,16.640632424142183,,,15.893520375276438,,13.499888762290734,15.913338870161358,"rgba(38, 166, 154, 0.5)"
2026-06-02 00:00:00+00:00,15.64,16.0,15.45,15.63,1843168,0.0,0.0,0.0,0.0,0.0,0.0,0.0,0.0,15.87875035311574,13.977021690134734,15.911843233104545,,,16.463524595014384,,,15.87875035311574,,13.54436222993826,15.911843233104545,"rgba(38, 166, 154, 0.5)"
2026-06-03 00:00:00+00:00,14.61,15.535,14.58,15.41,913965,0.0,0.0,0.0,0.0,0.0,0.0,0.0,0.0,15.84394099936557,13.987793346452046,15.908420087791882,,,16.331152659816322,,,15.84394099936557,,13.557918700020103,15.908420087791882,#000000
2026-06-04 00:00:00+00:00,14.75,15.33,14.49,14.97,1000842,0.0,0.0,0.0,0.0,0.0,0.0,0.0,0.0,15.80662640606317,13.998660451043103,15.904505966188847,,,16.205437875476505,,,15.80662640606317,,13.571901723446668,15.904505966188847,#000000
2026-06-05 00:00:00+00:00,14.99,15.16,14.53,14.81,884463,0.0,0.0,0.0,0.0,0.0,0.0,0.0,0.0,15.777107759309654,14.008440971795201,15.901191345163694,,,16.113503042714562,,,15.777107759309654,,13.584356112866658,15.901191345163694,"rgba(239, 83, 80, 1.0)"
2026-06-08 00:00:00+00:00,14.32,15.0,14.31,14.97,1075898,0.0,0.0,0.0,0.0,0.0,0.0,0.0,0.0,15.730434777857146,14.015460667868402,15.895798399302699,,,15.990184877580859,,,15.730434777857146,,13.595226040861252,15.895798399302699,"rgba(239, 83, 80, 1.0)"
2026-06-09 00:00:00+00:00,14.04,14.68,14.01,14.11,1012918,0.0,0.0,0.0,0.0,0.0,0.0,0.0,0.0,15.67929306944808,14.018241753435333,15.889642573725487,,,15.86991431616632,,,15.67929306944808,,13.602069229232988,15.889642573725487,"rgba(239, 83, 80, 1.0)"
2026-06-10 00:00:00+00:00,14.12,14.95,13.76,13.96,1819406,0.0,0.0,0.0,0.0,0.0,0.0,0.0,0.0,15.597691068181978,14.02378538222259,15.878921434762653,,,15.694565111624076,,,15.597691068181978,,13.614625251548528,15.878921434762653,"rgba(239, 83, 80, 1.0)"
2026-06-11 00:00:00+00:00,13.12,14.89,13.08,14.33,2382169,0.0,0.0,0.0,0.0,0.0,0.0,0.0,0.0,15.463133757884094,14.01484865904937,15.860093692625657,,,15.44292900986836,,,15.463133757884094,,13.616577013076274,15.860093692625657,"rgba(239, 83, 80, 1.0)"
2026-06-12 00:00:00+00:00,13.03,13.395,12.48,13.13,1188998,0.0,0.0,0.0,0.0,0.0,0.0,0.0,0.0,15.378003156737144,14.000770524582205,15.847694383955087,,,15.296565003844206,,,15.378003156737144,,13.608970003554708,15.847694383955087,"rgba(239, 83, 80, 1.0)"
2026-06-15 00:00:00+00:00,13.0,13.24,12.425,12.89,1717322,0.0,0.0,0.0,0.0,0.0,0.0,0.0,0.0,15.261061694045269,13.979567966253393,15.829479667546973,,,15.107026321056281,,,15.261061694045269,12.888333333333332,13.596959438892961,15.829479667546973,"rgba(239, 83, 80, 1.0)"
2026-06-16 00:00:00+00:00,13.35,13.6,13.06,13.33,2643351,0.0,0.0,0.0,0.0,0.0,0.0,0.0,0.0,15.131311398342262,13.961244713037363,15.806084714395428,,,14.915731717860528,,,,13.160103852471089,13.59044898116537,15.806084714395428,"rgba(239, 83, 80, 1.0)"
2026-06-17 00:00:00+00:00,13.12,13.99,13.12,13.35,1009331,0.0,0.0,0.0,0.0,0.0,0.0,0.0,0.0,15.088108494064242,13.95531025961845,15.797528928692445,,,14.856068211817497,,,,13.207073636568364,13.588741898478116,15.797528928692445,"rgba(239, 83, 80, 1.0)"
