date,Close,High,Low,Open,Volume,OB_c0,OB_High_c0,OB_Low_c0,OB_Mitigated_Index_c0,OB,OB_High,OB_Low,OB_Mitigated_Index,aVWAP_OB_bull_c0_401,aVWAP_OB_bull_c0_386,aVWAP_OB_bull_c0_366,aVWAP_OB_bull_c0_172,aVWAP_OB_bull_c0_150,aVWAP_OB_bull_c0_130,aVWAP_OB_bear_c0_411,aVWAP_OB_bear_c0_352,aVWAP_OB_bear_c0_103,aVWAP_QQEMOD_bull_dot_c0_229,aVWAP_QQEMOD_bull_dot_c0_264,aVWAP_QQEMOD_bull_dot_c0_292,aVWAP_QQEMOD_bull_dot_c0_352,aVWAP_QQEMOD_bull_dot_c0_411,aVWAP_QQEMOD_bear_dot_c0_250,aVWAP_QQEMOD_bear_dot_c0_275,aVWAP_QQEMOD_bear_dot_c0_329,aVWAP_QQEMOD_bear_dot_c0_366,aVWAP_QQEMOD_bear_dot_c0_415,aVWAP_price_maxima_minima_valley_c0_1,aVWAP_price_maxima_minima_peak_c0_1,color
2024-10-10 00:00:00+00:00,20.4056223474,20.5746754129,20.2347673597,20.5746754129,6935,0.0,0.0,0.0,0.0,0.0,0.0,0.0,0.0,,,,,,,,,,,,,,,,,,,,,,#000000
2024-10-11 00:00:00+00:00,19.5042517147,19.5836181975,18.6744665372,18.8779199358,14212,0.0,0.0,0.0,0.0,0.0,0.0,0.0,0.0,,,,,,,,,,,,,,,,,,,,,,"rgba(239, 83, 80, 0.5)"
2024-10-14 00:00:00+00:00,19.6456207027,20.1651476379,19.1988259002,19.9440026395,23725,0.0,0.0,0.0,0.0,0.0,0.0,0.0,0.0,,,,,,,,,,,,,,,,,,,,,,"rgba(239, 83, 80, 0.5)"
2024-10-15 00:00:00+00:00,18.2545367567,19.4443787541,17.9622977366,19.4443787541,16763,0.0,0.0,0.0,0.0,0.0,0.0,0.0,0.0,,,,,,,,,,,,,,,,,,,,,,"rgba(239, 83, 80, 0.5)"
2024-10-16 00:00:00+00:00,18.4237536334,18.7072287592,18.1994143182,18.6908476482,12170,0.0,0.0,0.0,0.0,0.0,0.0,0.0,0.0,,,,,,,,,,,,,,,,,,,,,,"rgba(239, 83, 80, 0.5)"
2024-10-17 00:00:00+00:00,19.4385634596,20.1569570824,19.2559959776,19.2887581996,17974,0.0,0.0,0.0,0.0,0.0,0.0,0.0,0.0,,,,,,,,,,,,,,,,,,,,,,"rgba(239, 83, 80, 0.5)"
2024-10-18 00:00:00+00:00,19.1413282006,19.640952086,18.8382776471,19.3215204216,49166,0.0,0.0,0.0,0.0,0.0,0.0,0.0,0.0,,,,,,,,,,,,,,,,,,,,,,"rgba(239, 83, 80, 0.5)"
2024-10-21 00:00:00+00:00,19.0507406568,19.4361881986,18.7481815367,18.8382776471,16088,0.0,0.0,0.0,0.0,0.0,0.0,0.0,0.0,,,,,,,,,,,,,,,,,,,,,,"rgba(239, 83, 80, 0.5)"
2024-10-22 00:00:00+00:00,18.9466386964,19.0594226456,18.6408852596,18.8300870916,15661,0.0,0.0,0.0,0.0,0.0,0.0,0.0,0.0,,,,,,,,,,,,,,,,,,,,,,"rgba(239, 83, 80, 0.5)"
2024-10-23 00:00:00+00:00,17.7243620993,18.7645626477,17.5441698783,18.6089420932,32042,0.0,0.0,0.0,0.0,0.0,0.0,0.0,0.0,,,,,,,,,,,,,,,,,,,,,,"rgba(239, 83, 80, 0.5)"
2024-10-24 00:00:00+00:00,17.2495555971,17.8390298763,17.0773082149,17.8390298763,16792,0.0,0.0,0.0,0.0,0.0,0.0,0.0,0.0,,,,,,,,,,,,,,,,,,,,,,"rgba(239, 83, 80, 0.5)"
2024-10-25 00:00:00+00:00,17.519024873,18.2982743231,17.519024873,17.7653148768,15559,0.0,0.0,0.0,0.0,0.0,0.0,0.0,0.0,,,,,,,,,,,,,,,,,,,,,,"rgba(239, 83, 80, 0.5)"
2024-10-28 00:00:00+00:00,17.3639776574,17.7399241548,17.2820721024,17.7399241548,28156,0.0,0.0,0.0,0.0,0.0,0.0,0.0,0.0,,,,,,,,,,,,,,,,,,,,,,"rgba(239, 83, 80, 0.5)"
2024-10-29 00:00:00+00:00,18.7837285475,19.0348509791,17.1674043254,17.1837854364,31466,0.0,0.0,0.0,0.0,0.0,0.0,0.0,0.0,,,,,,,,,,,,,,,,,,,,,,"rgba(239, 83, 80, 0.5)"
2024-10-30 00:00:00+00:00,18.2519976845,18.7064097036,18.1830332072,18.4697026497,31711,0.0,0.0,0.0,0.0,0.0,0.0,0.0,0.0,,,,,,,,,,,,,,,,,,,,,,"rgba(239, 83, 80, 0.5)"
2024-10-31 00:00:00+00:00,16.8795882052,17.3148343244,16.405682664,17.3148343244,18480,0.0,0.0,0.0,0.0,0.0,0.0,0.0,0.0,,,,,,,,,,,,,,,,,,,,,,"rgba(239, 83, 80, 0.5)"
2024-11-01 00:00:00+00:00,16.6140503959,17.0691176594,16.4711252024,16.536731552,19219,0.0,0.0,0.0,0.0,0.0,0.0,0.0,0.0,,,,,,,,,,,,,,,,,,,,,,"rgba(239, 83, 80, 0.5)"
2024-11-04 00:00:00+00:00,16.5601565407,17.3066437689,16.5601565407,16.7251143285,11569,0.0,0.0,0.0,0.0,0.0,0.0,0.0,0.0,,,,,,,,,,,,,,,,,,,,,,"rgba(239, 83, 80, 0.5)"
2024-11-05 00:00:00+00:00,17.5195982118,17.6907808218,17.2165476584,17.2403002693,17700,0.0,0.0,0.0,0.0,0.0,0.0,0.0,0.0,,,,,,,,,,,,,,,,,,,,,,"rgba(239, 83, 80, 0.5)"
2024-11-06 00:00:00+00:00,18.7441681645,18.8710398691,18.1344632131,18.7809437587,21275,0.0,0.0,0.0,0.0,0.0,0.0,0.0,0.0,,,,,,,,,,,,,,,,,,,,,,"rgba(239, 83, 80, 0.5)"
2024-11-07 00:00:00+00:00,19.621622375,19.804763196,19.1986620891,19.1986620891,30226,0.0,0.0,0.0,0.0,0.0,0.0,0.0,0.0,,,,,,,,,,,,,,,,,,,,,,#000000
2024-11-08 00:00:00+00:00,19.54266542,19.8784781955,19.2451025388,19.493522087,15290,0.0,0.0,0.0,0.0,0.0,0.0,0.0,0.0,,,,,,,,,,,,,,,,,,,,,,"rgba(38, 166, 154, 0.5)"
2024-11-11 00:00:00+00:00,18.5414519159,19.5344748645,18.1093182078,19.5344748645,21683,0.0,0.0,0.0,0.0,0.0,0.0,0.0,0.0,,,,,,,,,,,,,,,,,,,,,,#000000
2024-11-12 00:00:00+00:00,18.0110315418,18.4737979275,17.5105886008,18.4737979275,32001,0.0,0.0,0.0,0.0,0.0,0.0,0.0,0.0,,,,,,,,,,,,,,,,,,,,,,#000000
2024-11-13 00:00:00+00:00,17.5114076563,17.8144582098,17.2738815469,17.7489337658,24422,0.0,0.0,0.0,0.0,0.0,0.0,0.0,0.0,,,,,,,,,,,,,,,,,,,,,,#000000
2024-11-14 00:00:00+00:00,16.8234009945,17.6260754333,16.7414954395,17.6260754333,29557,0.0,0.0,0.0,0.0,0.0,0.0,0.0,0.0,,,,,,,,,,,,,,,,,,,,,,"rgba(239, 83, 80, 0.5)"
2024-11-15 00:00:00+00:00,15.7248017854,16.520350441,15.5292932256,16.520350441,48649,0.0,0.0,0.0,0.0,0.0,0.0,0.0,0.0,,,,,,,,,,,,,,,,,,,,,,"rgba(239, 83, 80, 0.5)"
2024-11-18 00:00:00+00:00,15.8077721126,15.9388210006,15.2262426722,15.5620554476,17110,0.0,0.0,0.0,0.0,0.0,0.0,0.0,0.0,,,,,,,,,,,,,,,,,,,,,,"rgba(239, 83, 80, 0.5)"
2024-11-19 00:00:00+00:00,15.7772213406,15.9552021116,15.6353609194,15.9552021116,79993,0.0,0.0,0.0,0.0,0.0,0.0,0.0,0.0,,,,,,,,,,,,,,,,,,,,,,"rgba(239, 83, 80, 0.5)"
2024-11-20 00:00:00+00:00,15.3654821157,15.7422476686,14.9559543407,15.7422476686,17248,0.0,0.0,0.0,0.0,0.0,0.0,0.0,0.0,,,,,,,,,,,,,,,,,,,,,,"rgba(239, 83, 80, 0.5)"
2024-11-21 00:00:00+00:00,15.5129121146,15.8978682231,14.8830583968,15.8978682231,29712,0.0,0.0,0.0,0.0,0.0,0.0,0.0,0.0,,,,,,,,,,,,,,,,,,,,,,"rgba(239, 83, 80, 0.5)"
2024-11-22 00:00:00+00:00,15.5620554476,15.5620554476,15.2344332277,15.4883404482,16881,0.0,0.0,0.0,0.0,0.0,0.0,0.0,0.0,,,,,,,,,,,,,,,,,,,,,,"rgba(239, 83, 80, 0.5)"
2024-11-25 00:00:00+00:00,15.6157035862,15.8241532236,15.3654821157,15.7422476686,67393,0.0,0.0,0.0,0.0,0.0,0.0,0.0,0.0,,,,,,,,,,,,,,,,,,,,,,"rgba(239, 83, 80, 0.5)"
2024-11-26 00:00:00+00:00,15.6357704471,15.7995815571,15.2344332277,15.7094854466,13539,0.0,0.0,0.0,0.0,0.0,0.0,0.0,0.0,,,,,,,,,,,,,,,,,,,,,,"rgba(239, 83, 80, 0.5)"
2024-11-27 00:00:00+00:00,14.6692848983,15.1033843397,14.2689305455,15.1033843397,31207,0.0,0.0,0.0,0.0,0.0,0.0,0.0,0.0,,,,,,,,,,,,,,,,,,,,,,"rgba(239, 83, 80, 0.5)"
2024-11-29 00:00:00+00:00,15.0542410067,15.164813506,14.6447132318,14.6447132318,52826,0.0,0.0,0.0,0.0,0.0,0.0,0.0,0.0,,,,,,,,,,,,,,,,,,,,,,"rgba(239, 83, 80, 0.5)"
2024-12-02 00:00:00+00:00,15.8896776676,16.2410524985,15.5442819422,15.5442819422,39937,0.0,0.0,0.0,0.0,0.0,0.0,0.0,0.0,,,,,,,,,,,,,,,,,,,,,,"rgba(239, 83, 80, 0.5)"
2024-12-03 00:00:00+00:00,16.225490443,16.225490443,15.4719593372,15.5047215592,48606,0.0,0.0,0.0,0.0,0.0,0.0,0.0,0.0,,,,,,,,,,,,,,,,,,,,,,"rgba(239, 83, 80, 0.5)"
2024-12-04 00:00:00+00:00,16.6588527345,17.5114076563,16.3315581367,17.1592137699,101584,0.0,0.0,0.0,0.0,0.0,0.0,0.0,0.0,,,,,,,,,,,,,,,,,,,,,,"rgba(239, 83, 80, 0.5)"
2024-12-05 00:00:00+00:00,16.5843186794,16.9667357157,16.422063775,16.700542662,62952,0.0,0.0,0.0,0.0,0.0,0.0,0.0,0.0,,,,,,,,,,,,,,,,,,,,,,#000000
2024-12-06 00:00:00+00:00,18.4205593167,18.6335137597,16.50396933,16.5449221075,134305,0.0,0.0,0.0,0.0,0.0,0.0,0.0,0.0,,,,,,,,,,,,,,,,,,,,,,"rgba(38, 166, 154, 0.5)"
2024-12-09 00:00:00+00:00,18.2813198732,18.5352270937,17.7074076494,18.3304632062,77964,0.0,0.0,0.0,0.0,0.0,0.0,0.0,0.0,,,,,,,,,,,,,,,,,,,,,,"rgba(38, 166, 154, 0.5)"
2024-12-10 00:00:00+00:00,16.815210439,18.1420804298,16.4138732195,18.1420804298,137202,0.0,0.0,0.0,0.0,0.0,0.0,0.0,0.0,,,,,,,,,,,,,,,,,,,,,,"rgba(38, 166, 154, 0.5)"
2024-12-11 00:00:00+00:00,19.0467272846,19.3601798435,17.8226487653,18.4123687612,185165,0.0,0.0,0.0,0.0,0.0,0.0,0.0,0.0,,,,,,,,,,,,,,,,,,,,,,"rgba(38, 166, 154, 0.5)"
2024-12-12 00:00:00+00:00,18.5188459827,18.7809437587,17.6096943223,18.4860837607,306430,0.0,0.0,0.0,0.0,0.0,0.0,0.0,0.0,,,,,,,,,,,,,,,,,,,,,,"rgba(38, 166, 154, 0.5)"
2024-12-13 00:00:00+00:00,27.4956948093,28.2574164707,24.7682398282,25.1204337147,658752,0.0,0.0,0.0,0.0,0.0,0.0,0.0,0.0,,,,,,,,,,,,,,,,,,,,,,"rgba(38, 166, 154, 0.5)"
2024-12-16 00:00:00+00:00,33.6468019889,33.9857271754,29.0437097986,29.0437097986,1317326,0.0,0.0,0.0,0.0,0.0,0.0,0.0,0.0,,,,,,,,,,,,,,,,,,,,,,"rgba(38, 166, 154, 0.5)"
2024-12-17 00:00:00+00:00,31.0422053403,31.5664827978,29.3549509076,31.1241108953,695687,0.0,0.0,0.0,0.0,0.0,0.0,0.0,0.0,,,,,,,,,,,,,,,,,,,,,,"rgba(38, 166, 154, 0.5)"
2024-12-18 00:00:00+00:00,26.553780927,30.8865847858,25.6855820441,30.8865847858,427768,0.0,0.0,0.0,0.0,0.0,0.0,0.0,0.0,,,,,,,,,,,,,,,,,,,,,,"rgba(38, 166, 154, 0.5)"
2024-12-19 00:00:00+00:00,25.4808181566,27.7086492523,25.2678637137,27.6349342528,202821,0.0,0.0,0.0,0.0,0.0,0.0,0.0,0.0,,,,,,,,,,,,,,,,,,,,,,"rgba(38, 166, 154, 0.5)"
2024-12-20 00:00:00+00:00,26.0705381525,28.2164636932,25.5709142671,25.8412025986,616884,0.0,0.0,0.0,0.0,0.0,0.0,0.0,0.0,,,,,,,,,,,,,,,,,,,,,,"rgba(38, 166, 154, 0.5)"
2024-12-23 00:00:00+00:00,28.9435229237,29.1215674536,27.178673965,27.5234351569,763802,0.0,0.0,0.0,0.0,0.0,0.0,0.0,0.0,,,,,,,,,,,,,,,,,,,,,,"rgba(38, 166, 154, 0.75)"
2024-12-24 00:00:00+00:00,30.6673288835,30.7001632827,29.4688733115,30.7001632827,736790,0.0,0.0,0.0,0.0,0.0,0.0,0.0,0.0,,,,,,,,,,,,,,,,,,,,,,"rgba(38, 166, 154, 0.75)"
2024-12-26 00:00:00+00:00,32.0874166503,32.5881412386,30.1173526963,30.7412062817,574381,0.0,0.0,0.0,0.0,0.0,0.0,0.0,0.0,,,,,,,,,,,,,,,,,,,,,,"rgba(38, 166, 154, 0.75)"
2024-12-27 00:00:00+00:00,31.1680534718,32.1120424497,29.7151313057,31.972496253,536783,0.0,0.0,0.0,0.0,0.0,0.0,0.0,0.0,,,,,,,,,,,,,,,,,,,,,,"rgba(38, 166, 154, 0.75)"
2024-12-30 00:00:00+00:00,29.5263335101,30.3225676915,28.5330929333,29.2226153172,507732,0.0,0.0,0.0,0.0,0.0,0.0,0.0,0.0,,,,,,,,,,,,,,,,,,,,,,"rgba(38, 166, 154, 0.75)"
2024-12-31 00:00:00+00:00,28.5413015331,29.9613893,28.4345897356,29.5509593095,366723,0.0,0.0,0.0,0.0,0.0,0.0,0.0,0.0,,,,,,,,,,,,,,,,,,,,,,"rgba(38, 166, 154, 0.75)"
2025-01-02 00:00:00+00:00,28.6233875312,30.4456966886,28.2022042751,29.661775407,580002,0.0,0.0,0.0,0.0,0.0,0.0,0.0,0.0,,,,,,,,,,,,,,,,,,,,,,"rgba(38, 166, 154, 0.75)"
2025-01-03 00:00:00+00:00,28.6151789314,29.6684243728,27.8599877491,28.8614369257,399063,0.0,0.0,0.0,0.0,0.0,0.0,0.0,0.0,,,,,,,,,,,,,,,,,,,,,,"rgba(38, 166, 154, 0.75)"
2025-01-06 00:00:00+00:00,29.6905055063,30.9382126771,28.8942713249,29.7808001042,547058,0.0,0.0,0.0,0.0,0.0,0.0,0.0,0.0,,,,,,,,,,,,,,,,,,,,,,"rgba(38, 166, 154, 0.75)"
2025-01-07 00:00:00+00:00,27.6793985533,30.2486902932,27.4659749583,30.2404816934,358223,0.0,0.0,0.0,0.0,0.0,0.0,0.0,0.0,,,,,,,,,,,,,,,,,,,,,,"rgba(38, 166, 154, 0.75)"
2025-01-08 00:00:00+00:00,27.8107361502,28.6233875312,27.0883793671,27.8764049487,259888,0.0,0.0,0.0,0.0,0.0,0.0,0.0,0.0,,,,,,,,,,,,,,,,,,,,,,"rgba(38, 166, 154, 0.75)"
2025-01-10 00:00:00+00:00,26.5712375792,27.3592631608,25.8981323949,27.3428459611,257374,0.0,0.0,0.0,0.0,0.0,0.0,0.0,0.0,,,,,,,,,,,,,,,,,,,,,,#000000
2025-01-13 00:00:00+00:00,26.8010783738,27.7194565203,25.5041196041,25.5041196041,261251,0.0,0.0,0.0,0.0,0.0,0.0,0.0,0.0,,,,,,,,,,,,,,,,,,,,,,#000000
2025-01-14 00:00:00+00:00,26.7025751761,28.032368345,26.3167709851,27.1622567654,184057,0.0,0.0,0.0,0.0,0.0,0.0,0.0,0.0,,,,,,,,,,,,,,,,,,,,,,#000000
2025-01-15 00:00:00+00:00,27.4741835581,27.9954296459,26.9242073709,27.6219383546,235707,0.0,0.0,0.0,0.0,0.0,0.0,0.0,0.0,,,,,,,,,,,,,,,,,,,,,,#000000
2025-01-16 00:00:00+00:00,27.7368587519,29.9654935999,27.7368587519,29.2390325168,332867,0.0,0.0,0.0,0.0,0.0,0.0,0.0,0.0,,,,,,,,,,,,,,,,,,,,,,#000000
2025-01-17 00:00:00+00:00,29.7233399055,29.8464689026,28.5659273326,29.5181249103,257657,0.0,0.0,0.0,0.0,0.0,0.0,0.0,0.0,,,,,,,,,,,,,,,,,,,,,,"rgba(38, 166, 154, 0.5)"
2025-01-21 00:00:00+00:00,30.4456966886,31.0165227193,29.7151313057,30.774040681,329172,0.0,0.0,0.0,0.0,0.0,0.0,0.0,0.0,,,,,,,,,,,,,,,,,,,,,,"rgba(38, 166, 154, 1.0)"
2025-01-22 00:00:00+00:00,30.5770342856,32.0956252501,30.5441998863,31.9478704535,464917,0.0,0.0,0.0,0.0,0.0,0.0,0.0,0.0,,,,,,,,,,,,,,,,,,,,,,"rgba(38, 166, 154, 1.0)"
2025-01-23 00:00:00+00:00,30.4046536896,30.4046536896,29.3867873134,29.9039291013,288769,0.0,0.0,0.0,0.0,0.0,0.0,0.0,0.0,,,,,,,,,,,,,,,,,,,,,,"rgba(38, 166, 154, 1.0)"
2025-01-24 00:00:00+00:00,31.4307286656,32.7276874353,30.8725438787,31.4225200658,731007,0.0,0.0,0.0,0.0,0.0,0.0,0.0,0.0,,,,,,,,,,,,,,,,,,,,,,"rgba(38, 166, 154, 1.0)"
2025-01-27 00:00:00+00:00,20.5789597192,24.6257994246,19.0685773545,23.1154170599,1781826,0.0,0.0,0.0,0.0,0.0,0.0,0.0,0.0,,,,,,,,,,,,,,,,,,,,,,#000000
2025-01-28 00:00:00+00:00,21.5886174956,22.1038713055,19.8483943362,21.7199550925,859388,0.0,0.0,0.0,0.0,0.0,0.0,0.0,0.0,,,,,,,,,,,,,,,,,,,,,,"rgba(239, 83, 80, 1.0)"
2025-01-29 00:00:00+00:00,21.3998197,22.3915006428,20.6364199178,21.9005442883,566507,0.0,0.0,0.0,0.0,0.0,0.0,0.0,0.0,,,,,,,,,,,,,,,,,,,,,,"rgba(239, 83, 80, 1.0)"
2025-01-30 00:00:00+00:00,23.238546057,24.568339226,22.9019934649,23.9198598411,703039,0.0,0.0,0.0,0.0,0.0,0.0,0.0,0.0,,,,,,,,,,,,,,,,,,,,,,"rgba(239, 83, 80, 1.0)"
2025-01-31 00:00:00+00:00,24.4944618277,25.6518744006,23.4355524524,24.1702221353,955865,0.0,0.0,0.0,0.0,0.0,0.0,0.0,0.0,,,,,,,,,,,,,,,,,,,,,,"rgba(239, 83, 80, 1.0)"
2025-02-03 00:00:00+00:00,23.6161416482,24.3384984313,22.7788644678,23.1236256597,377366,0.0,0.0,0.0,0.0,0.0,0.0,0.0,0.0,,,,,,,,,,,,,,,,,,,,,,"rgba(239, 83, 80, 1.0)"
2025-02-04 00:00:00+00:00,24.6996768229,24.781762821,23.156460059,24.0019458392,315729,0.0,0.0,0.0,0.0,0.0,0.0,0.0,0.0,,,,,,,,,,,,,,,,,,,,,,"rgba(239, 83, 80, 1.0)"
2025-02-05 00:00:00+00:00,26.833912773,28.1159318911,25.8242549966,27.1130051665,646877,0.0,0.0,0.0,0.0,0.0,0.0,0.0,0.0,,,,,,,,,,,,,,,,,,,,,,"rgba(239, 83, 80, 0.75)"
2025-02-06 00:00:00+00:00,26.6533235772,27.5234351569,26.021261392,27.5234351569,563451,0.0,0.0,0.0,0.0,0.0,0.0,0.0,0.0,,,,,,,,,,,,,,,,,,,,,,#000000
2025-02-07 00:00:00+00:00,25.1511498123,27.6219383546,24.9787692164,27.4906007577,1050013,0.0,0.0,0.0,0.0,0.0,0.0,0.0,0.0,,,,,,,,,,,,,,,,,,,,,,#000000
2025-02-10 00:00:00+00:00,27.4003061598,27.5480609563,25.6847087999,25.766794798,407670,0.0,0.0,0.0,0.0,0.0,0.0,0.0,0.0,,,,,,,,,,,,,,,,,,,,,,#000000
2025-02-11 00:00:00+00:00,27.3756803604,28.0487855446,26.2675193863,26.6779493767,249957,0.0,0.0,0.0,0.0,0.0,0.0,0.0,0.0,,,,,,,,,,,,,,,,,,,,,,#000000
2025-02-12 00:00:00+00:00,27.646564154,27.6835028532,26.1862542482,26.2264763872,462033,0.0,0.0,0.0,0.0,0.0,0.0,0.0,0.0,,,,,,,,,,,,,,,,,,,,,,"rgba(38, 166, 154, 0.5)"
2025-02-13 00:00:00+00:00,27.5480609563,27.81894475,26.3742311838,27.5767910557,349447,0.0,0.0,0.0,0.0,0.0,0.0,0.0,0.0,,,,,,,,,,,,,,,,,,,,,,"rgba(38, 166, 154, 0.5)"
2025-02-14 00:00:00+00:00,26.833912773,27.4823921579,25.9432796938,27.2853857625,233716,0.0,0.0,0.0,0.0,0.0,0.0,0.0,0.0,,,,,,,,,,,,,,,,,,,,,,"rgba(38, 166, 154, 0.5)"
2025-02-18 00:00:00+00:00,25.8324635964,26.4563171819,24.9048918181,26.2100591876,463332,0.0,0.0,0.0,0.0,0.0,0.0,0.0,0.0,,,,,,,,,,,,,,,,,,,,,,#000000
2025-02-19 00:00:00+00:00,25.8817151953,25.9227581943,24.9048918181,25.6847087999,285114,0.0,0.0,0.0,0.0,0.0,0.0,0.0,0.0,,,,,,,,,,,,,,,,,,,,,,#000000
2025-02-20 00:00:00+00:00,25.3727820072,25.8570893959,24.5601306262,25.6765002001,253376,0.0,0.0,0.0,0.0,0.0,0.0,0.0,0.0,,,,,,,,,,,,,,,,,,,,,,#000000
2025-02-21 00:00:00+00:00,23.5176384505,25.5573934169,23.1687729587,25.167567012,236188,0.0,0.0,0.0,0.0,0.0,0.0,0.0,0.0,,,,,,,,,,,,,,,,,,,,,,"rgba(239, 83, 80, 1.0)"
2025-02-24 00:00:00+00:00,21.2110219044,23.7392706453,21.1946047048,23.6571846473,251249,0.0,0.0,0.0,0.0,0.0,0.0,0.0,0.0,,,,,,,,,,,,,,,,,,,,,,"rgba(239, 83, 80, 1.0)"
2025-02-25 00:00:00+00:00,20.1685297288,21.3724850626,19.8483943362,21.0222241088,242278,0.0,0.0,0.0,0.0,0.0,0.0,0.0,0.0,,,,,,,,,,,,,,,,,,,,,,"rgba(239, 83, 80, 1.0)"
2025-02-26 00:00:00+00:00,22.25351408,22.3191828785,20.8990951117,21.0058069092,348536,0.0,0.0,0.0,0.0,0.0,0.0,0.0,0.0,,,,,,,,,,,,,,,,,,,,,,"rgba(239, 83, 80, 1.0)"
2025-02-27 00:00:00+00:00,19.0357429552,23.5176384505,18.9946999562,23.2139202576,425628,0.0,0.0,0.0,0.0,0.0,0.0,0.0,0.0,,,,,,,,,,,,,,,,,,,,,,"rgba(239, 83, 80, 1.0)"
2025-02-28 00:00:00+00:00,19.388712747,19.6349707412,18.1820485752,18.6581473641,378215,0.0,0.0,0.0,0.0,0.0,0.0,0.0,0.0,,,,,,,,,,,,,,,,,,,,,,"rgba(239, 83, 80, 1.0)"
2025-03-03 00:00:00+00:00,17.0164274024,20.2588243267,16.4878756608,20.2588243267,481475,0.0,0.0,0.0,0.0,0.0,0.0,0.0,0.0,,,,,,,,,,,,,,,,,,,,,,"rgba(239, 83, 80, 1.0)"
2025-03-04 00:00:00+00:00,17.0656790013,18.1651388596,15.792443085,17.3365627949,514659,0.0,0.0,0.0,0.0,0.0,0.0,0.0,0.0,,,,,,,,,,,,,,,,,,,,,,"rgba(239, 83, 80, 1.0)"
2025-03-05 00:00:00+00:00,17.7962443842,18.2066743746,16.9507586039,17.7962443842,718994,0.0,0.0,0.0,0.0,0.0,0.0,0.0,0.0,,,,,,,,,,,,,,,,,,,,,,"rgba(239, 83, 80, 1.0)"
2025-03-06 00:00:00+00:00,15.8508062296,16.8685905199,15.1900960311,15.8179718304,1339216,0.0,0.0,0.0,0.0,0.0,0.0,0.0,0.0,,,,,,,,,,,,,,,,,,,,,,"rgba(239, 83, 80, 1.0)"
2025-03-07 00:00:00+00:00,18.1820485752,18.2230915742,15.8590148295,16.8686726059,2136339,0.0,0.0,0.0,0.0,0.0,0.0,0.0,0.0,,,,,,,,,,,,,,,,,,,,,,"rgba(239, 83, 80, 0.75)"
2025-03-10 00:00:00+00:00,16.1873588218,17.591029389,15.4814192383,17.0574704015,727089,0.0,0.0,0.0,0.0,0.0,0.0,0.0,0.0,,,,,,,,,,,,,,,,,,,,,,"rgba(239, 83, 80, 0.75)"
2025-03-11 00:00:00+00:00,17.164182199,18.1566840018,16.3843652172,16.778378008,737553,0.0,0.0,0.0,0.0,0.0,0.0,0.0,0.0,,,,,,,,,,,,,,,,,,,,,,"rgba(239, 83, 80, 0.75)"
2025-03-12 00:00:00+00:00,17.8947475819,18.9347771776,17.632072388,18.3133861721,531221,-1.0,18.934776,17.632072,143.0,-1.0,18.934776,17.632072,143.0,,,,,,,,,18.153865715833334,,,,,,,,,,,,,"rgba(239, 83, 80, 0.75)"
2025-03-13 00:00:00+00:00,17.4022315934,18.2570751774,17.0423665778,17.7223669859,288548,0.0,0.0,0.0,0.0,0.0,0.0,0.0,0.0,,,,,,,,,17.94737563861849,,,,,,,,,,,,,"rgba(239, 83, 80, 0.75)"
2025-03-14 00:00:00+00:00,18.1492141759,18.4365151692,17.7346798856,18.2969689725,438026,0.0,0.0,0.0,0.0,0.0,0.0,0.0,0.0,,,,,,,,,18.00289610346427,,,,,,,,,,,,,"rgba(239, 83, 80, 0.75)"
2025-03-17 00:00:00+00:00,17.9522077805,18.3215947719,16.6880834101,16.7045006097,559005,0.0,0.0,0.0,0.0,0.0,0.0,0.0,0.0,,,,,,,,,17.895533754557068,,,,,,,,,,,,,"rgba(239, 83, 80, 0.75)"
2025-03-18 00:00:00+00:00,16.8686726059,17.6281322601,16.5608501131,17.2216423976,354625,0.0,0.0,0.0,0.0,0.0,0.0,0.0,0.0,,,,,,,,,17.752418814496036,,,,,,,,,,,,,"rgba(239, 83, 80, 0.75)"
2025-03-19 00:00:00+00:00,18.0260851788,18.5131014054,16.5526415132,16.9179242047,309723,0.0,0.0,0.0,0.0,0.0,0.0,0.0,0.0,,,,,,,,,17.74553531223076,,,,,,,,,,,,,"rgba(239, 83, 80, 0.75)"
2025-03-20 00:00:00+00:00,17.246268197,17.8372873832,16.9589672038,17.3611885944,288344,0.0,0.0,0.0,0.0,0.0,0.0,0.0,0.0,,,,,,,,,17.70409489492921,,,,,,,,,,,,,"rgba(239, 83, 80, 0.75)"
2025-03-21 00:00:00+00:00,17.4268573928,17.5089433909,16.6552490109,16.8932984053,332662,0.0,0.0,0.0,0.0,0.0,0.0,0.0,0.0,,,,,,,,,17.649717942544985,,,,,,,,,,,,,"rgba(239, 83, 80, 0.75)"
2025-03-24 00:00:00+00:00,17.3365627949,18.3215947719,17.2791025963,17.9604163804,357468,0.0,0.0,0.0,0.0,0.0,0.0,0.0,0.0,,,,,,,,,17.649308301985606,,,,,,,,,,,,,"rgba(239, 83, 80, 0.75)"
2025-03-25 00:00:00+00:00,16.7960018718,17.4159585764,16.7133850401,17.2917028616,367028,0.0,0.0,0.0,0.0,0.0,0.0,0.0,0.0,,,,,,,,,17.584643971696384,,,,,,,,,,,,,"rgba(239, 83, 80, 0.75)"
2025-03-26 00:00:00+00:00,15.2180203875,16.7712168223,14.9082072689,16.5646747432,695849,0.0,0.0,0.0,0.0,0.0,0.0,0.0,0.0,,,,,,,,,17.28427678339894,,,,,,,,,,,,,"rgba(239, 83, 80, 1.0)"
2025-03-27 00:00:00+00:00,13.9705062298,14.9619082094,13.7185248933,14.887553061,591229,0.0,0.0,0.0,0.0,0.0,0.0,0.0,0.0,,,,,,,,,16.929648038674816,,,,,,,,,,,,,"rgba(239, 83, 80, 1.0)"
2025-03-28 00:00:00+00:00,13.4913286063,14.1192165267,13.0699827649,13.9374594971,397659,0.0,0.0,0.0,0.0,0.0,0.0,0.0,0.0,,,,,,,,,16.686533030608597,,,,,,,,,,,,,"rgba(239, 83, 80, 1.0)"
2025-03-31 00:00:00+00:00,13.2186930619,13.276524844,12.1529359338,12.7477771216,513432,0.0,0.0,0.0,0.0,0.0,0.0,0.0,0.0,,,,,,,,,16.362373850684715,,,,,,,,,,,,,"rgba(239, 83, 80, 1.0)"
2025-04-01 00:00:00+00:00,13.3508799925,13.4003674747,12.6073285078,13.0451977155,370586,0.0,0.0,0.0,0.0,0.0,0.0,0.0,0.0,,,,,,,,,16.174464834173737,,,,,,,,,,,,,"rgba(239, 83, 80, 1.0)"
2025-04-02 00:00:00+00:00,13.9044127645,14.1437537257,12.8964874185,13.0286743491,402095,0.0,0.0,0.0,0.0,0.0,0.0,0.0,0.0,,,,,,,,,16.025028830786585,,,,,,,,,,,,,"rgba(239, 83, 80, 1.0)"
2025-04-03 00:00:00+00:00,10.9880386077,12.4999266266,10.9715152414,12.0372723695,503736,0.0,0.0,0.0,0.0,0.0,0.0,0.0,0.0,,,,,,,,,15.711900527925348,,,,,,,,,,,,,"rgba(239, 83, 80, 1.0)"
2025-04-04 00:00:00+00:00,9.8809730638,10.8227223276,8.8895710841,10.1370852418,2545691,0.0,0.0,0.0,0.0,0.0,0.0,0.0,0.0,,,,,,,,,14.200172751560114,,,,,,,,,,,,,"rgba(239, 83, 80, 1.0)"
2025-04-07 00:00:00+00:00,10.9715152414,11.7728985082,8.8234776188,9.6165992025,1081358,0.0,0.0,0.0,0.0,0.0,0.0,0.0,0.0,,,,,,,,,13.836278528312997,,,,,,,,,,,10.522630456133333,,"rgba(239, 83, 80, 1.0)"
2025-04-08 00:00:00+00:00,11.2276274194,13.1443379134,10.8062815781,12.871702369,1291652,0.0,0.0,0.0,0.0,0.0,0.0,0.0,0.0,,,,,,,,,13.613229982809044,,,,,,,,,,,11.177680787032516,,"rgba(239, 83, 80, 0.75)"
2025-04-09 00:00:00+00:00,15.3667306844,15.697198011,11.4424311817,11.7646368251,1793670,0.0,0.0,0.0,0.0,0.0,0.0,0.0,0.0,,,,,,,,,13.684338390776688,,,,,,,,,,,12.465290300996319,,"rgba(239, 83, 80, 0.75)"
2025-04-10 00:00:00+00:00,13.2186930619,13.992978008,12.367739696,13.7143940517,947752,0.0,0.0,0.0,0.0,0.0,0.0,0.0,0.0,,,,,,,,,13.653222422336412,,,,,,,,,,,12.600167075331747,,"rgba(239, 83, 80, 0.5)"
2025-04-11 00:00:00+00:00,14.689272665,14.7966745462,13.4087117747,13.4500201905,726530,0.0,0.0,0.0,0.0,0.0,0.0,0.0,0.0,,,,,,,,,13.683093225508754,,,,,,,,,,,12.811379910780406,,"rgba(239, 83, 80, 0.5)"
2025-04-14 00:00:00+00:00,14.1192165267,15.3667306844,13.7474407844,15.3088989023,1064109,0.0,0.0,0.0,0.0,0.0,0.0,0.0,0.0,,,,,,,,,13.7293390388777,,,,,,,,,,,13.057909998115816,,"rgba(239, 83, 80, 0.5)"
2025-04-15 00:00:00+00:00,14.2100950415,14.7386775303,14.1192165267,14.3918520711,449898,0.0,0.0,0.0,0.0,0.0,0.0,0.0,0.0,,,,,,,,,13.745728620481533,,,,,,,,,,,13.13731297871483,,#000000
2025-04-16 00:00:00+00:00,13.5326370221,13.7391791012,12.3429546465,12.8634406859,554013,0.0,0.0,0.0,0.0,0.0,0.0,0.0,0.0,,,,,,,,,13.728854631242847,,,,,,,,,,,13.142049006379702,,#000000
2025-04-17 00:00:00+00:00,12.9460575175,13.7391791012,12.8056089037,13.730917418,503381,0.0,0.0,0.0,0.0,0.0,0.0,0.0,0.0,,,,,,,,,13.713271834586502,,,,,,,,,,,13.143339487911467,,"rgba(239, 83, 80, 0.5)"
2025-04-21 00:00:00+00:00,12.2107677159,12.4751415772,11.5488416608,12.318169597,323886,1.0,12.475142,11.548841,0.0,0.0,0.0,0.0,0.0,,,,,,12.078250317966665,,,13.684775059926888,,,,,,,,,,,13.103852578724613,,"rgba(239, 83, 80, 0.5)"
2025-04-22 00:00:00+00:00,12.6816836562,12.8097397453,12.1239374259,12.4503565277,572693,0.0,0.0,0.0,0.0,0.0,0.0,0.0,0.0,,,,,,12.372206794114458,,,13.650504086857522,,,,,,,,,,,13.069068815747883,,"rgba(239, 83, 80, 0.5)"
2025-04-23 00:00:00+00:00,13.7722258339,14.3257586058,13.6483005864,13.9705062298,1123845,0.0,0.0,0.0,0.0,0.0,0.0,0.0,0.0,,,,,,13.230611673744123,,,13.665185447726717,,,,,,,,,,,13.160240706999787,,"rgba(239, 83, 80, 0.5)"
2025-04-24 00:00:00+00:00,15.548487714,15.6063194962,14.0448613783,14.1274782099,1009084,0.0,0.0,0.0,0.0,0.0,0.0,0.0,0.0,,,,,,13.842137453660937,,,13.731610090410573,,,,,,,,,,,13.328362901269454,,#000000
2025-04-25 00:00:00+00:00,16.1928990008,16.4046459403,15.3749923676,15.3832540508,1239293,0.0,0.0,0.0,0.0,0.0,0.0,0.0,0.0,,,,,,14.465937713955046,,,13.85589292300959,,,,,,,,,,,13.58855955051243,,"rgba(38, 166, 154, 1.0)"
2025-04-28 00:00:00+00:00,16.2176840503,16.3498709809,15.4493475161,15.9863569217,589336,0.0,0.0,0.0,0.0,0.0,0.0,0.0,0.0,,,,,,14.65271683482939,,,13.910696596223902,,,,,,,,,,,13.695900577246745,,"rgba(38, 166, 154, 1.0)"
2025-04-29 00:00:00+00:00,16.0276653375,16.3663943473,15.8666451327,16.1763756345,590540,0.0,0.0,0.0,0.0,0.0,0.0,0.0,0.0,,,,,,14.80815704071215,,,13.964903526171746,,,,,,,,,,,13.797767518502345,,"rgba(38, 166, 154, 1.0)"
2025-04-30 00:00:00+00:00,16.2176840503,16.3333476146,14.8627680115,15.0610484074,947011,0.0,0.0,0.0,0.0,0.0,0.0,0.0,0.0,,,,,,14.955700563968323,,,14.035567255631396,,,,,,,,,,,13.926109346402901,,"rgba(38, 166, 154, 1.0)"
2025-05-01 00:00:00+00:00,17.060375733,17.7295720693,16.9364504855,17.1843009805,514044,0.0,0.0,0.0,0.0,0.0,0.0,0.0,0.0,,,,,,15.125797863416901,,,14.101057116916596,,,,,,,,,,,14.037359272797147,,"rgba(38, 166, 154, 1.0)"
2025-05-02 00:00:00+00:00,18.1096094948,18.4566001877,17.7171795445,18.0600393958,619646,0.0,0.0,0.0,0.0,0.0,0.0,0.0,0.0,,,,,,15.370110411426806,,,14.197010038126628,,,,,,,,,,,14.195056486861338,,"rgba(38, 166, 154, 1.0)"
2025-05-05 00:00:00+00:00,17.6221701881,18.0393851879,17.514768307,17.5808617723,324607,0.0,0.0,0.0,0.0,0.0,0.0,0.0,0.0,,,,,,15.467456773848832,,,14.240871003981852,,,,,,,,,,,14.265507924366462,,"rgba(38, 166, 154, 1.0)"
2025-05-06 00:00:00+00:00,17.4486748417,17.7956655346,16.7546934559,16.7712168223,507986,0.0,0.0,0.0,0.0,0.0,0.0,0.0,0.0,,,,,,15.580788375936539,,,14.299875119862484,,,,,,,,,,,14.358402745603126,,"rgba(38, 166, 154, 1.0)"
2025-05-07 00:00:00+00:00,18.3574599897,18.5392170193,17.2421327626,17.3991047427,431395,0.0,0.0,0.0,0.0,0.0,0.0,0.0,0.0,,,,,,15.701742787747593,,,14.359616979828967,,,,,,,,,,,14.45086772987476,,"rgba(38, 166, 154, 1.0)"
2025-05-08 00:00:00+00:00,18.8366376132,19.4309004832,18.123241272,18.8201142469,641574,0.0,0.0,0.0,0.0,0.0,0.0,0.0,0.0,,,,,,15.912214647331322,,,14.462413208138997,,,,,,,,,,,14.60709964240746,,"rgba(38, 166, 154, 1.0)"
2025-05-09 00:00:00+00:00,18.8862077122,19.1918899892,18.5971314183,19.1010114744,261113,0.0,0.0,0.0,0.0,0.0,0.0,0.0,0.0,,,,,,15.992452822305074,,,,,,,,,,,,,,14.668881749216222,,"rgba(38, 166, 154, 1.0)"
2025-05-12 00:00:00+00:00,21.348189295,21.348189295,20.3113480579,21.0259836516,1242617,0.0,0.0,0.0,0.0,0.0,0.0,0.0,0.0,,,,,,16.561595476087504,,,,,,,,,,,,,,15.075596759664432,,"rgba(38, 166, 154, 1.0)"
2025-05-13 00:00:00+00:00,23.3392549374,23.9188946282,21.4473294929,21.5877781067,443557,0.0,0.0,0.0,0.0,0.0,0.0,0.0,0.0,,,,,,16.808669602002997,,,,,,,,,,,,,,15.250966844099484,,"rgba(38, 166, 154, 1.0)"
2025-05-14 00:00:00+00:00,23.3144698879,23.620152165,22.611731118,23.0418343435,407089,0.0,0.0,0.0,0.0,0.0,0.0,0.0,0.0,,,,,,17.028746884042633,,,,,,,,,,,,,,15.410789415302528,,"rgba(38, 166, 154, 1.0)"
2025-05-15 00:00:00+00:00,23.3805633532,23.7936475114,22.5461333537,22.9179090961,181943,0.0,0.0,0.0,0.0,0.0,0.0,0.0,0.0,,,,,,17.123149227331115,,,,,,,,,,,,,,15.48067350839689,,"rgba(38, 166, 154, 1.0)"
2025-05-16 00:00:00+00:00,22.612226819,23.3805633532,22.1495725618,23.2648997889,301023,0.0,0.0,0.0,0.0,0.0,0.0,0.0,0.0,,,,,,17.260288438215728,,,,,,,,,,,,,,15.585941645102844,,"rgba(38, 166, 154, 1.0)"
2025-05-19 00:00:00+00:00,22.9426941455,23.0914044425,21.2077406812,21.2077406812,277724,1.0,23.091404,21.20774,0.0,0.0,0.0,0.0,0.0,,,,,22.41394642306667,17.374335755020574,,,,,,,,,,,,,,15.676403786998888,,"rgba(38, 166, 154, 1.0)"
2025-05-20 00:00:00+00:00,23.2153296899,23.2153296899,22.1000024628,22.2156660271,217593,0.0,0.0,0.0,0.0,0.0,0.0,0.0,0.0,,,,,22.602673218374065,17.467545417554888,,,,,,,,,,,,,,15.750035727645486,,"rgba(38, 166, 154, 1.0)"
2025-05-21 00:00:00+00:00,22.7691987991,24.1571615706,22.4304697894,22.5213483042,278542,0.0,0.0,0.0,0.0,0.0,0.0,0.0,0.0,,,,,22.788498963287537,17.588205748684896,,,,,,,,,,,,,,15.845687795332752,,"rgba(38, 166, 154, 0.75)"
2025-05-22 00:00:00+00:00,22.9261707792,23.5457970165,22.3891613736,22.513086621,171018,0.0,0.0,0.0,0.0,0.0,0.0,0.0,0.0,,,,,22.818401282554074,17.65763048350851,,,,,,,,,,,,,,15.901888745776452,,"rgba(38, 166, 154, 0.75)"
2025-05-23 00:00:00+00:00,22.5296099874,22.9426941455,22.0669557302,22.0752174134,248395,0.0,0.0,0.0,0.0,0.0,0.0,0.0,0.0,,,,,22.754846086967113,17.747197613630338,,,,,,,,,,,,,,15.976950210550473,,"rgba(38, 166, 154, 0.75)"
2025-05-27 00:00:00+00:00,23.8019091946,24.0497596895,23.1079278088,23.4466568185,193085,0.0,0.0,0.0,0.0,0.0,0.0,0.0,0.0,,,,,22.879964258150643,17.830687649344856,,,,,,,,,,,,,,16.044104772801223,,"rgba(38, 166, 154, 0.75)"
2025-05-28 00:00:00+00:00,24.7106943426,25.012245778,23.6945073134,24.2645634517,581583,0.0,0.0,0.0,0.0,0.0,0.0,0.0,0.0,,,,,23.350599299795533,18.101944302635353,,,,,,,,,,,,,,16.26049514021062,,"rgba(38, 166, 154, 0.75)"
2025-05-29 00:00:00+00:00,25.2311803819,26.0490870151,24.2794344814,26.0490870151,687647,0.0,0.0,0.0,0.0,0.0,0.0,0.0,0.0,,,,,23.82601128309171,18.428294952236964,,,,,,,,,,,,,,16.523473963107996,,"rgba(38, 166, 154, 1.0)"
2025-05-30 00:00:00+00:00,25.2477037482,25.4254125531,23.7440774124,25.0411616691,706029,0.0,0.0,0.0,0.0,0.0,0.0,0.0,0.0,,,,,24.03177859856538,18.716300858590607,,,,,,,,,,,,,,16.766651637236382,,"rgba(38, 166, 154, 1.0)"
2025-06-02 00:00:00+00:00,26.6274048365,26.8752553315,25.4790308768,25.48729256,511299,0.0,0.0,0.0,0.0,0.0,0.0,0.0,0.0,,,,,24.334822219241413,18.957329855458337,,,,,,,,,,,,,,16.96570701302987,,"rgba(38, 166, 154, 1.0)"
2025-06-03 00:00:00+00:00,28.3293115683,28.5640259869,26.751330084,26.8835170146,698618,0.0,0.0,0.0,0.0,0.0,0.0,0.0,0.0,,,,,24.876831207566674,19.327473135744125,,,,,,,,,,,,,,17.267653273606534,,"rgba(38, 166, 154, 1.0)"
2025-06-04 00:00:00+00:00,29.2876668152,30.2038874781,28.5234611226,28.5523770137,1054360,0.0,0.0,0.0,0.0,0.0,0.0,0.0,0.0,,,,,25.712971318886385,19.917201193263935,,,,,,,,,,,,,,17.751370012722358,,"rgba(38, 166, 154, 1.0)"
2025-06-05 00:00:00+00:00,29.023292954,30.1138351316,28.8002275086,29.6924892903,1552522,0.0,0.0,0.0,0.0,0.0,0.0,0.0,0.0,,,,,26.491454136611384,20.667114338431485,,,,,,,,,,,,,,18.395550297265686,,"rgba(38, 166, 154, 1.0)"
2025-06-06 00:00:00+00:00,26.0986571141,27.9327507764,25.9127692429,26.9661338463,1609727,0.0,0.0,0.0,0.0,0.0,0.0,0.0,0.0,,,,,26.520139511575415,21.124260318911837,,,,,,,,,,,,,,18.846280869440815,,"rgba(38, 166, 154, 0.75)"
2025-06-09 00:00:00+00:00,25.4707691936,26.3134608763,24.8924513722,25.693834639,636306,0.0,0.0,0.0,0.0,0.0,0.0,0.0,0.0,,,,,26.455239540264607,21.25431604162889,,,,,,,,,,,,,,18.988140868090454,,"rgba(38, 166, 154, 0.75)"
2025-06-10 00:00:00+00:00,25.5533860253,25.9160739162,24.9089747385,25.5946944411,668471,0.0,0.0,0.0,0.0,0.0,0.0,0.0,0.0,,,,,26.389288593758234,21.380003665495735,,,,,,,,,,,,,,19.128694595975638,,"rgba(38, 166, 154, 0.75)"
2025-06-11 00:00:00+00:00,27.2883394896,27.6766385983,25.4294607778,25.9499468171,894321,0.0,0.0,0.0,0.0,0.0,0.0,0.0,0.0,,,,,26.422568109130502,21.58832947411757,,,,,,,,,,,,,,19.34525738367109,,"rgba(38, 166, 154, 0.75)"
2025-06-12 00:00:00+00:00,27.9327507764,28.3599624128,26.5447880049,26.6604515692,586124,0.0,0.0,0.0,0.0,0.0,0.0,0.0,0.0,,,,,26.482831302520154,21.73640309554973,,,,,,,,,,,,,,19.49547215807177,,"rgba(38, 166, 154, 0.75)"
2025-06-13 00:00:00+00:00,26.3382459258,27.4453114697,26.2722350773,26.6687132524,481803,0.0,0.0,0.0,0.0,0.0,0.0,0.0,0.0,,,,,26.49092183804538,21.834414856103784,,,,,,,,,,,,,,19.60127799943545,,"rgba(38, 166, 154, 0.5)"
2025-06-16 00:00:00+00:00,27.0652740442,27.660115232,26.5282646386,26.7595917672,308705,0.0,0.0,0.0,0.0,0.0,0.0,0.0,0.0,,,,,26.505743763132898,21.900202047255288,,,,,,,,,,,,,,19.67117898427461,,"rgba(38, 166, 154, 0.5)"
2025-06-17 00:00:00+00:00,26.4373861238,27.4287881034,26.1647505794,26.7761151335,343643,0.0,0.0,0.0,0.0,0.0,0.0,0.0,0.0,,,,,26.51037428245766,21.965915334102515,,,,,,,,,,,,,,19.74327652867061,,"rgba(38, 166, 154, 0.5)"
2025-06-18 00:00:00+00:00,26.8752553315,27.7633862715,26.4869562228,26.6852366187,371142,0.0,0.0,0.0,0.0,0.0,0.0,0.0,0.0,,,,,26.52545678500216,22.040228102575966,,,,,,,,,,,,,,19.823506035607377,,"rgba(38, 166, 154, 0.5)"
2025-06-20 00:00:00+00:00,26.7100216682,27.3957413708,25.4625075105,27.3461712718,467115,1.0,27.39574,25.462507,0.0,0.0,0.0,0.0,0.0,,,,26.522756849833335,26.5253636799199,22.121328576522416,,,,,,,,,,,,,,19.91492532927497,,"rgba(38, 166, 154, 0.5)"
2025-06-23 00:00:00+00:00,27.4618348361,27.5527133509,25.941685134,26.5034795891,295560,0.0,0.0,0.0,0.0,0.0,0.0,0.0,0.0,,,,26.70204959215238,26.535187273310175,22.176381401945505,,,,,,,,,,,,,,19.975452299343463,,"rgba(38, 166, 154, 0.5)"
2025-06-24 00:00:00+00:00,29.6019081961,30.0670335774,28.5470702777,28.5470702777,383638,0.0,0.0,0.0,0.0,0.0,0.0,0.0,0.0,,,,27.606762274463932,26.612593316013573,22.28104516866944,,,,,,,,,,,,,,20.079081693171418,,"rgba(38, 166, 154, 0.5)"
2025-06-25 00:00:00+00:00,29.8344708867,30.9432965725,29.6351314376,30.12517425,254337,0.0,0.0,0.0,0.0,0.0,0.0,0.0,0.0,,,,28.06633037425437,26.67451257840347,22.355740580987113,,,,,,,,,,,,,,20.151834089004957,,"rgba(38, 166, 154, 0.5)"
2025-06-26 00:00:00+00:00,31.0222017711,31.3876574279,29.7763302141,29.9258348009,408591,0.0,0.0,0.0,0.0,0.0,0.0,0.0,0.0,,,,28.66759490758576,26.785778565755983,22.481701750602696,,,,,,,,,,,,,,20.273321731798315,,"rgba(38, 166, 154, 0.5)"
2025-06-27 00:00:00+00:00,30.6982751663,31.4019434217,30.299596268,31.1634005476,232833,0.0,0.0,0.0,0.0,0.0,0.0,0.0,0.0,,,,28.910720232951586,26.84758965478259,22.55240445012286,,,,,,,,,,,,,,20.34177356741119,,"rgba(38, 166, 154, 1.0)"
2025-06-30 00:00:00+00:00,32.3179081905,32.7331987095,31.4899019537,32.0853454998,277166,0.0,0.0,0.0,0.0,0.0,0.0,0.0,0.0,,,,29.301463063603844,26.943580428872764,22.64884529189788,,,,,,,,,,,,,,20.432710815514806,,"rgba(38, 166, 154, 1.0)"
2025-07-01 00:00:00+00:00,29.7597185933,31.9939815856,29.2613699705,31.9939815856,464325,0.0,0.0,0.0,0.0,0.0,0.0,0.0,0.0,,,,29.474426743404937,27.042953612512296,22.775751115160762,,,,,,,,,,,,,,20.55856124841127,,"rgba(38, 166, 154, 0.5)"
2025-07-02 00:00:00+00:00,30.8477797531,31.3544341863,29.2862874016,29.4607094196,525357,0.0,0.0,0.0,0.0,0.0,0.0,0.0,0.0,,,,29.636648293414154,27.15365757222019,22.91727219887178,,,,,,,,,,,,,,20.699388807193632,,"rgba(38, 166, 154, 0.5)"
2025-07-03 00:00:00+00:00,32.0272048272,32.2016268452,30.99728434,31.1052598749,147547,0.0,0.0,0.0,0.0,0.0,0.0,0.0,0.0,,,,29.72652152358406,27.194600826353977,22.962471260815622,,,,,,,,,,,,,,20.74316419365223,,"rgba(38, 166, 154, 0.5)"
2025-07-07 00:00:00+00:00,31.7946421365,32.5882623184,31.520550394,31.9109234818,248657,0.0,0.0,0.0,0.0,0.0,0.0,0.0,0.0,,,,29.876938575068355,27.265317537426146,23.03953753164366,,,,,,,,,,,,,,20.817655944730944,,"rgba(38, 166, 154, 0.5)"
2025-07-08 00:00:00+00:00,31.2132354099,32.3096023801,31.1052598749,32.3096023801,136825,0.0,0.0,0.0,0.0,0.0,0.0,0.0,0.0,,,,29.93626200227142,27.299905700507615,23.07939124596358,,,,,,,,,,,,,,20.85667852613366,,"rgba(38, 166, 154, 0.5)"
2025-07-09 00:00:00+00:00,32.6750580368,32.9491497794,31.4790213421,31.5620794459,234078,0.0,0.0,0.0,0.0,0.0,0.0,0.0,0.0,,,,30.075896980662847,27.369057023460545,23.153275813827754,,,,,,,,,,,,,,20.927887157234068,,"rgba(38, 166, 154, 0.5)"
2025-07-10 00:00:00+00:00,32.0687338791,33.3146054361,31.4457981005,33.1484892285,407544,0.0,0.0,0.0,0.0,0.0,0.0,0.0,0.0,,,,30.27591453375293,27.482934912776354,23.2778988015065,,,,,,,,,,,,,,21.048812326049564,,"rgba(38, 166, 154, 0.5)"
2025-07-11 00:00:00+00:00,31.8195595677,32.2763791386,31.2410598747,31.740654369,208715,0.0,0.0,0.0,0.0,0.0,0.0,0.0,0.0,,,,30.342772404447473,27.53339104361001,23.336957278744027,,,,,,,,,,,,,,21.107049659598378,,"rgba(38, 166, 154, 0.5)"
2025-07-14 00:00:00+00:00,32.110262931,32.5931627465,30.6899693559,31.7198898431,163783,0.0,0.0,0.0,0.0,0.0,0.0,0.0,0.0,,,,30.391846751493503,27.572334339597333,23.38283212475716,,,,,,,,,,,,,,21.1523886373144,,"rgba(38, 166, 154, 0.5)"
2025-07-15 00:00:00+00:00,33.289688005,33.8461773005,32.6584464161,32.9989846417,213447,0.0,0.0,0.0,0.0,0.0,0.0,0.0,0.0,,,,30.51280834411712,27.63928506257064,23.452169351221155,,,,,,,,,,,,,,21.218965094733957,,"rgba(38, 166, 154, 0.5)"
2025-07-16 00:00:00+00:00,33.2730763842,33.4087933259,32.0687338791,33.1401834182,201362,0.0,0.0,0.0,0.0,0.0,0.0,0.0,0.0,,,,30.60464997831382,27.697199582586787,23.51440701978494,,,,,,,,,,,,,,21.27930997649008,,"rgba(38, 166, 154, 0.5)"
2025-07-17 00:00:00+00:00,34.6103118555,35.0064159525,33.0571253143,33.2813821946,291758,0.0,0.0,0.0,0.0,0.0,0.0,0.0,0.0,,,,30.794515747884383,27.79936128633478,23.615488484728548,,,,,,,,,,,,,,21.375350836364365,,"rgba(38, 166, 154, 0.5)"
2025-07-18 00:00:00+00:00,33.8461773005,34.8221100202,33.3894407877,34.6020060451,212217,0.0,0.0,0.0,0.0,0.0,0.0,0.0,0.0,,,,30.9130194817775,27.869372888128545,23.686421727713334,,,,,,,,,,,,,,21.443215628347954,,"rgba(38, 166, 154, 0.5)"
2025-07-21 00:00:00+00:00,34.9508500811,35.5239509974,33.913786597,33.987376077,175913,0.0,0.0,0.0,0.0,0.0,0.0,0.0,0.0,,,,31.027811591270282,27.933406258293473,23.74885773807318,,,,,,,,,,,,,,21.502362495367386,,"rgba(38, 166, 154, 0.5)"
2025-07-22 00:00:00+00:00,32.591999933,34.8428745462,32.1351803621,34.8013454942,206183,0.0,0.0,0.0,0.0,0.0,0.0,0.0,0.0,,,,31.100219226444203,27.989750930973475,23.810639304661912,,,,,,,,,,,,,,21.56272774236951,,"rgba(38, 166, 154, 0.5)"
2025-07-23 00:00:00+00:00,33.8461773005,33.8461773005,31.3378225656,32.1850152244,278135,0.0,0.0,0.0,0.0,0.0,0.0,0.0,0.0,,,,31.18276564476149,28.06130682879505,23.89113633480043,,,,,,,,,,,,,,21.64193249791311,,"rgba(38, 166, 154, 0.5)"
2025-07-24 00:00:00+00:00,35.0422139953,35.5322568077,33.7700960774,35.2747766859,225019,0.0,0.0,0.0,0.0,0.0,0.0,0.0,0.0,,,,31.304353611067576,28.13791630225873,23.967689406859968,,,,,,,,,,,,,,21.715074708717005,,"rgba(38, 166, 154, 0.5)"
2025-07-25 00:00:00+00:00,35.341223169,35.8561834126,34.6352292866,34.9093210292,137904,0.0,0.0,0.0,0.0,0.0,0.0,0.0,0.0,,,,31.384953537488496,28.18745093728468,24.016203416264748,,,,,,,,,,,,,,21.761185618272133,,"rgba(38, 166, 154, 0.5)"
2025-07-28 00:00:00+00:00,36.2880855524,36.5663302001,35.4991166243,35.8063485503,166303,0.0,0.0,0.0,0.0,0.0,0.0,0.0,0.0,,,,31.497971722698278,28.25325197596295,24.078481724265032,,,,,,,,,,,,,,21.819808138603037,,"rgba(38, 166, 154, 0.5)"
2025-07-29 00:00:00+00:00,37.11036078,38.2067277502,36.4671588242,37.0688317281,252160,0.0,0.0,0.0,0.0,0.0,0.0,0.0,0.0,,,,31.69935961067173,28.365175314121398,24.180553352025203,,,,,,,,,,,,,,21.91482466514769,,"rgba(38, 166, 154, 0.5)"
2025-07-30 00:00:00+00:00,38.3728439579,38.5124646304,36.9110213309,36.9110213309,223799,0.0,0.0,0.0,0.0,0.0,0.0,0.0,0.0,,,,31.886837096149563,28.469521428583974,24.274407303136872,,,,,,,,,,,,,,22.001823247397514,,"rgba(38, 166, 154, 0.5)"
2025-07-31 00:00:00+00:00,36.0721344825,39.3861528243,35.3537649427,38.4559020617,321453,0.0,0.0,0.0,0.0,0.0,0.0,0.0,0.0,,,,32.09600490030204,28.60013368268833,24.397337348351627,,,,,,,,,,,,,,22.117441961814226,,"rgba(38, 166, 154, 0.5)"
2025-08-01 00:00:00+00:00,34.7681222527,35.8063485503,33.1401834182,34.1285748534,267515,0.0,0.0,0.0,0.0,0.0,0.0,0.0,0.0,,,,32.1784841768259,28.675813599461517,24.47887540587538,,,,,,,,,,,,,,22.197160997999337,,"rgba(38, 166, 154, 0.5)"
2025-08-04 00:00:00+00:00,37.0106910555,37.176724205,35.5488684285,35.7066788257,145394,0.0,0.0,0.0,0.0,0.0,0.0,0.0,0.0,,,,32.25674749235587,28.729877754599194,24.531350298756085,,,,,,,,,,,,,,22.247020352878945,,"rgba(38, 166, 154, 0.5)"
2025-08-05 00:00:00+00:00,35.822960171,37.7914372312,35.4741161351,37.1352782112,151062,0.0,0.0,0.0,0.0,0.0,0.0,0.0,0.0,,,,32.331248686666605,28.783747650650795,24.584422353755006,,,,,,,,,,,,,,22.29768356117803,,"rgba(38, 166, 154, 0.5)"
2025-08-06 00:00:00+00:00,37.874495335,38.1984219399,35.5969590706,35.8312659814,207113,0.0,0.0,0.0,0.0,0.0,0.0,0.0,0.0,,,,32.44999105033013,28.864627839600473,24.66167692164253,,,,,,,,,,,,,,22.370770366665397,,"rgba(38, 166, 154, 0.5)"
2025-08-07 00:00:00+00:00,38.4226788201,40.0921467066,37.4925111156,39.0788378402,247331,0.0,0.0,0.0,0.0,0.0,0.0,0.0,0.0,,,,32.62517978669938,28.97556500763248,24.763181860288736,,,,,,,,,,,,,,22.46552257976137,,"rgba(38, 166, 154, 0.5)"
2025-08-08 00:00:00+00:00,38.7216879938,39.4359876866,38.1236696464,38.5804892174,134554,0.0,0.0,0.0,0.0,0.0,0.0,0.0,0.0,,,,32.717782520038725,29.03542833930609,24.81814621079806,,,,,,,,,,,,,,22.5168967704773,,"rgba(38, 166, 154, 0.5)"
2025-08-11 00:00:00+00:00,38.4559020617,39.4736130076,37.8495779039,38.8047460976,115511,0.0,0.0,0.0,0.0,0.0,0.0,0.0,0.0,,,,32.79293650616539,29.085363441793163,24.864425961179062,,,,,,,,,,,,,,22.56029051204067,,"rgba(38, 166, 154, 0.5)"
2025-08-12 00:00:00+00:00,40.7067766748,40.7399999163,38.6635473212,39.1286727025,168191,0.0,0.0,0.0,0.0,0.0,0.0,0.0,0.0,,,,32.92538878497447,29.168046231257673,24.938287080939226,,,,,,,,,,,,,,22.628709302423506,,"rgba(38, 166, 154, 0.5)"
2025-08-13 00:00:00+00:00,39.7100794291,41.7906849294,38.63862989,41.6370274374,193530,0.0,0.0,0.0,0.0,0.0,0.0,0.0,0.0,,,,33.0721256713332,29.261737633457912,25.022444956472935,,,,,,,,,,,,,,22.70681938192031,,"rgba(38, 166, 154, 0.5)"
2025-08-14 00:00:00+00:00,40.2333454831,40.9446550841,39.2449540478,39.2449540478,153913,0.0,0.0,0.0,0.0,0.0,0.0,0.0,0.0,,,,33.18610092694731,29.335748460226615,25.089125608212413,,,,,,,,,,,,,,22.768777313041163,,"rgba(38, 166, 154, 0.5)"
2025-08-15 00:00:00+00:00,38.921027443,40.1419815689,37.2930886084,40.1419815689,169444,0.0,0.0,0.0,0.0,0.0,0.0,0.0,0.0,,,,33.28375757238409,29.405994369587145,25.15530741136423,,,,,,,,,,,,,,22.83119689027549,,"rgba(38, 166, 154, 0.5)"
2025-08-18 00:00:00+00:00,38.7839815717,38.8462751495,37.11036078,38.0239999219,202912,0.0,0.0,0.0,0.0,0.0,0.0,0.0,0.0,,,,33.38529577341883,29.48400158297821,25.230626406456807,,,,,,,,,,,,,,22.902806744695347,,"rgba(38, 166, 154, 0.5)"
2025-08-19 00:00:00+00:00,35.997382189,37.9409418181,35.3827522209,37.9409418181,269329,0.0,0.0,0.0,0.0,0.0,0.0,0.0,0.0,,,,33.46606290930109,29.56452828385741,25.31557960449838,,,,,,,,,,,,,,22.985764353387825,,"rgba(38, 166, 154, 0.5)"
2025-08-20 00:00:00+00:00,35.0172965641,35.9641589475,32.8079510029,35.9641589475,284006,0.0,0.0,0.0,0.0,0.0,0.0,0.0,0.0,,,,33.49672147561298,29.62521151196725,25.38915991246871,,,,,,,,,,,,,,23.06030990184723,,#000000
2025-08-21 00:00:00+00:00,34.6186176659,35.3109069611,33.8378714901,34.8096513046,117310,0.0,0.0,0.0,0.0,0.0,0.0,0.0,0.0,,,,33.50882390565227,29.64981561529234,25.41918927798586,,,,,,,,,,,,,,23.0908032691215,,"rgba(239, 83, 80, 1.0)"
2025-08-22 00:00:00+00:00,35.6734555842,37.0937491593,34.5521711828,34.9425442707,231230,0.0,0.0,0.0,0.0,0.0,0.0,0.0,0.0,,,,33.557213099237096,29.70906115417262,25.485378769536595,,,,,,,,,,,,,,23.15657966196598,,"rgba(239, 83, 80, 1.0)"
2025-08-25 00:00:00+00:00,35.7399020672,36.7116818818,35.2747766859,35.515645187,110045,0.0,0.0,0.0,0.0,0.0,0.0,0.0,0.0,,,,33.580888875767606,29.737477803126104,25.516994278196965,,,,,,,,,,,,,,23.18797839512886,,"rgba(239, 83, 80, 1.0)"
2025-08-26 00:00:00+00:00,36.5704831053,37.1352782112,35.734918581,35.8977124645,135457,0.0,0.0,0.0,0.0,0.0,0.0,0.0,0.0,,,,33.6163805457875,29.775306824960246,25.557773764342585,,,,,,,,,,,,,,23.228142868357743,,"rgba(239, 83, 80, 1.0)"
2025-08-27 00:00:00+00:00,37.0771375385,37.3429234707,35.6485381531,36.5621772949,170692,0.0,0.0,0.0,0.0,0.0,0.0,0.0,0.0,,,,33.663065333064985,29.82384505183923,25.60970728625244,,,,,,,,,,,,,,23.279204508922152,,#000000
2025-08-28 00:00:00+00:00,39.2449540478,39.8180549641,37.7249907482,37.7416023689,384110,0.0,0.0,0.0,0.0,0.0,0.0,0.0,0.0,,,,33.83714117132483,29.965450170464887,25.748090298741374,,,,,,,,,,,,,,23.411661189700617,,"rgba(38, 166, 154, 0.5)"
2025-08-29 00:00:00+00:00,36.3711436562,38.813051908,35.4182180312,38.813051908,403770,0.0,0.0,0.0,0.0,0.0,0.0,0.0,0.0,,,,33.9388994716926,30.0764668311751,25.8682150499294,,,,,,,,,,,,,,23.530319315464993,,#000000
2025-09-02 00:00:00+00:00,36.5455656742,36.5891711786,33.9209295939,34.2116329572,296480,0.0,0.0,0.0,0.0,0.0,0.0,0.0,0.0,,,,33.98092248849447,30.14193655223015,25.945476148492364,,,,,,,,,,,,,,23.60851763715866,,#000000
2025-09-03 00:00:00+00:00,37.5422629198,38.025661084,36.0887461032,37.3595350914,343213,0.0,0.0,0.0,0.0,0.0,0.0,0.0,0.0,,,,34.06867730115689,30.236290367764283,26.047257158651146,,,,,,,,,,,,,,23.709132427198252,,#000000
2025-09-04 00:00:00+00:00,38.4725136824,39.0373087883,37.4841222471,38.2511638358,659365,0.0,0.0,0.0,0.0,0.0,0.0,0.0,0.0,,,,34.27963516663331,30.438457043102428,26.256691104345524,,,,,,,,,,,,,,23.91389079182115,,"rgba(38, 166, 154, 0.5)"
2025-09-05 00:00:00+00:00,45.5988989889,51.0973454608,44.7840989906,50.9561466843,1524431,0.0,0.0,0.0,0.0,0.0,0.0,0.0,0.0,,,,35.60209533808068,31.351253332231273,27.04940153676673,,,,,,,,,,,,,,24.642888593495698,,"rgba(38, 166, 154, 0.5)"
2025-09-08 00:00:00+00:00,48.5391558636,50.8730055224,47.3971069363,47.8414677916,842107,0.0,0.0,0.0,0.0,0.0,0.0,0.0,0.0,,,,36.31778158844876,31.866005502744493,27.498497767416403,,,,,,,,,,,,,,25.05656902192933,,"rgba(38, 166, 154, 1.0)"
2025-09-09 00:00:00+00:00,45.972660456,49.9096145764,45.8397674899,49.8763913348,550708,0.0,0.0,0.0,0.0,0.0,0.0,0.0,0.0,,,,36.688173364084335,32.15479184171486,27.759902332197164,,,,,,,,,,,,,,25.30089005976848,,"rgba(38, 166, 154, 1.0)"
2025-09-10 00:00:00+00:00,54.9678530981,55.8731864295,50.0134372061,50.0134372061,919103,0.0,0.0,0.0,0.0,0.0,0.0,0.0,0.0,,,,37.594980390279154,32.80717989712091,28.318973793279667,,,,,,,,,,,,,,25.81198646798198,,"rgba(38, 166, 154, 1.0)"
2025-09-11 00:00:00+00:00,52.0691252753,56.3549234316,51.8034224012,55.5575656351,515957,0.0,0.0,0.0,0.0,0.0,0.0,0.0,0.0,,,,38.0566042146828,33.152815509867914,28.619845858692212,,,,53.409157036033335,,,,,,,,,,26.088799901488578,,"rgba(38, 166, 154, 1.0)"
2025-09-12 00:00:00+00:00,52.0940427064,53.3316084531,51.3506726774,53.0325992794,272615,0.0,0.0,0.0,0.0,0.0,0.0,0.0,0.0,,,,38.27232175231411,33.32068891499029,28.768678799022368,,,,53.0114615758267,,,,,,,,,,26.226764148146877,,"rgba(38, 166, 154, 1.0)"
2025-09-15 00:00:00+00:00,53.2568561597,53.655535058,51.0403676016,52.0275962234,267256,0.0,0.0,0.0,0.0,0.0,0.0,0.0,0.0,,,,38.48328451949361,33.48577213719773,28.915183543713674,,,,52.920199547757555,,,,,,,,,,26.362627815542044,,"rgba(38, 166, 154, 1.0)"
2025-09-16 00:00:00+00:00,52.0940427064,53.6223118164,51.2576476011,53.6098531009,212064,0.0,0.0,0.0,0.0,0.0,0.0,0.0,0.0,,,,38.64257190261451,33.61257461692178,29.028579897478338,,,,52.82059253488783,,,,,,,,,,26.468118052605135,,"rgba(38, 166, 154, 1.0)"
2025-09-17 00:00:00+00:00,48.0823362926,51.691210903,46.7949356837,51.691210903,509465,0.0,0.0,0.0,0.0,0.0,0.0,0.0,0.0,,,,38.91735099663457,33.85514643968141,29.25666637036525,,,,51.68422030780058,,,,,,,,,,26.684548395029342,,"rgba(38, 166, 154, 0.75)"
2025-09-18 00:00:00+00:00,47.7085748255,49.2700671771,47.3666246122,49.1205625902,419416,0.0,0.0,0.0,0.0,0.0,0.0,0.0,0.0,,,,39.11664909827125,34.03954143591775,29.433584476684935,,,,51.00278857568921,,,,,,,,,,26.853757262082176,,"rgba(38, 166, 154, 0.5)"
2025-09-19 00:00:00+00:00,47.608905101,47.9660549473,45.3746421086,47.5092353764,269536,0.0,0.0,0.0,0.0,0.0,0.0,0.0,0.0,,,,39.22468609464608,34.14621728913985,29.53875544424647,,,,50.56349908173303,,,,,,,,,,26.955381066801543,,"rgba(38, 166, 154, 0.5)"
2025-09-22 00:00:00+00:00,46.147082474,48.2484525003,46.0141895079,47.1770029612,513973,0.0,0.0,0.0,0.0,0.0,0.0,0.0,0.0,,,,39.41809251701874,34.342053069077906,29.733816541111242,,,,49.91501317566588,,,,,,,,,,27.144632852558242,,"rgba(38, 166, 154, 0.5)"
2025-09-23 00:00:00+00:00,46.0985017891,47.8380207601,45.6405145061,46.2650426192,735422,0.0,0.0,0.0,0.0,0.0,0.0,0.0,0.0,,,,39.668488295678166,34.60594333382317,30.000961730566868,,,,49.24418716138157,,,,,,,,,,27.40549713552722,,"rgba(38, 166, 154, 0.5)"
2025-09-24 00:00:00+00:00,46.1484640381,46.3816212004,44.7245399402,45.9902502495,304910,0.0,0.0,0.0,0.0,0.0,0.0,0.0,0.0,,,,39.75606003598719,34.70514127194923,30.104172465684808,,,,48.97931654220971,,,,,,,,,,27.507308922503896,,#000000
2025-09-25 00:00:00+00:00,45.2907787628,45.7987282948,42.917571933,44.5163639025,391419,0.0,0.0,0.0,0.0,0.0,0.0,0.0,0.0,,,,39.84520640757774,34.8176961611972,30.225669782789687,,,,48.59692378030275,,,,,,,,,,27.62870471588095,,#000000
2025-09-26 00:00:00+00:00,44.8411185214,46.1151558721,43.9251439555,45.6654956307,220205,0.0,0.0,0.0,0.0,0.0,0.0,0.0,0.0,,,,39.89689593540354,34.88174725449423,30.294496460861605,,,,48.424056001950035,,,,,,,,,,27.697403047342924,,#000000
2025-09-29 00:00:00+00:00,43.1257479707,46.5981242796,43.0008423481,45.1575460987,301818,0.0,0.0,0.0,0.0,0.0,0.0,0.0,0.0,,,,39.95624800764811,34.962065186952245,30.383220639880758,,,,48.16821190583318,,,,,,,,,,27.78679803934541,,"rgba(239, 83, 80, 1.0)"
2025-09-30 00:00:00+00:00,43.5837352536,43.8418735404,42.2680626953,43.5171189216,304620,0.0,0.0,0.0,0.0,0.0,0.0,0.0,0.0,,,,40.00078828217403,35.03306779182523,30.465185606843068,,,,47.88113453977134,,,,,,,,,,27.870568569667842,,"rgba(239, 83, 80, 1.0)"
2025-10-01 00:00:00+00:00,44.4997098195,45.7029673174,42.2181004463,42.9758612235,478155,0.0,0.0,0.0,0.0,0.0,0.0,0.0,0.0,,,,40.08731021560552,35.1541815312989,30.600768608578562,,,,47.56824821327926,,,,,,,,,,28.007918101102696,,"rgba(239, 83, 80, 1.0)"
2025-10-02 00:00:00+00:00,45.7987282948,48.1802621661,45.057704871,48.1802621661,610505,0.0,0.0,0.0,0.0,0.0,0.0,0.0,0.0,,,,40.2499837988421,35.34103492035158,30.797588941762665,,,,47.45027531795951,,,,,,,,,,28.203467243885484,,"rgba(239, 83, 80, 1.0)"
2025-10-03 00:00:00+00:00,45.7487660457,47.4141743474,45.0742756836,46.7396839852,353939,0.0,0.0,0.0,0.0,0.0,0.0,0.0,0.0,,,,40.33652198105176,35.443978133774316,30.907540535309877,,,,47.377636140241755,,,,,,,,,,28.31330093133679,,#000000
2025-10-06 00:00:00+00:00,45.0243134345,47.2809416832,44.7496043352,45.015986393,509273,0.0,0.0,0.0,0.0,0.0,0.0,0.0,0.0,,,,40.448382376323934,35.583321589626124,31.058960660709143,,,,47.257751293635195,,,,,,,,,,28.465536275351212,,#000000
2025-10-07 00:00:00+00:00,45.2075083477,45.6570853187,42.6161330304,45.3407410118,447278,0.0,0.0,0.0,0.0,0.0,0.0,0.0,0.0,,,,40.52134678672417,35.68854276149134,31.178785378357773,,,,47.09587866243305,,,,,,,,,,28.587956124343805,,#000000
2025-10-08 00:00:00+00:00,47.7056208002,47.8804886718,44.3414960309,44.474728695,429762,0.0,0.0,0.0,0.0,0.0,0.0,0.0,0.0,,,,40.625625526585836,35.81143825770668,31.310180884694216,,,,47.071728965272996,,,,,,,,,,28.71948882691056,,#000000
2025-10-09 00:00:00+00:00,47.4474825134,48.096991751,46.3066778268,47.7472560077,280645,0.0,0.0,0.0,0.0,0.0,0.0,0.0,0.0,,,,40.69888003810635,35.89487787456978,31.398324923098485,,,,47.07885544150885,,,,,,,,,,28.807389325403488,,"rgba(38, 166, 154, 0.5)"
2025-10-10 00:00:00+00:00,41.8766917445,48.976660416,41.7268049973,47.5474070115,655457,0.0,0.0,0.0,0.0,0.0,0.0,0.0,0.0,,,,40.78642646623438,36.03348776532918,31.561126938525618,,,,46.86879697351055,,,,,44.19338571926666,,,,,28.97567634317155,,#000000
2025-10-13 00:00:00+00:00,50.0371924224,50.7782991167,46.7230299022,49.129544898,1107047,0.0,0.0,0.0,0.0,0.0,0.0,0.0,0.0,,,,41.12714656164482,36.39417282609635,31.931782972931988,,,,47.12180175105957,,,,,47.32522018223446,,,,,29.34213996830748,,#000000
2025-10-14 00:00:00+00:00,46.506526823,48.3388923068,45.3407410118,48.1053187925,408063,0.0,0.0,0.0,0.0,0.0,0.0,0.0,0.0,,,,41.209730779318065,36.49764328806342,32.0456461351052,,,,47.10655266377565,,,,,47.2130791450757,,,,,29.457612449853602,,#000000
2025-10-15 00:00:00+00:00,48.4690439656,50.636739411,47.4641365964,49.3960102263,534120,0.0,0.0,0.0,0.0,0.0,0.0,0.0,0.0,,,,41.35450247595234,36.657512678864315,32.21328087318377,,,,47.191123676975515,,,,,47.53764857548487,,,,,29.624797274760294,,"rgba(38, 166, 154, 0.5)"
2025-10-16 00:00:00+00:00,49.2960857282,51.7234183278,48.047029502,50.0288653809,389439,0.0,0.0,0.0,0.0,0.0,0.0,0.0,0.0,,,,41.46798153887196,36.77926987478676,32.339421870055574,,,,47.276133237252985,,,,,47.808406649712104,,,,,29.750087037587832,,"rgba(38, 166, 154, 0.5)"
2025-10-17 00:00:00+00:00,47.9304509209,48.3051677887,45.540590008,48.0387024605,302087,0.0,0.0,0.0,0.0,0.0,0.0,0.0,0.0,,,,41.528502987711,36.85467507978004,32.4224913810564,,,,47.275685757061005,,,,,47.75951446147174,,,,,29.83448728269442,,"rgba(38, 166, 154, 0.5)"
2025-10-20 00:00:00+00:00,47.8555075473,49.7540730112,47.456225907,49.096236732,197438,0.0,0.0,0.0,0.0,0.0,0.0,0.0,0.0,,,,41.57481902123559,36.90850744887672,32.480261787359034,,,,47.29353475987685,,,,,47.792245672544006,,,,,29.892655125243294,,"rgba(38, 166, 154, 0.5)"
2025-10-21 00:00:00+00:00,46.04853954,48.1802621661,45.6904767552,48.0886647095,203533,0.0,0.0,0.0,0.0,0.0,0.0,0.0,0.0,,,,41.60999676184996,36.955238491061685,32.53299030759107,,,,47.282578788369726,,,,,47.73047121790026,,,,,29.946701136749994,,#000000
2025-10-22 00:00:00+00:00,45.3240869288,47.4474825134,44.1000118271,47.2393064757,292752,0.0,0.0,0.0,0.0,0.0,0.0,0.0,0.0,,,,41.649698017698704,37.014703624836116,32.602735021066245,,,,47.24353822549673,,,,,47.57968291133522,,,,,30.019135571406554,,#000000
2025-10-23 00:00:00+00:00,46.2983507853,46.9728411474,45.5071985716,45.8070553363,150921,0.0,0.0,0.0,0.0,0.0,0.0,0.0,0.0,,,,41.6730843108728,37.04728164173352,32.6401416066771,,,,47.2317409040517,,,,,47.532699758269274,,,,,30.057726841872313,,#000000
2025-10-24 00:00:00+00:00,49.0379474415,50.128789879,48.2968407472,48.7381739472,330506,0.0,0.0,0.0,0.0,0.0,0.0,0.0,0.0,,,,41.75528948299986,37.13999991359113,32.73860985069581,,,,47.28092913086467,,,,,47.64995653951983,,,,,30.156589070808373,,#000000
2025-10-27 00:00:00+00:00,51.1530159845,51.3271344225,49.2960857282,51.1946511921,315577,0.0,0.0,0.0,0.0,0.0,0.0,0.0,0.0,,,,41.847038548600366,37.23764970918746,32.83967859650709,,,,47.35987956477905,,,,,47.83994579429697,,,,,30.25710604455272,,"rgba(38, 166, 154, 0.5)"
2025-10-28 00:00:00+00:00,54.225694301,54.5421218783,51.2529404826,51.2529404826,528276,0.0,0.0,0.0,0.0,0.0,0.0,0.0,0.0,,,,42.043383959529194,37.4309746705102,33.03212933688106,,,,47.589421400197196,,,,,48.376522706035914,,,,,30.44562002573268,,"rgba(38, 166, 154, 1.0)"
2025-10-29 00:00:00+00:00,57.9978441042,58.2067695757,54.2506754256,54.2506754256,581831,0.0,0.0,0.0,0.0,0.0,0.0,0.0,0.0,,,,42.316249410296294,37.68398813148802,33.27554539071441,,,,47.96374125517035,,,,,49.19555300365936,,,,,30.680719725332715,,"rgba(38, 166, 154, 1.0)"
2025-10-30 00:00:00+00:00,55.2166122405,58.2143471834,53.2347763616,57.985353542,507227,0.0,0.0,0.0,0.0,0.0,0.0,0.0,0.0,,,,42.52601962746127,37.88502252052994,33.472551581369586,,,,48.222998214469385,55.55524526183332,,,,49.69150499231125,,,,,30.872539749671958,,"rgba(38, 166, 154, 1.0)"
2025-10-31 00:00:00+00:00,53.1681600295,55.8411403536,51.9107767618,55.8411403536,297555,0.0,0.0,0.0,0.0,0.0,0.0,0.0,0.0,,,,42.62837393866029,37.9883086796809,33.57662503647449,,,,,54.847124115649756,,,,49.86423825032608,,,,,30.97507161751728,,"rgba(38, 166, 154, 1.0)"
2025-11-03 00:00:00+00:00,51.094726694,54.5462853991,50.8032802412,53.9259208067,251402,0.0,0.0,0.0,0.0,0.0,0.0,0.0,0.0,,,,42.701875259254365,38.06630659546605,33.65724579030038,,,,,54.20467857290971,,,,49.94564303760736,,,,,31.055327869824836,,"rgba(38, 166, 154, 0.75)"
2025-11-04 00:00:00+00:00,48.2052432906,52.792110835,47.8725779824,49.6291673885,334165,0.0,0.0,0.0,0.0,0.0,0.0,0.0,0.0,,,,42.772186518996946,38.15030972884571,33.748845029264956,,,,,53.10356454013106,,,,49.931062502774054,,,,,31.148410848768457,,"rgba(38, 166, 154, 0.5)"
2025-11-05 00:00:00+00:00,50.0038842564,51.5360598939,47.589042219,47.8138723398,282086,0.0,0.0,0.0,0.0,0.0,0.0,0.0,0.0,,,,42.831171632545605,38.220803004917165,33.82577072906486,,,,,52.531122348230845,,,,49.92291932602486,,,,,31.22662753203872,,#000000
2025-11-06 00:00:00+00:00,49.0879096905,50.9198588223,48.2968407472,50.2953307092,219313,0.0,0.0,0.0,0.0,0.0,0.0,0.0,0.0,,,,42.874537657830125,38.27372130905905,33.884041759214256,,,,,52.172169440473176,,,,49.90935126956812,,,,,31.286087200910654,,#000000
2025-11-07 00:00:00+00:00,47.3225768908,48.6632305736,43.95012508,48.538324951,350997,0.0,0.0,0.0,0.0,0.0,0.0,0.0,0.0,,,,42.91375618175301,38.33647252110289,33.959833295468506,,,,,51.30719781626467,,,,49.77031033312186,,,,,31.365941613444864,,#000000
2025-11-10 00:00:00+00:00,49.6957837206,50.0871546715,48.7048657811,49.6541485131,217901,0.0,0.0,0.0,0.0,0.0,0.0,0.0,0.0,,,,42.9559832739516,38.38816138894877,34.01690572706212,,,,,51.14680252211005,,,,49.76324141734115,,,,,31.424270491442194,,#000000
2025-11-11 00:00:00+00:00,47.9720861284,50.620085328,47.2643708706,49.7957082187,173157,0.0,0.0,0.0,0.0,0.0,0.0,0.0,0.0,,,,42.984706291970646,38.425679740911484,34.05940777131268,,,,,50.98060439804804,,,,49.74028193739069,,,,,31.468118451902896,,#000000
2025-11-12 00:00:00+00:00,48.7964632377,49.6623922842,47.8388534643,49.4209913508,130248,0.0,0.0,0.0,0.0,0.0,0.0,0.0,0.0,,,,43.006679268217766,38.454124586310854,34.091536207627094,,,,,50.8762429270433,,,,49.725796206442766,,,,,31.50123515846546,,#000000
2025-11-13 00:00:00+00:00,44.6329424836,48.1219728756,43.0091693896,47.7389289662,348323,0.0,0.0,0.0,0.0,0.0,0.0,0.0,0.0,,,,43.02929910645124,38.50378916955511,34.15637705038705,,,,,50.24710437629145,,,,49.554831727504094,,,,,31.5712938147032,,"rgba(239, 83, 80, 1.0)"
2025-11-14 00:00:00+00:00,45.1492190572,45.7654201288,41.7184779558,42.2597356538,245272,0.0,0.0,0.0,0.0,0.0,0.0,0.0,0.0,,,,43.03761313781159,38.53298807463743,34.197333489368276,,,,,49.80617706728372,,,,49.414722082188405,44.21103904726667,,,,31.616468903176237,,"rgba(239, 83, 80, 1.0)"
2025-11-17 00:00:00+00:00,45.2491435552,47.7139478417,43.9001628309,44.4830557365,177144,0.0,0.0,0.0,0.0,0.0,0.0,0.0,0.0,,,,43.05067396706598,38.5590823962639,34.23084284953171,,,,,49.59644353438254,,,,,44.802354562432114,,,,31.652526000696877,,"rgba(239, 83, 80, 1.0)"
2025-11-18 00:00:00+00:00,44.6745776912,46.5912128351,43.3755592159,45.3240869288,186441,0.0,0.0,0.0,0.0,0.0,0.0,0.0,0.0,,,,43.060358423620315,38.58348088424155,34.26361970197933,,,,,49.360162968471606,,,,,44.82626851177342,,,,31.688273937119085,,"rgba(239, 83, 80, 1.0)"
2025-11-19 00:00:00+00:00,48.2552055397,49.6125133055,43.9459615592,44.5829802346,407736,0.0,0.0,0.0,0.0,0.0,0.0,0.0,0.0,,,,43.10854084518234,38.65619959328679,34.35058686845712,,,,,49.15388026459193,,,,,45.806894497990484,,,,31.779830082270017,,"rgba(239, 83, 80, 0.75)"
2025-11-20 00:00:00+00:00,46.2733696608,54.1257698029,45.711294359,51.3945001883,435182,0.0,0.0,0.0,0.0,0.0,0.0,0.0,0.0,,,,43.176045276488495,38.745164089684366,34.45228221495186,,,,,49.110935351086944,,,,,46.67517021278944,,,,31.885295159694802,,"rgba(239, 83, 80, 0.75)"
2025-11-21 00:00:00+00:00,44.2082633667,46.4565645739,42.1681381972,45.7570930872,287978,0.0,0.0,0.0,0.0,0.0,0.0,0.0,0.0,,,,43.184770964784626,38.77739259152094,34.49813520130409,,,,,48.824075938766356,,,,,46.27831414946998,,,,31.93618953975281,,"rgba(239, 83, 80, 0.75)"
2025-11-24 00:00:00+00:00,54.1840590935,54.9584739537,46.2150803702,46.2150803702,527957,0.0,0.0,0.0,0.0,0.0,0.0,0.0,0.0,,,,43.30788392757339,38.91485108720296,34.64478991498702,,,,,49.11472205295345,,,,,47.56055626402241,,,,32.08452702003914,,#000000
2025-11-25 00:00:00+00:00,56.2991276366,57.0656318074,52.4353803768,55.9827000592,565150,0.0,0.0,0.0,0.0,0.0,0.0,0.0,0.0,,,,43.48835177416791,39.09774221786591,34.830367842558026,,,,,49.699526257186356,,,,,49.0979194355038,,,,32.26850108694675,,"rgba(38, 166, 154, 0.5)"
2025-11-26 00:00:00+00:00,59.846447319,60.4709754321,55.7745240215,56.3990521347,417053,0.0,0.0,0.0,0.0,0.0,0.0,0.0,0.0,,,,43.655857105684056,39.25818851658992,34.98781941239553,,,,,50.28933854245098,,,,,50.32978532384682,,,,32.42237728269123,,"rgba(38, 166, 154, 1.0)"
2025-11-28 00:00:00+00:00,61.4785474546,61.4785474546,59.6106255035,60.371050934,140937,0.0,0.0,0.0,0.0,0.0,0.0,0.0,0.0,,,,43.71963630901724,39.3177718712965,35.04536089877527,,,,,50.51833579536904,,,,,50.76729213868122,,,,32.47821204147965,,"rgba(38, 166, 154, 1.0)"
2025-12-01 00:00:00+00:00,56.1492408894,58.9387997946,55.9910271008,58.9387997946,372070,0.0,0.0,0.0,0.0,0.0,0.0,0.0,0.0,,,,43.848636183242085,39.4458128536524,35.17368872567223,,,,,50.87053005074885,,,,,51.38617584181364,,,,32.604815786302595,,"rgba(38, 166, 154, 1.0)"
2025-12-02 00:00:00+00:00,54.9418198707,58.3391695356,54.5088137123,56.8653664591,205250,0.0,0.0,0.0,0.0,0.0,0.0,0.0,0.0,,,,43.91290111568567,39.5113006964771,35.24032096045697,,,,,51.01719148483,,,,,51.62119763737649,,,,32.67098811805186,,"rgba(38, 166, 154, 1.0)"
2025-12-03 00:00:00+00:00,54.683681584,55.0409949351,51.7692170561,54.3755810482,209098,0.0,0.0,0.0,0.0,0.0,0.0,0.0,0.0,,,,43.96636019929191,39.56902389197903,35.30092289638355,,,,,51.09791204895383,,,,,51.73182677010524,,,,32.73196819230396,,"rgba(38, 166, 154, 0.75)"
2025-12-04 00:00:00+00:00,54.6753545425,55.5080586933,53.5178957728,54.4338703387,121877,0.0,0.0,0.0,0.0,0.0,0.0,0.0,0.0,,,,43.99955927278854,39.60417959304382,35.337459434736274,,,,,51.154960352532356,,,,,51.81220437109806,,,,32.76858367805123,,"rgba(38, 166, 154, 0.75)"
2025-12-05 00:00:00+00:00,57.3566619081,58.1227497268,55.8911026027,56.1658949724,253938,0.0,0.0,0.0,0.0,0.0,0.0,0.0,0.0,,,,44.08464081598843,39.68932624003935,35.42320338470737,,,,,51.352683753257786,,,,,52.10843024586644,,,,32.8533819175307,,"rgba(38, 166, 154, 0.75)"
2025-12-08 00:00:00+00:00,60.5542458472,62.2446352734,59.4313442998,60.9123086321,389137,0.0,0.0,0.0,0.0,0.0,0.0,0.0,0.0,,,,44.24850930077547,39.84497253721476,35.57499776995252,,,,,51.80637247368837,,,,,52.78832501432144,,,,33.001399344813706,,"rgba(38, 166, 154, 0.75)"
2025-12-09 00:00:00+00:00,62.0239686734,62.1863459828,58.7056426324,59.6216171983,221679,0.0,0.0,0.0,0.0,0.0,0.0,0.0,0.0,,,,44.34170037038055,39.933573302047016,35.661437235512054,,,,,52.05187234885341,,,,,53.13963818506253,,,,33.08570883955457,,"rgba(38, 166, 154, 1.0)"
2025-12-10 00:00:00+00:00,64.0942793684,64.6977291355,59.1975318233,59.9789498087,585450,0.0,0.0,0.0,0.0,0.0,0.0,0.0,0.0,,,,44.6074230916893,40.18255816533354,35.90198461314665,,,,,52.75290871934444,62.66318010906666,,,,54.109410174797056,,,,33.319300697446856,,"rgba(38, 166, 154, 1.0)"
2025-12-11 00:00:00+00:00,62.2641448286,62.7587757853,58.3065036179,61.6606950614,888156,0.0,0.0,0.0,0.0,0.0,0.0,0.0,0.0,,,,44.96269628581729,40.52464377388544,36.2381194655033,,,,,,61.72694838208173,,,,55.04612440694691,,,,33.64831909640749,,"rgba(38, 166, 154, 1.0)"
2025-12-12 00:00:00+00:00,47.8407061314,54.0532709475,46.3178363419,53.8801501126,3240537,0.0,0.0,0.0,0.0,0.0,0.0,0.0,0.0,,,,45.28614673881878,41.024413276188774,36.84895198943689,,,,,,53.25601915482672,,,,53.19517920563594,,,,34.300729174209486,,"rgba(38, 166, 154, 0.75)"
2025-12-15 00:00:00+00:00,42.4591213226,48.3075388283,41.8457789363,48.2512498255,1881291,0.0,0.0,0.0,0.0,0.0,0.0,0.0,0.0,,,,45.24225476883074,41.125026912021696,37.0418663612894,,,,,,50.67405005051345,,,,51.756768611371434,,,,34.533212915852495,,#000000
2025-12-16 00:00:00+00:00,42.7361146583,44.2694706241,41.1532955969,41.2621144074,1101789,0.0,0.0,0.0,0.0,0.0,0.0,0.0,0.0,,,,45.183714297729864,41.15403946689096,37.127761697072835,,,,,,49.53544514550669,,,,50.98257307359643,,,,34.644236059591435,,"rgba(239, 83, 80, 1.0)"
2025-12-17 00:00:00+00:00,39.0065972449,44.1012960988,37.7898050914,44.1012960988,1698547,0.0,0.0,0.0,0.0,0.0,0.0,0.0,0.0,,,,45.01500651155868,41.13071737358046,37.200041998919566,,,,,,47.86574263565914,,,,49.73624284783214,,,,34.76004577145066,,"rgba(239, 83, 80, 1.0)"
2025-12-18 00:00:00+00:00,39.7782215373,41.3016848839,38.4032464039,41.3016848839,1052403,0.0,0.0,0.0,0.0,0.0,0.0,0.0,0.0,,,,44.90632251612171,41.10905688338707,37.236630591508366,,,,,,47.05610427565135,,,,49.068313460394705,,,,34.823542251391856,,"rgba(239, 83, 80, 1.0)"
2025-12-19 00:00:00+00:00,42.2513763208,42.5976179905,40.4410270193,40.6092015446,979347,0.0,0.0,0.0,0.0,0.0,0.0,0.0,0.0,,,,44.8462140835274,41.11902418394448,37.294536091456905,,,,,,46.6025104617098,,,,48.637120479906166,,,,34.903527146874445,,"rgba(239, 83, 80, 1.0)"
2025-12-22 00:00:00+00:00,42.7064368009,43.9034437161,41.7468527449,43.8243027631,845926,0.0,0.0,0.0,0.0,0.0,0.0,0.0,0.0,,,,44.812727176403875,41.14066876559266,37.35454494908984,,,,,,46.3394349882258,,,,48.35324858702436,,,,34.98122230544763,,"rgba(239, 83, 80, 1.0)"
2025-12-23 00:00:00+00:00,44.6339443908,44.8324939655,41.9932350474,42.5591013353,662197,0.0,0.0,0.0,0.0,0.0,0.0,0.0,0.0,,,,44.80025574942322,41.16763376518492,37.40938624287208,,,,,,46.21045536338137,,,,48.18738937882202,,,,35.04890196240892,,"rgba(239, 83, 80, 1.0)"
2025-12-24 00:00:00+00:00,44.8424214443,45.5671273919,44.1177154966,45.0806809339,471849,0.0,0.0,0.0,0.0,0.0,0.0,0.0,0.0,,,,44.80062981158723,41.19379970445741,37.45404235487222,,,,,,46.16231023402381,,,,48.10240275746705,,,,35.10204700620245,,"rgba(239, 83, 80, 1.0)"
2025-12-26 00:00:00+00:00,45.3189404235,45.5869823494,44.2467727202,45.0111885827,503213,0.0,0.0,0.0,0.0,0.0,0.0,0.0,0.0,,,,44.80297539205911,41.222868578772484,37.502406523822486,,,,,,46.122105454030944,,,,48.02190008422308,,,,35.15929227643984,,"rgba(239, 83, 80, 1.0)"
2025-12-29 00:00:00+00:00,44.5843069972,44.8316004924,43.393009549,44.3361200288,382217,0.0,0.0,0.0,0.0,0.0,0.0,0.0,0.0,,,,44.79920555560167,41.24021006715873,37.534972497667496,,,,,,46.07256735638076,,,,47.94818927761646,,,,35.19893521091298,,"rgba(239, 83, 80, 0.75)"
2025-12-30 00:00:00+00:00,44.7133642207,45.4182152109,44.5743795184,44.5743795184,518018,0.0,0.0,0.0,0.0,0.0,0.0,0.0,0.0,,,,44.800180831142924,41.26824089895473,37.582709593145,,,,,,46.031625859822775,,,,47.869190494926634,,,,35.25582316859907,,"rgba(239, 83, 80, 0.75)"
2025-12-31 00:00:00+00:00,43.7702537409,44.7133642207,43.554529628,44.6736543058,282369,0.0,0.0,0.0,0.0,0.0,0.0,0.0,0.0,,,,44.79612874771408,41.27964516166991,37.60534127275547,,,,,,45.99385564012898,,,,47.81543437585603,,,,35.283719590130005,,"rgba(239, 83, 80, 0.75)"
2026-01-02 00:00:00+00:00,44.0382956668,47.3436497114,43.5940409934,45.2792305086,604644,0.0,0.0,0.0,0.0,0.0,0.0,0.0,0.0,,,,44.79826342049385,41.31238619450003,37.660596702781156,,,,,,45.95526661209157,,,,47.733601976626474,,,,35.34949609900899,,"rgba(239, 83, 80, 0.75)"
2026-01-05 00:00:00+00:00,43.0356203146,45.8748792327,41.2784565785,45.8401330571,866337,0.0,0.0,0.0,0.0,0.0,0.0,0.0,0.0,,,,44.776707859139115,41.3383914166452,37.721420341660746,,,,,,45.82142983128979,,,,47.560667684929534,,,,35.42686110977876,,"rgba(239, 83, 80, 0.75)"
2026-01-06 00:00:00+00:00,43.0157653571,44.3460475075,41.6954106854,43.0356203146,675755,0.0,0.0,0.0,0.0,0.0,0.0,0.0,0.0,,,,44.755878227309495,41.35459303101853,37.76488064996921,,,,,,45.711586404800286,,,,47.423682683921704,,,,35.48337382942152,,"rgba(239, 83, 80, 0.75)"
2026-01-07 00:00:00+00:00,43.0356203146,44.5250399491,41.1394718762,42.3506242819,350907,0.0,0.0,0.0,0.0,0.0,0.0,0.0,0.0,,,,44.7445273143112,41.36229074711168,37.78666376848198,,,,,,45.65550132797913,,,,47.353922769286584,,,,35.51193092933951,,"rgba(239, 83, 80, 0.75)"
2026-01-08 00:00:00+00:00,40.2559262689,42.8569256973,39.7496248534,42.8569256973,638339,0.0,0.0,0.0,0.0,0.0,0.0,0.0,0.0,,,,44.70281858263503,41.35862595702037,37.810918847275,,,,,,45.49087341136485,,,,47.17928994481468,,,,35.5497847647785,,"rgba(239, 83, 80, 1.0)"
2026-01-09 00:00:00+00:00,43.1746050168,43.7739269081,40.4544758436,41.5762809406,604331,0.0,0.0,0.0,0.0,0.0,0.0,0.0,0.0,,,,44.67977369028735,41.36797450813233,37.844435150217066,,,,,,45.39386519965098,,,,47.06063692051307,,,,35.595041111859445,,"rgba(239, 83, 80, 0.75)"
2026-01-12 00:00:00+00:00,45.040971019,45.4132514715,42.271204452,42.271204452,505473,0.0,0.0,0.0,0.0,0.0,0.0,0.0,0.0,,,,44.6760291267867,41.38809457419736,37.882716862256565,,,,,,45.36375348485283,,,,47.00248723418683,,,,35.64209691504337,,"rgba(239, 83, 80, 0.75)"
2026-01-13 00:00:00+00:00,45.5571999132,46.798134755,44.6736543058,45.1898832,410419,0.0,0.0,0.0,0.0,0.0,0.0,0.0,0.0,,,,44.68292544945912,41.41233353236212,37.92040051134067,,,,,,45.370249199147715,,,,46.98064035731527,,,,35.68623955383777,,"rgba(239, 83, 80, 0.75)"
2026-01-14 00:00:00+00:00,41.8641778239,44.4751047311,40.4544758436,44.3063375926,965754,0.0,0.0,0.0,0.0,0.0,0.0,0.0,0.0,,,,44.644319483022606,41.42352029477759,37.96927117066279,,,,,,45.22546195676624,,,,46.80464751212524,,,,35.753639156657144,,"rgba(239, 83, 80, 0.75)"
2026-01-15 00:00:00+00:00,42.5094639416,44.2070628052,42.2612769733,44.0829693211,563813,0.0,0.0,0.0,0.0,0.0,0.0,0.0,0.0,,,,44.62906796956935,41.43545288264995,38.00204726126402,,,,,,45.16629982005163,,,,46.72336766980766,,,,35.79668145663243,,"rgba(239, 83, 80, 0.75)"
2026-01-16 00:00:00+00:00,44.6438718696,45.338795381,42.7874333462,43.2143149318,618156,0.0,0.0,0.0,0.0,0.0,0.0,0.0,0.0,,,,44.62533600512891,41.458781414105594,38.04647312903822,,,,,,45.140621947387054,,,,46.66702172420043,,,,35.85147526818133,,"rgba(239, 83, 80, 0.75)"
2026-01-20 00:00:00+00:00,39.8588271195,42.9264180485,39.6333740774,42.7973608249,729286,0.0,0.0,0.0,0.0,0.0,0.0,0.0,0.0,,,,44.58070623917419,41.45247677448384,38.069406900223775,,,,,,45.00091738182675,,,,46.51322015351941,,,,35.88904812033511,,"rgba(239, 83, 80, 0.75)"
2026-01-21 00:00:00+00:00,38.9554265546,40.4842582798,37.8237932537,40.4147659286,933635,0.0,0.0,0.0,0.0,0.0,0.0,0.0,0.0,,,,44.49974250189268,41.42358743835007,38.080127479301055,,,,,,44.766595139808935,,,,46.271868180046326,,,,35.91980353409562,,"rgba(239, 83, 80, 1.0)"
2026-01-22 00:00:00+00:00,38.1016633835,40.7523002056,37.9626786812,40.4098021893,840755,0.0,0.0,0.0,0.0,0.0,0.0,0.0,0.0,,,,44.4268977611397,41.39654872013861,38.088191561535304,,,,,,44.5657960956865,,,,46.063334946651864,,,,35.945719058412436,,"rgba(239, 83, 80, 1.0)"
2026-01-23 00:00:00+00:00,36.8011636692,37.2280452548,35.4410990826,36.5033393072,800985,0.0,0.0,0.0,0.0,0.0,0.0,0.0,0.0,,,,44.329068271593904,41.34620403375778,38.07402141428285,,,,,,44.30912855027062,,,,45.8108134845601,,,,35.95013485012283,,"rgba(239, 83, 80, 1.0)"
2026-01-26 00:00:00+00:00,37.8534764151,38.7270945437,36.2352973813,36.7813087118,619636,0.0,0.0,0.0,0.0,0.0,0.0,0.0,0.0,,,,44.265560223648485,41.31674334198184,38.07082810166956,,,,,,44.14825739339899,,,,45.646722245534214,,,,35.96045622768869,,"rgba(239, 83, 80, 1.0)"
2026-01-27 00:00:00+00:00,39.7198424172,40.1194234363,38.4292701817,39.0447738632,717826,0.0,0.0,0.0,0.0,0.0,0.0,0.0,0.0,,,,44.21314462681478,41.29962112169107,38.08141497073216,,,,,,44.02044633732959,,,,45.505801065791935,,,,35.98528935552487,,"rgba(239, 83, 80, 1.0)"
2026-01-28 00:00:00+00:00,39.7794072896,41.3628401478,38.2605030432,41.149399355,721646,0.0,0.0,0.0,0.0,0.0,0.0,0.0,0.0,,,,44.165651094907524,41.28612232464334,38.09484532792172,,,,,,43.90874808990954,,,,45.3788336346928,,,,36.01260467793533,,"rgba(239, 83, 80, 0.75)"
2026-01-29 00:00:00+00:00,39.1440486506,40.4048384499,36.7018888819,39.7099149385,605071,0.0,0.0,0.0,0.0,0.0,0.0,0.0,0.0,,,,44.117213053358746,41.26711505733008,38.09910962493119,,,,,,43.796739056224574,,,,45.257405799322036,,,,36.02893903509839,,"rgba(239, 83, 80, 0.75)"
2026-01-30 00:00:00+00:00,39.3326707465,40.9012123866,38.5881098415,39.4021630977,587267,0.0,0.0,0.0,0.0,0.0,0.0,0.0,0.0,,,,44.078398275409384,41.2551276117522,38.1085740154216,,,,,,43.71027114911576,,,,45.15870340180105,,,,36.04954215163461,,"rgba(239, 83, 80, 0.75)"
2026-02-02 00:00:00+00:00,39.2631783954,40.2956361838,38.0023885961,38.1016633835,458766,0.0,0.0,0.0,0.0,0.0,0.0,0.0,0.0,,,,44.045731639897035,41.24352514305533,38.1138351213457,,,,,,43.63849873464923,,,,45.07830714962089,,,,36.06359094157478,,"rgba(239, 83, 80, 0.75)"
2026-02-03 00:00:00+00:00,36.7068526212,41.0698802503,33.852702485,40.3750560137,1218094,0.0,0.0,0.0,0.0,0.0,0.0,0.0,0.0,,,,43.926626543505094,41.184319887362506,38.102275605929144,,,,,,43.378601888260896,,,,44.80674430548051,,,,36.07705812265342,,"rgba(239, 83, 80, 1.0)"
2026-02-04 00:00:00+00:00,33.8030650914,36.4239194773,30.973733652,36.4239194773,1182415,0.0,0.0,0.0,0.0,0.0,0.0,0.0,0.0,,,,43.75709793572175,41.0796552064703,38.04871515224118,,,,,,43.01439003041327,,,,44.44779874613952,33.73357274023333,,,36.050631926651,,"rgba(239, 83, 80, 1.0)"
2026-02-05 00:00:00+00:00,34.3987138154,37.9050000297,33.5846605592,35.1780208961,862735,0.0,0.0,0.0,0.0,0.0,0.0,0.0,0.0,,,,43.65565356281426,41.02097763353273,38.024310470439765,,,,,,42.807436050906965,,,,,34.39272651991667,,,36.04447470768993,,"rgba(239, 83, 80, 1.0)"
2026-02-06 00:00:00+00:00,39.2830333529,39.7198424172,35.6595036147,36.1012764184,857756,0.0,0.0,0.0,0.0,0.0,0.0,0.0,0.0,,,,43.59163056572582,40.99301401955058,38.02602731369028,,,,,,42.688336744582124,,,,,35.52385067678288,,,36.06199012999228,,"rgba(239, 83, 80, 0.75)"
2026-02-09 00:00:00+00:00,41.8542503451,43.8496735708,38.8462242886,38.8462242886,837993,0.0,0.0,0.0,0.0,0.0,0.0,0.0,0.0,,,,43.5680228027139,40.998074025131594,38.0555735744826,,,,,,42.6593500911067,,,,,36.866303185637534,,,36.10454471301495,,"rgba(239, 83, 80, 0.5)"
2026-02-10 00:00:00+00:00,40.9905596952,42.8072883037,40.9012123866,42.8072883037,435677,0.0,0.0,0.0,0.0,0.0,0.0,0.0,0.0,,,,43.556251899590286,41.00091440723399,38.070955555264526,,,,,,42.64546964262241,,,,,37.35658608823099,,,36.12660830415917,,#000000
2026-02-11 00:00:00+00:00,41.5862084193,42.5094639416,39.4021630977,42.5094639416,354606,0.0,0.0,0.0,0.0,0.0,0.0,0.0,0.0,,,,43.544865698972664,41.00158305584362,38.08195329232239,,,,,,42.63033325248457,,,,,37.65470291083361,,,36.143122938598395,,#000000
2026-02-12 00:00:00+00:00,38.7668044587,42.3406968031,38.419342703,41.6954106854,381961,0.0,0.0,0.0,0.0,0.0,0.0,0.0,0.0,,,,43.52596488738814,40.996545599662305,38.088665286766364,,,,,,42.59994439997078,,,,,37.82477116192151,,,36.156134850246865,,#000000
2026-02-13 00:00:00+00:00,37.2776826485,39.3128157891,37.2280452548,38.3299953944,341532,0.0,0.0,0.0,0.0,0.0,0.0,0.0,0.0,,,,43.50058170870763,40.98471401492857,38.088158508961236,,,,,,42.55496230683735,,,,,37.832229005393124,,,36.16172637915513,,#000000
2026-02-17 00:00:00+00:00,39.0249189058,39.6999874597,35.3318968165,35.987110413,294954,0.0,0.0,0.0,0.0,0.0,0.0,0.0,0.0,,,,43.47915560551084,40.974834044480644,38.087955973995946,,,,,,42.517464385336346,,,,,37.84215210136785,,,36.166741666447045,,#000000
2026-02-18 00:00:00+00:00,39.2135410017,40.2062888752,37.8832588513,38.2505755645,320007,0.0,0.0,0.0,0.0,0.0,0.0,0.0,0.0,,,,43.46066769917396,40.96808597734413,38.09116159657279,,,,,,42.48709527664003,,,,,37.910784909951886,,,36.17531347842214,,#000000
2026-02-19 00:00:00+00:00,39.2631783954,40.3055636625,38.3200679156,39.0844837782,237756,0.0,0.0,0.0,0.0,0.0,0.0,0.0,0.0,,,,43.44764313344883,40.96362474191073,38.093988101205916,,,,,,42.46616017220945,,,,,37.964720761943916,,,36.18207256579425,,#000000
2026-02-20 00:00:00+00:00,38.8958616822,40.7026628119,38.2902854794,38.717167065,328207,0.0,0.0,0.0,0.0,0.0,0.0,0.0,0.0,,,,43.42979683428237,40.957505266871166,38.09786819652414,,,,,,42.43770790092611,,,,,38.032628003814565,,,36.19135509656914,,#000000
2026-02-23 00:00:00+00:00,38.3697053093,40.2857087051,37.2688471924,38.8263693311,384140,0.0,0.0,0.0,0.0,0.0,0.0,0.0,0.0,,,,43.405824700205194,40.94759875554589,38.09991361270912,,,,,,42.39824083382575,,,,,38.066919860429806,,,36.199872890497666,,#000000
2026-02-24 00:00:00+00:00,37.2181177761,37.8832588513,34.6866106987,36.6323965307,456248,0.0,0.0,0.0,0.0,0.0,0.0,0.0,0.0,,,,43.365572339145615,40.925603638511106,38.093221869684335,,,,,,42.327470123612784,,,,,37.97468410300447,,,36.20150181616811,,"rgba(239, 83, 80, 0.5)"
2026-02-25 00:00:00+00:00,38.8362968098,39.6106401511,38.1264820803,38.3697053093,451059,0.0,0.0,0.0,0.0,0.0,0.0,0.0,0.0,,,,43.33938337013669,40.91532223066398,38.096570496547244,,,,,,42.28613000848596,,,,,38.026235528514874,,,36.21225704296795,,"rgba(239, 83, 80, 0.5)"
2026-02-26 00:00:00+00:00,36.284934775,37.5060146594,33.1776339311,37.5060146594,1167000,0.0,0.0,0.0,0.0,0.0,0.0,0.0,0.0,,,,43.22560580145084,40.84852712546554,38.069227752430635,,,,,,42.08786521695957,,,,,37.715259181799624,,,36.20649233839753,,"rgba(239, 83, 80, 0.5)"
2026-02-27 00:00:00+00:00,35.838198232,35.8779081469,33.6144429954,33.7385364796,381324,0.0,0.0,0.0,0.0,0.0,0.0,0.0,0.0,,,,43.186525926476875,40.82481108615956,38.05843398482071,,,,,,42.020342849537045,,,,,37.608160702453574,,,36.202791151214676,,"rgba(239, 83, 80, 0.5)"
2026-03-02 00:00:00+00:00,35.5503013487,35.9176180618,32.9990385887,33.4755575679,467646,0.0,0.0,0.0,0.0,0.0,0.0,0.0,0.0,,,,43.137420145280515,40.79454093568703,38.044021792101894,,,,,,41.935922105353775,,,,,37.47444568309732,,,36.19709916001076,,"rgba(239, 83, 80, 1.0)"
2026-03-03 00:00:00+00:00,34.4979886028,34.9149427096,33.0586034611,34.3590039005,594960,0.0,0.0,0.0,0.0,0.0,0.0,0.0,0.0,,,,43.07084154777011,40.75222814812506,38.02212300831763,,,,,,41.82155962501686,,,,,37.2835339004297,,,36.18645409534567,,"rgba(239, 83, 80, 1.0)"
2026-03-04 00:00:00+00:00,35.3219693378,36.3742820836,34.1703818045,34.9347976671,1297138,0.0,0.0,0.0,0.0,0.0,0.0,0.0,0.0,,,,42.947055845793905,40.67733553435999,37.98895664856558,,,,,,41.61866903736669,,,,,37.06116011878249,,,36.17635711162583,,"rgba(239, 83, 80, 1.0)"
2026-03-05 00:00:00+00:00,38.6774571501,39.3921363442,36.5331217434,37.9180050269,2085168,0.0,0.0,0.0,0.0,0.0,0.0,0.0,0.0,,,,42.82872111342851,40.623941258646376,37.99301186818095,,,,,,41.456148329225556,,,,,37.234375196992495,,,36.21231713169621,,"rgba(239, 83, 80, 0.5)"
2026-03-06 00:00:00+00:00,38.0619534685,41.1295443975,37.4663047444,37.5755070105,1136025,0.0,0.0,0.0,0.0,0.0,0.0,0.0,0.0,,,,42.77588130482673,40.60376246752147,38.0022235956175,,,,,,41.39124381813299,,,,,37.360665823615236,,,36.23794163487611,,"rgba(239, 83, 80, 0.5)"
2026-03-09 00:00:00+00:00,41.5464985044,42.1917846221,36.622469052,37.3074650847,911270,0.0,0.0,0.0,0.0,0.0,0.0,0.0,0.0,,,,42.747636346857675,40.59930093739341,38.01960716456416,,,,,,41.3660090932796,,,,,37.52015303805206,,,36.26756125189836,,#000000
2026-03-10 00:00:00+00:00,40.8416475142,43.3532996341,40.4098021893,42.2215670583,651866,-1.0,43.3533,40.4098,373.0,-1.0,43.3533,40.4098,373.0,,,,42.73847934461943,40.60543613080671,38.04012539472779,,41.53491644586667,,,,41.36837441648606,41.53491644586667,,,,37.679542596126495,,,36.296152257894825,,"rgba(38, 166, 154, 1.0)"
2026-03-11 00:00:00+00:00,40.5438231522,41.6060633768,39.8588271195,40.7721551631,234103,0.0,0.0,0.0,0.0,0.0,0.0,0.0,0.0,,,,42.73288426090115,40.605586810122276,38.04562561184761,,41.30626294409803,,,,,41.30626294409803,,,,37.721574165261224,,,36.30466091073993,,"rgba(38, 166, 154, 1.0)"
2026-03-12 00:00:00+00:00,39.1639036081,40.1268690453,38.3895602668,39.5361840606,287921,0.0,0.0,0.0,0.0,0.0,0.0,0.0,0.0,,,,42.72126135379197,40.60161420499615,38.04865651398109,,40.79622581266151,,,,,40.79622581266151,,,,37.74715516658003,,,36.31163625597355,,"rgba(38, 166, 154, 1.0)"
2026-03-13 00:00:00+00:00,36.0069653705,39.7496248534,35.838198232,39.6702050235,460276,0.0,0.0,0.0,0.0,0.0,0.0,0.0,0.0,,,,42.69214653448639,40.58601051611068,38.04518232660327,,39.78283059146653,,,,,39.78283059146653,,,,37.7326369672052,,,36.31500679795813,,#000000
2026-03-16 00:00:00+00:00,36.5629041796,37.5258696168,35.6598014391,36.7912361905,342420,0.0,0.0,0.0,0.0,0.0,0.0,0.0,0.0,,,,42.66828102513531,40.57240282044319,38.04075134822491,,39.22847349607579,,,,,39.22847349607579,,,,37.71044898499773,,,36.315762181562434,,#000000
2026-03-17 00:00:00+00:00,35.798488317,36.9798582864,34.9050152309,36.6522514882,309565,0.0,0.0,0.0,0.0,0.0,0.0,0.0,0.0,,,,42.64444269232347,40.558071106953356,38.03488793345426,,38.77701785626853,,,,,38.77701785626853,,,,37.67931034678245,,,36.31469076066292,,"rgba(239, 83, 80, 0.5)"
2026-03-18 00:00:00+00:00,34.5732388916,36.6800484287,34.4979886028,35.5602288274,358846,0.0,0.0,0.0,0.0,0.0,0.0,0.0,0.0,,,,42.61440196571181,40.539288268751825,38.02609800728238,,38.29856603583787,,,,,38.29856603583787,,,,37.63197336496043,,,36.311562607556674,,"rgba(239, 83, 80, 0.5)"
2026-03-19 00:00:00+00:00,35.4915306746,36.1260951153,32.9691568777,33.8328475276,282515,0.0,0.0,0.0,0.0,0.0,0.0,0.0,0.0,,,,42.589684832016054,40.52351559279979,38.01825444509821,,37.96695074322681,,,,,37.96695074322681,,,,37.59011823818946,,,36.30821660375302,,"rgba(239, 83, 80, 0.5)"
2026-03-20 00:00:00+00:00,33.3761835058,35.6892860509,33.1974888886,35.3170055984,312883,0.0,0.0,0.0,0.0,0.0,0.0,0.0,0.0,,,,42.559768470643526,40.5037733104317,38.007492074540735,,37.59237715770835,,,,,37.59237715770835,,,,37.53246548654544,,,36.30255339831486,,"rgba(239, 83, 80, 1.0)"
2026-03-23 00:00:00+00:00,35.9275455406,36.8458373235,34.3887863367,34.7858854861,398111,0.0,0.0,0.0,0.0,0.0,0.0,0.0,0.0,,,,42.529285054091424,40.48517703673483,37.99955276030875,,37.38758813668364,,,,,37.38758813668364,,,,37.49529803825543,,,36.30067143737288,,"rgba(239, 83, 80, 0.5)"
2026-03-24 00:00:00+00:00,35.07,36.33,34.28,35.33,266867,0.0,0.0,0.0,0.0,0.0,0.0,0.0,0.0,,,,42.50753092087138,40.47150780767974,37.99311442097576,,37.239925255330434,,,,,37.239925255330434,,,,37.46452365778672,,,36.298347788380816,,"rgba(239, 83, 80, 0.5)"
2026-03-25 00:00:00+00:00,35.17,36.35,34.72,36.14,236251,0.0,0.0,0.0,0.0,0.0,0.0,0.0,0.0,,,,42.48887135957995,40.459894508604485,37.987822520269354,,37.135730821416644,,,,,37.135730821416644,,,,37.440183365811045,,,36.296655936106475,,"rgba(239, 83, 80, 0.5)"
2026-03-26 00:00:00+00:00,33.08,34.64,33.05,34.05,342157,0.0,0.0,0.0,0.0,0.0,0.0,0.0,0.0,,,,42.455101160709056,40.437126662844236,37.97479595276595,,36.86515636190057,,,,,36.86515636190057,,,,37.375132558359226,,,36.289182915741584,,"rgba(239, 83, 80, 1.0)"
2026-03-27 00:00:00+00:00,31.17,32.625,30.835,32.54,342864,0.0,0.0,0.0,0.0,0.0,0.0,0.0,0.0,,,,42.41376388103452,40.40768817735834,37.95576277285277,,36.48711705491473,,,,,36.48711705491473,,,,37.2780415388738,,,36.276088876326156,,"rgba(239, 83, 80, 1.0)"
2026-03-30 00:00:00+00:00,29.68,32.01,28.95,31.24,272145,1.0,32.01,28.95,0.0,1.0,32.01,28.95,0.0,,,30.213333333333328,42.377187859364206,40.38097490266132,37.93761854977643,,36.1522574370623,,,,,36.1522574370623,,,,37.18590163667632,30.213333333333328,,36.26284063739114,,"rgba(239, 83, 80, 1.0)"
2026-03-31 00:00:00+00:00,32.8794,33.035,30.31,30.74,277525,0.0,0.0,0.0,0.0,0.0,0.0,0.0,0.0,,,31.15317639674714,42.34578745365349,40.3588382865942,37.92364094734084,,35.94177937258492,,,,,35.94177937258492,,,,,31.15317639674714,,36.25352882889656,,"rgba(239, 83, 80, 1.0)"
2026-04-01 00:00:00+00:00,33.7576,34.22,33.16,33.86,236813,0.0,0.0,0.0,0.0,0.0,0.0,0.0,0.0,,,31.92380843103623,42.32339264864037,40.343758078428664,37.915091394891704,,35.84772941642976,,,,,35.84772941642976,,,,,31.92380843103623,,36.248717032044084,,"rgba(239, 83, 80, 0.75)"
2026-04-02 00:00:00+00:00,33.94,33.94,31.2,31.76,212532,0.0,0.0,0.0,0.0,0.0,0.0,0.0,0.0,,,32.15843220198562,42.30179971259557,40.328888423866026,37.906200526806906,,35.744811273535625,,,,,35.744811273535625,,,,,32.15843220198562,,36.243250435226784,,"rgba(239, 83, 80, 0.75)"
2026-04-06 00:00:00+00:00,33.94,34.275,33.05,34.09,277025,0.0,0.0,0.0,0.0,0.0,0.0,0.0,0.0,,,32.505042962028355,42.276002842742734,40.311521195984774,37.89638270299715,,35.65448587282246,,,,,35.65448587282246,,,,,32.505042962028355,,36.23775990764626,,"rgba(239, 83, 80, 0.5)"
2026-04-07 00:00:00+00:00,38.09,38.12,35.53,36.53,672293,0.0,0.0,0.0,0.0,0.0,0.0,0.0,0.0,,,34.14119059452362,42.23943122277274,40.29199659574209,37.89267487836263,,35.8124807773721,,,,,35.8124807773721,,,,,34.14119059452362,,36.24313382772374,,#000000
2026-04-08 00:00:00+00:00,41.79,42.73,40.07,42.09,597045,0.0,0.0,0.0,0.0,0.0,0.0,0.0,0.0,,,35.87431302722032,42.23487928042144,40.298961137144474,37.911016203693386,,36.275530914935956,,,,,36.275530914935956,,,,,35.87431302722032,,36.26802454808322,,"rgba(38, 166, 154, 1.0)"
2026-04-09 00:00:00+00:00,42.96,43.77,42.14,42.26,365498,0.0,0.0,0.0,0.0,0.0,0.0,0.0,0.0,,,36.763593810912354,42.23770332236673,40.308082555897485,37.926543831834294,,36.59112834659217,,,,,36.59112834659217,,,,,36.763593810912354,,36.28724683892445,,"rgba(38, 166, 154, 1.0)"
2026-04-10 00:00:00+00:00,46.92,48.0923,44.3,44.35,1150967,0.0,0.0,0.0,0.0,0.0,0.0,0.0,0.0,,,39.504780521871474,42.2888176818895,40.373618465970424,38.0082307141393,,,,,,,37.86612271140141,,,,,39.504780521871474,,36.37828142430278,,"rgba(38, 166, 154, 1.0)"
2026-04-13 00:00:00+00:00,48.9,49.24,46.45,46.52,382247,0.0,0.0,0.0,0.0,0.0,0.0,0.0,0.0,,,40.252390809509556,42.31260142715007,40.40129952148936,38.040603789894654,,,,,,,38.292067303202195,,,,,40.252390809509556,,36.41337923941442,,"rgba(38, 166, 154, 1.0)"
2026-04-14 00:00:00+00:00,49.2,49.545,48.08,48.73,492999,0.0,0.0,0.0,0.0,0.0,0.0,0.0,0.0,,,41.12006897133783,42.346843179969724,40.4400973743731,38.085094681881436,,,,,,,38.82979619223058,,,,,41.12006897133783,,36.461182259379356,,"rgba(38, 166, 154, 1.0)"
2026-04-15 00:00:00+00:00,53.25,53.39,50.5,51.575,622345,0.0,0.0,0.0,0.0,0.0,0.0,0.0,0.0,,,42.38055012392149,42.411841747461615,40.50817958293047,38.158366491452185,,,,,,,39.64173894644478,,,,,42.38055012392149,,36.53749073216675,,"rgba(38, 166, 154, 1.0)"
2026-04-16 00:00:00+00:00,53.7,54.03,52.17,52.89,272361,0.0,0.0,0.0,0.0,0.0,0.0,0.0,0.0,,,42.890518716387206,42.44262430967831,40.540021302657074,38.192256287742744,,,,,,,39.99075602950828,,,,,42.890518716387206,,36.5725824448438,,"rgba(38, 166, 154, 1.0)"
2026-04-17 00:00:00+00:00,55.83,55.95,54.18,54.6,362689,0.0,0.0,0.0,0.0,0.0,0.0,0.0,0.0,,,43.618268781973335,42.49092298479583,40.5888516965192,38.243153426498814,,,,,,,40.495218699931044,,,,,43.618268781973335,,36.624700407089826,,"rgba(38, 166, 154, 1.0)"
2026-04-20 00:00:00+00:00,54.09,55.84,52.95,55.65,257485,0.0,0.0,0.0,0.0,0.0,0.0,0.0,0.0,,,44.04428896217056,42.52226603398005,40.62092023303118,38.27694243300301,,,,,,,40.810222613211664,,,,,44.04428896217056,,36.659502886488774,,"rgba(38, 166, 154, 1.0)"
2026-04-21 00:00:00+00:00,54.63,55.05,52.67,53.89,298638,0.0,0.0,0.0,0.0,0.0,0.0,0.0,0.0,,,44.48987774150779,42.557868195021534,40.65744853578921,38.3155237592902,,,,,,,41.15346553815065,,,,,44.48987774150779,,36.6992937187238,,"rgba(38, 166, 154, 1.0)"
2026-04-22 00:00:00+00:00,60.24,60.33,55.405,56.06,343271,0.0,0.0,0.0,0.0,0.0,0.0,0.0,0.0,,,45.17548579953495,42.61449582154486,40.71327876539403,38.372319830326,,,,,,,41.657546900429814,,,,,45.17548579953495,,36.75667607285557,,"rgba(38, 166, 154, 1.0)"
2026-04-23 00:00:00+00:00,59.42,62.0548,58.86,60.19,293700,0.0,0.0,0.0,0.0,0.0,0.0,0.0,0.0,,,45.76928484174832,42.666990830179245,40.76461873460101,38.42412619982667,,,,,,,42.101288217036185,,,,,45.76928484174832,,36.808776393755274,,"rgba(38, 166, 154, 1.0)"
2026-04-24 00:00:00+00:00,60.11,60.84,56.38,60.55,438050,0.0,0.0,0.0,0.0,0.0,0.0,0.0,0.0,,,46.51604922603443,42.7402418768118,40.836750569084714,38.49739021548634,,,,,,,42.69016787498597,,,,,46.51604922603443,,36.882731433767326,,"rgba(38, 166, 154, 1.0)"
2026-04-27 00:00:00+00:00,58.88,60.14,57.85,59.61,215396,0.0,0.0,0.0,0.0,0.0,0.0,0.0,0.0,,,46.849297731976264,42.77568657708493,40.87171540765258,38.532958702300256,,,,,,,42.962457966822555,,,,,46.849297731976264,,36.91866705892106,,"rgba(38, 166, 154, 1.0)"
2026-04-28 00:00:00+00:00,53.67,55.3399,52.29,53.73,359105,1.0,55.3399,52.29,411.0,1.0,55.3399,52.29,411.0,,53.766633333333324,47.14501340504811,42.81559232175833,40.9130661048614,38.57698444306939,,,,,,,43.25578976450738,,,,,47.14501340504811,,36.96427070975976,,"rgba(38, 166, 154, 0.75)"
2026-04-29 00:00:00+00:00,55.2,55.21,52.9,54.7,241939,0.0,0.0,0.0,0.0,0.0,0.0,0.0,0.0,,54.036342696763185,47.34914687153585,42.8439499541267,40.9422204807735,38.60780469028495,,,,,,,43.456632278326744,,,,,47.34914687153585,,36.99607588177517,,"rgba(38, 166, 154, 0.75)"
2026-04-30 00:00:00+00:00,58.47,58.65,54.88,57.85,390616,0.0,0.0,0.0,0.0,0.0,0.0,0.0,0.0,,55.335031052141524,47.78091034061785,42.900810377952595,40.99907369413323,38.66637255610273,,,,,,,43.847737898180526,,,,,47.78091034061785,,37.055670539470526,,"rgba(38, 166, 154, 0.75)"
2026-05-01 00:00:00+00:00,59.42,59.96,57.46,57.91,181031,0.0,0.0,0.0,0.0,0.0,0.0,0.0,0.0,,55.89256752759252,48.000295033270156,42.92994013559298,41.0278780484218,38.6957269700411,,,,,,,44.042417676611265,,,,,48.000295033270156,,37.085359431678974,,"rgba(38, 166, 154, 0.75)"
2026-05-04 00:00:00+00:00,58.09,60.16,56.18,58.8,235816,0.0,0.0,0.0,0.0,0.0,0.0,0.0,0.0,,56.269396744093804,48.25341772473153,42.96583188064639,41.06358507735606,38.732325830261395,,,,,,,44.275338700175666,,,,,48.25341772473153,,37.122495746387884,,"rgba(38, 166, 154, 0.75)"
2026-05-05 00:00:00+00:00,61.18,62.8875,58.91,59.53,381443,0.0,0.0,0.0,0.0,0.0,0.0,0.0,0.0,,57.27590233097759,48.74769568338804,43.03436273593692,41.13061090613272,38.799882202486934,,,,,,,44.71037826271914,,,,,48.74769568338804,,37.190393280112936,,"rgba(38, 166, 154, 0.75)"
2026-05-06 00:00:00+00:00,60.58,64.0,58.4,63.415,304541,0.0,0.0,0.0,0.0,0.0,0.0,0.0,0.0,,57.816420363706506,49.11563936809987,43.08870679525233,41.18380321403988,38.85352701098906,,,,,,,45.04180283110766,,,,,49.11563936809987,,37.244327333456326,,"rgba(38, 166, 154, 0.75)"
2026-05-07 00:00:00+00:00,57.03,60.824,55.16,59.71,356796,0.0,0.0,0.0,0.0,0.0,0.0,0.0,0.0,,57.79530228488137,49.4065797895208,43.140222974393204,41.235371108839836,38.906666567047516,,,,,,,45.3359590363394,,,,,49.4065797895208,,37.29841023839885,,"rgba(38, 166, 154, 0.75)"
2026-05-08 00:00:00+00:00,61.63,63.0,57.3,58.95,368864,0.0,0.0,0.0,0.0,0.0,0.0,0.0,0.0,,58.16781287905033,49.78819907649342,43.20391516368882,41.29792409058958,38.96994010702395,,,,,,,45.69587770653618,,,,,49.78819907649342,,37.362134809775625,,"rgba(38, 166, 154, 0.75)"
2026-05-11 00:00:00+00:00,61.13,62.605,60.25,61.12,233587,0.0,0.0,0.0,0.0,0.0,0.0,0.0,0.0,,58.409567899079754,50.03116285892088,43.245584615865816,41.338723585923155,39.01107897585219,,,,,,,45.9252254276576,,,,,50.03116285892088,,37.40349151648274,,"rgba(38, 166, 154, 0.75)"
2026-05-12 00:00:00+00:00,58.39,61.355,55.45,59.14,802442,0.0,0.0,0.0,0.0,0.0,0.0,0.0,0.0,,58.40723007060529,50.595511340280744,43.3643236536837,41.45726517400875,39.132853535577766,,,,,,,46.523708806337126,,,,,50.595511340280744,,37.52721651778132,,"rgba(38, 166, 154, 0.5)"
2026-05-13 00:00:00+00:00,57.76,58.32,54.5,57.43,277777,0.0,0.0,0.0,0.0,0.0,0.0,0.0,0.0,,58.303265533160285,50.73843812319982,43.40083290445048,41.49422574985463,39.171314348150844,,,,,,,46.69258582779979,,,,,50.73843812319982,,37.56657486257266,,"rgba(38, 166, 154, 0.5)"
2026-05-14 00:00:00+00:00,64.07,64.8999,57.34,57.39,647752,0.0,0.0,0.0,0.0,0.0,0.0,0.0,0.0,,58.81803544616929,51.3125444397254,43.51807634038553,41.608905952529526,39.28675056048757,,,,,,,47.258176350393335,,,,,51.3125444397254,,37.68250987941453,,"rgba(38, 166, 154, 0.5)"
2026-05-15 00:00:00+00:00,59.885,61.9,58.94,61.9,296187,0.0,0.0,0.0,0.0,0.0,0.0,0.0,0.0,,58.901073984238096,51.51413801031132,43.56587693277246,41.656195023804436,39.3348727164507,,,,,,,47.472465565935224,,,,,51.51413801031132,,37.73114397468657,,"rgba(38, 166, 154, 0.5)"
2026-05-18 00:00:00+00:00,58.52,58.8499,56.8,58.78,266758,0.0,0.0,0.0,0.0,0.0,0.0,0.0,0.0,,58.85892695298891,51.644520869317695,43.60308436646703,41.693597376623906,39.37351475059518,,,,,,,47.627493094564905,,,,,51.644520869317695,,37.770532345832,,"rgba(38, 166, 154, 0.5)"
2026-05-19 00:00:00+00:00,55.86,57.6321,54.44,55.75,243080,1.0,57.6321,54.44,411.0,1.0,57.6321,54.44,411.0,55.97736666666667,58.733572082052106,51.7218007033583,43.63196957448245,41.72321952005393,39.40468482650607,,,,,,,47.73747103803797,,,,,51.7218007033583,,37.802626578362116,,#000000
2026-05-20 00:00:00+00:00,57.56,59.29,56.0,56.47,201633,0.0,0.0,0.0,0.0,0.0,0.0,0.0,0.0,56.720625750390326,58.694672321573904,51.80774183899067,43.658995515584884,41.75051292356816,39.43300023612191,,,,,,,47.84423890042443,,,,,51.80774183899067,,37.8315562442014,,#000000
2026-05-21 00:00:00+00:00,56.79,58.83,55.66,56.68,241091,0.0,0.0,0.0,0.0,0.0,0.0,0.0,0.0,56.85164925547241,58.63065257083293,51.89830149283258,43.68996692993157,41.781952258181526,39.465770301121324,,,,,,,47.9622333146817,,,,,51.89830149283258,,37.86512448616567,,#000000
2026-05-22 00:00:00+00:00,56.53,58.09,55.5,58.0,321368,0.0,0.0,0.0,0.0,0.0,0.0,0.0,0.0,56.8053882746277,58.533309302605794,52.00566415548693,43.729845055798464,41.82260699729555,39.508309275361505,,,,,,,48.10844844975474,,,,,52.00566415548693,,37.9087924172321,,#000000
2026-05-26 00:00:00+00:00,58.66,62.36,57.5,57.93,458773,0.0,0.0,0.0,0.0,0.0,0.0,0.0,0.0,57.65076350476996,58.59887623408749,52.23737333804977,43.79854451894344,41.89110797833496,39.57850161269341,,,,,,,48.37418295271137,,,,,52.23737333804977,,37.98001502525375,,#000000
2026-05-27 00:00:00+00:00,58.68,61.5999,57.2025,59.59,372128,0.0,0.0,0.0,0.0,0.0,0.0,0.0,0.0,57.95647870808178,58.62798879358773,52.406608956581515,43.85261398208226,41.94519978495086,39.634094451871306,,,,,,,48.57437861111998,,,,,52.406608956581515,,38.03651955788246,,#000000
2026-05-28 00:00:00+00:00,59.93,60.7839,56.5,58.28,383373,0.0,0.0,0.0,0.0,0.0,0.0,0.0,0.0,58.14887248364354,58.65045129700903,52.57032025915004,43.90759737143119,42.000285045929566,39.690777064062544,,,,,,,48.771319089580864,,,,,52.57032025915004,,38.09417183187362,,#000000
2026-05-29 00:00:00+00:00,65.81,66.18,61.16,62.1,943768,0.0,0.0,0.0,0.0,0.0,0.0,0.0,0.0,60.00779407541902,59.28624383969685,53.24392405784535,44.088103540017684,42.176123818982234,39.866779700510676,,,,,,,49.460552814625885,,,,,53.24392405784535,,38.27036071254561,,"rgba(38, 166, 154, 0.5)"
2026-06-01 00:00:00+00:00,69.54,71.28,64.38,66.43,1034411,0.0,0.0,0.0,0.0,0.0,0.0,0.0,0.0,62.07488104691094,60.27399468222098,54.13544191633207,44.32076428157869,42.399994252109856,40.08796289316491,,,,,,,50.33469247006637,,,,,54.13544191633207,,38.49006830531111,,"rgba(38, 166, 154, 0.5)"
2026-06-02 00:00:00+00:00,76.08,78.22,72.85,77.71,1672224,0.0,0.0,0.0,0.0,0.0,0.0,0.0,0.0,65.95987899495259,62.57628147486193,56.00944380540658,44.799076232641724,42.85352862452421,40.52891775900941,,,,,,,52.09702610640379,,,,,56.00944380540658,,38.923794988588476,,"rgba(38, 166, 154, 1.0)"
2026-06-03 00:00:00+00:00,75.34,80.21,73.24,80.21,3064340,-1.0,80.21,73.24,0.0,-1.0,80.21,73.24,0.0,69.49307276102823,65.51320757173087,58.78989240480048,45.6536309332034,43.66666666294237,41.32138930689008,76.26333333333334,,,,,,54.824755047414236,76.26333333333334,,,,58.78989240480048,,39.70434274838791,76.26333333333334,"rgba(38, 166, 154, 1.0)"
2026-06-04 00:00:00+00:00,56.23,58.63,51.3,52.98,4453437,0.0,0.0,0.0,0.0,0.0,0.0,0.0,0.0,,,58.223846490940545,46.02321784991406,44.067053943197806,41.760553917488146,63.89625729875556,,,,,,,63.89625729875556,,,,58.223846490940545,,40.1667257570605,63.89625729875556,"rgba(38, 166, 154, 0.5)"
2026-06-05 00:00:00+00:00,47.35,53.71,47.2501,53.11,1749147,0.0,0.0,0.0,0.0,0.0,0.0,0.0,0.0,,,57.685010145827746,46.07337901151701,44.13814922133104,41.85354894747398,61.16699230527483,,,,,,,61.16699230527483,,,,57.685010145827746,,40.27284657222248,61.16699230527483,#000000
2026-06-08 00:00:00+00:00,49.93,51.41,48.7,51.295,659415,0.0,0.0,0.0,0.0,0.0,0.0,0.0,0.0,,,57.51166714989599,46.095085738158254,44.16732931754286,41.890646795171996,60.426045413275396,,,,,,,60.426045413275396,,,,57.51166714989599,,40.31470326945327,60.426045413275396,#000000
2026-06-09 00:00:00+00:00,48.75,52.78,43.35,51.26,922574,0.0,0.0,0.0,0.0,0.0,0.0,0.0,0.0,,,57.229182900596456,46.111900371844165,44.195802099388196,41.93111565271393,59.394299217648204,,,,,,,59.394299217648204,,,,57.229182900596456,48.29333333333333,40.362384977831,59.394299217648204,"rgba(239, 83, 80, 1.0)"
2026-06-10 00:00:00+00:00,43.75,47.14,43.5,45.91,729361,0.0,0.0,0.0,0.0,0.0,0.0,0.0,0.0,,,56.93511586880781,46.103994737626685,44.19906238226305,41.945363309849064,58.47473695171664,,,,,,,58.47473695171664,,,,,46.749487905597576,40.38323665766252,58.47473695171664,"rgba(239, 83, 80, 1.0)"
2026-06-11 00:00:00+00:00,46.82,48.52,43.51,43.84,630635,0.0,0.0,0.0,0.0,0.0,0.0,0.0,0.0,,,56.721638025964126,46.10492197689272,44.20879513426199,41.96393255910687,57.8450061689842,,,,,,,57.8450061689842,,,,,46.62069738058417,40.4071285322439,57.8450061689842,"rgba(239, 83, 80, 1.0)"
2026-06-12 00:00:00+00:00,46.0,46.8,44.905,46.56,434322,0.0,0.0,0.0,0.0,0.0,0.0,0.0,0.0,,,56.574326429145245,46.104200786380275,44.21422194648178,41.975507252266475,57.43472693740759,,,,,,,57.43472693740759,,,,,46.50575322464051,40.42240934848284,57.43472693740759,"rgba(239, 83, 80, 1.0)"
2026-06-15 00:00:00+00:00,48.95,49.31,47.665,49.3,507254,0.0,0.0,0.0,0.0,0.0,0.0,0.0,0.0,,,56.45016350933528,46.11467269783256,44.23073641626109,41.99831403665335,57.09555199484278,,,,,,,57.09555199484278,,,,,46.841795896753226,40.44901986138217,57.09555199484278,"rgba(239, 83, 80, 1.0)"
2026-06-16 00:00:00+00:00,44.55,48.2374,44.55,47.97,605162,0.0,0.0,0.0,0.0,0.0,0.0,0.0,0.0,,,56.25455366087389,46.11302877130186,44.23759621922602,42.01368324246643,56.59770070874651,,,,,,,56.59770070874651,,,,,46.67385876497791,40.46952813331647,56.59770070874651,"rgba(239, 83, 80, 1.0)"
2026-06-17 00:00:00+00:00,48.51,50.25,46.12,47.345,975203,0.0,0.0,0.0,0.0,0.0,0.0,0.0,0.0,,,56.026128339268254,46.13010783660011,44.26634589804743,42.05455173952793,56.04793990216677,,,,,,,56.04793990216677,,,,,47.002574103018326,40.51773951274681,56.04793990216677,"rgba(239, 83, 80, 1.0)"
