date,Close,High,Low,Open,Volume,OB_c0,OB_High_c0,OB_Low_c0,OB_Mitigated_Index_c0,OB,OB_High,OB_Low,OB_Mitigated_Index,aVWAP_OB_bull_c0_347,aVWAP_OB_bull_c0_184,aVWAP_OB_bull_c0_171,aVWAP_OB_bull_c0_134,aVWAP_OB_bull_c0_101,aVWAP_OB_bull_c0_89,aVWAP_OB_bear_c0_326,aVWAP_OB_bear_c0_293,aVWAP_QQEMOD_bull_dot_c0_148,aVWAP_QQEMOD_bull_dot_c0_219,aVWAP_QQEMOD_bull_dot_c0_285,aVWAP_QQEMOD_bull_dot_c0_326,aVWAP_QQEMOD_bull_dot_c0_359,aVWAP_QQEMOD_bear_dot_c0_159,aVWAP_QQEMOD_bear_dot_c0_245,aVWAP_QQEMOD_bear_dot_c0_309,aVWAP_QQEMOD_bear_dot_c0_338,aVWAP_QQEMOD_bear_dot_c0_369,aVWAP_price_maxima_minima_valley_c0_1,aVWAP_price_maxima_minima_peak_c0_1,color
2024-12-24 00:00:00+00:00,26.8627350792,27.0595660062,26.5018783798,26.656531251,293849,0.0,0.0,0.0,0.0,0.0,0.0,0.0,0.0,,,,,,,,,,,,,,,,,,,,,#000000
2024-12-26 00:00:00+00:00,26.6096667446,27.1439221178,26.525310633,26.590920942,611967,0.0,0.0,0.0,0.0,0.0,0.0,0.0,0.0,,,,,,,,,,,,,,,,,,,,,"rgba(239, 83, 80, 0.5)"
2024-12-27 00:00:00+00:00,26.4222087189,26.7033957574,26.2628693971,26.4971919292,755902,0.0,0.0,0.0,0.0,0.0,0.0,0.0,0.0,,,,,,,,,,,,,,,,,,,,,"rgba(239, 83, 80, 0.5)"
2024-12-30 00:00:00+00:00,26.3097339035,26.9377182895,25.8692075432,25.9723094573,848174,0.0,0.0,0.0,0.0,0.0,0.0,0.0,0.0,,,,,,,,,,,,,,,,,,,,,"rgba(239, 83, 80, 0.5)"
2024-12-31 00:00:00+00:00,25.9254449509,26.6471583497,25.8879533457,26.3565984099,918206,0.0,0.0,0.0,0.0,0.0,0.0,0.0,0.0,,,,,,,,,,,,,,,,,,,,,"rgba(239, 83, 80, 0.5)"
2025-01-02 00:00:00+00:00,26.2909881009,26.6940228561,25.8223430367,26.0754113714,570818,0.0,0.0,0.0,0.0,0.0,0.0,0.0,0.0,,,,,,,,,,,,,,,,,,,,,"rgba(239, 83, 80, 0.5)"
2025-01-03 00:00:00+00:00,26.72214156,26.853362178,26.2066319894,26.4784461266,624775,0.0,0.0,0.0,0.0,0.0,0.0,0.0,0.0,,,,,,,,,,,,,,,,,,,,,"rgba(239, 83, 80, 0.5)"
2025-01-06 00:00:00+00:00,27.1907866242,27.4907194653,26.7408873626,26.8814808818,852306,0.0,0.0,0.0,0.0,0.0,0.0,0.0,0.0,,,,,,,,,,,,,,,,,,,,,"rgba(239, 83, 80, 0.5)"
2025-01-07 00:00:00+00:00,27.350125946,27.6781774909,27.1031499972,27.3313801434,763727,0.0,0.0,0.0,0.0,0.0,0.0,0.0,0.0,,,,,,,,,,,,,,,,,,,,,#000000
2025-01-08 00:00:00+00:00,25.8504617406,27.1814137229,25.6864359681,27.1814137229,1225389,0.0,0.0,0.0,0.0,0.0,0.0,0.0,0.0,,,,,,,,,,,,,,,,,,,,,"rgba(239, 83, 80, 0.5)"
2025-01-10 00:00:00+00:00,25.269341861,25.4474269854,24.4351536467,25.3536979726,1285709,0.0,0.0,0.0,0.0,0.0,0.0,0.0,0.0,,,,,,,,,,,,,,,,,,,,,"rgba(239, 83, 80, 0.5)"
2025-01-13 00:00:00+00:00,24.8475613032,25.1006296379,24.1992377214,25.1006296379,926703,0.0,0.0,0.0,0.0,0.0,0.0,0.0,0.0,,,,,,,,,,,,,,,,,,,,,"rgba(239, 83, 80, 0.5)"
2025-01-14 00:00:00+00:00,24.3507975352,25.1287483417,24.3133059301,25.1006296379,856173,0.0,0.0,0.0,0.0,0.0,0.0,0.0,0.0,,,,,,,,,,,,,,,,,,,,,"rgba(239, 83, 80, 0.5)"
2025-01-15 00:00:00+00:00,23.9290169774,24.9600361186,23.8634066684,24.9600361186,1417950,0.0,0.0,0.0,0.0,0.0,0.0,0.0,0.0,,,,,,,,,,,,,,,,,,,,,"rgba(239, 83, 80, 0.5)"
2025-01-16 00:00:00+00:00,24.4070349429,24.8100696981,23.7115656676,23.8915253723,1105170,0.0,0.0,0.0,0.0,0.0,0.0,0.0,0.0,,,,,,,,,,,,,,,,,,,,,"rgba(239, 83, 80, 0.5)"
2025-01-17 00:00:00+00:00,23.7603047543,24.4632723506,23.5166093209,24.2476956211,1357359,0.0,0.0,0.0,0.0,0.0,0.0,0.0,0.0,,,,,,,,,,,,,,,,,,,,,"rgba(239, 83, 80, 0.5)"
2025-01-21 00:00:00+00:00,23.7321860505,23.9571356813,23.2354222824,23.94776278,1350440,0.0,0.0,0.0,0.0,0.0,0.0,0.0,0.0,,,,,,,,,,,,,,,,,,,,,"rgba(239, 83, 80, 0.5)"
2025-01-22 00:00:00+00:00,23.0760829606,23.9852543851,22.9448623426,23.8071692607,1793002,0.0,0.0,0.0,0.0,0.0,0.0,0.0,0.0,,,,,,,,,,,,,,,,,,,,,"rgba(239, 83, 80, 0.5)"
2025-01-23 00:00:00+00:00,23.4041345055,23.9382961497,22.8323875272,23.0104726516,2661949,0.0,0.0,0.0,0.0,0.0,0.0,0.0,0.0,,,,,,,,,,,,,,,,,,,,,"rgba(239, 83, 80, 0.5)"
2025-01-24 00:00:00+00:00,23.9665085826,24.3320517326,23.3900751536,23.4322532094,1159611,0.0,0.0,0.0,0.0,0.0,0.0,0.0,0.0,,,,,,,,,,,,,,,,,,,,,"rgba(239, 83, 80, 0.5)"
2025-01-27 00:00:00+00:00,23.7321860505,23.9008982736,23.0385913555,23.7603047543,1423768,0.0,0.0,0.0,0.0,0.0,0.0,0.0,0.0,,,,,,,,,,,,,,,,,,,,,"rgba(239, 83, 80, 0.5)"
2025-01-28 00:00:00+00:00,23.057337158,23.8727795697,22.7988325406,23.8727795697,1104711,0.0,0.0,0.0,0.0,0.0,0.0,0.0,0.0,,,,,,,,,,,,,,,,,,,,,"rgba(239, 83, 80, 0.5)"
2025-01-29 00:00:00+00:00,23.2354222824,23.5728467286,23.0105663806,23.1979306773,1033945,0.0,0.0,0.0,0.0,0.0,0.0,0.0,0.0,,,,,,,,,,,,,,,,,,,,,"rgba(239, 83, 80, 0.5)"
2025-01-30 00:00:00+00:00,23.9102711749,23.9758814838,23.450999012,23.6572028402,1205199,0.0,0.0,0.0,0.0,0.0,0.0,0.0,0.0,,,,,,,,,,,,,,,,,,,,,"rgba(239, 83, 80, 0.5)"
2025-01-31 00:00:00+00:00,25.0162735263,25.7153982331,24.2008311147,24.7819509942,1653081,0.0,0.0,0.0,0.0,0.0,0.0,0.0,0.0,,,,,,,,,,,,,,,,,,,,,"rgba(239, 83, 80, 0.5)"
2025-02-03 00:00:00+00:00,24.2758143249,24.8006967968,24.0368053422,24.3133059301,1207122,0.0,0.0,0.0,0.0,0.0,0.0,0.0,0.0,,,,,,,,,,,,,,,,,,,,,"rgba(239, 83, 80, 0.5)"
2025-02-04 00:00:00+00:00,24.7350864878,25.1193754405,24.1539666082,24.2664414236,1086867,0.0,0.0,0.0,0.0,0.0,0.0,0.0,0.0,,,,,,,,,,,,,,,,,,,,,#000000
2025-02-05 00:00:00+00:00,25.4099353803,25.5692747021,24.6882219814,25.0162735263,2094644,0.0,0.0,0.0,0.0,0.0,0.0,0.0,0.0,,,,,,,,,,,,,,,,,,,,,#000000
2025-02-06 00:00:00+00:00,25.6348850111,25.6630037149,25.0350193289,25.4849185905,1065737,0.0,0.0,0.0,0.0,0.0,0.0,0.0,0.0,,,,,,,,,,,,,,,,,,,,,"rgba(38, 166, 154, 0.5)"
2025-02-07 00:00:00+00:00,25.6442579124,26.2441235945,25.3911895777,25.6067663072,1400886,0.0,0.0,0.0,0.0,0.0,0.0,0.0,0.0,,,,,,,,,,,,,,,,,,,,,"rgba(38, 166, 154, 0.5)"
2025-02-10 00:00:00+00:00,25.4099353803,25.6208256591,25.0443922302,25.6067663072,1012309,0.0,0.0,0.0,0.0,0.0,0.0,0.0,0.0,,,,,,,,,,,,,,,,,,,,,"rgba(38, 166, 154, 0.5)"
2025-02-11 00:00:00+00:00,24.9319174148,25.3068334661,24.8616206552,25.2412231572,753141,0.0,0.0,0.0,0.0,0.0,0.0,0.0,0.0,,,,,,,,,,,,,,,,,,,,,"rgba(38, 166, 154, 0.5)"
2025-02-12 00:00:00+00:00,25.4755456892,25.5317830969,24.3882891403,24.3882891403,681158,0.0,0.0,0.0,0.0,0.0,0.0,0.0,0.0,,,,,,,,,,,,,,,,,,,,,"rgba(38, 166, 154, 0.5)"
2025-02-13 00:00:00+00:00,25.766105629,26.1129029765,25.5317830969,25.6536308136,495576,0.0,0.0,0.0,0.0,0.0,0.0,0.0,0.0,,,,,,,,,,,,,,,,,,,,,"rgba(38, 166, 154, 0.5)"
2025-02-14 00:00:00+00:00,25.9910552599,26.3659713112,25.7098682213,25.8785804444,1676969,0.0,0.0,0.0,0.0,0.0,0.0,0.0,0.0,,,,,,,,,,,,,,,,,,,,,"rgba(38, 166, 154, 0.5)"
2025-02-18 00:00:00+00:00,26.5721751394,26.5815480407,25.8410888393,26.159767483,873189,0.0,0.0,0.0,0.0,0.0,0.0,0.0,0.0,,,,,,,,,,,,,,,,,,,,,"rgba(38, 166, 154, 0.5)"
2025-02-19 00:00:00+00:00,27.0314473023,27.0970576113,26.4878190279,26.656531251,847837,0.0,0.0,0.0,0.0,0.0,0.0,0.0,0.0,,,,,,,,,,,,,,,,,,,,,"rgba(38, 166, 154, 0.5)"
2025-02-20 00:00:00+00:00,27.5188381691,27.5282110704,26.8158705728,26.9845827959,743822,0.0,0.0,0.0,0.0,0.0,0.0,0.0,0.0,,,,,,,,,,,,,,,,,,,,,"rgba(38, 166, 154, 0.5)"
2025-02-21 00:00:00+00:00,27.1814137229,27.7156690961,27.0501931049,27.5563297742,736767,0.0,0.0,0.0,0.0,0.0,0.0,0.0,0.0,,,,,,,,,,,,,,,,,,,,,"rgba(38, 166, 154, 0.5)"
2025-02-24 00:00:00+00:00,26.2441235945,27.0595660062,26.1972590881,27.0595660062,991494,0.0,0.0,0.0,0.0,0.0,0.0,0.0,0.0,,,,,,,,,,,,,,,,,,,,,"rgba(38, 166, 154, 0.5)"
2025-02-25 00:00:00+00:00,26.6377854484,26.6846499549,25.9111981409,26.2347506932,832321,0.0,0.0,0.0,0.0,0.0,0.0,0.0,0.0,,,,,,,,,,,,,,,,,,,,,"rgba(38, 166, 154, 0.5)"
2025-02-26 00:00:00+00:00,26.8158705728,27.0970576113,26.4503274228,26.8346163754,806386,0.0,0.0,0.0,0.0,0.0,0.0,0.0,0.0,,,,,,,,,,,,,,,,,,,,,"rgba(38, 166, 154, 0.5)"
2025-02-27 00:00:00+00:00,26.0379197663,26.9002266844,26.028546865,26.656531251,665944,0.0,0.0,0.0,0.0,0.0,0.0,0.0,0.0,,,,,,,,,,,,,,,,,,,,,"rgba(38, 166, 154, 0.5)"
2025-02-28 00:00:00+00:00,26.4531392931,26.4768853787,25.6552708189,26.0352081876,1103982,0.0,0.0,0.0,0.0,0.0,0.0,0.0,0.0,,,,,,,,,,,,,,,,,,,,,"rgba(38, 166, 154, 0.5)"
2025-03-03 00:00:00+00:00,25.1613522397,26.4721361616,25.0806155488,26.3961486878,1292196,0.0,0.0,0.0,0.0,0.0,0.0,0.0,0.0,,,,,,,,,,,,,,,,,,,,,#000000
2025-03-04 00:00:00+00:00,25.351320924,26.0114621021,24.7054273973,24.7054273973,1389015,0.0,0.0,0.0,0.0,0.0,0.0,0.0,0.0,,,,,,,,,,,,,,,,,,,,,#000000
2025-03-05 00:00:00+00:00,25.9687191481,26.1016022428,25.2468381476,25.351320924,739046,0.0,0.0,0.0,0.0,0.0,0.0,0.0,0.0,,,,,,,,,,,,,,,,,,,,,#000000
2025-03-06 00:00:00+00:00,25.6077786479,25.7597535953,25.2563365819,25.5317911741,824960,0.0,0.0,0.0,0.0,0.0,0.0,0.0,0.0,,,,,,,,,,,,,,,,,,,,,#000000
2025-03-07 00:00:00+00:00,26.2821674772,26.3771518194,25.4273083978,25.5602864768,739529,0.0,0.0,0.0,0.0,0.0,0.0,0.0,0.0,,,,,,,,,,,,,,,,,,,,,#000000
2025-03-10 00:00:00+00:00,27.1750202936,27.2700046358,26.2156784377,26.2156784377,1382440,0.0,0.0,0.0,0.0,0.0,0.0,0.0,0.0,,,,,,,,,,,,,,,,,,,,,"rgba(38, 166, 154, 0.5)"
2025-03-11 00:00:00+00:00,26.8805688329,27.630945136,26.3962436722,27.1655218594,1208096,0.0,0.0,0.0,0.0,0.0,0.0,0.0,0.0,,,,,,,,,,,,,,,,,,,,,"rgba(38, 166, 154, 0.5)"
2025-03-12 00:00:00+00:00,27.4789701885,27.7259294782,26.5671205037,26.8045813592,1197827,0.0,0.0,0.0,0.0,0.0,0.0,0.0,0.0,,,,,,,,,,,,,,,,,,,,,"rgba(38, 166, 154, 1.0)"
2025-03-13 00:00:00+00:00,26.8995657013,27.9348950309,26.8758196158,27.545459228,1094572,0.0,0.0,0.0,0.0,0.0,0.0,0.0,0.0,,,,,,,,,,,,,,,,,,,,,"rgba(38, 166, 154, 1.0)"
2025-03-14 00:00:00+00:00,26.8045813592,27.1512742081,26.6906001486,27.0990328199,678139,0.0,0.0,0.0,0.0,0.0,0.0,0.0,0.0,,,,,,,,,,,,,,,,,,,,,"rgba(38, 166, 154, 1.0)"
2025-03-17 00:00:00+00:00,27.0135469119,27.2605062015,26.7950829249,26.8805688329,786006,0.0,0.0,0.0,0.0,0.0,0.0,0.0,0.0,,,,,,,,,,,,,,,,,,,,,"rgba(38, 166, 154, 1.0)"
2025-03-18 00:00:00+00:00,27.27950307,27.5074654912,26.9090641355,26.9660547408,914359,0.0,0.0,0.0,0.0,0.0,0.0,0.0,0.0,,,,,,,,,,,,,,,,,,,,,"rgba(38, 166, 154, 1.0)"
2025-03-19 00:00:00+00:00,27.5264623596,27.6641896558,26.9755531751,27.1750202936,802529,0.0,0.0,0.0,0.0,0.0,0.0,0.0,0.0,,,,,,,,,,,,,,,,,,,,,"rgba(38, 166, 154, 1.0)"
2025-03-20 00:00:00+00:00,27.8304122545,28.06787311,27.3364936753,27.4694717543,730634,0.0,0.0,0.0,0.0,0.0,0.0,0.0,0.0,,,,,,,,,,,,,,,,,,,,,"rgba(38, 166, 154, 1.0)"
2025-03-21 00:00:00+00:00,27.8969012941,27.9253965967,27.5359607938,27.6214467018,839372,0.0,0.0,0.0,0.0,0.0,0.0,0.0,0.0,,,,,,,,,,,,,,,,,,,,,"rgba(38, 166, 154, 1.0)"
2025-03-24 00:00:00+00:00,27.630945136,28.419315176,27.6214467018,27.8874028598,715143,0.0,0.0,0.0,0.0,0.0,0.0,0.0,0.0,,,,,,,,,,,,,,,,,,,,,"rgba(38, 166, 154, 1.0)"
2025-03-25 00:00:00+00:00,27.5834529649,27.7734216492,27.27950307,27.7449263466,907446,0.0,0.0,0.0,0.0,0.0,0.0,0.0,0.0,,,,,,,,,,,,,,,,,,,,,"rgba(38, 166, 154, 1.0)"
2025-03-26 00:00:00+00:00,26.6431079775,27.6499420044,26.2251768719,27.4884686227,1184838,0.0,0.0,0.0,0.0,0.0,0.0,0.0,0.0,,,,,,,,,,,,,,,,,,,,,"rgba(38, 166, 154, 0.75)"
2025-03-27 00:00:00+00:00,26.6336095433,26.8805688329,26.3106627799,26.6716032801,1185311,0.0,0.0,0.0,0.0,0.0,0.0,0.0,0.0,,,,,,,,,,,,,,,,,,,,,#000000
2025-03-28 00:00:00+00:00,26.5576220695,27.1085312541,26.4816345958,26.8235782276,1776907,0.0,0.0,0.0,0.0,0.0,0.0,0.0,0.0,,,,,,,,,,,,,,,,,,,,,#000000
2025-03-31 00:00:00+00:00,26.5196283327,26.7570891881,26.0827003587,26.2156784377,1393501,0.0,0.0,0.0,0.0,0.0,0.0,0.0,0.0,,,,,,,,,,,,,,,,,,,,,"rgba(239, 83, 80, 0.5)"
2025-04-01 00:00:00+00:00,27.1655218594,27.2700046358,26.3296596483,26.624111109,1246853,0.0,0.0,0.0,0.0,0.0,0.0,0.0,0.0,,,,,,,,,,,,,,,,,,,,,#000000
2025-04-02 00:00:00+00:00,27.0420422146,27.1180296883,26.2916659115,26.7000985828,1260281,0.0,0.0,0.0,0.0,0.0,0.0,0.0,0.0,,,,,,,,,,,,,,,,,,,,,#000000
2025-04-03 00:00:00+00:00,26.8615719645,27.6974341755,26.8520735302,27.061039083,2967014,0.0,0.0,0.0,0.0,0.0,0.0,0.0,0.0,,,,,,,,,,,,,,,,,,,,,#000000
2025-04-04 00:00:00+00:00,24.296994726,26.6146126748,24.2684994233,26.5196283327,1599718,0.0,0.0,0.0,0.0,0.0,0.0,0.0,0.0,,,,,,,,,,,,,,,,,,,,,"rgba(239, 83, 80, 1.0)"
2025-04-07 00:00:00+00:00,24.2305056865,25.1138600686,22.8342358566,23.290160699,1556899,0.0,0.0,0.0,0.0,0.0,0.0,0.0,0.0,,,,,,,,,,,,,,,,,,,,,"rgba(239, 83, 80, 1.0)"
2025-04-08 00:00:00+00:00,23.2616653964,24.9618851211,23.0906935805,24.9618851211,1934539,0.0,0.0,0.0,0.0,0.0,0.0,0.0,0.0,,,,,,,,,,,,,,,,,,,,,"rgba(239, 83, 80, 1.0)"
2025-04-09 00:00:00+00:00,25.2848318845,25.4083115293,22.5398793803,23.4041419096,2222129,0.0,0.0,0.0,0.0,0.0,0.0,0.0,0.0,,,,,,,,,,,,,,,,,,,24.411007598033336,,"rgba(239, 83, 80, 0.75)"
2025-04-10 00:00:00+00:00,24.6294399236,24.8858976474,23.94555266,24.7244242657,1139790,0.0,0.0,0.0,0.0,0.0,0.0,0.0,0.0,,,,,,,,,,,,,,,,,,,24.436758865479522,,"rgba(239, 83, 80, 0.75)"
2025-04-11 00:00:00+00:00,25.0568694633,25.0758663317,24.211508818,24.7529195684,1058849,0.0,0.0,0.0,0.0,0.0,0.0,0.0,0.0,,,,,,,,,,,,,,,,,,,24.519309831010705,,"rgba(239, 83, 80, 0.75)"
2025-04-14 00:00:00+00:00,25.5602864768,25.9782175823,25.3228256214,25.436806832,1274054,0.0,0.0,0.0,0.0,0.0,0.0,0.0,0.0,,,,,,,,,,,,,,,,,,,24.76565702280729,,"rgba(239, 83, 80, 0.75)"
2025-04-15 00:00:00+00:00,25.3798162267,25.9307254112,25.3323240556,25.6932645558,817868,0.0,0.0,0.0,0.0,0.0,0.0,0.0,0.0,,,,,,,,,,,,,,,,,,,24.863856698887034,,"rgba(239, 83, 80, 0.75)"
2025-04-16 00:00:00+00:00,25.0948632002,25.5785234705,24.8526531276,25.1138600686,1097688,0.0,0.0,0.0,0.0,0.0,0.0,0.0,0.0,,,,,,,,,,,,,,,,,,,24.908784654627325,,"rgba(239, 83, 80, 0.75)"
2025-04-17 00:00:00+00:00,25.7977473322,26.0162113192,25.1708506739,25.1708506739,974985,0.0,0.0,0.0,0.0,0.0,0.0,0.0,0.0,,,,,,,,,,,,,,,,,,,24.994277452099492,,"rgba(239, 83, 80, 0.75)"
2025-04-21 00:00:00+00:00,25.4558037004,25.7122614242,25.0283741607,25.7122614242,1011112,0.0,0.0,0.0,0.0,0.0,0.0,0.0,0.0,,,,,,,,,,,,,,,,,,,25.03690048222936,,#000000
2025-04-22 00:00:00+00:00,26.1586878324,26.4958822471,25.7502551611,25.8357410691,1016109,0.0,0.0,0.0,0.0,0.0,0.0,0.0,0.0,,,,,,,,,,,,,,,,,,,25.142033182368117,,#000000
2025-04-23 00:00:00+00:00,26.0447066218,26.9043149184,25.9307254112,26.5956158064,724024,0.0,0.0,0.0,0.0,0.0,0.0,0.0,0.0,,,,,,,,,,,,,,,,,,,25.215556750389162,,#000000
2025-04-24 00:00:00+00:00,26.4151455563,26.576618938,26.0309338922,26.2346753062,432770,0.0,0.0,0.0,0.0,0.0,0.0,0.0,0.0,,,,,,,,,,,,,,,,,,,25.2569365552842,,"rgba(38, 166, 154, 0.5)"
2025-04-25 00:00:00+00:00,26.6431079775,26.6716032801,26.2774182601,26.4626377274,514518,0.0,0.0,0.0,0.0,0.0,0.0,0.0,0.0,,,,,,,,,,,,,,,,,,,25.31028927680764,,"rgba(38, 166, 154, 0.5)"
2025-04-28 00:00:00+00:00,27.3269952411,27.3602397608,26.5956158064,26.6906001486,655644,0.0,0.0,0.0,0.0,0.0,0.0,0.0,0.0,,,,,,,,,,,,,,,,,,,25.400683925755676,,"rgba(38, 166, 154, 1.0)"
2025-04-29 00:00:00+00:00,27.3554905437,27.7164310439,27.194017162,27.3744874121,795040,0.0,0.0,0.0,0.0,0.0,0.0,0.0,0.0,,,,,,,,,,,,,,,,,,,25.51768866121133,,"rgba(38, 166, 154, 1.0)"
2025-04-30 00:00:00+00:00,27.0325437804,27.2842522871,26.5196283327,27.2225124647,1335935,0.0,0.0,0.0,0.0,0.0,0.0,0.0,0.0,,,,,,,,,,,,,,,,,,,25.64425563489549,,"rgba(38, 166, 154, 1.0)"
2025-05-01 00:00:00+00:00,27.2415093331,27.7164310439,27.1370265567,27.3364936753,967893,0.0,0.0,0.0,0.0,0.0,0.0,0.0,0.0,,,,,,,,,,,,,,,,,,,25.74809921822126,,"rgba(38, 166, 154, 1.0)"
2025-05-02 00:00:00+00:00,26.8140797934,27.6784373071,26.2821674772,27.0800359514,814813,0.0,0.0,0.0,0.0,0.0,0.0,0.0,0.0,,,,,,,,,,,,,,,,,,,25.804994477984362,,"rgba(38, 166, 154, 1.0)"
2025-05-05 00:00:00+00:00,25.9972144507,27.1560234252,25.9307254112,27.0040484777,738703,0.0,0.0,0.0,0.0,0.0,0.0,0.0,0.0,,,,,,,,,,,,,,,,,,,25.828355205411693,,"rgba(38, 166, 154, 0.75)"
2025-05-06 00:00:00+00:00,26.272669043,26.5956158064,25.9022301086,25.9022301086,697356,1.0,26.595615,25.90223,0.0,0.0,0.0,0.0,0.0,,,,,,26.256838319333337,,,,,,,,,,,,,25.844692932779417,,#000000
2025-05-07 00:00:00+00:00,26.4341424247,26.8710703987,26.0950483232,26.2346753062,792557,0.0,0.0,0.0,0.0,0.0,0.0,0.0,0.0,,,,,,26.3685025015145,,,,,,,,,,,,,25.870529995940426,,#000000
2025-05-08 00:00:00+00:00,26.8235782276,27.0895343857,26.448390076,26.5956158064,780087,0.0,0.0,0.0,0.0,0.0,0.0,0.0,0.0,,,,,,26.512377026579276,,,,,,,,,,,,,25.906531394891143,,"rgba(38, 166, 154, 0.5)"
2025-05-09 00:00:00+00:00,27.4504748859,27.5169639254,26.9518070895,27.0040484777,794501,0.0,0.0,0.0,0.0,0.0,0.0,0.0,0.0,,,,,,26.718238993171198,,,,,,,,,,,,,25.96037465008679,,"rgba(38, 166, 154, 1.0)"
2025-05-12 00:00:00+00:00,27.4599733201,27.763923215,27.1180296883,27.5264623596,917548,0.0,0.0,0.0,0.0,0.0,0.0,0.0,0.0,,,,,,26.886232026180878,,,,,,,,,,,,,26.023614434496068,,"rgba(38, 166, 154, 1.0)"
2025-05-13 00:00:00+00:00,27.9348950309,28.0583746757,27.4884686227,27.545459228,1170045,0.0,0.0,0.0,0.0,0.0,0.0,0.0,0.0,,,,,,27.099937137816877,,,,,,,,,,,,,26.116400600225095,,"rgba(38, 166, 154, 1.0)"
2025-05-14 00:00:00+00:00,27.8304122545,28.1011176297,27.6119482676,28.0298793731,955514,0.0,0.0,0.0,0.0,0.0,0.0,0.0,0.0,,,,,,27.21694175347149,,,,,,,,,,,,,26.186207938943408,,"rgba(38, 166, 154, 1.0)"
2025-05-15 00:00:00+00:00,28.2673402285,28.3148323996,27.6127081423,27.8874028598,742390,0.0,0.0,0.0,0.0,0.0,0.0,0.0,0.0,,,,,,27.308848416318117,,,,,,,,,,,,,26.2432724747542,,"rgba(38, 166, 154, 1.0)"
2025-05-16 00:00:00+00:00,28.4858042155,28.6567760314,28.1628574521,28.4383120444,1238790,0.0,0.0,0.0,0.0,0.0,0.0,0.0,0.0,,,,,,27.48133977836115,,,,,,,,,,,,,26.349004390600122,,"rgba(38, 166, 154, 1.0)"
2025-05-19 00:00:00+00:00,28.7232650709,28.8087509789,28.0108825047,28.1058668468,592172,0.0,0.0,0.0,0.0,0.0,0.0,0.0,0.0,,,,,,27.55180316432769,,,,,,,,,,,,,26.39780859292071,,"rgba(38, 166, 154, 1.0)"
2025-05-20 00:00:00+00:00,28.333829268,28.8562431499,28.1723558863,28.6187822945,772293,0.0,0.0,0.0,0.0,0.0,0.0,0.0,0.0,,,,,,27.62552070469082,,,,,,,,,,,,,26.45652858166865,,"rgba(38, 166, 154, 1.0)"
2025-05-21 00:00:00+00:00,27.7449263466,28.2340957087,27.6879357413,28.1248637153,794324,0.0,0.0,0.0,0.0,0.0,0.0,0.0,0.0,,,,,,27.645942776501162,,,,,,,,,,,,,26.49739983336614,,"rgba(38, 166, 154, 0.75)"
2025-05-22 00:00:00+00:00,26.5196283327,27.5739545307,26.3296596483,27.4029827148,1086111,1.0,27.573954,26.32966,0.0,0.0,0.0,0.0,0.0,,,,,26.807747503900003,27.56561825144629,,,,,,,,,,,,,26.509052897743523,,"rgba(38, 166, 154, 0.75)"
2025-05-23 00:00:00+00:00,27.4314780174,27.5074654912,26.3961486878,26.4816345958,941600,0.0,0.0,0.0,0.0,0.0,0.0,0.0,0.0,,,,,26.948891493865947,27.530799363706,,,,,,,,,,,,,26.52805199488707,,"rgba(38, 166, 154, 0.5)"
2025-05-27 00:00:00+00:00,27.9158981625,28.0963684126,27.4029827148,27.6214467018,981407,0.0,0.0,0.0,0.0,0.0,0.0,0.0,0.0,,,,,27.2281335948062,27.55110487541016,,,,,,,,,,,,,26.56867900844873,,"rgba(38, 166, 154, 0.75)"
2025-05-28 00:00:00+00:00,28.1913527548,28.4288136102,27.8684059914,27.9253965967,1052307,0.0,0.0,0.0,0.0,0.0,0.0,0.0,0.0,,,,,27.470318655008555,27.59609414291839,,,,,,,,,,,,,26.6212657307131,,"rgba(38, 166, 154, 0.75)"
2025-05-29 00:00:00+00:00,27.8399106888,28.4953026497,27.8114153861,28.333829268,660989,0.0,0.0,0.0,0.0,0.0,0.0,0.0,0.0,,,,,27.551298467570398,27.616086405210424,,,,,,,,,,,,,26.65024544041189,,"rgba(38, 166, 154, 0.75)"
2025-05-30 00:00:00+00:00,28.2701897588,28.4337124624,27.7988596131,27.7988596131,830041,0.0,0.0,0.0,0.0,0.0,0.0,0.0,0.0,,,,,27.643427981556698,27.645059026027532,,,,,,,,,,,,,26.68796278575987,,"rgba(38, 166, 154, 0.75)"
2025-06-02 00:00:00+00:00,27.8565735085,28.2894277239,27.6690033485,28.2317138285,1056285,0.0,0.0,0.0,0.0,0.0,0.0,0.0,0.0,,,,,27.690563398052635,27.663436875981613,,,,,,,,,,,,,26.726302893365236,,"rgba(38, 166, 154, 0.5)"
2025-06-03 00:00:00+00:00,29.3667537712,29.3956107189,27.9508395376,27.9912392644,1160587,0.0,0.0,0.0,0.0,0.0,0.0,0.0,0.0,,,,,27.87188728086896,27.743375539548925,,,,,,,,,,,,,26.79729295079884,,"rgba(38, 166, 154, 1.0)"
2025-06-04 00:00:00+00:00,28.3663795844,29.482181562,28.2124758634,29.4340866491,1253377,0.0,0.0,0.0,0.0,0.0,0.0,0.0,0.0,,,,,27.98511930055807,27.804751533898852,,,,,,,,,,,,,26.861546589847762,,"rgba(38, 166, 154, 1.0)"
2025-06-05 00:00:00+00:00,28.4433314449,28.5779972009,28.0249057034,28.5683782183,766099,0.0,0.0,0.0,0.0,0.0,0.0,0.0,0.0,,,,,28.01357764408836,27.825551333273502,,,,,,,,,,,,,26.891825420608427,,"rgba(38, 166, 154, 1.0)"
2025-06-06 00:00:00+00:00,28.4818073752,28.8250126731,28.2509517936,28.4625694101,687011,0.0,0.0,0.0,0.0,0.0,0.0,0.0,0.0,,,,,28.046740458241267,27.848548709359378,,,,,,,,,,,,,26.921006013005687,,"rgba(38, 166, 154, 1.0)"
2025-06-09 00:00:00+00:00,30.6172215047,30.9154099642,29.2898019107,29.4340866491,1936308,0.0,0.0,0.0,0.0,0.0,0.0,0.0,0.0,,,,,28.394218527469015,28.05581979696179,,,,,,,,,,,,,27.082309044184445,,"rgba(38, 166, 154, 1.0)"
2025-06-10 00:00:00+00:00,31.0789326678,31.0981706329,30.6653164175,30.7999821734,1159833,0.0,0.0,0.0,0.0,0.0,0.0,0.0,0.0,,,,,28.612414732238562,28.196621685391143,,,,,,,,,,,,,27.19056278401985,,"rgba(38, 166, 154, 1.0)"
2025-06-11 00:00:00+00:00,30.7037923477,31.3001692668,30.5595076093,31.117408598,953486,0.0,0.0,0.0,0.0,0.0,0.0,0.0,0.0,,,,,28.759590100756334,28.298920080408035,,,,,,,,,,,,,27.27302490703556,,"rgba(38, 166, 154, 1.0)"
2025-06-12 00:00:00+00:00,30.8480770862,30.9538858944,30.5835550657,30.6076025221,631121,0.0,0.0,0.0,0.0,0.0,0.0,0.0,0.0,,,,,28.844351995592394,28.360935070887834,,,,,,,,,,,,,27.32472502260071,,"rgba(38, 166, 154, 1.0)"
2025-06-13 00:00:00+00:00,31.0596947026,31.0693136852,30.521031679,30.6845543826,762387,0.0,0.0,0.0,0.0,0.0,0.0,0.0,0.0,,,,,28.942003106056543,28.434427968884567,,,,,,,,,,,,,27.386725548129615,,"rgba(38, 166, 154, 1.0)"
2025-06-16 00:00:00+00:00,31.2424553714,31.5406438309,31.0019808073,31.1366465632,833926,0.0,0.0,0.0,0.0,0.0,0.0,0.0,0.0,,,,,29.057472838573535,28.521749844051023,,,,,,,,,,,,,27.45919166628202,,"rgba(38, 166, 154, 1.0)"
2025-06-17 00:00:00+00:00,30.6268404872,31.1366465632,30.4440798185,31.0500757201,938422,0.0,0.0,0.0,0.0,0.0,0.0,0.0,0.0,,,,,29.146501434345556,28.596118108615354,,,,,,,,,,,,,27.526726031560656,,"rgba(38, 166, 154, 1.0)"
2025-06-18 00:00:00+00:00,30.5402696441,30.7807442083,30.4248418533,30.6364594698,986090,0.0,0.0,0.0,0.0,0.0,0.0,0.0,0.0,,,,,29.222287375470554,28.66381778994322,,,,,,,,,,,,,27.59149235209532,,"rgba(38, 166, 154, 0.75)"
2025-06-20 00:00:00+00:00,30.2228432195,30.6172215047,30.0016066205,30.29979508,1490023,0.0,0.0,0.0,0.0,0.0,0.0,0.0,0.0,,,,,29.30047521674288,28.74302146605165,,,,,,,,,,,,,27.67495467578177,,"rgba(38, 166, 154, 0.75)"
2025-06-23 00:00:00+00:00,30.8288391211,31.0500757201,30.1555103415,30.2036052544,1573445,0.0,0.0,0.0,0.0,0.0,0.0,0.0,0.0,,,,,29.40018070133045,28.83820604089669,,,,,,,,,,,,,27.770261568106136,,"rgba(38, 166, 154, 0.75)"
2025-06-24 00:00:00+00:00,31.4155970576,31.6753095868,30.8480770862,30.963504877,956199,0.0,0.0,0.0,0.0,0.0,0.0,0.0,0.0,,,,,29.480765199872593,28.910035357282297,,,,,,,,,,,,,27.837293398040803,,"rgba(38, 166, 154, 0.75)"
2025-06-25 00:00:00+00:00,31.1558845283,31.6426050461,30.6893638739,31.3482641796,686745,0.0,0.0,0.0,0.0,0.0,0.0,0.0,0.0,,,,,29.530158537325203,28.956032575495453,,,,,,,,,,,,,27.88187564708528,,"rgba(38, 166, 154, 0.75)"
2025-06-26 00:00:00+00:00,31.3771211273,31.5069773919,31.1077896155,31.3194072319,590215,0.0,0.0,0.0,0.0,0.0,0.0,0.0,0.0,,,,,29.574484235031335,28.99698691487517,,,,,,,,,,,,,27.921160883445516,,"rgba(38, 166, 154, 0.75)"
2025-06-27 00:00:00+00:00,31.5406438309,31.6175956914,31.117408598,31.1655035109,1215808,0.0,0.0,0.0,0.0,0.0,0.0,0.0,0.0,,,,,29.66381136622174,29.08029608765846,,,,,,,,,,,,,28.00149866735239,,"rgba(38, 166, 154, 0.75)"
2025-06-30 00:00:00+00:00,31.5310248483,31.6175956914,30.7518872606,31.2039794411,974149,0.0,0.0,0.0,0.0,0.0,0.0,0.0,0.0,,,,,29.72473699606814,29.139686236013453,,,,,,,,,,,,,28.06100218715847,,"rgba(38, 166, 154, 1.0)"
2025-07-01 00:00:00+00:00,31.6175956914,31.9831170289,31.4636919704,31.6079767089,843723,0.0,0.0,0.0,0.0,0.0,0.0,0.0,0.0,,,,,29.786073738371407,29.19740114968323,,,,,,,,,,,,,28.116798938318873,,"rgba(38, 166, 154, 1.0)"
2025-07-02 00:00:00+00:00,31.9446410986,32.2139726105,31.4075171122,31.4733109529,959879,0.0,0.0,0.0,0.0,0.0,0.0,0.0,0.0,,,,,29.8570945841306,29.264163550041452,,,,,,,,,,,,,28.181102300901394,,"rgba(38, 166, 154, 1.0)"
2025-07-03 00:00:00+00:00,32.8103495295,32.9161583377,31.848451273,31.848451273,1201208,0.0,0.0,0.0,0.0,0.0,0.0,0.0,0.0,,,,,29.966961807187086,29.363536669952957,,,,,,,,,,,,,28.272631252904645,,"rgba(38, 166, 154, 1.0)"
2025-07-07 00:00:00+00:00,32.5698749654,32.9738722331,32.2716865058,32.666064791,689565,0.0,0.0,0.0,0.0,0.0,0.0,0.0,0.0,,,,,30.027889445159026,29.41927156353179,,,,,,,,,,,,,28.32441047343939,,"rgba(38, 166, 154, 1.0)"
2025-07-08 00:00:00+00:00,31.7907373776,32.5410180177,31.5117868832,32.5410180177,759610,0.0,0.0,0.0,0.0,0.0,0.0,0.0,0.0,,,,,30.075522255198766,29.46627282278408,,,,,,,,,,,,,28.371494268816615,,"rgba(38, 166, 154, 0.75)"
2025-07-09 00:00:00+00:00,32.3294004012,32.5025420874,31.7907373776,32.0408309243,880162,0.0,0.0,0.0,0.0,0.0,0.0,0.0,0.0,,,,,30.135098467538963,29.524069842697568,,,,,,,,,,,,,28.42839508997755,,"rgba(38, 166, 154, 0.75)"
2025-07-10 00:00:00+00:00,32.069687872,32.4070255905,31.6224051827,32.223591593,1128810,0.0,0.0,0.0,0.0,0.0,0.0,0.0,0.0,,,,,30.20076247585402,29.59012658419217,,,,,,,,,,,,,28.49568794616907,,"rgba(38, 166, 154, 0.75)"
2025-07-11 00:00:00+00:00,31.5791197612,31.9061651684,31.405978075,31.7426424648,634597,1.0,31.906166,31.405977,0.0,0.0,0.0,0.0,0.0,,,,31.630421001533335,30.228038946533598,29.61988506361014,,,,,,,,,,,,,28.528245373154583,,"rgba(38, 166, 154, 0.5)"
2025-07-14 00:00:00+00:00,32.0600688894,32.0793068545,31.4830261253,31.6753095868,917094,0.0,0.0,0.0,0.0,0.0,0.0,0.0,0.0,,,,31.774462365845228,30.272207608145656,29.666419728295008,,,,,,,,,,,,,28.577722757253984,,"rgba(38, 166, 154, 0.5)"
2025-07-15 00:00:00+00:00,33.9646274373,34.2243399666,32.3582573489,32.4063522618,1619664,0.0,0.0,0.0,0.0,0.0,0.0,0.0,0.0,,,,32.663762763948036,30.418958646844917,29.80181969768488,,,,,,,,,,,,,28.70340173007043,,"rgba(38, 166, 154, 1.0)"
2025-07-16 00:00:00+00:00,33.6856769429,34.1954830189,33.1470139193,34.1954830189,851854,0.0,0.0,0.0,0.0,0.0,0.0,0.0,0.0,,,,32.878101047703616,30.49466294990443,29.872191685560846,,,,,,,,,,,,,28.76908634595248,,"rgba(38, 166, 154, 1.0)"
2025-07-17 00:00:00+00:00,33.9550084547,34.0319603153,33.4307739049,33.6664389778,777681,0.0,0.0,0.0,0.0,0.0,0.0,0.0,0.0,,,,33.02839457234323,30.563464641812885,29.93635856405588,,,,,,,,,,,,,28.829101762577448,,"rgba(38, 166, 154, 1.0)"
2025-07-18 00:00:00+00:00,34.9650016241,35.0611914497,34.0463887891,34.2339589491,1350458,0.0,0.0,0.0,0.0,0.0,0.0,0.0,0.0,,,,33.39336995255126,30.707201689824405,30.067325287649073,,,,,,,,,,,,,28.947929791684192,,"rgba(38, 166, 154, 1.0)"
2025-07-21 00:00:00+00:00,34.6860511297,35.1573812754,34.6042897779,35.0611914497,749521,0.0,0.0,0.0,0.0,0.0,0.0,0.0,0.0,,,,33.54787537583953,30.78511043865625,30.13882976311889,,,,,,,,,,,,,29.013216252196756,,"rgba(38, 166, 154, 1.0)"
2025-07-22 00:00:00+00:00,35.1092863625,35.1189053451,34.4936714784,34.9072877287,806216,0.0,0.0,0.0,0.0,0.0,0.0,0.0,0.0,,,,33.69007959305614,30.867506536610676,30.214833841028504,,,,,,,,,,,,,29.08291919767605,,"rgba(38, 166, 154, 1.0)"
2025-07-23 00:00:00+00:00,35.542140578,35.542140578,35.1477622928,35.2054761882,630997,0.0,0.0,0.0,0.0,0.0,0.0,0.0,0.0,,,,33.82028872512926,30.93748649148613,30.278852557055615,,,,,,,,,,,,,29.140950259162384,,"rgba(38, 166, 154, 1.0)"
2025-07-24 00:00:00+00:00,35.1477622928,35.5510862318,34.9553826415,35.1092863625,662317,0.0,0.0,0.0,0.0,0.0,0.0,0.0,0.0,,,,33.92314849540365,31.00559338435719,30.341914502231415,,,,,,,,,,,,,29.198891358593055,,"rgba(38, 166, 154, 1.0)"
2025-07-25 00:00:00+00:00,35.0611914497,35.1285243277,34.7149080774,35.0227155195,593971,0.0,0.0,0.0,0.0,0.0,0.0,0.0,0.0,,,,33.98784633489248,31.06133961312353,30.394286201575355,,,,,,,,,,,,,29.247803257900184,,"rgba(38, 166, 154, 1.0)"
2025-07-28 00:00:00+00:00,35.3978558395,35.5036646477,34.6764321471,35.0611914497,696044,0.0,0.0,0.0,0.0,0.0,0.0,0.0,0.0,,,,34.06933936068059,31.128342234537488,30.457107193419752,,,,,,,,,,,,,29.30628347467518,,"rgba(38, 166, 154, 1.0)"
2025-07-29 00:00:00+00:00,35.0419534846,35.4459507523,34.8688117984,35.3786178744,795198,0.0,0.0,0.0,0.0,0.0,0.0,0.0,0.0,,,,34.14462728990618,31.200936684651644,30.52580705496045,,,,,,,,,,,,,29.37088240465005,,"rgba(38, 166, 154, 0.75)"
2025-07-30 00:00:00+00:00,35.2054761882,35.5180931216,34.8880497635,35.1189053451,851729,0.0,0.0,0.0,0.0,0.0,0.0,0.0,0.0,,,,34.22020444818817,31.27744230321673,30.598500181371723,,,,,,,,,,,,,29.439499374009483,,"rgba(38, 166, 154, 0.75)"
2025-07-31 00:00:00+00:00,35.2343331359,35.5902354908,34.811097903,35.0130965369,1220761,0.0,0.0,0.0,0.0,0.0,0.0,0.0,0.0,,,,34.312209331094515,31.38234599974455,30.699010317483054,,,35.21188884323333,,,,,,,,,,29.53521078765284,,"rgba(38, 166, 154, 0.75)"
2025-08-01 00:00:00+00:00,32.5698749654,35.133333819,32.5506370002,34.6764321471,1348340,0.0,0.0,0.0,0.0,0.0,0.0,0.0,0.0,,,,34.22908987829655,31.440578296800904,30.76290004793535,,,34.270376074960424,,,,,,,,,,29.60503938865411,,"rgba(38, 166, 154, 0.5)"
2025-08-04 00:00:00+00:00,33.0893000239,33.2912986577,32.6083508956,32.8969203726,648743,0.0,0.0,0.0,0.0,0.0,0.0,0.0,0.0,,,,34.17631895645944,31.46170072572849,30.787868530552714,,,34.01351551424206,,,,,,,,,,29.63413249031338,,#000000
2025-08-05 00:00:00+00:00,33.0123481634,33.4644403439,32.6372078433,33.1662518844,894091,0.0,0.0,0.0,0.0,0.0,0.0,0.0,0.0,,,,34.11290414436875,31.490654378457876,30.822011302348326,,,33.801401088971204,,,,,,,,,,29.67390688980393,,#000000
2025-08-06 00:00:00+00:00,32.7237786864,33.3393935706,32.3678763315,33.0219671459,975541,0.0,0.0,0.0,0.0,0.0,0.0,0.0,0.0,,,,34.03826631234132,31.516583310610063,30.85439406391704,,,33.61136354788441,,,,,,,,,,29.713391716118018,,"rgba(239, 83, 80, 1.0)"
2025-08-07 00:00:00+00:00,33.0219671459,33.3057271316,32.8103495295,33.0700620587,800730,0.0,0.0,0.0,0.0,0.0,0.0,0.0,0.0,,,,33.99369400767349,31.540856877332438,30.883305016311713,,,33.5344824297355,,,,,,,,,,29.747476066264948,,"rgba(239, 83, 80, 1.0)"
2025-08-08 00:00:00+00:00,32.6179698782,33.2912986577,32.6083508956,33.2912986577,744543,0.0,0.0,0.0,0.0,0.0,0.0,0.0,0.0,,,,33.94740636935692,31.559738389261696,30.907005274102804,,,33.456435929927736,,,,,,,,,,29.776600909621525,,"rgba(239, 83, 80, 1.0)"
2025-08-11 00:00:00+00:00,31.9254031335,32.444828192,31.781118395,32.4352092095,1114193,0.0,0.0,0.0,0.0,0.0,0.0,0.0,0.0,,,,33.84003260258835,31.570190208813298,30.927370406587087,,,33.25422197440443,,,,,,,,,,29.80821019383787,,"rgba(239, 83, 80, 1.0)"
2025-08-12 00:00:00+00:00,32.1274017674,32.3168957239,31.7282139909,31.8676892381,628480,0.0,0.0,0.0,0.0,0.0,0.0,0.0,0.0,,,,33.784880889124736,31.5759754118854,30.93861106114921,,,33.164421911669756,,,,,,,,,,29.82571019634868,,"rgba(239, 83, 80, 1.0)"
2025-08-13 00:00:00+00:00,32.4929231048,32.5313990351,32.0889258371,32.1947346453,719529,0.0,0.0,0.0,0.0,0.0,0.0,0.0,0.0,,,,33.73651389104752,31.58663719046528,30.954739312050755,,,33.101658451027234,,,,,,,,,,29.848182564997007,,"rgba(239, 83, 80, 1.0)"
2025-08-14 00:00:00+00:00,31.7234044996,32.3486383664,31.5428561969,32.3101624361,619665,0.0,0.0,0.0,0.0,0.0,0.0,0.0,0.0,,,,33.68314220716885,31.58989079343276,30.963544489376847,,,33.02319897222555,,,,,,,,,,29.863451513741307,,"rgba(239, 83, 80, 1.0)"
2025-08-15 00:00:00+00:00,32.1754966802,32.4736851397,31.5117868832,31.6560716217,723995,0.0,0.0,0.0,0.0,0.0,0.0,0.0,0.0,,,,33.63041865391494,31.59599527124209,30.975639967157395,,,32.95595400117565,,,,,32.05365623436666,,,,,29.88259264956536,,"rgba(239, 83, 80, 1.0)"
2025-08-18 00:00:00+00:00,32.444828192,32.8488254597,32.2764959971,32.3967332792,1054644,0.0,0.0,0.0,0.0,0.0,0.0,0.0,0.0,,,,33.58058943565249,31.61344277983866,31.000258256046113,,,32.9162604432689,,,,,32.33218084959154,,,,,29.915789225086698,,"rgba(239, 83, 80, 1.0)"
2025-08-19 00:00:00+00:00,32.290924471,32.5506370002,32.2043536279,32.5506370002,689636,0.0,0.0,0.0,0.0,0.0,0.0,0.0,0.0,,,,33.54536598474962,31.6223774532833,31.01413832345739,,,32.88412910279917,,,,,32.33677907954514,,,,,29.93562427154155,,"rgba(239, 83, 80, 0.75)"
2025-08-20 00:00:00+00:00,32.1562587151,32.4736851397,31.9061651684,32.3871142966,618220,0.0,0.0,0.0,0.0,0.0,0.0,0.0,0.0,,,,33.511212740817825,31.62837290880494,31.02478653662625,,,32.85006108163354,,,,,32.305116695800635,,,,,29.951899350152225,,"rgba(239, 83, 80, 0.75)"
2025-08-21 00:00:00+00:00,32.1177827848,32.290924471,31.9734980463,32.0985448197,547763,0.0,0.0,0.0,0.0,0.0,0.0,0.0,0.0,,,,33.48123591549025,31.63309290033868,31.03364753203,,,32.820407192177335,,,,,32.27833112847333,,,,,29.965795828149577,,"rgba(239, 83, 80, 0.75)"
2025-08-22 00:00:00+00:00,32.9161583377,33.108537989,32.1562587151,32.1562587151,397528,0.0,0.0,0.0,0.0,0.0,0.0,0.0,0.0,,,,33.46956176611124,31.640550416033076,31.043466176498658,,,32.81770554474458,,,,,32.322567722821134,,,,,29.978536952040148,,"rgba(239, 83, 80, 0.75)"
2025-08-25 00:00:00+00:00,32.2524485407,33.0412051111,32.1274017674,32.9161583377,644602,0.0,0.0,0.0,0.0,0.0,0.0,0.0,0.0,,,,33.44517952464804,31.649659699763582,31.056788200145647,,,32.80229617920545,,,,,32.34339802800035,,,,,29.997067762571245,,"rgba(239, 83, 80, 0.75)"
2025-08-26 00:00:00+00:00,32.7141597038,32.8295874946,32.3726858228,32.4255902269,689395,0.0,0.0,0.0,0.0,0.0,0.0,0.0,0.0,,,,33.424603916763076,31.661092674216526,31.07239277276994,,,32.79482251353874,,,,,32.381352643515626,,,,,30.017885295673025,,#000000
2025-08-27 00:00:00+00:00,32.8680634249,33.0123481634,32.6564458084,32.733397669,555969,0.0,0.0,0.0,0.0,0.0,0.0,0.0,0.0,,,,33.412929840139206,31.672032093185415,31.086386866159515,,,32.7966286455829,,,,,32.42494071938674,,,,,30.03574229123315,,#000000
2025-08-28 00:00:00+00:00,33.108537989,33.3778695008,32.8074638347,32.9161583377,520345,0.0,0.0,0.0,0.0,0.0,0.0,0.0,0.0,,,,33.40709606170986,31.684251476460876,31.101135799100046,,,32.80633326550547,,,,,32.47930201087609,,,,,30.05373460693582,,#000000
2025-08-29 00:00:00+00:00,32.774759294,33.0859736256,32.6006737773,32.988719147,989667,0.0,0.0,0.0,0.0,0.0,0.0,0.0,0.0,,,,33.38713418873389,31.70247324055023,31.124782396932314,,,32.80714915608766,,,,,32.52473424077951,,,,,30.084311279633646,,#000000
2025-09-02 00:00:00+00:00,32.1717815266,32.6969557111,31.8897435386,32.3857413795,1002279,0.0,0.0,0.0,0.0,0.0,0.0,0.0,0.0,,,,33.34934610292808,31.71126900178356,31.140278662233403,,,32.77653612120624,,,,,32.49242150629169,,,,,30.108313481639254,,#000000
2025-09-03 00:00:00+00:00,32.0550761522,32.2495851095,31.860567195,32.074527048,978404,1.0,32.249584,31.860567,0.0,0.0,0.0,0.0,0.0,,,32.05507615223333,33.308581796075785,31.71655044716499,31.15238381141008,,,32.739631379506854,,,,,32.44696037978632,,,,,30.12912308558943,,"rgba(239, 83, 80, 1.0)"
2025-09-04 00:00:00+00:00,32.6969557111,32.7844847419,31.9091944343,32.0842524958,986063,0.0,0.0,0.0,0.0,0.0,0.0,0.0,0.0,,,32.260106819784504,33.282583436822804,31.7279390266325,31.169639573588565,,,32.7260960095858,,,,,32.44853305157474,,,,,30.154003806178526,,#000000
2025-09-05 00:00:00+00:00,32.2982123488,32.9789936991,31.9237826061,32.9400919076,1125473,0.0,0.0,0.0,0.0,0.0,0.0,0.0,0.0,,,32.311181241405784,33.25265352595175,31.73943939742191,31.187852594450206,,,32.708833036963696,,,,,32.44382532699486,,,,,30.18100204428778,,#000000
2025-09-08 00:00:00+00:00,32.4732704103,32.492721306,31.9383707779,32.3565650359,799041,0.0,0.0,0.0,0.0,0.0,0.0,0.0,0.0,,,32.309182688810274,33.2302827323143,31.746182039613856,31.199431244596553,,,32.694062289213676,,,,,32.43459379455083,,,,,30.19894256617085,,#000000
2025-09-09 00:00:00+00:00,32.988719147,33.1151499692,32.6434657479,32.6969557111,702298,0.0,0.0,0.0,0.0,0.0,0.0,0.0,0.0,,,32.40196966083771,33.223913263642615,31.7583864045813,31.214974240949957,,,32.700909744230444,,,,,32.46053825161713,,,,,30.218996738263794,,#000000
2025-09-10 00:00:00+00:00,32.7844847419,33.2540060235,32.7844847419,33.1637772085,490224,0.0,0.0,0.0,0.0,0.0,0.0,0.0,0.0,,,32.453970339904984,33.21996942736686,31.76693786753107,31.22581628962458,,,32.705976174815014,,,,,32.47796484154817,,,,,30.232949812207025,,#000000
2025-09-11 00:00:00+00:00,32.9498173555,33.3436979939,32.7309947786,32.7553083983,754511,0.0,0.0,0.0,0.0,0.0,0.0,0.0,0.0,,,32.52562023175418,33.21552076350438,31.780599979627475,31.24288310335732,,,32.715482604084514,,,,,32.50599876296146,,,,,30.254673725636195,,#000000
2025-09-12 00:00:00+00:00,33.0178954905,33.1151499692,32.6191521282,32.7844847419,554920,0.0,0.0,0.0,0.0,0.0,0.0,0.0,0.0,,,32.55963810501352,33.2109854694948,31.78972874034899,31.2545933190991,,,32.72004859485572,,,,,32.521398067006466,,,,,30.269915610921274,,"rgba(38, 166, 154, 0.5)"
2025-09-15 00:00:00+00:00,33.5333442272,33.5722460187,33.1346008649,33.2318553435,550907,0.0,0.0,0.0,0.0,0.0,0.0,0.0,0.0,,,32.6273927211027,33.21399698586657,31.802570506147777,31.269477739135795,,,32.73527230543062,,,,,32.55335775638274,,,,,30.287678356587865,,"rgba(38, 166, 154, 0.5)"
2025-09-16 00:00:00+00:00,33.2999334785,33.8931857981,33.2902080307,33.688951393,826548,0.0,0.0,0.0,0.0,0.0,0.0,0.0,0.0,,,32.71964585203578,33.22012049312286,31.822411414621193,31.29225818401679,,,32.75948380331761,,,,,32.60136608374837,,,,,30.314636476852055,,"rgba(38, 166, 154, 0.5)"
2025-09-17 00:00:00+00:00,32.9984445948,33.5430696751,32.8525628769,33.3582861657,551569,0.0,0.0,0.0,0.0,0.0,0.0,0.0,0.0,,,32.746940248990626,33.218845741403086,31.832575367944308,31.304738317464867,,,32.76723316390373,,,,,32.618814315356694,,,,,30.330349831202046,,"rgba(38, 166, 154, 0.5)"
2025-09-18 00:00:00+00:00,33.688951393,34.0779693075,33.0762481777,33.0762481777,858890,0.0,0.0,0.0,0.0,0.0,0.0,0.0,0.0,,,32.828109868040514,33.22749797627482,31.853862676914925,31.328889182306046,,,32.79385887161234,,,,,32.66736339674348,,,,,30.358632121615425,,"rgba(38, 166, 154, 0.5)"
2025-09-19 00:00:00+00:00,32.8331119812,33.9126366938,32.8087983615,33.8640094545,1044932,0.0,0.0,0.0,0.0,0.0,0.0,0.0,0.0,,,32.86457076091478,33.2263924066745,31.87293113025487,31.35220310292141,,,32.808258694960266,,,,,32.696345195911334,,,,,30.387936701507662,,"rgba(38, 166, 154, 0.5)"
2025-09-22 00:00:00+00:00,33.2415807914,33.3680116136,32.5316230975,32.988719147,857689,1.0,33.36801,32.531624,0.0,0.0,0.0,0.0,0.0,,33.047071834166665,32.87869606894175,33.222656415945664,31.88657779730735,31.369500058217024,,,32.81526610192587,,,,,32.711759312622114,,,,,30.410377156884028,,"rgba(38, 166, 154, 0.5)"
2025-09-23 00:00:00+00:00,33.2124044478,33.47499154,33.056797282,33.3096589264,647102,0.0,0.0,0.0,0.0,0.0,0.0,0.0,0.0,,33.13350423999032,32.89907527803895,33.22304961793148,31.89841287223822,31.383854008161553,,,32.824639951487434,,,,,32.72897157040319,,,,,30.428330375032566,,"rgba(38, 166, 154, 0.5)"
2025-09-24 00:00:00+00:00,33.4360897486,33.6305987058,33.0178954905,33.2124044478,699931,0.0,0.0,0.0,0.0,0.0,0.0,0.0,0.0,,33.20589472074569,32.92511904286914,33.225329435288494,31.912041567109135,31.40006493941089,,,32.83692966588663,,,,,32.7501936140929,,,,,30.448266453625465,,"rgba(38, 166, 154, 0.5)"
2025-09-25 00:00:00+00:00,33.0665227298,33.3971879571,32.5413485453,33.2999334785,1153693,0.0,0.0,0.0,0.0,0.0,0.0,0.0,0.0,,33.13574445706384,32.93162279549037,33.219420892654014,31.92851857873379,31.42141601211967,,,32.84292000901551,,,,,32.76337231787665,,,,,30.476555437802098,,"rgba(38, 166, 154, 0.5)"
2025-09-26 00:00:00+00:00,33.6111478101,33.7181277366,33.0276209384,33.1637772085,851909,0.0,0.0,0.0,0.0,0.0,0.0,0.0,0.0,,33.199795470216806,32.96235339009407,33.223877099884234,31.945345176919506,31.441212740646787,,,32.858852829096314,,,,,32.789036955008164,,,,,30.500701987875456,,"rgba(38, 166, 154, 0.5)"
2025-09-29 00:00:00+00:00,33.8251076631,34.1168710989,33.3193843743,33.688951393,884463,0.0,0.0,0.0,0.0,0.0,0.0,0.0,0.0,,33.295969390781636,33.008049203204024,33.23419954894123,31.96584331693327,31.46438229771889,,,32.88250393156373,,,,,32.824960853429,,,,,30.52787877913663,,"rgba(38, 166, 154, 1.0)"
2025-09-30 00:00:00+00:00,33.47499154,34.1071456511,33.2561689632,33.757029528,826926,0.0,0.0,0.0,0.0,0.0,0.0,0.0,0.0,,33.34020821163332,33.03902120818243,33.24097087879587,31.98311332331959,31.48431986229294,,,32.900112617116626,,,,,32.851464966700334,,,,,30.551787170695253,,"rgba(38, 166, 154, 1.0)"
2025-10-01 00:00:00+00:00,34.7976524492,34.9338087193,33.4458151965,33.4458151965,1407322,0.0,0.0,0.0,0.0,0.0,0.0,0.0,0.0,,33.54225506710191,33.147532325712,33.27498657286997,32.02535647514316,31.529535759565732,,,32.95893833080105,,,,,32.93491590164272,,,,,30.601784881736396,,"rgba(38, 166, 154, 1.0)"
2025-10-02 00:00:00+00:00,34.7392997621,35.1283176765,34.5156144612,34.9824359586,1081664,0.0,0.0,0.0,0.0,0.0,0.0,0.0,0.0,,33.70328943515147,33.243127645423534,33.308719950303825,32.06217616377678,31.568091338279373,,,33.0129131796183,,,,,33.00922171373646,,,,,30.643319278341004,,"rgba(38, 166, 154, 1.0)"
2025-10-03 00:00:00+00:00,34.8560051364,35.0894158851,34.4913008416,34.7782015535,794451,0.0,0.0,0.0,0.0,0.0,0.0,0.0,0.0,,33.79899753100814,33.307288840743404,33.332843452051314,32.08877394852779,31.595987576002152,,,33.05095387150941,,,,,33.06063080686951,,,,,30.67343350642236,,"rgba(38, 166, 154, 1.0)"
2025-10-06 00:00:00+00:00,37.0247800096,37.1025835925,35.167219468,35.3228266338,1556309,0.0,0.0,0.0,0.0,0.0,0.0,0.0,0.0,,34.17971081340436,33.53898889616329,33.427270575069215,32.16952442341798,31.676093329375373,,,33.18539530790639,,,,,33.23895457280438,,,,,30.753777429345345,,"rgba(38, 166, 154, 1.0)"
2025-10-07 00:00:00+00:00,37.0442309053,37.5694050898,36.9129373592,36.9567018745,909238,0.0,0.0,0.0,0.0,0.0,0.0,0.0,0.0,,34.41310797902474,33.69000763551033,33.49283470711897,32.22332167028394,31.728808449331414,,,33.275997029065344,,,,,33.35697150614978,,,,,30.80570323705827,,"rgba(38, 166, 154, 1.0)"
2025-10-08 00:00:00+00:00,37.695835912,38.1237556179,37.2095635189,37.4040724762,1566233,0.0,0.0,0.0,0.0,0.0,0.0,0.0,0.0,,34.7992286417366,33.956137509848915,33.61520290773013,32.32243281334104,31.825418834184585,,,33.44163359227202,,,,,33.56908187992163,,,,,30.90008787228084,,"rgba(38, 166, 154, 1.0)"
2025-10-09 00:00:00+00:00,37.0539563532,38.0362265872,36.8399965002,37.8514430778,986441,0.0,0.0,0.0,0.0,0.0,0.0,0.0,0.0,,34.97336364896789,34.091468063137874,33.68203855309779,32.37888067137587,31.880961436834934,,,33.531219263494776,,,,,33.681311807271896,,,,,30.955071195973858,,"rgba(38, 166, 154, 1.0)"
2025-10-10 00:00:00+00:00,36.5871348558,37.6225060352,36.3829004507,37.1803871754,1045415,0.0,0.0,0.0,0.0,0.0,0.0,0.0,0.0,,35.102823073126345,34.2051731768961,33.74189362147537,32.432040621539265,31.933875295679982,,,33.611059543319605,,,,,33.77938876566303,,,,,31.008304611580495,,"rgba(38, 166, 154, 0.75)"
2025-10-13 00:00:00+00:00,38.541949876,38.541949876,36.9897683973,37.0345054574,1109010,0.0,0.0,0.0,0.0,0.0,0.0,0.0,0.0,,35.30066599951424,34.36440185567221,33.8256776848405,32.50148237240045,32.00171865326398,,,33.72043576806155,,,,,33.91376438407993,,,,,31.07472225566755,,"rgba(38, 166, 154, 0.75)"
2025-10-14 00:00:00+00:00,38.1723828573,38.6489298025,37.5305032984,37.7347377035,1180282,0.0,0.0,0.0,0.0,0.0,0.0,0.0,0.0,,35.49000274508628,34.5238384586252,33.91320972214245,32.57472654137166,32.07336753367338,,,33.833421795304815,,,,,34.05075736844577,,,,,31.144965588277437,,"rgba(38, 166, 154, 0.75)"
2025-10-15 00:00:00+00:00,39.52422011,39.7090036194,38.5030480846,38.7948115204,1245868,0.0,0.0,0.0,0.0,0.0,0.0,0.0,0.0,,35.73882068419188,34.72648858209742,34.025590306318136,32.66531678748155,32.16097995209394,,,33.976345851175466,,,,,34.22351666472133,,,,,31.229361714400973,,"rgba(38, 166, 154, 0.75)"
2025-10-16 00:00:00+00:00,39.7090036194,40.584293927,39.5582591775,39.8548853373,989073,0.0,0.0,0.0,0.0,0.0,0.0,0.0,0.0,,35.94928261510214,34.89862377034645,34.123093035048264,32.7430221463781,32.2357966579547,,,34.09902491441203,,,,,34.37083264000565,,,,,31.300904522230113,,"rgba(38, 166, 154, 0.75)"
2025-10-17 00:00:00+00:00,38.8628896554,39.6409254844,38.6246161828,39.3977892878,792746,0.0,0.0,0.0,0.0,0.0,0.0,0.0,0.0,,36.0684125969009,35.0052559003019,34.1871385460063,32.796422487612695,32.28779849228308,,,34.179076180201,,,,,34.4652096300434,,,,,31.351475263188686,,"rgba(38, 166, 154, 0.75)"
2025-10-20 00:00:00+00:00,39.3005348092,39.4075147357,38.8823405512,39.3102602571,609012,0.0,0.0,0.0,0.0,0.0,0.0,0.0,0.0,,36.15830377426997,35.0865040188808,34.236743682271054,32.83783163673047,32.328109860627116,,,34.24072684882867,,,,,34.5375159112862,,,,,31.390647652088482,,"rgba(38, 166, 154, 0.75)"
2025-10-21 00:00:00+00:00,38.3668918145,39.38806384,38.1237556179,39.2908093614,696422,0.0,0.0,0.0,0.0,0.0,0.0,0.0,0.0,,36.23681583092637,35.163264087302835,34.285889850509896,32.880342043536494,32.369852750547004,,,34.30148977676744,,,,,34.60773894604347,,,,,31.431726401124138,,"rgba(38, 166, 154, 0.75)"
2025-10-22 00:00:00+00:00,38.0654029308,38.7850860725,37.6521686511,38.327990023,810827,0.0,0.0,0.0,0.0,0.0,0.0,0.0,0.0,,36.30577414605232,35.23724733930075,34.33583853667878,32.925167114459256,32.41424877768294,,,34.36286502722617,,,,,34.67752626529225,,,,,31.47595759466204,,"rgba(38, 166, 154, 0.75)"
2025-10-23 00:00:00+00:00,38.5030480846,38.5711262196,37.8806194214,38.2015592008,682325,0.0,0.0,0.0,0.0,0.0,0.0,0.0,0.0,,36.364496003762554,35.299799317733736,34.37850037700962,32.96337106760412,32.45205030851084,,,34.4150102239544,,,,,34.73661376079874,,,,,31.513559528081924,,"rgba(38, 166, 154, 0.75)"
2025-10-24 00:00:00+00:00,39.4853183186,39.5874355211,38.9017914469,39.0282222691,646779,0.0,0.0,0.0,0.0,0.0,0.0,0.0,0.0,,36.44417156546758,35.375797685239284,34.428222925954486,33.005802352565226,32.49351059195502,,,34.47560877296419,,,,,34.80612996163829,,,,,31.55403934012215,,"rgba(38, 166, 154, 0.75)"
2025-10-27 00:00:00+00:00,39.7673563066,40.015355227,39.4172401836,39.6506509322,921966,0.0,0.0,0.0,0.0,0.0,0.0,0.0,0.0,,36.565698789187856,35.49000580516909,34.50316777796319,33.0691648248187,32.555236292295504,,,34.56651134794368,,,,,34.91029422255244,,,,,31.614017529991077,,"rgba(38, 166, 154, 0.75)"
2025-10-28 00:00:00+00:00,42.198718272,43.4823801353,41.357467032,41.8631903208,2176005,0.0,0.0,0.0,0.0,0.0,0.0,0.0,0.0,,37.02934756505949,35.88941509787767,34.7562332501235,33.27090056312952,32.74836934429609,,,34.8715229987417,,,,,35.26368208243945,,,,,31.796599923541166,,"rgba(38, 166, 154, 1.0)"
2025-10-29 00:00:00+00:00,41.4887605781,42.7822451437,41.4109569952,42.5002071557,1308858,0.0,0.0,0.0,0.0,0.0,0.0,0.0,0.0,,37.25324278168318,36.09269443613431,34.89212581884724,33.38223406242174,32.8556088617413,,,35.03331396061565,,,,,35.447947594431405,,,,,31.898880089933005,,"rgba(38, 166, 154, 1.0)"
2025-10-30 00:00:00+00:00,41.0219390807,41.9361311797,40.8177046756,41.4206824431,1485908,0.0,0.0,0.0,0.0,0.0,0.0,0.0,0.0,,37.45213351727188,36.283889899976224,35.026818845727966,33.49601470912052,32.965999307710234,,,35.19198936474749,,,,,35.62567056949438,,,,,32.00528913500396,,"rgba(38, 166, 154, 1.0)"
2025-10-31 00:00:00+00:00,42.0722874498,42.48075626,40.7788028842,41.1386444551,2110853,0.0,0.0,0.0,0.0,0.0,0.0,0.0,0.0,,37.73712908046585,36.55829016530652,35.223782482473446,33.66254134075503,33.127425132580164,,,35.42210422800318,,,,,35.88182555980264,,,,,32.160601962256344,,"rgba(38, 166, 154, 1.0)"
2025-11-03 00:00:00+00:00,42.7919705916,43.1607595745,41.7318967746,42.2278946156,1060005,0.0,0.0,0.0,0.0,0.0,0.0,0.0,0.0,,37.89165226049388,36.70518990927082,35.32974412760351,33.75150538904989,33.21342699467403,,,35.54522427414501,,,,,36.01864072023829,,,,,32.24295776905971,,"rgba(38, 166, 154, 1.0)"
2025-11-04 00:00:00+00:00,42.5585598429,43.044832236,41.7902494618,41.9653075233,1551379,0.0,0.0,0.0,0.0,0.0,0.0,0.0,0.0,,38.09641678892947,36.90432004126913,35.47741477111144,33.877150274228796,33.335229135056956,,,35.71556290369289,,,,,36.20624498282856,,,,,32.36005486190819,,"rgba(38, 166, 154, 1.0)"
2025-11-05 00:00:00+00:00,41.7318967746,43.3074193282,40.7593519885,42.5099326036,1337805,0.0,0.0,0.0,0.0,0.0,0.0,0.0,0.0,,38.23904865788457,37.04990717899601,35.59061110885082,33.976093966704205,33.431748117649484,,,35.84480532784224,,,,,36.34645161987368,,,,,32.453697555758154,,"rgba(38, 166, 154, 1.0)"
2025-11-06 00:00:00+00:00,43.180988506,43.1907139539,41.6929949832,42.2181691677,1643289,0.0,0.0,0.0,0.0,0.0,0.0,0.0,0.0,,38.43335743515674,37.24353745228446,35.74026334616329,34.10558072151434,33.55765567672663,,,36.01519609170569,,,,,36.53160529920791,,,,,32.575214063388785,,"rgba(38, 166, 154, 1.0)"
2025-11-07 00:00:00+00:00,43.2101648496,43.3171447761,41.7999749097,42.5391089472,1896135,0.0,0.0,0.0,0.0,0.0,0.0,0.0,0.0,,38.64168461125462,37.45440081770406,35.907365114001145,34.251764495827466,33.700098121559904,,,36.20399937555126,,,,,36.73510354424386,,,,,32.7130734944345,,"rgba(38, 166, 154, 1.0)"
2025-11-10 00:00:00+00:00,42.9670286531,43.8617698564,42.8114214873,43.7353390342,850601,0.0,0.0,0.0,0.0,0.0,0.0,0.0,0.0,,38.73800198649847,37.55121578711604,35.984388418231184,34.319037804465594,33.765589756405085,,,36.29072698880764,43.213406665600004,,,,36.82845077619782,,,,,32.776350751587024,,"rgba(38, 166, 154, 1.0)"
2025-11-11 00:00:00+00:00,41.4304078909,41.9264057319,40.652372062,41.5082114738,1767514,0.0,0.0,0.0,0.0,0.0,0.0,0.0,0.0,,38.84698486796781,37.67897915052097,36.09911984424261,34.426819141260495,33.87236355570767,,,,41.94621863388757,,,,36.95950259308974,,,,,32.882215896389624,,"rgba(38, 166, 154, 0.75)"
2025-11-12 00:00:00+00:00,40.8760573628,41.5276623695,40.5502548594,41.4887605781,984119,0.0,0.0,0.0,0.0,0.0,0.0,0.0,0.0,,38.89576625417251,37.73995799544988,36.15674471537075,34.48242458251111,33.927777636078254,,,,41.6835233466409,,,,37.02361743217504,,,,,32.9376270777962,,"rgba(38, 166, 154, 0.5)"
2025-11-13 00:00:00+00:00,40.7690774363,41.2456243816,40.3800595219,40.7788028842,1569978,0.0,0.0,0.0,0.0,0.0,0.0,0.0,0.0,,38.962593128321124,37.82738545562226,36.24246954635239,34.56671875046954,34.012126328091504,,,,41.414807806017194,,,,37.11715777913782,,,,,33.022461491689135,,"rgba(38, 166, 154, 0.5)"
2025-11-14 00:00:00+00:00,41.0802917679,41.1289190072,39.5020460889,39.8743362331,1081134,0.0,0.0,0.0,0.0,0.0,0.0,0.0,0.0,,39.000566070109684,37.88034192833539,36.29682296395095,34.621395013868245,34.06710725348642,,,,41.26882236135829,,,,37.17509937799963,,,,,33.07814346121661,,"rgba(38, 166, 154, 0.5)"
2025-11-17 00:00:00+00:00,41.4206824431,41.8242885293,40.9052337064,41.0802917679,1153313,0.0,0.0,0.0,0.0,0.0,0.0,0.0,0.0,,39.05912468113375,37.95103059981122,36.36406772038937,34.68645653683732,34.13195776435746,,,,41.28666383061747,,,,37.24909924541353,,,,,33.142992208719235,,"rgba(38, 166, 154, 0.5)"
2025-11-18 00:00:00+00:00,41.284526173,41.8097003575,40.6718229577,41.2553498294,1018628,0.0,0.0,0.0,0.0,0.0,0.0,0.0,0.0,,39.10578163247725,38.008890892461984,36.420520102396495,34.741808652329915,34.187291599998716,,,,41.28287792772393,,,,37.310367777946716,,,,,33.19855438131678,,#000000
2025-11-19 00:00:00+00:00,40.8274301235,41.7902494618,40.4675885526,41.216448038,1984335,0.0,0.0,0.0,0.0,0.0,0.0,0.0,0.0,,39.18218736467939,38.108493417006905,36.52184263463229,34.84333695481539,34.28927009584486,,,,41.23437238263913,,,,37.417931312782564,,,,,33.30164752683528,,#000000
2025-11-20 00:00:00+00:00,40.3897849697,41.8291512533,40.2730795954,41.3331534123,1343469,0.0,0.0,0.0,0.0,0.0,0.0,0.0,0.0,,39.2253785186336,38.167959275972024,36.585048427038934,34.90809499460537,34.35462874714759,,,,41.18822630662488,,,,37.483491627416264,,,,,33.3681706162356,,#000000
2025-11-21 00:00:00+00:00,40.1271978775,40.5210785159,39.670101828,40.4481376569,1296850,0.0,0.0,0.0,0.0,0.0,0.0,0.0,0.0,,39.247104338237634,38.207985223873386,36.63421035001147,34.96180440080267,34.409571023386285,,,,41.08069159156839,,,,37.53123992310505,,,,,33.425152337753,,"rgba(239, 83, 80, 1.0)"
2025-11-24 00:00:00+00:00,39.5922982451,40.5940193748,39.0671240605,40.4286867612,2127081,0.0,0.0,0.0,0.0,0.0,0.0,0.0,0.0,,39.26670457760438,38.25854316471229,36.703992139173394,35.04161914965555,34.49197298819058,,,,40.89435407707076,,,,37.595607970079314,,,,,33.51169852316129,,"rgba(239, 83, 80, 1.0)"
2025-11-25 00:00:00+00:00,40.3800595219,40.720450197,39.1546530913,39.7576308587,1942125,0.0,0.0,0.0,0.0,0.0,0.0,0.0,0.0,,39.29476368441738,38.311594028937186,36.77172078511689,35.117209848936895,34.56965813655658,,,,40.80254101023525,,,,37.659815094124525,,,,,33.59279612733432,,"rgba(239, 83, 80, 1.0)"
2025-11-26 00:00:00+00:00,40.020217951,40.8031165038,40.020217951,40.7788028842,999177,0.0,0.0,0.0,0.0,0.0,0.0,0.0,0.0,,39.31186257917709,38.34059213490491,36.807519903222854,35.156724238135226,34.61018210062006,,,,40.77378957614784,,,,37.694143134819186,,,,,33.63498129011514,,"rgba(239, 83, 80, 1.0)"
2025-11-28 00:00:00+00:00,40.7136423835,40.831396953,40.232811225,40.4486946023,617417,0.0,0.0,0.0,0.0,0.0,0.0,0.0,0.0,,39.325435734527886,38.360895587005295,36.83122904773574,35.18230594861359,34.63629613626046,,,,40.76781921614482,,,,37.717409374331844,,,,,33.66199267020521,,"rgba(239, 83, 80, 0.75)"
2025-12-01 00:00:00+00:00,39.8108573512,40.5958878141,39.5508160103,40.2818756289,904937,0.0,0.0,0.0,0.0,0.0,0.0,0.0,0.0,,39.33553708947532,38.38208785615684,36.85992742710835,35.21521196265505,34.67030435927328,,,,40.73179044435399,,,,37.74378756564434,,,,,33.69777288766098,,"rgba(239, 83, 80, 0.75)"
2025-12-02 00:00:00+00:00,39.6538512586,40.3505657944,39.4183421197,39.908986159,657908,0.0,0.0,0.0,0.0,0.0,0.0,0.0,0.0,,39.34072858144002,38.39547692791121,36.87929480460137,35.23797025673817,34.69393871115681,,,,40.70183558738022,,,,37.76108871525217,,,,,33.722802414669474,,"rgba(239, 83, 80, 0.75)"
2025-12-03 00:00:00+00:00,38.7805048686,39.8010444704,38.4468669218,39.6636641394,935510,0.0,0.0,0.0,0.0,0.0,0.0,0.0,0.0,,39.335628073267166,38.40356919091024,36.89901239816225,35.264360925441665,34.72198634596803,,,,40.62727517386871,,,,37.77579464514133,,,,,33.753419767230426,,"rgba(239, 83, 80, 1.0)"
2025-12-04 00:00:00+00:00,39.310400431,39.6244126162,38.6627502991,38.7706919878,906231,0.0,0.0,0.0,0.0,0.0,0.0,0.0,0.0,,39.33362289839586,38.41359895732718,36.91945389977641,35.29085314184583,34.74999764246704,,,,40.56882178855376,,,,37.7918541467556,,,,,33.7838010019868,,"rgba(239, 83, 80, 1.0)"
2025-12-05 00:00:00+00:00,38.9669496035,39.8893603974,38.8884465572,39.5459095699,690013,0.0,0.0,0.0,0.0,0.0,0.0,0.0,0.0,,39.33267817616034,38.42153422585058,36.93510602373034,35.311036814672335,34.77132440941515,,,,40.52890954050385,,,,37.80425897359988,,,,,33.80691474613122,,"rgba(239, 83, 80, 1.0)"
2025-12-08 00:00:00+00:00,38.5449957297,39.5360966891,38.2875057378,39.4477807621,1034713,0.0,0.0,0.0,0.0,0.0,0.0,0.0,0.0,,39.32381220400019,38.42670691462466,36.95360972040135,35.33743873985653,34.79969049121015,,,,40.45349567868478,,,,37.81668460014877,,,,,33.838319688167736,,"rgba(239, 83, 80, 1.0)"
2025-12-09 00:00:00+00:00,38.4959313258,39.0552655306,38.3585509947,38.5842472528,674738,0.0,0.0,0.0,0.0,0.0,0.0,0.0,0.0,,39.3165740318959,38.42861318752159,36.964489610897914,35.353687356434385,34.8172724434956,,,,40.4035384363679,,,,37.82337234210749,,,,,33.857960451529095,,"rgba(239, 83, 80, 1.0)"
2025-12-10 00:00:00+00:00,38.6921889415,38.9963882459,38.2407964253,38.4664926834,1095613,0.0,0.0,0.0,0.0,0.0,0.0,0.0,0.0,,39.30525030073103,38.43173090543697,36.98192736673469,35.37978488730032,34.845528934659306,,,,40.32830137933119,,,,37.834087780227634,,,,,33.88955529098983,,"rgba(239, 83, 80, 1.0)"
2025-12-11 00:00:00+00:00,38.3585509947,39.0748912922,38.2309835445,38.7805048686,816083,0.0,0.0,0.0,0.0,0.0,0.0,0.0,0.0,,39.29596762734267,38.433049061187255,36.994004390537086,35.39843764364372,34.86582323775044,,,,40.27358546489911,,,,37.84103743932435,,,,,33.91238713765099,,"rgba(239, 83, 80, 1.0)"
2025-12-12 00:00:00+00:00,38.024913048,38.5631495591,37.6324959453,38.2800479484,975552,0.0,0.0,0.0,0.0,0.0,0.0,0.0,0.0,,39.27815500490518,38.42850427829887,37.00382279114039,35.417093272685165,34.886666356745074,,,,40.19533134730553,,,,37.84368669920299,,,,,33.93658962834264,,"rgba(239, 83, 80, 1.0)"
2025-12-15 00:00:00+00:00,37.887532717,38.2015449022,37.8237489919,38.1328547367,638159,0.0,0.0,0.0,0.0,0.0,0.0,0.0,0.0,,39.26581253197875,38.42475169272197,37.009542769066634,35.42869091657864,34.89972082135239,,,,40.14475219402487,,,,37.844628295476085,,,,,33.95188118169958,,"rgba(239, 83, 80, 1.0)"
2025-12-16 00:00:00+00:00,38.0837903327,38.6136858952,37.7894039091,37.8188425515,1042997,0.0,0.0,0.0,0.0,0.0,0.0,0.0,0.0,,39.24904229241773,38.421280230359066,37.02057912846034,35.448830597965205,34.92213517544809,,,,40.073717263940935,,,,37.848423990200864,,,,,33.97780353547346,,"rgba(239, 83, 80, 1.0)"
2025-12-17 00:00:00+00:00,36.5333551684,38.3683638755,36.1212141754,38.2113577829,1234985,0.0,0.0,0.0,0.0,0.0,0.0,0.0,0.0,,39.20942255687686,38.39948209512174,37.02043414093855,35.462311468058815,34.93896339621717,,,,39.94892632284876,,,,37.836694445296295,37.00764440643333,,,,33.99973126836571,,"rgba(239, 83, 80, 1.0)"
2025-12-18 00:00:00+00:00,36.9160575191,37.4312337604,36.690361261,36.8571802344,1059859,0.0,0.0,0.0,0.0,0.0,0.0,0.0,0.0,,39.17659451015631,38.38136812330959,37.020359028845434,35.47373229373381,34.95322399548139,,,,39.849823048938426,,,,,37.00991041450008,,,,34.018328332702296,,"rgba(239, 83, 80, 1.0)"
2025-12-19 00:00:00+00:00,37.4165144392,37.6029591742,37.0436249693,37.0436249693,1414203,0.0,0.0,0.0,0.0,0.0,0.0,0.0,0.0,,39.14097133808362,38.36377712766619,37.024552126464286,35.4920393411198,34.97505781999601,,,,39.74228559742759,,,,,37.14124614496294,,,,34.04558065707479,,"rgba(239, 83, 80, 0.75)"
2025-12-22 00:00:00+00:00,37.9856615249,38.3389252332,37.3550858055,37.5931462934,907840,0.0,0.0,0.0,0.0,0.0,0.0,0.0,0.0,,39.125506774476975,38.35865941414652,37.031496717686636,35.50695119813052,34.99199307813199,,,,39.692511013927515,,,,,37.28911109086041,,,,34.0656527860799,,"rgba(239, 83, 80, 0.75)"
2025-12-23 00:00:00+00:00,38.1132289751,38.3192994716,37.8384683131,38.0151001672,863652,0.0,0.0,0.0,0.0,0.0,0.0,0.0,0.0,,39.11344354939391,38.35591157562481,37.03948877035797,35.52212400195041,35.0090048320046,,,,39.652505939124765,,,,,37.4153717121888,,,,34.08552788892096,,"rgba(239, 83, 80, 0.75)"
2025-12-24 00:00:00+00:00,38.3978025179,38.486118445,38.162293379,38.2702350677,344092,0.0,0.0,0.0,0.0,0.0,0.0,0.0,0.0,,39.10990953654365,38.35588242668118,37.04341417042934,35.52872279687739,35.01629468399498,,,,39.63966368930237,,,,,37.470510640632604,,,,34.093899267733555,,"rgba(239, 83, 80, 0.75)"
2025-12-26 00:00:00+00:00,38.2898608292,38.437054041,38.0739774519,38.2702350677,661954,0.0,0.0,0.0,0.0,0.0,0.0,0.0,0.0,,39.10248135342854,38.35519273214694,37.05043096467122,35.54096549033513,35.02988761533818,,,,39.614135677075275,,,,,37.55178847143548,,,,34.10960402119828,,"rgba(239, 83, 80, 0.75)"
2025-12-29 00:00:00+00:00,38.2211706637,38.5204635277,38.0200066076,38.162293379,626991,0.0,0.0,0.0,0.0,0.0,0.0,0.0,0.0,,39.09545693579491,38.354453836847874,37.05693264607481,35.55240584827426,35.042606561714045,,,,39.59058995093625,,,,,37.613670882837965,,,,34.1243241921683,,"rgba(239, 83, 80, 0.75)"
2025-12-30 00:00:00+00:00,37.5146432471,38.4763055642,37.4901110451,38.2015449022,859189,0.0,0.0,0.0,0.0,0.0,0.0,0.0,0.0,,39.081230225242855,38.34923472537486,37.06259193520424,35.56547466153759,35.05757845386332,,,,39.54972693272686,,,,,37.6366625517883,,,,34.14225917054213,,"rgba(239, 83, 80, 0.75)"
2025-12-31 00:00:00+00:00,37.6225849357,37.8384683131,37.4557659624,37.5440818895,522314,0.0,0.0,0.0,0.0,0.0,0.0,0.0,0.0,,39.071462798107866,38.3449874972942,37.065155318951575,35.57269161417828,35.065988868904086,,,,39.52318586868776,,,,,37.636802562934925,,,,34.15252525432028,,"rgba(239, 83, 80, 1.0)"
2026-01-02 00:00:00+00:00,39.1435814577,39.2809617887,37.9365971209,38.0739774519,818113,0.0,0.0,0.0,0.0,0.0,0.0,0.0,0.0,,39.068477548633915,38.349089352870706,37.07706777722012,35.59012057008147,35.08488208963902,,,,39.50751113651792,,,,,37.73784522957388,,,,34.173740242053384,,#000000
2026-01-05 00:00:00+00:00,38.9375109611,39.5900675335,38.0641645711,39.4870322852,1292455,0.0,0.0,0.0,0.0,0.0,0.0,0.0,0.0,,39.06514087336595,38.35652710209246,37.09638586686938,35.61792580882002,35.11495341855595,,,,39.48656579766213,,,,,37.87507341299392,,,,34.207414621417584,,#000000
2026-01-06 00:00:00+00:00,39.1533943385,39.3496519542,38.4763055642,39.0847041729,939999,0.0,0.0,0.0,0.0,0.0,0.0,0.0,0.0,,39.06429646719562,38.36314643639659,37.111183532323736,35.638646834056736,35.137268780938264,,,,39.47515627038379,,,,,37.966099945613855,,,,34.23227492324825,,"rgba(38, 166, 154, 0.5)"
2026-01-07 00:00:00+00:00,38.1034160943,39.9776763245,37.9267842401,39.2417102655,939240,0.0,0.0,0.0,0.0,0.0,0.0,0.0,0.0,,39.05972274689432,38.36629449589652,37.123235610670754,35.65712424843817,35.15745991654968,,,,39.456958538144946,,,,,38.01900121451211,,,,34.2551863753826,,#000000
2026-01-08 00:00:00+00:00,37.0926893733,38.6333116568,37.0239992078,38.0739774519,737019,0.0,0.0,0.0,0.0,0.0,0.0,0.0,0.0,,39.04642914452644,38.36002739488614,37.12601141210539,35.666295715967145,35.168293287732205,,,,39.42433642488796,,,,,37.99471610221756,,,,34.26861742400311,,"rgba(239, 83, 80, 1.0)"
2026-01-09 00:00:00+00:00,37.2987598698,37.8384683131,37.1319408964,37.5538947702,646012,0.0,0.0,0.0,0.0,0.0,0.0,0.0,0.0,,39.03371732204778,38.353499423794325,37.127573954338914,35.67359703187801,35.17708476050802,,,,39.39425341185437,,,,,37.96808636009117,,,,34.27973622435272,,"rgba(239, 83, 80, 1.0)"
2026-01-12 00:00:00+00:00,38.0151001672,38.1721062598,37.2987598698,37.2987598698,962834,0.0,0.0,0.0,0.0,0.0,0.0,0.0,0.0,,39.01981553823014,38.34810547676386,37.133027730329815,35.68686414785926,35.19240474272003,,,,39.35994646773517,,,,,37.95903430076114,,,,34.298282946667506,,"rgba(239, 83, 80, 1.0)"
2026-01-13 00:00:00+00:00,38.5351828489,38.5548086105,37.4361402008,37.563707651,1205826,0.0,0.0,0.0,0.0,0.0,0.0,0.0,0.0,,39.00778921876264,38.345910555429334,37.14308464652592,35.70590362835918,35.213833962586776,,,,39.32830638330548,,,,,37.97530160749464,,,,34.323493215877036,,#000000
2026-01-14 00:00:00+00:00,38.0347259288,38.8786336764,38.0052872864,38.5646214913,961104,0.0,0.0,0.0,0.0,0.0,0.0,0.0,0.0,,38.99991474240328,38.345512540182284,37.15196108622208,35.72166470938984,35.231439784966064,,,,39.30700030269111,,,,,37.99401255937088,,,,34.34402808275315,,#000000
2026-01-15 00:00:00+00:00,38.0641645711,38.7314404646,38.0445388096,38.6136858952,794084,0.0,0.0,0.0,0.0,0.0,0.0,0.0,0.0,,38.99330038320242,38.34497466165932,37.15902945209287,35.734413022537716,35.24571303262059,,,,39.28961251742906,,,,,38.006778922117256,,,,34.36072433656593,,#000000
2026-01-16 00:00:00+00:00,38.7510662262,39.035639769,37.7795910283,37.9267842401,1017136,0.0,0.0,0.0,0.0,0.0,0.0,0.0,0.0,,38.98781921290604,38.34681934509878,37.169882092777364,35.75209294765285,35.26524437744842,,,,39.273320511312996,,,,,38.03464607983715,,,,34.3832126990859,,#000000
2026-01-20 00:00:00+00:00,37.8090296707,38.5646214913,37.5735205318,38.2702350677,902385,0.0,0.0,0.0,0.0,0.0,0.0,0.0,0.0,,38.97754917859627,38.34348297065643,37.17558112638835,35.76457182339672,35.279538981487015,,,,39.24945881110433,,,,,38.03225381618082,,,,34.40038624443661,,#000000
2026-01-21 00:00:00+00:00,38.5449957297,38.5646214913,37.8679069554,38.1819191406,531841,0.0,0.0,0.0,0.0,0.0,0.0,0.0,0.0,,38.973649248735946,38.34338829191843,37.1803166471188,35.7729901949094,35.2889552229237,,,,39.239505326743306,,,,,38.03996714574607,,,,34.411394462101285,,#000000
2026-01-22 00:00:00+00:00,38.6431245376,39.8452024339,38.6333116568,39.2417102655,881728,0.0,0.0,0.0,0.0,0.0,0.0,0.0,0.0,,38.97430641562916,38.34953654811096,37.19292727892102,35.79069897167346,35.3080824927302,,,,39.23601304776388,,,,,38.081730205263725,,,,34.43281679551431,,#000000
2026-01-23 00:00:00+00:00,39.0454526498,39.310400431,38.3781767563,38.8884465572,956089,0.0,0.0,0.0,0.0,0.0,0.0,0.0,0.0,,38.973642798367074,38.35485809735533,37.20546681789285,35.808930738524836,35.32789331647038,,,,39.22994900369946,,,,,38.11765185490367,,,,34.45517775118407,,"rgba(38, 166, 154, 1.0)"
2026-01-26 00:00:00+00:00,38.5842472528,39.2318973847,38.4763055642,39.0650784114,1088699,0.0,0.0,0.0,0.0,0.0,0.0,0.0,0.0,,38.97115835808807,38.35922561484931,37.21831160390059,35.82846082078324,35.349272517769826,,,,39.22024862480598,,,,,38.14802961934593,,,,34.47953769341358,,"rgba(38, 166, 154, 1.0)"
2026-01-27 00:00:00+00:00,39.5066580468,39.8991732782,38.4468669218,38.7314404646,907435,0.0,0.0,0.0,0.0,0.0,0.0,0.0,0.0,,38.974222740912,38.3673803257361,37.232405062787116,35.84739216465224,35.36957305758736,,,,39.221340307341436,,,,,38.190851696298004,,,,34.50207149513702,,"rgba(38, 166, 154, 1.0)"
2026-01-28 00:00:00+00:00,39.8697346359,40.070898692,38.9080723188,39.7912315896,865100,0.0,0.0,0.0,0.0,0.0,0.0,0.0,0.0,,38.98015822231554,38.37778890504593,37.24780839240441,35.866973078812634,35.39035733677091,,,,39.227660774086516,,,,,38.24029001249153,,,,34.52483591484126,,"rgba(38, 166, 154, 1.0)"
2026-01-29 00:00:00+00:00,38.5842472528,40.0512729304,38.5057442065,39.7421671856,1186688,0.0,0.0,0.0,0.0,0.0,0.0,0.0,0.0,,38.980996388080996,38.38535432494002,37.263616350667114,35.889476773418785,35.41474355936449,,,,39.22378143318559,,,,,38.27693215548967,,,,34.55228091671942,,"rgba(38, 166, 154, 0.75)"
2026-01-30 00:00:00+00:00,40.8608355953,41.6851175814,38.8639143553,39.359464835,2251084,0.0,0.0,0.0,0.0,0.0,0.0,0.0,0.0,,39.01554665859504,38.42911430848882,37.316177328021475,35.95014846042414,35.477895474265765,,,,39.27257833344031,,,,,38.450881740912706,,,,34.619631840065836,,"rgba(38, 166, 154, 1.0)"
2026-02-02 00:00:00+00:00,40.2229983442,41.4299826809,39.7912315896,41.3024152307,1276757,0.0,0.0,0.0,0.0,0.0,0.0,0.0,0.0,,39.034588041149604,38.45326163900584,37.34533521727149,35.98393625085459,35.513097855300636,,,,39.29884191664457,,,,,38.53829818163733,,,,34.65722800113219,,"rgba(38, 166, 154, 1.0)"
2026-02-03 00:00:00+00:00,41.2239121844,41.8519365548,40.4094430791,40.4094430791,1087547,0.0,0.0,0.0,0.0,0.0,0.0,0.0,0.0,,39.05786739271889,38.48013787370578,37.37504870768578,36.016616011731074,35.54674809412203,,,,39.33269208135742,,,,,38.63110063878896,,,,34.69257108470957,,"rgba(38, 166, 154, 1.0)"
2026-02-04 00:00:00+00:00,40.8902742377,41.8617494356,40.232811225,41.8617494356,1014127,0.0,0.0,0.0,0.0,0.0,0.0,0.0,0.0,,39.07743552150622,38.50319409572716,37.40113998449633,36.04574401235147,35.576845807906295,,,,39.360387668032864,,,,,38.70658428375572,,,,34.72434287401861,,"rgba(38, 166, 154, 1.0)"
2026-02-05 00:00:00+00:00,39.9973020861,41.3514796346,39.5900675335,40.5468234101,1330791,0.0,0.0,0.0,0.0,0.0,0.0,0.0,0.0,,39.093599500101675,38.52470839048085,37.428422932716366,36.07825771479159,35.610932311864346,,,,39.38076893348879,,,,,38.771189608635154,,,,34.761070682713,,"rgba(38, 166, 154, 1.0)"
2026-02-06 00:00:00+00:00,41.1650348997,41.4496084425,40.507571887,40.6351393372,723426,0.0,0.0,0.0,0.0,0.0,0.0,0.0,0.0,,39.10734954090771,38.540863492650836,37.44672886219669,36.09872738343976,35.63209320466624,,,,39.3998542790648,,,,,38.8197469721061,,,,34.78342511345974,,"rgba(38, 166, 154, 1.0)"
2026-02-09 00:00:00+00:00,42.0776328129,42.2248260247,40.7922435586,41.1257833766,561834,0.0,0.0,0.0,0.0,0.0,0.0,0.0,0.0,,39.12148121885517,38.55653003198781,37.46339583968146,36.11660816989349,35.65039794572185,,,,39.42019540241389,,,,,38.86679449728497,,,,34.802489464522566,,"rgba(38, 166, 154, 1.0)"
2026-02-10 00:00:00+00:00,42.116884336,42.3425805941,41.7832463893,42.2935161902,646860,0.0,0.0,0.0,0.0,0.0,0.0,0.0,0.0,,39.13994991149143,38.576549741025474,37.484143458728575,36.1384558088651,35.67266138744837,,,,39.447033381278175,,,,,38.92616063164047,,,,34.82552002482361,,"rgba(38, 166, 154, 1.0)"
2026-02-11 00:00:00+00:00,42.440709402,42.578089733,41.0374674495,42.440709402,576739,0.0,0.0,0.0,0.0,0.0,0.0,0.0,0.0,,39.15587936076172,38.593895275378735,37.50223740912582,36.15759826886744,35.69219057435638,,,,39.46995563391078,,,,,38.97626509073338,,,,34.8457566234883,,"rgba(38, 166, 154, 1.0)"
2026-02-12 00:00:00+00:00,42.2640775478,43.3729330767,41.8715623163,42.6762185408,939897,0.0,0.0,0.0,0.0,0.0,0.0,0.0,0.0,,39.185791228426396,38.6257344206657,37.53454489223395,36.19108329891764,35.72617623089565,,,,39.51337960737733,,,,,39.06698270788438,,,,34.88070218197157,,"rgba(38, 166, 154, 1.0)"
2026-02-13 00:00:00+00:00,43.0196693684,43.5495649308,41.9010009587,42.2346389054,956042,0.0,0.0,0.0,0.0,0.0,0.0,0.0,0.0,,39.218561091152544,38.66022673467739,37.56907467849864,36.22649437030557,35.762018304850564,,,,39.56089352456328,,,,,39.162766214853626,,,,34.91740349320509,,"rgba(38, 166, 154, 1.0)"
2026-02-17 00:00:00+00:00,43.5201262885,44.3345953938,42.9607920836,43.3827459575,1693013,0.0,0.0,0.0,0.0,0.0,0.0,0.0,0.0,,39.28744154558429,38.73114924293074,37.638063457784426,36.2956054917338,35.8315385432145,,,,39.661149720890165,43.60517125529999,,,,39.35469345469093,,,,34.987915842521545,43.60517125529999,"rgba(38, 166, 154, 1.0)"
2026-02-18 00:00:00+00:00,42.1266972168,43.701664583,41.655678939,43.5495649308,1457968,0.0,0.0,0.0,0.0,0.0,0.0,0.0,0.0,,39.33023256005279,38.77706636324319,37.685399302087276,36.345207020418535,35.882014532089386,,,,,43.091343861400034,,,,39.46732737723004,,,,35.04002001880421,43.091343861400034,"rgba(38, 166, 154, 0.75)"
2026-02-19 00:00:00+00:00,41.6654918198,42.4345272871,41.2631637076,42.1561358591,822762,0.0,0.0,0.0,0.0,0.0,0.0,0.0,0.0,,39.34859720561864,38.79765309422673,37.70783971035923,36.36967160863489,35.90715374803662,,,,,42.82143060367669,,,,39.513366500054666,,,,35.06634720572377,42.82143060367669,"rgba(38, 166, 154, 0.75)"
2026-02-20 00:00:00+00:00,42.0285684089,42.3720192365,41.4103569194,41.6066145351,616187,0.0,0.0,0.0,0.0,0.0,0.0,0.0,0.0,,39.363002865203065,38.81364801760739,37.725094725199156,36.38835096662145,35.92631572320834,,,,,42.70269545378604,,,,39.548852756539475,,,,35.08636499747786,42.70269545378604,"rgba(38, 166, 154, 0.75)"
2026-02-23 00:00:00+00:00,42.2837033094,43.0294822492,42.0481941705,42.1266972168,729308,0.0,0.0,0.0,0.0,0.0,0.0,0.0,0.0,,39.383229375936374,38.83546785334916,37.74782009607803,36.412342402417586,35.95077529018642,,,,,42.66856906697657,,,,39.598337400071074,,,,35.11168353688456,42.66856906697657,"rgba(38, 166, 154, 0.75)"
2026-02-24 00:00:00+00:00,42.6467798985,42.7743473487,41.7734335085,42.254264667,1219274,0.0,0.0,0.0,0.0,0.0,0.0,0.0,0.0,,39.41585789095934,38.870816611151085,37.784885735604405,36.45166544311069,35.990914324155455,,,,,42.61814935013268,,,,39.67586615990374,,,,35.15330757646726,42.61814935013268,"rgba(38, 166, 154, 0.75)"
2026-02-25 00:00:00+00:00,42.9509792029,43.2551785072,42.3524916037,42.7449087063,1958744,0.0,0.0,0.0,0.0,0.0,0.0,0.0,0.0,,39.474591888181806,38.9332921048772,37.84895820109791,36.51851542526268,36.05886357532888,,,,,42.672258974835096,,,,39.8111737700623,,,,35.22332415016951,42.672258974835096,"rgba(38, 166, 154, 0.75)"
2026-02-26 00:00:00+00:00,43.2159269841,43.2944300304,42.0580070513,42.6467798985,653491,0.0,0.0,0.0,0.0,0.0,0.0,0.0,0.0,,39.49376148442407,38.953718663434984,37.86998924200779,36.54052011925844,36.081245591460096,,,,,42.68538931390474,,,,39.853833388779734,,,,35.246410970920714,42.68538931390474,"rgba(38, 166, 154, 1.0)"
2026-02-27 00:00:00+00:00,42.3151045279,43.8698602992,41.6912216388,43.038016447,1177783,-1.0,43.86986,41.691223,0.0,0.0,0.0,0.0,0.0,,39.52543394226623,38.98785596510201,37.90571710998207,36.5783607387023,36.1198533535801,,42.62539548863333,,,42.67854809763199,,,,39.92209202696577,,,,35.286418488484784,42.67854809763199,"rgba(38, 166, 154, 0.75)"
2026-03-02 00:00:00+00:00,42.721123551,43.1370454771,41.3467986723,41.3644258397,914512,0.0,0.0,0.0,0.0,0.0,0.0,0.0,0.0,,39.547844883862105,39.01232421684463,37.9317929203716,36.60634458760105,36.14849809498653,,42.52760213800242,,,42.65602561329733,,,,39.968619108206994,,,,35.316247168870774,42.65602561329733,"rgba(38, 166, 154, 0.75)"
2026-03-03 00:00:00+00:00,41.1069503616,41.6119984147,39.9880213514,41.4337461607,1510090,0.0,0.0,0.0,0.0,0.0,0.0,0.0,0.0,,39.56505053660257,39.0344312311916,37.95997190862576,36.64016521256287,36.18402516841539,,41.846298722109,,,42.4483708809797,,,,39.99667997980911,,,,35.35465050138043,42.4483708809797,"rgba(38, 166, 154, 0.5)"
2026-03-04 00:00:00+00:00,40.4830674725,41.5822897057,40.3543297335,41.5228722877,737333,0.0,0.0,0.0,0.0,0.0,0.0,0.0,0.0,,39.5727034248372,39.04449479639931,37.973096031087515,36.656119403437465,36.20083160335485,,41.66964393199423,,,42.358636417151814,,,,40.00839243604539,,,,35.37289014414364,42.358636417151814,#000000
2026-03-05 00:00:00+00:00,39.7997671654,40.3939413455,39.4135539483,40.0869513524,1214964,0.0,0.0,0.0,0.0,0.0,0.0,0.0,0.0,,39.57568358872332,39.05213931719484,37.987391372130745,36.67626539197651,36.22267702751218,,41.27581197881222,,,42.152949637996855,,,,40.005150051993404,,,,35.39754060444171,42.152949637996855,"rgba(239, 83, 80, 1.0)"
2026-03-06 00:00:00+00:00,39.7106410383,40.1760774794,38.3242346181,39.5521945903,1230521,0.0,0.0,0.0,0.0,0.0,0.0,0.0,0.0,,39.57394930110937,39.05540908941112,37.998124414497376,36.69347635125077,36.2417480955051,,40.936288851190625,,,41.9406579544998,,,,39.99129719278537,,,,35.41966255228535,41.9406579544998,"rgba(239, 83, 80, 1.0)"
2026-03-09 00:00:00+00:00,40.1166600614,40.3246210245,38.8688942832,39.4135539483,1567545,0.0,0.0,0.0,0.0,0.0,0.0,0.0,0.0,,39.57643585315771,39.06377832238865,38.015067241973966,36.71801105324318,36.26849098802198,,40.71742451764982,,,41.746267497605274,,,,39.984991417145,,,,35.45005151513776,41.746267497605274,"rgba(239, 83, 80, 1.0)"
2026-03-10 00:00:00+00:00,40.8593777866,40.9187952046,39.6908352323,40.1463687704,1420557,0.0,0.0,0.0,0.0,0.0,0.0,0.0,0.0,,39.586810143338916,39.078752150287066,38.03632587569561,36.74507280859603,36.297287578895464,,40.68432014655574,,,41.65193943231502,,,,39.99769877247231,,,,35.48175323289792,41.65193943231502,"rgba(239, 83, 80, 1.0)"
2026-03-11 00:00:00+00:00,40.7900574656,41.2158822947,40.2453978005,40.8989893986,1394029,0.0,0.0,0.0,0.0,0.0,0.0,0.0,0.0,,39.59963912159443,39.09580369440548,38.05901544537725,36.7730776142093,36.32690116011541,,40.69257468190547,,,41.590087715509554,,,,40.01584985416906,,,,35.514077487620604,41.590087715509554,"rgba(239, 83, 80, 1.0)"
2026-03-12 00:00:00+00:00,40.2453978005,40.8841350441,40.1067571584,40.2156890914,1458866,0.0,0.0,0.0,0.0,0.0,0.0,0.0,0.0,,39.60890608041142,39.10970615981152,38.07942317846821,36.79951091215515,36.35513482894585,,40.660167477939076,,,41.51117256326152,,,,40.02560288369988,,,,35.545324626451134,41.51117256326152,"rgba(239, 83, 80, 1.0)"
2026-03-13 00:00:00+00:00,38.8391855742,41.6813187358,38.5123897751,40.7702516596,2266048,0.0,0.0,0.0,0.0,0.0,0.0,0.0,0.0,,39.610102489639374,39.11887294470921,38.10066703783788,36.83162214838317,36.39042350291406,,40.51066190959698,,,41.338361631315806,,,,40.01278911929852,,,,35.58587115266154,41.338361631315806,"rgba(239, 83, 80, 1.0)"
2026-03-16 00:00:00+00:00,40.1067571584,40.517727633,39.3640394333,39.5918062023,1011974,0.0,0.0,0.0,0.0,0.0,0.0,0.0,0.0,,39.613080791897374,39.12515144501885,38.11185253990887,36.84731139621807,36.40744554814277,,40.477925467828236,,,41.28415049916206,,,,40.01252031668476,,,,35.60511229993543,41.28415049916206,"rgba(239, 83, 80, 1.0)"
2026-03-17 00:00:00+00:00,40.6118052115,41.2554939067,40.0869513524,40.6019023085,904797,0.0,0.0,0.0,0.0,0.0,0.0,0.0,0.0,,39.62019349544935,39.134855398449126,38.12518117217007,36.864099563577604,36.42528333567889,,40.48726417213739,,,41.26209731380177,,,,40.02163044445891,,,,35.624720014063556,41.26209731380177,"rgba(239, 83, 80, 0.75)"
2026-03-18 00:00:00+00:00,39.8294758744,41.0376300406,39.6116120083,40.1067571584,1633961,0.0,0.0,0.0,0.0,0.0,0.0,0.0,0.0,,39.62678435393067,39.14648741912647,38.144282104908065,36.89015579340393,36.453414199433816,,40.45823224878523,,,41.19681137701141,,,,40.02509334420731,,,,35.656318805591944,41.19681137701141,"rgba(239, 83, 80, 0.75)"
2026-03-19 00:00:00+00:00,39.9780194194,40.1661745764,39.0520979887,39.5521945903,1612059,0.0,0.0,0.0,0.0,0.0,0.0,0.0,0.0,,39.628038836434015,39.15297319638776,38.15885530187407,36.91215330432529,36.47760208988945,,40.39986425787793,,,41.11596419608408,,,,40.01801195601419,,,,35.68414678921855,41.11596419608408,"rgba(239, 83, 80, 0.75)"
2026-03-20 00:00:00+00:00,38.205399782,40.3444268305,37.848895274,40.1067571584,2451761,0.0,0.0,0.0,0.0,0.0,0.0,0.0,0.0,,39.61329683484304,39.14711907135067,38.16767592125207,36.934113772167564,36.5033657178409,,40.22553786160199,,,40.936568261323266,,,,39.974812343282146,,,,35.71616517757658,40.936568261323266,"rgba(239, 83, 80, 0.75)"
2026-03-23 00:00:00+00:00,38.06675914,38.136079461,36.6803527197,37.0962746458,2742151,0.0,0.0,0.0,0.0,0.0,0.0,0.0,0.0,,39.57455130714034,39.1194811187439,38.15948827927333,36.943024034862276,36.51714777944191,,39.94340415163862,,,40.6728062672517,,,,39.885290509627374,37.62773044023333,,,35.73788821974685,40.6728062672517,"rgba(239, 83, 80, 1.0)"
2026-03-24 00:00:00+00:00,38.9481175072,39.7403497473,37.8439438225,37.878603983,1431342,0.0,0.0,0.0,0.0,0.0,0.0,0.0,0.0,,39.567186569642494,39.11689135174871,38.164864843175614,36.955686800775744,36.53194170884702,,39.88443076605313,,,40.599756445376904,,,,,38.04490948780986,,,35.7562050905989,40.599756445376904,"rgba(239, 83, 80, 1.0)"
2026-03-25 00:00:00+00:00,39.4333597543,39.7948157139,39.0966610522,39.7205439413,1053317,0.0,0.0,0.0,0.0,0.0,0.0,0.0,0.0,,39.56626167082167,39.119123459352046,38.17220077130846,36.96781233507187,36.545491155197766,,39.86761260384895,,,40.56668299231235,,,,,38.32637575169701,,,35.7721284861721,40.56668299231235,"rgba(239, 83, 80, 0.75)"
2026-03-26 00:00:00+00:00,39.0174378282,39.5819032993,38.7599623501,38.9877291192,2128666,0.0,0.0,0.0,0.0,0.0,0.0,0.0,0.0,,39.55971319381903,39.11913228801307,38.18307740787446,36.98881790506611,36.56949127730316,,39.81430415032825,,,40.4877350184602,,,,,38.555982473675904,,,35.80110603478283,40.4877350184602,"rgba(239, 83, 80, 0.75)"
2026-03-27 00:00:00+00:00,38.9679233132,39.4531655603,38.5321955811,38.9184087982,1782188,0.0,0.0,0.0,0.0,0.0,0.0,0.0,0.0,,39.55273483041526,39.117604597814626,38.1907052129759,37.0049945375512,36.58819522389378,,39.76756627394834,,,40.422061244679384,,,,,38.639545487782065,,,35.82401014890107,40.422061244679384,"rgba(239, 83, 80, 0.75)"
2026-03-30 00:00:00+00:00,38.6015159021,39.8690874864,38.3935549391,39.5720003963,1607331,0.0,0.0,0.0,0.0,0.0,0.0,0.0,0.0,,39.54626326671981,39.11595541760665,38.197208273409494,37.01914511144411,36.60461121617588,,39.72827474365997,,,40.36643948581914,,,,,38.68669198416148,,,35.844194666893955,40.36643948581914,"rgba(239, 83, 80, 0.75)"
2026-03-31 00:00:00+00:00,39.4432626573,39.6314178143,38.3737491331,38.7500594471,2089715,0.0,0.0,0.0,0.0,0.0,0.0,0.0,0.0,,39.54075813098542,39.116390936837576,38.2076309150157,37.0390587623318,36.627357139306056,,39.694050872104434,,,40.30928109682171,,,,,38.762041393493405,,,35.871669857582305,40.30928109682171,"rgba(239, 83, 80, 0.75)"
2026-04-01 00:00:00+00:00,40.0176310314,40.0968542554,38.9778262162,39.5125829783,1458243,0.0,0.0,0.0,0.0,0.0,0.0,0.0,0.0,,39.542260512107305,39.12161156381085,38.21892332738562,37.056286952552,36.64638679723942,,39.69418505892356,,,40.28986417803338,,,,,38.85747543990199,,,35.89373372827479,40.28986417803338,#000000
2026-04-02 00:00:00+00:00,40.9187952046,41.0970474586,39.1758842762,39.8294758744,957656,0.0,0.0,0.0,0.0,0.0,0.0,0.0,0.0,,39.547610828395534,39.12909431918034,38.229712833930826,37.070445826833016,36.66159321765413,,39.71201697630532,,,40.29205636216758,,,,,38.954164495712895,,,35.91072602308306,40.29205636216758,#000000
2026-04-06 00:00:00+00:00,40.8692806896,41.4634548697,40.7108342416,41.3050084217,744448,0.0,0.0,0.0,0.0,0.0,0.0,0.0,0.0,,39.554712229810086,39.13765278077972,38.24039431767875,37.08339672563911,36.67526851064209,,39.73720142917653,,,40.30334302852361,,,,,39.05005849387384,,,35.92565215666803,40.30334302852361,"rgba(38, 166, 154, 0.5)"
2026-04-07 00:00:00+00:00,40.3147181215,40.8097642425,40.1265629644,40.4434558605,1147747,0.0,0.0,0.0,0.0,0.0,0.0,0.0,0.0,,39.56110048296219,39.14654401646432,38.25319018898927,37.100188209723015,36.693304611674066,,39.75688016574378,,,40.306016509087016,,,,,39.141579131610634,,,35.94581213658882,40.306016509087016,"rgba(38, 166, 154, 0.5)"
2026-04-08 00:00:00+00:00,42.4834538789,42.5527741999,40.8989893986,41.2356881007,1839711,0.0,0.0,0.0,0.0,0.0,0.0,0.0,0.0,,39.589468596657426,39.1777424589584,38.287965317041376,37.13925839691285,36.73382582492903,,39.855386617190085,,,40.366773010969645,,,,,39.4165132630676,,,35.988905064822035,40.366773010969645,"rgba(38, 166, 154, 1.0)"
2026-04-09 00:00:00+00:00,41.8991826018,42.94889032,41.7605419598,42.5824829089,1067938,0.0,0.0,0.0,0.0,0.0,0.0,0.0,0.0,,39.60715148679797,39.1969659667536,38.309065589820044,37.16269133949092,36.758058899199675,,39.91429475316916,,,40.40469440580255,,,,,39.56492177925797,,,36.01456586116134,40.40469440580255,"rgba(38, 166, 154, 1.0)"
2026-04-10 00:00:00+00:00,42.1467551769,42.3943277519,41.8100564748,42.1071435648,1074397,0.0,0.0,0.0,0.0,0.0,0.0,0.0,0.0,,39.62412121406027,39.21551557155208,38.32960233803493,37.18565044320946,36.78184190684087,,39.96853587937034,,,40.439549698911456,,,,,39.69472128595587,,,36.03981379415149,40.439549698911456,"rgba(38, 166, 154, 1.0)"
2026-04-13 00:00:00+00:00,41.4931635787,42.4822655306,41.3050084217,42.0081145348,901318,0.0,0.0,0.0,0.0,0.0,0.0,0.0,0.0,,39.6361683132917,39.22900425411383,38.345053198370856,37.203365361810974,36.80030756532417,,40.004796887390285,,,40.461721731454254,,,,,39.779239134521575,,,36.05959939152925,40.461721731454254,"rgba(38, 166, 154, 1.0)"
2026-04-14 00:00:00+00:00,42.1170464678,42.2160754979,41.2752997127,41.7407361538,913112,0.0,0.0,0.0,0.0,0.0,0.0,0.0,0.0,,39.64885639582358,39.24310837489927,38.36106154106384,37.221599964763165,36.819284978866236,,40.04226236185505,,,40.485265872426965,,,,,39.8624422010782,,,36.07988656501529,40.485265872426965,"rgba(38, 166, 154, 1.0)"
2026-04-15 00:00:00+00:00,43.2360745071,43.2756861191,41.9685029228,42.0873377588,738596,0.0,0.0,0.0,0.0,0.0,0.0,0.0,0.0,,39.66339355333314,39.25852539627661,38.37740852777903,37.23926202367064,36.837421827092456,,40.086792603169926,,,40.51651916467043,,,,,39.9549094991922,,,36.09888925041446,40.51651916467043,"rgba(38, 166, 154, 1.0)"
2026-04-16 00:00:00+00:00,43.1865599921,43.7312196572,42.869667096,43.2360745071,943784,-1.0,43.73122,42.869667,0.0,-1.0,43.73122,42.869667,0.0,,39.68430897154726,39.28041558672667,38.40015211423943,37.26341679865964,36.86211295524399,43.26248224843333,40.15038825378455,,,40.562568072627606,43.26248224843333,,,,40.081693568161135,,,36.124578364230835,40.562568072627606,"rgba(38, 166, 154, 1.0)"
2026-04-17 00:00:00+00:00,42.4042306549,43.4935499851,42.1591338056,43.3053948281,829435,0.0,0.0,0.0,0.0,0.0,0.0,0.0,0.0,,39.69955950348815,39.29669856057735,38.41761533352329,37.28245970849978,36.88171471845912,42.99265957791122,40.19423557019514,,,,42.99265957791122,,,,40.16655446601332,,,36.14519108885624,40.59340313658183,"rgba(38, 166, 154, 1.0)"
2026-04-20 00:00:00+00:00,41.8595709898,42.9182903497,41.7407361538,42.4042306549,767136,0.0,0.0,0.0,0.0,0.0,0.0,0.0,0.0,,39.71112869593114,39.30936270605617,38.43171534309746,37.298293415396124,36.89813571199744,42.74509839226836,40.22538749504111,,,,42.74509839226836,,,,40.22525841424564,,,36.16265498421375,40.61433871162709,"rgba(38, 166, 154, 0.75)"
2026-04-21 00:00:00+00:00,38.4529723571,41.9784058258,38.4331665511,41.7407361538,2051321,0.0,0.0,0.0,0.0,0.0,0.0,0.0,0.0,,39.7100216573087,39.31299520852064,38.44354240612898,37.318234362302796,36.920550231460744,41.34964444697799,40.20099156143241,,,,41.34964444697799,,,,40.18144902787341,,,36.18924593633366,40.5803540812207,#000000
2026-04-22 00:00:00+00:00,39.6512236203,39.8305651937,38.8194787972,38.8490884772,1545981,0.0,0.0,0.0,0.0,0.0,0.0,0.0,0.0,,39.707473296441876,39.31404509724618,38.45090551176087,37.331831353043725,36.93604318867646,40.867061706119934,40.178321857448495,,,,40.867061706119934,,,,40.142679993783574,,,36.207936033002014,40.55151838519631,#000000
2026-04-23 00:00:00+00:00,40.5424848905,40.8890864956,40.0077281284,40.0077281284,785377,0.0,0.0,0.0,0.0,0.0,0.0,0.0,0.0,,39.71107542897954,39.31917102744134,38.45854072304384,37.34207629367572,36.9471064245876,40.82312537079342,40.18277973546336,,,,40.82312537079342,,,,40.151331370255335,,,36.220400720757496,40.55061325070922,#000000
2026-04-24 00:00:00+00:00,40.8098632716,41.2356881007,40.1364658674,40.9386010106,929995,0.0,0.0,0.0,0.0,0.0,0.0,0.0,0.0,,39.71665748594554,39.326465256058064,38.46860623961434,37.355072243783205,36.96102968020275,40.81178187879824,40.192151663222496,,,,40.81178187879824,,,,40.16832055245391,,,36.235919354071754,40.55321426612131,#000000
2026-04-27 00:00:00+00:00,40.5721935995,41.3545229367,40.3939413455,41.0970474586,1016820,0.0,0.0,0.0,0.0,0.0,0.0,0.0,0.0,,39.7229668105471,39.33461474539942,38.47973285120863,37.369360956981026,36.97632127534292,40.807399361398424,40.20288974748034,,,,40.807399361398424,,,,40.18722854305164,,,36.25293830460499,40.55670376854638,#000000
2026-04-28 00:00:00+00:00,39.8492816804,40.5919003765,39.7304468443,40.3543297335,703030,0.0,0.0,0.0,0.0,0.0,0.0,0.0,0.0,,39.724340707004906,39.3374174192757,38.484980294743075,37.37710631223199,36.9848413495249,40.75230560284988,40.20105291137145,,,,40.75230560284988,,,,40.18447951693725,,,36.26277796018779,40.55129368461601,"rgba(239, 83, 80, 1.0)"
2026-04-29 00:00:00+00:00,34.8582185673,39.9829708709,34.1798697117,39.7997671654,5766096,0.0,0.0,0.0,0.0,0.0,0.0,0.0,0.0,,39.61397640173802,39.24501542375715,38.42802232398181,37.35316901692651,36.97054747444436,39.09380221736488,39.839221881089344,,,,39.09380221736488,,,,39.616376205762975,,,36.26438942964361,40.20773663090486,"rgba(239, 83, 80, 1.0)"
2026-04-30 00:00:00+00:00,35.9079262855,36.2842365996,35.2048201724,35.3830724264,2522316,0.0,0.0,0.0,0.0,0.0,0.0,0.0,0.0,,39.56031550744509,39.19915872168366,38.39782982216761,37.33762895347552,36.95929050664318,38.628519691343975,39.68010599891363,,,,38.628519691343975,,,,39.384579469766926,,,36.26019849759476,40.055813947754125,"rgba(239, 83, 80, 1.0)"
2026-05-01 00:00:00+00:00,34.8582185673,36.0267611216,34.5413256713,36.0069553156,3222605,0.0,0.0,0.0,0.0,0.0,0.0,0.0,0.0,,39.48231735958514,39.13133495698688,38.35075013170185,37.30993490857275,36.93725271924748,38.09563204233035,39.46270588725089,,,,38.09563204233035,,,,39.07914406846663,,,36.247480824989324,39.848602556892786,"rgba(239, 83, 80, 1.0)"
2026-05-04 00:00:00+00:00,35.1652085604,35.2939462994,34.0659863272,34.7096750223,2798304,0.0,0.0,0.0,0.0,0.0,0.0,0.0,0.0,,39.41225368723616,39.06995614401095,38.30723484535583,37.28319324149629,36.91541526427067,37.71436680579998,39.278154476104746,,,,37.71436680579998,,,,38.829825327498874,34.841713729000006,,36.23373214296992,39.67173790854746,"rgba(239, 83, 80, 1.0)"
2026-05-05 00:00:00+00:00,36.3337511146,36.5417120777,35.3038492024,35.3038492024,2604170,0.0,0.0,0.0,0.0,0.0,0.0,0.0,0.0,,39.36580217778049,39.03039923829128,38.281593674977394,37.27098091710582,36.90719695313925,37.551685045897635,39.16282356119811,,,,37.551685045897635,,,,,35.42885726323735,,36.2321630815145,39.55677860437202,"rgba(239, 83, 80, 1.0)"
2026-05-06 00:00:00+00:00,37.0368572278,37.7399633409,36.5813236897,36.6506440107,2690499,0.0,0.0,0.0,0.0,0.0,0.0,0.0,0.0,,39.33409811320954,39.0048015516331,38.26805410445392,37.26943342939401,36.909281818263686,37.5118208481796,39.089870186384914,,,,37.5118208481796,,,,,35.990869956447966,,36.24035438343971,39.479182617641584,"rgba(239, 83, 80, 0.75)"
2026-05-07 00:00:00+00:00,36.7892846527,37.3339443178,36.4921975627,37.1160804518,1281889,0.0,0.0,0.0,0.0,0.0,0.0,0.0,0.0,,39.31765174593261,38.99127521789958,38.26034693651807,37.267508950292694,36.90910720721013,37.48488526704025,39.052772312669916,,,,37.48488526704025,,,,,36.1113267557201,,36.24311989727401,39.44022468693056,"rgba(239, 83, 80, 0.75)"
2026-05-08 00:00:00+00:00,36.3238482116,37.6310314079,36.2545278906,37.2745268998,1525229,0.0,0.0,0.0,0.0,0.0,0.0,0.0,0.0,,39.297300243482844,38.97438948250573,38.25040376668569,37.264468360310666,36.908155346208225,37.44919534710557,39.007576545077725,,,,37.44919534710557,,,,,36.19880174463905,,36.245677397652,39.39299754323729,"rgba(239, 83, 80, 0.75)"
2026-05-11 00:00:00+00:00,36.9675369068,37.1457891608,36.3139453086,36.4129743387,1197082,0.0,0.0,0.0,0.0,0.0,0.0,0.0,0.0,,39.28199732171582,38.96173709803967,38.24306025862312,37.26243111036047,36.907728501074054,37.42610211765048,38.97441654486335,,,,37.42610211765048,,,,,36.25919317943505,,36.24796043788537,39.35805322279888,"rgba(239, 83, 80, 0.75)"
2026-05-12 00:00:00+00:00,36.5714207867,37.0863717428,36.0762756366,36.7397701377,1491548,0.0,0.0,0.0,0.0,0.0,0.0,0.0,0.0,,39.26143425051783,38.944507641655164,38.23255675432183,37.25863720160255,36.90596788304391,37.3896194048984,38.93021105292765,,,,37.3896194048984,,,,,36.29418908277307,,36.24961853009949,39.31198457233881,"rgba(239, 83, 80, 0.75)"
2026-05-13 00:00:00+00:00,36.8487020707,37.2547210938,35.8386059645,36.4327801447,1481827,0.0,0.0,0.0,0.0,0.0,0.0,0.0,0.0,,39.24183237931838,38.9281295886867,38.22268384879851,37.25528911345407,36.90460307624714,37.35919644625677,38.8891271130635,,,,37.35919644625677,,,,,36.328913306034316,,36.251593649282235,39.26882637468294,"rgba(239, 83, 80, 0.75)"
2026-05-14 00:00:00+00:00,36.2149162786,36.9180223918,36.1951104726,36.8487020707,1216185,0.0,0.0,0.0,0.0,0.0,0.0,0.0,0.0,,39.22471093440728,38.91367043664551,38.21363141827835,37.25165263539224,36.90261105969971,37.32936955071096,38.85351802067045,,,,37.32936955071096,,,,,36.33740887437372,,36.25236933032851,39.23175098372392,"rgba(239, 83, 80, 0.75)"
2026-05-15 00:00:00+00:00,35.9673437036,36.2248191816,35.2049192014,35.5613246805,966881,1.0,36.22482,35.204918,0.0,1.0,36.22482,35.204918,0.0,35.7990273622,39.208133084714454,38.89933152841231,38.20390815735935,37.24650289274477,36.898840390861324,37.290773961545945,38.81857655592471,,,,37.290773961545945,,,,,36.30723833416852,,36.25091103120026,39.19631881413548,"rgba(239, 83, 80, 0.75)"
2026-05-18 00:00:00+00:00,36.0069553156,36.1802561181,35.6108391955,35.9673437036,1120515,0.0,0.0,0.0,0.0,0.0,0.0,0.0,0.0,35.87077405305493,39.18986606502205,38.88358780079131,38.19335824777402,37.24112723492248,36.895029827931445,37.252207391494295,38.78081868080464,,,,37.252207391494295,,,,,36.28439674740533,,36.24972911406319,39.15774070190391,"rgba(239, 83, 80, 0.75)"
2026-05-19 00:00:00+00:00,35.7890914495,36.2247201526,35.2889948479,35.6405479045,1373533,0.0,0.0,0.0,0.0,0.0,0.0,0.0,0.0,35.82982839553963,39.166629450169985,38.86344859290657,38.17962442656404,37.23377359865835,36.889605361508835,37.2022667477607,38.733255689958526,,,,37.2022667477607,,,,,36.24845150822928,,36.24754407376852,39.109320057653754,"rgba(239, 83, 80, 0.75)"
2026-05-20 00:00:00+00:00,36.5813236897,36.6605469137,35.7890914495,35.7890914495,981698,0.0,0.0,0.0,0.0,0.0,0.0,0.0,0.0,35.94336968216084,39.15299609360168,38.85186217152008,38.17222505387667,37.230609970213905,36.88773437700855,37.1821081071626,38.70659748187111,,,,37.1821081071626,,,,,36.25296009474989,,36.24785438726924,39.08137270059133,"rgba(239, 83, 80, 0.75)"
2026-05-21 00:00:00+00:00,37.2547210938,37.4428762509,36.4575374022,36.7397701377,1108341,0.0,0.0,0.0,0.0,0.0,0.0,0.0,0.0,36.16466816018164,39.14160108878752,38.842565236980874,38.16714965497057,37.22989498041309,36.8883663785393,37.17874094878863,38.68601332060991,,,,37.17874094878863,,,,,36.2934995738124,,36.25077400846492,39.05847808569757,"rgba(239, 83, 80, 0.5)"
2026-05-22 00:00:00+00:00,37.1358862578,37.6904488259,37.0566630338,37.4230704449,1345719,0.0,0.0,0.0,0.0,0.0,0.0,0.0,0.0,36.38509443771313,39.12951765193271,38.83291732554885,38.16237573276823,37.230206160821574,36.89025731977029,37.18225491886304,38.66530829240847,,,,37.18225491886304,,,,,36.35159454692637,,36.255355791160056,39.03464295846833,#000000
2026-05-26 00:00:00+00:00,38.6807391261,38.9481175072,37.4973422174,37.5121965719,1032548,0.0,0.0,0.0,0.0,0.0,0.0,0.0,0.0,36.644272735765725,39.12575164248929,38.830740170712836,38.16326599416182,37.23443382550317,36.89554618606699,37.20945100871595,38.66203621361703,,,,37.20945100871595,,,,,36.43788785047679,,36.26247378689679,39.02787892555163,#000000
2026-05-27 00:00:00+00:00,38.7896710591,39.2848162093,38.155885267,38.4133607451,1705009,0.0,0.0,0.0,0.0,0.0,0.0,0.0,0.0,37.01577349242098,39.12262491881456,38.83005967316433,38.16724239644036,37.24357695304491,36.90634921911392,37.265094067124316,38.66352590905694,,,,37.265094067124316,,,,,36.58954174155825,,36.27615271646903,39.02314041013597,"rgba(38, 166, 154, 1.0)"
2026-05-28 00:00:00+00:00,39.4729713663,39.8888932924,38.4530713861,38.7203507381,1475996,0.0,0.0,0.0,0.0,0.0,0.0,0.0,0.0,37.31546619354543,39.12367260711801,38.83302007560195,38.17375621906806,37.25415895507135,36.91825934217426,37.32618335297769,38.67300751991965,,,,37.32618335297769,,,,,36.73403851479985,,36.290382130782945,39.02667350005466,"rgba(38, 166, 154, 1.0)"
2026-05-29 00:00:00+00:00,39.98,40.24,39.24,39.41,1388633,0.0,0.0,0.0,0.0,0.0,0.0,0.0,0.0,37.59372154450855,39.128248111121806,38.83920615952543,38.182840731053794,37.26669298084917,36.93194101146087,37.395624513469016,38.68958932449864,,,,37.395624513469016,,,,,36.882906944218284,,36.306086199034155,39.03714486684285,"rgba(38, 166, 154, 1.0)"
2026-06-01 00:00:00+00:00,38.92,39.87,38.89,39.24,1570614,0.0,0.0,0.0,0.0,0.0,0.0,0.0,0.0,37.77601152210995,39.128974164706975,38.841933560740344,38.18931536609293,37.27746259460532,36.94411361162855,37.45153147216254,38.698229969722156,,,,37.45153147216254,,,,,37.00417177339377,,36.32070984365322,39.03993263635351,"rgba(38, 166, 154, 1.0)"
2026-06-02 00:00:00+00:00,39.37,40.05,38.69,38.83,1845220,0.0,0.0,0.0,0.0,0.0,0.0,0.0,0.0,37.96082544417413,39.13104519354823,38.846264798660044,38.197857108236356,37.29088428563656,36.95913823465478,37.51796619440838,38.71069165008538,,,,37.51796619440838,,,,,37.13973942379383,,36.33854252369539,39.0455397312252,"rgba(38, 166, 154, 1.0)"
2026-06-03 00:00:00+00:00,38.57,40.54,38.57,39.21,2211018,0.0,0.0,0.0,0.0,0.0,0.0,0.0,0.0,38.11523569414057,39.13201967480612,38.84996702364265,38.20669895723354,37.3056484750973,36.9758421732186,37.58604215306995,38.721911344154286,,,,37.58604215306995,39.22666666666667,,,,37.273825564885,,36.35864016775214,39.04915308946402,"rgba(38, 166, 154, 0.75)"
2026-06-04 00:00:00+00:00,38.83,39.52,37.8404,38.1,1304738,0.0,0.0,0.0,0.0,0.0,0.0,0.0,0.0,38.1565255139439,39.12961725775612,38.849282729151625,38.209340176188945,37.31203098776282,36.98343520174426,37.612322268219046,38.72201550943776,,,,,39.04239736348787,,,,37.32702403223361,,36.36833862090448,39.045441210255234,"rgba(38, 166, 154, 0.75)"
2026-06-05 00:00:00+00:00,38.72,39.13,38.08,38.28,1571145,0.0,0.0,0.0,0.0,0.0,0.0,0.0,0.0,38.19294394777975,39.12614179225588,38.84787622358694,38.21196129742377,37.31917540140179,36.99204177113556,37.64007292440683,38.72083317625644,,,,,38.919142073939845,,,,37.38248675118044,,36.37948722395656,39.039885122122854,"rgba(38, 166, 154, 0.75)"
2026-06-08 00:00:00+00:00,38.57,39.38,38.48,38.81,2053084,0.0,0.0,0.0,0.0,0.0,0.0,0.0,0.0,38.2478944935479,39.12321657413708,38.847541196826974,38.2166441438006,37.3295571852154,37.00427638779636,37.67982378580593,38.722550341478374,,,,,38.887758556224796,,,,37.456983407337134,,36.39495244737139,39.03580797602168,"rgba(38, 166, 154, 0.75)"
2026-06-09 00:00:00+00:00,38.86,39.165,38.095,38.63,1221596,0.0,0.0,0.0,0.0,0.0,0.0,0.0,0.0,38.27098015852243,39.12093581293511,38.8468036552798,38.21891661729113,37.33523967947795,37.01106609278367,37.700171715871726,38.722370399468105,,,,,38.86130170220201,,,,37.494618870210175,,36.40367155802099,39.03237089563038,"rgba(38, 166, 154, 0.75)"
2026-06-10 00:00:00+00:00,37.49,38.84,37.28,38.62,1339392,0.0,0.0,0.0,0.0,0.0,0.0,0.0,0.0,38.250013718573,39.11347083588746,38.84122851840434,38.21715146619705,37.33764819454451,37.01480579157186,37.70378308235353,38.711912876399275,,,,,38.724434857039604,,,,37.50661776111394,,36.40971044805487,39.019212955391296,#000000
2026-06-11 00:00:00+00:00,37.68,38.02,37.335,37.83,1035591,0.0,0.0,0.0,0.0,0.0,0.0,0.0,0.0,38.22779987887167,39.106879577738326,38.83611926909824,38.215052102983286,37.33883045786603,37.01703195411767,37.703371418047446,38.702200518830125,,,,,38.62353355164651,,,,37.51075924615247,,36.41373723144348,39.00757895729395,#000000
2026-06-12 00:00:00+00:00,36.49,37.81,36.34,37.57,1629769,0.0,0.0,0.0,0.0,0.0,0.0,0.0,0.0,38.15012938087058,39.09089940111081,38.822686761703444,38.206915810829315,37.336338241881954,37.01631222263204,37.682931645029335,38.67564595003254,,,,,38.393751858647185,,,,37.48769343431927,,36.4160547872989,38.978919187294274,"rgba(239, 83, 80, 1.0)"
2026-06-15 00:00:00+00:00,36.63,37.0999,36.09,36.915,1759492,0.0,0.0,0.0,0.0,0.0,0.0,0.0,0.0,38.059725890423955,39.07180119466322,38.806378958439204,38.196455655022476,37.332084191001094,37.01400229787318,37.654839289980856,38.64359890285966,,,,,38.17115100182349,,,,37.454231104971655,,36.417071996962264,38.944914021156556,"rgba(239, 83, 80, 1.0)"
2026-06-16 00:00:00+00:00,36.31,36.99,36.29,36.58,1242492,0.0,0.0,0.0,0.0,0.0,0.0,0.0,0.0,37.99896858700455,39.05807686771138,38.794610621851405,38.18879895624852,37.32879569413657,37.01208282397211,37.63448197819896,38.620730843467996,,,,,38.03846783355219,,,,37.43009077240535,,36.417496040627306,38.92071421703853,"rgba(239, 83, 80, 1.0)"
2026-06-17 00:00:00+00:00,35.98,37.095,35.92,36.17,1106532,0.0,0.0,0.0,0.0,0.0,0.0,0.0,0.0,37.94200816036223,39.04502935580915,38.783323050821146,38.18123084369629,37.32516811948211,37.00968813777102,37.61381679744722,38.59888491825976,,,,,37.92383066092644,,,,37.405120885679366,36.33166666666667,36.41720997521492,38.89781282177925,"rgba(239, 83, 80, 1.0)"
