date,Close,High,Low,Open,Volume,OB_c0,OB_High_c0,OB_Low_c0,OB_Mitigated_Index_c0,OB,OB_High,OB_Low,OB_Mitigated_Index,aVWAP_OB_bull_c0_259,aVWAP_OB_bull_c0_227,aVWAP_OB_bull_c0_67,aVWAP_OB_bear_c0_323,aVWAP_OB_bear_c0_302,aVWAP_OB_bear_c0_291,aVWAP_QQEMOD_bull_dot_c0_200,aVWAP_QQEMOD_bull_dot_c0_235,aVWAP_QQEMOD_bull_dot_c0_281,aVWAP_QQEMOD_bull_dot_c0_323,aVWAP_QQEMOD_bull_dot_c0_349,aVWAP_QQEMOD_bear_dot_c0_227,aVWAP_QQEMOD_bear_dot_c0_259,aVWAP_QQEMOD_bear_dot_c0_308,aVWAP_QQEMOD_bear_dot_c0_333,aVWAP_QQEMOD_bear_dot_c0_367,aVWAP_price_maxima_minima_valley_c0_1,aVWAP_price_maxima_minima_peak_c0_1,color
2024-12-27 00:00:00+00:00,35.922310257,36.7122249328,35.7812540649,36.2984601026,634574,0.0,0.0,0.0,0.0,0.0,0.0,0.0,0.0,,,,,,,,,,,,,,,,,,,#000000
2024-12-30 00:00:00+00:00,37.4457171318,37.8594819619,35.7530428264,36.1197889259,485738,0.0,0.0,0.0,0.0,0.0,0.0,0.0,0.0,,,,,,,,,,,,,,,,,,,"rgba(38, 166, 154, 0.5)"
2024-12-31 00:00:00+00:00,37.6243883084,38.1227868539,37.2388347167,37.5491583393,457265,0.0,0.0,0.0,0.0,0.0,0.0,0.0,0.0,,,,,,,,,,,,,,,,,,,"rgba(38, 166, 154, 0.5)"
2025-01-02 00:00:00+00:00,37.4175058933,38.1556999654,37.0319523016,37.8500782158,460749,0.0,0.0,0.0,0.0,0.0,0.0,0.0,0.0,,,,,,,,,,,,,,,,,,,"rgba(38, 166, 154, 0.5)"
2025-01-03 00:00:00+00:00,37.0037410631,37.6525995468,36.4160069294,37.530350847,462971,0.0,0.0,0.0,0.0,0.0,0.0,0.0,0.0,,,,,,,,,,,,,,,,,,,"rgba(38, 166, 154, 0.5)"
2025-01-06 00:00:00+00:00,37.2200272244,37.5446445411,36.5020512065,36.9473185863,457291,0.0,0.0,0.0,0.0,0.0,0.0,0.0,0.0,,,,,,,,,,,,,,,,,,,"rgba(38, 166, 154, 0.5)"
2025-01-07 00:00:00+00:00,38.3202655228,38.4425142227,36.7498399173,37.1165860168,726572,0.0,0.0,0.0,0.0,0.0,0.0,0.0,0.0,,,,,,,,,,,,,,,,,,,"rgba(38, 166, 154, 0.5)"
2025-01-08 00:00:00+00:00,38.0099419002,39.0725652141,37.8077613582,37.9441156772,755999,0.0,0.0,0.0,0.0,0.0,0.0,0.0,0.0,,,,,,,,,,,,,,,,,,,"rgba(38, 166, 154, 0.5)"
2025-01-10 00:00:00+00:00,35.7718503187,37.0977785245,35.4145079654,36.994337317,532711,0.0,0.0,0.0,0.0,0.0,0.0,0.0,0.0,,,,,,,,,,,,,,,,,,,"rgba(38, 166, 154, 0.5)"
2025-01-13 00:00:00+00:00,36.2232301335,36.2514413719,35.1982218042,35.659005365,343773,0.0,0.0,0.0,0.0,0.0,0.0,0.0,0.0,,,,,,,,,,,,,,,,,,,"rgba(38, 166, 154, 0.5)"
2025-01-14 00:00:00+00:00,37.1071822707,37.1447972553,36.0915776875,36.0915776875,362683,0.0,0.0,0.0,0.0,0.0,0.0,0.0,0.0,,,,,,,,,,,,,,,,,,,"rgba(38, 166, 154, 0.5)"
2025-01-15 00:00:00+00:00,37.1165860168,37.8594819619,36.8720886172,37.6055808161,390059,0.0,0.0,0.0,0.0,0.0,0.0,0.0,0.0,,,,,,,,,,,,,,,,,,,"rgba(38, 166, 154, 0.5)"
2025-01-16 00:00:00+00:00,37.6055808161,37.8876932004,37.0131448093,37.3234684319,380382,0.0,0.0,0.0,0.0,0.0,0.0,0.0,0.0,,,,,,,,,,,,,,,,,,,"rgba(38, 166, 154, 0.5)"
2025-01-17 00:00:00+00:00,37.2952571935,38.0805640337,37.191815986,37.8218669774,402370,0.0,0.0,0.0,0.0,0.0,0.0,0.0,0.0,,,,,,,,,,,,,,,,,,,"rgba(38, 166, 154, 0.5)"
2025-01-21 00:00:00+00:00,38.6399928916,38.9644221335,37.6808107853,37.8030594851,457883,0.0,0.0,0.0,0.0,0.0,0.0,0.0,0.0,,,,,,,,,,,,,,,,,,,"rgba(38, 166, 154, 0.5)"
2025-01-22 00:00:00+00:00,38.8750865451,38.9785277527,38.0710662501,38.8280678144,571627,0.0,0.0,0.0,0.0,0.0,0.0,0.0,0.0,,,,,,,,,,,,,,,,,,,"rgba(38, 166, 154, 0.5)"
2025-01-23 00:00:00+00:00,39.7496349362,39.8530761437,38.7716453376,38.8750865451,540481,0.0,0.0,0.0,0.0,0.0,0.0,0.0,0.0,,,,,,,,,,,,,,,,,,,"rgba(38, 166, 154, 0.5)"
2025-01-24 00:00:00+00:00,40.2480334816,40.6806058041,39.533348775,39.533348775,549280,0.0,0.0,0.0,0.0,0.0,0.0,0.0,0.0,,,,,,,,,,,,,,,,,,,"rgba(38, 166, 154, 0.5)"
2025-01-27 00:00:00+00:00,39.1760064216,40.4267046583,38.3672842535,40.2198222432,621561,0.0,0.0,0.0,0.0,0.0,0.0,0.0,0.0,,,,,,,,,,,,,,,,,,,"rgba(38, 166, 154, 0.5)"
2025-01-28 00:00:00+00:00,38.4237067304,39.2400459328,37.8970969465,39.0255464834,511529,0.0,0.0,0.0,0.0,0.0,0.0,0.0,0.0,,,,,,,,,,,,,,,,,,,"rgba(38, 166, 154, 0.5)"
2025-01-29 00:00:00+00:00,37.8500782158,38.8233659413,37.5491583393,38.4331104765,537695,0.0,0.0,0.0,0.0,0.0,0.0,0.0,0.0,,,,,,,,,,,,,,,,,,,"rgba(38, 166, 154, 0.5)"
2025-01-30 00:00:00+00:00,39.5145412827,39.7590386823,37.9911344079,38.0851718693,504580,0.0,0.0,0.0,0.0,0.0,0.0,0.0,0.0,,,,,,,,,,,,,,,,,,,"rgba(38, 166, 154, 0.5)"
2025-01-31 00:00:00+00:00,39.2324288985,40.3702821815,38.865682799,39.335870106,520041,0.0,0.0,0.0,0.0,0.0,0.0,0.0,0.0,,,,,,,,,,,,,,,,,,,"rgba(38, 166, 154, 0.5)"
2025-02-03 00:00:00+00:00,38.66820413,38.8844902913,37.398698401,37.7372332621,567322,0.0,0.0,0.0,0.0,0.0,0.0,0.0,0.0,,,,,,,,,,,,,,,,,,,"rgba(38, 166, 154, 0.5)"
2025-02-04 00:00:00+00:00,39.2888513753,39.5897712518,38.5553591763,38.9785277527,378647,0.0,0.0,0.0,0.0,0.0,0.0,0.0,0.0,,,,,,,,,,,,,,,,,,,"rgba(38, 166, 154, 0.5)"
2025-02-05 00:00:00+00:00,39.4393113136,39.9189023667,39.3076588676,39.6367899825,376888,0.0,0.0,0.0,0.0,0.0,0.0,0.0,0.0,,,,,,,,,,,,,,,,,,,"rgba(38, 166, 154, 0.5)"
2025-02-06 00:00:00+00:00,39.0913727064,39.669703094,38.8092603221,39.5521562672,455328,0.0,0.0,0.0,0.0,0.0,0.0,0.0,0.0,,,,,,,,,,,,,,,,,,,"rgba(38, 166, 154, 0.5)"
2025-02-07 00:00:00+00:00,38.9785277527,39.5464199821,38.7810490837,39.1383914371,481402,0.0,0.0,0.0,0.0,0.0,0.0,0.0,0.0,,,,,,,,,,,,,,,,,,,"rgba(38, 166, 154, 0.5)"
2025-02-10 00:00:00+00:00,38.66820413,39.5521562672,38.3484767612,39.1571989293,493552,0.0,0.0,0.0,0.0,0.0,0.0,0.0,0.0,,,,,,,,,,,,,,,,,,,"rgba(38, 166, 154, 0.5)"
2025-02-11 00:00:00+00:00,38.263843046,38.5835704148,37.9253081849,38.2826505383,451352,0.0,0.0,0.0,0.0,0.0,0.0,0.0,0.0,,,,,,,,,,,,,,,,,,,#000000
2025-02-12 00:00:00+00:00,38.5459554302,38.6870116223,37.3798909088,37.3798909088,452180,0.0,0.0,0.0,0.0,0.0,0.0,0.0,0.0,,,,,,,,,,,,,,,,,,,#000000
2025-02-13 00:00:00+00:00,39.5051375365,39.5756656326,38.7434340991,38.9127015297,436726,0.0,0.0,0.0,0.0,0.0,0.0,0.0,0.0,,,,,,,,,,,,,,,,,,,"rgba(38, 166, 154, 0.5)"
2025-02-14 00:00:00+00:00,38.865682799,39.9654509101,38.6493966377,39.7966536669,592371,0.0,0.0,0.0,0.0,0.0,0.0,0.0,0.0,,,,,,,,,,,,,,,,,,,#000000
2025-02-18 00:00:00+00:00,40.1633997664,40.1633997664,38.5652331098,38.9597202604,722349,0.0,0.0,0.0,0.0,0.0,0.0,0.0,0.0,,,,,,,,,,,,,,,,,,,"rgba(38, 166, 154, 0.5)"
2025-02-19 00:00:00+00:00,40.0505548127,40.3796859276,39.3734850906,39.5991749979,787609,0.0,0.0,0.0,0.0,0.0,0.0,0.0,0.0,,,,,,,,,,,,,,,,,,,"rgba(38, 166, 154, 0.5)"
2025-02-20 00:00:00+00:00,40.1069772895,40.2480334816,39.1383914371,40.0129398281,574895,0.0,0.0,0.0,0.0,0.0,0.0,0.0,0.0,,,,,,,,,,,,,,,,,,,"rgba(38, 166, 154, 0.5)"
2025-02-21 00:00:00+00:00,39.7684424285,40.4267046583,39.5991749979,40.4267046583,515912,0.0,0.0,0.0,0.0,0.0,0.0,0.0,0.0,,,,,,,,,,,,,,,,,,,"rgba(38, 166, 154, 0.5)"
2025-02-24 00:00:00+00:00,39.6085787441,39.9189023667,38.9973352449,39.9189023667,782390,0.0,0.0,0.0,0.0,0.0,0.0,0.0,0.0,,,,,,,,,,,,,,,,,,,"rgba(38, 166, 154, 0.5)"
2025-02-25 00:00:00+00:00,38.5741666686,40.1728035125,38.4895329534,39.9471136051,687267,0.0,0.0,0.0,0.0,0.0,0.0,0.0,0.0,,,,,,,,,,,,,,,,,,,#000000
2025-02-26 00:00:00+00:00,38.0287493925,38.799856576,37.3610834165,38.3860917458,829994,0.0,0.0,0.0,0.0,0.0,0.0,0.0,0.0,,,,,,,,,,,,,,,,,,,#000000
2025-02-27 00:00:00+00:00,37.7842519928,38.2732467921,37.4034002741,38.0851718693,441444,0.0,0.0,0.0,0.0,0.0,0.0,0.0,0.0,,,,,,,,,,,,,,,,,,,"rgba(239, 83, 80, 0.5)"
2025-02-28 00:00:00+00:00,38.0569606309,38.5084355634,37.6672664786,38.171017456,837879,0.0,0.0,0.0,0.0,0.0,0.0,0.0,0.0,,,,,,,,,,,,,,,,,,,"rgba(239, 83, 80, 0.5)"
2025-03-03 00:00:00+00:00,37.2775723263,38.4300214962,37.0589634115,37.9714180121,518092,0.0,0.0,0.0,0.0,0.0,0.0,0.0,0.0,,,,,,,,,,,,,,,,,,,"rgba(239, 83, 80, 0.5)"
2025-03-04 00:00:00+00:00,36.6787739947,37.1967820752,35.7283954998,36.9163923802,874533,0.0,0.0,0.0,0.0,0.0,0.0,0.0,0.0,,,,,,,,,,,,,,,,,,,"rgba(239, 83, 80, 0.5)"
2025-03-05 00:00:00+00:00,37.1920297075,37.7908280391,36.5266982279,37.7908280391,819248,0.0,0.0,0.0,0.0,0.0,0.0,0.0,0.0,,,,,,,,,,,,,,,,,,,"rgba(239, 83, 80, 0.5)"
2025-03-06 00:00:00+00:00,35.5762246857,36.7975831874,35.4526631252,36.5362029633,1095486,0.0,0.0,0.0,0.0,0.0,0.0,0.0,0.0,,,,,,,,,,,,,,,,,,,"rgba(239, 83, 80, 0.5)"
2025-03-07 00:00:00+00:00,35.4526631252,35.8185954389,34.5211990538,35.4811773314,975818,0.0,0.0,0.0,0.0,0.0,0.0,0.0,0.0,,,,,,,,,,,,,,,,,,,"rgba(239, 83, 80, 0.5)"
2025-03-10 00:00:00+00:00,34.2930854037,35.2435589459,33.9699243993,35.0249500312,1263435,0.0,0.0,0.0,0.0,0.0,0.0,0.0,0.0,,,,,,,,,,,,,,,,,,,"rgba(239, 83, 80, 0.5)"
2025-03-11 00:00:00+00:00,34.1410096369,34.8063411165,33.8606199419,34.5497132601,1073623,0.0,0.0,0.0,0.0,0.0,0.0,0.0,0.0,,,,,,,,,,,,,,,,,,,"rgba(239, 83, 80, 0.5)"
2025-03-12 00:00:00+00:00,34.2930854037,34.7536848822,34.0554670181,34.7017890268,780693,0.0,0.0,0.0,0.0,0.0,0.0,0.0,0.0,,,,,,,,,,,,,,,,,,,"rgba(239, 83, 80, 0.5)"
2025-03-13 00:00:00+00:00,32.5252046151,34.7493127039,32.5252046151,34.7398079685,781661,0.0,0.0,0.0,0.0,0.0,0.0,0.0,0.0,,,,,,,,,,,,,,,,,,,"rgba(239, 83, 80, 0.5)"
2025-03-14 00:00:00+00:00,33.0194508571,33.1286602671,32.5537188214,32.8103466778,846383,0.0,0.0,0.0,0.0,0.0,0.0,0.0,0.0,,,,,,,,,,,,,,,,,,,"rgba(239, 83, 80, 1.0)"
2025-03-17 00:00:00+00:00,33.5232018345,33.7037918075,32.7913372069,32.7913372069,705046,0.0,0.0,0.0,0.0,0.0,0.0,0.0,0.0,,,,,,,,,,,,,,,,,,,"rgba(239, 83, 80, 1.0)"
2025-03-18 00:00:00+00:00,33.76082022,33.8083438971,33.0764792696,33.5232018345,650893,0.0,0.0,0.0,0.0,0.0,0.0,0.0,0.0,,,,,,,,,,,,,,,,,,,"rgba(239, 83, 80, 0.75)"
2025-03-19 00:00:00+00:00,34.2645711974,34.3881327579,33.4661734219,33.7037918075,778903,0.0,0.0,0.0,0.0,0.0,0.0,0.0,0.0,,,,,,,,,,,,,,,,,,,"rgba(239, 83, 80, 0.75)"
2025-03-20 00:00:00+00:00,33.8463628388,34.4546659058,33.7798296909,33.9699243993,765039,0.0,0.0,0.0,0.0,0.0,0.0,0.0,0.0,,,,,,,,,,,,,,,,,,,"rgba(239, 83, 80, 0.75)"
2025-03-21 00:00:00+00:00,33.6087444533,33.7703249554,33.1905360947,33.5707255116,963987,0.0,0.0,0.0,0.0,0.0,0.0,0.0,0.0,,,,,,,,,,,,,,,,,,,"rgba(239, 83, 80, 0.75)"
2025-03-24 00:00:00+00:00,34.4736753767,34.7683221748,33.9319054576,33.9319054576,677530,0.0,0.0,0.0,0.0,0.0,0.0,0.0,0.0,,,,,,,,,,,,,,,,,,,"rgba(239, 83, 80, 0.75)"
2025-03-25 00:00:00+00:00,34.6257511434,34.8253505873,33.9224007222,34.5782274663,648240,0.0,0.0,0.0,0.0,0.0,0.0,0.0,0.0,,,,,,,,,,,,,,,,,,,"rgba(239, 83, 80, 0.75)"
2025-03-26 00:00:00+00:00,34.3976374933,35.1152450177,34.3215996099,34.796836381,559078,0.0,0.0,0.0,0.0,0.0,0.0,0.0,0.0,,,,,,,,,,,,,,,,,,,"rgba(239, 83, 80, 0.75)"
2025-03-27 00:00:00+00:00,34.9679216186,35.1152450177,34.1695238432,34.5021895829,657323,0.0,0.0,0.0,0.0,0.0,0.0,0.0,0.0,,,,,,,,,,,,,,,,,,,"rgba(239, 83, 80, 0.75)"
2025-03-28 00:00:00+00:00,34.3025901391,35.1675210625,34.2835806682,35.0154452958,618704,0.0,0.0,0.0,0.0,0.0,0.0,0.0,0.0,,,,,,,,,,,,,,,,,,,"rgba(239, 83, 80, 0.75)"
2025-03-31 00:00:00+00:00,34.3976374933,34.4974372152,33.8083438971,33.9224007222,618726,0.0,0.0,0.0,0.0,0.0,0.0,0.0,0.0,,,,,,,,,,,,,,,,,,,"rgba(239, 83, 80, 0.75)"
2025-04-01 00:00:00+00:00,35.3291015647,35.471672596,33.8891341482,33.9984386056,562360,0.0,0.0,0.0,0.0,0.0,0.0,0.0,0.0,,,,,,,,,,,,,,,,,,,#000000
2025-04-02 00:00:00+00:00,35.5952341565,35.652262569,34.901483518,35.1485115917,426233,0.0,0.0,0.0,0.0,0.0,0.0,0.0,0.0,,,,,,,,,,,,,,,,,,,#000000
2025-04-03 00:00:00+00:00,34.929902677,35.3338539324,34.3543909471,34.5402085246,788884,0.0,0.0,0.0,0.0,0.0,0.0,0.0,0.0,,,,,,,,,,,,,,,,,,,#000000
2025-04-04 00:00:00+00:00,32.8293561486,34.0982383275,32.5727282922,34.0174480764,1027980,0.0,0.0,0.0,0.0,0.0,0.0,0.0,0.0,,,,,,,,,,,,,,,,,,,"rgba(239, 83, 80, 0.5)"
2025-04-07 00:00:00+00:00,31.869377871,33.4661734219,30.4911912347,31.869377871,1469720,1.0,33.466175,30.491192,0.0,1.0,33.466175,30.491192,0.0,,,31.9422475092,,,,,,,,,,,,,,31.9422475092,,"rgba(239, 83, 80, 1.0)"
2025-04-08 00:00:00+00:00,31.1089990372,33.3236023906,30.700295414,32.8008419424,1171677,0.0,0.0,0.0,0.0,0.0,0.0,0.0,0.0,,,31.83965495033802,,,,,,,,,,,,,,31.83965495033802,,"rgba(239, 83, 80, 1.0)"
2025-04-09 00:00:00+00:00,33.7798296909,33.9794291347,30.6052480598,30.8903901225,1156585,0.0,0.0,0.0,0.0,0.0,0.0,0.0,0.0,,,32.12850231136995,,,,,,,,,,,,,,32.12850231136995,,"rgba(239, 83, 80, 0.75)"
2025-04-10 00:00:00+00:00,32.1925388753,33.4376592156,31.0053974211,33.1905360947,1011251,0.0,0.0,0.0,0.0,0.0,0.0,0.0,0.0,,,32.14603125513845,,,,,,,,,,,,,,32.14603125513845,,"rgba(239, 83, 80, 0.75)"
2025-04-11 00:00:00+00:00,32.8958892966,33.2095455655,31.6887878979,31.983434696,766979,0.0,0.0,0.0,0.0,0.0,0.0,0.0,0.0,,,32.20820742181083,,,,,,,,,,,,,,32.20820742181083,,"rgba(239, 83, 80, 0.75)"
2025-04-14 00:00:00+00:00,33.7037918075,34.0649717535,33.0004413862,33.266573978,627876,0.0,0.0,0.0,0.0,0.0,0.0,0.0,0.0,,,32.34802297546392,,,,,,,,,,,,,,32.34802297546392,,"rgba(239, 83, 80, 0.5)"
2025-04-15 00:00:00+00:00,33.7988391617,34.1410096369,33.7228012783,33.76082022,428291,0.0,0.0,0.0,0.0,0.0,0.0,0.0,0.0,,,32.447439124608,,,,,,,,,,,,,,32.447439124608,,"rgba(239, 83, 80, 0.5)"
2025-04-16 00:00:00+00:00,33.76082022,34.2455617265,33.3806308031,33.8558675742,506149,0.0,0.0,0.0,0.0,0.0,0.0,0.0,0.0,,,32.54303392696099,,,,,,,,,,,,,,32.54303392696099,,#000000
2025-04-17 00:00:00+00:00,33.4851828928,34.3881327579,33.4091450094,33.7798296909,605427,0.0,0.0,0.0,0.0,0.0,0.0,0.0,0.0,,,32.63824118243392,,,,,,,,,,,,,,32.63824118243392,,#000000
2025-04-21 00:00:00+00:00,33.1810313592,33.333107126,32.6772803819,33.333107126,660168,0.0,0.0,0.0,0.0,0.0,0.0,0.0,0.0,,,32.67167054386682,,,,,,,,,,,,,,32.67167054386682,,#000000
2025-04-22 00:00:00+00:00,33.9033912513,34.3311043453,33.5517160407,33.6372586595,477134,0.0,0.0,0.0,0.0,0.0,0.0,0.0,0.0,,,32.73920481833268,,,,,,,,,,,,,,32.73920481833268,,#000000
2025-04-23 00:00:00+00:00,34.1124954306,34.9964358249,33.9604196639,34.4641706413,538796,0.0,0.0,0.0,0.0,0.0,0.0,0.0,0.0,,,32.83170593271331,,,,,,,,,,,,,,32.83170593271331,,#000000
2025-04-24 00:00:00+00:00,34.4451611704,34.649512982,34.0364575473,34.1124954306,453314,0.0,0.0,0.0,0.0,0.0,0.0,0.0,0.0,,,32.90265673756613,,,,,,,,,,,,,,32.90265673756613,,#000000
2025-04-25 00:00:00+00:00,34.616246408,34.616246408,34.1220001661,34.2835806682,417723,0.0,0.0,0.0,0.0,0.0,0.0,0.0,0.0,,,32.9655253430233,,,,,,,,,,,,,,32.9655253430233,,"rgba(38, 166, 154, 1.0)"
2025-04-28 00:00:00+00:00,34.7207984977,34.9700126604,34.4261516996,34.4926848475,504755,0.0,0.0,0.0,0.0,0.0,0.0,0.0,0.0,,,33.04688430886264,,,,,,,,,,,,,,33.04688430886264,,"rgba(38, 166, 154, 1.0)"
2025-04-29 00:00:00+00:00,34.8253505873,34.9489121478,34.1077430629,34.6922842914,742280,0.0,0.0,0.0,0.0,0.0,0.0,0.0,0.0,,,33.14855915953932,,,,,,,,,,,,,,33.14855915953932,,"rgba(38, 166, 154, 1.0)"
2025-04-30 00:00:00+00:00,35.5857294211,35.6902815107,33.7323060137,34.6257511434,974144,0.0,0.0,0.0,0.0,0.0,0.0,0.0,0.0,,,33.29291911697593,,,,,,,,,,,,,,33.29291911697593,,"rgba(38, 166, 154, 1.0)"
2025-05-01 00:00:00+00:00,35.11049265,35.6142436274,34.7493127039,35.471672596,588864,0.0,0.0,0.0,0.0,0.0,0.0,0.0,0.0,,,33.37675069120257,,,,,,,,,,,,,,33.37675069120257,,"rgba(38, 166, 154, 1.0)"
2025-05-02 00:00:00+00:00,36.4126414028,36.4696698154,35.1770257979,35.4431583898,475467,0.0,0.0,0.0,0.0,0.0,0.0,0.0,0.0,,,33.469312359326445,,,,,,,,,,,,,,33.469312359326445,,"rgba(38, 166, 154, 1.0)"
2025-05-05 00:00:00+00:00,35.9088904254,36.6312503175,35.8423572775,36.1084898693,459439,0.0,0.0,0.0,0.0,0.0,0.0,0.0,0.0,,,33.556322289141754,,,,,,,,,,,,,,33.556322289141754,,"rgba(38, 166, 154, 1.0)"
2025-05-06 00:00:00+00:00,36.1560135464,36.393631932,35.7473099233,35.7663193941,438807,0.0,0.0,0.0,0.0,0.0,0.0,0.0,0.0,,,33.63340347224518,,,,,,,,,,,,,,33.63340347224518,,"rgba(38, 166, 154, 1.0)"
2025-05-07 00:00:00+00:00,36.7262976718,36.8783734385,36.1940324881,36.1940324881,682496,0.0,0.0,0.0,0.0,0.0,0.0,0.0,0.0,,,33.7669622013529,,,,,,,,,,,,,,33.7669622013529,,"rgba(38, 166, 154, 1.0)"
2025-05-08 00:00:00+00:00,36.8878781739,37.1635155012,36.5504600665,36.8498592323,683970,0.0,0.0,0.0,0.0,0.0,0.0,0.0,0.0,,,33.90082279936953,,,,,,,,,,,,,,33.90082279936953,,"rgba(38, 166, 154, 1.0)"
2025-05-09 00:00:00+00:00,36.9163923802,37.2965817971,36.5647171696,36.9829255282,487004,0.0,0.0,0.0,0.0,0.0,0.0,0.0,0.0,,,33.99104785946254,,,,,,,,,,,,,,33.99104785946254,,"rgba(38, 166, 154, 1.0)"
2025-05-12 00:00:00+00:00,37.1159918241,37.9809227475,36.821345026,37.743304362,777163,0.0,0.0,0.0,0.0,0.0,0.0,0.0,0.0,,,34.141661905422886,,,,,,,,,,,,,,34.141661905422886,,"rgba(38, 166, 154, 1.0)"
2025-05-13 00:00:00+00:00,37.4106386222,38.2708171779,37.1635155012,37.2110391783,1463974,0.0,0.0,0.0,0.0,0.0,0.0,0.0,0.0,,,34.41549133157526,,,,,,,,,,,,,,34.41549133157526,,"rgba(38, 166, 154, 1.0)"
2025-05-14 00:00:00+00:00,36.9258971156,37.5437049181,36.6977834655,37.4106386222,1040417,0.0,0.0,0.0,0.0,0.0,0.0,0.0,0.0,,,34.55557471789638,,,,,,,,,,,,,,34.55557471789638,,"rgba(38, 166, 154, 1.0)"
2025-05-15 00:00:00+00:00,36.9829255282,37.3250960034,36.6597645238,36.9924302636,1248178,0.0,0.0,0.0,0.0,0.0,0.0,0.0,0.0,,,34.7012103472444,,,,,,,,,,,,,,34.7012103472444,,"rgba(38, 166, 154, 0.75)"
2025-05-16 00:00:00+00:00,37.4866765055,37.496181241,36.6502597884,37.0114397344,1135801,0.0,0.0,0.0,0.0,0.0,0.0,0.0,0.0,,,34.83082231721572,,,,,,,,,,,,,,34.83082231721572,,"rgba(38, 166, 154, 0.75)"
2025-05-19 00:00:00+00:00,37.9619132767,38.0267355722,37.16427588,37.24905812,453104,0.0,0.0,0.0,0.0,0.0,0.0,0.0,0.0,,,34.88909433986254,,,,,,,,,,,,,,34.88909433986254,,"rgba(38, 166, 154, 1.0)"
2025-05-20 00:00:00+00:00,37.5532096535,38.0664653663,37.5294478149,37.7718185682,422086,0.0,0.0,0.0,0.0,0.0,0.0,0.0,0.0,,,34.941276474847186,,,,,,,,,,,,,,34.941276474847186,,"rgba(38, 166, 154, 1.0)"
2025-05-21 00:00:00+00:00,36.9354018511,37.4011338867,36.8070879229,37.1254965595,585120,0.0,0.0,0.0,0.0,0.0,0.0,0.0,0.0,,,34.993830594047125,,,,,,,,,,,,,,34.993830594047125,,"rgba(38, 166, 154, 0.75)"
2025-05-22 00:00:00+00:00,37.1445060303,37.3298483711,36.2996300987,36.5932313759,974454,0.0,0.0,0.0,0.0,0.0,0.0,0.0,0.0,,,35.0708511723199,,,,,,,,,,,,,,35.0708511723199,,"rgba(38, 166, 154, 0.75)"
2025-05-23 00:00:00+00:00,37.5437049181,37.9048848641,36.7072882009,37.0399539407,736991,0.0,0.0,0.0,0.0,0.0,0.0,0.0,0.0,,,35.13863108919407,,,,,,,,,,,,,,35.13863108919407,,"rgba(38, 166, 154, 0.75)"
2025-05-27 00:00:00+00:00,37.429648093,37.8288469808,36.2368037975,37.7242948911,1494069,0.0,0.0,0.0,0.0,0.0,0.0,0.0,0.0,,,35.252199016939485,,,,,,,,,,,,,,35.252199016939485,,"rgba(38, 166, 154, 0.75)"
2025-05-28 00:00:00+00:00,37.1254965595,37.5437049181,36.9544113219,37.1730202366,969363,0.0,0.0,0.0,0.0,0.0,0.0,0.0,0.0,,,35.32081364380268,,,,,,,,,,,,,,35.32081364380268,,"rgba(38, 166, 154, 0.75)"
2025-05-29 00:00:00+00:00,37.3631149451,37.4106386222,37.0114397344,37.3631149451,406905,0.0,0.0,0.0,0.0,0.0,0.0,0.0,0.0,,,35.34898352109499,,,,,,,,,,,,,,35.34898352109499,,"rgba(38, 166, 154, 0.75)"
2025-05-30 00:00:00+00:00,38.0189416892,38.4320866204,37.3896162708,37.6250128013,1419544,0.0,0.0,0.0,0.0,0.0,0.0,0.0,0.0,,,35.47418365025975,,,,,,,,,,,,,,35.47418365025975,,"rgba(38, 166, 154, 0.75)"
2025-06-02 00:00:00+00:00,38.2399261873,38.3085274619,37.5193245631,37.913253451,972081,0.0,0.0,0.0,0.0,0.0,0.0,0.0,0.0,,,35.55559864263438,,,,,,,,,,,,,,35.55559864263438,,"rgba(38, 166, 154, 1.0)"
2025-06-03 00:00:00+00:00,39.0662160496,39.1046481362,38.1246299274,38.2399261873,596811,0.0,0.0,0.0,0.0,0.0,0.0,0.0,0.0,,,35.61734055387045,,,,,,,,,,,,,,35.61734055387045,,"rgba(38, 166, 154, 1.0)"
2025-06-04 00:00:00+00:00,39.1046481362,39.1911203311,38.5665989235,38.9220957248,751881,0.0,0.0,0.0,0.0,0.0,0.0,0.0,0.0,,,35.69629456157863,,,,,,,,,,,,,,35.69629456157863,,"rgba(38, 166, 154, 1.0)"
2025-06-05 00:00:00+00:00,39.3256326343,39.4889690024,38.8836636382,39.0758240713,609406,0.0,0.0,0.0,0.0,0.0,0.0,0.0,0.0,,,35.76284068105232,,,,,,,,,,,,,,35.76284068105232,,"rgba(38, 166, 154, 1.0)"
2025-06-06 00:00:00+00:00,39.1046481362,39.8732898686,38.8164074866,39.6907374572,642419,0.0,0.0,0.0,0.0,0.0,0.0,0.0,0.0,,,35.830955852352616,,,,,,,,,,,,,,35.830955852352616,,"rgba(38, 166, 154, 1.0)"
2025-06-09 00:00:00+00:00,39.527401089,39.6619133922,38.8260155082,39.1046481362,693117,0.0,0.0,0.0,0.0,0.0,0.0,0.0,0.0,,,35.903049941468836,,,,,,,,,,,,,,35.903049941468836,,"rgba(38, 166, 154, 1.0)"
2025-06-10 00:00:00+00:00,39.5081850457,39.9213299769,39.4024968075,39.585049219,443712,0.0,0.0,0.0,0.0,0.0,0.0,0.0,0.0,,,35.951202144585594,,,,,,,,,,,,,,35.951202144585594,,"rgba(38, 166, 154, 1.0)"
2025-06-11 00:00:00+00:00,39.9213299769,39.9981941501,39.2872005477,39.7772096521,476999,0.0,0.0,0.0,0.0,0.0,0.0,0.0,0.0,,,36.00331075995434,,,,,,,,,,,,,,36.00331075995434,,"rgba(38, 166, 154, 1.0)"
2025-06-12 00:00:00+00:00,40.1999626049,40.1999626049,39.7003454788,39.7003454788,398204,0.0,0.0,0.0,0.0,0.0,0.0,0.0,0.0,,,36.049109897273695,,,,,,,,,,,,,,36.049109897273695,,"rgba(38, 166, 154, 1.0)"
2025-06-13 00:00:00+00:00,39.4313208725,40.142314475,39.4024968075,40.0558422801,457119,0.0,0.0,0.0,0.0,0.0,0.0,0.0,0.0,,,36.09559287444656,,,,,,,,,,,,,,36.09559287444656,,"rgba(38, 166, 154, 0.75)"
2025-06-16 00:00:00+00:00,39.8732898686,40.3440829297,39.6330893273,39.6763254247,425458,0.0,0.0,0.0,0.0,0.0,0.0,0.0,0.0,,,36.14124518483489,,,,,,,,,,,,,,36.14124518483489,,"rgba(38, 166, 154, 0.75)"
2025-06-17 00:00:00+00:00,39.2679845044,39.9501540419,39.1526882445,39.6715214139,462379,0.0,0.0,0.0,0.0,0.0,0.0,0.0,0.0,,,36.183380837107826,,,,,,,,,,,,,,36.183380837107826,,"rgba(38, 166, 154, 0.75)"
2025-06-18 00:00:00+00:00,38.9124877031,39.4697529591,38.8932716598,39.2872005477,492307,0.0,0.0,0.0,0.0,0.0,0.0,0.0,0.0,,,36.22220825984728,,,,,,,,,,,,,,36.22220825984728,,"rgba(38, 166, 154, 0.75)"
2025-06-20 00:00:00+00:00,39.1719042878,39.306416591,38.6818951834,39.1911203311,621950,0.0,0.0,0.0,0.0,0.0,0.0,0.0,0.0,,,36.26916544886009,,,,,,,,,,,,,,36.26916544886009,,"rgba(38, 166, 154, 0.5)"
2025-06-23 00:00:00+00:00,39.7868176737,40.0126061826,39.2968085693,39.3256326343,519849,0.0,0.0,0.0,0.0,0.0,0.0,0.0,0.0,,,36.316059232331014,,,,,,,,,,,,,,36.316059232331014,,"rgba(38, 166, 154, 0.5)"
2025-06-24 00:00:00+00:00,39.9405460202,40.2768267781,39.7916216846,40.1615305183,359854,0.0,0.0,0.0,0.0,0.0,0.0,0.0,0.0,,,36.350629144250505,,,,,,,,,,,,,,36.350629144250505,,"rgba(38, 166, 154, 0.5)"
2025-06-25 00:00:00+00:00,39.3256326343,39.7627976196,39.2103363744,39.6330893273,385014,0.0,0.0,0.0,0.0,0.0,0.0,0.0,0.0,,,36.38124323476139,,,,,,,,,,,,,,36.38124323476139,,"rgba(38, 166, 154, 0.5)"
2025-06-26 00:00:00+00:00,39.7003454788,39.8156417387,39.3352406559,39.556225154,490345,0.0,0.0,0.0,0.0,0.0,0.0,0.0,0.0,,,36.42166353925673,,,,,,,,,,,,,,36.42166353925673,,"rgba(38, 166, 154, 0.5)"
2025-06-27 00:00:00+00:00,40.1519224966,40.363298973,39.5754411973,39.5946572406,997188,0.0,0.0,0.0,0.0,0.0,0.0,0.0,0.0,,,36.511061527242255,,,,,,,,,,,,,,36.511061527242255,,"rgba(38, 166, 154, 0.5)"
2025-06-30 00:00:00+00:00,39.9693700852,40.3536909514,39.6811294355,40.2287866699,946173,0.0,0.0,0.0,0.0,0.0,0.0,0.0,0.0,,,36.591222723875795,,,,,,,,,,,,,,36.591222723875795,,"rgba(38, 166, 154, 0.5)"
2025-07-01 00:00:00+00:00,40.4305551246,40.781247915,39.6811294355,39.7483855871,579032,0.0,0.0,0.0,0.0,0.0,0.0,0.0,0.0,,,36.64259423843344,,,,,,,,,,,,,,36.64259423843344,,"rgba(38, 166, 154, 0.5)"
2025-07-02 00:00:00+00:00,40.7860519259,40.8821321424,40.1471184858,40.5362433628,561078,0.0,0.0,0.0,0.0,0.0,0.0,0.0,0.0,,,36.6951069358834,,,,,,,,,,,,,,36.6951069358834,,"rgba(38, 166, 154, 0.5)"
2025-07-03 00:00:00+00:00,41.4682214634,41.6027337665,40.6803636877,40.8629160991,343321,0.0,0.0,0.0,0.0,0.0,0.0,0.0,0.0,,,36.73174934609208,,,,,,,,,,,,,,36.73174934609208,,"rgba(38, 166, 154, 1.0)"
2025-07-07 00:00:00+00:00,40.5746754495,41.7084220048,40.420947103,41.3817492685,681130,0.0,0.0,0.0,0.0,0.0,0.0,0.0,0.0,,,36.79724490494668,,,,,,,,,,,,,,36.79724490494668,,"rgba(38, 166, 154, 0.5)"
2025-07-08 00:00:00+00:00,40.0366262368,40.9397802723,39.9885861285,40.9397802723,680658,0.0,0.0,0.0,0.0,0.0,0.0,0.0,0.0,,,36.85171271665564,,,,,,,,,,,,,,36.85171271665564,,"rgba(38, 166, 154, 0.5)"
2025-07-09 00:00:00+00:00,39.6715214139,40.1615305183,39.5081850457,40.0270182151,634623,0.0,0.0,0.0,0.0,0.0,0.0,0.0,0.0,,,36.89331343879302,,,,,,,,,,,,,,36.89331343879302,,"rgba(38, 166, 154, 0.5)"
2025-07-10 00:00:00+00:00,39.7868176737,40.1903545832,39.2487684611,39.4024968075,606374,0.0,0.0,0.0,0.0,0.0,0.0,0.0,0.0,,,36.93145845118804,,,,,,,,,,,,,,36.93145845118804,,"rgba(38, 166, 154, 0.5)"
2025-07-11 00:00:00+00:00,39.2199443961,39.6330893273,38.8548395732,39.4889690024,539762,0.0,0.0,0.0,0.0,0.0,0.0,0.0,0.0,,,36.95860336466529,,,,,,,,,,,,,,36.95860336466529,,#000000
2025-07-14 00:00:00+00:00,39.2583764827,39.8925059119,39.0662160496,39.0662160496,535811,0.0,0.0,0.0,0.0,0.0,0.0,0.0,0.0,,,36.98688623842555,,,,,,,,,,,,,,36.98688623842555,,"rgba(239, 83, 80, 1.0)"
2025-07-15 00:00:00+00:00,39.4313208725,39.6825706388,39.1094521471,39.4601449375,452978,0.0,0.0,0.0,0.0,0.0,0.0,0.0,0.0,,,37.01031185647758,,,,,,,,,,,,,,37.01031185647758,,"rgba(239, 83, 80, 1.0)"
2025-07-16 00:00:00+00:00,40.6803636877,40.7860519259,39.3928887859,39.4409288942,626358,0.0,0.0,0.0,0.0,0.0,0.0,0.0,0.0,,,37.053568062939014,,,,,,,,,,,,,,37.053568062939014,,#000000
2025-07-17 00:00:00+00:00,40.142314475,40.699579731,40.084666345,40.420947103,420651,0.0,0.0,0.0,0.0,0.0,0.0,0.0,0.0,,,37.08217969300248,,,,,,,,,,,,,,37.08217969300248,,#000000
2025-07-18 00:00:00+00:00,39.8444658037,40.3440829297,39.7820136629,40.3440829297,511359,0.0,0.0,0.0,0.0,0.0,0.0,0.0,0.0,,,37.11292206862285,,,,,,,,,,,,,,37.11292206862285,,#000000
2025-07-21 00:00:00+00:00,39.6811294355,40.0270182151,39.585049219,39.8925059119,343362,0.0,0.0,0.0,0.0,0.0,0.0,0.0,0.0,,,37.131610982945965,,,,,,,,,,,,,,37.131610982945965,,#000000
2025-07-22 00:00:00+00:00,39.9597620635,40.0078021718,39.7003454788,39.7195615221,518368,0.0,0.0,0.0,0.0,0.0,0.0,0.0,0.0,,,37.160646600693454,,,,,,,,,,,,,,37.160646600693454,,#000000
2025-07-23 00:00:00+00:00,40.392123038,40.5458513845,40.0057844873,40.0270182151,552416,0.0,0.0,0.0,0.0,0.0,0.0,0.0,0.0,,,37.19564279703489,,,,,,,,,,,,,,37.19564279703489,,#000000
2025-07-24 00:00:00+00:00,40.0174101935,40.5167390789,40.0174101935,40.1807465616,496499,0.0,0.0,0.0,0.0,0.0,0.0,0.0,0.0,,,37.22514952495589,,,,,,,,,,,,,,37.22514952495589,,#000000
2025-07-25 00:00:00+00:00,40.0942743667,40.1471184858,39.6907374572,40.0366262368,393219,0.0,0.0,0.0,0.0,0.0,0.0,0.0,0.0,,,37.246505881820596,,,,,,,,,,,,,,37.246505881820596,,#000000
2025-07-28 00:00:00+00:00,39.8925059119,40.084666345,39.6620094724,40.084666345,433596,0.0,0.0,0.0,0.0,0.0,0.0,0.0,0.0,,,37.268845760504306,,,,,,,,,,,,,,37.268845760504306,,#000000
2025-07-29 00:00:00+00:00,39.8925059119,40.3729069947,39.8492698145,40.2095706266,535255,0.0,0.0,0.0,0.0,0.0,0.0,0.0,0.0,,,37.29754874468278,,,,,,,,,,,,,,37.29754874468278,,#000000
2025-07-30 00:00:00+00:00,39.1238641795,40.2863387196,38.8740556165,39.9885861285,877071,0.0,0.0,0.0,0.0,0.0,0.0,0.0,0.0,,,37.33312773711832,,,,,,,,,,,,,,37.33312773711832,,"rgba(239, 83, 80, 1.0)"
2025-07-31 00:00:00+00:00,37.5097165415,39.3592607101,37.1446117186,38.2111021223,925647,0.0,0.0,0.0,0.0,0.0,0.0,0.0,0.0,,,37.34475587511387,,,,,,,,,,,,,,37.34475587511387,,"rgba(239, 83, 80, 1.0)"
2025-08-01 00:00:00+00:00,36.9236272205,37.3655962167,36.6161705276,37.3655962167,835516,0.0,0.0,0.0,0.0,0.0,0.0,0.0,0.0,,,37.338963931361036,,,,,,,,,,,,,,37.338963931361036,,"rgba(239, 83, 80, 1.0)"
2025-08-04 00:00:00+00:00,37.5961887364,37.913253451,37.0677475453,37.1542197402,489936,0.0,0.0,0.0,0.0,0.0,0.0,0.0,0.0,,,37.34063456160141,,,,,,,,,,,,,,37.34063456160141,,"rgba(239, 83, 80, 1.0)"
2025-08-05 00:00:00+00:00,37.9516855376,38.0285497109,37.2214758918,37.5961887364,639553,0.0,0.0,0.0,0.0,0.0,0.0,0.0,0.0,,,37.345173642202724,,,,,,,,,,,,,,37.345173642202724,,"rgba(239, 83, 80, 1.0)"
2025-08-06 00:00:00+00:00,37.9709015809,38.2014941006,37.7787411478,38.0045296567,439531,0.0,0.0,0.0,0.0,0.0,0.0,0.0,0.0,,,37.35019876714382,,,,,,,,,,,,,,37.35019876714382,,"rgba(239, 83, 80, 1.0)"
2025-08-07 00:00:00+00:00,38.163062014,38.2975743172,37.7307010395,38.2975743172,639868,0.0,0.0,0.0,0.0,0.0,0.0,0.0,0.0,,,37.35828146127935,,,,,,,,,,,,,,37.35828146127935,,"rgba(239, 83, 80, 0.75)"
2025-08-08 00:00:00+00:00,38.191886079,38.3648304688,37.6730529096,38.3360064038,572322,0.0,0.0,0.0,0.0,0.0,0.0,0.0,0.0,,,37.36548583805215,,,,,,,,,,,,,,37.36548583805215,,"rgba(239, 83, 80, 0.75)"
2025-08-11 00:00:00+00:00,38.6818951834,38.7107192484,38.163062014,38.3360064038,438832,0.0,0.0,0.0,0.0,0.0,0.0,0.0,0.0,,,37.37428564333046,,,,,,,,,,,,,,37.37428564333046,,"rgba(239, 83, 80, 0.75)"
2025-08-12 00:00:00+00:00,38.6915032051,39.0181759413,38.3648304688,38.8788596273,851468,0.0,0.0,0.0,0.0,0.0,0.0,0.0,0.0,,,37.39350594000508,,,,,,,,,,,,,,37.39350594000508,,"rgba(239, 83, 80, 0.75)"
2025-08-13 00:00:00+00:00,38.6434630968,39.0758240713,38.3167903605,38.9317037464,738334,0.0,0.0,0.0,0.0,0.0,0.0,0.0,0.0,,,37.40956398669937,,,,,,,,,,,,,,37.40956398669937,,"rgba(239, 83, 80, 0.75)"
2025-08-14 00:00:00+00:00,37.0197074371,38.6242470535,36.9140191989,38.6242470535,612944,0.0,0.0,0.0,0.0,0.0,0.0,0.0,0.0,,,37.41069081881725,,,,,,,,,,,,,,37.41069081881725,,"rgba(239, 83, 80, 1.0)"
2025-08-15 00:00:00+00:00,37.2022598485,37.4232443466,36.7218587658,37.2310839135,609212,0.0,0.0,0.0,0.0,0.0,0.0,0.0,0.0,,,37.40771209018778,,,,,,,,,,,,,,37.40771209018778,,"rgba(239, 83, 80, 1.0)"
2025-08-18 00:00:00+00:00,37.3175561084,37.38481226,37.077355567,37.355988195,418368,0.0,0.0,0.0,0.0,0.0,0.0,0.0,0.0,,,37.40669390695783,,,,,,,,,,,,,,37.40669390695783,,"rgba(239, 83, 80, 1.0)"
2025-08-19 00:00:00+00:00,37.2887320434,37.942077516,37.2887320434,37.3944202816,489845,0.0,0.0,0.0,0.0,0.0,0.0,0.0,0.0,,,37.40749257851845,,,,,,,,,,,,,,37.40749257851845,,"rgba(239, 83, 80, 1.0)"
2025-08-20 00:00:00+00:00,37.4808924765,37.5769726931,37.2695160001,37.5577566498,439283,0.0,0.0,0.0,0.0,0.0,0.0,0.0,0.0,,,37.40774169356086,,,,,,,,,,,,,,37.40774169356086,,"rgba(239, 83, 80, 1.0)"
2025-08-21 00:00:00+00:00,37.4136363249,37.6730529096,37.2406919351,37.2887320434,465431,0.0,0.0,0.0,0.0,0.0,0.0,0.0,0.0,,,37.40800179334749,,,,,,,,,,,,,,37.40800179334749,,"rgba(239, 83, 80, 1.0)"
2025-08-22 00:00:00+00:00,38.8452315515,38.9413117681,37.5097165415,37.5865807147,757033,0.0,0.0,0.0,0.0,0.0,0.0,0.0,0.0,,,37.42033034331577,,,,,,,,,,,,,,37.42033034331577,,"rgba(239, 83, 80, 0.75)"
2025-08-25 00:00:00+00:00,38.2014941006,38.9317037464,38.191886079,38.7875834216,402317,0.0,0.0,0.0,0.0,0.0,0.0,0.0,0.0,,,37.42682327213645,,,,,,,,,,,,,,37.42682327213645,,#000000
2025-08-26 00:00:00+00:00,38.7395433133,38.8548395732,38.0381577325,38.1438459707,472714,0.0,0.0,0.0,0.0,0.0,0.0,0.0,0.0,,,37.43510746271725,,,,,,,,,,,,,,37.43510746271725,,#000000
2025-08-27 00:00:00+00:00,38.9220957248,39.2295524177,38.6050310102,38.6146390318,483587,0.0,0.0,0.0,0.0,0.0,0.0,0.0,0.0,,,37.446276710379735,,,,,,,,,,,,,,37.446276710379735,,"rgba(38, 166, 154, 0.5)"
2025-08-28 00:00:00+00:00,39.1238641795,39.1911203311,38.8067994649,39.0758240713,501286,0.0,0.0,0.0,0.0,0.0,0.0,0.0,0.0,,,37.45862091188946,,,,,,,,,,,,,,37.45862091188946,,"rgba(38, 166, 154, 0.5)"
2025-08-29 00:00:00+00:00,39.0566080279,39.7363600324,38.9497898558,39.0371865421,1072197,0.0,0.0,0.0,0.0,0.0,0.0,0.0,0.0,,,37.48776467634708,,,,,,,,,,,,,,37.48776467634708,,"rgba(38, 166, 154, 1.0)"
2025-09-02 00:00:00+00:00,38.7458642545,38.8526824266,37.8621866487,38.8526824266,909780,0.0,0.0,0.0,0.0,0.0,0.0,0.0,0.0,,,37.50138766972594,,,,,,,,,,,,,,37.50138766972594,,"rgba(38, 166, 154, 0.5)"
2025-09-03 00:00:00+00:00,38.2020626509,38.8332609408,38.1826411651,38.5225171673,559780,0.0,0.0,0.0,0.0,0.0,0.0,0.0,0.0,,,37.50891347610666,,,,,,,,,,,,,,37.50891347610666,,"rgba(38, 166, 154, 0.5)"
2025-09-04 00:00:00+00:00,38.5904923677,38.6196245965,37.7068147619,38.3962775093,455792,0.0,0.0,0.0,0.0,0.0,0.0,0.0,0.0,,,37.5142742181664,,,,,,,,,,,,,,37.5142742181664,,#000000
2025-09-05 00:00:00+00:00,38.7555749974,39.2216906576,38.3671452806,38.7749964832,358503,0.0,0.0,0.0,0.0,0.0,0.0,0.0,0.0,,,37.520945220549066,,,,,,,,,,,,,,37.520945220549066,,"rgba(38, 166, 154, 0.5)"
2025-09-08 00:00:00+00:00,39.4353270019,39.4450377448,38.6002031107,38.7652857403,438302,0.0,0.0,0.0,0.0,0.0,0.0,0.0,0.0,,,37.531428213876694,,,,,,,,,,,,,,37.531428213876694,,"rgba(38, 166, 154, 1.0)"
2025-09-09 00:00:00+00:00,38.9497898558,39.6489633461,38.9012361412,39.2896658581,429365,0.0,0.0,0.0,0.0,0.0,0.0,0.0,0.0,,,37.541608566475205,,,,,,,,,,,,,,37.541608566475205,,"rgba(38, 166, 154, 1.0)"
2025-09-10 00:00:00+00:00,38.9692113417,39.415905516,38.8089840835,38.9497898558,623289,0.0,0.0,0.0,0.0,0.0,0.0,0.0,0.0,,,37.55525013404912,,,,,,,,,,,,,,37.55525013404912,,"rgba(38, 166, 154, 1.0)"
2025-09-11 00:00:00+00:00,39.4353270019,39.4838807165,38.9012361412,38.9400791129,469866,0.0,0.0,0.0,0.0,0.0,0.0,0.0,0.0,,,37.566773568187934,,,,,,,,,,,,,,37.566773568187934,,"rgba(38, 166, 154, 1.0)"
2025-09-12 00:00:00+00:00,38.8623931695,39.299376601,38.687599797,39.1440047142,384279,0.0,0.0,0.0,0.0,0.0,0.0,0.0,0.0,,,37.57431796782696,,,,,,,,,,,,,,37.57431796782696,,"rgba(38, 166, 154, 1.0)"
2025-09-15 00:00:00+00:00,39.3187980868,39.4061947731,38.6584675682,38.9983435704,414847,0.0,0.0,0.0,0.0,0.0,0.0,0.0,0.0,,,37.583412922022845,,,,,,,,,,,,,,37.583412922022845,,"rgba(38, 166, 154, 1.0)"
2025-09-16 00:00:00+00:00,39.4838807165,39.5615666598,38.9127919253,39.2508228864,429470,0.0,0.0,0.0,0.0,0.0,0.0,0.0,0.0,,,37.593871172653664,,,,,,,,,,,,,,37.593871172653664,,"rgba(38, 166, 154, 1.0)"
2025-09-17 00:00:00+00:00,39.2605336293,39.9985500913,39.0857402567,39.6198311174,575021,0.0,0.0,0.0,0.0,0.0,0.0,0.0,0.0,,,37.60870917398896,,,,,,,,,,,,,,37.60870917398896,,"rgba(38, 166, 154, 1.0)"
2025-09-18 00:00:00+00:00,39.8820211762,39.9499963767,39.1925584288,39.1925584288,456156,0.0,0.0,0.0,0.0,0.0,0.0,0.0,0.0,,,37.621741280959235,,,,,,,,,,,,,,37.621741280959235,,"rgba(38, 166, 154, 1.0)"
2025-09-19 00:00:00+00:00,39.6004096315,40.1247897492,39.5712774028,40.1247897492,766841,0.0,0.0,0.0,0.0,0.0,0.0,0.0,0.0,,,37.644233816421206,,,,,,,,,,,,,,37.644233816421206,,"rgba(38, 166, 154, 1.0)"
2025-09-22 00:00:00+00:00,38.8332609408,39.9597071196,38.7847072262,39.5324344311,987622,0.0,0.0,0.0,0.0,0.0,0.0,0.0,0.0,,,37.66487726418754,,,,,,,,,,,,,,37.66487726418754,,"rgba(38, 166, 154, 0.75)"
2025-09-23 00:00:00+00:00,39.6392526032,39.7654922612,38.7555749974,38.7555749974,428579,0.0,0.0,0.0,0.0,0.0,0.0,0.0,0.0,,,37.674782430858286,,,,,,,,,,,,,,37.674782430858286,,"rgba(38, 166, 154, 0.75)"
2025-09-24 00:00:00+00:00,39.5712774028,39.7946244899,39.2508228864,39.5130129452,770242,0.0,0.0,0.0,0.0,0.0,0.0,0.0,0.0,,,37.69385721184943,,,,,,,,,,,,,,37.69385721184943,,"rgba(38, 166, 154, 0.75)"
2025-09-25 00:00:00+00:00,38.7652857403,39.2848104866,38.0175585354,39.2605336293,808645,0.0,0.0,0.0,0.0,0.0,0.0,0.0,0.0,,,37.704436466084545,,,,,,,,,,,,,,37.704436466084545,,#000000
2025-09-26 00:00:00+00:00,39.784913747,39.9888393484,38.7701411118,38.8526824266,630359,0.0,0.0,0.0,0.0,0.0,0.0,0.0,0.0,,,37.719311104202966,,,,,,,,,,,,,,37.719311104202966,,"rgba(38, 166, 154, 0.75)"
2025-09-29 00:00:00+00:00,40.1927649497,40.2898723789,39.6878063178,39.8140459758,585166,0.0,0.0,0.0,0.0,0.0,0.0,0.0,0.0,,,37.737006660100555,,,,,,,,,,,,,,37.737006660100555,,"rgba(38, 166, 154, 1.0)"
2025-09-30 00:00:00+00:00,39.9305748908,40.4743764944,39.658674089,40.2995831218,480765,0.0,0.0,0.0,0.0,0.0,0.0,0.0,0.0,,,37.75112577239614,,,,,,,,,,,,,,37.75112577239614,,"rgba(38, 166, 154, 1.0)"
2025-10-01 00:00:00+00:00,40.396690551,40.5714839236,39.7169385466,39.7169385466,400656,0.0,0.0,0.0,0.0,0.0,0.0,0.0,0.0,,,37.763821257897874,,,,,,,,,,,,,,37.763821257897874,,"rgba(38, 166, 154, 1.0)"
2025-10-02 00:00:00+00:00,41.1444177559,41.1638392418,39.9213496851,40.3481368364,667862,0.0,0.0,0.0,0.0,0.0,0.0,0.0,0.0,,,37.78905764277703,,,,,,,,,,,,,,37.78905764277703,,"rgba(38, 166, 154, 1.0)"
2025-10-03 00:00:00+00:00,41.8824342179,41.8872895894,40.7851202679,41.018178098,410495,0.0,0.0,0.0,0.0,0.0,0.0,0.0,0.0,,,37.808372233605745,,,,,,,,,,,,,,37.808372233605745,,"rgba(38, 166, 154, 1.0)"
2025-10-06 00:00:00+00:00,42.8243762813,42.9117729676,41.7173515883,41.9212771896,685228,0.0,0.0,0.0,0.0,0.0,0.0,0.0,0.0,,,37.848453562103714,,,,,,,,,,,,,,37.848453562103714,,"rgba(38, 166, 154, 1.0)"
2025-10-07 00:00:00+00:00,43.1545415406,43.8148720592,42.7952440525,43.0865663401,893175,0.0,0.0,0.0,0.0,0.0,0.0,0.0,0.0,,,37.90819045314483,,,,,,,,,,,,,,37.90819045314483,,"rgba(38, 166, 154, 1.0)"
2025-10-08 00:00:00+00:00,43.2904919415,43.3875993707,42.4456573074,43.0962770831,837706,0.0,0.0,0.0,0.0,0.0,0.0,0.0,0.0,,,37.960838919906244,,,,,,,,,,,,,,37.960838919906244,,"rgba(38, 166, 154, 1.0)"
2025-10-09 00:00:00+00:00,42.6495829087,43.3973101136,42.3848680567,43.3196241702,428164,0.0,0.0,0.0,0.0,0.0,0.0,0.0,0.0,,,37.986130524455334,,,,,,,,,,,,,,37.986130524455334,,"rgba(38, 166, 154, 1.0)"
2025-10-10 00:00:00+00:00,43.9702439459,44.1061943468,42.5767523368,42.6010291941,878397,0.0,0.0,0.0,0.0,0.0,0.0,0.0,0.0,,,38.045038765713386,,,,,,,,,,,,,,38.045038765713386,,"rgba(38, 166, 154, 1.0)"
2025-10-13 00:00:00+00:00,44.2518554906,44.8150785801,43.7857398304,44.0770621181,618954,0.0,0.0,0.0,0.0,0.0,0.0,0.0,0.0,,,38.0912326163405,,,,,,,,,,,,,,38.0912326163405,,"rgba(38, 166, 154, 1.0)"
2025-10-14 00:00:00+00:00,44.5140455495,44.7762356084,43.5623927433,44.1353265756,571975,0.0,0.0,0.0,0.0,0.0,0.0,0.0,0.0,,,38.13331634066751,,,,,,,,,,,,,,38.13331634066751,,"rgba(38, 166, 154, 1.0)"
2025-10-15 00:00:00+00:00,45.6696239571,45.7958636151,44.6597066933,44.7276818938,625397,0.0,0.0,0.0,0.0,0.0,0.0,0.0,0.0,,,38.18672613683666,,,,,,,,,,,,,,38.18672613683666,,"rgba(38, 166, 154, 1.0)"
2025-10-16 00:00:00+00:00,44.58202075,46.3299544757,44.5334670353,45.6307809854,676767,0.0,0.0,0.0,0.0,0.0,0.0,0.0,0.0,,,38.24184842095058,,,,45.14848075366666,,,,,,,,,,38.24184842095058,,"rgba(38, 166, 154, 0.75)"
2025-10-17 00:00:00+00:00,43.8828472596,44.7082604079,43.8051613163,44.5043348066,827972,0.0,0.0,0.0,0.0,0.0,0.0,0.0,0.0,,,38.298359204514526,,,,44.58921873842242,,,,,,,,,,38.298359204514526,,"rgba(38, 166, 154, 0.75)"
2025-10-20 00:00:00+00:00,44.8150785801,44.8490661803,43.9993761747,44.1061943468,467035,0.0,0.0,0.0,0.0,0.0,0.0,0.0,0.0,,,38.3320332347676,,,,44.580996900190634,,,,,,,,,,38.3320332347676,,"rgba(38, 166, 154, 0.75)"
2025-10-21 00:00:00+00:00,44.5917314929,44.7859463513,44.1061943468,44.7471033796,482242,0.0,0.0,0.0,0.0,0.0,0.0,0.0,0.0,,,38.36609443855442,,,,44.564023657379266,,,,,,,,,,38.36609443855442,,"rgba(38, 166, 154, 0.75)"
2025-10-22 00:00:00+00:00,42.5330539936,44.58202075,42.4893556505,44.3780951486,863160,0.0,0.0,0.0,0.0,0.0,0.0,0.0,0.0,,,38.41346171820609,,,,44.20947631134968,,,,,,,,,,38.41346171820609,,"rgba(38, 166, 154, 0.75)"
2025-10-23 00:00:00+00:00,43.3681778848,43.3924547421,42.241731706,42.4359465644,491560,0.0,0.0,0.0,0.0,0.0,0.0,0.0,0.0,,,38.43891105258148,,,,44.05348157404568,,,,,,,,,,38.43891105258148,,"rgba(38, 166, 154, 0.5)"
2025-10-24 00:00:00+00:00,43.1448307977,43.8828472596,42.9506159392,43.7468968588,464388,0.0,0.0,0.0,0.0,0.0,0.0,0.0,0.0,,,38.46439167082267,,,,43.97443210023549,,,,,,,,,,38.46439167082267,,"rgba(38, 166, 154, 0.5)"
2025-10-27 00:00:00+00:00,42.9700374251,43.2904919415,42.4408019359,43.0574341114,499437,0.0,0.0,0.0,0.0,0.0,0.0,0.0,0.0,,,38.48912707271093,,,,43.86204181105188,,,,,,,,,,38.48912707271093,,#000000
2025-10-28 00:00:00+00:00,43.7274753729,44.4460703491,43.0283018826,43.2613597127,646913,0.0,0.0,0.0,0.0,0.0,0.0,0.0,0.0,,,38.52673616436414,,,,43.846751623424545,,,,,,,,,,38.52673616436414,,"rgba(38, 166, 154, 0.5)"
2025-10-29 00:00:00+00:00,42.736979595,43.7371861158,42.5233432507,43.6886324012,541439,0.0,0.0,0.0,0.0,0.0,0.0,0.0,0.0,,,38.553417708731985,,,,43.769764434711426,,,,,,,,,,38.553417708731985,,#000000
2025-10-30 00:00:00+00:00,42.1931779914,42.6204506799,41.9115664467,42.2999961635,366325,0.0,0.0,0.0,0.0,0.0,0.0,0.0,0.0,,,38.568245025493596,,,,43.68129667210392,,,,,,,,,,38.568245025493596,,#000000
2025-10-31 00:00:00+00:00,43.9993761747,44.2227232619,41.7901821602,41.8921449609,1064019,0.0,0.0,0.0,0.0,0.0,0.0,0.0,0.0,,,38.62329025643086,,,,43.63179444900796,,,,,,,,,,38.62329025643086,,#000000
2025-11-03 00:00:00+00:00,44.4752025778,44.8102232086,43.5429712574,43.8148720592,1029093,0.0,0.0,0.0,0.0,0.0,0.0,0.0,0.0,,,38.685696308645916,,,,43.71054219956689,,,,,,,,,,38.685696308645916,,"rgba(38, 166, 154, 0.5)"
2025-11-04 00:00:00+00:00,44.5334670353,44.6305744646,44.0285084035,44.086772861,713257,0.0,0.0,0.0,0.0,0.0,0.0,0.0,0.0,,,38.72906890504423,,,,43.76418905830663,,,,,,,,,,38.72906890504423,,"rgba(38, 166, 154, 0.5)"
2025-11-05 00:00:00+00:00,45.1064008677,45.3006157261,44.392661263,44.6014422358,460819,0.0,0.0,0.0,0.0,0.0,0.0,0.0,0.0,,,38.75935774027581,,,,43.82033774426635,,,,,,,,,,38.75935774027581,,"rgba(38, 166, 154, 0.5)"
2025-11-06 00:00:00+00:00,45.0869793818,45.4171446412,44.5431777783,45.0384256672,650005,0.0,0.0,0.0,0.0,0.0,0.0,0.0,0.0,,,38.80214661308374,,,,43.89618726357976,,,,,,,,,,38.80214661308374,,"rgba(38, 166, 154, 0.5)"
2025-11-07 00:00:00+00:00,44.0187976605,45.5239628133,43.2516489698,45.193797554,805435,0.0,0.0,0.0,0.0,0.0,0.0,0.0,0.0,,,38.84805144550207,,,,43.923056017894126,,,,,,,,,,38.84805144550207,,"rgba(38, 166, 154, 0.5)"
2025-11-10 00:00:00+00:00,43.3584671419,44.562113727,43.3584671419,44.4363596061,508094,0.0,0.0,0.0,0.0,0.0,0.0,0.0,0.0,,,38.873951320182755,,,,43.915874039613406,,,,,,,,,,38.873951320182755,,"rgba(38, 166, 154, 0.5)"
2025-11-11 00:00:00+00:00,44.0770621181,44.1061943468,43.0283018826,43.2613597127,510903,0.0,0.0,0.0,0.0,0.0,0.0,0.0,0.0,,,38.899601761906375,,,,43.90830976480782,,,,,,,,,,38.899601761906375,,"rgba(38, 166, 154, 0.5)"
2025-11-12 00:00:00+00:00,44.2227232619,44.2906984623,43.8100166877,44.0964836039,399603,0.0,0.0,0.0,0.0,0.0,0.0,0.0,0.0,,,38.92099913918644,,,,43.91470365584116,,,,,,,,,,38.92099913918644,,"rgba(38, 166, 154, 0.5)"
2025-11-13 00:00:00+00:00,44.5140455495,44.58202075,43.5818142291,44.1256158327,651762,0.0,0.0,0.0,0.0,0.0,0.0,0.0,0.0,,,38.95631046415604,,,,43.930165671609636,,,,,,,,,,38.95631046415604,,"rgba(38, 166, 154, 0.5)"
2025-11-14 00:00:00+00:00,43.8925580026,44.15669021,43.2419382269,44.1450373185,591433,0.0,0.0,0.0,0.0,0.0,0.0,0.0,0.0,,,38.98517369428508,,,,43.92298665438484,,,,,,,,,,38.98517369428508,,#000000
2025-11-17 00:00:00+00:00,43.7760290875,44.3488658124,43.5138390287,43.8537150309,444791,0.0,0.0,0.0,0.0,0.0,0.0,0.0,0.0,,,39.00717390047339,,,,43.92162276819511,,,,,,,,,,39.00717390047339,,#000000
2025-11-18 00:00:00+00:00,43.7760290875,44.0333637749,43.4847067999,43.8731365167,411966,0.0,0.0,0.0,0.0,0.0,0.0,0.0,0.0,,,39.026898543039096,,,,43.91718530000221,,,,,,,,,,39.026898543039096,,#000000
2025-11-19 00:00:00+00:00,42.6884258804,43.8148720592,42.3485498781,43.7760290875,556510,0.0,0.0,0.0,0.0,0.0,0.0,0.0,0.0,,,39.04875157691519,,,,43.88162112971581,,,,,,,,,,39.04875157691519,,"rgba(239, 83, 80, 1.0)"
2025-11-20 00:00:00+00:00,43.0671448543,43.5720063787,42.494211022,43.105987826,531271,0.0,0.0,0.0,0.0,0.0,0.0,0.0,0.0,,,39.06988390411508,,,,43.85321304848146,,,,,,,,,,39.06988390411508,,"rgba(239, 83, 80, 1.0)"
2025-11-21 00:00:00+00:00,43.0088803968,43.3584671419,42.6495829087,43.2128059981,979889,0.0,0.0,0.0,0.0,0.0,0.0,0.0,0.0,,,39.10790526174711,,,,43.80329000801229,,,,,,,,,,39.10790526174711,,"rgba(239, 83, 80, 1.0)"
2025-11-24 00:00:00+00:00,42.5621862224,43.1739630264,41.998963133,43.1739630264,625048,1.0,43.17396,41.998962,303.0,1.0,43.17396,41.998962,303.0,,42.57837079393333,39.129159976750636,,,,43.75893410322586,,,,,42.57837079393333,,,,,39.129159976750636,,"rgba(239, 83, 80, 1.0)"
2025-11-25 00:00:00+00:00,43.4944175428,43.6158018293,42.5379093651,42.7661118237,493734,0.0,0.0,0.0,0.0,0.0,0.0,0.0,0.0,,42.85978433628477,39.14883627754802,,,,43.74383718394618,,,,,42.85978433628477,,,,,39.14883627754802,,"rgba(239, 83, 80, 1.0)"
2025-11-26 00:00:00+00:00,44.329541434,44.4266488632,43.3002026844,43.3002026844,427079,0.0,0.0,0.0,0.0,0.0,0.0,0.0,0.0,,43.179987932537436,39.169033287340866,,,,43.75029577897251,,,,,43.179987932537436,,,,,39.169033287340866,,#000000
2025-11-28 00:00:00+00:00,44.7471033796,44.9676531772,44.3256082109,44.4236303431,418579,0.0,0.0,0.0,0.0,0.0,0.0,0.0,0.0,,43.49963345283132,39.191343640200834,,,,43.77122021497955,,,,,43.49963345283132,,,,,39.191343640200834,,"rgba(38, 166, 154, 0.5)"
2025-12-01 00:00:00+00:00,44.0413440273,44.6294768209,43.9237174686,44.3060037844,440702,0.0,0.0,0.0,0.0,0.0,0.0,0.0,0.0,,43.62763030838793,39.21259334373051,,,,43.78110202324062,,,,,43.62763030838793,,,,,39.21259334373051,,"rgba(38, 166, 154, 0.5)"
2025-12-02 00:00:00+00:00,45.3352361732,45.5606870774,44.1099595199,44.6392790341,869802,0.0,0.0,0.0,0.0,0.0,0.0,0.0,0.0,,43.992642814765354,39.260685394460985,,,,43.834434543280935,,,,,43.992642814765354,,,,,39.260685394460985,,"rgba(38, 166, 154, 0.5)"
2025-12-03 00:00:00+00:00,45.9527756065,46.4673918009,45.4528627319,45.8939623271,883061,0.0,0.0,0.0,0.0,0.0,0.0,0.0,0.0,,44.40996910448778,39.31669272937846,,,,43.92460209008005,,,,,44.40996910448778,,,,,39.31669272937846,,"rgba(38, 166, 154, 0.5)"
2025-12-04 00:00:00+00:00,46.0802043784,46.452688481,45.6195003568,45.7273247023,683007,0.0,0.0,0.0,0.0,0.0,0.0,0.0,0.0,,44.64146975827467,39.359971941313155,,,,43.99221859842614,,,,,44.64146975827467,,,,,39.359971941313155,,"rgba(38, 166, 154, 1.0)"
2025-12-05 00:00:00+00:00,45.93317118,46.6928427051,45.844951261,46.1390176578,522143,0.0,0.0,0.0,0.0,0.0,0.0,0.0,0.0,,44.78901676013555,39.39320371625624,,,,44.043598520413546,46.15698838203334,,,,44.78901676013555,,,,,39.39320371625624,,"rgba(38, 166, 154, 1.0)"
2025-12-08 00:00:00+00:00,45.7077202758,46.1782265107,45.3695439195,46.1782265107,518042,0.0,0.0,0.0,0.0,0.0,0.0,0.0,0.0,,44.87382565504562,39.42389905821758,,,,,45.955207990436875,,,,44.87382565504562,,,,,39.42389905821758,,"rgba(38, 166, 154, 1.0)"
2025-12-09 00:00:00+00:00,45.1784007616,46.1390176578,45.109785269,45.7469291287,381098,0.0,0.0,0.0,0.0,0.0,0.0,0.0,0.0,,44.91045540195588,39.44531456801833,,,,,45.82664361281077,,,,44.91045540195588,,,,,39.44531456801833,,"rgba(38, 166, 154, 0.5)"
2025-12-10 00:00:00+00:00,45.8645556874,46.1586220842,44.982356497,45.0901808425,532362,0.0,0.0,0.0,0.0,0.0,0.0,0.0,0.0,,44.969849160817304,39.47592600286355,,,,,45.7835530979511,,,,44.969849160817304,,,,,39.47592600286355,,"rgba(38, 166, 154, 0.5)"
2025-12-11 00:00:00+00:00,45.844951261,46.6487327456,45.6096981436,46.1096110181,598930,0.0,0.0,0.0,0.0,0.0,0.0,0.0,0.0,,45.05608981764394,39.51202118424004,,,,,45.84242545238426,,,,45.05608981764394,,,,,39.51202118424004,,"rgba(38, 166, 154, 0.5)"
2025-12-12 00:00:00+00:00,45.413653879,46.1782265107,45.1391919087,45.8057424081,488637,0.0,0.0,0.0,0.0,0.0,0.0,0.0,0.0,,45.08838371904372,39.539131717287546,,,,,45.79978293983151,,,,45.08838371904372,,,,,39.539131717287546,,"rgba(38, 166, 154, 0.5)"
2025-12-15 00:00:00+00:00,44.3844214902,45.8547534742,44.2275860786,45.6587092097,625379,0.0,0.0,0.0,0.0,0.0,0.0,0.0,0.0,,45.06882096593198,39.56918397821801,,,,,45.63305415269414,,,,45.06882096593198,,,,,39.56918397821801,,"rgba(38, 166, 154, 0.5)"
2025-12-16 00:00:00+00:00,44.1197617331,44.5804657548,43.8060909099,44.4726414093,602968,0.0,0.0,0.0,0.0,0.0,0.0,0.0,0.0,,45.00925277388804,39.59427284885245,,,,,45.42626117966965,,,,45.00925277388804,,,,,39.59427284885245,,#000000
2025-12-17 00:00:00+00:00,43.8256953363,44.3255101887,42.8062651607,44.1883772257,716512,0.0,0.0,0.0,0.0,0.0,0.0,0.0,0.0,,44.91032854124716,39.62040774113693,,,,,45.1713654568216,,,,44.91032854124716,,,,,39.62040774113693,,"rgba(239, 83, 80, 1.0)"
2025-12-18 00:00:00+00:00,44.5608613283,45.3695439195,44.0168384942,44.2079816521,567924,0.0,0.0,0.0,0.0,0.0,0.0,0.0,0.0,,44.89605547648167,39.64594618254299,,,,,45.117959262291464,,,,44.89605547648167,,,,,39.64594618254299,,"rgba(239, 83, 80, 1.0)"
2025-12-19 00:00:00+00:00,45.1489941219,45.5311824156,44.1981794389,44.4824436225,775736,0.0,0.0,0.0,0.0,0.0,0.0,0.0,0.0,,44.900457955302066,39.68255144987668,,,,,45.098533508539305,,,,44.900457955302066,,,,,39.68255144987668,,#000000
2025-12-22 00:00:00+00:00,45.3646428129,45.7371269155,44.7863122325,45.2274118277,491797,0.0,0.0,0.0,0.0,0.0,0.0,0.0,0.0,,44.9171386978331,39.706961774486615,,,,,45.11277179417597,,,,44.9171386978331,,,,,39.706961774486615,,#000000
2025-12-23 00:00:00+00:00,45.5312804377,45.756731342,45.2470162542,45.2470162542,377413,0.0,0.0,0.0,0.0,0.0,0.0,0.0,0.0,,44.935775490774695,39.72626841172467,,,,,45.13368481975812,,,,44.935775490774695,,,,,39.72626841172467,,"rgba(38, 166, 154, 0.5)"
2025-12-24 00:00:00+00:00,45.5802915039,45.756731342,45.3745430482,45.5900937171,219330,0.0,0.0,0.0,0.0,0.0,0.0,0.0,0.0,,44.94713169685347,39.73754291434466,,,,,45.14660042920406,,,,44.94713169685347,,,,,39.73754291434466,,"rgba(38, 166, 154, 0.5)"
2025-12-26 00:00:00+00:00,45.413653879,45.5606870774,45.1391919087,45.4528627319,235866,0.0,0.0,0.0,0.0,0.0,0.0,0.0,0.0,,44.95513624454713,39.74920629023349,,,,,45.15352088595643,,,,44.95513624454713,,,,,39.74920629023349,,"rgba(38, 166, 154, 0.5)"
2025-12-29 00:00:00+00:00,45.1195874822,45.6881158494,45.060872225,45.3450383864,453216,0.0,0.0,0.0,0.0,0.0,0.0,0.0,0.0,,44.966840457262634,39.77115889228918,,,,,45.16112377738561,,,,44.966840457262634,,,,,39.77115889228918,,"rgba(38, 166, 154, 0.5)"
2025-12-30 00:00:00+00:00,44.6392790341,45.2960273203,44.590267968,45.0901808425,333240,0.0,0.0,0.0,0.0,0.0,0.0,0.0,0.0,,44.96370460747294,39.785889054898036,,,,,45.14851896492234,,,,44.96370460747294,,,,,39.785889054898036,,#000000
2025-12-31 00:00:00+00:00,44.5020480489,44.7961144457,44.286399358,44.7765100193,347808,0.0,0.0,0.0,0.0,0.0,0.0,0.0,0.0,,44.95259067254611,39.800224006379985,,,,,45.12396884241329,,,,44.95259067254611,,,,,39.800224006379985,,#000000
2026-01-02 00:00:00+00:00,44.3844214902,44.9137410045,44.158970586,44.7373011664,450840,0.0,0.0,0.0,0.0,0.0,0.0,0.0,0.0,,44.93764150796483,39.81851118204629,,,,,45.092824276150104,,,,44.93764150796483,,,,,39.81851118204629,,"rgba(239, 83, 80, 1.0)"
2026-01-05 00:00:00+00:00,43.9825307479,44.3844214902,43.551233366,44.2079816521,808987,0.0,0.0,0.0,0.0,0.0,0.0,0.0,0.0,,44.885214248312714,39.84740262704236,,,,,45.002644903867896,,,,44.885214248312714,,,,,39.84740262704236,,"rgba(239, 83, 80, 1.0)"
2026-01-06 00:00:00+00:00,43.5904422189,44.1168210691,42.816067374,43.7570798437,1004495,0.0,0.0,0.0,0.0,0.0,0.0,0.0,0.0,,44.7981592582857,39.87874107888786,,,,,44.866788115611385,,,,44.7981592582857,,,,,39.87874107888786,,"rgba(239, 83, 80, 1.0)"
2026-01-07 00:00:00+00:00,43.1983536898,43.9494972894,42.816067374,43.8452997628,498377,0.0,0.0,0.0,0.0,0.0,0.0,0.0,0.0,,44.75325780582923,39.893302492231754,,,,,44.800107653866924,,,,44.75325780582923,,,,,39.893302492231754,,"rgba(239, 83, 80, 1.0)"
2026-01-08 00:00:00+00:00,43.3747935279,43.6237697438,42.7866607343,43.1787492633,476947,0.0,0.0,0.0,0.0,0.0,0.0,0.0,0.0,,44.711087444930406,39.906882741000075,,,,,44.7391069610258,,,,44.711087444930406,,,,,39.906882741000075,,"rgba(239, 83, 80, 1.0)"
2026-01-09 00:00:00+00:00,42.4043744184,43.6454326351,42.321055606,43.2669691824,476983,0.0,0.0,0.0,0.0,0.0,0.0,0.0,0.0,,44.658269119298936,39.91846171122964,,,,,44.664772574973234,,,,44.658269119298936,,,,,39.91846171122964,,"rgba(239, 83, 80, 1.0)"
2026-01-12 00:00:00+00:00,43.208155903,43.335584675,42.2867478597,42.2867478597,537668,1.0,43.335587,42.286747,303.0,1.0,43.335587,42.286747,303.0,42.943496145900006,44.60671502034176,39.932093237123006,,,,,44.593815227416236,,,,44.60671502034176,42.943496145900006,,,,39.932093237123006,,"rgba(239, 83, 80, 1.0)"
2026-01-13 00:00:00+00:00,43.4728156601,43.7644315036,43.119935984,43.1983536898,457367,0.0,0.0,0.0,0.0,0.0,0.0,0.0,0.0,43.177410791927045,44.57793000585558,39.94553582969321,,,,,44.55514517452788,,,,,43.177410791927045,,,,39.94553582969321,,"rgba(239, 83, 80, 0.75)"
2026-01-14 00:00:00+00:00,43.5414311527,43.8060909099,43.2179581163,43.4140023808,821867,0.0,0.0,0.0,0.0,0.0,0.0,0.0,0.0,43.333205705871386,44.53263548148299,39.96990848776768,,,,,44.49584798382137,,,,,43.333205705871386,,,,39.96990848776768,,"rgba(239, 83, 80, 0.75)"
2026-01-15 00:00:00+00:00,43.7570798437,44.2079816521,43.6100466453,43.6296510718,441465,0.0,0.0,0.0,0.0,0.0,0.0,0.0,0.0,43.435864565818,44.517451913116844,39.98409107971054,,,,,44.47678567101666,,,,,43.435864565818,,,,39.98409107971054,,"rgba(239, 83, 80, 0.75)"
2026-01-16 00:00:00+00:00,44.6882901002,45.0754775227,43.208155903,43.7325743107,954907,0.0,0.0,0.0,0.0,0.0,0.0,0.0,0.0,43.69978927350367,44.50846557680667,40.01806204348541,,,,,44.467502198153554,,,,,43.69978927350367,,,,40.01806204348541,,#000000
2026-01-20 00:00:00+00:00,43.6100466453,44.6686856738,43.3747935279,44.1099595199,778161,0.0,0.0,0.0,0.0,0.0,0.0,0.0,0.0,43.735801732185045,44.485710357300746,40.04256896312859,,,,,44.44000158701404,,,,,43.735801732185045,,,,40.04256896312859,,#000000
2026-01-21 00:00:00+00:00,44.4236303431,44.5706635415,43.551233366,43.8452997628,792510,0.0,0.0,0.0,0.0,0.0,0.0,0.0,0.0,43.8096929878364,44.474828363494176,40.06911756524558,,,,,44.42816781873492,,,,,43.8096929878364,,,,40.06911756524558,,#000000
2026-01-22 00:00:00+00:00,44.2962015712,45.2176096145,44.2765971447,44.3060037844,726692,0.0,0.0,0.0,0.0,0.0,0.0,0.0,0.0,43.91348976972596,44.478706347271,40.095589928806945,,,,,44.43496999125211,,,,,43.91348976972596,,,,40.095589928806945,,#000000
2026-01-23 00:00:00+00:00,44.6490812473,44.6588834606,44.0021351744,44.3060037844,466062,0.0,0.0,0.0,0.0,0.0,0.0,0.0,0.0,43.9542896139304,44.47786692704561,40.11180747430046,,,,,44.43501361666465,,,,,43.9542896139304,,,,40.11180747430046,,#000000
2026-01-26 00:00:00+00:00,44.3256082109,44.982356497,43.8109920165,44.8451255119,872629,0.0,0.0,0.0,0.0,0.0,0.0,0.0,0.0,44.00763298391322,44.47408428145975,40.141406183485536,,,,,44.432216961350925,,,,,44.00763298391322,,,,40.141406183485536,,#000000
2026-01-27 00:00:00+00:00,45.1784007616,45.3352361732,44.3648170638,44.4432347696,611484,0.0,0.0,0.0,0.0,0.0,0.0,0.0,0.0,44.085646218141804,44.486049304064494,40.1647441841075,,,,,44.44836532941033,,,,,44.085646218141804,,,,40.1647441841075,,"rgba(38, 166, 154, 1.0)"
2026-01-28 00:00:00+00:00,45.5214782245,45.6096981436,44.9235432177,45.413653879,646866,0.0,0.0,0.0,0.0,0.0,0.0,0.0,0.0,44.18664740738302,44.508045223615994,40.191186606708314,,,,,44.47670971091299,,,,,44.18664740738302,,,,40.191186606708314,,"rgba(38, 166, 154, 1.0)"
2026-01-29 00:00:00+00:00,47.8053939063,48.0896580899,45.261719574,45.8057424081,1480295,0.0,0.0,0.0,0.0,0.0,0.0,0.0,0.0,44.629071247464516,44.64787525834632,40.270306894905794,,,,,44.64927882954543,,,,,44.629071247464516,,,,40.270306894905794,,"rgba(38, 166, 154, 1.0)"
2026-01-30 00:00:00+00:00,46.9035902895,48.1288669428,46.8643814366,47.7857894799,742962,0.0,0.0,0.0,0.0,0.0,0.0,0.0,0.0,44.82107861674417,44.71904072508122,40.31075323162319,,,,,44.73548504793607,,,,,44.82107861674417,,,,40.31075323162319,,"rgba(38, 166, 154, 1.0)"
2026-02-02 00:00:00+00:00,47.8446027592,47.9426248915,46.9035902895,46.9035902895,908320,0.0,0.0,0.0,0.0,0.0,0.0,0.0,0.0,45.04272075002196,44.80942899400172,40.361422471927646,,,,,44.84367271520307,,,,,45.04272075002196,,,,40.361422471927646,,"rgba(38, 166, 154, 1.0)"
2026-02-03 00:00:00+00:00,47.7759872666,48.3319688009,47.2564699656,47.8838116121,616634,0.0,0.0,0.0,0.0,0.0,0.0,0.0,0.0,45.18551224325055,44.87232811264371,40.39647878948571,,,,,44.9182043812607,,,,,45.18551224325055,,,,40.39647878948571,,"rgba(38, 166, 154, 1.0)"
2026-02-04 00:00:00+00:00,48.1582735825,48.7169997364,47.7563828402,48.1484713693,637852,0.0,0.0,0.0,0.0,0.0,0.0,0.0,0.0,45.33995178964018,44.94368562944688,40.43444732324236,,,,,45.00220973284921,,,,,45.33995178964018,,,,40.43444732324236,,"rgba(38, 166, 154, 1.0)"
2026-02-05 00:00:00+00:00,48.1092625163,48.6287798174,47.6687510539,48.138669156,567873,0.0,0.0,0.0,0.0,0.0,0.0,0.0,0.0,45.46149663735149,45.003295641401806,40.46761832501695,,,,,45.071806918913595,,,,,45.46149663735149,,,,40.46761832501695,,"rgba(38, 166, 154, 1.0)"
2026-02-06 00:00:00+00:00,49.0208683464,49.4324632798,48.2562957147,48.7169997364,741765,0.0,0.0,0.0,0.0,0.0,0.0,0.0,0.0,45.646447137875256,45.09616476140022,40.51481343509316,,,,,45.179833217614,,,,,45.646447137875256,,,,40.51481343509316,,"rgba(38, 166, 154, 1.0)"
2026-02-09 00:00:00+00:00,48.9130440009,49.3247369564,48.7660108025,48.8444285083,660676,0.0,0.0,0.0,0.0,0.0,0.0,0.0,0.0,45.79968541941546,45.1772712506908,40.55689297624498,,,,,45.27344883529941,,,,,45.79968541941546,,,,40.55689297624498,,"rgba(38, 166, 154, 1.0)"
2026-02-10 00:00:00+00:00,49.5795945003,49.8638586839,48.9620550671,48.9620550671,596403,0.0,0.0,0.0,0.0,0.0,0.0,0.0,0.0,45.944972744852116,45.25624625077229,40.59660415438397,,,,,45.364212428534096,,,,,45.944972744852116,,,,40.59660415438397,,"rgba(38, 166, 154, 1.0)"
2026-02-11 00:00:00+00:00,49.9912874559,50.648035742,49.6384077797,49.9912874559,741483,0.0,0.0,0.0,0.0,0.0,0.0,0.0,0.0,46.13959301589246,45.364429515720666,40.64892298840315,,,,,45.48806891399161,,,,,46.13959301589246,,,,40.64892298840315,,"rgba(38, 166, 154, 1.0)"
2026-02-12 00:00:00+00:00,49.089483839,50.6970468082,49.0698794126,50.344167132,686956,0.0,0.0,0.0,0.0,0.0,0.0,0.0,0.0,46.28454294289614,45.450806725797655,40.694476491905625,,,,,45.58593881645314,49.618803353266664,,,,46.28454294289614,,,,40.694476491905625,49.618803353266664,"rgba(38, 166, 154, 0.75)"
2026-02-13 00:00:00+00:00,48.5797687512,49.5109790078,48.2268890751,49.4129568755,689043,0.0,0.0,0.0,0.0,0.0,0.0,0.0,0.0,46.38434191894862,45.51710327661063,40.73541702130176,,,,,,49.19503271589556,,,,46.38434191894862,,,,40.73541702130176,49.19503271589556,"rgba(38, 166, 154, 0.75)"
2026-02-17 00:00:00+00:00,48.2857023544,49.1041871588,47.9531132596,48.6091753909,725641,0.0,0.0,0.0,0.0,0.0,0.0,0.0,0.0,46.46796952975702,45.57743123017794,40.7763610632864,,,,,,48.93698720065854,,,,46.46796952975702,,,,40.7763610632864,48.93698720065854,"rgba(38, 166, 154, 0.75)"
2026-02-18 00:00:00+00:00,47.4329098037,48.3788233801,47.3446898847,48.2464935015,713779,0.0,0.0,0.0,0.0,0.0,0.0,0.0,0.0,46.5159259538055,45.619931924293546,40.812427399294485,,,,,,48.62814828421477,,,,46.5159259538055,,,,40.812427399294485,48.62814828421477,"rgba(38, 166, 154, 0.75)"
2026-02-19 00:00:00+00:00,46.1390176578,47.3005799251,46.0311933123,47.1486456201,796459,0.0,0.0,0.0,0.0,0.0,0.0,0.0,0.0,46.51487314768965,45.63878900107564,40.845151049385535,,,,,,48.15672110078533,,,,46.51487314768965,,,,40.845151049385535,48.15672110078533,#000000
2026-02-20 00:00:00+00:00,46.883985863,47.0163157416,45.9037645404,46.2272375768,674704,0.0,0.0,0.0,0.0,0.0,0.0,0.0,0.0,46.517777786781,45.65613787068986,40.87311829674626,,,,,,47.91190799044422,,,,46.517777786781,,,,40.87311829674626,47.91190799044422,#000000
2026-02-23 00:00:00+00:00,47.3446898847,47.8151961195,46.6291283191,46.8545792233,540692,0.0,0.0,0.0,0.0,0.0,0.0,0.0,0.0,46.537310196056275,45.67901645397157,40.8979013974781,,,,,,47.8392258146093,,,,46.537310196056275,,,,40.8979013974781,47.8392258146093,#000000
2026-02-24 00:00:00+00:00,48.050449237,48.1778780089,47.3544920979,47.5995474286,504790,0.0,0.0,0.0,0.0,0.0,0.0,0.0,0.0,46.568925357419126,45.70763941995665,40.92302329077053,,,,,,47.841281490090495,,,,46.568925357419126,,,,40.92302329077053,47.841281490090495,#000000
2026-02-25 00:00:00+00:00,48.3151089941,48.3935266999,47.6877673476,48.0406470238,534776,0.0,0.0,0.0,0.0,0.0,0.0,0.0,0.0,46.607504668858894,45.74087196080943,40.950473120678936,,,,,,47.867793398973916,,,,46.607504668858894,,,,40.950473120678936,47.867793398973916,"rgba(38, 166, 154, 0.5)"
2026-02-26 00:00:00+00:00,49.0600771993,49.2757258903,48.1778780089,48.3053067809,413467,0.0,0.0,0.0,0.0,0.0,0.0,0.0,0.0,46.649266370898104,45.773349054977885,40.973624945781346,,,,,,47.93166041390768,,,,46.649266370898104,,,,40.973624945781346,47.93166041390768,"rgba(38, 166, 154, 1.0)"
2026-02-27 00:00:00+00:00,49.3394402763,49.7449970227,48.4491937597,48.9239919019,733611,-1.0,49.744995,48.449192,0.0,0.0,0.0,0.0,0.0,46.73057019498732,45.83553732551393,41.01613173022689,,,49.17787701956667,,,48.062006706848955,,,,46.73057019498732,,,,41.01613173022689,48.062006706848955,"rgba(38, 166, 154, 1.0)"
2026-03-02 00:00:00+00:00,49.1317160891,49.670809813,47.7765630582,49.151499345,902711,0.0,0.0,0.0,0.0,0.0,0.0,0.0,0.0,46.811603139786556,45.90201650204096,41.06582020380772,,,49.00234603153604,,,48.15296501605701,,,,46.811603139786556,,,,41.06582020380772,48.15296501605701,"rgba(38, 166, 154, 1.0)"
2026-03-03 00:00:00+00:00,48.3799523639,48.5481100393,47.1138239848,47.7864546862,1193705,0.0,0.0,0.0,0.0,0.0,0.0,0.0,0.0,46.869215780045906,45.96167434537218,41.12354151529805,,,48.58544583730507,,,48.13475180445616,,,,46.869215780045906,,,,41.12354151529805,48.13475180445616,"rgba(38, 166, 154, 1.0)"
2026-03-04 00:00:00+00:00,48.2019030606,48.7311051566,47.7864546862,48.4986518995,623697,0.0,0.0,0.0,0.0,0.0,0.0,0.0,0.0,46.90269178572866,45.99480882487607,41.154296544992235,,,48.523030544642516,,,48.141483991971285,,,,46.90269178572866,,,,41.154296544992235,48.141483991971285,"rgba(38, 166, 154, 0.5)"
2026-03-05 00:00:00+00:00,46.5401095629,47.7765630582,46.253252352,47.7073216625,792447,0.0,0.0,0.0,0.0,0.0,0.0,0.0,0.0,46.901305744059925,46.010446266695276,41.185437719760955,,,48.212038624088464,,,48.04475938443719,,,,46.901305744059925,,,,41.185437719760955,48.04475938443719,#000000
2026-03-06 00:00:00+00:00,45.996070025,46.2235774681,45.1256067643,45.6102965345,634498,0.0,0.0,0.0,0.0,0.0,0.0,0.0,0.0,46.87496011609774,46.00717138895806,41.20544814526339,,,47.896095795150536,,,47.916108088352566,,,,46.87496011609774,,,,41.20544814526339,47.916108088352566,"rgba(239, 83, 80, 1.0)"
2026-03-09 00:00:00+00:00,45.7092128141,45.8674788615,44.690375134,45.4124639752,637382,0.0,0.0,0.0,0.0,0.0,0.0,0.0,0.0,46.84141468350515,45.99887814312615,41.22380993796773,,,47.610357683809085,,,47.7813882445835,,,,46.84141468350515,,,,41.22380993796773,47.7813882445835,"rgba(239, 83, 80, 1.0)"
2026-03-10 00:00:00+00:00,46.5005430511,46.6736465404,45.461922115,45.481705371,476903,0.0,0.0,0.0,0.0,0.0,0.0,0.0,0.0,46.83072444474539,46.00111612090313,41.24000881363893,,,47.49912026367876,,,47.72041779317844,,,,46.83072444474539,,,,41.24000881363893,47.72041779317844,"rgba(239, 83, 80, 1.0)"
2026-03-11 00:00:00+00:00,47.0643658449,47.4699225914,46.1197153745,46.2037942122,606849,0.0,0.0,0.0,0.0,0.0,0.0,0.0,0.0,46.83186569059978,46.012764642577984,41.26323810800761,,,47.442638757030785,,,47.68104738223548,,,,46.83186569059978,,,,41.26323810800761,47.68104738223548,"rgba(239, 83, 80, 1.0)"
2026-03-12 00:00:00+00:00,46.3917351435,46.8121293319,45.8476956056,46.3620602596,796622,0.0,0.0,0.0,0.0,0.0,0.0,0.0,0.0,46.81885884556513,46.01851057990989,41.29057290988575,,,47.32504537641874,,,47.603560129558666,,,,46.81885884556513,,,,41.29057290988575,47.603560129558666,"rgba(239, 83, 80, 1.0)"
2026-03-13 00:00:00+00:00,46.3126021198,47.0940407288,46.1939025843,46.6983756103,674105,0.0,0.0,0.0,0.0,0.0,0.0,0.0,0.0,46.81248003502502,46.025819235884214,41.3143035950713,,,47.25894782247687,,,47.55330367678994,,,,46.81248003502502,,,,41.3143035950713,47.55330367678994,"rgba(239, 83, 80, 1.0)"
2026-03-16 00:00:00+00:00,45.738887698,47.9249374777,45.72899607,47.311656544,800692,-1.0,47.92494,45.728996,0.0,0.0,0.0,0.0,0.0,46.80347335582044,46.03308747669351,41.3418426650911,,46.464273748566676,47.187238901682676,,,47.495760806657906,,,,46.80347335582044,,,,41.3418426650911,47.495760806657906,"rgba(239, 83, 80, 1.0)"
2026-03-17 00:00:00+00:00,42.4251923306,46.3719518876,42.3608967488,46.2235774681,1604627,0.0,0.0,0.0,0.0,0.0,0.0,0.0,0.0,46.65148141182801,45.95869401464777,41.3670510558379,,44.63308894878619,46.656149648900715,,,47.134161620268486,,,,46.65148141182801,,,,41.3670510558379,47.134161620268486,"rgba(239, 83, 80, 1.0)"
2026-03-18 00:00:00+00:00,40.8722067405,42.1086602358,40.6249160414,41.9405025604,1703744,0.0,0.0,0.0,0.0,0.0,0.0,0.0,0.0,,,41.36521282207416,,43.2104238698153,45.89331034152546,,,46.5867094081455,,,,46.38050640683823,,,,41.36521282207416,46.5867094081455,"rgba(239, 83, 80, 1.0)"
2026-03-19 00:00:00+00:00,41.000797904,42.2471430273,40.3182755746,40.5556746457,1869864,0.0,0.0,0.0,0.0,0.0,0.0,0.0,0.0,,,41.36308269991716,,42.57815723311294,45.267260751442606,,,46.09027088725655,,,,46.11184037111378,,,,41.36308269991716,46.09027088725655,"rgba(239, 83, 80, 1.0)"
2026-03-20 00:00:00+00:00,40.4073002263,41.4953793021,40.0709848756,41.3964630225,2011261,0.0,0.0,0.0,0.0,0.0,0.0,0.0,0.0,,,41.35404435454517,,42.09479409482256,44.690107409238045,,,45.601261920594396,,,,45.82427106435312,,,,41.35404435454517,45.601261920594396,"rgba(239, 83, 80, 1.0)"
2026-03-23 00:00:00+00:00,38.4388662618,40.6001869715,38.3102750982,40.481487436,2137350,0.0,0.0,0.0,0.0,0.0,0.0,0.0,0.0,,,41.323977039929616,,41.46623272198033,44.035556442650574,,,45.03508071641737,,,,45.46835863892013,,,,41.323977039929616,45.03508071641737,"rgba(239, 83, 80, 1.0)"
2026-03-24 00:00:00+00:00,37.7563439324,38.2806002144,37.0045802072,38.1619006788,2350944,0.0,0.0,0.0,0.0,0.0,0.0,0.0,0.0,,,41.27091039487475,,40.753002816020626,43.30856729347645,,,44.39067749781996,,,,45.038909883299425,37.680508118,,,41.27091039487475,44.39067749781996,"rgba(239, 83, 80, 1.0)"
2026-03-25 00:00:00+00:00,37.8354769561,38.4091913779,37.5585113731,37.9937430035,1866150,0.0,0.0,0.0,0.0,0.0,0.0,0.0,0.0,,,41.232776432250745,,40.38631873041179,42.86118617904637,,,43.97083577324993,,,,,37.79285745439038,,,41.232776432250745,43.97083577324993,"rgba(239, 83, 80, 1.0)"
2026-03-26 00:00:00+00:00,38.2608169584,38.4487578897,37.4002453257,37.4694867214,1666037,0.0,0.0,0.0,0.0,0.0,0.0,0.0,0.0,,,41.200493159646406,,40.141812573859134,42.527429526512485,,,43.645226301091945,,,,,37.86188452567134,,,41.200493159646406,43.645226301091945,"rgba(239, 83, 80, 1.0)"
2026-03-27 00:00:00+00:00,37.3507871859,38.112442539,37.1480088127,37.9937430035,2211390,0.0,0.0,0.0,0.0,0.0,0.0,0.0,0.0,,,41.152027902338006,,39.82570775582044,42.10773823118882,,,43.23056665868662,,,,,37.77314912576278,,,41.152027902338006,43.23056665868662,"rgba(239, 83, 80, 1.0)"
2026-03-30 00:00:00+00:00,37.9146099798,38.369624866,37.2617625342,37.7266690485,1445332,0.0,0.0,0.0,0.0,0.0,0.0,0.0,0.0,,,41.12370981074822,,39.68041741132455,41.88582794944179,,,43.00191935092835,,,,,37.78459025134124,,,41.12370981074822,43.00191935092835,"rgba(239, 83, 80, 1.0)"
2026-03-31 00:00:00+00:00,39.0917137073,39.1114969632,38.0135262594,38.4091913779,1254947,0.0,0.0,0.0,0.0,0.0,0.0,0.0,0.0,,,41.106090193891916,,39.62394480284103,41.74962411016194,,,42.85025892976718,,,,,37.89553474355099,,,41.106090193891916,42.85025892976718,"rgba(239, 83, 80, 0.75)"
2026-04-01 00:00:00+00:00,39.1114969632,39.7791818507,39.0125806836,39.3488960343,1081658,0.0,0.0,0.0,0.0,0.0,0.0,0.0,0.0,,,41.09466849334226,,39.60807394615501,41.66156605800412,,,42.74466692858989,,,,,38.02354650437023,,,41.09466849334226,42.74466692858989,"rgba(239, 83, 80, 0.75)"
2026-04-02 00:00:00+00:00,39.7346695248,39.8138025485,38.4982160295,38.6861569608,674006,0.0,0.0,0.0,0.0,0.0,0.0,0.0,0.0,,,41.087811952715576,,39.60037099826391,41.61087576516564,,,42.68285979650198,,,,,38.09472264058697,,,41.087811952715576,42.68285979650198,"rgba(239, 83, 80, 0.75)"
2026-04-06 00:00:00+00:00,40.0907681315,40.1600095272,39.5961867334,39.7346695248,780570,0.0,0.0,0.0,0.0,0.0,0.0,0.0,0.0,,,41.08265549863242,,39.61197102554032,41.56973481072532,,,42.626422380848545,,,,,38.203295164940116,,,41.08265549863242,42.626422380848545,"rgba(239, 83, 80, 0.75)"
2026-04-07 00:00:00+00:00,40.1995760391,40.2787090628,39.7445611528,39.9720685959,1206994,0.0,0.0,0.0,0.0,0.0,0.0,0.0,0.0,,,41.07564451168199,,39.63459392723172,41.514600191187434,,,42.547474556552196,,,,,38.35863053686745,,,41.07564451168199,42.547474556552196,"rgba(239, 83, 80, 0.75)"
2026-04-08 00:00:00+00:00,41.277763487,41.7031034893,40.7238323211,41.1293890675,969379,0.0,0.0,0.0,0.0,0.0,0.0,0.0,0.0,,,41.07652885658694,,39.695109090165964,41.50655640509365,,,42.515655276400956,,,,,38.5384281644704,,,41.07652885658694,42.515655276400956,"rgba(239, 83, 80, 0.75)"
2026-04-09 00:00:00+00:00,41.6041872097,41.7525616292,40.7139406931,41.0799309277,884895,0.0,0.0,0.0,0.0,0.0,0.0,0.0,0.0,,,41.07794288473088,,39.75055842091095,41.5027280090549,,,42.49056810537948,,,,,38.69057571197211,,,41.07794288473088,42.49056810537948,#000000
2026-04-10 00:00:00+00:00,41.5646206979,42.1383351197,41.4854876742,41.6437537216,558931,0.0,0.0,0.0,0.0,0.0,0.0,0.0,0.0,,,41.080011859678514,,39.79140522550486,41.506333547513044,,,42.480300700714196,,,,,38.790777181869316,,,41.080011859678514,42.480300700714196,#000000
2026-04-13 00:00:00+00:00,41.7624532571,41.7723448851,40.9315565083,41.3667881386,821752,0.0,0.0,0.0,0.0,0.0,0.0,0.0,0.0,,,41.08191143804225,,39.84139802057601,41.5059326738438,,,42.461017498009674,,,,,38.91552230627191,,,41.08191143804225,42.461017498009674,"rgba(38, 166, 154, 0.5)"
2026-04-14 00:00:00+00:00,42.1680100036,42.3658425628,41.6041872097,41.782236513,745506,0.0,0.0,0.0,0.0,0.0,0.0,0.0,0.0,,,41.08595888522726,,39.89877260075649,41.51689806375722,,,42.453822234989694,,,,,39.041547682096585,,,41.08595888522726,42.453822234989694,"rgba(38, 166, 154, 0.5)"
2026-04-15 00:00:00+00:00,42.049310468,42.4004632607,41.9602858164,41.9602858164,769327,-1.0,42.400463,41.960285,0.0,-1.0,42.400463,41.960285,0.0,,,41.0904913124879,42.13668651503333,39.95730283231068,41.529617372332126,,,42.44824784282718,42.13668651503333,,,,39.165002490355704,,,41.0904913124879,42.44824784282718,"rgba(38, 166, 154, 1.0)"
2026-04-16 00:00:00+00:00,41.1986304633,42.2619804692,41.000797904,42.2619804692,652005,0.0,0.0,0.0,0.0,0.0,0.0,0.0,0.0,,,41.09193607943396,41.83871953634463,39.99047697939662,41.52889115406982,,,,41.83871953634463,,,,39.240933096196905,,,41.09193607943396,42.43414053188539,"rgba(38, 166, 154, 0.5)"
2026-04-17 00:00:00+00:00,41.5052709301,41.8315957366,41.1590639514,41.539891628,615508,0.0,0.0,0.0,0.0,0.0,0.0,0.0,0.0,,,41.09332978158776,41.735952752135795,40.0207312748145,41.528410765548195,,,,41.735952752135795,,,,39.308537886382695,,,41.09332978158776,42.42135499050027,"rgba(38, 166, 154, 0.5)"
2026-04-20 00:00:00+00:00,41.1788472073,41.9683969513,41.1293890675,41.3272216268,601150,0.0,0.0,0.0,0.0,0.0,0.0,0.0,0.0,,,41.094437947120966,41.66521632945928,40.047725997437425,41.52683953758257,,,,41.66521632945928,,,,39.36869148522038,,,41.094437947120966,42.40823770802908,"rgba(38, 166, 154, 0.5)"
2026-04-21 00:00:00+00:00,40.3281672026,41.5151625581,40.2391425509,41.2283053471,694202,0.0,0.0,0.0,0.0,0.0,0.0,0.0,0.0,,,41.09290197390342,41.46291375352002,40.06175911073494,41.51240661023372,,,,41.46291375352002,,,,39.41080189040982,,,41.09290197390342,42.38255476437236,#000000
2026-04-22 00:00:00+00:00,39.5862951054,41.000797904,39.3785709182,40.4468667381,790061,0.0,0.0,0.0,0.0,0.0,0.0,0.0,0.0,,,41.088100139635216,41.18034166646344,40.05999411141786,41.48292786212623,,,,41.18034166646344,,,,39.4309628849909,,,41.088100139635216,42.34241551958362,"rgba(239, 83, 80, 0.5)"
2026-04-23 00:00:00+00:00,39.962176968,40.1995760391,39.7247778969,39.7643444087,487117,0.0,0.0,0.0,0.0,0.0,0.0,0.0,0.0,,,41.085089767571965,41.05160634397438,40.058561309680904,41.46500333430162,,,,41.05160634397438,,,,39.442151269877556,,,41.085089767571965,42.31806144222331,"rgba(239, 83, 80, 0.5)"
2026-04-24 00:00:00+00:00,40.4270834822,40.466649994,39.6753197571,39.9028272002,618929,0.0,0.0,0.0,0.0,0.0,0.0,0.0,0.0,,,41.08205821032134,40.949571536861775,40.06095710303918,41.446185909029424,,,,40.949571536861775,,,,39.46163474278331,,,41.08205821032134,42.29074666501225,"rgba(239, 83, 80, 0.5)"
2026-04-27 00:00:00+00:00,40.1006597594,41.0997141836,39.9325020841,40.7139406931,1046103,0.0,0.0,0.0,0.0,0.0,0.0,0.0,0.0,,,41.07805008602069,40.85421350435128,40.07044345775127,41.42018573624608,,,,40.85421350435128,,,,39.50028374248641,,,41.07805008602069,42.25012987549905,"rgba(239, 83, 80, 0.5)"
2026-04-28 00:00:00+00:00,39.3488960343,40.1797927831,39.3192211504,40.1006597594,740020,0.0,0.0,0.0,0.0,0.0,0.0,0.0,0.0,,,41.072188742174674,40.723579082009294,40.06101229671105,41.38965601459093,,,,40.723579082009294,,,,39.503636675085296,,,41.072188742174674,42.21115361385015,"rgba(239, 83, 80, 0.5)"
2026-04-29 00:00:00+00:00,35.1053876384,39.7643444087,33.8095843754,39.7643444087,5885404,0.0,0.0,0.0,0.0,0.0,0.0,0.0,0.0,,,40.92246543623659,38.67180820074639,39.517804938198466,40.7772294069236,,,,38.67180820074639,,,,38.88973894661442,36.226438807499996,,40.92246543623659,41.581041115687356,"rgba(239, 83, 80, 1.0)"
2026-04-30 00:00:00+00:00,36.5990234608,36.9353388115,35.2636536858,35.3230034536,2386540,0.0,0.0,0.0,0.0,0.0,0.0,0.0,0.0,,,40.86484597290709,38.29620913367395,39.341157390020705,40.570206384894085,,,,38.29620913367395,,,,,36.23785414871003,,40.86484597290709,41.36341230828463,"rgba(239, 83, 80, 1.0)"
2026-05-01 00:00:00+00:00,37.0045802072,37.2914374181,36.0352006669,36.7375062522,2193280,0.0,0.0,0.0,0.0,0.0,0.0,0.0,0.0,,,40.81888232084698,38.10559363627015,39.21923493515338,40.416706760545125,,,,38.10559363627015,,,,,36.35086247081469,,40.81888232084698,41.19708667521445,"rgba(239, 83, 80, 1.0)"
2026-05-04 00:00:00+00:00,36.6880481124,37.0243634631,35.9857425271,36.5990234608,1806020,0.0,0.0,0.0,0.0,0.0,0.0,0.0,0.0,,,40.779867306229626,37.961422098290384,39.11926553939566,40.29253111749521,,,,37.961422098290384,,,,,36.38253289080241,,40.779867306229626,41.062803858633636,"rgba(239, 83, 80, 1.0)"
2026-05-05 00:00:00+00:00,37.588186257,37.7068857925,36.5990234608,36.5990234608,1066472,0.0,0.0,0.0,0.0,0.0,0.0,0.0,0.0,,,40.7611068904217,37.926659797691414,39.07962538817715,40.23657333522181,,,,37.926659797691414,,,,,36.45573537853722,,40.7611068904217,40.99942642664053,"rgba(239, 83, 80, 1.0)"
2026-05-06 00:00:00+00:00,39.0818220793,39.2203048708,38.0530927712,38.0629843992,2099293,0.0,0.0,0.0,0.0,0.0,0.0,0.0,0.0,,,40.74036873077645,38.0069246739683,39.067523979185516,40.18507554067277,,,,38.0069246739683,,,,,36.77250416892359,,40.74036873077645,40.92840190335484,"rgba(239, 83, 80, 0.5)"
2026-05-07 00:00:00+00:00,38.7158318447,39.2400881267,38.4883244016,39.160955103,998731,0.0,0.0,0.0,0.0,0.0,0.0,0.0,0.0,,,40.73080209832268,38.04132948202065,39.06267803790946,40.16232969452377,,,,38.04132948202065,,,,,36.89660277037569,,40.73080209832268,40.896633619966615,"rgba(239, 83, 80, 0.5)"
2026-05-08 00:00:00+00:00,38.5674574253,38.893881148,37.9739597475,38.893881148,724936,0.0,0.0,0.0,0.0,0.0,0.0,0.0,0.0,,,40.72270898155632,38.054436850263144,39.05465964737176,40.142282984268434,,,,38.054436850263144,,,,,36.96342563418463,,40.72270898155632,40.8705365915292,"rgba(239, 83, 80, 0.5)"
2026-05-11 00:00:00+00:00,39.0917137073,39.4527581279,38.5773490532,38.626807193,1108295,0.0,0.0,0.0,0.0,0.0,0.0,0.0,0.0,,,40.71351920254735,38.09766551838035,39.054370852879444,40.12259034578161,,,,38.09766551838035,,,,,37.089438734790996,,40.71351920254735,40.8408348521964,#000000
2026-05-12 00:00:00+00:00,40.1501178992,40.2391425509,38.903772776,39.156009289,731077,0.0,0.0,0.0,0.0,0.0,0.0,0.0,0.0,,,40.71011085099711,38.14450370509329,39.06386665600536,40.118415425980686,,,,38.14450370509329,,,,,37.19236279137045,,40.71011085099711,40.829431296745035,#000000
2026-05-13 00:00:00+00:00,40.1699011552,40.3528962725,39.3390044063,40.0858223175,970243,0.0,0.0,0.0,0.0,0.0,0.0,0.0,0.0,,,40.70652432283602,38.209562281922864,39.07939011525299,40.11591026414418,,,,38.209562281922864,,,,,37.32653184681825,,40.70652432283602,40.81729351829028,"rgba(38, 166, 154, 1.0)"
2026-05-14 00:00:00+00:00,39.7841276646,41.0403644159,39.7544527808,40.6348076694,1404709,0.0,0.0,0.0,0.0,0.0,0.0,0.0,0.0,,,40.703021959419154,38.307701898699136,39.10681642612148,40.11757308375798,,,,38.307701898699136,,,,,37.51490741617708,,40.703021959419154,40.805008918584974,"rgba(38, 166, 154, 1.0)"
2026-05-15 00:00:00+00:00,39.2301964987,39.8929355722,38.6762653329,39.2005216149,1240577,0.0,0.0,0.0,0.0,0.0,0.0,0.0,0.0,,,40.69442120297215,38.34784433832444,39.11021503357066,40.10165918674169,,,,38.34784433832444,,,,,37.610989114499404,,40.69442120297215,40.77872899248599,#000000
2026-05-18 00:00:00+00:00,40.4270834822,40.5655662737,39.5170537097,39.5170537097,1037317,0.0,0.0,0.0,0.0,0.0,0.0,0.0,0.0,,,40.69180846898608,38.40947511524379,39.128747632408746,40.102709682175565,,,,38.40947511524379,,,,,37.72321229367246,,40.69180846898608,40.770155893561295,"rgba(38, 166, 154, 1.0)"
2026-05-19 00:00:00+00:00,40.476541622,40.8623151125,39.8236941765,40.3380588305,1183115,0.0,0.0,0.0,0.0,0.0,0.0,0.0,0.0,,,40.69008946055304,38.482951389062,39.15336508746709,40.10762385365059,,,,38.482951389062,,,,,37.850131994318716,,40.69008946055304,40.76410766241152,"rgba(38, 166, 154, 1.0)"
2026-05-20 00:00:00+00:00,41.0799309277,41.257980231,40.2391425509,40.5754579016,1089037,0.0,0.0,0.0,0.0,0.0,0.0,0.0,0.0,,,40.690963345298584,38.56150834536613,39.18352671830507,40.119371184960144,,,,38.56150834536613,,,,,37.976526681662776,,40.690963345298584,40.765468776863905,"rgba(38, 166, 154, 1.0)"
2026-05-21 00:00:00+00:00,41.6932118614,42.3559509349,40.7633988329,41.0304727879,1295855,0.0,0.0,0.0,0.0,0.0,0.0,0.0,0.0,,,40.69655032751555,38.67667800857581,39.23341153950165,40.146488887551556,,,,38.67667800857581,41.60418720973334,,,,38.14922199522359,,40.69655032751555,40.77954100949686,"rgba(38, 166, 154, 1.0)"
2026-05-22 00:00:00+00:00,41.6932118614,42.1185518638,41.5547290699,41.9701774443,1124019,0.0,0.0,0.0,0.0,0.0,0.0,0.0,0.0,,,40.702316039761754,38.77560855475218,39.278288085093415,40.172100394497654,,,,,41.68995326685914,,,,38.29355084135084,,40.702316039761754,40.79401889353761,"rgba(38, 166, 154, 1.0)"
2026-05-26 00:00:00+00:00,41.5448374419,42.326276051,40.9018816244,42.0987686078,1408642,0.0,0.0,0.0,0.0,0.0,0.0,0.0,0.0,,,40.708156253842446,38.88347077378377,39.32809057687112,40.19929883388315,,,,,41.65354437620967,,,,38.44966401815565,,40.708156253842446,40.80809314577536,"rgba(38, 166, 154, 1.0)"
2026-05-27 00:00:00+00:00,41.0997141836,41.6536453495,40.3182755746,41.6536453495,1367515,0.0,0.0,0.0,0.0,0.0,0.0,0.0,0.0,,,40.71015775910918,38.96022444345232,39.36281597642879,40.21436314587121,,,,,41.48782602127102,,,,38.56277953592241,,40.71015775910918,40.81173019315789,"rgba(38, 166, 154, 1.0)"
2026-05-28 00:00:00+00:00,41.6140788377,41.8860986066,40.8009870192,40.9018816244,945490,0.0,0.0,0.0,0.0,0.0,0.0,0.0,0.0,,,40.713315336378095,39.020065987393075,39.39172645425284,40.22957288193378,,,,,41.47949660331087,,,,38.64742991044214,,40.713315336378095,40.818895002954434,"rgba(38, 166, 154, 1.0)"
2026-05-29 00:00:00+00:00,41.53,41.98,40.9833,41.51,998259,0.0,0.0,0.0,0.0,0.0,0.0,0.0,0.0,,,40.716913103838124,39.081778397825296,39.42231743457591,40.24605754352514,,,,,41.48205105949516,,,,38.73348432729986,,40.716913103838124,40.82705226261666,"rgba(38, 166, 154, 1.0)"
2026-06-01 00:00:00+00:00,41.0,42.05,40.91,41.22,981454,0.0,0.0,0.0,0.0,0.0,0.0,0.0,0.0,,,40.7196203004625,39.13527752076627,39.44903634848633,40.259609036636874,,,,,41.46246713166526,,,,38.80804595791073,,40.7196203004625,40.8328077707659,"rgba(38, 166, 154, 0.75)"
2026-06-02 00:00:00+00:00,41.26,41.82,40.71,40.76,860523,0.0,0.0,0.0,0.0,0.0,0.0,0.0,0.0,,,40.72175185399946,39.17896042774234,39.47116055193474,40.27059238118632,,,,,41.44338854675787,,,,38.86857373692735,,40.72175185399946,40.837170426814836,"rgba(38, 166, 154, 0.75)"
2026-06-03 00:00:00+00:00,41.33,41.74,40.61,41.14,1569085,0.0,0.0,0.0,0.0,0.0,0.0,0.0,0.0,,,40.72533558268413,39.252839531935955,39.50934572116039,40.28929557247846,,,,,41.41115841278156,,,,38.97001193206218,,40.72533558268413,40.8442366602532,"rgba(38, 166, 154, 0.75)"
2026-06-04 00:00:00+00:00,41.59,41.77,40.59,41.74,734780,0.0,0.0,0.0,0.0,0.0,0.0,0.0,0.0,,,40.727294506222826,39.287129092501175,39.527569446863566,40.29862171161246,,,,,41.405006279987255,,,,39.01635012104316,,40.727294506222826,40.84821643984624,"rgba(38, 166, 154, 0.75)"
2026-06-05 00:00:00+00:00,41.31,41.89,40.94,41.58,602914,0.0,0.0,0.0,0.0,0.0,0.0,0.0,0.0,,,40.729063894636134,39.31527714857621,39.54277014116211,40.30661687517766,,,,,41.40373811405898,,,,39.05403704536367,,40.729063894636134,40.85186702825258,"rgba(38, 166, 154, 0.75)"
2026-06-08 00:00:00+00:00,40.74,41.925,40.63,41.63,780106,0.0,0.0,0.0,0.0,0.0,0.0,0.0,0.0,,,40.73035459930629,39.34577551450425,39.55911272079382,40.31411897342611,,,,,41.384931986150974,,,,39.09535903045157,,40.73035459930629,40.85403694592803,"rgba(38, 166, 154, 0.75)"
2026-06-09 00:00:00+00:00,41.19,41.41,40.47,41.05,1029057,0.0,0.0,0.0,0.0,0.0,0.0,0.0,0.0,,,40.73169924422651,39.38279111230783,39.579127366172024,40.322874484733916,,,,,41.357766429010866,,,,39.1454311658425,,40.73169924422651,40.855980535204615,"rgba(38, 166, 154, 0.75)"
2026-06-10 00:00:00+00:00,41.31,41.68,40.99,41.28,828082,0.0,0.0,0.0,0.0,0.0,0.0,0.0,0.0,,,40.73388850565659,39.41670409898161,39.59814039390009,40.33274838159541,,,,,41.35599350173064,,,,39.19008394527748,,40.73388850565659,40.86028905812681,"rgba(38, 166, 154, 0.75)"
2026-06-11 00:00:00+00:00,40.46,41.915,40.41,41.58,1374565,0.0,0.0,0.0,0.0,0.0,0.0,0.0,0.0,,,40.73506895725698,39.45924792682086,39.62173743546279,40.342316939300275,,,,,41.31902281572336,,,,39.247210409748945,,40.73506895725698,40.861307488260486,#000000
2026-06-12 00:00:00+00:00,40.41,41.09,40.31,40.45,826112,0.0,0.0,0.0,0.0,0.0,0.0,0.0,0.0,,,40.73459005488081,39.47827792906716,39.632092280395234,40.344813090956535,,,,,41.2836752442485,,,,39.27347699628358,,40.73459005488081,40.85900763369355,#000000
2026-06-15 00:00:00+00:00,40.52,40.99,40.29,40.74,658772,0.0,0.0,0.0,0.0,0.0,0.0,0.0,0.0,,,40.73420101353743,39.492961754732896,39.640166544473615,40.346744429422465,,,,,41.25776899463293,,,,39.293654106496504,,40.73420101353743,40.85717929613816,#000000
2026-06-16 00:00:00+00:00,40.62,41.0,40.125,40.59,843932,0.0,0.0,0.0,0.0,0.0,0.0,0.0,0.0,,,40.73363826091412,39.51091793049406,39.6501216340659,40.349000257555986,,,,,41.226468357234175,,,,39.31827225876705,,40.73363826091412,40.854710143465624,"rgba(239, 83, 80, 0.5)"
2026-06-17 00:00:00+00:00,39.31,40.6299,39.25,40.31,975026,0.0,0.0,0.0,0.0,0.0,0.0,0.0,0.0,,,40.72937832530278,39.515013888265706,39.651085259344995,40.34220801356352,,,,,41.150488677315025,,,,39.32716699763536,39.72996666666666,40.72937832530278,40.84318370807,"rgba(239, 83, 80, 1.0)"
