date,Close,High,Low,Open,Volume,OB_c0,OB_High_c0,OB_Low_c0,OB_Mitigated_Index_c0,OB,OB_High,OB_Low,OB_Mitigated_Index,aVWAP_OB_bull_c0_284,aVWAP_OB_bull_c0_268,aVWAP_OB_bull_c0_206,aVWAP_OB_bull_c0_149,aVWAP_OB_bull_c0_139,aVWAP_OB_bull_c0_133,aVWAP_OB_bull_c0_81,aVWAP_OB_bull_c0_40,aVWAP_OB_bull_c0_24,aVWAP_QQEMOD_bull_dot_c0_165,aVWAP_QQEMOD_bull_dot_c0_215,aVWAP_QQEMOD_bull_dot_c0_294,aVWAP_QQEMOD_bear_dot_c0_182,aVWAP_QQEMOD_bear_dot_c0_249,aVWAP_QQEMOD_bear_dot_c0_309,aVWAP_price_maxima_minima_valley_c0_1,aVWAP_price_maxima_minima_peak_c0_1,color
2025-03-17 00:00:00+00:00,9.96,9.96,9.96,9.96,1672,0.0,0.0,0.0,0.0,0.0,0.0,0.0,0.0,,,,,,,,,,,,,,,,,,#000000
2025-03-18 00:00:00+00:00,9.96,9.96,9.96,9.96,78,0.0,0.0,0.0,0.0,0.0,0.0,0.0,0.0,,,,,,,,,,,,,,,,,,#000000
2025-03-19 00:00:00+00:00,9.98,9.98,9.95,9.95,2180,0.0,0.0,0.0,0.0,0.0,0.0,0.0,0.0,,,,,,,,,,,,,,,,9.97,,"rgba(38, 166, 154, 0.5)"
2025-03-20 00:00:00+00:00,9.97,10.0,9.96,10.0,312550,0.0,0.0,0.0,0.0,0.0,0.0,0.0,0.0,,,,,,,,,,,,,,,,9.976620489520117,,"rgba(38, 166, 154, 0.5)"
2025-03-21 00:00:00+00:00,9.98,9.98,9.98,9.98,50338,0.0,0.0,0.0,0.0,0.0,0.0,0.0,0.0,,,,,,,,,,,,,,,,9.977086478866038,,"rgba(38, 166, 154, 0.5)"
2025-03-24 00:00:00+00:00,9.97,9.98,9.96,9.98,55997,0.0,0.0,0.0,0.0,0.0,0.0,0.0,0.0,,,,,,,,,,,,,,,,9.976144055351707,,"rgba(38, 166, 154, 0.5)"
2025-03-25 00:00:00+00:00,9.97,9.97,9.96,9.965,420635,0.0,0.0,0.0,0.0,0.0,0.0,0.0,0.0,,,,,,,,,,,,,,,,9.971407781870024,,"rgba(38, 166, 154, 0.5)"
2025-03-26 00:00:00+00:00,9.97,9.99,9.96,9.97,813052,0.0,0.0,0.0,0.0,0.0,0.0,0.0,0.0,,,,,,,,,,,,,,,,9.97235388948515,,"rgba(38, 166, 154, 0.5)"
2025-03-27 00:00:00+00:00,9.99,9.99,9.97,9.97,78149,0.0,0.0,0.0,0.0,0.0,0.0,0.0,0.0,,,,,,,,,,,,,,,,9.972849031768115,,"rgba(38, 166, 154, 0.5)"
2025-03-28 00:00:00+00:00,9.97,9.9741,9.97,9.9741,5437,0.0,0.0,0.0,0.0,0.0,0.0,0.0,0.0,,,,,,,,,,,,,,,,9.972844395374585,,"rgba(38, 166, 154, 0.5)"
2025-03-31 00:00:00+00:00,10.01,10.01,9.985,10.0,13416,0.0,0.0,0.0,0.0,0.0,0.0,0.0,0.0,,,,,,,,,,,,,,,,9.973065133898174,,"rgba(38, 166, 154, 0.5)"
2025-04-01 00:00:00+00:00,10.01,10.01,10.01,10.01,12,0.0,0.0,0.0,0.0,0.0,0.0,0.0,0.0,,,,,,,,,,,,,,,,9.973065386910504,,"rgba(38, 166, 154, 0.5)"
2025-04-02 00:00:00+00:00,10.01,10.01,10.01,10.01,6,0.0,0.0,0.0,0.0,0.0,0.0,0.0,0.0,,,,,,,,,,,,,,,,9.973065513415367,,"rgba(38, 166, 154, 0.5)"
2025-04-03 00:00:00+00:00,10.01,10.01,10.01,10.01,12,0.0,0.0,0.0,0.0,0.0,0.0,0.0,0.0,,,,,,,,,,,,,,,,9.973065766422495,,"rgba(38, 166, 154, 0.5)"
2025-04-04 00:00:00+00:00,10.0,10.0,10.0,10.0,100010,0.0,0.0,0.0,0.0,0.0,0.0,0.0,0.0,,,,,,,,,,,,,,,,9.97452040592348,,"rgba(38, 166, 154, 0.5)"
2025-04-07 00:00:00+00:00,10.04,10.04,10.04,10.04,198,0.0,0.0,0.0,0.0,0.0,0.0,0.0,0.0,,,,,,,,,,,,,,,,9.974527406471879,,"rgba(38, 166, 154, 0.5)"
2025-04-08 00:00:00+00:00,10.04,10.04,10.04,10.04,23,0.0,0.0,0.0,0.0,0.0,0.0,0.0,0.0,,,,,,,,,,,,,,,,9.974528219569857,,"rgba(38, 166, 154, 0.5)"
2025-04-09 00:00:00+00:00,10.04,10.04,10.04,10.04,2600,0.0,0.0,0.0,0.0,0.0,0.0,0.0,0.0,,,,,,,,,,,,,,,,9.974620004996545,,"rgba(38, 166, 154, 0.5)"
2025-04-10 00:00:00+00:00,10.01,10.02,10.01,10.02,884,0.0,0.0,0.0,0.0,0.0,0.0,0.0,0.0,,,,,,,,,,,,,,,,9.974638448866495,,"rgba(38, 166, 154, 0.5)"
2025-04-11 00:00:00+00:00,10.01,10.01,10.01,10.01,77908,0.0,0.0,0.0,0.0,0.0,0.0,0.0,0.0,,,,,,,,,,,,,,,,9.976063367533753,,"rgba(38, 166, 154, 0.5)"
2025-04-14 00:00:00+00:00,10.05,10.05,10.04,10.04,9425,0.0,0.0,0.0,0.0,0.0,0.0,0.0,0.0,,,,,,,,,,,,,,,,9.976405875838294,,"rgba(38, 166, 154, 0.5)"
2025-04-15 00:00:00+00:00,10.03,10.03,10.03,10.03,402,0.0,0.0,0.0,0.0,0.0,0.0,0.0,0.0,,,,,,,,,,,,,,,,9.976416962942528,,"rgba(38, 166, 154, 0.5)"
2025-04-16 00:00:00+00:00,10.0,10.02,10.0,10.02,622,0.0,0.0,0.0,0.0,0.0,0.0,0.0,0.0,,,,,,,,,,,,,,,,9.976426642319868,,"rgba(38, 166, 154, 0.5)"
2025-04-17 00:00:00+00:00,10.0,10.0,10.0,10.0,4,0.0,0.0,0.0,0.0,0.0,0.0,0.0,0.0,,,,,,,,,,,,,,,,9.976426690828212,,"rgba(38, 166, 154, 0.5)"
2025-04-21 00:00:00+00:00,10.0,10.0,9.99,9.99,205,1.0,10.0,9.99,0.0,0.0,0.0,0.0,0.0,,,,,,,,,9.996666666666668,,,,,,,9.976428825116443,,#000000
2025-04-22 00:00:00+00:00,10.015,10.015,10.0,10.0,125718,0.0,0.0,0.0,0.0,0.0,0.0,0.0,0.0,,,,,,,,,10.009978293613292,,,,,,,9.978467928232089,,#000000
2025-04-23 00:00:00+00:00,10.01,10.01,10.01,10.01,1147,0.0,0.0,0.0,0.0,0.0,0.0,0.0,0.0,,,,,,,,,10.009978489546443,,,,,,,9.978485392504814,,#000000
2025-04-24 00:00:00+00:00,10.02,10.03,10.01,10.02,18457,0.0,0.0,0.0,0.0,0.0,0.0,0.0,0.0,,,,,,,,,10.011249504673817,,,,,,,9.978852119736553,,#000000
2025-04-25 00:00:00+00:00,10.04,10.045,10.02,10.02,324130,0.0,0.0,0.0,0.0,0.0,0.0,0.0,0.0,,,,,,,,,10.027640717942385,,,,,,,9.98639265598709,,"rgba(38, 166, 154, 0.5)"
2025-04-28 00:00:00+00:00,10.03,10.03,10.02,10.02,31794,0.0,0.0,0.0,0.0,0.0,0.0,0.0,0.0,,,,,,,,,10.027578959193752,,,,,,,9.986916299767186,,"rgba(38, 166, 154, 0.5)"
2025-04-29 00:00:00+00:00,10.04,10.04,10.03,10.03,78421,0.0,0.0,0.0,0.0,0.0,0.0,0.0,0.0,,,,,,,,,10.028807966815664,,,,,,,9.988462214120462,,"rgba(38, 166, 154, 0.5)"
2025-04-30 00:00:00+00:00,10.03,10.04,10.03,10.03,178289,0.0,0.0,0.0,0.0,0.0,0.0,0.0,0.0,,,,,,,,,10.029872151165781,,,,,,,9.99142297089228,,"rgba(38, 166, 154, 0.5)"
2025-05-01 00:00:00+00:00,10.04,10.045,10.0388,10.0388,81906,0.0,0.0,0.0,0.0,0.0,0.0,0.0,0.0,,,,,,,,,10.030983109204383,,,,,,,9.99288942376482,,"rgba(38, 166, 154, 0.5)"
2025-05-02 00:00:00+00:00,10.07,10.07,10.05,10.05,70530,0.0,0.0,0.0,0.0,0.0,0.0,0.0,0.0,,,,,,,,,10.03348878548908,,,,,,,9.994630003126103,,"rgba(38, 166, 154, 0.5)"
2025-05-05 00:00:00+00:00,10.07,10.07,10.07,10.07,1002,0.0,0.0,0.0,0.0,0.0,0.0,0.0,0.0,,,,,,,,,10.033528917429702,,,,,,,9.994656450971044,,"rgba(38, 166, 154, 0.5)"
2025-05-06 00:00:00+00:00,10.07,10.07,10.07,10.07,1907,0.0,0.0,0.0,0.0,0.0,0.0,0.0,0.0,,,,,,,,,10.033605053059313,,,,,,,9.994706735095653,,"rgba(38, 166, 154, 0.5)"
2025-05-07 00:00:00+00:00,10.1,10.1,10.04,10.04,1904,0.0,0.0,0.0,0.0,0.0,0.0,0.0,0.0,,,,,,,,,10.033701551872932,,,,,,,9.99476353224191,,"rgba(38, 166, 154, 0.5)"
2025-05-08 00:00:00+00:00,10.1,10.1,10.1,10.1,305,0.0,0.0,0.0,0.0,0.0,0.0,0.0,0.0,,,,,,,,,10.03372363410013,,,,,,,9.99477475668004,,"rgba(38, 166, 154, 0.5)"
2025-05-09 00:00:00+00:00,10.1,10.1,10.1,10.1,0,0.0,0.0,0.0,0.0,0.0,0.0,0.0,0.0,,,,,,,,,10.03372363410013,,,,,,,9.99477475668004,,"rgba(38, 166, 154, 0.5)"
2025-05-12 00:00:00+00:00,10.1,10.1,10.1,10.1,0,0.0,0.0,0.0,0.0,0.0,0.0,0.0,0.0,,,,,,,,,10.03372363410013,,,,,,,9.99477475668004,,"rgba(38, 166, 154, 0.5)"
2025-05-13 00:00:00+00:00,10.05,10.05,10.05,10.05,130491,1.0,10.05,10.05,0.0,0.0,0.0,0.0,0.0,,,,,,,,10.05,10.03575374983512,,,,,,,9.997184869776563,,"rgba(38, 166, 154, 0.5)"
2025-05-14 00:00:00+00:00,10.09,10.09,10.075,10.09,53515,0.0,0.0,0.0,0.0,0.0,0.0,0.0,0.0,,,,,,,,10.060179151766791,10.038150187729435,,,,,,,9.99872891499629,,"rgba(38, 166, 154, 0.5)"
2025-05-15 00:00:00+00:00,10.09,10.09,10.09,10.09,115,0.0,0.0,0.0,0.0,0.0,0.0,0.0,0.0,,,,,,,,10.060197777548462,10.038155609199919,,,,,,,9.998732363492715,,"rgba(38, 166, 154, 0.5)"
2025-05-16 00:00:00+00:00,10.09,10.09,10.09,10.09,6,0.0,0.0,0.0,0.0,0.0,0.0,0.0,0.0,,,,,,,,10.060198748689764,10.038155892028128,,,,,,,9.998732543407115,,"rgba(38, 166, 154, 0.5)"
2025-05-19 00:00:00+00:00,10.09,10.09,10.09,10.09,0,0.0,0.0,0.0,0.0,0.0,0.0,0.0,0.0,,,,,,,,10.060198748689764,10.038155892028128,,,,,,,9.998732543407115,,"rgba(38, 166, 154, 0.5)"
2025-05-20 00:00:00+00:00,10.09,10.09,10.09,10.09,0,0.0,0.0,0.0,0.0,0.0,0.0,0.0,0.0,,,,,,,,10.060198748689764,10.038155892028128,,,,,,,9.998732543407115,,"rgba(38, 166, 154, 0.5)"
2025-05-21 00:00:00+00:00,10.09,10.09,10.09,10.09,0,0.0,0.0,0.0,0.0,0.0,0.0,0.0,0.0,,,,,,,,10.060198748689764,10.038155892028128,,,,,,,9.998732543407115,,"rgba(38, 166, 154, 0.5)"
2025-05-22 00:00:00+00:00,10.09,10.09,10.09,10.09,0,0.0,0.0,0.0,0.0,0.0,0.0,0.0,0.0,,,,,,,,10.060198748689764,10.038155892028128,,,,,,,9.998732543407115,,"rgba(38, 166, 154, 0.5)"
2025-05-23 00:00:00+00:00,10.09,10.09,10.09,10.09,5,0.0,0.0,0.0,0.0,0.0,0.0,0.0,0.0,,,,,,,,10.060199557925838,10.038156127715945,,,,,,,9.99873269333524,,"rgba(38, 166, 154, 0.5)"
2025-05-27 00:00:00+00:00,10.08,10.085,10.08,10.08,136720,0.0,0.0,0.0,0.0,0.0,0.0,0.0,0.0,,,,,,,,10.06934702500426,10.042966834200385,,,,,,,10.002297853873078,,"rgba(38, 166, 154, 0.5)"
2025-05-28 00:00:00+00:00,10.08,10.08,10.08,10.08,0,0.0,0.0,0.0,0.0,0.0,0.0,0.0,0.0,,,,,,,,10.06934702500426,10.042966834200385,,,,,,,10.002297853873078,,"rgba(38, 166, 154, 0.5)"
2025-05-29 00:00:00+00:00,10.08,10.08,10.08,10.08,1,0.0,0.0,0.0,0.0,0.0,0.0,0.0,0.0,,,,,,,,10.069347058206302,10.04296686414873,,,,,,,10.002297878304425,,"rgba(38, 166, 154, 0.5)"
2025-05-30 00:00:00+00:00,10.08,10.08,10.08,10.08,3000,0.0,0.0,0.0,0.0,0.0,0.0,0.0,0.0,,,,,,,,10.069445741329142,10.043056491670216,,,,,,,10.00237110325724,,"rgba(38, 166, 154, 0.5)"
2025-06-02 00:00:00+00:00,10.08,10.08,10.08,10.08,215,0.0,0.0,0.0,0.0,0.0,0.0,0.0,0.0,,,,,,,,10.069452743457136,10.043062898319032,,,,,,,10.002376345746049,,#000000
2025-06-03 00:00:00+00:00,10.08,10.08,10.08,10.08,26,0.0,0.0,0.0,0.0,0.0,0.0,0.0,0.0,,,,,,,,10.069453589596435,10.043063672925964,,,,,,,10.002376979673448,,#000000
2025-06-04 00:00:00+00:00,10.08,10.08,10.08,10.08,196,0.0,0.0,0.0,0.0,0.0,0.0,0.0,0.0,,,,,,,,10.069459963818396,10.043069511225088,,,,,,,10.002381758177556,,#000000
2025-06-05 00:00:00+00:00,10.08,10.08,10.08,10.08,11,0.0,0.0,0.0,0.0,0.0,0.0,0.0,0.0,,,,,,,,10.069460321327,10.043069838830036,,,,,,,10.002382026341474,,#000000
2025-06-06 00:00:00+00:00,10.095,10.095,10.09,10.09,4676,0.0,0.0,0.0,0.0,0.0,0.0,0.0,0.0,,,,,,,,10.06979964658117,10.043258666347443,,,,,,,10.002515406104918,,"rgba(38, 166, 154, 0.5)"
2025-06-09 00:00:00+00:00,10.09,10.09,10.09,10.09,104,0.0,0.0,0.0,0.0,0.0,0.0,0.0,0.0,,,,,,,,10.069806030531492,10.043262571484268,,,,,,,10.002518259469397,,"rgba(38, 166, 154, 0.5)"
2025-06-10 00:00:00+00:00,10.09,10.09,10.09,10.09,1,0.0,0.0,0.0,0.0,0.0,0.0,0.0,0.0,,,,,,,,10.069806091896043,10.043262609030494,,,,,,,10.00251828690469,,"rgba(38, 166, 154, 0.5)"
2025-06-11 00:00:00+00:00,10.09,10.09,10.09,10.09,1,0.0,0.0,0.0,0.0,0.0,0.0,0.0,0.0,,,,,,,,10.069806153260222,10.04326264657666,,,,,,,10.002518314339966,,"rgba(38, 166, 154, 0.5)"
2025-06-12 00:00:00+00:00,10.1,10.1,10.1,10.1,1399,0.0,0.0,0.0,0.0,0.0,0.0,0.0,0.0,,,,,,,,10.069933970180928,10.043326340805933,,,,,,,10.002561064948573,,"rgba(38, 166, 154, 0.5)"
2025-06-13 00:00:00+00:00,10.1,10.11,10.1,10.11,1015,0.0,0.0,0.0,0.0,0.0,0.0,0.0,0.0,,,,,,,,10.070036234616502,10.043375175404554,,,,,,,10.00259311808069,,"rgba(38, 166, 154, 1.0)"
2025-06-16 00:00:00+00:00,10.1,10.1,10.1,10.1,32,0.0,0.0,0.0,0.0,0.0,0.0,0.0,0.0,,,,,,,,10.070039126793333,10.043376628203193,,,,,,,10.002594094864968,,"rgba(38, 166, 154, 1.0)"
2025-06-17 00:00:00+00:00,10.1,10.1,10.1,10.1,2,0.0,0.0,0.0,0.0,0.0,0.0,0.0,0.0,,,,,,,,10.070039307535847,10.043376719000632,,,,,,,10.002594155913334,,"rgba(38, 166, 154, 1.0)"
2025-06-18 00:00:00+00:00,10.11,10.11,10.11,10.11,125576,0.0,0.0,0.0,0.0,0.0,0.0,0.0,0.0,,,,,,,,10.081017270938025,10.049470943258967,,,,,,,10.006660749055827,,"rgba(38, 166, 154, 1.0)"
2025-06-20 00:00:00+00:00,10.104,10.104,10.104,10.104,191,0.0,0.0,0.0,0.0,0.0,0.0,0.0,0.0,,,,,,,,10.081026870151778,10.049478528802467,,,,,,,10.006666354274033,,"rgba(38, 166, 154, 1.0)"
2025-06-23 00:00:00+00:00,10.12,10.12,10.1122,10.12,2362,0.0,0.0,0.0,0.0,0.0,0.0,0.0,0.0,,,,,,,,10.081213776414453,10.049595173728374,,,,,,,10.006745153416368,,"rgba(38, 166, 154, 1.0)"
2025-06-24 00:00:00+00:00,10.12,10.1286,10.12,10.12,1510,0.0,0.0,0.0,0.0,0.0,0.0,0.0,0.0,,,,,,,,10.081350159666357,10.049675528989951,,,,,,,10.006797955870338,,"rgba(38, 166, 154, 1.0)"
2025-06-25 00:00:00+00:00,10.12,10.12,10.12,10.12,22,0.0,0.0,0.0,0.0,0.0,0.0,0.0,0.0,,,,,,,,10.081352003359411,10.049676652623111,,,,,,,10.006798705831105,,"rgba(38, 166, 154, 1.0)"
2025-06-26 00:00:00+00:00,10.12,10.12,10.12,10.12,12,0.0,0.0,0.0,0.0,0.0,0.0,0.0,0.0,,,,,,,,10.081353008936034,10.04967726549879,,,,,,,10.00679911489643,,"rgba(38, 166, 154, 1.0)"
2025-06-27 00:00:00+00:00,10.12,10.12,10.12,10.12,14,0.0,0.0,0.0,0.0,0.0,0.0,0.0,0.0,,,,,,,,10.081354182042622,10.049677980506916,,,,,,,10.006799592135566,,"rgba(38, 166, 154, 1.0)"
2025-06-30 00:00:00+00:00,10.1362,10.1362,10.1255,10.1255,327,0.0,0.0,0.0,0.0,0.0,0.0,0.0,0.0,,,,,,,,10.081390512806626,10.049697676425168,,,,,,,10.006811981821388,,"rgba(38, 166, 154, 1.0)"
2025-07-01 00:00:00+00:00,10.17,10.17,10.17,10.17,200,0.0,0.0,0.0,0.0,0.0,0.0,0.0,0.0,,,,,,,,10.081428893075906,10.04971514369443,,,,,,,10.006821808517893,,"rgba(38, 166, 154, 1.0)"
2025-07-02 00:00:00+00:00,10.17,10.17,10.17,10.17,4,0.0,0.0,0.0,0.0,0.0,0.0,0.0,0.0,,,,,,,,10.081429660342163,10.049715492988076,,,,,,,10.006822005039751,,"rgba(38, 166, 154, 1.0)"
2025-07-03 00:00:00+00:00,10.14,10.14,10.14,10.14,103,0.0,0.0,0.0,0.0,0.0,0.0,0.0,0.0,,,,,,,,10.081442722416128,10.049722243515799,,,,,,,10.00682613499157,,"rgba(38, 166, 154, 0.75)"
2025-07-07 00:00:00+00:00,10.14,10.14,10.14,10.14,2,0.0,0.0,0.0,0.0,0.0,0.0,0.0,0.0,,,,,,,,10.08144297599097,10.049722374584015,,,,,,,10.006826215182276,,"rgba(38, 166, 154, 0.75)"
2025-07-08 00:00:00+00:00,10.14,10.14,10.14,10.14,456,0.0,0.0,0.0,0.0,0.0,0.0,0.0,0.0,,,,,,,,10.081500733778922,10.049752248205458,,,,,,,10.006844496141994,,"rgba(38, 166, 154, 0.75)"
2025-07-09 00:00:00+00:00,10.14,10.14,10.14,10.14,188,0.0,0.0,0.0,0.0,0.0,0.0,0.0,0.0,,,,,,,,10.081524513042941,10.049764558768004,,,,,,,10.006852031567835,,"rgba(38, 166, 154, 0.5)"
2025-07-10 00:00:00+00:00,10.14,10.14,10.14,10.14,193,0.0,0.0,0.0,0.0,0.0,0.0,0.0,0.0,,,,,,,,10.081548904632537,10.049777193245914,,,,,,,10.006859766516785,,"rgba(38, 166, 154, 0.5)"
2025-07-11 00:00:00+00:00,10.13,10.17,10.13,10.17,5200,0.0,0.0,0.0,0.0,0.0,0.0,0.0,0.0,,,,,,,,10.082235558210495,10.050128804852436,,,,,,,10.00707304068621,,"rgba(38, 166, 154, 0.5)"
2025-07-14 00:00:00+00:00,10.13,10.13,10.13,10.13,0,1.0,10.13,10.13,0.0,0.0,0.0,0.0,0.0,,,,,,,,10.082235558210495,10.050128804852436,,,,,,,10.00707304068621,,"rgba(38, 166, 154, 0.5)"
2025-07-15 00:00:00+00:00,10.14,10.14,10.14,10.14,119,0.0,0.0,0.0,0.0,0.0,0.0,0.0,0.0,,,,,,,10.14,10.082250245863692,10.050136533752488,,,,,,,10.007077794376396,,"rgba(38, 166, 154, 0.5)"
2025-07-16 00:00:00+00:00,10.14,10.14,10.14,10.14,2,0.0,0.0,0.0,0.0,0.0,0.0,0.0,0.0,,,,,,,10.14,10.082250492651186,10.050136663638607,,,,,,,10.007077874267445,,"rgba(38, 166, 154, 0.5)"
2025-07-17 00:00:00+00:00,10.14,10.14,10.14,10.14,5,0.0,0.0,0.0,0.0,0.0,0.0,0.0,0.0,,,,,,,10.14,10.082251109610691,10.050136988352268,,,,,,,10.007078073994643,,"rgba(38, 166, 154, 0.5)"
2025-07-18 00:00:00+00:00,10.14,10.14,10.14,10.14,243,0.0,0.0,0.0,0.0,0.0,0.0,0.0,0.0,,,,,,,10.139999999999999,10.082281077962387,10.050152766608255,,,,,,,10.007087780013126,,"rgba(38, 166, 154, 0.5)"
2025-07-21 00:00:00+00:00,10.14,10.14,10.14,10.14,39,0.0,0.0,0.0,0.0,0.0,0.0,0.0,0.0,,,,,,,10.14,10.08228588480152,10.050155298404972,,,,,,,10.007089337637177,,"rgba(38, 166, 154, 0.5)"
2025-07-22 00:00:00+00:00,10.14,10.14,10.14,10.14,15,0.0,0.0,0.0,0.0,0.0,0.0,0.0,0.0,,,,,,,10.14,10.082287733372622,10.050156272134947,,,,,,,10.00708993671363,,"rgba(38, 166, 154, 0.5)"
2025-07-23 00:00:00+00:00,10.14,10.14,10.14,10.14,0,0.0,0.0,0.0,0.0,0.0,0.0,0.0,0.0,,,,,,,10.14,10.082287733372622,10.050156272134947,,,,,,,10.00708993671363,,"rgba(38, 166, 154, 0.5)"
2025-07-24 00:00:00+00:00,10.14,10.14,10.14,10.14,0,0.0,0.0,0.0,0.0,0.0,0.0,0.0,0.0,,,,,,,10.14,10.082287733372622,10.050156272134947,,,,,,,10.00708993671363,,"rgba(38, 166, 154, 0.5)"
2025-07-25 00:00:00+00:00,10.18,10.18,10.14,10.14,550,0.0,0.0,0.0,0.0,0.0,0.0,0.0,0.0,,,,,,,10.155073655361425,10.08238671391562,10.050202553868957,,,,,,,10.007116305591495,,"rgba(38, 166, 154, 0.5)"
2025-07-28 00:00:00+00:00,10.18,10.18,10.18,10.18,9,0.0,0.0,0.0,0.0,0.0,0.0,0.0,0.0,,,,,,,10.155302104548541,10.082388587599059,10.050203397569042,,,,,,,10.007116773062597,,"rgba(38, 166, 154, 1.0)"
2025-07-29 00:00:00+00:00,10.18,10.18,10.18,10.18,3,0.0,0.0,0.0,0.0,0.0,0.0,0.0,0.0,,,,,,,10.155377326565146,10.082389212144221,10.050203678799965,,,,,,,10.007116928885734,,"rgba(38, 166, 154, 1.0)"
2025-07-30 00:00:00+00:00,10.18,10.18,10.18,10.18,164,0.0,0.0,0.0,0.0,0.0,0.0,0.0,0.0,,,,,,,10.158891789962288,10.082423341790323,10.0502190509031,,,,,,,10.007125446789926,,"rgba(38, 166, 154, 1.0)"
2025-07-31 00:00:00+00:00,10.2,10.2,10.18,10.18,5009,0.0,0.0,0.0,0.0,0.0,0.0,0.0,0.0,,,,,,,10.186907004438671,10.0835952631479,10.050734864696445,,,,,,,10.007405236983331,,"rgba(38, 166, 154, 1.0)"
2025-08-01 00:00:00+00:00,10.18,10.18,10.18,10.18,170,0.0,0.0,0.0,0.0,0.0,0.0,0.0,0.0,,,,,,,10.186721449641805,10.083629822719036,10.05075067485218,,,,,,,10.007414038099931,,"rgba(38, 166, 154, 0.75)"
2025-08-04 00:00:00+00:00,10.18,10.18,10.18,10.18,9,0.0,0.0,0.0,0.0,0.0,0.0,0.0,0.0,,,,,,,10.18671190363474,10.083631651652789,10.050751511752631,,,,,,,10.00741450401638,,"rgba(38, 166, 154, 0.75)"
2025-08-05 00:00:00+00:00,10.18,10.18,10.18,10.18,1,0.0,0.0,0.0,0.0,0.0,0.0,0.0,0.0,,,,,,,10.186710844640793,10.083631854863365,10.050751604740903,,,,,,,10.007414555784719,,"rgba(38, 166, 154, 0.75)"
2025-08-06 00:00:00+00:00,10.18,10.18,10.18,10.18,0,0.0,0.0,0.0,0.0,0.0,0.0,0.0,0.0,,,,,,,10.186710844640793,10.083631854863365,10.050751604740903,,,,,,,10.007414555784719,,"rgba(38, 166, 154, 0.5)"
2025-08-07 00:00:00+00:00,10.18,10.18,10.18,10.18,12,0.0,0.0,0.0,0.0,0.0,0.0,0.0,0.0,,,,,,,10.18669816272966,10.083634293323435,10.050752720589708,,,,,,,10.007415177002366,,"rgba(38, 166, 154, 0.5)"
2025-08-08 00:00:00+00:00,10.17,10.17,10.17,10.17,147162,0.0,0.0,0.0,0.0,0.0,0.0,0.0,0.0,,,,,,,10.170690716903783,10.10408760643254,10.062169324996512,,,,,,,10.014288621109735,,"rgba(38, 166, 154, 0.5)"
2025-08-11 00:00:00+00:00,10.17,10.17,10.17,10.17,15336,0.0,0.0,0.0,0.0,0.0,0.0,0.0,0.0,,,,,,,10.17062798098487,10.105675121046456,10.063234536095749,,,,,,,10.01497162318182,,"rgba(38, 166, 154, 0.5)"
2025-08-12 00:00:00+00:00,10.17,10.17,10.17,10.17,2,0.0,0.0,0.0,0.0,0.0,0.0,0.0,0.0,,,,,,,10.17062797354654,10.105675323090548,10.063234673639696,,,,,,,10.014971711862808,,"rgba(38, 166, 154, 0.5)"
2025-08-13 00:00:00+00:00,10.16,10.18,10.16,10.18,65100,0.0,0.0,0.0,0.0,0.0,0.0,0.0,0.0,,,,,,,10.16952568212581,10.111332639301493,10.067397387478387,,,,,,,10.01774458129388,,#000000
2025-08-14 00:00:00+00:00,10.2,10.2,10.2,10.2,7177,0.0,0.0,0.0,0.0,0.0,0.0,0.0,0.0,,,,,,,10.170432731852232,10.112230170320075,10.067983138460281,,,,,,,10.018111125514544,,"rgba(38, 166, 154, 0.5)"
2025-08-15 00:00:00+00:00,10.2,10.2,10.2,10.2,1,0.0,0.0,0.0,0.0,0.0,0.0,0.0,0.0,,,,,,,10.170432854472866,10.112230294110594,10.067983219714728,,,,,,,10.018111176483883,,"rgba(38, 166, 154, 0.5)"
2025-08-18 00:00:00+00:00,10.2,10.2,10.2,10.2,9,0.0,0.0,0.0,0.0,0.0,0.0,0.0,0.0,,,,,,,10.170433958012802,10.112231408209547,10.067983951000244,,,,,,,10.01811163520664,,"rgba(38, 166, 154, 0.5)"
2025-08-19 00:00:00+00:00,10.2,10.2,10.2,10.2,0,0.0,0.0,0.0,0.0,0.0,0.0,0.0,0.0,,,,,,,10.170433958012802,10.112231408209547,10.067983951000244,,,,,,,10.01811163520664,,"rgba(38, 166, 154, 0.5)"
2025-08-20 00:00:00+00:00,10.2,10.2,10.2,10.2,50669,0.0,0.0,0.0,0.0,0.0,0.0,0.0,0.0,,,,,,,10.175567785903418,10.118085250961895,10.071976474144861,,,,,,,10.020658031707294,,"rgba(38, 166, 154, 0.5)"
2025-08-21 00:00:00+00:00,10.2,10.22,10.2,10.21,596,0.0,0.0,0.0,0.0,0.0,0.0,0.0,0.0,,,,,,,10.17563117443337,10.118154690669693,10.07202437090594,,,,,,,10.02068865745012,,"rgba(38, 166, 154, 0.5)"
2025-08-22 00:00:00+00:00,10.18,10.22,10.18,10.21,5434,0.0,0.0,0.0,0.0,0.0,0.0,0.0,0.0,,,,,,,10.175954149263351,10.118688197708407,10.072416411132025,,,,,,,10.020947436213586,,"rgba(38, 166, 154, 0.5)"
2025-08-25 00:00:00+00:00,10.19,10.21,10.19,10.21,250,0.0,0.0,0.0,0.0,0.0,0.0,0.0,0.0,,,,,,,10.175971520523158,10.11871364836455,10.072434882150432,,,,,,,10.020959552936118,,"rgba(38, 166, 154, 0.5)"
2025-08-26 00:00:00+00:00,10.22,10.22,10.22,10.22,154,0.0,0.0,0.0,0.0,0.0,0.0,0.0,0.0,,,,,,,10.175994255185978,10.118734007935108,10.072448394105836,,,,,,,10.02096800707687,,"rgba(38, 166, 154, 0.5)"
2025-08-27 00:00:00+00:00,10.19,10.21,10.19,10.21,281,0.0,0.0,0.0,0.0,0.0,0.0,0.0,0.0,,,,,,,10.176013714278055,10.118762581440095,10.072469144818823,,,,,,,10.020981623044976,,"rgba(38, 166, 154, 0.5)"
2025-08-28 00:00:00+00:00,10.19,10.192,10.19,10.19,59132,0.0,0.0,0.0,0.0,0.0,0.0,0.0,0.0,,,,,,,10.178436337269174,10.12391292154022,10.076483054215363,,,,,,,10.023704415985838,,"rgba(38, 166, 154, 0.5)"
2025-08-29 00:00:00+00:00,10.19,10.19,10.19,10.19,2,0.0,0.0,0.0,0.0,0.0,0.0,0.0,0.0,,,,,,,10.178436401932958,10.123913081645359,10.076483184600118,,,,,,,10.023704506238282,,"rgba(38, 166, 154, 0.5)"
2025-09-02 00:00:00+00:00,10.2,10.2,10.19,10.19,26426,0.0,0.0,0.0,0.0,0.0,0.0,0.0,0.0,,,,,,,10.179690702395238,10.126169712424039,10.07827986506283,,,,,,,10.024935986818074,,"rgba(38, 166, 154, 0.5)"
2025-09-03 00:00:00+00:00,10.2,10.2,10.2,10.2,114,0.0,0.0,0.0,0.0,0.0,0.0,0.0,0.0,,,,,,,10.179696728657753,10.126179590127444,10.078287714416566,,,,,,,10.02494136373625,,"rgba(38, 166, 154, 0.5)"
2025-09-04 00:00:00+00:00,10.21,10.21,10.21,10.21,105,0.0,0.0,0.0,0.0,0.0,0.0,0.0,0.0,,,,,,,10.179705008240086,10.126189917792296,10.078295537111883,,,,,,,10.024946598752898,,"rgba(38, 166, 154, 0.5)"
2025-09-05 00:00:00+00:00,10.21,10.21,10.21,10.21,0,0.0,0.0,0.0,0.0,0.0,0.0,0.0,0.0,,,,,,,10.179705008240086,10.126189917792296,10.078295537111883,,,,,,,10.024946598752898,,"rgba(38, 166, 154, 0.5)"
2025-09-08 00:00:00+00:00,10.21,10.21,10.21,10.21,11001,0.0,0.0,0.0,0.0,0.0,0.0,0.0,0.0,,,,,,,10.180548100477017,10.127258040196544,10.079110015213455,,,,,,,10.025493442664194,,"rgba(38, 166, 154, 0.5)"
2025-09-09 00:00:00+00:00,10.21,10.21,10.21,10.21,111,0.0,0.0,0.0,0.0,0.0,0.0,0.0,0.0,,,,,,,10.180556368210032,10.12726867882231,10.079118181959554,,,,,,,10.02549894384577,,"rgba(38, 166, 154, 0.5)"
2025-09-10 00:00:00+00:00,10.21,10.21,10.21,10.21,115,0.0,0.0,0.0,0.0,0.0,0.0,0.0,0.0,,,,,,,10.180564928985037,10.127279697936961,10.079126641928017,,,,,,,10.025504642922147,,"rgba(38, 166, 154, 0.5)"
2025-09-11 00:00:00+00:00,10.21,10.21,10.21,10.21,72,0.0,0.0,0.0,0.0,0.0,0.0,0.0,0.0,,,,,,,10.18057028624103,10.127286595366867,10.07913193804723,,,,,,,10.025508210860313,,"rgba(38, 166, 154, 0.5)"
2025-09-12 00:00:00+00:00,10.21,10.21,10.21,10.21,112,0.0,0.0,0.0,0.0,0.0,0.0,0.0,0.0,,,,,,,10.180578615875387,10.127297322416268,10.079140175602953,,,,,,,10.025513760712062,,"rgba(38, 166, 154, 0.5)"
2025-09-15 00:00:00+00:00,10.21,10.21,10.21,10.21,1645,0.0,0.0,0.0,0.0,0.0,0.0,0.0,0.0,,,,,,,10.180700416419194,10.127454556020805,10.079261045341404,,,,,,,10.025595235709694,,"rgba(38, 166, 154, 0.5)"
2025-09-16 00:00:00+00:00,10.21,10.21,10.21,10.21,18,0.0,0.0,0.0,0.0,0.0,0.0,0.0,0.0,,,,,,,10.180701743613485,10.127456273203393,10.079262366693237,,,,,,,10.025596126831397,,"rgba(38, 166, 154, 0.5)"
2025-09-17 00:00:00+00:00,10.21,10.21,10.21,10.21,3,0.0,0.0,0.0,0.0,0.0,0.0,0.0,0.0,,,,,,,10.180701964800845,10.127456559393545,10.079262586915945,,,,,,,10.025596275350843,,"rgba(38, 166, 154, 0.5)"
2025-09-18 00:00:00+00:00,10.21,10.21,10.21,10.21,2,0.0,0.0,0.0,0.0,0.0,0.0,0.0,0.0,,,,,,,10.180702112257228,10.127456750185877,10.079262733730673,,,,,,,10.025596374363674,,"rgba(38, 166, 154, 0.5)"
2025-09-19 00:00:00+00:00,10.21,10.21,10.21,10.21,17,0.0,0.0,0.0,0.0,0.0,0.0,0.0,0.0,,,,,,,10.180703365576566,10.12745837188509,10.079263981642537,,,,,,,10.025597215968448,,"rgba(38, 166, 154, 0.5)"
2025-09-22 00:00:00+00:00,10.21,10.21,10.21,10.21,3,0.0,0.0,0.0,0.0,0.0,0.0,0.0,0.0,,,,,,,10.180703586739435,10.127458658060691,10.079264201859804,,,,,,,10.02559736448614,,"rgba(38, 166, 154, 0.5)"
2025-09-23 00:00:00+00:00,10.21,10.21,10.21,10.21,0,0.0,0.0,0.0,0.0,0.0,0.0,0.0,0.0,,,,,,,10.180703586739435,10.127458658060691,10.079264201859804,,,,,,,10.02559736448614,,"rgba(38, 166, 154, 0.5)"
2025-09-24 00:00:00+00:00,10.21,10.21,10.21,10.21,6,0.0,0.0,0.0,0.0,0.0,0.0,0.0,0.0,,,,,,,10.180704029055157,10.127459230405936,10.079264642292115,,,,,,,10.025597661520806,,"rgba(38, 166, 154, 0.5)"
2025-09-25 00:00:00+00:00,10.21,10.21,10.21,10.21,2,1.0,10.21,10.21,0.0,0.0,0.0,0.0,0.0,,,,,,10.21,10.180704176490762,10.12745942118592,10.079264789102227,,,,,,,10.025597760532149,,"rgba(38, 166, 154, 0.5)"
2025-09-26 00:00:00+00:00,10.23,10.23,10.23,10.23,1000,0.0,0.0,0.0,0.0,0.0,0.0,0.0,0.0,,,,,,10.22996007984032,10.18082790881351,10.127577787589646,10.079349376145586,,,,,,,10.025652620759393,,"rgba(38, 166, 154, 1.0)"
2025-09-29 00:00:00+00:00,10.23,10.23,10.23,10.23,15,0.0,0.0,0.0,0.0,0.0,0.0,0.0,0.0,,,,,,10.229960668633236,10.180829760070138,10.127579561005472,10.079350644228555,,,,,,,10.02565344343863,,"rgba(38, 166, 154, 1.0)"
2025-09-30 00:00:00+00:00,10.23,10.23,10.23,10.23,98,0.0,0.0,0.0,0.0,0.0,0.0,0.0,0.0,,,,,,10.22996412556054,10.180841851517275,10.12759114581109,10.07935892851197,,,,,,,10.02565881811329,,"rgba(38, 166, 154, 1.0)"
2025-10-01 00:00:00+00:00,10.23,10.23,10.23,10.23,2,0.0,0.0,0.0,0.0,0.0,0.0,0.0,0.0,,,,,,10.229964189794092,10.180842098219582,10.127591382208408,10.079359097569492,,,,,,,10.025658927797584,,"rgba(38, 166, 154, 1.0)"
2025-10-02 00:00:00+00:00,10.23,10.23,10.23,10.23,354,0.0,0.0,0.0,0.0,0.0,0.0,0.0,0.0,,,,,,10.22997280761387,10.180885725555472,10.12763320734792,10.079389014774526,,,,,,,10.025678340062901,,"rgba(38, 166, 154, 1.0)"
2025-10-03 00:00:00+00:00,10.23,10.23,10.23,10.23,34,1.0,10.23,10.23,0.0,0.0,0.0,0.0,0.0,,,,,10.23,10.22997342192691,10.180889911675978,10.127637222653567,10.079391887552944,,,,,,,10.02568020432363,,"rgba(38, 166, 154, 1.0)"
2025-10-06 00:00:00+00:00,10.24,10.24,10.24,10.24,67016,0.0,0.0,0.0,0.0,0.0,0.0,0.0,0.0,,,,,10.239994929157344,10.239779775543264,10.189391952083946,10.135701012332538,10.08521136689353,,,,,,,10.029466487266983,,"rgba(38, 166, 154, 1.0)"
2025-10-07 00:00:00+00:00,10.23,10.2483,10.23,10.2483,336,0.0,0.0,0.0,0.0,0.0,0.0,0.0,0.0,,,,,10.239975508265811,10.239761819422862,10.189425611065591,10.135737124254094,10.085238773487257,,,,,,,10.029484788225902,,"rgba(38, 166, 154, 0.75)"
2025-10-08 00:00:00+00:00,10.23,10.23,10.23,10.23,0,0.0,0.0,0.0,0.0,0.0,0.0,0.0,0.0,,,,,10.239975508265811,10.239761819422862,10.189425611065591,10.135737124254094,10.085238773487257,,,,,,,10.029484788225902,,"rgba(38, 166, 154, 0.75)"
2025-10-09 00:00:00+00:00,10.23,10.23,10.23,10.23,3,0.0,0.0,0.0,0.0,0.0,0.0,0.0,0.0,,,,,10.239975064179612,10.239761394133023,10.189425872125646,10.135737426975082,10.085239008251563,,,,,,,10.02948494678897,,"rgba(38, 166, 154, 0.75)"
2025-10-10 00:00:00+00:00,10.23,10.23,10.23,10.23,21,0.0,0.0,0.0,0.0,0.0,0.0,0.0,0.0,,,,,10.239971956682982,10.239758418141431,10.189427699451977,10.135739545967557,10.085240651580376,,,,,,,10.02948605672344,,"rgba(38, 166, 154, 0.5)"
2025-10-13 00:00:00+00:00,10.25,10.25,10.25,10.25,9038,0.0,0.0,0.0,0.0,0.0,0.0,0.0,0.0,,,,,10.241157513604017,10.240946362247975,10.190579445318699,10.136834403432234,10.086041701104035,,,,,,,10.030010146935979,,"rgba(38, 166, 154, 0.75)"
2025-10-14 00:00:00+00:00,10.25,10.25,10.25,10.25,1,0.0,0.0,0.0,0.0,0.0,0.0,0.0,0.0,,,,,10.241157629269184,10.240946478439424,10.190579570329069,10.136834523410688,10.08604178930435,,,,,,,10.030010204785556,,"rgba(38, 166, 154, 1.0)"
2025-10-15 00:00:00+00:00,10.25,10.25,10.25,10.25,0,0.0,0.0,0.0,0.0,0.0,0.0,0.0,0.0,,,,,10.241157629269184,10.240946478439424,10.190579570329069,10.136834523410688,10.08604178930435,,,,,,,10.030010204785556,,"rgba(38, 166, 154, 1.0)"
2025-10-16 00:00:00+00:00,10.2699,10.27,10.2699,10.27,9434,0.0,0.0,0.0,0.0,0.0,0.0,0.0,0.0,,,,,10.24431855741726,10.244076981782937,10.192123891115651,10.138152587938908,10.086970319236332,,,,,,,10.030603935427036,,"rgba(38, 166, 154, 1.0)"
2025-10-17 00:00:00+00:00,10.26,10.27,10.25,10.27,14094,1.0,10.27,10.25,0.0,0.0,0.0,0.0,0.0,,,,10.26,10.246529208384594,10.246289139920615,10.1940415820559,10.139928981095306,10.088265795164725,,,,,,,10.031448901080473,,"rgba(38, 166, 154, 1.0)"
2025-10-20 00:00:00+00:00,10.26,10.2658,10.26,10.2658,7014,0.0,0.0,0.0,0.0,0.0,0.0,0.0,0.0,,,,10.26064242941065,10.247539055309947,10.247300815646646,10.194982921861541,10.140807781091402,10.08891047445504,,,,,,,10.031870627501794,,"rgba(38, 166, 154, 1.0)"
2025-10-21 00:00:00+00:00,10.2615,10.2615,10.26,10.26,1893,0.0,0.0,0.0,0.0,0.0,0.0,0.0,0.0,,,,10.260671857745315,10.247773080219927,10.247535807771888,10.195229042723595,10.141040983199938,10.089082712653177,,,,,,,10.03198372172418,,"rgba(38, 166, 154, 0.75)"
2025-10-22 00:00:00+00:00,10.2615,10.2615,10.2615,10.2615,94,0.0,0.0,0.0,0.0,0.0,0.0,0.0,0.0,,,,10.260675228404416,10.247784920503832,10.247547692298406,10.195241308985127,10.141052587817516,10.08909128128535,,,,,,,10.031989346947148,,"rgba(38, 166, 154, 0.75)"
2025-10-23 00:00:00+00:00,10.2615,10.2615,10.2615,10.2615,92,0.0,0.0,0.0,0.0,0.0,0.0,0.0,0.0,,,,10.260678500884117,10.247796489104855,10.247559304390828,10.19525330986627,10.141063943363495,10.089099666781557,,,,,,,10.031994852217528,,"rgba(38, 166, 154, 0.75)"
2025-10-24 00:00:00+00:00,10.2615,10.2615,10.2615,10.2615,20,0.0,0.0,0.0,0.0,0.0,0.0,0.0,0.0,,,,10.260679208859397,10.247799001436123,10.247561826201522,10.195255918178251,10.141066411677123,10.089101489607579,,,,,,,10.031996048980488,,"rgba(38, 166, 154, 0.75)"
2025-10-27 00:00:00+00:00,10.2615,10.2615,10.2615,10.2615,2,0.0,0.0,0.0,0.0,0.0,0.0,0.0,0.0,,,,10.260679279589814,10.247799252618584,10.247562078332413,10.195256178998152,10.141066658502922,10.089101671888061,,,,,,,10.031996168656098,,"rgba(38, 166, 154, 0.75)"
2025-10-28 00:00:00+00:00,10.27,10.27,10.27,10.27,25004,0.0,0.0,0.0,0.0,0.0,0.0,0.0,0.0,,,,10.265513147906166,10.251938880105795,10.251700532332107,10.198762731875846,10.144287727990747,10.091461702002206,,,,,,,10.033537715962108,,"rgba(38, 166, 154, 0.75)"
2025-10-29 00:00:00+00:00,10.27,10.27,10.27,10.27,423,0.0,0.0,0.0,0.0,0.0,0.0,0.0,0.0,,,,10.265552171231187,10.251995673969228,10.25175745324411,10.198819225402064,10.144340835984927,10.091501097756332,,,,,,,10.033563623019148,,"rgba(38, 166, 154, 1.0)"
2025-10-30 00:00:00+00:00,10.27,10.27,10.27,10.27,0,0.0,0.0,0.0,0.0,0.0,0.0,0.0,0.0,,,,10.265552171231187,10.251995673969228,10.25175745324411,10.198819225402064,10.144340835984927,10.091501097756332,,,,,,,10.033563623019148,,"rgba(38, 166, 154, 1.0)"
2025-10-31 00:00:00+00:00,10.27,10.27,10.27,10.27,0,0.0,0.0,0.0,0.0,0.0,0.0,0.0,0.0,,,,10.265552171231187,10.251995673969228,10.25175745324411,10.198819225402064,10.144340835984927,10.091501097756332,,,,,,,10.033563623019148,,"rgba(38, 166, 154, 1.0)"
2025-11-03 00:00:00+00:00,10.27,10.27,10.27,10.27,237,0.0,0.0,0.0,0.0,0.0,0.0,0.0,0.0,,,,10.265573740101896,10.252027338795056,10.251789190591195,10.198850838655353,10.144370571918971,10.091523162956285,,,,,,,10.033578135839425,,"rgba(38, 166, 154, 1.0)"
2025-11-04 00:00:00+00:00,10.27,10.27,10.27,10.27,14,0.0,0.0,0.0,0.0,0.0,0.0,0.0,0.0,,,,10.265575007670751,10.252029205807425,10.25179106191724,10.198852705226562,10.14437232803182,10.09152446621518,,,,,,,10.033578993081095,,"rgba(38, 166, 154, 1.0)"
2025-11-05 00:00:00+00:00,10.27,10.27,10.27,10.27,5,0.0,0.0,0.0,0.0,0.0,0.0,0.0,0.0,,,,10.265575460197987,10.252029872503556,10.25179173015477,10.198853371835401,10.14437295520308,10.091524931660173,,,,,,,10.033579299237328,,"rgba(38, 166, 154, 1.0)"
2025-11-06 00:00:00+00:00,10.27,10.27,10.27,10.27,0,0.0,0.0,0.0,0.0,0.0,0.0,0.0,0.0,,,,10.265575460197987,10.252029872503556,10.25179173015477,10.198853371835401,10.14437295520308,10.091524931660173,,,,,,,10.033579299237328,,"rgba(38, 166, 154, 1.0)"
2025-11-07 00:00:00+00:00,10.27,10.27,10.27,10.27,0,0.0,0.0,0.0,0.0,0.0,0.0,0.0,0.0,,,,10.265575460197987,10.252029872503556,10.25179173015477,10.198853371835401,10.14437295520308,10.091524931660173,,,,,,,10.033579299237328,,"rgba(38, 166, 154, 1.0)"
2025-11-10 00:00:00+00:00,10.39,10.42,10.3,10.33,2072374,0.0,0.0,0.0,0.0,0.0,0.0,0.0,0.0,,,,10.367593170964886,10.362796397554794,10.362707933490897,10.334953302724774,10.296486292501163,10.236176026279118,10.37,,,,,,10.151080027446461,,"rgba(38, 166, 154, 1.0)"
2025-11-11 00:00:00+00:00,10.38,10.41,10.3674,10.4,245462,0.0,0.0,0.0,0.0,0.0,0.0,0.0,0.0,,,,10.369481467663372,10.365098642086602,10.36501764638128,10.339330293398964,10.30309087964673,10.244848090821144,10.371673241592589,,,,,,10.160404395814847,,"rgba(38, 166, 154, 1.0)"
2025-11-12 00:00:00+00:00,10.38,10.39,10.3787,10.38,51393,0.0,0.0,0.0,0.0,0.0,0.0,0.0,0.0,,,,10.369766655473402,10.365464002999461,10.365384454191986,10.340101657675595,10.304307702184456,10.246503269857872,10.371916770941095,,,,,,10.162239721908435,,"rgba(38, 166, 154, 1.0)"
2025-11-13 00:00:00+00:00,10.37,10.375,10.3699,10.375,31441,0.0,0.0,0.0,0.0,0.0,0.0,0.0,0.0,,,,10.369790614948034,10.365540506301654,10.365461899014395,10.340439516899025,10.30492988127528,10.2474144048367,10.371913058826634,,,,,,10.163291106207646,,"rgba(38, 166, 154, 0.75)"
2025-11-14 00:00:00+00:00,10.34,10.37,10.34,10.37,141340,0.0,0.0,0.0,0.0,0.0,0.0,0.0,0.0,,,,10.368710988811362,10.364719934174765,10.364645925930905,10.340878862679165,10.306727572004963,10.250665936539193,10.370694656171036,,,,,,10.167412441775193,,"rgba(38, 166, 154, 0.75)"
2025-11-17 00:00:00+00:00,10.33,10.36,10.33,10.36,34791,0.0,0.0,0.0,0.0,0.0,0.0,0.0,0.0,,,,10.368330562001473,10.364402763927695,10.364329876703206,10.340869032432156,10.307051068394877,10.2513575211609,10.370280228443459,,,,,,10.168345118105988,,"rgba(38, 166, 154, 0.5)"
2025-11-18 00:00:00+00:00,10.32,10.33,10.32,10.33,19994,0.0,0.0,0.0,0.0,0.0,0.0,0.0,0.0,,,,10.36799050870341,10.364102152120088,10.364029959911568,10.340757032810448,10.307141540078096,10.251676322182373,10.369918761242225,,,,,,10.168824968927003,,"rgba(38, 166, 154, 0.5)"
2025-11-19 00:00:00+00:00,10.32,10.32,10.315,10.32,3714,0.0,0.0,0.0,0.0,0.0,0.0,0.0,0.0,,,,10.367920897969013,10.364040006692784,10.363967945858022,10.340730460580613,10.307153079703756,10.251731120093423,10.36984508786549,,,,,,10.168910903034828,,"rgba(38, 166, 154, 0.5)"
2025-11-20 00:00:00+00:00,10.31,10.33,10.31,10.3193,23517,0.0,0.0,0.0,0.0,0.0,0.0,0.0,0.0,,,,10.367469950443674,10.363636179509383,10.363564947826399,10.340551243947159,10.307214788937896,10.252067388334966,10.369368493147553,,,,,,10.169446708073103,,"rgba(38, 166, 154, 0.5)"
2025-11-21 00:00:00+00:00,10.32,10.34,10.315,10.315,1322,0.0,0.0,0.0,0.0,0.0,0.0,0.0,0.0,,,,10.36744895559112,10.363617674164038,10.363546486437423,10.340544735953804,10.307221271640438,10.25208861336171,10.36934615129118,,,,,,10.169478411235291,,"rgba(38, 166, 154, 0.5)"
2025-11-24 00:00:00+00:00,10.3,10.35,10.25,10.35,50014,0.0,0.0,0.0,0.0,0.0,0.0,0.0,0.0,,,,10.36621067455531,10.362485425325051,10.362416096293178,10.3399128268827,10.307123046427101,10.252610372316967,10.368049774049268,,,,,,10.170477099786188,,#000000
2025-11-25 00:00:00+00:00,10.3,10.32,10.295,10.32,44652,0.0,0.0,0.0,0.0,0.0,0.0,0.0,0.0,,,,10.365223577470669,10.361586290849049,10.361518508702522,10.339433697179436,10.30709757367617,10.253114828850844,10.36701474315941,,,,,,10.171389817758273,,#000000
2025-11-26 00:00:00+00:00,10.33,10.34,10.32,10.34,4121,0.0,0.0,0.0,0.0,0.0,0.0,0.0,0.0,,,,10.365171231654072,10.36154076052295,10.361473099446076,10.339421763840022,10.30712290622617,10.253183093671032,10.366958748226502,,,,,,10.171489074789138,,#000000
2025-11-28 00:00:00+00:00,10.3075,10.3075,10.3075,10.3075,532,0.0,0.0,0.0,0.0,0.0,0.0,0.0,0.0,,,,10.365160169659271,10.361530706224034,10.361463062898686,10.339416551832366,10.307122960064772,10.25318931880401,10.366947138714565,,,,,,10.171500061759287,,#000000
2025-12-01 00:00:00+00:00,10.3,10.3,10.3,10.3,9206,0.0,0.0,0.0,0.0,0.0,0.0,0.0,0.0,,,,10.364944605455365,10.361333243279296,10.361265918126275,10.339305498699728,10.307105405396722,10.253281971370393,10.366721701995667,,,,,,10.171679435864698,,#000000
2025-12-02 00:00:00+00:00,10.3,10.3052,10.29,10.3017,48968,0.0,0.0,0.0,0.0,0.0,0.0,0.0,0.0,,,,10.363793876823838,10.360276999052193,10.360211335553434,10.33870152906545,10.306992761858405,10.25375203382993,10.365519485590445,,,,,,10.172613405131898,,#000000
2025-12-03 00:00:00+00:00,10.3,10.3,10.3,10.3,900,0.0,0.0,0.0,0.0,0.0,0.0,0.0,0.0,,,,10.363773607876487,10.360258411078323,10.360192777182455,10.33869102943919,10.306991099238815,10.253760887943365,10.365498302751584,,,,,,10.172630658764012,,"rgba(239, 83, 80, 1.0)"
2025-12-04 00:00:00+00:00,10.3,10.3188,10.29,10.3188,80723,0.0,0.0,0.0,0.0,0.0,0.0,0.0,0.0,,,,10.362087851147153,10.358715535618645,10.358652423704168,10.337841597179613,10.306906372252568,10.254590996456432,10.363735169395275,,,10.302933333333334,,,10.174194601388338,,"rgba(239, 83, 80, 1.0)"
2025-12-05 00:00:00+00:00,10.31,10.32,10.31,10.32,8825,0.0,0.0,0.0,0.0,0.0,0.0,0.0,0.0,,,,10.361940612280119,10.35858239419108,10.35851953241946,10.337778113399903,10.306921009776511,10.254699209825626,10.363580365543923,,,10.303958258513125,,,10.174376933625126,,#000000
2025-12-08 00:00:00+00:00,10.32,10.33,10.32,10.32,2717,0.0,0.0,0.0,0.0,0.0,0.0,0.0,0.0,,,,10.361904749157064,10.35855058460468,10.358487795067168,10.337766603014126,10.306932509900586,10.254738114203201,10.363542343652968,,,10.304528811575354,,,10.17443700593463,,#000000
2025-12-09 00:00:00+00:00,10.3246,10.328,10.32,10.32,1709,0.0,0.0,0.0,0.0,0.0,0.0,0.0,0.0,,,,10.361882731367757,10.358531097353572,10.358468352930467,10.337759806521298,10.306940117063654,10.25476287146202,10.363518979259585,,,10.30488654947113,,,10.174474986545638,,"rgba(38, 166, 154, 0.5)"
2025-12-10 00:00:00+00:00,10.37,10.37,10.3372,10.3372,10195,0.0,0.0,0.0,0.0,0.0,0.0,0.0,0.0,,,,10.361872955502845,10.358532903737348,10.35847036995887,10.337823293169404,10.307076750752204,10.254984170158217,10.363503261551317,,,10.310189147123104,,,10.174753828544468,,"rgba(38, 166, 154, 0.5)"
2025-12-11 00:00:00+00:00,10.37,10.37,10.37,10.37,105,0.0,0.0,0.0,0.0,0.0,0.0,0.0,0.0,,,,10.361873246060112,10.358533302059795,10.358470770258696,10.337824280569757,10.30707844938811,10.254986683369152,10.363503497754223,,,10.310249374404615,,,10.174756866097741,,"rgba(38, 166, 154, 0.5)"
2025-12-12 00:00:00+00:00,10.33,10.38,10.33,10.37,19207,0.0,0.0,0.0,0.0,0.0,0.0,0.0,0.0,,,,10.36177444311462,10.358458376783409,10.358396275827443,10.337873638889512,10.307272979139528,10.25535167561789,10.363392262693846,,,10.315913945735243,,,10.175244706842644,,"rgba(38, 166, 154, 0.5)"
2025-12-15 00:00:00+00:00,10.33,10.33,10.33,10.33,888,0.0,0.0,0.0,0.0,0.0,0.0,0.0,0.0,,,,10.361764901117189,10.358450071823285,10.358387992994249,10.337871607431971,10.307278141132084,10.255365412958914,10.363382066267551,,,10.316014520767503,,,10.17526500793468,,"rgba(38, 166, 154, 0.5)"
2025-12-16 00:00:00+00:00,10.3637,10.3637,10.33,10.33,203,0.0,0.0,0.0,0.0,0.0,0.0,0.0,0.0,,,,10.361764262831512,10.358449672678978,10.358387598181979,10.337872468218727,10.307280487324125,10.255369497772627,10.363381304373588,,,10.316073922443781,,,10.175270321814388,,"rgba(38, 166, 154, 0.5)"
2025-12-17 00:00:00+00:00,10.33,10.35,10.33,10.35,9887,0.0,0.0,0.0,0.0,0.0,0.0,0.0,0.0,,,,10.36168063214757,10.35837912883881,10.358317289245468,10.337869014489137,10.30735460984422,10.255535725103126,10.363290793914055,,,10.317588142110235,,,10.175505703293313,,"rgba(38, 166, 154, 0.5)"
2025-12-18 00:00:00+00:00,10.33,10.33,10.33,10.33,105,0.0,0.0,0.0,0.0,0.0,0.0,0.0,0.0,,,,10.361679511067177,10.358378152838007,10.358316315840417,10.337868775133096,10.307355216440847,10.255537342029735,10.363289596118292,,,10.31759782705627,,,10.175508096108093,,"rgba(38, 166, 154, 0.5)"
2025-12-19 00:00:00+00:00,10.37,10.37,10.37,10.37,36842,0.0,0.0,0.0,0.0,0.0,0.0,0.0,0.0,,,,10.36178155483334,10.358516723356336,10.358455557370629,10.338208083567274,10.307938522107753,10.256402835376537,10.36337325513756,,,10.328861148384537,,,10.176559327504528,,"rgba(38, 166, 154, 0.5)"
2025-12-22 00:00:00+00:00,10.34,10.4,10.33,10.4,183068,0.0,0.0,0.0,0.0,0.0,0.0,0.0,0.0,,,,10.36148775473598,10.358413244220113,10.358355544378142,10.339128372023017,10.310093374184362,10.26003357431973,10.362982025811911,,,10.343221300668972,,,10.181270047094015,,"rgba(38, 166, 154, 0.5)"
2025-12-23 00:00:00+00:00,10.34,10.4,10.34,10.4,812,0.0,0.0,0.0,0.0,0.0,0.0,0.0,0.0,,,,10.361487375787569,10.358413637782611,10.358355952068727,10.339132986574556,10.310103161288541,10.260049628152476,10.362981254424804,,,10.343259648095712,,,10.18129077934206,,"rgba(38, 166, 154, 0.5)"
2025-12-24 00:00:00+00:00,10.34,10.34,10.34,10.34,112,0.0,0.0,0.0,0.0,0.0,0.0,0.0,0.0,,,,10.361486620905922,10.358413007855425,10.358355324396978,10.339133013013722,10.310103969958886,10.260051399066313,10.36298043448644,,,10.343258620851364,,,10.181293318596726,,"rgba(38, 166, 154, 0.5)"
2025-12-26 00:00:00+00:00,10.34,10.34,10.34,10.34,110,0.0,0.0,0.0,0.0,0.0,0.0,0.0,0.0,,,,10.36148587955593,10.35841238921889,10.358354707975433,10.33913303897919,10.310104764146109,10.260053138280329,10.36297962924678,,,10.34325761258068,,,10.181295812428472,,#000000
2025-12-29 00:00:00+00:00,10.34,10.34,10.34,10.34,1029,0.0,0.0,0.0,0.0,0.0,0.0,0.0,0.0,,,,10.361478947040554,10.358406604167929,10.358348943636608,10.33913328179904,10.310112191363539,10.260069404172846,10.362972099327934,,,10.34324821079813,,,10.181319137295732,,#000000
2025-12-30 00:00:00+00:00,10.35,10.35,10.34,10.35,53512,0.0,0.0,0.0,0.0,0.0,0.0,0.0,0.0,,,,10.361234509026783,10.35821786591719,10.358161215334206,10.339241432804258,10.310578448404083,10.260976066293262,10.362698901555829,,,10.343694324336846,,,10.182573310737238,,"rgba(38, 166, 154, 0.5)"
2025-12-31 00:00:00+00:00,10.388,10.388,10.35,10.35,584,0.0,0.0,0.0,0.0,0.0,0.0,0.0,0.0,,,,10.361237047737268,10.358220868315994,10.35816422634024,10.339247086647756,10.310587461180505,10.260989131525074,10.362701211400625,,,10.34373932116188,,,10.18258926594903,,"rgba(38, 166, 154, 0.5)"
2026-01-02 00:00:00+00:00,10.37,10.38,10.37,10.38,814,0.0,0.0,0.0,0.0,0.0,0.0,0.0,0.0,,,,10.36124008292027,10.358224562515156,10.358167932748078,10.33925452762464,10.310599631403496,10.26100701889213,10.362703920019728,,,10.34379786947043,,,10.182611269769847,,"rgba(38, 166, 154, 0.5)"
2026-01-05 00:00:00+00:00,10.38,10.39,10.38,10.38,650,0.0,0.0,0.0,0.0,0.0,0.0,0.0,0.0,,,,10.361244508747,10.358229462724525,10.35817284184112,10.33926220997032,10.310610894835984,10.261022569572175,10.362708115826479,,,10.343860228700201,,,10.182629757820475,,"rgba(38, 166, 154, 0.5)"
2026-01-06 00:00:00+00:00,10.37,10.37,10.35,10.35,301,0.0,0.0,0.0,0.0,0.0,0.0,0.0,0.0,,,,10.361244702500528,10.358229923938792,10.358173307966116,10.339264152548356,10.310614675364802,10.261028592094174,10.362708174707043,,,10.343874441680125,,,10.182637465033622,,"rgba(38, 166, 154, 0.5)"
2026-01-07 00:00:00+00:00,10.33,10.355,10.33,10.355,357,0.0,0.0,0.0,0.0,0.0,0.0,0.0,0.0,,,,10.361242182198241,10.358227791694716,10.358171182727814,10.339264063462734,10.310617032551871,10.261033988872747,10.362705452407885,,,10.343869649065427,,,10.182645340702772,,"rgba(38, 166, 154, 0.5)"
2026-01-08 00:00:00+00:00,10.33,10.33,10.33,10.33,120,0.0,0.0,0.0,0.0,0.0,0.0,0.0,0.0,,,,10.361241027044144,10.35822677490173,10.358170168421813,10.339263765444493,10.31061758659393,10.261035607200252,10.36270422465507,,,10.3438656179231,,,10.182647846119046,,#000000
2026-01-09 00:00:00+00:00,10.36,10.38,10.32,10.35,32508,1.0,10.38,10.32,0.0,0.0,0.0,0.0,0.0,,,10.353333333333333,10.361162606649872,10.3581794857297,10.358123446713632,10.339385317626839,10.310945809974125,10.261618621648879,10.362609886706114,,,10.344556655732259,,,10.183430420902944,,#000000
2026-01-12 00:00:00+00:00,10.37,10.37,10.34,10.37,152411,0.0,0.0,0.0,0.0,0.0,0.0,0.0,0.0,,,10.358828027406595,10.361110953009636,10.358258394130964,10.358204750058817,10.34018780934886,10.31265155188923,10.264448399503127,10.362492255085336,,,10.348494024697471,,,10.187146068999766,,"rgba(38, 166, 154, 0.5)"
2026-01-13 00:00:00+00:00,10.36,10.4,10.35,10.4,65304,0.0,0.0,0.0,0.0,0.0,0.0,0.0,0.0,,,10.361743724597659,10.361277009930106,10.358472480246796,10.358419725981006,10.340676908755787,10.313493449886597,10.265733414111152,10.362634497230648,,,10.350612001544267,,,10.188780054359016,,"rgba(38, 166, 154, 0.5)"
2026-01-14 00:00:00+00:00,10.36,10.4,10.35,10.35,1108,0.0,0.0,0.0,0.0,0.0,0.0,0.0,0.0,,,10.361780122627133,10.361279773875772,10.358476045271345,10.358423305850621,10.340685068792311,10.313507520998476,10.265754946820284,10.36263686413973,,,10.350644343772867,,,10.188807525961368,,"rgba(38, 166, 154, 0.5)"
2026-01-15 00:00:00+00:00,10.3692,10.51,10.365,10.365,50429,0.0,0.0,0.0,0.0,0.0,0.0,0.0,0.0,,,10.370629464696007,10.362039685320267,10.359256909810057,10.359204586098176,10.341611198486516,10.31464192311208,10.26714219574455,10.363387833402316,,,10.35516685338203,,,10.190355623437643,,"rgba(38, 166, 154, 0.5)"
2026-01-16 00:00:00+00:00,10.5,10.51,10.35,10.35,17418,0.0,0.0,0.0,0.0,0.0,0.0,0.0,0.0,,,10.375142733103996,10.362485770266062,10.359705777683784,10.359653522725194,10.342091752277161,10.315176691166354,10.267739112142817,10.36383344276333,,,10.357502563703267,,,10.190976553492371,,"rgba(38, 166, 154, 0.5)"
2026-01-20 00:00:00+00:00,10.44,10.5,10.41,10.42,13776,0.0,0.0,0.0,0.0,0.0,0.0,0.0,0.0,,,10.3782399588732,10.362822673670044,10.360045236224568,10.359993041421971,10.342457605874747,10.31558659626305,10.268200082537346,10.364169752991627,,,10.359211058120115,,,10.191459364765409,,"rgba(38, 166, 154, 0.5)"
2026-01-21 00:00:00+00:00,10.48,10.75,10.44,10.44,219470,0.0,0.0,0.0,0.0,0.0,0.0,0.0,0.0,,,10.449126288140993,10.374024280529506,10.371156091231597,10.371102638124107,10.353434924241167,10.326724145946747,10.279373122217203,10.375438583850796,,,10.40410448741789,,,10.201991610887042,,"rgba(38, 166, 154, 0.5)"
2026-01-22 00:00:00+00:00,10.61,10.65,10.45,10.48,40316,0.0,0.0,0.0,0.0,0.0,0.0,0.0,0.0,,,10.457347674528462,10.376082760624113,10.373198987104825,10.373145317448547,10.355454591938742,10.328771342387165,10.28142633893344,10.377508576233003,,,10.41075538610701,,,10.203930919242943,,"rgba(38, 166, 154, 1.0)"
2026-01-23 00:00:00+00:00,10.655,10.875,10.46,10.5,152175,0.0,0.0,0.0,0.0,0.0,0.0,0.0,0.0,,,10.499427465684006,10.387037076971534,10.38403016468014,10.383974590681799,10.36592376335383,10.339071002329925,10.291345915622816,10.388543725369656,10.663333333333334,,10.443953158690263,,,10.212890641937623,,"rgba(38, 166, 154, 1.0)"
2026-01-26 00:00:00+00:00,10.615,10.66,10.54,10.66,68232,0.0,0.0,0.0,0.0,0.0,0.0,0.0,0.0,,,10.508286165478074,10.390701356434578,10.387668016185795,10.38761206607768,10.369514158105188,10.342691789204606,10.294956709155691,,10.645274923210243,,10.452915924510327,,,10.216289805146731,,"rgba(38, 166, 154, 1.0)"
2026-01-27 00:00:00+00:00,10.59,10.67,10.59,10.64,61846,0.0,0.0,0.0,0.0,0.0,0.0,0.0,0.0,,,10.515946684449666,10.39409294657777,10.391034958085926,10.390978653288508,10.372833274516529,10.346031774604512,10.29827895313848,,10.639006411505516,,10.460779563019399,,,10.21941126772814,,"rgba(38, 166, 154, 1.0)"
2026-01-28 00:00:00+00:00,10.57,10.605,10.555,10.605,24625,0.0,0.0,0.0,0.0,0.0,0.0,0.0,0.0,,,10.517608756086842,10.395177564477729,10.392115357778719,10.392059005075035,10.373917404528763,10.34714586518382,10.299418939453522,,10.634004045038527,,10.462953837417292,,,10.220516838438652,,"rgba(38, 166, 154, 0.75)"
2026-01-29 00:00:00+00:00,10.53,10.6,10.53,10.582,40225,0.0,0.0,0.0,0.0,0.0,0.0,0.0,0.0,,,10.519137757334647,10.396697584137303,10.393633652741412,10.393577307849084,10.37546276550231,10.348760090425568,10.301106119112069,,10.624655294441899,,10.465641400695981,,,10.222190788583937,,"rgba(38, 166, 154, 0.75)"
2026-01-30 00:00:00+00:00,10.57,10.6,10.57,10.585,78411,0.0,0.0,0.0,0.0,0.0,0.0,0.0,0.0,,,10.52382447529464,10.400068533484433,10.396993276723345,10.396936811414204,10.37884023168477,10.35223599542495,10.30467231206507,,10.61642650222241,,10.471907063770399,,,10.2256648132544,,"rgba(38, 166, 154, 0.75)"
2026-02-02 00:00:00+00:00,10.57,10.6,10.5601,10.5615,28504,0.0,0.0,0.0,0.0,0.0,0.0,0.0,0.0,,,10.525264315215807,10.40124150443301,10.398163259846415,10.3981067690652,10.380020839874188,10.35345586662716,10.305930929439961,,10.613932406791506,,10.473953480817896,,,10.226899425886211,,"rgba(38, 166, 154, 0.75)"
2026-02-03 00:00:00+00:00,10.56,10.6,10.56,10.6,540,0.0,0.0,0.0,0.0,0.0,0.0,0.0,0.0,,,10.525289100205164,10.401263152182198,10.39818486262288,10.398128371551113,10.380042689654667,10.35347850218678,10.305954366104535,,10.613884176423396,,10.47399023339472,,,10.226922507144014,,"rgba(38, 166, 154, 0.75)"
2026-02-04 00:00:00+00:00,10.51,10.57,10.5,10.57,40707,0.0,0.0,0.0,0.0,0.0,0.0,0.0,0.0,,,10.525340640959064,10.40244113430989,10.399368306875719,10.399311942189922,10.381281437121027,10.354812167193229,10.307403045942962,,10.606715563317952,,10.475418928273191,,,10.228420429800215,,"rgba(38, 166, 154, 0.5)"
2026-02-05 00:00:00+00:00,10.48,10.54,10.4667,10.4801,21437,0.0,0.0,0.0,0.0,0.0,0.0,0.0,0.0,,,10.524765338521528,10.402899539581394,10.399832680167584,10.399776433707974,10.381787651950424,10.355380664104302,10.308051199465234,,10.602104203389958,,10.47570264517837,,,10.229121628670045,,"rgba(38, 166, 154, 0.5)"
2026-02-06 00:00:00+00:00,10.47,10.57,10.47,10.53,38704,0.0,0.0,0.0,0.0,0.0,0.0,0.0,0.0,,,10.52404286565762,10.403784267771956,10.400726944302502,10.400670890098835,10.382751962280905,10.356451751739769,10.309258190327004,,10.595221260543337,,10.476387721262771,,,10.23041498064578,,#000000
2026-02-09 00:00:00+00:00,10.48,10.55,10.48,10.55,6752,0.0,0.0,0.0,0.0,0.0,0.0,0.0,0.0,,,10.523921789370144,10.4039370162435,10.40088137000685,10.400825349521067,10.382918623062546,10.35663701870483,10.309467225776789,,10.594117607683247,,10.476503769168113,,,10.230639359985037,,#000000
2026-02-10 00:00:00+00:00,10.46,10.5,10.46,10.46,7646,0.0,0.0,0.0,0.0,0.0,0.0,0.0,0.0,,,10.523589071352713,10.40405738783632,10.40100464008343,10.400948674543153,10.383059914208827,10.356803463327504,10.309666849265538,,10.592496845874486,,10.476488382053706,,,10.230865099107968,,"rgba(239, 83, 80, 1.0)"
2026-02-11 00:00:00+00:00,10.49,10.54,10.47,10.48,11361,0.0,0.0,0.0,0.0,0.0,0.0,0.0,0.0,,,10.523360777376933,10.40430402783507,10.401254276574354,10.401198370635388,10.3833308174958,10.357106299659307,10.310010750549186,,10.590688656004174,,10.476656720129235,,,10.231236549068356,,"rgba(239, 83, 80, 1.0)"
2026-02-12 00:00:00+00:00,10.45,10.5,10.4,10.4,45627,0.0,0.0,0.0,0.0,0.0,0.0,0.0,0.0,,,10.520616091555341,10.404770982245772,10.40174299526345,10.401687491731456,10.38394537069081,10.357888636940592,10.311019258529441,,10.580447297934029,,10.47591164480835,,,10.23244244497427,,"rgba(239, 83, 80, 1.0)"
2026-02-13 00:00:00+00:00,10.43,10.485,10.43,10.485,482,0.0,0.0,0.0,0.0,0.0,0.0,0.0,0.0,,,10.520587534268733,10.404775684283567,10.401747929243825,10.4016924299937,10.383951640031478,10.35789668289108,10.31102970793974,,10.580345781003729,,10.475903504177769,,,10.232455015956226,,"rgba(239, 83, 80, 1.0)"
2026-02-17 00:00:00+00:00,10.535,10.535,10.535,10.535,559,0.0,0.0,0.0,0.0,0.0,0.0,0.0,0.0,,,10.520594134913138,10.404791983896693,10.401764293149064,10.40170879542587,10.383968694921805,10.35791495299053,10.31104947279262,,10.580305406745635,,10.475923728232141,,,10.232475445576258,,#000000
2026-02-18 00:00:00+00:00,10.54,10.54,10.45,10.45,1135,0.0,0.0,0.0,0.0,0.0,0.0,0.0,0.0,,,10.520584292673318,10.404818714437209,10.401791274228826,10.401735781621536,10.383997581483483,10.3579468018459,10.311085114172373,,10.580178537593856,,10.475947389660442,,,10.232513490459876,,#000000
2026-02-19 00:00:00+00:00,10.48,10.48,10.43,10.45,3691,0.0,0.0,0.0,0.0,0.0,0.0,0.0,0.0,,,10.520411848195296,10.404867021740031,10.401841123298052,10.401785659538437,10.384056671071054,10.358018522616554,10.311173759710366,,10.579496850225265,,10.475918970432705,,,10.232616344795655,,#000000
2026-02-20 00:00:00+00:00,10.4887,10.4887,10.48,10.48,513,0.0,0.0,0.0,0.0,0.0,0.0,0.0,0.0,,,10.520397364383957,10.404876307071728,10.401850574261427,10.401795113693579,10.384067202233819,10.358030607987484,10.311187890041484,,10.579420936438543,,10.475922063554732,,,10.232632024271915,,#000000
2026-02-23 00:00:00+00:00,10.4696,10.49,10.4696,10.4758,2887,0.0,0.0,0.0,0.0,0.0,0.0,0.0,0.0,,,10.520293994841033,10.404922456989802,10.401897770582657,10.401842329895478,10.384120955256495,10.358093577425926,10.31126308979349,,10.578953336037483,,10.47592290403982,,,10.232716952218361,,#000000
2026-02-24 00:00:00+00:00,10.485,10.49,10.441,10.49,4531,0.0,0.0,0.0,0.0,0.0,0.0,0.0,0.0,,,10.520116572666412,10.404990315739633,10.401967354945315,10.401911946854915,10.384201175296868,10.358188599269054,10.311377833081226,,10.578196837238586,,10.475912106673633,,,10.232847718501224,,#000000
2026-02-25 00:00:00+00:00,10.48,10.49,10.43,10.48,29046,0.0,0.0,0.0,0.0,0.0,0.0,0.0,0.0,,,10.51888674417659,10.405387719774215,10.402376443218241,10.402321254401476,10.384680939754757,10.358765622312152,10.312085226951872,,10.573359126401009,,10.475751806485517,,,10.23366399448612,,#000000
2026-02-26 00:00:00+00:00,10.48,10.48,10.45,10.45,4114,0.0,0.0,0.0,0.0,0.0,0.0,0.0,0.0,,,10.518727943028896,10.405446632681722,10.402436950071854,10.402381791268278,10.384751185839136,10.358849363887055,10.312187048960482,,10.572728002918984,,10.475737716081177,,,10.233780796537998,,#000000
2026-02-27 00:00:00+00:00,10.49,10.49,10.485,10.485,54456,0.0,0.0,0.0,0.0,0.0,0.0,0.0,0.0,,,10.517474925217735,10.40643507539256,10.403442374538502,10.403387543369501,10.38586788185333,10.360126958772051,10.313677723688366,,10.566416881990351,,10.476133320317764,,,10.235435223559694,,#000000
2026-03-02 00:00:00+00:00,10.53,10.54,10.53,10.54,1105,0.0,0.0,0.0,0.0,0.0,0.0,0.0,0.0,,,10.51748818003239,10.406465775067163,10.403473218268685,10.40341839036877,10.385900134242013,10.360161630112193,10.313715436913174,,10.566366756157523,,10.476169751851087,,,10.23547450588622,,#000000
2026-03-03 00:00:00+00:00,10.5,10.5,10.44,10.45,16602,0.0,0.0,0.0,0.0,0.0,0.0,0.0,0.0,,,10.517023250909684,10.40673208665664,10.403745270872536,10.40369055215849,10.386208335194349,10.360520962698565,10.31414327808985,,10.564444466445817,,10.476206057168369,,,10.235958001077279,,#000000
2026-03-04 00:00:00+00:00,10.52,10.52,10.45,10.45,553,0.0,0.0,0.0,0.0,0.0,0.0,0.0,0.0,,,10.517014845040022,10.406742934404777,10.403756272791965,10.403701557090637,10.386220384466,10.36053455916329,10.314158919527664,,10.564394255018534,,10.476212515041636,,,10.235975170654438,,"rgba(38, 166, 154, 0.5)"
2026-03-05 00:00:00+00:00,10.5,10.5,10.45,10.45,2053,0.0,0.0,0.0,0.0,0.0,0.0,0.0,0.0,,,10.516963290386123,10.406777215651022,10.403791236186459,10.403736533514358,10.38625969667381,10.360580070429794,10.314212724015556,,10.564171925228347,,10.476220849091346,,,10.236035633422825,,#000000
2026-03-06 00:00:00+00:00,10.5,10.5,10.4624,10.4624,470,0.0,0.0,0.0,0.0,0.0,0.0,0.0,0.0,,,10.516952957887423,10.406785482946125,10.403799651859998,10.403744952039656,10.386269075087338,10.360590835396703,10.314225337766072,,10.564123791715675,,10.476223861471496,,,10.23604970248887,,#000000
2026-03-09 00:00:00+00:00,10.5,10.5,10.48,10.48,479,0.0,0.0,0.0,0.0,0.0,0.0,0.0,0.0,,,10.516944528642357,10.406794519342522,10.40380882822139,10.403754131118179,10.386279185295805,10.360602311832828,10.314238626436067,,10.564078548116795,,10.476228531015343,,,10.23606437388468,,#000000
2026-03-10 00:00:00+00:00,10.5,10.5,10.5,10.5,73,0.0,0.0,0.0,0.0,0.0,0.0,0.0,0.0,,,10.516943607113562,10.406796002409875,10.403810330670758,10.40375563394888,10.38628082187361,10.36060414851603,10.314240726847592,,10.564072307318742,,10.47622951971221,,,10.236066667607131,,#000000
2026-03-11 00:00:00+00:00,10.5,10.5,10.5,10.5,34,0.0,0.0,0.0,0.0,0.0,0.0,0.0,0.0,,,10.516943177942585,10.406796693137464,10.403811030425675,10.403756333881406,10.38628158409925,10.360605003941,10.314241705105239,,10.564069401060598,,10.476229980173088,,,10.23606773590261,,#000000
2026-03-12 00:00:00+00:00,10.5,10.5,10.46,10.46,5276,0.0,0.0,0.0,0.0,0.0,0.0,0.0,0.0,,,10.516824641329109,10.406888438161976,10.403904458085114,10.403849793834059,10.386385886286437,10.360724933878785,10.314382495814156,,10.563528397833919,,10.476261258231249,,,10.236225036199269,,#000000
2026-03-13 00:00:00+00:00,10.49,10.49,10.39,10.46,5741,0.0,0.0,0.0,0.0,0.0,0.0,0.0,0.0,,,10.516569443836891,10.406950579225777,10.403969116729705,10.403914499150769,10.386465255638774,10.360824150753523,10.31450880283935,,10.562721798239615,,10.476197566631015,10.456666666666667,,10.236375499357086,,#000000
2026-03-16 00:00:00+00:00,10.5,10.5,10.45,10.45,9839,0.0,0.0,0.0,0.0,0.0,0.0,0.0,0.0,,,10.516329554570435,10.4071136476273,10.404135450570255,10.404080895321648,10.386652375815054,10.361040891724503,10.314765256949517,,10.561707946115009,,,10.47350706033376,,10.236664045352683,,#000000
2026-03-17 00:00:00+00:00,10.5,10.5,10.45,10.45,2419,0.0,0.0,0.0,0.0,0.0,0.0,0.0,0.0,,,10.516271105212157,10.407153632771774,10.404176238403632,10.404121698472888,10.386698270202638,10.36109406189257,10.314828189043853,,10.561462635655904,,,10.474827675611609,,10.236734883548918,,#000000
2026-03-18 00:00:00+00:00,10.5,10.5,10.5,10.5,85,0.0,0.0,0.0,0.0,0.0,0.0,0.0,0.0,,,10.516270092493945,10.407155344250416,10.404177972469054,10.404123432982082,10.386700160068543,10.361096183991624,10.314830618164516,,10.56145587658298,,,10.47494599277446,,10.236737540138138,,#000000
2026-03-19 00:00:00+00:00,10.5,10.5,10.5,10.5,49,0.0,0.0,0.0,0.0,0.0,0.0,0.0,0.0,,,10.516269508748962,10.407156330838843,10.40417897207825,10.404124432847102,10.386701249492004,10.36109740728985,10.314832018452174,,10.561451980851693,,,10.475013695104689,,10.236739071559327,,#000000
2026-03-20 00:00:00+00:00,10.5,10.5,10.46,10.47,16154,0.0,0.0,0.0,0.0,0.0,0.0,0.0,0.0,,,10.51592345482018,10.40743389790694,10.404461685884398,10.404407245312928,10.387017132814766,10.361460925700122,10.315259346548228,,10.559921092761973,,,10.480503883882132,,10.237217450286897,,#000000
2026-03-23 00:00:00+00:00,10.5,10.5,10.48,10.48,3423,0.0,0.0,0.0,0.0,0.0,0.0,0.0,0.0,,,10.515867635914507,10.40749739302571,10.404526181859376,10.404471760676067,10.387088272589347,10.361541771507591,10.315353134967612,,10.55963350619069,,,10.48166843454433,,10.23732128555129,,#000000
2026-03-24 00:00:00+00:00,10.5,10.5,10.5,10.5,17,0.0,0.0,0.0,0.0,0.0,0.0,0.0,0.0,,,10.51586744119401,10.407497732607531,10.404526525966869,10.40447210487236,10.387088647815126,10.361542193071127,10.315353617950294,,10.55963222711203,,,10.48167669485161,,10.237321814452294,,#000000
2026-03-25 00:00:00+00:00,10.54,10.56,10.47,10.5,83641,0.0,0.0,0.0,0.0,0.0,0.0,0.0,0.0,,,10.516292541339366,10.409552812318621,10.406596608393139,10.406542501084486,10.389280443621162,10.363930069086864,10.317996193573423,,10.556167253430173,,,10.510384450596533,,10.240127391275138,,"rgba(38, 166, 154, 0.5)"
2026-03-26 00:00:00+00:00,10.52,10.52,10.47,10.47,1223,0.0,0.0,0.0,0.0,0.0,0.0,0.0,0.0,,,10.516281760965649,10.409577134014324,10.4066212480299,10.406567146952366,10.389307265667512,10.363960146709621,10.31803062027884,,10.55609361222736,,,10.510314106799575,,10.240165138000702,,"rgba(38, 166, 154, 0.5)"
2026-03-27 00:00:00+00:00,10.54,10.54,10.46,10.54,38007,0.0,0.0,0.0,0.0,0.0,0.0,0.0,0.0,,,10.516207459343624,10.41040669085556,10.407459297246179,10.407405366265852,10.390207122181296,10.364955043568155,10.31915155061973,,10.554318319535001,,,10.511028634644683,,10.241377185413697,,"rgba(38, 166, 154, 1.0)"
2026-03-30 00:00:00+00:00,10.5,10.5,10.48,10.49,11495,0.0,0.0,0.0,0.0,0.0,0.0,0.0,0.0,,,10.516034437795403,10.41060673353071,10.407662782462307,10.407608917552423,10.39043292158346,10.365213131924015,10.319453382591973,,10.553562046862233,,,10.509846672051353,,10.241714843699441,,"rgba(38, 166, 154, 0.5)"
2026-03-31 00:00:00+00:00,10.5,10.53,10.47,10.4701,5318,0.0,0.0,0.0,0.0,0.0,0.0,0.0,0.0,,,10.515978522366966,10.41070638606075,10.407763896462525,10.4077100599015,10.390543796540198,10.365338376817471,10.319598007533905,,10.553256507255112,,,10.509551512213637,,10.24187488131696,,#000000
2026-04-01 00:00:00+00:00,10.53,10.53,10.47,10.53,1299,0.0,0.0,0.0,0.0,0.0,0.0,0.0,0.0,,,10.515973434182817,10.410733416146092,10.407791235515413,10.407737405070245,10.39057331648711,10.365371203578658,10.319635255381359,,10.553196318148109,,,10.509554772163469,,10.241915456008202,,"rgba(38, 166, 154, 0.5)"
2026-04-02 00:00:00+00:00,10.53,10.53,10.53,10.53,16,0.0,0.0,0.0,0.0,0.0,0.0,0.0,0.0,,,10.515973581219805,10.410733816048717,10.407791638038624,10.407737807648852,10.390573740874304,10.365371663718799,10.319635762269854,,10.553195920600729,,,10.509556602471568,,10.241915992975335,,"rgba(38, 166, 154, 0.5)"
2026-04-06 00:00:00+00:00,10.53,10.53,10.53,10.53,5,0.0,0.0,0.0,0.0,0.0,0.0,0.0,0.0,,,10.515973627168231,10.410733941017737,10.407791763826586,10.407737933454122,10.390573873494771,10.365371807512066,10.319635920672008,,10.553195796369966,,,10.509557174375644,,10.241916160777153,,"rgba(38, 166, 154, 0.5)"
2026-04-07 00:00:00+00:00,10.53,10.53,10.53,10.53,21,0.0,0.0,0.0,0.0,0.0,0.0,0.0,0.0,,,10.515973820148334,10.410734465884762,10.407792292133191,10.407738461833436,10.390574430497985,10.365372411441045,10.319636585958447,,10.5531952746153,,,10.509559576023392,,10.241916865542654,,"rgba(38, 166, 154, 1.0)"
2026-04-08 00:00:00+00:00,10.53,10.53,10.53,10.53,21,0.0,0.0,0.0,0.0,0.0,0.0,0.0,0.0,,,10.515974013123127,10.410734990747168,10.40779282043523,10.407738990208182,10.390574987496747,10.365373015365593,10.31963725124068,,10.553194752884103,,,10.509561977106907,,10.241917570304706,,"rgba(38, 166, 154, 1.0)"
2026-04-09 00:00:00+00:00,10.53,10.53,10.53,10.53,945,0.0,0.0,0.0,0.0,0.0,0.0,0.0,0.0,,,10.515982691496397,10.410758604775056,10.407816589300294,10.40776276234588,10.390600047835736,10.365400187385008,10.319667184586516,,10.553171299247747,,,10.509669445093609,,10.241949281028552,,"rgba(38, 166, 154, 1.0)"
2026-04-10 00:00:00+00:00,10.53,10.53,10.51,10.51,10963,1.0,10.53,10.51,0.0,0.0,0.0,0.0,0.0,,10.523333333333333,10.516035078256643,10.411016592548155,10.408076650430774,10.408022866085531,10.390876244900788,10.365702016410905,10.320002834514277,,10.552825342029672,,,10.510455035722838,,10.242308146962833,,"rgba(38, 166, 154, 1.0)"
2026-04-13 00:00:00+00:00,10.53,10.53,10.53,10.53,896,0.0,0.0,0.0,0.0,0.0,0.0,0.0,0.0,,10.523837029541557,10.516043207694029,10.411038873917484,10.40809907974971,10.408045298523753,10.390899901115272,10.365727674878508,10.320031115936303,,10.552803732877727,,,10.510546446946483,,10.242338131244415,,"rgba(38, 166, 154, 1.0)"
2026-04-14 00:00:00+00:00,10.55,10.55,10.52,10.53,9496,0.0,0.0,0.0,0.0,0.0,0.0,0.0,0.0,,10.531024272223524,10.516190104438408,10.411294312156512,10.408355743073937,10.408301989125263,10.3911681096861,10.366015640992538,10.320344633823417,,10.552676542591254,,,10.511937438973241,,10.242666561028178,,"rgba(38, 166, 154, 1.0)"
2026-04-15 00:00:00+00:00,10.55,10.55,10.53,10.53,1713,0.0,0.0,0.0,0.0,0.0,0.0,0.0,0.0,,10.53193832726432,10.516220094789851,10.411341474013662,10.40840310636775,10.40834935700806,10.3912174709057,10.36606847970831,10.320401951547433,,10.55265982966406,,,10.512202650413078,,10.242726393230715,,"rgba(38, 166, 154, 1.0)"
2026-04-16 00:00:00+00:00,10.55,10.55,10.55,10.55,11,0.0,0.0,0.0,0.0,0.0,0.0,0.0,0.0,,10.531946935886882,10.516220334458216,10.4113417920447,10.408403425424762,10.408349676090038,10.391217801661602,10.366068831666306,10.320402330520965,,10.552659799111993,,,10.512204700595502,,10.242726785884312,,"rgba(38, 166, 154, 1.0)"
2026-04-17 00:00:00+00:00,10.55,10.55,10.53,10.53,9225,0.0,0.0,0.0,0.0,0.0,0.0,0.0,0.0,,10.535198530625722,10.516380705918715,10.411595192941032,10.408657918858106,10.408604194352895,10.39148307531236,10.366352841750743,10.320710496073563,,10.552570814677836,,,10.513559096068645,,10.243048589766877,,"rgba(38, 166, 154, 1.0)"
2026-04-20 00:00:00+00:00,10.55,10.55,10.55,10.55,9,0.0,0.0,0.0,0.0,0.0,0.0,0.0,0.0,,10.53520265321491,10.516380899923188,10.411595452172993,10.408658178943028,10.408604454458448,10.39148334500655,10.366353128810065,10.32071080529767,,10.552570790747994,,,10.51356064286197,,10.243048910348158,,"rgba(38, 166, 154, 1.0)"
2026-04-21 00:00:00+00:00,10.55,10.55,10.55,10.55,27,0.0,0.0,0.0,0.0,0.0,0.0,0.0,0.0,,10.535215007215006,10.516381481923178,10.411596229863044,10.40865895919205,10.408605234769361,10.39148415408361,10.366353989982647,10.320711732964988,,10.552570718961144,,,10.51356528245417,,10.243049872087978,,"rgba(38, 166, 154, 1.0)"
2026-04-22 00:00:00+00:00,10.56,10.56,10.56,10.56,119,0.0,0.0,0.0,0.0,0.0,0.0,0.0,0.0,,10.535305873050104,10.516384809728116,10.411599905000257,10.408662641260829,10.408608917037807,10.391487944868674,10.366357992096463,10.320715999796809,,10.552571633189526,,,10.513591325481398,,10.24305424888645,,"rgba(38, 166, 154, 1.0)"
2026-04-23 00:00:00+00:00,10.56,10.56,10.52,10.53,6059,0.0,0.0,0.0,0.0,0.0,0.0,0.0,0.0,,10.537092960866781,10.516501986000586,10.411769996982821,10.408833384403147,10.408779675358042,10.391665477192566,10.366547529414692,10.320920954374193,,10.552534865467667,,,10.514509613445995,,10.243267570025207,,"rgba(38, 166, 154, 1.0)"
2026-04-24 00:00:00+00:00,10.57,10.57,10.57,10.57,139,0.0,0.0,0.0,0.0,0.0,0.0,0.0,0.0,,10.537211285580016,10.516506734650266,10.411774568133037,10.408837958739786,10.408784249845068,10.391670157594405,10.366552435605714,10.320926137431352,,10.5525373599075,,,10.514544934172868,,10.243272836420493,,"rgba(38, 166, 154, 1.0)"
2026-04-27 00:00:00+00:00,10.57,10.57,10.54,10.54,531,0.0,0.0,0.0,0.0,0.0,0.0,0.0,0.0,,10.537520074172365,10.516521477687693,10.411790924663075,10.408854346832758,10.408800638838676,10.391687032642324,10.36657025465242,10.320945140603486,,10.552541429364139,,,10.51465519446703,,10.243292337538142,,"rgba(38, 166, 154, 1.0)"
2026-04-28 00:00:00+00:00,10.57,10.57,10.57,10.57,45,0.0,0.0,0.0,0.0,0.0,0.0,0.0,0.0,,10.537557328439494,10.516523013895151,10.411792404159005,10.408855827366361,10.408802119421058,10.391688547532425,10.366571842651542,10.320946818264032,,10.552542236135617,,,10.514666569232384,,10.243294042243154,,"rgba(38, 166, 154, 1.0)"
2026-04-29 00:00:00+00:00,10.57,10.57,10.57,10.57,4,0.0,0.0,0.0,0.0,0.0,0.0,0.0,0.0,,10.537560635794447,10.516523150442653,10.411792535668415,10.408855958968031,10.408802251027065,10.391688682188079,10.36657198380582,10.32094696738832,,10.552542307845028,,,10.514667580096365,,10.243294193771627,,"rgba(38, 166, 154, 1.0)"
2026-04-30 00:00:00+00:00,10.57,10.57,10.57,10.57,5,0.0,0.0,0.0,0.0,0.0,0.0,0.0,0.0,,10.537564769039975,10.516523321126051,10.411792700054871,10.408856123469818,10.408802415534272,10.391688850507357,10.366572160248392,10.320947153793428,,10.552542397480964,,,10.514668843624404,,10.24329438318202,,"rgba(38, 166, 154, 1.0)"
2026-05-01 00:00:00+00:00,10.57,10.57,10.54,10.54,461,0.0,0.0,0.0,0.0,0.0,0.0,0.0,0.0,,10.537825269291154,10.516536111550733,10.411806897100341,10.408870347968511,10.408816640815663,10.391703497921608,10.366587627309055,10.32096364911734,,10.552545926223205,,,10.514764083656532,,10.243311311368227,,"rgba(38, 166, 154, 1.0)"
2026-05-04 00:00:00+00:00,10.57,10.57,10.54,10.54,775,1.0,10.57,10.54,0.0,1.0,10.57,10.54,0.0,10.56,10.538249831184018,10.516557596939723,10.411830758021965,10.40889425513831,10.408840549302758,10.391728116354926,10.36661362384368,10.32099137473821,,10.552551850970605,,,10.514923295609366,,10.243339765737783,,"rgba(38, 166, 154, 1.0)"
2026-05-05 00:00:00+00:00,10.58,10.58,10.58,10.58,124,0.0,0.0,0.0,0.0,0.0,0.0,0.0,0.0,10.562758620689655,10.538377337733774,10.516562614353326,10.411835090282674,10.408898585778138,10.408844880001585,10.391732522721336,10.366618212743091,10.320996181399055,,10.552555341199989,,,10.514959921931734,,10.243344605477176,,"rgba(38, 166, 154, 1.0)"
2026-05-06 00:00:00+00:00,10.58,10.58,10.58,10.58,31,0.0,0.0,0.0,0.0,0.0,0.0,0.0,0.0,10.563333333333333,10.538409092773525,10.516563868582727,10.411836173312974,10.408899668403842,10.408845962642049,10.391733624280711,10.366619359937106,10.320997383036392,,10.55255621361865,,,10.514969072071375,,10.243345815390283,,"rgba(38, 166, 154, 1.0)"
2026-05-07 00:00:00+00:00,10.59,10.59,10.55,10.57,2036,0.0,0.0,0.0,0.0,0.0,0.0,0.0,0.0,10.572485951899303,10.5402345965455,10.51664181190225,10.411905864074088,10.408969357833156,10.408915653464796,10.391804663199533,10.366693501100993,10.321075263686556,,10.552606445887971,,,10.51553392659343,,10.24342447371034,,"rgba(38, 166, 154, 1.0)"
2026-05-08 00:00:00+00:00,10.59,10.59,10.5514,10.5514,1179,0.0,0.0,0.0,0.0,0.0,0.0,0.0,0.0,10.57380784881383,10.541226742382776,10.516687204885743,10.411946307656162,10.409009799115344,10.408956095527635,10.391845879012886,10.366736505957237,10.321120423164391,,10.552636000975728,,,10.515858777870218,,10.243470069696091,,"rgba(38, 166, 154, 1.0)"
2026-05-11 00:00:00+00:00,10.74,11.075,10.55,10.59,342028,0.0,0.0,0.0,0.0,0.0,0.0,0.0,0.0,10.785764651970739,10.760254028582585,10.565250507452236,10.436901252953025,10.433747598655575,10.43369045987706,10.415875464278484,10.390331633848731,10.34386107753771,,10.613687454986767,,,10.680630552775783,,10.264243695353501,,"rgba(38, 166, 154, 1.0)"
2026-05-12 00:00:00+00:00,10.75,10.82,10.7,10.7,106418,0.0,0.0,0.0,0.0,0.0,0.0,0.0,0.0,10.778922824802086,10.759478557257792,10.575336709954055,10.443364325772682,10.440169658067267,10.440111890372007,10.422182792648647,10.396601518059851,10.350019357902559,,10.624351100864859,,,10.692671425807871,,10.270016607996727,,"rgba(38, 166, 154, 1.0)"
2026-05-13 00:00:00+00:00,11.05,11.08,10.7,10.7,175435,0.0,0.0,0.0,0.0,0.0,0.0,0.0,0.0,10.824849836684045,10.807783427408426,10.604748268033024,10.459486248616713,10.456142453405866,10.456082268607126,10.437612892045221,10.41160432667271,10.364260609065653,,10.659276344454444,,,10.744562425182144,,10.282782872255233,,"rgba(38, 166, 154, 1.0)"
2026-05-14 00:00:00+00:00,10.96,11.037,10.79,10.99,102594,0.0,0.0,0.0,0.0,0.0,0.0,0.0,0.0,10.839474651026983,10.823927425508522,10.619226775552688,10.468176141675416,10.464760706899462,10.464699367166244,10.445976232066927,10.419776033533516,10.372078032527355,,10.675507301440014,,,10.764479658807707,,10.289869501157883,,"rgba(38, 166, 154, 0.75)"
2026-05-15 00:00:00+00:00,11.11,11.11,10.77,11.0,146956,0.0,0.0,0.0,0.0,0.0,0.0,0.0,0.0,10.865797510642953,10.851601740437388,10.641916511671226,10.481825270546109,10.478293784534188,10.478230559381734,10.459082169535426,10.432538457368885,10.384221648445804,,10.700993354116177,,,10.79558391335619,,10.30080031314103,,"rgba(38, 166, 154, 0.75)"
2026-05-18 00:00:00+00:00,11.08,11.15,10.76,11.01,139013,0.0,0.0,0.0,0.0,0.0,0.0,0.0,0.0,10.883693153804865,10.870692967664244,10.661004166187688,10.494103244246533,10.490476483929873,10.490411715349751,10.470918215791018,10.444101999328886,10.39528213651214,,10.721638911087549,10.996666666666666,,10.818199520661913,,10.31083362071057,10.996666666666666,"rgba(38, 166, 154, 0.75)"
2026-05-19 00:00:00+00:00,10.85,10.93,10.8004,10.93,31758,0.0,0.0,0.0,0.0,0.0,0.0,0.0,0.0,10.882979446627244,10.870384753090391,10.663422168492614,10.496086634002557,10.492450597895209,10.49238568691939,10.472866123484113,10.446041133421502,10.39719212502182,,,10.97127578882441,,10.819249976283777,,10.312637042023368,10.97127578882441,"rgba(38, 166, 154, 0.75)"
2026-05-20 00:00:00+00:00,10.83,10.9,10.81,10.9,32720,0.0,0.0,0.0,0.0,0.0,0.0,0.0,0.0,10.881880389713743,10.86969232218326,10.665686360754346,10.498032983257902,10.494388888374163,10.494323855789025,10.474783666648586,10.44795583012975,10.399086855497172,,,10.951239470377889,,10.81993977435137,,10.314437349851126,10.951239470377889,"rgba(38, 166, 154, 0.75)"
2026-05-21 00:00:00+00:00,10.91,10.95,10.8,10.92,96427,0.0,0.0,0.0,0.0,0.0,0.0,0.0,0.0,10.882272346129435,10.871037038868812,10.673450405707502,10.504289192373617,10.500614499066282,10.500548991443884,10.480917726026844,10.454049106404497,10.405069750754787,,,10.930478589925691,,10.824545834165523,,10.320066508284476,10.930478589925691,"rgba(38, 166, 154, 0.5)"
2026-05-22 00:00:00+00:00,10.85,10.879,10.8101,10.85,95103,0.0,0.0,0.0,0.0,0.0,0.0,0.0,0.0,10.879589063178157,10.86924916535853,10.679241644982346,10.509635448499456,10.505942982034245,10.505877213863513,10.486207824439916,10.45935058582739,10.410346516402083,,,10.91022828364399,,10.825936719954674,,10.325123696766257,10.91022828364399,"rgba(38, 166, 154, 0.5)"
2026-05-26 00:00:00+00:00,10.8,10.9,10.76,10.9,36575,0.0,0.0,0.0,0.0,0.0,0.0,0.0,0.0,10.877924293395623,10.867913764952275,10.68103159890559,10.511489769734684,10.507793404370197,10.507727585225384,10.488055783173145,10.461215176530436,10.412221731580471,,,10.9025820138123,,10.825794670676453,,10.326945747503219,10.9025820138123,"rgba(38, 166, 154, 0.5)"
2026-05-27 00:00:00+00:00,10.92,11.05,10.77,10.77,198209,0.0,0.0,0.0,0.0,0.0,0.0,0.0,0.0,10.882580309623114,10.873732820174382,10.696008309586102,10.524092658751036,10.520341698814695,10.520275034909647,10.500443446618448,10.473537384754449,10.424351873599775,,,10.905965613959875,,10.835842696325345,,10.33841691327828,10.905965613959875,"rgba(38, 166, 154, 0.5)"
2026-05-28 00:00:00+00:00,10.85,11.017,10.82,10.85,105896,0.0,0.0,0.0,0.0,0.0,0.0,0.0,0.0,10.88343930213679,10.87513798333918,10.702656454261446,10.530216132795147,10.526445409807197,10.526378451249377,10.506499769454152,10.47959581445346,10.430369401509962,,,10.904483194712707,,10.839299413778665,,10.344180772731288,10.904483194712707,"rgba(38, 166, 154, 0.5)"
2026-05-29 00:00:00+00:00,10.825,10.89,10.77,10.81,62745,0.0,0.0,0.0,0.0,0.0,0.0,0.0,0.0,10.881376307729452,10.873426311734104,10.70508800316823,10.533098962828115,10.529326567895037,10.529259603730555,10.509395592675551,10.482536409941671,10.43335737862904,,,10.898499041680129,,10.838936402747711,,10.347129888308311,10.898499041680129,"rgba(38, 166, 154, 0.5)"
2026-06-01 00:00:00+00:00,10.695,10.9,10.64,10.79,72770,0.0,0.0,0.0,0.0,0.0,0.0,0.0,0.0,10.875701473950778,10.868200922395642,10.705963928286074,10.535449108420186,10.531687647366045,10.531620893745202,10.511828854094718,10.48507827473265,10.43604766362539,,,10.885677737591289,,10.835463327410869,,10.34992093325545,10.885677737591289,#000000
2026-06-02 00:00:00+00:00,10.72,10.84,10.56,10.69,42478,0.0,0.0,0.0,0.0,0.0,0.0,0.0,0.0,10.871692999212847,10.864453378267545,10.705972817033633,10.53655044256909,10.532798726903392,10.532732152797788,10.512996416116568,10.486323918410436,10.437404503061304,,,10.877355441208982,,10.832742360064273,,10.35137579341683,10.877355441208982,#000000
2026-06-03 00:00:00+00:00,10.715,10.77,10.65,10.715,20392,0.0,0.0,0.0,0.0,0.0,0.0,0.0,0.0,10.869891748773593,10.86277049746178,10.706007182285123,10.537089523476258,10.533342309570276,10.533275818600492,10.513566301806888,10.486930397387724,10.438063051555677,,,10.873738295153409,,10.831526764473269,,10.352079776261435,10.873738295153409,"rgba(239, 83, 80, 1.0)"
2026-06-04 00:00:00+00:00,10.71,10.76,10.65,10.715,32542,0.0,0.0,0.0,0.0,0.0,0.0,0.0,0.0,10.867011551885438,10.860074010394353,10.706013473572671,10.537918516745876,10.534178828920822,10.534112476328616,10.514446213174493,10.487870114330915,10.439088366228983,,,10.868113747825776,,10.829557803396126,,10.353181984953785,10.868113747825776,"rgba(239, 83, 80, 1.0)"
2026-06-05 00:00:00+00:00,10.71,10.72,10.62,10.685,109470,0.0,0.0,0.0,0.0,0.0,0.0,0.0,0.0,10.856719530501676,10.850367967875618,10.705308271531932,10.540271177632015,10.536561747793163,10.536495943580368,10.51699595705558,10.490642207999889,10.442184933934284,,,10.849316285164859,,10.822191722880651,,10.35659853218141,10.849316285164859,"rgba(239, 83, 80, 1.0)"
2026-06-08 00:00:00+00:00,10.68,10.72,10.62,10.6618,20593,0.0,0.0,0.0,0.0,0.0,0.0,0.0,0.0,10.85480668286846,10.848557774958579,10.705122333089262,10.540674925233398,10.536971564830942,10.536905870052225,10.517438704112351,10.491128310328003,10.442734899895463,,,10.84601178378109,,10.82079433144853,,10.357213921593189,10.84601178378109,"rgba(239, 83, 80, 1.0)"
2026-06-09 00:00:00+00:00,10.65,10.71,10.585,10.65,108473,0.0,0.0,0.0,0.0,0.0,0.0,0.0,0.0,10.84405316411714,10.838324781254428,10.703434527131344,10.542368556873368,10.538701903990983,10.538636865238912,10.519362619635533,10.493301181890043,10.445279723398327,,,10.828219371665046,,10.812668330769798,10.648333333333333,10.360163129175518,10.828219371665046,"rgba(239, 83, 80, 1.0)"
2026-06-10 00:00:00+00:00,10.65,10.74,10.65,10.74,12968,0.0,0.0,0.0,0.0,0.0,0.0,0.0,0.0,10.843038022011335,10.837363300882123,10.703351556293322,10.542626916116065,10.538963889210985,10.538898915934848,10.519644392827962,10.493609176782375,10.445626538221228,,,10.826641456618276,,,10.651714838206756,10.3605500199665,10.826641456618276,"rgba(239, 83, 80, 1.0)"
2026-06-11 00:00:00+00:00,10.74,10.8,10.61,10.6993,77428,0.0,0.0,0.0,0.0,0.0,0.0,0.0,0.0,10.83853545921654,10.833140084012737,10.703627203771976,10.544555947520651,10.540909600130888,10.540844933458315,10.521686453492432,10.495784816689271,10.447996771481943,,,10.820068910355369,,,10.677003295301597,10.363103613557751,10.820068910355369,"rgba(239, 83, 80, 1.0)"
2026-06-12 00:00:00+00:00,10.64,10.78,10.61,10.78,41274,0.0,0.0,0.0,0.0,0.0,0.0,0.0,0.0,10.83551841515347,10.830274973067747,10.70333293108607,10.545331924771318,10.541697366822378,10.541632912433633,10.522538013417044,10.49672041949994,10.449057795456286,,,10.815641446507197,,,10.676945438065374,10.364297618206086,10.815641446507197,"rgba(239, 83, 80, 1.0)"
2026-06-15 00:00:00+00:00,10.63,10.67,10.63,10.65,31424,0.0,0.0,0.0,0.0,0.0,0.0,0.0,0.0,10.832829336614665,10.827704700047876,10.702838437639501,10.545768229930092,10.542144413667499,10.542080150695586,10.523041236971173,10.497295523969282,10.449741687769043,,,10.811684144486398,,,10.673056059830538,10.36510423745904,10.811684144486398,"rgba(239, 83, 80, 1.0)"
2026-06-16 00:00:00+00:00,10.66,10.68,10.61,10.6501,21564,0.0,0.0,0.0,0.0,0.0,0.0,0.0,0.0,10.831090545359332,10.826043730653025,10.702541284213222,10.546085698845662,10.542468982806897,10.542404846567376,10.523403147832132,10.497705469994154,10.450224279819937,,,10.809175508926085,,,10.671359955105395,10.365668267165905,10.809175508926085,"rgba(239, 83, 80, 1.0)"
2026-06-17 00:00:00+00:00,10.64,10.68,10.64,10.68,14662,0.0,0.0,0.0,0.0,0.0,0.0,0.0,0.0,10.829948473615941,10.824953059535645,10.702353839817325,10.546307341961512,10.542695360006727,10.542631308335608,10.523654493810959,10.497989022935014,10.45055653500421,,,10.807548606819303,,,10.670501240552362,10.366054974840623,10.807548606819303,"rgba(239, 83, 80, 1.0)"
