date,Close,High,Low,Open,Volume,OB_c0,OB_High_c0,OB_Low_c0,OB_Mitigated_Index_c0,OB,OB_High,OB_Low,OB_Mitigated_Index,aVWAP_OB_bull_c0_158,aVWAP_OB_bull_c0_134,aVWAP_OB_bull_c0_78,aVWAP_OB_bull_c0_41,aVWAP_OB_bull_c0_34,aVWAP_OB_bull_c0_16,aVWAP_OB_bear_c0_250,aVWAP_QQEMOD_bull_dot_c0_151,aVWAP_QQEMOD_bull_dot_c0_200,aVWAP_QQEMOD_bull_dot_c0_218,aVWAP_QQEMOD_bull_dot_c0_250,aVWAP_QQEMOD_bull_dot_c0_264,aVWAP_QQEMOD_bear_dot_c0_134,aVWAP_QQEMOD_bear_dot_c0_158,aVWAP_QQEMOD_bear_dot_c0_206,aVWAP_QQEMOD_bear_dot_c0_226,aVWAP_QQEMOD_bear_dot_c0_256,aVWAP_price_maxima_minima_valley_c0_1,aVWAP_price_maxima_minima_peak_c0_1,color
2025-05-28 00:00:00+00:00,42.6735406866,43.4925278311,42.6735406866,43.3727928685,13532,0.0,0.0,0.0,0.0,0.0,0.0,0.0,0.0,,,,,,,,,,,,,,,,,,,,#000000
2025-05-29 00:00:00+00:00,43.3344776804,44.0624662533,43.0662713641,43.0950077552,54434,0.0,0.0,0.0,0.0,0.0,0.0,0.0,0.0,,,,,,,,,,,,,,,,,,,,"rgba(38, 166, 154, 0.5)"
2025-05-30 00:00:00+00:00,43.9283630952,44.0193616668,43.1045865522,43.1045865522,111930,0.0,0.0,0.0,0.0,0.0,0.0,0.0,0.0,,,,,,,,,,,,,,,,,,,,"rgba(38, 166, 154, 0.5)"
2025-06-02 00:00:00+00:00,43.6505779818,44.191780013,43.4302656506,43.8517327191,72446,0.0,0.0,0.0,0.0,0.0,0.0,0.0,0.0,,,,,,,,,,,,,,,,,,,,"rgba(38, 166, 154, 0.5)"
2025-06-03 00:00:00+00:00,43.4877384326,43.813417531,43.1812169283,43.6218415908,60913,0.0,0.0,0.0,0.0,0.0,0.0,0.0,0.0,,,,,,,,,,,,,,,,,,,,"rgba(38, 166, 154, 0.5)"
2025-06-04 00:00:00+00:00,43.1907957253,43.5931051998,43.0710607626,43.5643688087,368032,0.0,0.0,0.0,0.0,0.0,0.0,0.0,0.0,,,,,,,,,,,,,,,,,,,,"rgba(38, 166, 154, 0.5)"
2025-06-05 00:00:00+00:00,42.8268014388,43.1907957253,42.6926982807,43.1907957253,74898,0.0,0.0,0.0,0.0,0.0,0.0,0.0,0.0,,,,,,,,,,,,,,,,,,,,"rgba(38, 166, 154, 0.5)"
2025-06-06 00:00:00+00:00,42.1850220391,42.7980650478,42.1850220391,42.7980650478,53001,0.0,0.0,0.0,0.0,0.0,0.0,0.0,0.0,,,,,,,,,,,,,,,,,,,,"rgba(38, 166, 154, 0.5)"
2025-06-09 00:00:00+00:00,42.2329160241,42.5681739195,42.0520683365,42.2999676032,55277,0.0,0.0,0.0,0.0,0.0,0.0,0.0,0.0,,,,,,,,,,,,,,,,,,42.28438609336666,,"rgba(239, 83, 80, 0.5)"
2025-06-10 00:00:00+00:00,42.5011223404,42.7022770777,42.3239145957,42.5969103105,45589,0.0,0.0,0.0,0.0,0.0,0.0,0.0,0.0,,,,,,,,,,,,,,,,,,42.38595347234356,,"rgba(239, 83, 80, 0.5)"
2025-06-11 00:00:00+00:00,42.4628071524,42.5107011374,42.3239145957,42.5107011374,11658,0.0,0.0,0.0,0.0,0.0,0.0,0.0,0.0,,,,,,,,,,,,,,,,,,42.3907732419258,,"rgba(239, 83, 80, 0.5)"
2025-06-12 00:00:00+00:00,43.0566925671,43.0566925671,42.6352254986,42.6352254986,20827,0.0,0.0,0.0,0.0,0.0,0.0,0.0,0.0,,,,,,,,,,,,,,,,,,42.47283589542561,,#000000
2025-06-13 00:00:00+00:00,43.2291109133,43.4733702371,43.0183773791,43.0279561761,33843,0.0,0.0,0.0,0.0,0.0,0.0,0.0,0.0,,,,,,,,,,,,,,,,,,42.62818130173446,,#000000
2025-06-16 00:00:00+00:00,43.2195321163,43.6409991848,42.999219785,43.6122627938,104267,0.0,0.0,0.0,0.0,0.0,0.0,0.0,0.0,,,,,,,,,,,,,,,,,,42.88107082316424,,"rgba(38, 166, 154, 0.5)"
2025-06-17 00:00:00+00:00,43.2099533193,43.3536352745,42.8172226418,43.0279561761,141383,0.0,0.0,0.0,0.0,0.0,0.0,0.0,0.0,,,,,,,,,,,,,,,,,,42.965270445255996,,"rgba(38, 166, 154, 0.5)"
2025-06-18 00:00:00+00:00,42.6160679046,43.3344776804,42.5681739195,43.3344776804,108311,0.0,0.0,0.0,0.0,0.0,0.0,0.0,0.0,,,,,,,,,,,,,,,,,,42.93914693540034,,#000000
2025-06-20 00:00:00+00:00,42.2999676032,42.8315908373,42.2616524151,42.6735406866,145282,1.0,42.831593,42.261654,0.0,0.0,0.0,0.0,0.0,,,,,,42.46440361853333,,,,,,,,,,,,42.83565379417158,,"rgba(239, 83, 80, 0.5)"
2025-06-23 00:00:00+00:00,42.932168206,43.1141653492,42.4628071524,42.4628071524,64461,0.0,0.0,0.0,0.0,0.0,0.0,0.0,0.0,,,,,,42.578724405066964,,,,,,,,,,,,42.835717862151114,,#000000
2025-06-24 00:00:00+00:00,42.999219785,43.3632140715,42.8938530179,43.2291109133,277956,0.0,0.0,0.0,0.0,0.0,0.0,0.0,0.0,,,,,,42.86751230652281,,,,,,,,,,,,42.90451740836378,,#000000
2025-06-25 00:00:00+00:00,42.960904597,42.989640988,42.2951782047,42.7789074538,1316910,0.0,0.0,0.0,0.0,0.0,0.0,0.0,0.0,,,,,,42.78071773793852,,,,,,,,,,,,42.81621840283969,,#000000
2025-06-26 00:00:00+00:00,43.0375349731,43.4302656506,42.8268014388,42.989640988,116489,0.0,0.0,0.0,0.0,0.0,0.0,0.0,0.0,,,,,,42.79996884918399,,,,,,,,,,,,42.82966821101181,,#000000
2025-06-27 00:00:00+00:00,43.0758501611,43.5068960267,42.6783300851,42.8172226418,166847,0.0,0.0,0.0,0.0,0.0,0.0,0.0,0.0,,,,,,42.82290744593265,,,,,,,,,,,,42.84612571703515,,"rgba(38, 166, 154, 0.5)"
2025-06-30 00:00:00+00:00,43.8900479071,43.8996267041,43.0662713641,43.2099533193,94603,0.0,0.0,0.0,0.0,0.0,0.0,0.0,0.0,,,,,,42.85739901538551,,,,,,,,,,,,42.87315641819763,,"rgba(38, 166, 154, 0.5)"
2025-07-01 00:00:00+00:00,44.0912026444,44.4935121188,43.8421539221,43.8613115161,43154,0.0,0.0,0.0,0.0,0.0,0.0,0.0,0.0,,,,,,42.88231167963191,,,,,,,,,,,,42.89309490486715,,"rgba(38, 166, 154, 0.5)"
2025-07-02 00:00:00+00:00,43.4781596356,44.0049934713,43.2195321163,44.0049934713,107758,0.0,0.0,0.0,0.0,0.0,0.0,0.0,0.0,,,,,,42.91395618012478,,,,,,,,,,,,42.918555149886245,,"rgba(38, 166, 154, 0.5)"
2025-07-03 00:00:00+00:00,43.5739476057,43.6409991848,43.2291109133,43.5547900117,39169,0.0,0.0,0.0,0.0,0.0,0.0,0.0,0.0,,,,,,42.92332315200031,,,,,,,,,,,,42.92617293064234,,"rgba(38, 166, 154, 0.5)"
2025-07-07 00:00:00+00:00,43.6601567788,43.775102343,43.4781596356,43.5452112147,94712,0.0,0.0,0.0,0.0,0.0,0.0,0.0,0.0,,,,,,42.95074948804846,,,,,,,,,,,,42.94872615312502,,"rgba(38, 166, 154, 0.5)"
2025-07-08 00:00:00+00:00,43.5260536207,43.6505779818,43.1716381312,43.6505779818,72878,0.0,0.0,0.0,0.0,0.0,0.0,0.0,0.0,,,,,,42.965056264758466,,,,,,,,,,,,42.960645573173046,,"rgba(38, 166, 154, 0.5)"
2025-07-09 00:00:00+00:00,43.6697355758,43.7367871549,43.3823716655,43.6793143729,57137,0.0,0.0,0.0,0.0,0.0,0.0,0.0,0.0,,,,,,42.97894241150631,,,,,,,,,,,,42.972291926274735,,"rgba(38, 166, 154, 0.5)"
2025-07-10 00:00:00+00:00,43.8421539221,44.0624662533,43.5164748237,43.7367871549,100297,0.0,0.0,0.0,0.0,0.0,0.0,0.0,0.0,,,,,,43.00973023632838,,,,,,,,,,,,42.99830214238951,,"rgba(38, 166, 154, 0.5)"
2025-07-11 00:00:00+00:00,44.1295178324,44.1390966294,43.5931051998,43.832575125,67429,0.0,0.0,0.0,0.0,0.0,0.0,0.0,0.0,,,,,,43.0327548211021,,,,,,,,,,,,43.01790981215329,,"rgba(38, 166, 154, 0.5)"
2025-07-14 00:00:00+00:00,43.775102343,44.2444633965,43.6505779818,44.1582542234,108053,0.0,0.0,0.0,0.0,0.0,0.0,0.0,0.0,,,,,,43.0649959409316,,,,,,,,,,,,43.04567324355523,,"rgba(38, 166, 154, 0.5)"
2025-07-15 00:00:00+00:00,43.5835264027,43.8804691101,43.4398444476,43.8804691101,101254,0.0,0.0,0.0,0.0,0.0,0.0,0.0,0.0,,,,,,43.08438682696355,,,,,,,,,,,,43.06273283099394,,"rgba(38, 166, 154, 0.5)"
2025-07-16 00:00:00+00:00,43.6505779818,43.8421539221,43.4206868535,43.6505779818,78879,0.0,0.0,0.0,0.0,0.0,0.0,0.0,0.0,,,,,,43.09868402290713,,,,,,,,,,,,43.07542333136626,,"rgba(38, 166, 154, 0.5)"
2025-07-17 00:00:00+00:00,43.2386897103,43.4494232446,42.970483394,43.4494232446,86792,1.0,43.449425,42.97048,0.0,0.0,0.0,0.0,0.0,,,,,43.219532116299995,43.10202429274966,,,,,,,,,,,,43.078839544197784,,#000000
2025-07-18 00:00:00+00:00,43.7367871549,43.832575125,43.1716381312,43.1716381312,57917,0.0,0.0,0.0,0.0,0.0,0.0,0.0,0.0,,,,,43.363935933778386,43.11068671672584,,,,,,,,,,,,43.086649168519244,,#000000
2025-07-21 00:00:00+00:00,44.3019361786,44.3019361786,43.822996328,43.822996328,147347,0.0,0.0,0.0,0.0,0.0,0.0,0.0,0.0,,,,,43.75662799289814,43.15612434381467,,,,,,,,,,,,43.12687839128728,,"rgba(38, 166, 154, 0.5)"
2025-07-22 00:00:00+00:00,44.8958215933,45.0682399395,44.3881453517,44.3881453517,99387,0.0,0.0,0.0,0.0,0.0,0.0,0.0,0.0,,,,,44.01749426345716,43.2030938956052,,,,,,,,,,,,43.16840858903015,,"rgba(38, 166, 154, 0.5)"
2025-07-23 00:00:00+00:00,44.6755092621,45.0299247515,44.5605636979,44.9628731724,60219,0.0,0.0,0.0,0.0,0.0,0.0,0.0,0.0,,,,,44.11586845701742,43.22976326154503,,,,,,,,,,,,43.19214454473902,,"rgba(38, 166, 154, 0.5)"
2025-07-24 00:00:00+00:00,44.6850880591,44.8910321948,44.4647757278,44.7329820441,39638,0.0,0.0,0.0,0.0,0.0,0.0,0.0,0.0,,,,,44.16140658933634,43.245984228993365,,,,,,,,,,,,43.20665302277433,,"rgba(38, 166, 154, 0.5)"
2025-07-25 00:00:00+00:00,44.7521396382,44.7712972322,44.3402513667,44.7712972322,38666,0.0,0.0,0.0,0.0,0.0,0.0,0.0,0.0,,,,,44.19495498541323,43.260824239514676,,,,,,,,,,,,43.2199792476229,,"rgba(38, 166, 154, 0.5)"
2025-07-28 00:00:00+00:00,44.2923573816,44.8287700143,44.2061482085,44.8287700143,70900,1.0,44.82877,44.20615,0.0,0.0,0.0,0.0,0.0,,,,44.44242520146666,44.2241555697668,43.283750467234405,,,,,,,,,,,,43.24073743181746,,"rgba(38, 166, 154, 0.5)"
2025-07-29 00:00:00+00:00,44.61803648,44.656351668,44.3881453517,44.3881453517,44003,0.0,0.0,0.0,0.0,0.0,0.0,0.0,0.0,,,,44.4852217433814,44.24667482508737,43.29886689352852,,,,,,,,,,,,43.25443530292557,,"rgba(38, 166, 154, 0.5)"
2025-07-30 00:00:00+00:00,45.0203459545,45.0490823455,44.589300089,44.7712972322,80628,0.0,0.0,0.0,0.0,0.0,0.0,0.0,0.0,,,,44.650584399213,44.317753115398176,43.332736939506866,,,,,,,,,,,,43.28503340116426,,"rgba(38, 166, 154, 0.5)"
2025-07-31 00:00:00+00:00,45.0203459545,45.2119218947,44.7712972322,45.2119218947,122435,0.0,0.0,0.0,0.0,0.0,0.0,0.0,0.0,,,,44.78558687116312,44.41643602184582,43.385099507364245,,,,,,,,,,,,43.332545966854305,,"rgba(38, 166, 154, 0.5)"
2025-08-01 00:00:00+00:00,45.3000468272,45.6487322422,45.048218472,45.048218472,164830,0.0,0.0,0.0,0.0,0.0,0.0,0.0,0.0,,,,44.97224973555271,44.56550087495919,43.464037049992015,,,,,,,,,,,,43.40440372199892,,"rgba(38, 166, 154, 0.5)"
2025-08-04 00:00:00+00:00,45.8715034795,46.2347174534,45.3291039451,45.4743895347,36527,0.0,0.0,0.0,0.0,0.0,0.0,0.0,0.0,,,,45.031298415948214,44.608885160394316,43.48494006794265,,,,,,,,,,,,43.42342178566424,,"rgba(38, 166, 154, 0.5)"
2025-08-05 00:00:00+00:00,45.5809323004,46.036160481,45.4356467108,45.5809323004,130920,0.0,0.0,0.0,0.0,0.0,0.0,0.0,0.0,,,,45.16276305735715,44.728174461052745,43.55295347577375,,,,,,,,,,,,43.485674168448114,,"rgba(38, 166, 154, 0.5)"
2025-08-06 00:00:00+00:00,45.72621789,45.9780462452,45.5906180064,45.8618177735,97750,0.0,0.0,0.0,0.0,0.0,0.0,0.0,0.0,,,,45.241460078484096,44.80747736217286,43.602875520386874,,,,,,,,,,,,43.531589815611646,,"rgba(38, 166, 154, 0.5)"
2025-08-07 00:00:00+00:00,46.5591886035,46.6076171333,45.7552750079,45.8327606556,80283,0.0,0.0,0.0,0.0,0.0,0.0,0.0,0.0,,,,45.344775474955775,44.89613247498898,43.652093168631055,,,,,,,,,,,,43.57676766118643,,"rgba(38, 166, 154, 0.5)"
2025-08-08 00:00:00+00:00,47.1887594916,47.4696449648,46.6076171333,46.6076171333,192114,0.0,0.0,0.0,0.0,0.0,0.0,0.0,0.0,,,,45.67310806834218,45.167823555141645,43.79550524215462,,,,,,,,,,,,43.70841945497111,,"rgba(38, 166, 154, 0.5)"
2025-08-11 00:00:00+00:00,46.3170459542,46.8013312528,46.1427032467,46.7432170169,149369,0.0,0.0,0.0,0.0,0.0,0.0,0.0,0.0,,,,45.76852626676542,45.27789438355308,43.87799472886629,,,,,,,,,,,,43.78522425261046,,"rgba(38, 166, 154, 0.75)"
2025-08-12 00:00:00+00:00,45.8908748915,46.2008174825,45.7455893019,46.0942747169,155717,0.0,0.0,0.0,0.0,0.0,0.0,0.0,0.0,,,,45.78934776200697,45.33394470319928,43.94358961870778,,,,,,,,,,,,43.84718384681123,,"rgba(38, 166, 154, 0.75)"
2025-08-13 00:00:00+00:00,45.6293608302,46.2201888945,45.5809323004,45.9199320094,176790,0.0,0.0,0.0,0.0,0.0,0.0,0.0,0.0,,,,45.79179707184552,45.37537216899084,44.00847824264796,,,,,,,,,,,,43.90908076635798,,"rgba(38, 166, 154, 0.75)"
2025-08-14 00:00:00+00:00,46.0652175989,46.1572318057,45.4017467399,45.5131323586,251836,0.0,0.0,0.0,0.0,0.0,0.0,0.0,0.0,,,,45.80370402634236,45.4304304223056,44.09653526086203,,,,,,,,,,,,43.993577227341795,,"rgba(38, 166, 154, 0.75)"
2025-08-15 00:00:00+00:00,46.3557887781,46.394531602,45.9005605974,46.0749033049,184628,0.0,0.0,0.0,0.0,0.0,0.0,0.0,0.0,,,,45.84305900824413,45.48925315423716,44.167432108232916,,,,,,,,,,,,44.06150552309574,,"rgba(38, 166, 154, 0.75)"
2025-08-18 00:00:00+00:00,46.2298746005,46.8013312528,46.0264747751,46.5495028975,141321,0.0,0.0,0.0,0.0,0.0,0.0,0.0,0.0,,,,45.87767509181995,45.535997453738695,44.22195955800711,,,,,,,,,,,,44.1138585476756,,"rgba(38, 166, 154, 0.75)"
2025-08-19 00:00:00+00:00,46.0942747169,46.4139030139,45.9393034213,46.4042173079,133904,0.0,0.0,0.0,0.0,0.0,0.0,0.0,0.0,,,,45.89409501298752,45.56591995114958,44.266474218372366,,,,,,,,,,,,44.1569924854757,,"rgba(38, 166, 154, 0.75)"
2025-08-20 00:00:00+00:00,46.4526458378,46.6657313692,46.3073602482,46.3073602482,59664,0.0,0.0,0.0,0.0,0.0,0.0,0.0,0.0,,,,45.90934549323691,45.585271609309984,44.288975064602255,,,,,,,,,,,,44.178678922190045,,"rgba(38, 166, 154, 0.75)"
2025-08-21 00:00:00+00:00,46.6851027811,46.8691311946,46.5252886326,46.5252886326,102702,0.0,0.0,0.0,0.0,0.0,0.0,0.0,0.0,,,,45.94322171455807,45.62442253010796,44.33040702720479,,,,,,,,,,,,44.21852697808296,,"rgba(38, 166, 154, 0.75)"
2025-08-22 00:00:00+00:00,46.5010743676,46.8594454886,46.4235887199,46.728688458,125331,0.0,0.0,0.0,0.0,0.0,0.0,0.0,0.0,,,,45.97586046018554,45.66453517090333,44.37704495285486,,,,,,,,,,,,44.263608214983186,,"rgba(38, 166, 154, 0.75)"
2025-08-25 00:00:00+00:00,46.0652175989,46.4817029557,45.9296177153,46.2976745423,95684,0.0,0.0,0.0,0.0,0.0,0.0,0.0,0.0,,,,45.9826015198713,45.6796592765956,44.40462976461226,,,,,,,,,,,,44.29066750805026,,"rgba(38, 166, 154, 0.5)"
2025-08-26 00:00:00+00:00,46.1330175407,46.37516019,45.7746464198,46.2298746005,564547,0.0,0.0,0.0,0.0,0.0,0.0,0.0,0.0,,,,46.002540514554326,45.743061084995645,44.546048214261326,,,,,,,,,,,,44.430797280084235,,"rgba(38, 166, 154, 0.5)"
2025-08-27 00:00:00+00:00,45.9683605392,46.0264747751,45.6003037123,46.0264747751,142371,0.0,0.0,0.0,0.0,0.0,0.0,0.0,0.0,,,,45.99661627785452,45.74759060157358,44.57331317392046,,,,,,,,,,,,44.458359071524654,,"rgba(38, 166, 154, 0.5)"
2025-08-28 00:00:00+00:00,45.7843321258,45.9586748333,45.6487322422,45.8908748915,128428,0.0,0.0,0.0,0.0,0.0,0.0,0.0,0.0,,,,45.989157190581814,45.7491999281996,44.59571756080516,,,,,,,,,,,,44.48117305614508,,#000000
2025-08-29 00:00:00+00:00,46.2201888945,46.3461030721,45.6196751243,45.9005605974,66747,0.0,0.0,0.0,0.0,0.0,0.0,0.0,0.0,,,,45.990546362016836,45.75438128525144,44.60953569979813,,,,,,,,,,,,44.49504960130001,,#000000
2025-09-02 00:00:00+00:00,45.7649607138,46.0071033631,45.4598609757,46.0071033631,213343,0.0,0.0,0.0,0.0,0.0,0.0,0.0,0.0,,,,45.97637789965337,45.753858013634435,44.64270791585217,,,,,,,,,,,,44.529134801166755,,#000000
2025-09-03 00:00:00+00:00,45.6777893601,45.9005605974,45.4550181228,45.7552750079,112182,0.0,0.0,0.0,0.0,0.0,0.0,0.0,0.0,,,,45.96762060229916,45.7518984980312,44.65838212749186,,,,,,,,,,,,44.54538562620109,,#000000
2025-09-04 00:00:00+00:00,45.5615608884,46.0652175989,45.387218181,46.0167890691,119464,0.0,0.0,0.0,0.0,0.0,0.0,0.0,0.0,,,,45.958646960313835,45.749747415444595,44.67445766740549,,,,,,,,,,,,44.562097430100984,,"rgba(239, 83, 80, 1.0)"
2025-09-05 00:00:00+00:00,45.3291039451,45.6293608302,45.1644469436,45.6196751243,82268,0.0,0.0,0.0,0.0,0.0,0.0,0.0,0.0,,,,45.946708424662525,45.74296897666755,44.682023443442745,,,,,,,,,,,,44.57031511378782,,"rgba(239, 83, 80, 1.0)"
2025-09-08 00:00:00+00:00,45.1644469436,45.5615608884,45.0869612959,45.5615608884,84145,0.0,0.0,0.0,0.0,0.0,0.0,0.0,0.0,,,,45.932877072484786,45.734411244999336,44.68846458560109,,,,,,,,,,,,44.57749182528665,,"rgba(239, 83, 80, 1.0)"
2025-09-09 00:00:00+00:00,45.2225611795,45.4937609466,45.038532766,45.2709897093,128472,0.0,0.0,0.0,0.0,0.0,0.0,0.0,0.0,,,,45.91223153774547,45.72140602856716,44.69771343717673,,,,,,,,,,,,44.58787168783683,,"rgba(239, 83, 80, 1.0)"
2025-09-10 00:00:00+00:00,45.0094756481,45.2613040033,44.9271471473,45.2613040033,94600,0.0,0.0,0.0,0.0,0.0,0.0,0.0,0.0,,,,45.893759548005114,45.70865821019799,44.702113714772295,,,,,,,,,,,,44.59323161494645,,"rgba(239, 83, 80, 1.0)"
2025-09-11 00:00:00+00:00,45.0966470018,45.3484753571,44.8157615287,44.8157615287,88068,0.0,0.0,0.0,0.0,0.0,0.0,0.0,0.0,,,,45.877691349351316,45.69760160672114,44.70634755472665,,,,,,,,,,,,44.59833130409156,,"rgba(239, 83, 80, 1.0)"
2025-09-12 00:00:00+00:00,45.3000468272,45.367846769,45.0579041779,45.1402326787,61660,0.0,0.0,0.0,0.0,0.0,0.0,0.0,0.0,,,,45.86894823801648,45.69199753613335,44.71044135986151,,,,,,,,,,,,44.60295221267973,,"rgba(239, 83, 80, 1.0)"
2025-09-15 00:00:00+00:00,45.377532475,45.4114324459,45.048218472,45.3969038869,73536,0.0,0.0,0.0,0.0,0.0,0.0,0.0,0.0,,,,45.859429618597,45.6860284192476,44.71557796473982,,,,,,,,,,,,44.6086923297459,,"rgba(239, 83, 80, 0.75)"
2025-09-16 00:00:00+00:00,44.8060758227,45.3969038869,44.8060758227,45.377532475,75555,0.0,0.0,0.0,0.0,0.0,0.0,0.0,0.0,,,,45.845462421503775,45.67603269344831,44.71822130538759,,,,,,,,,,,,44.6121023029747,,"rgba(239, 83, 80, 0.75)"
2025-09-17 00:00:00+00:00,44.8351329406,45.048218472,44.6317331152,44.6317331152,99365,0.0,0.0,0.0,0.0,0.0,0.0,0.0,0.0,,,,45.824315180942804,45.66021468530278,44.719656936237975,,,,,,,,,,,,44.61464655772435,,"rgba(239, 83, 80, 1.0)"
2025-09-18 00:00:00+00:00,44.3895904659,44.8254472346,44.3314762301,44.8254472346,181433,1.0,44.825447,44.33148,0.0,0.0,0.0,0.0,0.0,,,44.515504643533326,45.77598701249456,45.622061160703225,44.71529762879865,,,,,,,,,,,,44.61265190298594,,"rgba(239, 83, 80, 1.0)"
2025-09-19 00:00:00+00:00,44.7867044107,45.1547612377,44.3411619361,44.3411619361,777880,0.0,0.0,0.0,0.0,0.0,0.0,0.0,0.0,,,44.71446928076009,45.637245286006234,45.51438403311674,44.719120355997774,,,,,,,,,,,,44.624422312990575,,"rgba(239, 83, 80, 1.0)"
2025-09-22 00:00:00+00:00,45.0869612959,45.377532475,44.8835614705,44.8835614705,161775,0.0,0.0,0.0,0.0,0.0,0.0,0.0,0.0,,,44.77241353758697,45.6228391769712,45.50428781276614,44.72592465870455,,,,,,,,,,,,44.632409001221596,,"rgba(239, 83, 80, 0.75)"
2025-09-23 00:00:00+00:00,45.3097325332,45.3097325332,44.7382758809,45.0675898839,153959,0.0,0.0,0.0,0.0,0.0,0.0,0.0,0.0,,,44.81429288033677,45.609932431311975,45.49521949482742,44.73223885974866,,,,,,,,,,,,44.63982164210165,,"rgba(239, 83, 80, 0.75)"
2025-09-24 00:00:00+00:00,45.2419325914,45.358161063,45.0772755899,45.2322468854,131736,0.0,0.0,0.0,0.0,0.0,0.0,0.0,0.0,,,44.85282686274319,45.60168898903097,45.48989718713911,44.73892654996755,,,,,,,,,,,,44.64735763181076,,"rgba(239, 83, 80, 0.75)"
2025-09-25 00:00:00+00:00,45.367846769,45.6948362026,45.3533182101,45.4162752989,89620,0.0,0.0,0.0,0.0,0.0,0.0,0.0,0.0,,,44.889909341101145,45.59982293611996,45.48965986805172,44.7456224250139,,,,,,,,,,,,44.6545099931554,,#000000
2025-09-26 00:00:00+00:00,45.6874750661,45.8424463616,45.3097325332,45.3097325332,130250,0.0,0.0,0.0,0.0,0.0,0.0,0.0,0.0,,,44.94782639601328,45.60009731522224,45.491996075314546,44.75698881180433,,,,,,,,,,,,44.66644444566898,,#000000
2025-09-29 00:00:00+00:00,45.9199320094,46.1717603646,45.8424463616,45.8908748915,95842,0.0,0.0,0.0,0.0,0.0,0.0,0.0,0.0,,,45.00514925081736,45.605709356613445,45.49866565799651,44.76864758165341,,,,,,,,,,,,44.67834963412633,,"rgba(38, 166, 154, 0.5)"
2025-09-30 00:00:00+00:00,46.4526458378,46.5010743676,46.0264747751,46.0264747751,112931,0.0,0.0,0.0,0.0,0.0,0.0,0.0,0.0,,,45.08646422786913,45.618107622100325,45.511841367525356,44.78598187173774,,,,,,,,,,,,44.69579295684263,,"rgba(38, 166, 154, 1.0)"
2025-10-01 00:00:00+00:00,46.1136461288,46.8303883707,46.1136461288,46.4235887199,140635,0.0,0.0,0.0,0.0,0.0,0.0,0.0,0.0,,,45.176571470695784,45.633505275762644,45.528176354005495,44.80738966172375,,,,,,,,,,,,44.717341966345955,,"rgba(38, 166, 154, 1.0)"
2025-10-02 00:00:00+00:00,46.4526458378,46.4817029557,45.9102463034,46.0167890691,167778,0.0,0.0,0.0,0.0,0.0,0.0,0.0,0.0,,,45.26304625596596,45.64931762994335,45.54524336673899,44.83103674262934,,,,,,,,,,,,44.74124261263521,,"rgba(38, 166, 154, 1.0)"
2025-10-03 00:00:00+00:00,46.3364173661,46.8594454886,46.3267316602,46.5107600736,81130,0.0,0.0,0.0,0.0,0.0,0.0,0.0,0.0,,,45.308424455955006,45.659325727000585,45.55567080192676,44.84394094356389,,,,,,,,,,,,44.75419743163353,,"rgba(38, 166, 154, 1.0)"
2025-10-06 00:00:00+00:00,46.5301314856,46.5785600154,46.1136461288,46.4332744258,117828,0.0,0.0,0.0,0.0,0.0,0.0,0.0,0.0,,,45.36369834266041,45.67178522470924,45.568868031786465,44.861225858147286,,,,,,,,,,,,44.77162244288189,,"rgba(38, 166, 154, 1.0)"
2025-10-07 00:00:00+00:00,46.6173028393,46.723845605,46.2879888363,46.723845605,156441,0.0,0.0,0.0,0.0,0.0,0.0,0.0,0.0,,,45.43752015928905,45.690633896208965,45.58850411269243,44.8855546899838,,,,,,,,,,,,44.79606935775506,,"rgba(38, 166, 154, 1.0)"
2025-10-08 00:00:00+00:00,46.5204457796,46.8788169005,46.3122031012,46.8691311946,100079,0.0,0.0,0.0,0.0,0.0,0.0,0.0,0.0,,,45.481141752174445,45.702644553141376,45.601005244795545,44.901004263314285,,,,,,,,,,,,44.81159797940122,,"rgba(38, 166, 154, 1.0)"
2025-10-09 00:00:00+00:00,46.2976745423,46.6851027811,46.2492460124,46.6851027811,81824,0.0,0.0,0.0,0.0,0.0,0.0,0.0,0.0,,,45.50950955643374,45.71045948044339,45.609345765329145,44.912237626642245,,,,,,,,,,,,44.82295821413928,,"rgba(38, 166, 154, 1.0)"
2025-10-10 00:00:00+00:00,47.4502735528,47.4841735237,46.3364173661,46.3364173661,99698,0.0,0.0,0.0,0.0,0.0,0.0,0.0,0.0,,,45.56618326676916,45.72877007720044,45.62770321605968,44.93180721475487,,,,,,,,,,,,44.842416088846086,,"rgba(38, 166, 154, 1.0)"
2025-10-13 00:00:00+00:00,47.3727879051,47.9394017044,47.3534164931,47.4890163767,43139,0.0,0.0,0.0,0.0,0.0,0.0,0.0,0.0,,,45.59656745552991,45.73919752166961,45.63798642812203,44.941966797428435,,,,,,,,,,,,44.85245230809592,,"rgba(38, 166, 154, 1.0)"
2025-10-14 00:00:00+00:00,46.733531311,47.6294591133,46.6947884871,47.1693880797,128976,0.0,0.0,0.0,0.0,0.0,0.0,0.0,0.0,,,45.65870629914701,45.760680463843116,45.659672483095015,44.96574336671644,,,,,,,,,,,,44.87615711333841,,"rgba(38, 166, 154, 0.75)"
2025-10-15 00:00:00+00:00,47.0241024901,47.1693880797,46.6754170751,46.6754170751,205038,0.0,0.0,0.0,0.0,0.0,0.0,0.0,0.0,,,45.7429549418712,45.791750870229784,45.69124695037037,45.00131637631476,,,,,,,,,,,,44.91171591091856,,"rgba(38, 166, 154, 0.75)"
2025-10-16 00:00:00+00:00,47.3631021991,47.4987020827,46.8691311946,46.8788169005,100507,0.0,0.0,0.0,0.0,0.0,0.0,0.0,0.0,,,45.789243086085094,45.81001305266063,45.70955877884518,45.02078874921681,,,,,,,,,,,,44.9310938106593,,"rgba(38, 166, 154, 0.75)"
2025-10-17 00:00:00+00:00,47.7892732618,47.8473874976,47.1403309617,47.1403309617,92429,0.0,0.0,0.0,0.0,0.0,0.0,0.0,0.0,,,45.838977838187425,45.83039379253952,45.72976348082079,45.041162481964605,,,,,,,,,,,,44.951276570890364,,"rgba(38, 166, 154, 0.75)"
2025-10-20 00:00:00+00:00,47.731159026,48.0072016462,47.4357449939,47.9055017335,67244,0.0,0.0,0.0,0.0,0.0,0.0,0.0,0.0,,,45.87607475082163,45.84602284845274,45.74521787725631,45.05654169801446,,,,,,,,,,,,44.96649497716942,,"rgba(38, 166, 154, 0.75)"
2025-10-21 00:00:00+00:00,47.6730447902,47.7892732618,47.4502735528,47.6439876722,54892,0.0,0.0,0.0,0.0,0.0,0.0,0.0,0.0,,,45.903914672833274,45.85800793439768,45.75710928367996,45.068559937937586,,,,,,,,,,,,44.978405940847736,,"rgba(38, 166, 154, 1.0)"
2025-10-22 00:00:00+00:00,47.9636159693,48.2057586186,47.6004019954,47.740844732,78184,0.0,0.0,0.0,0.0,0.0,0.0,0.0,0.0,,,45.94837239755863,45.877501239745506,45.776325493197945,45.08736838885618,,,,,,,,,,,,44.996992113797425,,"rgba(38, 166, 154, 1.0)"
2025-10-23 00:00:00+00:00,47.8183303797,48.1379586768,47.7699018499,47.9248731454,66270,0.0,0.0,0.0,0.0,0.0,0.0,0.0,0.0,,,45.98428456671333,45.893622906574585,45.792240053336954,45.103037053621776,,,,,,,,,,,,45.01248600995162,,"rgba(38, 166, 154, 1.0)"
2025-10-24 00:00:00+00:00,47.9055017335,47.9926730872,47.6730447902,47.9151874394,105377,0.0,0.0,0.0,0.0,0.0,0.0,0.0,0.0,,,46.037294078986086,45.91809398196578,45.816456768100224,45.127144618013354,,,,,,,,,,,,45.03635297468326,,"rgba(38, 166, 154, 1.0)"
2025-10-27 00:00:00+00:00,47.6827304961,47.7747447029,47.2856165513,47.7699018499,282843,0.0,0.0,0.0,0.0,0.0,0.0,0.0,0.0,,,46.14629648107214,45.9719231645334,45.870309660515495,45.18347617750976,,,,,,,,,,,,45.09239815886191,,"rgba(38, 166, 154, 1.0)"
2025-10-28 00:00:00+00:00,47.1015881379,47.5374449066,47.0337881961,47.5083877887,135285,0.0,0.0,0.0,0.0,0.0,0.0,0.0,0.0,,,46.181513420075625,45.991017286947184,45.8897895659658,45.20564073070213,,,,,,,,,,,,45.11462207033539,,"rgba(38, 166, 154, 0.75)"
2025-10-29 00:00:00+00:00,46.7916455468,47.1306452558,46.4235887199,47.1306452558,183621,0.0,0.0,0.0,0.0,0.0,0.0,0.0,0.0,,,46.20700790522306,46.007053278596615,45.906877953972796,45.228539946904185,,,,,,,,,,,,45.1378843936602,,"rgba(38, 166, 154, 0.5)"
2025-10-30 00:00:00+00:00,46.9272454304,47.1306452558,46.5688743094,46.5688743094,178091,0.0,0.0,0.0,0.0,0.0,0.0,0.0,0.0,,,46.233451423831504,46.02380273799842,45.924545372856805,45.25142364267883,,,,,,,,,,,,45.161084373933335,,#000000
2025-10-31 00:00:00+00:00,46.6208507134,46.9831635629,46.3770239579,46.9831635629,387641,0.0,0.0,0.0,0.0,0.0,0.0,0.0,0.0,,,46.26728969529823,46.04944589161589,45.952639784663894,45.29278125536494,,,,,,,,,,,,45.203422945533866,,"rgba(239, 83, 80, 1.0)"
2025-11-03 00:00:00+00:00,46.3466680165,46.4886554845,46.0920697979,46.3858369732,227858,0.0,0.0,0.0,0.0,0.0,0.0,0.0,0.0,,,46.26915242738687,46.05545293972412,45.96046513651075,45.31002043314143,,,,,,,,,,,,45.221477383682476,,"rgba(239, 83, 80, 1.0)"
2025-11-04 00:00:00+00:00,46.3270835381,46.5082399629,45.9647706887,46.1410309938,113726,0.0,0.0,0.0,0.0,0.0,0.0,0.0,0.0,,,46.2690990773961,46.05786401455307,45.96378385222269,45.31805150005145,,,,,,,,,,,,45.22992670718955,,"rgba(239, 83, 80, 1.0)"
2025-11-05 00:00:00+00:00,46.5523050392,46.708980866,46.2291611464,46.2291611464,52078,0.0,0.0,0.0,0.0,0.0,0.0,0.0,0.0,,,46.27134338855203,46.060146306860176,45.96641603430118,45.322565512893135,,,,,,,,,,,,45.23459913229584,,"rgba(239, 83, 80, 1.0)"
2025-11-06 00:00:00+00:00,46.8069032577,47.1300471505,46.5033438433,46.6502274309,122462,0.0,0.0,0.0,0.0,0.0,0.0,0.0,0.0,,,46.283622161170214,46.06924508967659,45.9761387396968,45.3358709204166,,,,,,,,,,,,45.24817403119828,,"rgba(239, 83, 80, 1.0)"
2025-11-07 00:00:00+00:00,46.9439946062,47.884049567,46.7775265402,47.4825677608,238502,0.0,0.0,0.0,0.0,0.0,0.0,0.0,0.0,,,46.322417687326926,46.09527649241883,46.002941229803795,45.36774993848574,,,,,,,,,,,,45.28035011658406,,"rgba(239, 83, 80, 0.75)"
2025-11-10 00:00:00+00:00,46.8558644536,47.2083850639,46.7285653443,46.7873187794,120605,0.0,0.0,0.0,0.0,0.0,0.0,0.0,0.0,,,46.335146724695534,46.104877171460124,46.0130903534724,45.381138852256534,,,,,,,,,,,,45.293983047332716,,"rgba(239, 83, 80, 0.75)"
2025-11-11 00:00:00+00:00,46.5816817567,46.8166954969,46.5229283216,46.6208507134,196300,0.0,0.0,0.0,0.0,0.0,0.0,0.0,0.0,,,46.34519856315587,46.11470792687102,46.0240622200641,45.398453128630024,,,,,,,,,,,,45.31184368494062,,"rgba(239, 83, 80, 0.75)"
2025-11-12 00:00:00+00:00,46.6600196701,47.100670433,46.4543826474,46.4543826474,232713,0.0,0.0,0.0,0.0,0.0,0.0,0.0,0.0,,,46.359968349696665,46.12799018863049,46.038571302841554,45.419942753254006,,,,,,,,,,,,45.333929122281674,,"rgba(239, 83, 80, 0.75)"
2025-11-13 00:00:00+00:00,47.4140220866,47.6000746309,46.3858369732,46.4935516041,228842,0.0,0.0,0.0,0.0,0.0,0.0,0.0,0.0,,,46.38751943219202,46.14861308023381,46.060010022013465,45.44654540213003,,,,,,,,,,,,45.36091312446752,,#000000
2025-11-14 00:00:00+00:00,46.9048256495,47.2573462598,46.6208507134,47.2573462598,330566,0.0,0.0,0.0,0.0,0.0,0.0,0.0,0.0,,,46.41395651588141,46.17103416174117,46.08387972455306,45.479035911487664,,,,,,,,,,,,45.39413321435017,,#000000
2025-11-17 00:00:00+00:00,47.8350883711,47.9330107629,46.6306429526,46.6306429526,182119,0.0,0.0,0.0,0.0,0.0,0.0,0.0,0.0,,,46.44158599902828,46.191249982991785,46.104518459104106,45.50276536246197,,,,,,,,,,,,45.418058934028636,,"rgba(38, 166, 154, 0.5)"
2025-11-18 00:00:00+00:00,47.9330107629,48.3540770474,47.7861271753,47.8938418062,135035,0.0,0.0,0.0,0.0,0.0,0.0,0.0,0.0,,,46.471812340699024,46.21222214647238,46.12553904927381,45.52489577167885,,,,,,,,,,,,45.44018336871099,,"rgba(38, 166, 154, 1.0)"
2025-11-19 00:00:00+00:00,47.3552686515,47.8546728495,47.1790083464,47.8350883711,105227,0.0,0.0,0.0,0.0,0.0,0.0,0.0,0.0,,,46.48634578558621,46.22327424256052,46.13685357066127,45.53806015903247,,,,,,,,,,,,45.4534759869072,,"rgba(38, 166, 154, 1.0)"
2025-11-20 00:00:00+00:00,46.7579420619,47.4727755216,46.6893963876,47.4727755216,239939,0.0,0.0,0.0,0.0,0.0,0.0,0.0,0.0,,,46.50210238446607,46.2380891173614,46.1526846863632,45.559951486998955,,,,,,,,,,,,45.475914067034985,,#000000
2025-11-21 00:00:00+00:00,46.4250059299,46.875448932,46.0529008412,46.875448932,317517,0.0,0.0,0.0,0.0,0.0,0.0,0.0,0.0,,,46.50000922295522,46.243515134723175,46.15997603974819,45.5775823312027,,,,,,,,,,,,45.49460070766825,,#000000
2025-11-24 00:00:00+00:00,46.8362799753,47.1790083464,46.459278767,46.5131360825,295226,0.0,0.0,0.0,0.0,0.0,0.0,0.0,0.0,,,46.511953679048695,46.2569642730874,46.17474450222708,45.600111592363305,,,,,,,,,,,,45.51788636769107,,#000000
2025-11-25 00:00:00+00:00,47.3944376082,47.4433988041,46.9929558021,47.0712937155,147049,0.0,0.0,0.0,0.0,0.0,0.0,0.0,0.0,,,46.525711896442395,46.26858361079493,46.18680530413725,45.61506324392203,,,,,,,,,,,,45.53309071460803,,#000000
2025-11-26 00:00:00+00:00,47.6490358268,47.6490358268,47.3063074557,47.3846453691,187073,0.0,0.0,0.0,0.0,0.0,0.0,0.0,0.0,,,46.54828358463228,46.286672054426035,46.2053129875134,45.63659568864855,,,,,,,,,,,,45.55486229771345,,"rgba(38, 166, 154, 0.5)"
2025-11-28 00:00:00+00:00,47.8546728495,47.8693612082,47.5315289567,47.6490358268,81984,0.0,0.0,0.0,0.0,0.0,0.0,0.0,0.0,,,46.55996756839903,46.2957878558573,46.214562957134525,45.64694246701897,,,,,,,,,,,,45.5652847953178,,"rgba(38, 166, 154, 0.5)"
2025-12-01 00:00:00+00:00,47.717581501,47.8644650887,47.2965152165,47.2965152165,197967,0.0,0.0,0.0,0.0,0.0,0.0,0.0,0.0,,,46.584388754369364,46.31547908861015,46.2346600926265,45.67004742926417,,,,,,,,,,,,45.588625703938035,,"rgba(38, 166, 154, 0.5)"
2025-12-02 00:00:00+00:00,47.3063074557,47.8938418062,46.9929558021,47.8938418062,277698,0.0,0.0,0.0,0.0,0.0,0.0,0.0,0.0,,,46.60970641706198,46.33749125985648,46.25743216204608,45.69788225396651,,,,,,,,,,,,45.61691692543881,,"rgba(38, 166, 154, 0.5)"
2025-12-03 00:00:00+00:00,46.9831635629,47.4629832825,46.6453313113,47.4629832825,277527,0.0,0.0,0.0,0.0,0.0,0.0,0.0,0.0,,,46.62240207061503,46.35129743675409,46.272268857712916,45.71899916092121,,,,,,,,,,,,45.63866953901434,,#000000
2025-12-04 00:00:00+00:00,46.4054214515,47.2377617814,46.2879145814,46.8264877361,182043,0.0,0.0,0.0,0.0,0.0,0.0,0.0,0.0,,,46.62281537848066,46.35506924440873,46.27688667407434,45.72851190571472,,,,,,,,,,,,45.64871288048473,,#000000
2025-12-05 00:00:00+00:00,46.4837593649,46.5229283216,46.1606154722,46.3662524948,156418,0.0,0.0,0.0,0.0,0.0,0.0,0.0,0.0,,,46.618982128783045,46.35544230565504,46.278072731494085,45.73429988708821,,,,,,,,,,,,45.65501604177153,,"rgba(239, 83, 80, 1.0)"
2025-12-08 00:00:00+00:00,46.1606154722,46.5523050392,45.8962250144,46.5523050392,253972,1.0,46.552303,45.896225,0.0,0.0,0.0,0.0,0.0,,46.20304850859999,46.60819289235477,46.35277729154349,46.276806923338704,45.74087494975631,,,,,,,46.20304850859999,,,,,45.66248813470016,,"rgba(239, 83, 80, 1.0)"
2025-12-09 00:00:00+00:00,46.0822775588,46.4347981691,46.0431086021,46.3074990598,132589,0.0,0.0,0.0,0.0,0.0,0.0,0.0,0.0,,46.1974506719585,46.6025616034736,46.35127503655825,46.27602041725751,45.74411614134044,,,,,,,46.1974506719585,,,,,45.666193298493795,,"rgba(239, 83, 80, 1.0)"
2025-12-10 00:00:00+00:00,46.1606154722,46.4837593649,46.0724853196,46.209576668,433174,0.0,0.0,0.0,0.0,0.0,0.0,0.0,0.0,,46.21938202351053,46.58735334455586,46.348050444039664,46.274992384314714,45.755595988573525,,,,,,,46.21938202351053,,,,,45.67912009417051,,"rgba(239, 83, 80, 1.0)"
2025-12-11 00:00:00+00:00,46.3662524948,46.7481498227,46.2879145814,46.4886554845,245852,0.0,0.0,0.0,0.0,0.0,0.0,0.0,0.0,,46.27661366719489,46.58457273951921,46.34996455020786,46.27797472897718,45.764846980142394,,,,,,,46.27661366719489,,,,,45.689090290104346,,"rgba(239, 83, 80, 1.0)"
2025-12-12 00:00:00+00:00,46.9244101278,46.9733713237,46.3662524948,46.3662524948,301815,0.0,0.0,0.0,0.0,0.0,0.0,0.0,0.0,,46.38213273269507,46.5892810233877,46.35777639059112,46.28687448636399,45.780390813704976,,,,,,,46.38213273269507,,,,,45.70538200686675,,"rgba(239, 83, 80, 0.75)"
2025-12-15 00:00:00+00:00,47.2769307381,47.2965152165,46.8215916165,46.9929558021,247428,0.0,0.0,0.0,0.0,0.0,0.0,0.0,0.0,,46.49697998034886,46.601315487581374,46.3698317941955,46.299609452766944,45.79756585676686,,,,,,,46.49697998034886,,,,,45.72303775557709,,#000000
2025-12-16 00:00:00+00:00,47.4140220866,47.658828066,47.076189835,47.5609056742,206600,0.0,0.0,0.0,0.0,0.0,0.0,0.0,0.0,,46.597480405768806,46.615534081776836,46.382841025441245,46.31307676662107,45.81421524636283,,,,,,,46.597480405768806,,,,,45.74001993419368,,"rgba(38, 166, 154, 0.5)"
2025-12-17 00:00:00+00:00,47.5315289567,47.7077892619,46.8852411711,47.1888005856,345477,0.0,0.0,0.0,0.0,0.0,0.0,0.0,0.0,,46.72141945650549,46.637948018326306,46.40369285184043,46.33469785707632,45.841147780123414,,,,,,,46.72141945650549,,,,,45.76751705498842,,"rgba(38, 166, 154, 0.5)"
2025-12-18 00:00:00+00:00,47.5217367175,47.7861271753,47.2965152165,47.6490358268,253049,0.0,0.0,0.0,0.0,0.0,0.0,0.0,0.0,,46.806471982678346,46.65692848309148,46.42084340644049,46.352334501005,45.86228888872361,,,,,,,46.806471982678346,,,,,45.78902435815627,,"rgba(38, 166, 154, 1.0)"
2025-12-19 00:00:00+00:00,47.2769307381,47.9623874804,47.1202549113,47.4825677608,230310,0.0,0.0,0.0,0.0,0.0,0.0,0.0,0.0,,46.86267232892438,46.67197611456015,46.43489607690242,46.36686460672226,45.88015996791351,,,,,,,46.86267232892438,,,,,45.80725503107115,,"rgba(38, 166, 154, 1.0)"
2025-12-22 00:00:00+00:00,47.4727755216,47.4727755216,46.708980866,47.3356841732,182303,0.0,0.0,0.0,0.0,0.0,0.0,0.0,0.0,,46.88555248587768,46.680026138192495,46.443245898103754,46.375666869997936,45.891952457171314,,,,,,,46.88555248587768,,,,,45.81938445842857,,"rgba(38, 166, 154, 1.0)"
2025-12-23 00:00:00+00:00,48.0113486763,48.0701021113,47.6294513485,47.6294513485,281128,0.0,0.0,0.0,0.0,0.0,0.0,0.0,0.0,,46.97747255152826,46.70721788284417,46.46686464305712,46.399647439880425,45.91892677664743,,,,,,,46.97747255152826,,,,,45.84665398375447,,"rgba(38, 166, 154, 1.0)"
2025-12-24 00:00:00+00:00,48.0603098722,48.2463624165,47.6490358268,47.6490358268,88444,0.0,0.0,0.0,0.0,0.0,0.0,0.0,0.0,,47.005307251449885,46.71609088053754,46.47455110863747,46.4074378657033,45.92760683498206,,,,,,,47.005307251449885,,,,,45.855420642258316,,"rgba(38, 166, 154, 1.0)"
2025-12-26 00:00:00+00:00,48.1190633072,48.4715839175,47.6784125443,48.050517633,72704,0.0,0.0,0.0,0.0,0.0,0.0,0.0,0.0,,47.029381281031654,46.72388578218299,46.481244466433,46.4142049298024,45.935047159090516,,,,,,,47.029381281031654,,,,,45.862924281777815,,"rgba(38, 166, 154, 1.0)"
2025-12-29 00:00:00+00:00,48.1484400247,48.4177266021,47.9330107629,48.1190633072,136369,0.0,0.0,0.0,0.0,0.0,0.0,0.0,0.0,,47.074835209722636,46.73907826142839,46.49424220311384,46.42732643043561,45.94935750185958,,,,,,,47.074835209722636,,,,,45.87734375781159,,"rgba(38, 166, 154, 1.0)"
2025-12-30 00:00:00+00:00,48.2953236124,48.4412279761,48.0847904701,48.0994788289,107638,0.0,0.0,0.0,0.0,0.0,0.0,0.0,0.0,,47.11150969708302,46.751731146703925,46.5050105995257,46.438176485105636,45.96106476840999,,,,,,,47.11150969708302,,,,,45.889126398995025,,"rgba(38, 166, 154, 1.0)"
2025-12-31 00:00:00+00:00,48.216985699,48.4813761567,48.1778167423,48.4422072,95093,0.0,0.0,0.0,0.0,0.0,0.0,0.0,0.0,,47.14257326487809,46.762869214570266,46.51451330967047,46.44775084865014,45.97139086956017,,,,,,,47.14257326487809,,,,,45.899518872007256,,"rgba(38, 166, 154, 1.0)"
2026-01-02 00:00:00+00:00,48.2071934598,48.5401295917,48.1288555464,48.1876089814,95485,0.0,0.0,0.0,0.0,0.0,0.0,0.0,0.0,,47.17216236516482,46.77389228954077,46.52395404481063,46.4572656879763,45.98166789153519,,48.29205953263334,,,,,47.17216236516482,,,,,45.909864127145696,,"rgba(38, 166, 154, 1.0)"
2026-01-05 00:00:00+00:00,47.6686203052,48.1190633072,47.3356841732,48.1190633072,279816,0.0,0.0,0.0,0.0,0.0,0.0,0.0,0.0,,47.209732616718,46.793211930271426,46.54209692546287,46.47589000825137,46.00378167551544,,47.856440735761375,,,,,47.209732616718,,,,,45.93236101254408,,"rgba(38, 166, 154, 0.75)"
2026-01-06 00:00:00+00:00,47.9917641979,48.109271068,47.2916190969,47.3063074557,149954,0.0,0.0,0.0,0.0,0.0,0.0,0.0,0.0,,47.231027984413636,46.80422422760736,46.55232394780697,46.48635507016786,46.016012970845004,,47.83962855250323,,,,,47.231027984413636,,,,,45.944784885702425,,"rgba(38, 166, 154, 0.75)"
2026-01-07 00:00:00+00:00,47.8350883711,48.2659468948,47.658828066,48.0309331546,126581,0.0,0.0,0.0,0.0,0.0,0.0,0.0,0.0,,47.2514708998321,46.81445635266503,46.56166404328802,46.495873530706454,46.02690922451303,,47.85522715654985,,,,,47.2514708998321,,,,,45.95582856060774,,"rgba(38, 166, 154, 0.75)"
2026-01-08 00:00:00+00:00,47.9819719588,48.4519994392,47.7959194144,47.9330107629,88718,0.0,0.0,0.0,0.0,0.0,0.0,0.0,0.0,,47.26828259024092,46.82251730813229,46.56888101301221,46.50319554986878,46.035098077311964,,47.88175113925745,,,,,47.26828259024092,,,,,45.964107104028635,,"rgba(38, 166, 154, 0.75)"
2026-01-09 00:00:00+00:00,47.8742573278,48.2953236124,47.6196591093,47.6196591093,257070,0.0,0.0,0.0,0.0,0.0,0.0,0.0,0.0,,47.30515563157857,46.84263513581609,46.58741005761656,46.52208862469132,46.05678001082379,,47.89411873914754,,,,,47.30515563157857,,,,,45.98609141009612,,"rgba(38, 166, 154, 0.75)"
2026-01-12 00:00:00+00:00,46.7971110186,47.4825677608,46.5033438433,47.4336065649,318236,0.0,0.0,0.0,0.0,0.0,0.0,0.0,0.0,,47.28078789726619,46.84450581663606,46.59305023456271,46.528630965606496,46.06894532456106,,47.66038761125234,,,,,47.28078789726619,,,,,45.99895000592755,,#000000
2026-01-13 00:00:00+00:00,46.9831635629,47.2573462598,46.4739671258,46.6306429526,306069,1.0,47.257347,46.47397,0.0,1.0,47.257347,46.47397,0.0,46.90482564950001,47.25881059429603,46.84575555439091,46.597942606474156,46.53437804882607,46.080026256496765,,47.517807945883774,,,,,47.25881059429603,46.90482564950001,,,,46.01069375210923,,"rgba(239, 83, 80, 1.0)"
2026-01-14 00:00:00+00:00,47.6196591093,47.7665426969,46.9048256495,46.9048256495,402138,0.0,0.0,0.0,0.0,0.0,0.0,0.0,0.0,47.20322751405109,47.27104531312205,46.86124726819991,46.61475782122376,46.55200797714588,46.10314286940658,,47.50043046509136,,,,,,47.20322751405109,,,,46.03446979916838,,"rgba(239, 83, 80, 1.0)"
2026-01-15 00:00:00+00:00,47.825296132,47.9330107629,47.3601647711,47.5021522392,364695,0.0,0.0,0.0,0.0,0.0,0.0,0.0,0.0,47.3741806391645,47.29748057601398,46.8810763042272,46.63439253385319,46.572242586815605,46.127649862035895,,47.531839002070264,,,,,,47.3741806391645,,,,46.05948026927521,,#000000
2026-01-16 00:00:00+00:00,48.1876089814,48.1974012206,47.6392435876,47.7959194144,279506,0.0,0.0,0.0,0.0,0.0,0.0,0.0,0.0,47.505191369290564,47.32909651889259,46.90098934077995,46.65307543839485,46.59127983592368,46.14942762072659,,47.581726607485464,,,,,,47.505191369290564,,,,46.08157050226889,,#000000
2026-01-20 00:00:00+00:00,49.2451708124,49.3137164866,48.2316740577,48.4519994392,204873,0.0,0.0,0.0,0.0,0.0,0.0,0.0,0.0,47.69266116710466,47.37966163156341,46.92693351806553,46.67555174328814,46.61379130822526,46.17283435580767,,47.6778803118651,,,,,,47.69266116710466,,,,46.10504576213583,,"rgba(38, 166, 154, 1.0)"
2026-01-21 00:00:00+00:00,48.6870131794,49.5291457485,48.5597140701,49.0395337897,334970,0.0,0.0,0.0,0.0,0.0,0.0,0.0,0.0,47.91086372844649,47.455553630884715,46.967852501614935,46.711282406069046,46.6496029968525,46.21020089222974,,47.808126789615166,,,,,,47.91086372844649,,,,46.14254063112032,,"rgba(38, 166, 154, 1.0)"
2026-01-22 00:00:00+00:00,48.5988830268,49.225586334,48.5401295917,48.7163898969,238767,0.0,0.0,0.0,0.0,0.0,0.0,0.0,0.0,48.009163633083865,47.500618050746965,46.99403923440437,46.73453157998289,46.672962224103614,46.234908521894624,,47.87601693741108,,,,,,48.009163633083865,,,,46.16737716357752,,"rgba(38, 166, 154, 1.0)"
2026-01-23 00:00:00+00:00,48.8045200495,48.9122346804,48.3247003299,48.8241045278,194918,0.0,0.0,0.0,0.0,0.0,0.0,0.0,0.0,48.06542168235174,47.53231396022056,47.0136144530007,46.75215327693038,46.69070462467546,46.25389404645138,,47.91907407452395,,,,,,48.06542168235174,,,,46.18649022599002,,"rgba(38, 166, 154, 1.0)"
2026-01-26 00:00:00+00:00,48.6282597443,49.3235087258,48.4715839175,48.7947278103,158289,0.0,0.0,0.0,0.0,0.0,0.0,0.0,0.0,48.11272327916731,47.55954515534354,47.03036858752798,46.76715969888245,46.70579089886049,46.269893788846694,,47.95609246380856,,,,,,48.11272327916731,,,,46.20258035910197,,"rgba(38, 166, 154, 1.0)"
2026-01-27 00:00:00+00:00,49.2647552907,49.4801845526,48.8045200495,48.8045200495,161008,0.0,0.0,0.0,0.0,0.0,0.0,0.0,0.0,48.17787738710707,47.59405506800252,47.05062442140203,46.78496755195601,46.72361856565805,46.28834088176143,,48.00596925557465,,,,,,48.17787738710707,,,,46.221074630559,,"rgba(38, 166, 154, 1.0)"
2026-01-28 00:00:00+00:00,49.225586334,49.6074836619,49.0395337897,49.3430932041,297647,0.0,0.0,0.0,0.0,0.0,0.0,0.0,0.0,48.290446807431344,47.65820741977303,47.08892537310276,46.818654051047496,46.757323045075715,46.3230813354258,,48.09577192850376,,,,,,48.290446807431344,,,,46.25588810243334,,"rgba(38, 166, 154, 1.0)"
2026-01-29 00:00:00+00:00,49.3724699216,49.7984323258,49.2843397691,49.5193535093,275803,0.0,0.0,0.0,0.0,0.0,0.0,0.0,0.0,48.392812776306066,47.72004185134241,47.126293435841944,46.8514592666949,46.7901077628166,46.35662236617702,,48.18027339192101,,,,,,48.392812776306066,,,,46.28946879937625,,"rgba(38, 166, 154, 1.0)"
2026-01-30 00:00:00+00:00,49.0609650843,49.2688505296,47.5265725121,47.5265725121,460668,0.0,0.0,0.0,0.0,0.0,0.0,0.0,0.0,48.42110669527185,47.76813335944168,47.16418321668814,46.887045952071446,46.8260961449458,46.39600478350228,,48.22071479713224,,,,,,48.42110669527185,,,,46.32923706540178,,"rgba(38, 166, 154, 1.0)"
2026-02-02 00:00:00+00:00,48.5659997385,49.1500588466,48.1799267687,48.8827775598,189823,0.0,0.0,0.0,0.0,0.0,0.0,0.0,0.0,48.43145295342795,47.78676970697497,47.179378845886575,46.90140492084485,46.84062292157556,46.411930640107066,,48.23577168284127,,,,,,48.43145295342795,,,,46.3453239024149,,"rgba(38, 166, 154, 0.75)"
2026-02-03 00:00:00+00:00,49.348044985,49.5707793906,48.49670459,48.615496273,316204,0.0,0.0,0.0,0.0,0.0,0.0,0.0,0.0,48.48487086629679,47.83366131393322,47.21259157923463,46.93165542697559,46.87100672870575,46.4439009695242,,48.28765988651682,,,,,,48.48487086629679,,,,46.377454292163335,,"rgba(38, 166, 154, 0.75)"
2026-02-04 00:00:00+00:00,49.823211717,49.9816006277,49.4272394403,49.6450241925,257531,0.0,0.0,0.0,0.0,0.0,0.0,0.0,0.0,48.55785665789099,47.886151540091376,47.24706728620612,46.96229078131906,46.901616566498724,46.4751180802239,,48.352787897586495,,,,,,48.55785665789099,,,,46.40870179011617,,"rgba(38, 166, 154, 0.75)"
2026-02-05 00:00:00+00:00,49.704420034,50.1993853799,49.6153262717,49.8133124101,573744,0.0,0.0,0.0,0.0,0.0,0.0,0.0,0.0,48.704459579456945,47.99883916893266,47.32341538497613,47.03046651558111,46.96973898351573,46.54456088435599,,48.48750739316349,,,,,,48.704459579456945,,,,46.47821223188858,,"rgba(38, 166, 154, 1.0)"
2026-02-06 00:00:00+00:00,48.8728782529,50.0805936969,48.7540865699,49.9420034,385814,0.0,0.0,0.0,0.0,0.0,0.0,0.0,0.0,48.74240871628362,48.04503009310216,47.36055065165948,47.065052983235226,47.004528381599464,46.58140170872623,,48.53048269790636,,,,,,48.74240871628362,,,,46.51527595561031,,"rgba(38, 166, 154, 0.75)"
2026-02-09 00:00:00+00:00,48.5659997385,49.1302602328,48.3680136001,48.981770629,424494,0.0,0.0,0.0,0.0,0.0,0.0,0.0,0.0,48.73845168554253,48.07040719784392,47.3883196305088,47.09258347781276,47.0324933044112,46.61266036908338,,48.53984928562301,,,,,,48.73845168554253,,,,46.54693898744369,,"rgba(38, 166, 154, 0.5)"
2026-02-10 00:00:00+00:00,48.377912907,48.9124754806,48.1007323133,48.3680136001,539285,0.0,0.0,0.0,0.0,0.0,0.0,0.0,0.0,48.71517804177986,48.08918372691935,47.416157338938824,47.12150687472169,47.0620711309925,46.646907453814215,,48.53450407868771,,,,,,48.71517804177986,,,,46.58177909156467,,#000000
2026-02-11 00:00:00+00:00,48.5659997385,48.7540865699,47.9522427096,48.4175101347,419093,0.0,0.0,0.0,0.0,0.0,0.0,0.0,0.0,48.69720035252708,48.10116523729438,47.43603433341751,47.14251634257238,47.08360012724667,46.67209787132441,,48.52879313111037,,,,,,48.69720035252708,,,,46.60744034486954,,#000000
2026-02-12 00:00:00+00:00,49.9222047862,50.2686805283,48.6550935007,48.6550935007,446638,0.0,0.0,0.0,0.0,0.0,0.0,0.0,0.0,48.753902679470656,48.15677237250695,47.48089221168124,47.18430298035323,47.12554138733413,46.715896088983435,,48.585566205849815,,,,,,48.753902679470656,,,,46.65143678839292,,"rgba(38, 166, 154, 0.5)"
2026-02-13 00:00:00+00:00,50.9517327056,51.2487119132,49.9618020139,49.9618020139,330607,0.0,0.0,0.0,0.0,0.0,0.0,0.0,0.0,48.83988560819104,48.22462717437137,47.529514830589605,47.2279919129846,47.16909376890417,46.75952935853407,,48.66507409456864,,,,,,48.83988560819104,,,,46.695023760600286,,"rgba(38, 166, 154, 1.0)"
2026-02-17 00:00:00+00:00,51.1893160717,51.624885576,50.8849123839,51.1200209232,905661,0.0,0.0,0.0,0.0,0.0,0.0,0.0,0.0,49.09582822650897,48.42798515305403,47.675760792275554,47.35909451746235,47.29962403598012,46.8891758758908,,48.90277644630102,,,,,,49.09582822650897,,,,46.82438241738647,,"rgba(38, 166, 154, 1.0)"
2026-02-18 00:00:00+00:00,50.3775729044,51.268510527,50.3478749837,51.268510527,263223,0.0,0.0,0.0,0.0,0.0,0.0,0.0,0.0,49.143122760719365,48.4710808711,47.70967496379167,47.39024712852862,47.330746576040184,46.920711380665196,,48.948934626941146,,,,,,49.143122760719365,,,,46.85593728380597,,"rgba(38, 166, 154, 1.0)"
2026-02-19 00:00:00+00:00,50.6745521119,50.8873872107,50.2191839937,50.5755590428,292851,0.0,0.0,0.0,0.0,0.0,0.0,0.0,0.0,49.190196148879494,48.51562780293067,47.74562885365362,47.423487203123315,47.363979996967565,46.954529864277575,,48.99551732733085,,,,,,49.190196148879494,,,,46.88979735706469,,"rgba(38, 166, 154, 1.0)"
2026-02-20 00:00:00+00:00,50.793343795,51.0903230025,50.2686805283,50.9715313195,436647,0.0,0.0,0.0,0.0,0.0,0.0,0.0,0.0,49.260682653439716,48.582435805619106,47.799860588553706,47.47367259175814,47.41414438822411,47.005488843122485,,49.065285211353086,,,,,,49.260682653439716,,,,46.94080845785445,,"rgba(38, 166, 154, 1.0)"
2026-02-23 00:00:00+00:00,50.6844514189,52.2881391395,49.6450241925,52.2881391395,395022,0.0,0.0,0.0,0.0,0.0,0.0,0.0,0.0,49.32528484467442,48.643618918888905,47.849763688118095,47.51988285460238,47.4603216976068,47.05229230154048,,49.129187325842196,,,,,,49.32528484467442,,,,46.98764684840612,,"rgba(38, 166, 154, 1.0)"
2026-02-24 00:00:00+00:00,50.4864652805,51.1992153786,49.9865502812,50.6844514189,371934,0.0,0.0,0.0,0.0,0.0,0.0,0.0,0.0,49.37009055927582,48.690578736052686,47.89054453809743,47.558275237030536,47.498774372598575,47.091785685089725,,49.17520384700196,,,,,,49.37009055927582,,,,47.02724346962173,,"rgba(38, 166, 154, 1.0)"
2026-02-25 00:00:00+00:00,50.6349548843,50.8378906761,49.823211717,50.2587812214,288669,0.0,0.0,0.0,0.0,0.0,0.0,0.0,0.0,49.39923934406242,48.72312353460929,47.919910014390425,47.58619216345384,47.526770023097505,47.120742541926056,,49.20586559240814,,,,,,49.39923934406242,,,,47.0563050087518,,"rgba(38, 166, 154, 1.0)"
2026-02-26 00:00:00+00:00,50.427069439,50.7289983,50.2785798352,50.7042500327,444212,0.0,0.0,0.0,0.0,0.0,0.0,0.0,0.0,49.44296737340834,48.77218604192101,47.96460304487075,47.62878801924116,47.569490405877254,47.164942515399176,,49.25190361236589,,,,,,49.44296737340834,,,,47.10066809508613,,"rgba(38, 166, 154, 1.0)"
2026-02-27 00:00:00+00:00,51.5159931999,51.7585262194,50.6151562704,50.6547534981,203427,0.0,0.0,0.0,0.0,0.0,0.0,0.0,0.0,49.476742250401415,48.80409385925165,47.99104808238054,47.653361488480364,47.59403278815396,47.189701755290756,,49.28523173922156,,,,,,49.476742250401415,,,,47.125432317976994,,"rgba(38, 166, 154, 1.0)"
2026-03-02 00:00:00+00:00,50.8230417157,51.7931737936,50.5656597358,51.7931737936,423886,0.0,0.0,0.0,0.0,0.0,0.0,0.0,0.0,49.534679688879585,48.86200138851994,48.04098714021887,47.700274081362544,47.640954530312165,47.23744181386081,,49.34355208811014,,,,,,49.534679688879585,,,,47.173240099677756,,"rgba(38, 166, 154, 1.0)"
2026-03-03 00:00:00+00:00,51.0012292402,51.1398195371,49.9439832614,50.4666666667,320686,0.0,0.0,0.0,0.0,0.0,0.0,0.0,0.0,49.56592564494464,48.896910476754414,48.073256086032366,47.7311466600763,47.67191123487835,47.26940402379648,,49.3763237271781,,,,,,49.56592564494464,,,,47.20531395714483,,"rgba(38, 166, 154, 1.0)"
2026-03-04 00:00:00+00:00,51.5456911207,51.634784883,50.6616830129,50.8230417157,480898,0.0,0.0,0.0,0.0,0.0,0.0,0.0,0.0,49.63248423943192,48.963099959333235,48.13068989727223,47.78518486057964,47.72594469630929,47.324250249284454,,49.44314479841992,,,,,,49.63248423943192,,,,47.260222867496005,,"rgba(38, 166, 154, 1.0)"
2026-03-05 00:00:00+00:00,51.6743821106,51.9020661697,51.0259775075,51.6743821106,326222,0.0,0.0,0.0,0.0,0.0,0.0,0.0,0.0,49.68127052287194,49.01063160557913,48.17153521259245,47.82350556083396,47.76423509190726,47.362938717081256,,49.49175795860293,,,,,,49.68127052287194,,,,47.29893144831763,,"rgba(38, 166, 154, 1.0)"
2026-03-06 00:00:00+00:00,51.8030731006,51.9614620112,51.2586112201,51.5852883484,350317,0.0,0.0,0.0,0.0,0.0,0.0,0.0,0.0,49.73470754266699,49.06248506213208,48.216103967943084,47.86531644924874,47.806003446439405,47.40507113330613,,49.54492198876758,,,,,,49.73470754266699,,,,47.34107665868752,,"rgba(38, 166, 154, 1.0)"
2026-03-09 00:00:00+00:00,51.6545834968,52.0802536943,51.38730221,51.8624689421,210760,0.0,0.0,0.0,0.0,0.0,0.0,0.0,0.0,49.766021878461764,49.093102078442605,48.24262611583469,47.8902505461145,47.83091592840362,47.43021756563455,,49.57615367601767,,,,,,49.766021878461764,,,,47.366233541676735,,"rgba(38, 166, 154, 1.0)"
2026-03-10 00:00:00+00:00,52.0406564666,52.2881391395,51.5159931999,51.9515627043,310273,0.0,0.0,0.0,0.0,0.0,0.0,0.0,0.0,49.81585458067297,49.140943286023585,48.283610005644356,47.928653862786064,47.8692609390526,47.46876187347926,,49.625539365966304,,,,,,49.81585458067297,,,,47.404771478116686,,"rgba(38, 166, 154, 1.0)"
2026-03-11 00:00:00+00:00,52.0505557735,52.4366287433,51.7139793383,52.1495488427,270113,0.0,0.0,0.0,0.0,0.0,0.0,0.0,0.0,49.859735759970626,49.18301347908137,48.319690931058815,47.962470160844575,47.903021300643346,47.50266144525945,,49.66900304228417,,,,,,49.859735759970626,,,,47.43866076226608,,"rgba(38, 166, 154, 1.0)"
2026-03-12 00:00:00+00:00,52.6148162678,52.9810906238,52.1000523081,52.1000523081,256048,0.0,0.0,0.0,0.0,0.0,0.0,0.0,0.0,49.90882086670447,49.22849065852759,48.357727369698864,47.99784913046487,47.93829602481247,47.537795451480086,,49.71706720802943,,,,,,49.90882086670447,,,,47.47374337370518,,"rgba(38, 166, 154, 1.0)"
2026-03-13 00:00:00+00:00,52.9612920099,53.0602850791,52.5356218125,52.5356218125,306249,0.0,0.0,0.0,0.0,0.0,0.0,0.0,0.0,49.9713373669889,49.28584714037015,48.40537927122653,48.04207194225123,47.9823666037229,47.58154598045494,,49.77808782111476,,,,,,49.9713373669889,,,,47.517409473076086,,"rgba(38, 166, 154, 1.0)"
2026-03-16 00:00:00+00:00,53.1394795345,53.3671635936,52.9216947823,53.2879691382,329903,0.0,0.0,0.0,0.0,0.0,0.0,0.0,0.0,50.04227280070922,49.350504301562744,48.458872892679395,48.09163958841498,48.03174363149176,47.6304293071293,,49.84718156947357,53.14277930346667,,,,,50.04227280070922,,,,47.56617935281753,,"rgba(38, 166, 154, 1.0)"
2026-03-17 00:00:00+00:00,52.9018961684,53.3374656728,52.7435072577,53.3374656728,381634,0.0,0.0,0.0,0.0,0.0,0.0,0.0,0.0,50.116727477308906,49.41982241795637,48.51735240569121,48.14614061078855,48.08607180912016,47.684421894592134,,,53.06313666862219,,,,,50.116727477308906,,,,47.620077791690484,,"rgba(38, 166, 154, 1.0)"
2026-03-18 00:00:00+00:00,52.5752190401,53.2087746829,52.5455211194,53.2087746829,355971,0.0,0.0,0.0,0.0,0.0,0.0,0.0,0.0,50.17786210830585,49.47834629165631,48.567968104258405,48.193660608904544,48.13348386644411,47.731787282602276,,,52.96755651333394,,,,,50.17786210830585,,,,47.66739729005372,,"rgba(38, 166, 154, 0.75)"
2026-03-19 00:00:00+00:00,51.753576566,52.7435072577,51.624885576,52.7435072577,402506,0.0,0.0,0.0,0.0,0.0,0.0,0.0,0.0,50.22504903409512,49.527883752677226,48.61401375388076,48.237790214066344,48.17763689515884,47.776635245208105,,,52.713761086743375,,,,,50.22504903409512,,,,47.71231017827435,,"rgba(38, 166, 154, 0.75)"
2026-03-20 00:00:00+00:00,50.7537465673,52.1792467634,50.7537465673,51.7733751798,1351363,0.0,0.0,0.0,0.0,0.0,0.0,0.0,0.0,50.30373242732898,49.631565250667464,48.72545914204218,48.34871543744711,48.28917078811993,47.89320013910126,,,52.00255930104164,,,,,50.30373242732898,,,,47.82952074145204,,"rgba(38, 166, 154, 0.5)"
2026-03-23 00:00:00+00:00,50.2686805283,50.9517327056,50.189486073,50.5755590428,244855,0.0,0.0,0.0,0.0,0.0,0.0,0.0,0.0,50.30606019973501,49.640723409821085,48.73882743594594,48.36287391594452,48.30351941480414,47.90886855658073,,,51.88017357613253,,,,,50.30606019973501,,,,47.845371230975616,,"rgba(239, 83, 80, 1.0)"
2026-03-24 00:00:00+00:00,50.0112985485,50.6943507258,49.9914999346,50.2884791421,273899,0.0,0.0,0.0,0.0,0.0,0.0,0.0,0.0,50.30492392131486,49.647865662685945,48.75152145486578,48.37672880523027,48.317612097366734,47.924566144608,,,51.74505068067135,,,,,50.30492392131486,50.232383069633336,,,47.86129313261999,,"rgba(239, 83, 80, 1.0)"
2026-03-25 00:00:00+00:00,50.5656597358,51.1198229371,50.07069439,50.2191839937,380270,0.0,0.0,0.0,0.0,0.0,0.0,0.0,0.0,50.31080337241833,49.66331928235762,48.77290863217029,48.39922250951274,48.34038464371774,47.94929198703836,,,51.62651956755499,,,,,,50.43758820879492,,,47.88628861706838,,"rgba(239, 83, 80, 1.0)"
2026-03-26 00:00:00+00:00,51.0507257748,51.4071008239,50.2884791421,50.7735451811,472915,0.0,0.0,0.0,0.0,0.0,0.0,0.0,0.0,50.32616572742079,49.68847110567226,48.80353872898602,48.430693019643115,48.37214588188538,47.983178555967065,,,51.54632469517075,,,,,,50.63808882103077,,,47.920464694693834,,"rgba(239, 83, 80, 1.0)"
2026-03-27 00:00:00+00:00,50.8626389434,51.0507257748,50.481515627,51.0507257748,370557,0.0,0.0,0.0,0.0,0.0,0.0,0.0,0.0,50.33538161095277,49.7056687072579,48.82563635780694,48.45367044585922,48.39536916810363,48.00815514561453,,,51.48558939103113,,,,,,50.677727790653044,,,47.94568302439428,,"rgba(239, 83, 80, 1.0)"
2026-03-30 00:00:00+00:00,51.3081077547,51.5258925069,50.793343795,51.1794167647,302955,0.0,0.0,0.0,0.0,0.0,0.0,0.0,0.0,50.349106323386984,49.72447736895347,48.84702951239782,48.47536123820821,48.417218034185396,48.031206764287376,,,51.46837912709657,,,,,,50.767135029555305,,,47.968896954253424,,"rgba(239, 83, 80, 1.0)"
2026-03-31 00:00:00+00:00,51.3477049823,51.4664966654,50.8131424088,51.3180070616,353514,0.0,0.0,0.0,0.0,0.0,0.0,0.0,0.0,50.364586192257,49.74583853008819,48.871512405554434,48.500244112091636,48.44228804540122,48.05768913053271,,,51.45082211458541,,,,,,50.839668928052426,,,47.995570875418366,,#000000
2026-04-01 00:00:00+00:00,51.7634758729,51.8624689421,51.149718844,51.3576042893,435847,0.0,0.0,0.0,0.0,0.0,0.0,0.0,0.0,50.39123090229016,49.77801502768703,48.90583726912031,48.53455339132175,48.47677512393233,48.093630504935376,,,51.46169217098186,,,,,,50.96625495875095,,,48.031704578546346,,#000000
2026-04-02 00:00:00+00:00,52.1891460704,52.4366287433,51.624885576,51.9812606251,214093,0.0,0.0,0.0,0.0,0.0,0.0,0.0,0.0,50.40908773111647,49.79758696112867,48.92541129020523,48.55379474282098,48.49607076660123,48.11346278033117,,,51.48437185649646,,,,,,51.05156220673873,,,48.05160388790416,,"rgba(38, 166, 154, 0.5)"
2026-04-06 00:00:00+00:00,51.9614620112,52.3425853276,51.872368249,51.9317640905,479563,0.0,0.0,0.0,0.0,0.0,0.0,0.0,0.0,50.44717928017197,49.839782478130346,48.96805665347451,48.59584993735358,48.538259163481584,48.15690652198237,,,51.527755116333566,,,,,,51.19866738314872,,,48.09520700984163,,"rgba(38, 166, 154, 0.5)"
2026-04-07 00:00:00+00:00,52.3970315156,52.595017654,51.8426703282,51.8624689421,329508,0.0,0.0,0.0,0.0,0.0,0.0,0.0,0.0,50.47577533210086,49.870651744911214,48.998724745081546,48.625960206949905,48.56844338283262,48.187854129286016,,,51.5647782708049,,,,,,51.297121810408086,,,48.12624925177553,,"rgba(38, 166, 154, 0.5)"
2026-04-08 00:00:00+00:00,52.3277363672,52.6692624559,51.8030731006,52.2089446842,849701,0.0,0.0,0.0,0.0,0.0,0.0,0.0,0.0,50.54510700245696,49.946396802883065,49.07497804934858,48.70114178407454,48.64384158608401,48.265335378925826,,,51.64399348736005,,,,,,51.48172330361598,,,48.203994932170644,,"rgba(38, 166, 154, 0.5)"
2026-04-09 00:00:00+00:00,52.6643128024,53.2038250294,52.4465280502,52.4465280502,330611,0.0,0.0,0.0,0.0,0.0,0.0,0.0,0.0,50.57814604512348,49.98072453473985,49.10823688113745,48.733585985660824,48.67632744044427,48.298397121749986,,,51.691423541497855,,,,,,51.57068514874302,,,48.23712357644454,,"rgba(38, 166, 154, 1.0)"
2026-04-10 00:00:00+00:00,52.8721982477,53.5156531973,52.6148162678,52.6148162678,201724,0.0,0.0,0.0,0.0,0.0,0.0,0.0,0.0,50.59988546526762,50.00295073810963,49.129489647923556,48.75423908890757,48.69699487639482,48.31935473690076,,,51.724190929113135,53.0008892376,,,,,51.62844239033134,,,48.25811260371274,,"rgba(38, 166, 154, 1.0)"
2026-04-13 00:00:00+00:00,51.9713613182,52.859824114,51.9416633974,52.8523996338,342585,0.0,0.0,0.0,0.0,0.0,0.0,0.0,0.0,50.62476814444827,50.03078202709665,49.15822765606359,48.78280015469498,48.72566109767377,48.34893856833533,,,,52.53307744803374,,,,,51.668823798013555,,,48.28781703480075,,"rgba(38, 166, 154, 0.75)"
2026-04-14 00:00:00+00:00,51.9317640905,52.2089446842,51.570439388,52.109951615,1234826,0.0,0.0,0.0,0.0,0.0,0.0,0.0,0.0,50.69041144362434,50.110564169207805,49.246227354981166,48.87189020117054,48.815284224661106,48.442650966788,,,,52.096263034028624,,,,,51.71295435172998,,,48.3820918248627,,"rgba(38, 166, 154, 0.5)"
2026-04-15 00:00:00+00:00,51.9812606251,52.0901530012,51.4268994377,51.6941807245,193548,0.0,0.0,0.0,0.0,0.0,0.0,0.0,0.0,50.69952826442435,50.121986675428374,49.259157038763945,48.885079208743996,48.82856341371251,48.45660153175406,,,,52.07041075463393,,,,,51.716381765148306,,,48.39613597996751,,"rgba(38, 166, 154, 0.5)"
2026-04-16 00:00:00+00:00,52.0604550804,52.3029880999,51.7139793383,51.9713613182,237496,0.0,0.0,0.0,0.0,0.0,0.0,0.0,0.0,50.71239033512367,50.13735581594435,49.27602389795156,48.90215268045344,48.8457358019854,48.474533522620504,,,,52.06561788804256,,,,,51.72687454741506,,,48.41417290285284,,"rgba(38, 166, 154, 0.5)"
2026-04-17 00:00:00+00:00,51.9515627043,52.1792467634,51.4318490911,51.8129724075,280828,0.0,0.0,0.0,0.0,0.0,0.0,0.0,0.0,50.72533555206397,50.15358951355419,49.29447661742455,48.92100735570771,48.86472196545667,48.49449280661688,,,,52.041785525864135,,,,,51.73178392052387,,,48.434268417278055,,#000000
2026-04-20 00:00:00+00:00,51.4565973584,52.3178370603,51.3180070616,52.1891460704,205139,0.0,0.0,0.0,0.0,0.0,0.0,0.0,0.0,50.73332037306941,50.16418002001634,49.30697466423784,48.93390091058195,48.877720950757194,48.50825102506615,,,,52.01558872864031,,,,,51.730844352261094,,,48.44813401672204,,#000000
2026-04-21 00:00:00+00:00,51.1992153786,51.6050869622,50.9814306264,51.5258925069,369745,0.0,0.0,0.0,0.0,0.0,0.0,0.0,0.0,50.741031633753245,50.17758645967529,49.325130744668975,48.953224960351854,48.89727864259351,48.529406457071616,,,,51.92469555082719,,,,,51.70878319708104,,,48.46951972785738,,"rgba(239, 83, 80, 1.0)"
2026-04-22 00:00:00+00:00,50.912135478,51.7931737936,50.8428403295,51.3378056754,279479,0.0,0.0,0.0,0.0,0.0,0.0,0.0,0.0,50.7458489222389,50.186780278775394,49.33808006999345,48.96712607573493,48.91136207502158,48.544725504933574,,,,51.862709117718836,,,,,51.69071855231509,51.1827165337,,48.48501768170363,,"rgba(239, 83, 80, 1.0)"
2026-04-23 00:00:00+00:00,51.7931737936,51.9515627043,51.149718844,51.149718844,235442,0.0,0.0,0.0,0.0,0.0,0.0,0.0,0.0,50.75391213469837,50.197827521175775,49.351469768231524,48.9810478982108,48.92541004880727,48.559666314087416,,,,51.84750590629879,,,,,,51.38791106271541,,48.500086050504564,,"rgba(239, 83, 80, 1.0)"
2026-04-24 00:00:00+00:00,52.0505557735,52.347534981,51.6545834968,51.8921668628,963453,0.0,0.0,0.0,0.0,0.0,0.0,0.0,0.0,50.79929988786777,50.253041259896236,49.4136793631917,49.04461559072397,48.98940555538408,48.626826413049905,,,,51.88355954325394,,,,,,51.7982506056003,,48.5676930558682,,#000000
2026-04-27 00:00:00+00:00,52.1693474565,52.5059238917,52.109951615,52.357434288,176168,0.0,0.0,0.0,0.0,0.0,0.0,0.0,0.0,50.80884201464365,50.26412404138725,49.42577920539593,49.05688339762351,49.00174237202676,48.63968967224857,,,,51.897673390163966,,,,,,51.84760092347655,,48.580630140882235,,#000000
2026-04-28 00:00:00+00:00,52.3970315156,52.8227017131,52.0703543873,52.0703543873,176734,0.0,0.0,0.0,0.0,0.0,0.0,0.0,0.0,50.819384900937294,50.276046587950276,49.438529270586436,49.0697383035065,49.01465980039321,48.653098441549645,,,,51.91688559441147,,,,,,51.90381029877862,,48.59410725020534,,"rgba(38, 166, 154, 0.5)"
2026-04-29 00:00:00+00:00,52.0010592389,52.5108735452,51.9317640905,52.2089446842,157068,0.0,0.0,0.0,0.0,0.0,0.0,0.0,0.0,50.82701899170323,50.285159335725034,49.448709961143145,49.08012851177788,49.02511682677332,48.66405155370593,,,,51.92406468422893,,,,,,51.92309193090968,,48.60513061493265,,"rgba(38, 166, 154, 0.5)"
2026-04-30 00:00:00+00:00,52.8820975546,53.0899829999,51.9218647836,52.0109585458,326853,0.0,0.0,0.0,0.0,0.0,0.0,0.0,0.0,50.84833968315425,50.30868932673374,49.47340295659101,49.10489881438202,49.04998954347026,48.68975833437603,,,,51.96702382637584,,,,,,52.023076887540896,,48.630952404594076,,"rgba(38, 166, 154, 0.5)"
2026-05-01 00:00:00+00:00,52.99,53.41,52.66,52.66,861037,0.0,0.0,0.0,0.0,0.0,0.0,0.0,0.0,50.913900110197986,50.37847855505459,49.54444004267912,49.175540722642545,49.12083541168171,48.76243372829972,,,,52.11227106919922,,,,,,52.293330176808134,,48.703873993099165,,"rgba(38, 166, 154, 1.0)"
2026-05-04 00:00:00+00:00,52.54,52.98,52.32,52.7,295918,0.0,0.0,0.0,0.0,0.0,0.0,0.0,0.0,50.93135113128365,50.39807525801846,49.565421001477766,49.19672745034003,49.14212431115164,48.78451831184523,,,,52.13494962042289,,,,,,52.320602800262584,,48.726070229185204,,"rgba(38, 166, 154, 1.0)"
2026-05-05 00:00:00+00:00,52.6,53.05,52.49,52.49,255069,0.0,0.0,0.0,0.0,0.0,0.0,0.0,0.0,50.94698546129662,50.415443235692315,49.58386269164569,49.21530948532957,49.160789944989425,48.803843928231096,,,,52.156666876853855,,,,,,52.347478959293625,,48.74548819111578,,"rgba(38, 166, 154, 1.0)"
2026-05-06 00:00:00+00:00,52.27,52.75,52.18,52.48,290056,0.0,0.0,0.0,0.0,0.0,0.0,0.0,0.0,50.96133898602154,50.432229285654174,49.60249953836472,49.23433161632431,49.17992885117875,48.823847702849456,,,,52.166631377535936,,,,,,52.35127109087507,,48.76561541175669,,"rgba(38, 166, 154, 0.5)"
2026-05-07 00:00:00+00:00,52.19,52.6,51.77,52.21,231825,0.0,0.0,0.0,0.0,0.0,0.0,0.0,0.0,50.9709374967356,50.444010097195005,49.61609602079819,49.248358708792985,49.19406092578362,48.83873201632975,,,,52.16726633110359,,,,,,52.342290506120435,,48.780608287449546,,"rgba(38, 166, 154, 0.5)"
2026-05-08 00:00:00+00:00,52.6,53.38,52.55,53.02,336056,0.0,0.0,0.0,0.0,0.0,0.0,0.0,0.0,50.991960601650874,50.467139825260645,49.640524050090065,49.27294926424756,49.21875649596932,48.864262461064556,,,,52.19696113145075,,,,,,52.379013002562615,,48.8062557168979,,"rgba(38, 166, 154, 0.5)"
2026-05-11 00:00:00+00:00,52.23,53.01,52.15,52.7,198864,0.0,0.0,0.0,0.0,0.0,0.0,0.0,0.0,51.001672193203845,50.47846274633083,49.65311164124731,49.28581117861244,49.231697848256,48.87778937300332,,,,52.20370921153204,,,,,,52.38251806133082,,48.819866582320614,,"rgba(38, 166, 154, 0.5)"
2026-05-12 00:00:00+00:00,52.3,52.41,51.9801,52.31,395128,0.0,0.0,0.0,0.0,0.0,0.0,0.0,0.0,51.0175729175878,50.4979835568285,49.67574312179224,49.30920762633306,49.25527303859945,48.90263754031702,,,,52.20497074529507,,,,,,52.37088468797724,,48.84489936096297,,#000000
2026-05-13 00:00:00+00:00,52.5,52.66,51.63,52.5,220506,0.0,0.0,0.0,0.0,0.0,0.0,0.0,0.0,51.026507657978655,50.508895217717864,49.68836333011967,49.322250378029146,49.26841446930912,48.9164820559133,,,,52.206490942494135,,,,,,52.36649260836936,,48.858845942757796,,"rgba(38, 166, 154, 0.5)"
2026-05-14 00:00:00+00:00,52.28,52.76,52.24,52.57,531885,0.0,0.0,0.0,0.0,0.0,0.0,0.0,0.0,51.05031840825879,50.537067824863676,49.720203144991444,49.354963115311875,49.301348709697635,48.951018821358424,,,,52.21950667465544,,,,,,52.37188845390048,,48.89361460261334,,#000000
2026-05-15 00:00:00+00:00,51.62,52.4,51.49,52.16,215891,0.0,0.0,0.0,0.0,0.0,0.0,0.0,0.0,51.055709043979924,50.54477108208482,49.73014509749309,49.36553250843522,49.31203472304636,48.9624972085039,,,,52.21053578411305,,,,,,52.35309205780083,,48.90520998841964,,#000000
2026-05-18 00:00:00+00:00,51.99,52.155,51.595,51.88,98161,0.0,0.0,0.0,0.0,0.0,0.0,0.0,0.0,51.05837390765088,50.54844953497772,49.7347980640145,49.37045664270138,49.31701033424357,48.96782444910137,,,,52.20740269708084,,,,,,52.34618043929599,,48.91058909360538,,#000000
2026-05-19 00:00:00+00:00,52.42,52.51,51.81,51.81,247764,0.0,0.0,0.0,0.0,0.0,0.0,0.0,0.0,51.067621054616524,50.55989297742873,49.748238237914165,49.38441938727752,49.33108637330938,48.98269758294673,,,,52.20842037108202,,,,,,52.34238333860343,,48.9255788297593,,#000000
2026-05-20 00:00:00+00:00,52.54,52.88,52.45,52.64,208741,0.0,0.0,0.0,0.0,0.0,0.0,0.0,0.0,51.07775421940662,50.57154137943288,49.76114081222375,49.3976124776056,49.34435944072802,48.996557868977156,,,,52.21728702179726,,,,,,52.35113370048264,,48.93952402326292,,#000000
2026-05-21 00:00:00+00:00,52.87,53.105,52.43,52.52,266291,0.0,0.0,0.0,0.0,0.0,0.0,0.0,0.0,51.091960683122174,50.587486802853114,49.778448631580325,49.41520959091365,49.36204984217719,49.014948923284074,,,,52.23279536320411,,,,,,52.3683504307912,,48.958015820764935,,"rgba(38, 166, 154, 0.5)"
2026-05-22 00:00:00+00:00,53.12,53.28,52.7,53.02,136285,0.0,0.0,0.0,0.0,0.0,0.0,0.0,0.0,51.1001141712313,50.59640426454514,49.78790354249865,49.424756712785126,49.371638843775784,49.02486430983258,,,,52.24352252705972,,,,,,52.38110642703718,,48.96797769221293,,"rgba(38, 166, 154, 1.0)"
2026-05-26 00:00:00+00:00,53.35,53.58,52.97,52.97,534669,0.0,0.0,0.0,0.0,0.0,0.0,0.0,0.0,51.135773583008636,50.63453039504031,49.82747699219415,49.464462356926106,49.41148407011021,49.06585272022209,,,,52.29628790836567,,,,,,52.44541875177014,,49.00912695824247,,"rgba(38, 166, 154, 1.0)"
2026-05-27 00:00:00+00:00,53.63,53.75,53.04,53.07,385242,-1.0,53.75,53.04,0.0,-1.0,53.75,53.04,0.0,51.16275982723698,50.66308487921321,49.85683820454288,49.49384085475448,49.44095371652779,49.09609122863313,53.47333333333333,,,52.33717410059091,53.47333333333333,,,,,52.49476658336898,,49.0394729993603,53.47333333333333,"rgba(38, 166, 154, 1.0)"
2026-05-28 00:00:00+00:00,52.71,53.65,52.49,53.49,388265,0.0,0.0,0.0,0.0,0.0,0.0,0.0,0.0,51.18331557688956,50.68603596366157,49.88174173724835,49.519180468748154,49.466426168742956,49.122556318752494,53.210644027785136,,,,53.210644027785136,,,,,52.51577625339855,,49.066081627646064,53.210644027785136,"rgba(38, 166, 154, 0.75)"
2026-05-29 00:00:00+00:00,52.16,53.38,52.035,52.98,413737,0.0,0.0,0.0,0.0,0.0,0.0,0.0,0.0,51.199560084994246,50.70549416690022,49.90422627508457,49.5424820528479,49.489903583358185,49.14727313864215,52.97170721014382,,,,52.97170721014382,,,,,52.51620860683795,,49.09098086394339,52.97170721014382,"rgba(38, 166, 154, 0.5)"
2026-06-01 00:00:00+00:00,50.85,51.98,50.82,51.75,570494,0.0,0.0,0.0,0.0,0.0,0.0,0.0,0.0,51.199840987435,50.712844941567134,49.91944177965402,49.5601886433259,49.507988573355696,49.167796233994764,52.40208870055339,,,,52.40208870055339,,,,,52.43731380114073,,49.11187295792042,52.40208870055339,"rgba(239, 83, 80, 1.0)"
2026-06-02 00:00:00+00:00,51.26,51.76,51.07,51.16,493310,0.0,0.0,0.0,0.0,0.0,0.0,0.0,0.0,51.20212993221743,50.720834209865394,49.933772834185554,49.576529592815845,49.524640463899644,49.186464367684096,52.17444877008398,,,,52.17444877008398,,,,,52.38374612069472,,49.13084616332817,52.17444877008398,"rgba(239, 83, 80, 1.0)"
2026-06-03 00:00:00+00:00,50.82,51.99,50.755,51.22,463727,0.0,0.0,0.0,0.0,0.0,0.0,0.0,0.0,51.20195071734838,50.72617008096617,49.94536980123538,49.590144580227225,49.53855939318542,49.20233816292927,52.00600447796472,,,,52.00600447796472,,,,,52.33020750102236,,49.14701687750306,52.00600447796472,"rgba(239, 83, 80, 1.0)"
2026-06-04 00:00:00+00:00,51.47,51.47,50.58,51.13,383387,0.0,0.0,0.0,0.0,0.0,0.0,0.0,0.0,51.201646651412894,50.730350181598666,49.95468317139026,49.601124277796615,49.54978918680952,49.2151752908088,51.902964258593755,,,,51.902964258593755,,,,,52.28890083652928,51.17333333333333,49.16009849666137,51.902964258593755,"rgba(239, 83, 80, 1.0)"
2026-06-05 00:00:00+00:00,51.76,51.82,51.125,51.61,763973,0.0,0.0,0.0,0.0,0.0,0.0,0.0,0.0,51.20924946530944,50.7456744950421,49.97870780924089,49.627939913843086,49.577046838952825,49.24532435410239,51.83677056213726,,,,51.83677056213726,,,,,,51.43634523456747,49.19068587941692,51.83677056213726,"rgba(239, 83, 80, 1.0)"
2026-06-08 00:00:00+00:00,51.09,52.06,50.86,51.8,468935,0.0,0.0,0.0,0.0,0.0,0.0,0.0,0.0,51.21085068044886,50.75223465417498,49.99100533876394,49.64211828040247,49.59151185071514,49.26164286210841,51.782623152785185,,,,51.782623152785185,,,,,,51.40742553288023,49.207286765598845,51.782623152785185,"rgba(239, 83, 80, 1.0)"
2026-06-09 00:00:00+00:00,51.66,52.18,51.075,51.31,292213,0.0,0.0,0.0,0.0,0.0,0.0,0.0,0.0,51.2141722194878,50.758321719108714,50.00024921973531,49.65238680426503,49.6019433750466,49.27314313852358,51.77350336474463,,,,51.77350336474463,,,,,,51.44277998834691,49.21894941223099,51.77350336474463,"rgba(239, 83, 80, 1.0)"
2026-06-10 00:00:00+00:00,52.2,52.46,51.82,51.9,314148,0.0,0.0,0.0,0.0,0.0,0.0,0.0,0.0,51.22200750801607,50.768597466076116,50.013200138836154,49.66617796798485,49.61588263500061,49.28808285400518,51.79809452256987,,,,51.79809452256987,,,,,,51.544151155194506,49.23404002884329,51.79809452256987,"rgba(239, 83, 80, 0.75)"
2026-06-11 00:00:00+00:00,52.05,52.48,51.68,52.48,488887,0.0,0.0,0.0,0.0,0.0,0.0,0.0,0.0,51.23280060362751,50.783277402530366,50.0322165765807,49.686577285206184,49.636518929914374,49.31030836845853,51.82259199086132,,,,51.82259199086132,,,,,,51.6389608868456,49.25650597317425,51.82259199086132,#000000
2026-06-12 00:00:00+00:00,52.56,52.675,51.33,51.33,538063,0.0,0.0,0.0,0.0,0.0,0.0,0.0,0.0,51.24600087343556,50.80050688870293,50.05393544300302,49.709726993138304,49.65991857944625,49.33539398673757,51.855586510150836,,,,51.855586510150836,,,,,,51.7299248334516,49.28184661232174,51.855586510150836,#000000
2026-06-15 00:00:00+00:00,52.82,52.93,51.975,52.59,765307,0.0,0.0,0.0,0.0,0.0,0.0,0.0,0.0,51.27161112285382,50.83092597634102,50.089545547270006,49.746948202033266,49.697449206768624,49.37506506072277,51.93739894776696,,,,51.93739894776696,,,,,,51.891009753719025,49.32183990527994,51.93739894776696,"rgba(38, 166, 154, 0.5)"
2026-06-16 00:00:00+00:00,52.55,53.14,52.45,52.62,707769,0.0,0.0,0.0,0.0,0.0,0.0,0.0,0.0,51.29685493384596,50.86030316334202,50.12337830145044,49.78216269332297,49.732935870431525,49.412447540845584,52.01123901220537,,,,52.01123901220537,52.71333333333333,,,,,52.01424801909875,49.35950781498889,52.01123901220537,"rgba(38, 166, 154, 1.0)"
2026-06-17 00:00:00+00:00,51.75,52.57,51.52,52.38,668633,0.0,0.0,0.0,0.0,0.0,0.0,0.0,0.0,51.30742875894487,50.87608697419001,50.145321596012515,49.80616788284453,49.75727307162983,49.438976307326094,52.00591274502668,,,,,52.340899528868256,,,,,52.005866553274416,49.38637157719498,52.00591274502668,#000000
