date,Close,High,Low,Open,Volume,OB_c0,OB_High_c0,OB_Low_c0,OB_Mitigated_Index_c0,OB,OB_High,OB_Low,OB_Mitigated_Index,aVWAP_OB_bull_c0_234,aVWAP_OB_bull_c0_97,aVWAP_OB_bull_c0_58,aVWAP_OB_bear_c0_317,aVWAP_OB_bear_c0_239,aVWAP_OB_bear_c0_154,aVWAP_OB_bear_c0_131,aVWAP_OB_bear_c0_115,aVWAP_QQEMOD_bull_dot_c0_52,aVWAP_QQEMOD_bull_dot_c0_115,aVWAP_QQEMOD_bull_dot_c0_239,aVWAP_QQEMOD_bull_dot_c0_318,aVWAP_QQEMOD_bear_dot_c0_66,aVWAP_QQEMOD_bear_dot_c0_218,aVWAP_QQEMOD_bear_dot_c0_316,aVWAP_QQEMOD_bear_dot_c0_334,aVWAP_price_maxima_minima_valley_c0_1,aVWAP_price_maxima_minima_peak_c0_1,color
2025-02-13 00:00:00+00:00,2.7,9.8,2.53,8.05,685400,0.0,0.0,0.0,0.0,0.0,0.0,0.0,0.0,,,,,,,,,,,,,,,,,,,#000000
2025-02-14 00:00:00+00:00,3.0492,3.7,2.6,3.05,1302526,0.0,0.0,0.0,0.0,0.0,0.0,0.0,0.0,,,,,,,,,,,,,,,,,,,"rgba(38, 166, 154, 0.5)"
2025-02-18 00:00:00+00:00,7.5,9.89,4.1,4.33,57930736,0.0,0.0,0.0,0.0,0.0,0.0,0.0,0.0,,,,,,,,,,,,,,,,,,7.163333333333334,"rgba(38, 166, 154, 0.5)"
2025-02-19 00:00:00+00:00,6.15,7.77,6.1,6.5,1589810,0.0,0.0,0.0,0.0,0.0,0.0,0.0,0.0,,,,,,,,,,,,,,,,,,7.150245299833103,"rgba(38, 166, 154, 0.5)"
2025-02-20 00:00:00+00:00,5.59,6.4,5.4,6.0,535396,0.0,0.0,0.0,0.0,0.0,0.0,0.0,0.0,,,,,,,,,,,,,,,,,,7.138178207689535,"rgba(38, 166, 154, 0.5)"
2025-02-21 00:00:00+00:00,3.77,5.5,3.7,5.28,635261,0.0,0.0,0.0,0.0,0.0,0.0,0.0,0.0,,,,,,,,,,,,,,,,,,7.108714939846115,"rgba(38, 166, 154, 0.5)"
2025-02-24 00:00:00+00:00,3.43,3.8828,3.25,3.77,188519,0.0,0.0,0.0,0.0,0.0,0.0,0.0,0.0,,,,,,,,,,,,,,,,,,7.097605082927284,"rgba(38, 166, 154, 0.5)"
2025-02-25 00:00:00+00:00,3.36,3.44,3.22,3.43,112302,0.0,0.0,0.0,0.0,0.0,0.0,0.0,0.0,,,,,,,,,,,,,,,,,,7.090686365718901,"rgba(38, 166, 154, 0.5)"
2025-02-26 00:00:00+00:00,2.91,3.36,2.82,3.36,262397,0.0,0.0,0.0,0.0,0.0,0.0,0.0,0.0,,,,,,,,,,,,,,,,,,7.073291508288031,"rgba(38, 166, 154, 0.5)"
2025-02-27 00:00:00+00:00,1.85,2.88,1.81,2.88,491299,0.0,0.0,0.0,0.0,0.0,0.0,0.0,0.0,,,,,,,,,,,,,,,,,,7.034356514498495,#000000
2025-02-28 00:00:00+00:00,2.24,2.85,1.76,1.85,2114432,0.0,0.0,0.0,0.0,0.0,0.0,0.0,0.0,,,,,,,,,,,,,,,,,,6.877048472904773,"rgba(239, 83, 80, 0.5)"
2025-03-03 00:00:00+00:00,2.02,2.61,2.0001,2.3,491310,0.0,0.0,0.0,0.0,0.0,0.0,0.0,0.0,,,,,,,,,,,,,,,,,,6.841416785030723,"rgba(239, 83, 80, 0.5)"
2025-03-04 00:00:00+00:00,2.11,2.175,1.94,2.05,230183,0.0,0.0,0.0,0.0,0.0,0.0,0.0,0.0,,,,,,,,,,,,,,,,,,6.824428241074793,"rgba(239, 83, 80, 0.5)"
2025-03-05 00:00:00+00:00,2.29,2.33,2.03,2.07,118100,0.0,0.0,0.0,0.0,0.0,0.0,0.0,0.0,,,,,,,,,,,,,,,,,,6.816017440662248,"rgba(239, 83, 80, 0.5)"
2025-03-06 00:00:00+00:00,2.11,2.28,2.05,2.17,89675,0.0,0.0,0.0,0.0,0.0,0.0,0.0,0.0,,,,,,,,,,,,,,,,,,6.809554594866467,"rgba(239, 83, 80, 0.5)"
2025-03-07 00:00:00+00:00,2.13,2.27,2.05,2.12,56873,0.0,0.0,0.0,0.0,0.0,0.0,0.0,0.0,,,,,,,,,,,,,,,,,,6.8054679642170655,"rgba(239, 83, 80, 0.5)"
2025-03-10 00:00:00+00:00,1.93,2.09,1.91,2.09,185205,0.0,0.0,0.0,0.0,0.0,0.0,0.0,0.0,,,,,,,,,,,,,,,,,,6.791715887580097,"rgba(239, 83, 80, 0.5)"
2025-03-11 00:00:00+00:00,1.99,2.03,1.95,2.0036,49773,0.0,0.0,0.0,0.0,0.0,0.0,0.0,0.0,,,,,,,,,,,,,,,,,,6.788043620563792,"rgba(239, 83, 80, 0.5)"
2025-03-12 00:00:00+00:00,2.09,2.1681,1.99,1.99,67510,0.0,0.0,0.0,0.0,0.0,0.0,0.0,0.0,,,,,,,,,,,,,,,,,,6.783167738882687,"rgba(239, 83, 80, 0.5)"
2025-03-13 00:00:00+00:00,2.13,2.15,2.01,2.04,33413,0.0,0.0,0.0,0.0,0.0,0.0,0.0,0.0,,,,,,,,,,,,,,,,,,6.780765394765121,"rgba(239, 83, 80, 0.5)"
2025-03-14 00:00:00+00:00,2.25,2.28,2.032,2.08,69334,0.0,0.0,0.0,0.0,0.0,0.0,0.0,0.0,,,,,,,,,,,,,,,,,,6.775884573912201,"rgba(239, 83, 80, 0.5)"
2025-03-17 00:00:00+00:00,2.23,2.364,2.18,2.364,49795,0.0,0.0,0.0,0.0,0.0,0.0,0.0,0.0,,,,,,,,,,,,,,,,,,6.77243949727328,"rgba(239, 83, 80, 0.5)"
2025-03-18 00:00:00+00:00,2.2,2.2984,2.1,2.23,70094,0.0,0.0,0.0,0.0,0.0,0.0,0.0,0.0,,,,,,,,,,,,,,,,,,6.767536162263905,"rgba(239, 83, 80, 0.5)"
2025-03-19 00:00:00+00:00,2.28,2.48,2.17,2.17,271183,0.0,0.0,0.0,0.0,0.0,0.0,0.0,0.0,,,,,,,,,,,,,,,,,,6.74912116911782,"rgba(239, 83, 80, 0.5)"
2025-03-20 00:00:00+00:00,2.08,2.2989,2.06,2.15,88195,0.0,0.0,0.0,0.0,0.0,0.0,0.0,0.0,,,,,,,,,,,,,,,,,,6.742945284389659,"rgba(239, 83, 80, 0.5)"
2025-03-21 00:00:00+00:00,2.16,2.24,2.08,2.08,34330,0.0,0.0,0.0,0.0,0.0,0.0,0.0,0.0,,,,,,,,,,,,,,,,,,6.740552944808261,"rgba(239, 83, 80, 0.5)"
2025-03-24 00:00:00+00:00,2.11,2.22,2.11,2.12,21703,0.0,0.0,0.0,0.0,0.0,0.0,0.0,0.0,,,,,,,,,,,,,,,,,,6.739037426931423,"rgba(239, 83, 80, 0.5)"
2025-03-25 00:00:00+00:00,2.1,2.25,2.0904,2.12,17339,0.0,0.0,0.0,0.0,0.0,0.0,0.0,0.0,,,,,,,,,,,,,,,,,,6.737827400144737,"rgba(239, 83, 80, 0.5)"
2025-03-26 00:00:00+00:00,2.01,2.2493,1.95,2.1,169847,0.0,0.0,0.0,0.0,0.0,0.0,0.0,0.0,,,,,,,,,,,,,,,,,,6.725809697062444,"rgba(239, 83, 80, 0.5)"
2025-03-27 00:00:00+00:00,2.0,2.09,1.76,2.05,152656,0.0,0.0,0.0,0.0,0.0,0.0,0.0,0.0,,,,,,,,,,,,,,,,,,6.714784553877179,"rgba(239, 83, 80, 0.5)"
2025-03-28 00:00:00+00:00,1.98,2.13,1.9,1.97,64852,0.0,0.0,0.0,0.0,0.0,0.0,0.0,0.0,,,,,,,,,,,,,,,,,,6.710168448591752,"rgba(239, 83, 80, 0.5)"
2025-03-31 00:00:00+00:00,1.95,1.9992,1.8601,1.99,37718,0.0,0.0,0.0,0.0,0.0,0.0,0.0,0.0,,,,,,,,,,,,,,,,,,6.707449774165209,"rgba(239, 83, 80, 0.5)"
2025-04-01 00:00:00+00:00,2.06,2.06,1.95,2.0119,15696,0.0,0.0,0.0,0.0,0.0,0.0,0.0,0.0,,,,,,,,,,,,,,,,,,6.7063399249285025,"rgba(239, 83, 80, 0.5)"
2025-04-02 00:00:00+00:00,1.97,2.09,1.96,2.0812,20756,0.0,0.0,0.0,0.0,0.0,0.0,0.0,0.0,,,,,,,,,,,,,,,,,,6.7048678748343375,"rgba(239, 83, 80, 0.5)"
2025-04-03 00:00:00+00:00,2.005,2.08,1.8799,1.92,64078,0.0,0.0,0.0,0.0,0.0,0.0,0.0,0.0,,,,,,,,,,,,,,,,,,6.700311425501201,"rgba(239, 83, 80, 0.5)"
2025-04-04 00:00:00+00:00,1.97,2.04,1.85,1.85,42441,0.0,0.0,0.0,0.0,0.0,0.0,0.0,0.0,,,,,,,,,,,,,,,,,,6.697276021162935,"rgba(239, 83, 80, 0.5)"
2025-04-07 00:00:00+00:00,1.95,2.0,1.85,1.91,22166,0.0,0.0,0.0,0.0,0.0,0.0,0.0,0.0,,,,,,,,,,,,,,,,,,6.695685561874215,"rgba(239, 83, 80, 0.5)"
2025-04-08 00:00:00+00:00,1.85,2.0,1.8224,2.0,39076,0.0,0.0,0.0,0.0,0.0,0.0,0.0,0.0,,,,,,,,,,,,,,,,,,6.6928593395458975,"rgba(239, 83, 80, 0.5)"
2025-04-09 00:00:00+00:00,1.9815,2.0298,1.89,1.98,30564,0.0,0.0,0.0,0.0,0.0,0.0,0.0,0.0,,,,,,,,,,,,,,,,,,6.690686162013551,"rgba(239, 83, 80, 0.5)"
2025-04-10 00:00:00+00:00,2.005,2.02,1.8953,2.01,8890,0.0,0.0,0.0,0.0,0.0,0.0,0.0,0.0,,,,,,,,,,,,,,,,,,6.690055282764552,"rgba(239, 83, 80, 0.5)"
2025-04-11 00:00:00+00:00,1.96,2.01,1.8479,2.01,12981,0.0,0.0,0.0,0.0,0.0,0.0,0.0,0.0,,,,,,,,,,,,,,,,,,6.689127724207681,"rgba(239, 83, 80, 0.5)"
2025-04-14 00:00:00+00:00,1.985,1.985,1.85,1.915,19054,0.0,0.0,0.0,0.0,0.0,0.0,0.0,0.0,,,,,,,,,,,,,,,,,,6.687767075255352,"rgba(239, 83, 80, 0.5)"
2025-04-15 00:00:00+00:00,1.93,1.9886,1.87,1.91,10054,0.0,0.0,0.0,0.0,0.0,0.0,0.0,0.0,,,,,,,,,,,,,,,,,,6.687047849743539,"rgba(239, 83, 80, 0.5)"
2025-04-16 00:00:00+00:00,1.94,1.99,1.8918,1.96,5606,0.0,0.0,0.0,0.0,0.0,0.0,0.0,0.0,,,,,,,,,,,,,,,,,,6.6866478445444635,"rgba(239, 83, 80, 0.5)"
2025-04-17 00:00:00+00:00,1.95,1.9899,1.9,1.94,40183,0.0,0.0,0.0,0.0,0.0,0.0,0.0,0.0,,,,,,,,,,,,,,,,,,6.683786279689061,"rgba(239, 83, 80, 0.5)"
2025-04-21 00:00:00+00:00,1.92,1.99,1.92,1.94,30213,0.0,0.0,0.0,0.0,0.0,0.0,0.0,0.0,,,,,,,,,,,,,,,,,,6.681635488903972,"rgba(239, 83, 80, 0.5)"
2025-04-22 00:00:00+00:00,1.93,1.9785,1.86,1.9785,20716,0.0,0.0,0.0,0.0,0.0,0.0,0.0,0.0,,,,,,,,,,,,,,,,,,6.680155518797592,"rgba(239, 83, 80, 0.5)"
2025-04-23 00:00:00+00:00,2.0,2.0799,1.92,1.94,56422,0.0,0.0,0.0,0.0,0.0,0.0,0.0,0.0,,,,,,,,,,,,,,,,,,6.6761946218645365,"rgba(239, 83, 80, 0.5)"
2025-04-24 00:00:00+00:00,2.2,2.23,1.92,1.94,115818,0.0,0.0,0.0,0.0,0.0,0.0,0.0,0.0,,,,,,,,,,,,,,,,,,6.668287401984816,#000000
2025-04-25 00:00:00+00:00,2.24,2.3981,2.1,2.1,79844,0.0,0.0,0.0,0.0,0.0,0.0,0.0,0.0,,,,,,,,,,,,,,,,,,6.663006660172074,"rgba(38, 166, 154, 0.5)"
2025-04-28 00:00:00+00:00,2.32,2.36,2.1,2.25,36580,0.0,0.0,0.0,0.0,0.0,0.0,0.0,0.0,,,,,,,,,,,,,,,,,,6.660599170282718,"rgba(38, 166, 154, 0.5)"
2025-04-29 00:00:00+00:00,2.38,2.38,2.12,2.35,16939,0.0,0.0,0.0,0.0,0.0,0.0,0.0,0.0,,,,,,,,,,,,,,,,,,6.659493669952929,"rgba(38, 166, 154, 1.0)"
2025-04-30 00:00:00+00:00,2.4,2.65,2.33,2.37,186022,0.0,0.0,0.0,0.0,0.0,0.0,0.0,0.0,,,,,,,,,2.4600000000000004,,,,,,,,,6.647851951029344,"rgba(38, 166, 154, 1.0)"
2025-05-01 00:00:00+00:00,2.45,2.54,2.365,2.39,35499,0.0,0.0,0.0,0.0,0.0,0.0,0.0,0.0,,,,,,,,,2.458664573561875,,,,,,,,,6.645633259347346,"rgba(38, 166, 154, 1.0)"
2025-05-02 00:00:00+00:00,2.5,2.525,2.33,2.46,44934,0.0,0.0,0.0,0.0,0.0,0.0,0.0,0.0,,,,,,,,,2.45748447204969,,,,,,,,,6.642828241271322,"rgba(38, 166, 154, 1.0)"
2025-05-05 00:00:00+00:00,2.42,2.65,2.34,2.55,12251,0.0,0.0,0.0,0.0,0.0,0.0,0.0,0.0,,,,,,,,,2.4580346135354105,,,,,,,,,6.642067462336774,"rgba(38, 166, 154, 1.0)"
2025-05-06 00:00:00+00:00,2.47,2.4786,2.3,2.3,52776,0.0,0.0,0.0,0.0,0.0,0.0,0.0,0.0,,,,,,,,,2.451374029962411,,,,,,,,,6.638751055434217,"rgba(38, 166, 154, 1.0)"
2025-05-07 00:00:00+00:00,2.48,2.5864,2.35,2.47,19310,0.0,0.0,0.0,0.0,0.0,0.0,0.0,0.0,,,,,,,,,2.4525167645404307,,,,,,,,,6.637554985120813,"rgba(38, 166, 154, 1.0)"
2025-05-08 00:00:00+00:00,2.235,2.5,1.8,2.49,91758,1.0,2.5,1.8,169.0,1.0,2.5,1.8,169.0,,,2.1783333333333332,,,,,,2.395667768312432,,,,,,,,,6.631480607623531,"rgba(38, 166, 154, 0.75)"
2025-05-09 00:00:00+00:00,2.27,2.3765,2.25,2.25,6177,0.0,0.0,0.0,0.0,0.0,0.0,0.0,0.0,,,2.1859335630775516,,,,,,2.3943347834355113,,,,,,,,,6.63108333385437,"rgba(38, 166, 154, 0.75)"
2025-05-12 00:00:00+00:00,2.34,2.3934,2.24,2.3,10241,0.0,0.0,0.0,0.0,0.0,0.0,0.0,0.0,,,2.1990484639229897,,,,,,2.392775808988862,,,,,,,,,6.630428740605593,"rgba(38, 166, 154, 0.75)"
2025-05-13 00:00:00+00:00,2.22,2.38,2.2,2.35,18217,0.0,0.0,0.0,0.0,0.0,0.0,0.0,0.0,,,2.2087942631316606,,,,,,2.3879614702194467,,,,,,,,,6.62924919848655,"rgba(38, 166, 154, 0.75)"
2025-05-14 00:00:00+00:00,2.2,2.2177,2.16,2.2,27501,0.0,0.0,0.0,0.0,0.0,0.0,0.0,0.0,,,2.205894376648862,,,,,,2.377314151901711,,,,,,,,,6.627439504308411,#000000
2025-05-15 00:00:00+00:00,2.16,2.3019,2.15,2.2108,15630,0.0,0.0,0.0,0.0,0.0,0.0,0.0,0.0,,,2.2057166430711876,,,,,,2.3721068909406338,,,,,,,,,6.626414277333847,#000000
2025-05-16 00:00:00+00:00,2.22,2.2844,2.16,2.25,12916,0.0,0.0,0.0,0.0,0.0,0.0,0.0,0.0,,,2.206831679821677,,,,,,2.3684580680329264,,,,,,,,,6.625570780814058,#000000
2025-05-19 00:00:00+00:00,2.22,2.288,2.16,2.23,7931,0.0,0.0,0.0,0.0,0.0,0.0,0.0,0.0,,,2.207491377363149,,,,,,2.366321426015206,,,,,,,,,6.62505313747953,#000000
2025-05-20 00:00:00+00:00,2.16,2.2,2.16,2.2,18462,0.0,0.0,0.0,0.0,0.0,0.0,0.0,0.0,,,2.2044716160760034,,,,,,2.3599547587521412,,,,2.1733333333333333,,,,,6.623835126577019,"rgba(239, 83, 80, 1.0)"
2025-05-21 00:00:00+00:00,2.8,2.92,2.399,2.68,24558135,0.0,0.0,0.0,0.0,0.0,0.0,0.0,0.0,,,2.7021016773631716,,,,,,2.6986160006651336,,,,2.70593294242486,,,,,5.578510441280993,"rgba(38, 166, 154, 1.0)"
2025-05-22 00:00:00+00:00,2.64,2.9599,2.53,2.63,507118,0.0,0.0,0.0,0.0,0.0,0.0,0.0,0.0,,,2.70225948633975,,,,,,2.6988406310825495,,,,2.7060144923137046,,,,,5.562791231444931,"rgba(38, 166, 154, 1.0)"
2025-05-23 00:00:00+00:00,2.45,2.66,2.38,2.66,306279,0.0,0.0,0.0,0.0,0.0,0.0,0.0,0.0,,,2.6997978809945304,,,,,,2.69645270679335,,,,2.703489133595961,,,,,5.552677014968139,"rgba(38, 166, 154, 1.0)"
2025-05-27 00:00:00+00:00,2.47,2.6,2.39,2.52,126717,0.0,0.0,0.0,0.0,0.0,0.0,0.0,0.0,,,2.69874730092146,,,,,,2.6954325369342613,,,,2.7024123846159736,,,,,5.548498312788267,"rgba(38, 166, 154, 1.0)"
2025-05-28 00:00:00+00:00,2.48,2.5091,2.31,2.41,99299,0.0,0.0,0.0,0.0,0.0,0.0,0.0,0.0,,,2.6977248742872284,,,,,,2.694436405642918,,,,2.701368152106175,,,,,5.545174495950862,"rgba(38, 166, 154, 1.0)"
2025-05-29 00:00:00+00:00,2.49,2.53,2.44,2.49,98718,0.0,0.0,0.0,0.0,0.0,0.0,0.0,0.0,,,2.6969205830494345,,,,,,2.69365522426567,,,,2.700543920123647,,,,,5.541933974535185,"rgba(38, 166, 154, 1.0)"
2025-05-30 00:00:00+00:00,2.57,2.6,2.4,2.5,92265,0.0,0.0,0.0,0.0,0.0,0.0,0.0,0.0,,,2.6963045195287227,,,,,,2.693058797355685,,,,2.699910357941869,,,,,5.538947754884957,"rgba(38, 166, 154, 1.0)"
2025-06-02 00:00:00+00:00,2.52,2.62,2.51,2.62,63665,0.0,0.0,0.0,0.0,0.0,0.0,0.0,0.0,,,2.6959471093422027,,,,,,2.692713957886508,,,,2.6995414441346375,,,,,5.536908827247859,"rgba(38, 166, 154, 1.0)"
2025-06-03 00:00:00+00:00,2.5,2.55,2.46,2.51,66191,0.0,0.0,0.0,0.0,0.0,0.0,0.0,0.0,,,2.695459139384136,,,,,,2.6922405351491894,,,,2.6990407198152706,,,,,5.534758876092189,"rgba(38, 166, 154, 1.0)"
2025-06-04 00:00:00+00:00,2.51,2.55,2.4642,2.49,50947,0.0,0.0,0.0,0.0,0.0,0.0,0.0,0.0,,,2.695094442944254,,,,,,2.6918868421875626,,,,2.698666330425506,,,,,5.533108720574021,"rgba(38, 166, 154, 1.0)"
2025-06-05 00:00:00+00:00,2.52,2.58,2.45,2.58,91576,0.0,0.0,0.0,0.0,0.0,0.0,0.0,0.0,,,2.694472445917469,,,,,,2.6912840758346888,,,,2.698027250573108,,,,,5.530155545023992,"rgba(38, 166, 154, 1.0)"
2025-06-06 00:00:00+00:00,2.45,2.55,2.4,2.52,41288,0.0,0.0,0.0,0.0,0.0,0.0,0.0,0.0,,,2.694114966766853,,,,,,2.6909362375195918,,,,2.6976615471112386,,,,,5.528803904810055,"rgba(38, 166, 154, 1.0)"
2025-06-09 00:00:00+00:00,2.45,2.47,2.41,2.47,40736,0.0,0.0,0.0,0.0,0.0,0.0,0.0,0.0,,,2.6937272948274518,,,,,,2.6905585077332845,,,,2.6972655317718255,,,,,5.5274613509147725,#000000
2025-06-10 00:00:00+00:00,2.46,2.5,2.4109,2.48,17699,0.0,0.0,0.0,0.0,0.0,0.0,0.0,0.0,,,2.69356838276007,,,,,,2.690403780859201,,,,2.6971030720071356,,,,,5.526880978287475,#000000
2025-06-11 00:00:00+00:00,2.43,2.51,2.4,2.45,73977,0.0,0.0,0.0,0.0,0.0,0.0,0.0,0.0,,,2.6928776615006846,,,,,,2.6897308398143602,,,,2.6963973818708395,,,,,5.524449420925894,#000000
2025-06-12 00:00:00+00:00,2.53,2.5989,2.4465,2.448,87796,0.0,0.0,0.0,0.0,0.0,0.0,0.0,0.0,,,2.692322569405823,,,,,,2.6891932687253672,,,,2.695826546528382,,,,,5.521642067134627,"rgba(38, 166, 154, 0.5)"
2025-06-13 00:00:00+00:00,2.4,2.49,2.4,2.45,77050,0.0,0.0,0.0,0.0,0.0,0.0,0.0,0.0,,,2.691562958219522,,,,,,2.6884524852633755,,,,2.695051241850322,,,,,5.519104570742053,#000000
2025-06-16 00:00:00+00:00,2.41,2.47,2.41,2.43,40444,0.0,0.0,0.0,0.0,0.0,0.0,0.0,0.0,,,2.6911659917940556,,,,,,2.6880653357741164,,,,2.694646087048018,,,,,5.517774290223687,#000000
2025-06-17 00:00:00+00:00,2.43,2.485,2.3,2.3,67243,0.0,0.0,0.0,0.0,0.0,0.0,0.0,0.0,,,2.690445723899437,,,,,,2.687362105806894,,,,2.6939118277603837,,,,,5.515547186756143,#000000
2025-06-18 00:00:00+00:00,2.4,2.45,2.385,2.45,20700,0.0,0.0,0.0,0.0,0.0,0.0,0.0,0.0,,,2.6902298883002502,,,,,,2.687151421826014,,,,2.6936917415813606,,,,,5.514863707433618,#000000
2025-06-20 00:00:00+00:00,2.55,2.55,2.34,2.4,185749,0.0,0.0,0.0,0.0,0.0,0.0,0.0,0.0,,,2.6887794249217882,,,,,,2.6857405809467454,,,,2.6922068939408836,,,,,5.508878786498866,#000000
2025-06-23 00:00:00+00:00,2.65,2.66,2.4886,2.4982,89565,0.0,0.0,0.0,0.0,0.0,0.0,0.0,0.0,,,2.688483507212907,,,,,,2.685458403786086,,,,2.691897430613714,,,,,5.506114942079136,"rgba(38, 166, 154, 1.0)"
2025-06-24 00:00:00+00:00,2.65,2.75,2.6,2.66,114565,0.0,0.0,0.0,0.0,0.0,0.0,0.0,0.0,,,2.688391367007961,,,,,,2.6853800528680343,,,,2.6917901191076896,,,,,5.502668757963553,"rgba(38, 166, 154, 1.0)"
2025-06-25 00:00:00+00:00,2.83,2.86,2.5912,2.5912,165237,0.0,0.0,0.0,0.0,0.0,0.0,0.0,0.0,,,2.688827340229863,,,,,,2.6858284939762984,,,,2.692208432630401,,,,,5.497876829694088,"rgba(38, 166, 154, 1.0)"
2025-06-26 00:00:00+00:00,2.99,3.005,2.85,2.9,189502,0.0,0.0,0.0,0.0,0.0,0.0,0.0,0.0,,,2.6906168085389277,,,,,,2.6876158264841035,,,,2.693986906041982,,,,,5.49277765675632,"rgba(38, 166, 154, 1.0)"
2025-06-27 00:00:00+00:00,2.93,3.0996,2.92,3.05,188451,0.0,0.0,0.0,0.0,0.0,0.0,0.0,0.0,,,2.6926095119416527,,,,,,2.689603766011574,,,,2.6959703026349864,,,,,5.487796162030376,"rgba(38, 166, 154, 1.0)"
2025-06-30 00:00:00+00:00,3.31,3.38,2.91,2.91,204714,0.0,0.0,0.0,0.0,0.0,0.0,0.0,0.0,,,2.6963358600071836,,,,,,2.6933056021668915,,,,2.6996974232635,,,,,5.482873613550143,"rgba(38, 166, 154, 1.0)"
2025-07-01 00:00:00+00:00,3.49,3.5343,3.345,3.38,232079,0.0,0.0,0.0,0.0,0.0,0.0,0.0,0.0,,,2.702612074513291,,,,,,2.6995291628706317,,,,2.7059884915635677,,,,,5.477942594158875,"rgba(38, 166, 154, 1.0)"
2025-07-02 00:00:00+00:00,3.46,3.655,3.25,3.59,122300,0.0,0.0,0.0,0.0,0.0,0.0,0.0,0.0,,,2.7058717568029773,,,,,,2.7027620277950875,,,,2.709255578436818,,,,,5.475351873857988,"rgba(38, 166, 154, 1.0)"
2025-07-03 00:00:00+00:00,3.4,3.46,3.305,3.46,70481,0.0,0.0,0.0,0.0,0.0,0.0,0.0,0.0,,,2.7075714646431357,,,,,,2.704448574530828,,,,2.7109583130693227,,,,,5.473812697207186,"rgba(38, 166, 154, 1.0)"
2025-07-07 00:00:00+00:00,3.31,3.4,3.1,3.33,54220,1.0,3.4,3.1,136.0,1.0,3.4,3.1,136.0,,3.2700000000000005,2.708646987356087,,,,,,2.7055168522861583,,,,2.7120345854640115,,,,,5.472563077200191,"rgba(38, 166, 154, 1.0)"
2025-07-08 00:00:00+00:00,3.325,3.3499,3.24,3.27,21541,0.0,0.0,0.0,0.0,0.0,0.0,0.0,0.0,,3.279942014580941,2.7090996846599196,,,,,,2.705966368612471,,,,2.712487751397397,,,,,5.472074885675343,"rgba(38, 166, 154, 0.75)"
2025-07-09 00:00:00+00:00,3.53,3.59,3.21,3.36,110301,0.0,0.0,0.0,0.0,0.0,0.0,0.0,0.0,,3.3768034148115507,2.7119427818149946,,,,,,2.708786864715601,,,,2.71533676960001,,,,,5.469737924150861,"rgba(38, 166, 154, 0.75)"
2025-07-10 00:00:00+00:00,3.56,3.58,3.51,3.53,27768,0.0,0.0,0.0,0.0,0.0,0.0,0.0,0.0,,3.3992947526851554,2.7127589376466275,,,,,,2.709596137653783,,,,2.7161550836997694,,,,,5.469181371817023,"rgba(38, 166, 154, 0.75)"
2025-07-11 00:00:00+00:00,3.46,3.6,3.45,3.5,57902,0.0,0.0,0.0,0.0,0.0,0.0,0.0,0.0,,3.421463808581004,2.7143611131724437,,,,,,2.7111852124269302,,,,2.7177610774606755,,,,,5.467993688899891,"rgba(38, 166, 154, 0.75)"
2025-07-14 00:00:00+00:00,3.5,3.56,3.48,3.5,7714,0.0,0.0,0.0,0.0,0.0,0.0,0.0,0.0,,3.4239998316907982,2.714576772306291,,,,,,2.7113991033829747,,,,2.717977258917852,,,,,5.467836372866999,"rgba(38, 166, 154, 0.75)"
2025-07-15 00:00:00+00:00,3.54,3.57,3.48,3.5142,16973,0.0,0.0,0.0,0.0,0.0,0.0,0.0,0.0,,3.430069418514558,2.7150607667548217,,,,,,2.7118790957350214,,,,2.7184624651813154,,,,,5.467493272753807,"rgba(38, 166, 154, 0.75)"
2025-07-16 00:00:00+00:00,3.47,3.53,3.43,3.53,31200,0.0,0.0,0.0,0.0,0.0,0.0,0.0,0.0,,3.4345069943033426,2.7158908277301608,,,,,,2.7127025340172146,,,,2.719294350798392,,,,,5.466845545972778,"rgba(38, 166, 154, 0.75)"
2025-07-17 00:00:00+00:00,3.55,3.59,3.48,3.48,20103,0.0,0.0,0.0,0.0,0.0,0.0,0.0,0.0,,3.4406059063466414,2.7164691445863465,,,,,,2.7132760651827557,,,,2.7198741321173556,,,,,5.466441695527768,"rgba(38, 166, 154, 0.75)"
2025-07-18 00:00:00+00:00,3.54,3.65,3.5,3.6,45208,0.0,0.0,0.0,0.0,0.0,0.0,0.0,0.0,,3.4547261351894747,2.7178034783377676,,,,,,2.7145992526884495,,,,2.721211977418938,,,,,5.465545119851821,"rgba(38, 166, 154, 0.75)"
2025-07-21 00:00:00+00:00,3.6,3.6,3.544,3.6,26044,0.0,0.0,0.0,0.0,0.0,0.0,0.0,0.0,,3.4625962127323735,2.718586594922848,,,,,,2.715375789768867,,,,2.721997208134075,,,,,5.465033876480409,"rgba(38, 166, 154, 0.75)"
2025-07-22 00:00:00+00:00,3.6,3.63,3.51,3.51,48725,0.0,0.0,0.0,0.0,0.0,0.0,0.0,0.0,,3.47482736895596,2.7200456397276445,,,,,,2.716822629852085,,,,2.7234601574448765,,,,,5.464077473563052,"rgba(38, 166, 154, 0.75)"
2025-07-23 00:00:00+00:00,3.59,3.65,3.56,3.6,16277,0.0,0.0,0.0,0.0,0.0,0.0,0.0,0.0,,3.4790371539773326,2.720543255345389,,,,,,2.7173160545492068,,,,2.7239591424041367,,,,,5.463761584489352,"rgba(38, 166, 154, 0.75)"
2025-07-24 00:00:00+00:00,3.76,3.87,3.6,3.61,86632,0.0,0.0,0.0,0.0,0.0,0.0,0.0,0.0,,3.5191636622106013,2.7236124127435444,,,,,,2.720357934829279,,,,2.7270383541223575,,,,,5.462211270519404,"rgba(38, 166, 154, 1.0)"
2025-07-25 00:00:00+00:00,4.08,4.16,3.7122,3.75,229069,0.0,0.0,0.0,0.0,0.0,0.0,0.0,0.0,,3.6523360134571003,2.7335347824188387,,,,,,2.7301874281856744,,,,2.7369989184358183,,,,,5.458697653437517,"rgba(38, 166, 154, 1.0)"
2025-07-28 00:00:00+00:00,4.11,4.2,4.05,4.1832,72511,0.0,0.0,0.0,0.0,0.0,0.0,0.0,0.0,,3.691216144034696,2.7369810897828026,,,,,,2.7336010071686263,,,,2.740459196577617,,,,,5.4576911137023485,"rgba(38, 166, 154, 1.0)"
2025-07-29 00:00:00+00:00,4.05,4.2268,3.95,4.15,108477,0.0,0.0,0.0,0.0,0.0,0.0,0.0,0.0,,3.7337350547162726,2.7419404286787405,,,,,,2.7385140079197834,,,,2.74543802076936,,,,,5.456138259647105,"rgba(38, 166, 154, 1.0)"
2025-07-30 00:00:00+00:00,4.05,4.16,4.025,4.16,74040,0.0,0.0,0.0,0.0,0.0,0.0,0.0,0.0,,3.7579257587982737,2.7453112282209298,,,,,,2.7418535412417073,,,,2.7488219442079718,,,,,5.4550824696994304,"rgba(38, 166, 154, 1.0)"
2025-07-31 00:00:00+00:00,4.01,4.49,3.91,4.49,276754,-1.0,4.49,3.91,0.0,0.0,0.0,0.0,0.0,,3.836649971272116,2.7583066069791795,,,,,4.136666666666667,2.7547287879920894,4.136666666666667,,,2.761868352782396,,,,,5.451316927509534,"rgba(38, 166, 154, 1.0)"
2025-08-01 00:00:00+00:00,3.9,4.12,3.81,4.09,133211,0.0,0.0,0.0,0.0,0.0,0.0,0.0,0.0,,3.8463527694065336,2.7636102843607415,,,,,4.073846360868204,,4.073846360868204,,,2.767190127464282,,,,,5.449246684706335,"rgba(38, 166, 154, 0.75)"
2025-08-04 00:00:00+00:00,3.91,3.986,3.5,3.9,258177,0.0,0.0,0.0,0.0,0.0,0.0,0.0,0.0,,3.8392067750454144,2.772511299417903,,,,,3.967514072357872,,3.967514072357872,,,2.7761169626903097,,,,,5.444866577883557,"rgba(38, 166, 154, 0.75)"
2025-08-05 00:00:00+00:00,3.74,3.9,3.66,3.9,34028,0.0,0.0,0.0,0.0,0.0,0.0,0.0,0.0,,3.8378017833368916,2.7736368284465205,,,,,3.957780766291164,,3.957780766291164,,,2.7772455579186053,,,,,5.4442798201589335,"rgba(38, 166, 154, 0.5)"
2025-08-06 00:00:00+00:00,3.84,3.9,3.65,3.72,70206,0.0,0.0,0.0,0.0,0.0,0.0,0.0,0.0,,3.836221157190076,2.776020878078142,,,,,3.94313611591591,,3.94313611591591,,,2.7796363051469957,,,,,5.443092152288929,"rgba(38, 166, 154, 0.5)"
2025-08-07 00:00:00+00:00,3.91,3.95,3.635,3.81,118951,0.0,0.0,0.0,0.0,0.0,0.0,0.0,0.0,,3.835942764438955,2.7801725945584166,,,,,3.9282600912272754,,3.9282600912272754,,,2.7838000099151614,,,,,5.441126468034261,"rgba(38, 166, 154, 0.5)"
2025-08-08 00:00:00+00:00,3.73,3.85,3.65,3.85,8838,0.0,0.0,0.0,0.0,0.0,0.0,0.0,0.0,,3.835524075650385,2.780453957731275,,,,,3.9264444433335375,,3.9264444433335375,,,2.784082088376133,,,,,5.440972604804699,"rgba(38, 166, 154, 0.5)"
2025-08-11 00:00:00+00:00,3.51,3.77,3.3112,3.77,166511,0.0,0.0,0.0,0.0,0.0,0.0,0.0,0.0,,3.8115743396243618,2.784558868711108,,,,,3.86462083775517,,3.86462083775517,,,2.788192865396866,,,,,5.437716025486606,#000000
2025-08-12 00:00:00+00:00,3.52,3.599,3.4014,3.4989,10857,0.0,0.0,0.0,0.0,0.0,0.0,0.0,0.0,,3.8100224795574738,2.784816541099097,,,,,3.8610155088831,,3.8610155088831,,,2.7884508552012472,,,,,5.4375014499803935,"rgba(239, 83, 80, 1.0)"
2025-08-13 00:00:00+00:00,3.15,3.45,3.1,3.4496,130207,0.0,0.0,0.0,0.0,0.0,0.0,0.0,0.0,,3.7768331805193065,2.78672742641208,,,,,3.79334480738128,,3.79334480738128,,,2.7903581372554536,,,,,5.43456780497848,"rgba(239, 83, 80, 1.0)"
2025-08-14 00:00:00+00:00,3.22,3.44,3.15,3.36,58510,0.0,0.0,0.0,0.0,0.0,0.0,0.0,0.0,,3.764056194583696,2.787650875963205,,,,,3.769162454228365,,3.769162454228365,,,2.7912803828961708,,,,,5.433273996066862,"rgba(239, 83, 80, 1.0)"
2025-08-15 00:00:00+00:00,3.32,3.5499,3.13,3.13,35092,0.0,0.0,0.0,0.0,0.0,0.0,0.0,0.0,,3.7576403224129233,2.7882754948002693,,,,,3.757408983393041,,3.757408983393041,,,2.7919047241246333,,,,,5.4325214463082885,"rgba(239, 83, 80, 1.0)"
2025-08-18 00:00:00+00:00,3.58,3.64,3.3,3.33,55833,0.0,0.0,0.0,0.0,0.0,0.0,0.0,0.0,,3.7518304926862043,2.789581530891495,,,,,3.747093662399224,,3.747093662399224,,,2.7932122674041913,,,,,5.431424007960268,"rgba(239, 83, 80, 1.0)"
2025-08-19 00:00:00+00:00,3.51,3.58,3.3896,3.58,59392,0.0,0.0,0.0,0.0,0.0,0.0,0.0,0.0,,3.7456148344253495,2.7909396233674335,,,,,3.736448735334556,,3.736448735334556,,,2.794571762902076,,,,,5.430249828781221,"rgba(239, 83, 80, 0.75)"
2025-08-20 00:00:00+00:00,3.57,3.65,3.45,3.51,47038,0.0,0.0,0.0,0.0,0.0,0.0,0.0,0.0,,3.7420855850815307,2.7921083787140146,,,,,3.7306708178322245,,3.7306708178322245,,,2.7957422046074116,,,,,5.429351333173434,"rgba(239, 83, 80, 0.75)"
2025-08-21 00:00:00+00:00,3.63,3.6801,3.53,3.5498,41685,0.0,0.0,0.0,0.0,0.0,0.0,0.0,0.0,,3.7399896246932784,2.793217740760537,,,,,3.7274223915878886,,3.7274223915878886,,,2.796853513715813,,,,,5.428579894175965,#000000
2025-08-22 00:00:00+00:00,3.58,3.79,3.44,3.69,85204,-1.0,3.79,3.44,0.0,0.0,0.0,0.0,0.0,,3.735587814981029,2.7954483487457567,,,,3.6033333333333335,3.7207748442727016,,3.7207748442727016,,,2.7990878565038178,,,,,5.426996408297209,#000000
2025-08-25 00:00:00+00:00,3.53,3.7494,3.43,3.43,43966,0.0,0.0,0.0,0.0,0.0,0.0,0.0,0.0,,3.7328772981204215,2.7965469873464395,,,,3.5919194869809816,3.7167137109300112,,3.7167137109300112,,,2.8001880904727288,,,,,5.426165385209657,#000000
2025-08-26 00:00:00+00:00,3.53,3.6888,3.47,3.52,23234,0.0,0.0,0.0,0.0,0.0,0.0,0.0,0.0,,3.7314215837959934,2.797121164512718,,,,3.5875005459174307,3.7145583473387327,,3.7145583473387327,,,2.8007630693330823,,,,,5.425724904850516,#000000
2025-08-27 00:00:00+00:00,3.5487,3.61,3.48,3.54,26368,0.0,0.0,0.0,0.0,0.0,0.0,0.0,0.0,,3.729638648705787,2.7977575629577593,,,,3.5814138328895657,3.7119228184987643,,3.7119228184987643,,,2.801400282167847,,,,,5.425220781648944,#000000
2025-08-28 00:00:00+00:00,3.374,3.6485,3.27,3.5989,90411,0.0,0.0,0.0,0.0,0.0,0.0,0.0,0.0,,3.720089837224806,2.799596296561744,,,,3.5308380775655723,3.6976010556749332,,3.6976010556749332,,,2.803239684838485,,,,,5.423388253364486,"rgba(239, 83, 80, 0.75)"
2025-08-29 00:00:00+00:00,3.34,3.52,3.31,3.52,43796,0.0,0.0,0.0,0.0,0.0,0.0,0.0,0.0,,3.7150579035870153,2.8004257934677232,,,,3.511130223540025,3.69019197823131,,3.69019197823131,,,2.8040691283689028,,,,,5.422483601716026,"rgba(239, 83, 80, 1.0)"
2025-09-02 00:00:00+00:00,3.07,3.3,3.03,3.3,65900,0.0,0.0,0.0,0.0,0.0,0.0,0.0,0.0,,,2.8011280942338765,,,,3.445418439396219,3.6707154956552905,,3.6707154956552905,,,2.804768002225728,,,,,5.420952176826211,"rgba(239, 83, 80, 1.0)"
2025-09-03 00:00:00+00:00,3.14,3.18,3.05,3.05,72801,0.0,0.0,0.0,0.0,0.0,0.0,0.0,0.0,,,2.801877251657997,,,,3.3935053199167555,3.650352399236234,,3.650352399236234,,,2.8055132274954784,,,,,5.419255377562121,"rgba(239, 83, 80, 1.0)"
2025-09-04 00:00:00+00:00,3.2,3.2,3.02,3.14,233400,0.0,0.0,0.0,0.0,0.0,0.0,0.0,0.0,,,2.804379054338468,,,,3.307138557394757,3.595970605301083,,3.595970605301083,,,2.808003153993987,,,,,5.4138716640747395,"rgba(239, 83, 80, 1.0)"
2025-09-05 00:00:00+00:00,3.09,3.26,3.0499,3.05,204294,0.0,0.0,0.0,0.0,0.0,0.0,0.0,0.0,,,2.8064955693791203,,,,3.267206904069604,3.5564991685402765,,3.5564991685402765,,,2.8101089758557154,,,,,5.4091663300136865,"rgba(239, 83, 80, 1.0)"
2025-09-08 00:00:00+00:00,3.15,3.15,2.96,3.1,117331,0.0,0.0,0.0,0.0,0.0,0.0,0.0,0.0,,,2.807527162155609,,,,3.246165023285537,3.5345540940965248,,3.5345540940965248,,,2.8111333839568706,,,,,5.406417516729122,"rgba(239, 83, 80, 1.0)"
2025-09-09 00:00:00+00:00,3.04,3.14,2.88,3.14,152450,0.0,0.0,0.0,0.0,0.0,0.0,0.0,0.0,,,2.808538812154532,,,,3.216420202446322,3.5051131517445473,,3.5051131517445473,,,2.812133811805741,,,,,5.402753281766513,"rgba(239, 83, 80, 1.0)"
2025-09-10 00:00:00+00:00,3.03,3.08,2.9,3.04,108130,0.0,0.0,0.0,0.0,0.0,0.0,0.0,0.0,,,2.8091944412043133,,,,3.1982387490580253,3.4855438157428864,,3.4855438157428864,,,2.812781177056978,,,,,5.400142989083486,"rgba(239, 83, 80, 1.0)"
2025-09-11 00:00:00+00:00,3.0588,3.189,2.9301,3.01,124560,0.0,0.0,0.0,0.0,0.0,0.0,0.0,0.0,,,2.8101603955876455,,,,3.185804741979171,3.4672178041179764,,3.4672178041179764,,,2.813738932199671,,,,,5.397213150384107,"rgba(239, 83, 80, 1.0)"
2025-09-12 00:00:00+00:00,3.15,3.1998,2.98,3.04,180522,0.0,0.0,0.0,0.0,0.0,0.0,0.0,0.0,,,2.811828998897715,,,,3.177094015773671,3.4462610479768645,,3.4462610479768645,,,2.8153973513421144,,,,,5.393071673986477,"rgba(239, 83, 80, 0.75)"
2025-09-15 00:00:00+00:00,3.0,3.17,2.88,3.17,183255,0.0,0.0,0.0,0.0,0.0,0.0,0.0,0.0,,,2.8129799294654463,,,,3.1603483188864114,3.4221189311865308,,3.4221189311865308,,,2.8165348718726073,,,,,5.388711693775457,"rgba(239, 83, 80, 0.75)"
2025-09-16 00:00:00+00:00,2.87,3.0147,2.8,2.98,210272,0.0,0.0,0.0,0.0,0.0,0.0,0.0,0.0,,,2.8135046937585297,,,,3.1319559697013166,3.3901818805725457,,3.3901818805725457,,,2.8170397921889427,,,,,5.383472794834047,"rgba(239, 83, 80, 1.0)"
2025-09-17 00:00:00+00:00,2.64,2.89,2.55,2.86,227429,0.0,0.0,0.0,0.0,0.0,0.0,0.0,0.0,,,2.8126778171516755,,,,3.086474520974187,3.347332420991328,,3.347332420991328,,,2.8161836602280164,,,,,5.37737419856175,"rgba(239, 83, 80, 1.0)"
2025-09-18 00:00:00+00:00,2.4,2.7585,2.37,2.62,250349,0.0,0.0,0.0,0.0,0.0,0.0,0.0,0.0,,,2.810398734328709,,,,3.027364708220525,3.2942170684600156,,3.2942170684600156,,,2.81386496846494,,,,,5.3702352742243376,"rgba(239, 83, 80, 1.0)"
2025-09-19 00:00:00+00:00,2.7,3.01,2.34,2.34,266687,0.0,0.0,0.0,0.0,0.0,0.0,0.0,0.0,,,2.809389290757565,,,,2.9935135854450774,3.2555718324193186,,3.2555718324193186,,,2.8128220739736665,,,,,5.363129189543594,"rgba(239, 83, 80, 0.75)"
2025-09-22 00:00:00+00:00,2.67,2.79,2.62,2.62,167844,0.0,0.0,0.0,0.0,0.0,0.0,0.0,0.0,,,2.8088119128753126,,,,2.976008408000872,3.2340437134875466,,3.2340437134875466,,,2.8122242446327137,,,,,5.358692711760765,"rgba(239, 83, 80, 0.75)"
2025-09-23 00:00:00+00:00,2.66,2.82,2.55,2.6,290054,0.0,0.0,0.0,0.0,0.0,0.0,0.0,0.0,,,2.8076854952052472,,,,2.9486036648121243,3.199451263269632,,3.199451263269632,,,2.8110622389786,,,,,5.351012893801266,"rgba(239, 83, 80, 0.75)"
2025-09-24 00:00:00+00:00,2.839,2.839,2.59,2.63,124958,0.0,0.0,0.0,0.0,0.0,0.0,0.0,0.0,,,2.807496387215328,,,,2.9412954967309046,3.1879033367892706,,3.1879033367892706,,,2.810859646809449,,,,,5.347815639006008,"rgba(239, 83, 80, 0.75)"
2025-09-25 00:00:00+00:00,2.86,2.88,2.72,2.84,148155,-1.0,2.88,2.72,0.0,0.0,0.0,0.0,0.0,,,2.807550394090296,,,2.8199999999999994,2.936073583853717,3.176884443462862,,3.176884443462862,,,2.810899347090913,,,,,5.3441283989105495,"rgba(239, 83, 80, 0.75)"
2025-09-26 00:00:00+00:00,2.68,2.8639,2.56,2.8,127970,0.0,0.0,0.0,0.0,0.0,0.0,0.0,0.0,,,2.8071554654087465,,,2.7649885414214572,2.9276563483071563,3.1648913442162283,,3.1648913442162283,,,2.810489705391088,,,,,5.340802798957986,"rgba(239, 83, 80, 0.75)"
2025-09-29 00:00:00+00:00,2.69,2.8014,2.56,2.67,133050,0.0,0.0,0.0,0.0,0.0,0.0,0.0,0.0,,,2.806680591696715,,,2.7385887480906694,2.918893066442667,3.152600035351634,,3.152600035351634,,,2.8099992948125316,,,,,5.3373311808533614,"rgba(239, 83, 80, 0.75)"
2025-09-30 00:00:00+00:00,2.51,2.66,2.4,2.66,119355,0.0,0.0,0.0,0.0,0.0,0.0,0.0,0.0,,,2.805705451000407,,,2.689978811041946,2.9065395389453417,3.138500986402379,,3.138500986402379,,,2.8090072874674665,,,,,5.3340367477581285,"rgba(239, 83, 80, 0.75)"
2025-10-01 00:00:00+00:00,2.42,2.59,2.4,2.49,174307,0.0,0.0,0.0,0.0,0.0,0.0,0.0,0.0,,,2.804026633166518,,,2.6354229942362166,2.887497770366018,3.1173198997808167,,3.1173198997808167,,,2.8073026472891947,,,,,5.329148335437734,"rgba(239, 83, 80, 1.0)"
2025-10-02 00:00:00+00:00,2.47,2.4999,2.35,2.41,164513,0.0,0.0,0.0,0.0,0.0,0.0,0.0,0.0,,,2.8023163874723855,,,2.598350178397802,2.869801932309674,3.09765236285315,,3.09765236285315,,,2.805567579880831,,,,,5.324501573357766,"rgba(239, 83, 80, 1.0)"
2025-10-03 00:00:00+00:00,2.5384,2.57,2.4,2.42,166343,0.0,0.0,0.0,0.0,0.0,0.0,0.0,0.0,,,2.800900422597233,,,2.5829741399364545,2.8556929652537097,3.0806862847820558,,3.0806862847820558,,,2.804128458782158,,,,,5.3199203096841305,"rgba(239, 83, 80, 1.0)"
2025-10-06 00:00:00+00:00,2.48,2.56,2.46,2.53,157574,0.0,0.0,0.0,0.0,0.0,0.0,0.0,0.0,,,2.799558911821471,,,2.571998794252954,2.84319476294029,3.065410067150024,,3.065410067150024,,,2.802765213585875,,,,,5.315589953251529,"rgba(239, 83, 80, 1.0)"
2025-10-07 00:00:00+00:00,2.32,2.5,2.23,2.5,171821,0.0,0.0,0.0,0.0,0.0,0.0,0.0,0.0,,,2.797383990806074,,,2.544015234257314,2.824995514016162,3.0454602793033128,,3.0454602793033128,,,2.800562976359741,,,,,5.310632450238284,"rgba(239, 83, 80, 1.0)"
2025-10-08 00:00:00+00:00,2.63,2.6447,2.36,2.36,139657,0.0,0.0,0.0,0.0,0.0,0.0,0.0,0.0,,,2.7963950443544494,,,2.544097459604479,2.8168392117949272,3.0343661714792045,,3.0343661714792045,,,2.7995562028662544,,,,,5.306879620846708,"rgba(239, 83, 80, 0.75)"
2025-10-09 00:00:00+00:00,2.56,2.75,2.5,2.58,166774,0.0,0.0,0.0,0.0,0.0,0.0,0.0,0.0,,,2.7954962215458306,,,2.550014734942619,2.809664289791339,3.0232522562326096,,3.0232522562326096,,,2.798637782078945,,,,,5.30250596150158,"rgba(239, 83, 80, 0.5)"
2025-10-10 00:00:00+00:00,2.22,2.52,2.16,2.51,168378,0.0,0.0,0.0,0.0,0.0,0.0,0.0,0.0,,,2.7931780866398577,,,2.527109762008789,2.7929396005258376,3.0049019862519883,,3.0049019862519883,,,2.796292544551492,,,,,5.297609940569405,"rgba(239, 83, 80, 0.75)"
2025-10-13 00:00:00+00:00,2.25,2.32,2.11,2.28,175741,0.0,0.0,0.0,0.0,0.0,0.0,0.0,0.0,,,2.790425257360009,,,2.5008884799220783,2.7741869854318555,2.984824918976794,,2.984824918976794,,,2.7935099342263348,,,,,5.292392224907153,"rgba(239, 83, 80, 1.0)"
2025-10-14 00:00:00+00:00,2.25,2.3892,2.1501,2.29,156224,0.0,0.0,0.0,0.0,0.0,0.0,0.0,0.0,,,2.7881572111566126,,,2.4837683739027336,2.7595717689133794,2.9686445493518545,,2.9686445493518545,,,2.791216601012067,,,,,5.287823773663613,"rgba(239, 83, 80, 1.0)"
2025-10-15 00:00:00+00:00,2.05,2.23,2.01,2.23,172678,0.0,0.0,0.0,0.0,0.0,0.0,0.0,0.0,,,2.784885393688849,,,2.455233557591333,2.7392605369230325,2.947559204444168,,2.947559204444168,,,2.787913075568531,,,,,5.282513193961418,"rgba(239, 83, 80, 1.0)"
2025-10-16 00:00:00+00:00,1.99,2.2117,1.92,2.1,153388,0.0,0.0,0.0,0.0,0.0,0.0,0.0,0.0,,,2.781770131267283,,,2.429750080077097,2.720748080870231,2.9284868829375315,,2.9284868829375315,,,2.784768808176967,,,,,5.277727857868531,"rgba(239, 83, 80, 1.0)"
2025-10-17 00:00:00+00:00,1.72,1.99,1.71,1.95,132275,0.0,0.0,0.0,0.0,0.0,0.0,0.0,0.0,,,,,,2.3983908743730984,2.7003289652016904,2.908506459699237,,2.908506459699237,,,2.7812329463479926,,,,,5.273315174222529,"rgba(239, 83, 80, 1.0)"
2025-10-20 00:00:00+00:00,1.84,2.0432,1.77,1.82,117864,0.0,0.0,0.0,0.0,0.0,0.0,0.0,0.0,,,,,,2.376329861143228,2.6844051100886936,2.8925075025992193,,2.8925075025992193,,,2.778353365044665,,,,,5.269480637091931,"rgba(239, 83, 80, 1.0)"
2025-10-21 00:00:00+00:00,1.76,1.88,1.73,1.78,109903,0.0,0.0,0.0,0.0,0.0,0.0,0.0,0.0,,,,,,2.353766805253557,2.6684196087882643,2.876677692970452,,2.876677692970452,,,2.7754031064145,,,,,5.265813416151465,"rgba(239, 83, 80, 1.0)"
2025-10-22 00:00:00+00:00,1.95,2.1494,1.72,1.75,141282,0.0,0.0,0.0,0.0,0.0,0.0,0.0,0.0,,,,,,2.334253578411158,2.6520550311553444,2.8596987191237493,,2.8596987191237493,,,2.7722089082906543,,,,,5.261313173640716,"rgba(239, 83, 80, 0.75)"
2025-10-23 00:00:00+00:00,1.69,1.89,1.66,1.89,130323,0.0,0.0,0.0,0.0,0.0,0.0,0.0,0.0,,,,,,2.3097694048583968,2.6336783317421477,2.8413979101270743,,2.8413979101270743,,,2.7686054382534024,,,,,5.256932043982113,"rgba(239, 83, 80, 0.75)"
2025-10-24 00:00:00+00:00,1.85,1.85,1.7,1.7,77693,0.0,0.0,0.0,0.0,0.0,0.0,0.0,0.0,,,,,,2.2974130233103756,2.62371124086447,2.8312890117573297,,2.8312890117573297,,,2.76658071202366,,,,,5.254364998863353,"rgba(239, 83, 80, 0.75)"
2025-10-27 00:00:00+00:00,1.836,1.85,1.76,1.83,60073,0.0,0.0,0.0,0.0,0.0,0.0,0.0,0.0,,,,,,2.288544126243885,2.6163069149672573,2.8237204761640204,,2.8237204761640204,,,2.7650457100677115,,,,,5.252391545004328,"rgba(239, 83, 80, 0.75)"
2025-10-28 00:00:00+00:00,1.85,1.92,1.8,1.8,62912,0.0,0.0,0.0,0.0,0.0,0.0,0.0,0.0,,,,,,2.2803806017951964,2.609089408622579,2.816234183442729,,2.816234183442729,,,2.7635131996757387,,,,,5.250352078605147,"rgba(239, 83, 80, 0.5)"
2025-10-29 00:00:00+00:00,1.77,1.8201,1.76,1.8,58270,0.0,0.0,0.0,0.0,0.0,0.0,0.0,0.0,,,,,,2.271828762046894,2.6018863021274177,2.808881100447467,,2.808881100447467,,,2.7619840121127712,,,,,5.248424526727717,"rgba(239, 83, 80, 0.5)"
2025-10-30 00:00:00+00:00,1.81,1.8884,1.76,1.83,61592,0.0,0.0,0.0,0.0,0.0,0.0,0.0,0.0,,,,,,2.2637484381079713,2.594737743877444,2.801491404571408,,2.801491404571408,,,2.760432258444983,,,,,5.246410615372093,"rgba(239, 83, 80, 0.5)"
2025-10-31 00:00:00+00:00,1.75,1.815,1.71,1.78,60713,0.0,0.0,0.0,0.0,0.0,0.0,0.0,0.0,,,,,,2.2550032766876384,2.5872722484406516,2.793867627364081,,2.793867627364081,,,2.7588085906813347,,,,,5.2443923868982685,"rgba(239, 83, 80, 0.5)"
2025-11-03 00:00:00+00:00,1.71,1.8,1.71,1.75,63751,0.0,0.0,0.0,0.0,0.0,0.0,0.0,0.0,,,,,,2.245813284278202,2.579405066129277,2.7858417713205754,,2.7858417713205754,,,2.757078191812028,,,,,5.2422645492584605,"rgba(239, 83, 80, 0.5)"
2025-11-04 00:00:00+00:00,1.71,1.7392,1.65,1.7,119602,0.0,0.0,0.0,0.0,0.0,0.0,0.0,0.0,,,,,,2.2281239417749745,2.564343572323362,2.7705425668275403,,2.7705425668275403,,,2.753719732651086,,,,,5.238233701046815,"rgba(239, 83, 80, 0.5)"
2025-11-05 00:00:00+00:00,1.79,1.88,1.68,1.68,63894,0.0,0.0,0.0,0.0,0.0,0.0,0.0,0.0,,,,,,2.2205576788180923,2.5572645802248632,2.763169119298278,,2.763169119298278,,,2.752075915757595,,,,,5.2361348770980705,"rgba(239, 83, 80, 0.5)"
2025-11-06 00:00:00+00:00,1.68,1.76,1.65,1.72,90859,0.0,0.0,0.0,0.0,0.0,0.0,0.0,0.0,,,,,,2.2081841331650955,2.5463133989780875,2.7519607415231695,,2.7519607415231695,,,2.7495396626002027,,,,,5.233079876056234,"rgba(239, 83, 80, 0.5)"
2025-11-07 00:00:00+00:00,1.67,1.67,1.62,1.63,63329,0.0,0.0,0.0,0.0,0.0,0.0,0.0,0.0,,,,,,2.1991979994184536,2.5384628114456183,2.7439716694600196,,2.7439716694600196,,,2.7477066229160974,,,,,5.230927594373918,"rgba(239, 83, 80, 0.5)"
2025-11-10 00:00:00+00:00,1.786,1.79,1.62,1.68,106576,0.0,0.0,0.0,0.0,0.0,0.0,0.0,0.0,,,,,,2.1868021593098455,2.5267050897389622,2.731737105199751,,2.731737105199751,,,2.7448563646787907,,,,,5.227390885056622,"rgba(239, 83, 80, 0.5)"
2025-11-11 00:00:00+00:00,1.67,1.79,1.67,1.71,114754,0.0,0.0,0.0,0.0,0.0,0.0,0.0,0.0,,,,,,2.1735590942283034,2.5140825174289567,2.7186075270282584,,2.7186075270282584,,,2.7417389529208265,,,,,5.223566857181516,"rgba(239, 83, 80, 0.5)"
2025-11-12 00:00:00+00:00,1.67,1.78,1.65,1.74,62923,0.0,0.0,0.0,0.0,0.0,0.0,0.0,0.0,,,,,,2.1664551139630888,2.507241391025754,2.711480462449715,,2.711480462449715,,,2.74002105318631,,,,,5.221467599745841,"rgba(239, 83, 80, 0.5)"
2025-11-13 00:00:00+00:00,1.62,1.7449,1.61,1.69,78427,0.0,0.0,0.0,0.0,0.0,0.0,0.0,0.0,,,,,,2.157128268011064,2.4984416902431406,2.702375214408989,,2.702375214408989,,,2.737802250703266,,,,,5.21882364972824,"rgba(239, 83, 80, 0.5)"
2025-11-14 00:00:00+00:00,1.7,1.72,1.61,1.62,65524,0.0,0.0,0.0,0.0,0.0,0.0,0.0,0.0,,,,,,2.149871841728119,2.4913861045092456,2.6950195470300953,,2.6950195470300953,,,2.7359868795961777,,,,,5.216629074668644,"rgba(239, 83, 80, 0.5)"
2025-11-17 00:00:00+00:00,1.62,1.65,1.61,1.63,73994,0.0,0.0,0.0,0.0,0.0,0.0,0.0,0.0,,,,,,2.141098043223498,2.483082608478044,2.686437200397873,,2.686437200397873,,,2.733847886637433,,,,,5.214119125693063,"rgba(239, 83, 80, 0.5)"
2025-11-18 00:00:00+00:00,1.575,1.63,1.56,1.6,70699,0.0,0.0,0.0,0.0,0.0,0.0,0.0,0.0,,,,,,2.1323809971612286,2.4749479854688072,2.678072877262143,,2.678072877262143,,,2.7317413431721396,,,,,5.211698632428657,"rgba(239, 83, 80, 0.5)"
2025-11-19 00:00:00+00:00,1.51,1.66,1.5,1.56,72462,0.0,0.0,0.0,0.0,0.0,0.0,0.0,0.0,,,,,,2.123223650081884,2.4664702325325387,2.6693858734581357,,2.6693858734581357,,,2.7295307209294,,,,,5.209199479068243,"rgba(239, 83, 80, 0.5)"
2025-11-20 00:00:00+00:00,1.42,1.52,1.41,1.51,77512,0.0,0.0,0.0,0.0,0.0,0.0,0.0,0.0,,,,,,2.1119606666315573,2.45653014023228,2.6593645995498054,,2.6593645995498054,,,2.726961003741079,,,,,5.206451975942927,"rgba(239, 83, 80, 0.5)"
2025-11-21 00:00:00+00:00,1.36,1.51,1.23,1.44,176593,0.0,0.0,0.0,0.0,0.0,0.0,0.0,0.0,,,,,,2.0845965972496985,2.4327779943589203,2.6356056597092987,,2.6356056597092987,,,2.7207653168956503,,,,,5.200068874396386,"rgba(239, 83, 80, 1.0)"
2025-11-24 00:00:00+00:00,1.37,1.5995,1.335,1.45,80253,0.0,0.0,0.0,0.0,0.0,0.0,0.0,0.0,,,,,,2.0739328621793955,2.4229911014789036,2.6256592561685332,,2.6256592561685332,,,2.7181090950044164,,,,,5.19722652944946,"rgba(239, 83, 80, 1.0)"
2025-11-25 00:00:00+00:00,1.26,1.44,1.18,1.44,2913390,0.0,0.0,0.0,0.0,0.0,0.0,0.0,0.0,,,,,,1.7824958469738077,2.1264013267745576,2.317642788751673,,2.317642788751673,,,2.618722647494525,,,,,5.093095911951585,"rgba(239, 83, 80, 1.0)"
2025-11-26 00:00:00+00:00,1.33,1.33,1.19,1.19,191101,0.0,0.0,0.0,0.0,0.0,0.0,0.0,0.0,,,,,,1.770563793493445,2.112128150092055,2.3021923125497405,,2.3021923125497405,,,2.612640313441293,,,,,5.08644190004052,"rgba(239, 83, 80, 1.0)"
2025-11-28 00:00:00+00:00,1.39,1.4799,1.3101,1.3101,143050,0.0,0.0,0.0,0.0,0.0,0.0,0.0,0.0,,,,,,1.763932435205595,2.10313278894144,2.292141909359695,,2.292141909359695,,,2.6084972447137513,,,,,5.081619811158327,"rgba(239, 83, 80, 0.75)"
2025-12-01 00:00:00+00:00,1.32,1.42,1.29,1.38,155812,0.0,0.0,0.0,0.0,0.0,0.0,0.0,0.0,,,,,,1.7560303785462372,2.0929152614451394,2.280849701050379,,2.280849701050379,,,2.6038321061792113,,,,,5.076310825553541,"rgba(239, 83, 80, 0.75)"
2025-12-02 00:00:00+00:00,1.26,1.3395,1.16,1.28,155177,0.0,0.0,0.0,0.0,0.0,0.0,0.0,0.0,,,,,,1.7467940892812266,2.0818172611349683,2.268811308233087,,2.268811308233087,,,2.5988901370758897,,,,,5.070911092762826,"rgba(239, 83, 80, 0.75)"
2025-12-03 00:00:00+00:00,1.26,1.3391,1.235,1.28,156478,0.0,0.0,0.0,0.0,0.0,0.0,0.0,0.0,,,,,,1.7382698768628928,2.07124637900642,2.257244550526244,,2.257244550526244,,,2.5940346311198166,,,,,5.065516877363952,"rgba(239, 83, 80, 0.75)"
2025-12-04 00:00:00+00:00,1.21,1.29,1.21,1.26,126058,0.0,0.0,0.0,0.0,0.0,0.0,0.0,0.0,,,,,,1.7310277780959276,2.0624969473882833,2.2477355870075306,,2.2477355870075306,,,2.590026801422541,,,,,5.061135126832928,"rgba(239, 83, 80, 0.75)"
2025-12-05 00:00:00+00:00,1.15,1.28,1.15,1.25,122469,0.0,0.0,0.0,0.0,0.0,0.0,0.0,0.0,,,,,,1.7235899524463827,2.053733634245594,2.238276797055185,,2.238276797055185,,,2.5860317304506704,,,,,5.056839597872048,"rgba(239, 83, 80, 1.0)"
2025-12-08 00:00:00+00:00,1.17,1.2959,1.14,1.2099,149330,0.0,0.0,0.0,0.0,0.0,0.0,0.0,0.0,,,,,,1.7149377980145908,2.0433893157184757,2.227063967022549,,2.227063967022549,,,2.5812212469980134,,,,,5.05162650225889,"rgba(239, 83, 80, 1.0)"
2025-12-09 00:00:00+00:00,1.12,1.2095,1.12,1.19,112378,0.0,0.0,0.0,0.0,0.0,0.0,0.0,0.0,,,,,,1.7079708472848116,2.0352967553020496,2.2183634214784127,,2.2183634214784127,,,2.577487117688671,,,,,5.047659683628532,"rgba(239, 83, 80, 1.0)"
2025-12-10 00:00:00+00:00,1.13,1.14,1.07,1.12,126552,0.0,0.0,0.0,0.0,0.0,0.0,0.0,0.0,,,,,,1.6998281943133222,2.0259887051977428,2.2084032377986755,,2.2084032377986755,,,2.5731983509757486,,,,,5.043160442605452,"rgba(239, 83, 80, 1.0)"
2025-12-11 00:00:00+00:00,1.22,1.259,1.14,1.14,93991,0.0,0.0,0.0,0.0,0.0,0.0,0.0,0.0,,,,,,1.6948597669257495,2.019888432495067,2.2017396077896993,,2.2017396077896993,,,2.570231164607339,,,,,5.039904403190995,"rgba(239, 83, 80, 0.75)"
2025-12-12 00:00:00+00:00,1.14,1.21,1.14,1.2,98920,0.0,0.0,0.0,0.0,0.0,0.0,0.0,0.0,,,,,,1.689286863406654,2.013231370155481,2.1945227336067266,,2.1945227336067266,,,2.56702424169217,,,,,5.03644520613673,"rgba(239, 83, 80, 0.75)"
2025-12-15 00:00:00+00:00,1.12,1.19,1.11,1.18,102034,0.0,0.0,0.0,0.0,0.0,0.0,0.0,0.0,,,,,,1.6834100068122657,2.006286729389769,2.1870169447125285,,2.1870169447125285,,,2.5636769141708298,,,,,5.032862118928012,"rgba(239, 83, 80, 0.75)"
2025-12-16 00:00:00+00:00,1.13,1.15,1.1066,1.13,29713,0.0,0.0,0.0,0.0,0.0,0.0,0.0,0.0,,,,,,1.6816876149588187,2.0042593968901783,2.1848282252616285,,2.1848282252616285,,,2.5626975000454317,,,,,5.0318169573985845,"rgba(239, 83, 80, 0.5)"
2025-12-17 00:00:00+00:00,1.15,1.2,1.11,1.11,42853,0.0,0.0,0.0,0.0,0.0,0.0,0.0,0.0,,,,,,1.6793313976466795,2.001433221205201,2.1817602566463283,,2.1817602566463283,,,2.5613113747052636,,,,,5.030320021682929,"rgba(239, 83, 80, 0.5)"
2025-12-18 00:00:00+00:00,1.15,1.18,1.12,1.12,32529,0.0,0.0,0.0,0.0,0.0,0.0,0.0,0.0,,,,,,1.6775455698710948,1.9992920378254495,2.179436060964484,,2.179436060964484,,,2.5602585223033096,,,,,5.029183517611789,"rgba(239, 83, 80, 0.5)"
2025-12-19 00:00:00+00:00,1.14,1.2,1.11,1.2,27491,0.0,0.0,0.0,0.0,0.0,0.0,0.0,0.0,,,,,,1.676045694361795,1.9974908536721616,2.1774799788210295,,2.1774799788210295,,,2.559369956725115,,,,,5.028223551027571,"rgba(239, 83, 80, 0.5)"
2025-12-22 00:00:00+00:00,1.14,1.17,1.11,1.17,32306,0.0,0.0,0.0,0.0,0.0,0.0,0.0,0.0,,,,,,1.6742606825305597,1.995359074655886,2.175168492079523,,2.175168492079523,,,2.5583197916609905,,,,,5.027093147800139,"rgba(239, 83, 80, 0.5)"
2025-12-23 00:00:00+00:00,1.13,1.15,1.11,1.15,19733,0.0,0.0,0.0,0.0,0.0,0.0,0.0,0.0,,,,,,1.6731559078261977,1.9940469956750995,2.173748070390993,,2.173748070390993,,,2.5576745816271518,,,,,5.02640122799621,"rgba(239, 83, 80, 0.5)"
2025-12-24 00:00:00+00:00,1.1,1.1307,1.09,1.11,29584,0.0,0.0,0.0,0.0,0.0,0.0,0.0,0.0,,,,,,1.671437905902778,1.9920349543544842,2.171578801585454,,2.171578801585454,,,2.5566927311524217,,,,,5.025358204789305,"rgba(239, 83, 80, 0.5)"
2025-12-26 00:00:00+00:00,1.01,1.1,1.01,1.1,81282,0.0,0.0,0.0,0.0,0.0,0.0,0.0,0.0,,,,,,1.6662178657848847,1.9861392748420754,2.165292233781768,,2.165292233781768,,,2.55387776152531,1.04,,,,5.022446478136788,"rgba(239, 83, 80, 1.0)"
2025-12-29 00:00:00+00:00,1.1,1.14,1.02,1.02,71796,0.0,0.0,0.0,0.0,0.0,0.0,0.0,0.0,,,,,,1.6620165906957323,1.9812459317296718,2.160025038542166,,2.160025038542166,,,,1.0618874038072095,,,,5.019908196992086,"rgba(239, 83, 80, 0.5)"
2025-12-30 00:00:00+00:00,1.13,1.17,1.05,1.06,68334,0.0,0.0,0.0,0.0,0.0,0.0,0.0,0.0,,,,,,1.6582796605497816,1.976792280522077,2.15519817547801,,2.15519817547801,,,,1.0787938323126118,,,,5.017513754280096,"rgba(239, 83, 80, 0.5)"
2025-12-31 00:00:00+00:00,1.07,1.1299,1.06,1.1299,27109,0.0,0.0,0.0,0.0,0.0,0.0,0.0,0.0,,,,,,1.6567298992844608,1.974976894450184,2.1532406263230284,,2.1532406263230284,,,,1.0796489754722272,,,,5.016557353695209,"rgba(239, 83, 80, 0.5)"
2026-01-02 00:00:00+00:00,1.05,1.13,1.04,1.13,33166,0.0,0.0,0.0,0.0,0.0,0.0,0.0,0.0,,,,,,1.654801296564459,1.9727328384999019,2.150825690508042,,2.150825690508042,,,,1.0789053678965188,,,,5.015383938266178,"rgba(239, 83, 80, 0.5)"
2026-01-05 00:00:00+00:00,1.07,1.1,1.04,1.04,62033,0.0,0.0,0.0,0.0,0.0,0.0,0.0,0.0,,,,,,1.6512076125413906,1.9685500034957022,2.1463238328048795,,2.1463238328048795,,,,1.077298168179526,,,,5.01318922569872,"rgba(239, 83, 80, 0.5)"
2026-01-06 00:00:00+00:00,1.03,1.1,1.03,1.1,38173,0.0,0.0,0.0,0.0,0.0,0.0,0.0,0.0,,,,,,1.6489552632096636,1.9659478532148629,2.1435295248149515,,2.1435295248149515,,,,1.0749027075646844,,,,5.011834184098224,"rgba(239, 83, 80, 0.5)"
2026-01-07 00:00:00+00:00,1.1,1.14,1.04,1.04,52434,0.0,0.0,0.0,0.0,0.0,0.0,0.0,0.0,,,,,,1.6460949050339697,1.962553204835572,2.13985448040493,,2.13985448040493,,,,1.0771277394681886,,,,5.009993217942718,"rgba(239, 83, 80, 0.5)"
2026-01-08 00:00:00+00:00,1.08,1.13,1.07,1.07,18792,0.0,0.0,0.0,0.0,0.0,0.0,0.0,0.0,,,,,,1.6450769271240855,1.9613430054177148,2.13854362182001,,2.13854362182001,,,,1.0777998267563267,,,,5.009333848808621,"rgba(239, 83, 80, 0.5)"
2026-01-09 00:00:00+00:00,1.08,1.11,1.05,1.05,16976,0.0,0.0,0.0,0.0,0.0,0.0,0.0,0.0,,,,,,1.6441383963159337,1.960235900618105,2.1373471903923655,,2.1373471903923655,,,,1.0778792790818876,,,,5.0087363624381895,"rgba(239, 83, 80, 0.5)"
2026-01-12 00:00:00+00:00,1.11,1.13,1.05,1.05,29873,0.0,0.0,0.0,0.0,0.0,0.0,0.0,0.0,,,,,,1.6425429629621682,1.9583312055206463,2.1352814439072056,,2.1352814439072056,,,,1.0790018221832864,,,,5.007689853513407,"rgba(239, 83, 80, 0.5)"
2026-01-13 00:00:00+00:00,1.13,1.16,1.1,1.1,28160,0.0,0.0,0.0,0.0,0.0,0.0,0.0,0.0,,,,,,1.6411388254194916,1.9566125686743274,2.1334039039269075,,2.1334039039269075,,,,1.0817210657896066,,,,5.006712270304473,#000000
2026-01-14 00:00:00+00:00,1.06,1.15,1.06,1.1,92934,0.0,0.0,0.0,0.0,0.0,0.0,0.0,0.0,,,,,,1.6362005704979885,1.9507189310330668,2.1270120431461166,,2.1270120431461166,,,,1.082959902607684,,,,5.003456279803269,"rgba(239, 83, 80, 0.5)"
2026-01-15 00:00:00+00:00,1.04,1.087,1.03,1.05,44864,0.0,0.0,0.0,0.0,0.0,0.0,0.0,0.0,,,,,,1.633685932468741,1.947779108591956,2.123843246243707,,2.123843246243707,,,,1.0808965646333077,,,,5.001871273066125,"rgba(239, 83, 80, 0.5)"
2026-01-16 00:00:00+00:00,1.04,1.06,1.04,1.04,50818,0.0,0.0,0.0,0.0,0.0,0.0,0.0,0.0,,,,,,1.6308360970707945,1.944451363167841,2.1202575446083047,,2.1202575446083047,,,,1.0784696242544993,,,,5.00007487819796,"rgba(239, 83, 80, 0.5)"
2026-01-20 00:00:00+00:00,1.03,1.05,1.03,1.03,42698,0.0,0.0,0.0,0.0,0.0,0.0,0.0,0.0,,,,,,1.6284223053654974,1.941643354366997,2.117235300303344,,2.117235300303344,,,,1.0761193424909343,,,,4.998562968269444,"rgba(239, 83, 80, 0.5)"
2026-01-21 00:00:00+00:00,1.04,1.05,1.01,1.03,122561,1.0,1.05,1.01,241.0,1.0,1.05,1.01,241.0,1.0333333333333334,,,,,1.6215629838254713,1.9336495148299084,2.108626632881521,,2.108626632881521,,,,1.0701739023185486,,,,4.994225913151188,"rgba(239, 83, 80, 0.5)"
2026-01-22 00:00:00+00:00,1.03,1.045,1.025,1.03,21914,0.0,0.0,0.0,0.0,0.0,0.0,0.0,0.0,1.0333333333333334,,,,,1.6203531620635343,1.9322350150796337,2.107101787081649,,2.107101787081649,,,,1.0692807625405136,,,,4.9934514440443305,"rgba(239, 83, 80, 0.5)"
2026-01-23 00:00:00+00:00,1.11,1.14,1.02,1.02,82045,0.0,0.0,0.0,0.0,0.0,0.0,0.0,0.0,1.0538578639119431,,,,,1.6163005154285353,1.9273098083982154,2.101730304042458,,2.101730304042458,,,,1.0710048754752552,,,,4.99059600779692,"rgba(239, 83, 80, 0.5)"
2026-01-26 00:00:00+00:00,1.11,1.1399,1.075,1.1,68857,0.0,0.0,0.0,0.0,0.0,0.0,0.0,0.0,1.0665491776046658,,,,,1.6130634057447946,1.9233099001512843,2.0973465869593366,,2.0973465869593366,,,,1.0734394451875948,,,,4.988214007754532,#000000
2026-01-27 00:00:00+00:00,1.22,1.26,1.1,1.1,164420,0.0,0.0,0.0,0.0,0.0,0.0,0.0,0.0,1.111886252193903,,,,,1.6067725250120755,1.9148951540061232,2.087920438090552,,2.087920438090552,,,,1.0896076887304298,,,,4.982662358979201,"rgba(38, 166, 154, 1.0)"
2026-01-28 00:00:00+00:00,1.14,1.3399,1.14,1.19,247207,-1.0,1.3399,1.14,0.0,0.0,0.0,0.0,0.0,1.1450149780387853,,,,1.2066333333333332,1.5979543113785537,1.9028289816517905,2.074317667508747,,2.074317667508747,1.2066333333333332,,,1.1093353558421746,,,,4.974375096247189,"rgba(38, 166, 154, 1.0)"
2026-01-29 00:00:00+00:00,1.07,1.16,1.06,1.11,181991,0.0,0.0,0.0,0.0,0.0,0.0,0.0,0.0,1.1351173323434516,,,,1.1600046360110405,1.589951248774128,1.8928433783145378,2.063333280530097,,,1.1600046360110405,,,1.1079367052345142,,,,4.96811992863695,#000000
2026-01-30 00:00:00+00:00,1.19,1.29,1.02,1.21,49777492,0.0,0.0,0.0,0.0,0.0,0.0,0.0,0.0,1.1661131015365902,,,,1.1666097154867874,1.2455392343555796,1.3321606650401443,1.3868108156479562,,,1.1666097154867874,,,1.1647841019115732,,,,3.8043454918147517,"rgba(38, 166, 154, 0.75)"
2026-02-02 00:00:00+00:00,0.88,1.0,0.76,0.9999,1584227,0.0,0.0,0.0,0.0,0.0,0.0,0.0,0.0,,,,,1.157842640562501,1.2363122249017844,1.3213161759774406,1.3749264424887717,,,1.157842640562501,,,1.1562732297040086,,,,3.776127813252192,#000000
2026-02-03 00:00:00+00:00,0.8,0.8,0.74,0.78,568127,0.0,0.0,0.0,0.0,0.0,0.0,0.0,0.0,,,,,1.1537428215158652,1.2322186433268745,1.3167000677244414,1.369965263839679,,,1.1537428215158652,,,1.1522833485580963,,,,3.765795900317767,"rgba(239, 83, 80, 0.5)"
2026-02-04 00:00:00+00:00,0.9285,0.9534,0.7399,0.74,434323,0.0,0.0,0.0,0.0,0.0,0.0,0.0,0.0,,,,,1.1514408714179314,1.2297781959662895,1.3138322911563711,1.3668230283380327,,,1.1514408714179314,,,1.150045096738466,,,,3.758192251597254,"rgba(239, 83, 80, 0.5)"
2026-02-05 00:00:00+00:00,0.7625,0.8142,0.7136,0.78,170589,0.0,0.0,0.0,0.0,0.0,0.0,0.0,0.0,,,,,1.1501911570288794,1.2285338948201332,1.3124356568523408,1.3653254623904074,,,1.1501911570288794,,,1.1488278980460023,,,,3.755102694798716,"rgba(239, 83, 80, 0.5)"
2026-02-06 00:00:00+00:00,0.7965,0.799,0.7,0.74,193706,0.0,0.0,0.0,0.0,0.0,0.0,0.0,0.0,,,,,1.14878813155477,1.2271342371005955,1.3108633097163256,1.3636388159194401,,,1.14878813155477,,,1.1474611875288736,,,,3.751604211513052,"rgba(239, 83, 80, 0.5)"
2026-02-09 00:00:00+00:00,0.7363,0.75,0.7001,0.73,135145,0.0,0.0,0.0,0.0,0.0,0.0,0.0,0.0,,,,,1.1477230854587936,1.2260862404824346,1.3096989020433705,1.3623965128037607,,,1.1477230854587936,,,1.146423252423877,,,,3.749138567097361,"rgba(239, 83, 80, 0.5)"
2026-02-10 00:00:00+00:00,0.7257,0.7449,0.705,0.72,98845,0.0,0.0,0.0,0.0,0.0,0.0,0.0,0.0,,,,,1.1469408602828022,1.2253169940496815,1.3088449405610878,1.3614858217491987,,,1.1469408602828022,,,1.1456608438342455,,,,3.747335594628074,"rgba(239, 83, 80, 0.5)"
2026-02-11 00:00:00+00:00,0.7324,0.76,0.71,0.71,104953,0.0,0.0,0.0,0.0,0.0,0.0,0.0,0.0,,,,,1.1461309885465318,1.2245173387180404,1.3079547735304595,1.3605352368729393,,,1.1461309885465318,,,1.1448714738153967,,,,3.7454292135770757,"rgba(239, 83, 80, 0.5)"
2026-02-12 00:00:00+00:00,0.698,0.732,0.659,0.705,269319,0.0,0.0,0.0,0.0,0.0,0.0,0.0,0.0,,,,,1.1438779061907935,1.2223199557165116,1.3055334454012102,1.3579626729957175,,,1.1438779061907935,,,1.1426745203671276,,,,3.740487015609101,"rgba(239, 83, 80, 0.5)"
2026-02-13 00:00:00+00:00,0.68295,0.7166,0.68,0.6811,71459,0.0,0.0,0.0,0.0,0.0,0.0,0.0,0.0,,,,,1.1432796939136138,1.2217365117610552,1.3048908986395737,1.3572801969359773,,,1.1432796939136138,,,1.1420911175071728,,,,3.739177025557824,"rgba(239, 83, 80, 1.0)"
2026-02-17 00:00:00+00:00,0.6561,0.7,0.6501,0.7,54952,0.0,0.0,0.0,0.0,0.0,0.0,0.0,0.0,,,,,1.1427958167239058,1.22126800331233,1.3043779830463624,1.3567370375942593,,,1.1427958167239058,,,1.1416191303170424,,,,3.7381623284528716,"rgba(239, 83, 80, 1.0)"
2026-02-18 00:00:00+00:00,0.6812,0.6815,0.6403,0.647,55345,0.0,0.0,0.0,0.0,0.0,0.0,0.0,0.0,,,,,1.1423083810675454,1.220796036558647,1.3038613690800176,1.3561900124267354,,,1.1423083810675454,,,1.1411436479160635,,,,3.7371406972808674,"rgba(239, 83, 80, 1.0)"
2026-02-19 00:00:00+00:00,0.6132,0.6545,0.602,0.6538,159840,0.0,0.0,0.0,0.0,0.0,0.0,0.0,0.0,,,,,1.1407749721138576,1.219328338098254,1.302270171941174,1.35451339281487,,,1.1407749721138576,,,1.1396473957194924,,,,3.734151316156079,"rgba(239, 83, 80, 1.0)"
2026-02-20 00:00:00+00:00,0.6694,0.6877,0.63,0.64,74122,0.0,0.0,0.0,0.0,0.0,0.0,0.0,0.0,,,,,1.140120496186082,1.2186946931847842,1.3015771934870357,1.3537799679598774,,,1.140120496186082,,,1.1390088318273615,,,,3.7327844225039577,"rgba(239, 83, 80, 1.0)"
2026-02-23 00:00:00+00:00,0.66,0.66,0.6046,0.64,66897,0.0,0.0,0.0,0.0,0.0,0.0,0.0,0.0,,,,,1.1395056596200068,1.218102679554554,1.3009327077855148,1.3530994615278786,,,1.1395056596200068,,,1.1384088507280148,,,,3.7315434465260924,"rgba(239, 83, 80, 1.0)"
2026-02-24 00:00:00+00:00,0.652,0.6541,0.629,0.634,16717,0.0,0.0,0.0,0.0,0.0,0.0,0.0,0.0,,,,,1.1393533320629685,1.2179558268221984,1.3007727065071777,1.352930447142508,,,1.1393533320629685,,,1.1382602009381177,,,,3.73123384368931,"rgba(239, 83, 80, 0.75)"
2026-02-25 00:00:00+00:00,0.66,0.6706,0.626,0.63,95851,0.0,0.0,0.0,0.0,0.0,0.0,0.0,0.0,,,,,1.1384943699003405,1.2171257762567267,1.2998668150026809,1.3519727125811127,,,1.1384943699003405,,,1.137421966568002,,,,3.7294639780989134,"rgba(239, 83, 80, 0.75)"
2026-02-26 00:00:00+00:00,0.6261,0.6468,0.626,0.6468,31562,0.0,0.0,0.0,0.0,0.0,0.0,0.0,0.0,,,,,1.1382010313739765,1.2168437011409101,1.299560233108316,1.351649268528102,,,1.1382010313739765,,,1.137135667846234,,,,3.728877998893579,"rgba(239, 83, 80, 0.75)"
2026-02-27 00:00:00+00:00,0.6111,0.6477,0.6111,0.6253,36251,0.0,0.0,0.0,0.0,0.0,0.0,0.0,0.0,,,,,1.137858094617408,1.216514697276054,1.2992033501878175,1.3512731389742951,,,1.137858094617408,,,1.136800938771098,,,,3.7282031368089963,"rgba(239, 83, 80, 0.75)"
2026-03-02 00:00:00+00:00,0.5287,0.6155,0.5057,0.6055,66535,0.0,0.0,0.0,0.0,0.0,0.0,0.0,0.0,,,,,1.1371403218020657,1.2158372612235995,1.2984783457492886,1.350514360239647,,,1.1371403218020657,,,1.1361001358860554,,,,3.7269360225344372,"rgba(239, 83, 80, 1.0)"
2026-03-03 00:00:00+00:00,0.5205,0.5513,0.4703,0.523,101935,0.0,0.0,0.0,0.0,0.0,0.0,0.0,0.0,,,,,1.1359769619625284,1.214746197508988,1.2973171272665884,1.349302601476368,,,1.1359769619625284,,,1.1349640877109102,,,,3.724974762736028,"rgba(239, 83, 80, 1.0)"
2026-03-04 00:00:00+00:00,0.5305,0.5403,0.5001,0.5101,30505,0.0,0.0,0.0,0.0,0.0,0.0,0.0,0.0,,,,,1.1356350204985322,1.214424810002139,1.296974540732863,1.3489448135651063,,,1.1356350204985322,,,1.13463016467267,,,,3.7243900562347845,"rgba(239, 83, 80, 1.0)"
2026-03-05 00:00:00+00:00,0.5183,0.5434,0.5145,0.53,27359,0.0,0.0,0.0,0.0,0.0,0.0,0.0,0.0,,,,,1.1353295527035088,1.21413755806223,1.2966682446600037,1.3486248745399179,,,1.1353295527035088,,,1.1343318545282668,,,,3.7238661218842912,"rgba(239, 83, 80, 1.0)"
2026-03-06 00:00:00+00:00,0.5127,0.549,0.5127,0.549,25513,0.0,0.0,0.0,0.0,0.0,0.0,0.0,0.0,,,,,1.1350446912918515,1.2138696704972038,1.2963826123833564,1.3483265294569173,,,1.1350446912918515,,,1.1340536616027674,,,,3.7233776020690876,"rgba(239, 83, 80, 1.0)"
2026-03-09 00:00:00+00:00,0.71,0.7315,0.526,0.5331,1858545,0.0,0.0,0.0,0.0,0.0,0.0,0.0,0.0,,,,,1.1192921849069664,1.1985068556117355,1.279568426711017,1.3305272536620032,,,1.1192921849069664,,,1.1186655678120572,,,,3.689628918705607,"rgba(239, 83, 80, 0.75)"
2026-03-10 00:00:00+00:00,0.78,0.8148,0.68,0.6991,108354,0.0,0.0,0.0,0.0,0.0,0.0,0.0,0.0,,,,,1.1186016258466265,1.1978013940106889,1.2787718635279248,1.3296710004393253,,,1.1186016258466265,,,1.1179907319532065,,,,3.6877499096155497,"rgba(239, 83, 80, 0.5)"
2026-03-11 00:00:00+00:00,0.7003,0.7799,0.7003,0.7603,47437,0.0,0.0,0.0,0.0,0.0,0.0,0.0,0.0,,,,,1.1182738318836816,1.1974712200297946,1.2784028828811724,1.3292763644985415,,,1.1182738318836816,,,1.1176703392339329,,,,3.6869192253766334,#000000
2026-03-12 00:00:00+00:00,0.7025,0.7581,0.6906,0.6906,30487,0.0,0.0,0.0,0.0,0.0,0.0,0.0,0.0,,,,,1.118058204283405,1.197254868310705,1.2781618108315216,1.3290189036142532,,,1.118058204283405,,,1.1174595662559756,,,,3.6863838432546223,#000000
2026-03-13 00:00:00+00:00,0.65,0.692,0.65,0.6716,41488,0.0,0.0,0.0,0.0,0.0,0.0,0.0,0.0,,,,,1.1177263575961522,1.1969282580736063,1.2778030866327896,1.3286385352594383,,,1.1177263575961522,,,1.117135125397198,,,,3.685642567365353,#000000
2026-03-16 00:00:00+00:00,0.6801,0.7,0.63,0.63,34663,0.0,0.0,0.0,0.0,0.0,0.0,0.0,0.0,,,,,1.117453154996605,1.196658769445563,1.2775066385050327,1.328323954828433,,,1.117453154996605,,,1.1168680170267722,,,,3.6850247501817197,#000000
2026-03-17 00:00:00+00:00,0.646,0.6723,0.63,0.63,14064,0.0,0.0,0.0,0.0,0.0,0.0,0.0,0.0,,,,,1.1173373028886946,1.1965452329985244,1.2773823655186287,1.3281924126865894,,,1.1173373028886946,,,1.1167547406175828,,,,3.684772439959121,#000000
2026-03-18 00:00:00+00:00,0.642,0.6708,0.64,0.64,34455,0.0,0.0,0.0,0.0,0.0,0.0,0.0,0.0,,,,,1.1170546313798742,1.1962680442729836,1.2770788470868149,1.327871078282253,,,1.1170546313798742,,,1.116478349795131,,,,3.6841547947924402,#000000
2026-03-19 00:00:00+00:00,0.641,0.6598,0.64,0.6401,51275,0.0,0.0,0.0,0.0,0.0,0.0,0.0,0.0,,,,,1.1166309965946732,1.1958530386659572,1.2766248212532192,1.3273906189051137,,,1.1166309965946732,,,1.1160641102889766,,,,3.6832348858968786,#000000
2026-03-20 00:00:00+00:00,0.5714,0.65,0.5301,0.64,226949,0.0,0.0,0.0,0.0,0.0,0.0,0.0,0.0,,,,,1.114514401011995,1.1938133909486202,1.274422492864862,1.3250757195407499,,,1.114514401011995,,,1.1139939482262802,,,,3.67908546972747,"rgba(239, 83, 80, 0.5)"
2026-03-23 00:00:00+00:00,0.6004,0.6108,0.59,0.59,33754,0.0,0.0,0.0,0.0,0.0,0.0,0.0,0.0,,,,,1.1142108191702247,1.193519403450247,1.274103966334667,1.3247403239738773,,,1.1142108191702247,,,1.1136970072953678,,,,3.678472576281893,"rgba(239, 83, 80, 0.5)"
2026-03-24 00:00:00+00:00,0.5161,0.6,0.5161,0.5961,47678,0.0,0.0,0.0,0.0,0.0,0.0,0.0,0.0,,,,,1.113735668448048,1.1930652443209568,1.2736169772232007,1.3242302982369711,,,1.113735668448048,,,1.113232190794419,,,,3.6775914349565713,"rgba(239, 83, 80, 0.5)"
2026-03-25 00:00:00+00:00,0.559,0.6055,0.527,0.557,35099,0.0,0.0,0.0,0.0,0.0,0.0,0.0,0.0,,,,,1.1133985033331433,1.1927414833945404,1.2732685888266813,1.323864761667018,,,1.1133985033331433,,,1.1129023593302558,,,,3.676947173650412,"rgba(239, 83, 80, 0.5)"
2026-03-26 00:00:00+00:00,0.5565,0.627,0.5495,0.591,62873,0.0,0.0,0.0,0.0,0.0,0.0,0.0,0.0,,,,,1.1128107471107063,1.1921750993874718,1.2726575254902208,1.3232227539947228,,,1.1128107471107063,,,1.1123273802491052,,,,3.6757988969093103,"rgba(239, 83, 80, 0.5)"
2026-03-27 00:00:00+00:00,0.6036,0.6293,0.562,0.565,61995,0.0,0.0,0.0,0.0,0.0,0.0,0.0,0.0,,,,,1.1122547568925087,1.191636362786492,1.2720739028644876,1.3226082821129714,,,1.1122547568925087,,,1.1117834716471202,,,,3.6746750233833616,"rgba(239, 83, 80, 0.5)"
2026-03-30 00:00:00+00:00,0.5603,0.582701,0.5603,0.582701,10957,0.0,0.0,0.0,0.0,0.0,0.0,0.0,0.0,,,,,1.1121507857350237,1.1915363534843901,1.2719661887961158,1.3224952151137679,,,1.1121507857350237,,,1.111681751844322,,,,3.674474504674765,"rgba(239, 83, 80, 0.5)"
2026-03-31 00:00:00+00:00,0.59,0.5941,0.549,0.563108,29448,0.0,0.0,0.0,0.0,0.0,0.0,0.0,0.0,,,,,1.111876644857376,1.1912720052481423,1.2716809410832188,1.3221955015185627,,,1.111876644857376,,,1.1114135474866729,,,,3.6739374420830853,"rgba(239, 83, 80, 0.5)"
2026-04-01 00:00:00+00:00,0.6418,0.6629,0.6098,0.645,65459,0.0,0.0,0.0,0.0,0.0,0.0,0.0,0.0,,,,,1.111337137620308,1.1907430369034544,1.2711028854127773,1.321584180635681,,,1.111337137620308,,,1.1108857636045608,,,,3.672767591305057,#000000
2026-04-02 00:00:00+00:00,0.6024,0.62,0.57,0.57,13092,0.0,0.0,0.0,0.0,0.0,0.0,0.0,0.0,,,,,1.1112201133018011,1.1906295796013475,1.2709799729073525,1.3214547721117758,,,1.1112201133018011,,,1.1107712702836057,,,,3.672530589163303,#000000
2026-04-06 00:00:00+00:00,0.626,0.6464,0.571601,0.5897,14238,0.0,0.0,0.0,0.0,0.0,0.0,0.0,0.0,,,,,1.1110971646945955,1.1905098166894486,1.2708497646720813,1.3213174307175914,,,1.1110971646945955,,,1.11065098326018,,,,3.6722743241288374,#000000
2026-04-07 00:00:00+00:00,0.6056,0.6295,0.605,0.6111,17420,0.0,0.0,0.0,0.0,0.0,0.0,0.0,0.0,,,,,1.1109464277272907,1.190363025390614,1.2706902113633545,1.3211491588936675,,,1.1109464277272907,,,1.1105035074050784,,,,3.6719607124358413,#000000
2026-04-08 00:00:00+00:00,0.58,0.6,0.58,0.59,20505,0.0,0.0,0.0,0.0,0.0,0.0,0.0,0.0,,,,,1.1107595982295955,1.1901823425350206,1.2704948764574986,1.3209437212962,,,1.1107595982295955,,,1.110320709066669,,,,3.6715884221909896,#000000
2026-04-09 00:00:00+00:00,0.5855,0.604649,0.57,0.58,26897,0.0,0.0,0.0,0.0,0.0,0.0,0.0,0.0,,,,,1.1105147535863,1.1899455190300698,1.2702388377100013,1.3206744352699316,,,1.1105147535863,,,1.1100811432811377,,,,3.67110022239814,#000000
2026-04-10 00:00:00+00:00,0.6041,0.62,0.571,0.58,12819,0.0,0.0,0.0,0.0,0.0,0.0,0.0,0.0,,,,,1.1104007357943333,1.18983489392001,1.2701189568952826,1.3205482002302198,,,1.1104007357943333,,,1.1099695842220771,,,,3.670868481395153,#000000
2026-04-13 00:00:00+00:00,0.57,0.57952,0.5585,0.57952,21660,0.0,0.0,0.0,0.0,0.0,0.0,0.0,0.0,,,,,1.1101972828129771,1.1896388982893051,1.269907745436653,1.3203264347055992,,,1.1101972828129771,,,1.1097705071243793,,,,3.670473294333376,"rgba(239, 83, 80, 0.5)"
2026-04-14 00:00:00+00:00,0.562,0.6194,0.561,0.6194,46097,0.0,0.0,0.0,0.0,0.0,0.0,0.0,0.0,,,,,1.1097739649967497,1.1892298892289768,1.2694660130071922,1.3198621024482275,,,1.1097739649967497,,,1.1093562910488763,,,,3.6696356956972767,"rgba(239, 83, 80, 0.5)"
2026-04-15 00:00:00+00:00,0.5234,0.5744,0.5188,0.57,100017,0.0,0.0,0.0,0.0,0.0,0.0,0.0,0.0,,,,,1.1087851870515686,1.188283314042106,1.2684512865496052,1.3187995911217834,,,1.1087851870515686,,,1.108388665878394,,,,3.6677952618312775,"rgba(239, 83, 80, 0.5)"
2026-04-16 00:00:00+00:00,0.5365,0.5429,0.53,0.535,23100,0.0,0.0,0.0,0.0,0.0,0.0,0.0,0.0,,,,,1.1085563452045082,1.1880642773960501,1.268216555507923,1.3185538496826559,,,1.1085563452045082,,,1.1081647090709064,,,,3.667370175611299,"rgba(239, 83, 80, 0.5)"
2026-04-17 00:00:00+00:00,0.535,0.5499,0.5281,0.5281,20307,0.0,0.0,0.0,0.0,0.0,0.0,0.0,0.0,,,,,1.108355745174008,1.1878722002108038,1.268010668081201,1.3183382793629268,,,1.108355745174008,,,1.1079683884416194,,,,3.6669967246830377,"rgba(239, 83, 80, 0.5)"
2026-04-20 00:00:00+00:00,0.55,0.56,0.5298,0.5424,33801,0.0,0.0,0.0,0.0,0.0,0.0,0.0,0.0,,,,,1.1080273806934635,1.1875571283573703,1.2676724143404534,1.3179838293619632,,,1.1080273806934635,,,1.107647026217878,,,,3.6663770871862433,"rgba(239, 83, 80, 0.5)"
2026-04-21 00:00:00+00:00,0.5304,0.5597,0.53,0.55,39970,0.0,0.0,0.0,0.0,0.0,0.0,0.0,0.0,,,,,1.1076350457896598,1.1871811392383431,1.2672691963186136,1.3175615443240394,,,1.1076350457896598,,,1.1072630445939984,,,,3.665643135898296,"rgba(239, 83, 80, 0.5)"
2026-04-22 00:00:00+00:00,0.53,0.5456,0.5202,0.5407,14744,0.0,0.0,0.0,0.0,0.0,0.0,0.0,0.0,,,,,1.1074883960775748,1.187040821271964,1.2671189160115783,1.3174042673934667,,,1.1074883960775748,,,1.1071195131038418,,,,3.665371784008476,"rgba(239, 83, 80, 0.5)"
2026-04-23 00:00:00+00:00,0.52735,0.53,0.52,0.53,14865,0.0,0.0,0.0,0.0,0.0,0.0,0.0,0.0,,,,,1.1073390394131446,1.1868980850669961,1.266966197638883,1.3172445224318496,,,1.1073390394131446,,,1.1069733296855435,,,,3.665097715917009,"rgba(239, 83, 80, 0.5)"
2026-04-24 00:00:00+00:00,0.52,0.56,0.5199,0.5272,49121,0.0,0.0,0.0,0.0,0.0,0.0,0.0,0.0,,,,,1.1068524113411478,1.1864322127199973,1.2664671043860931,1.3167221166045093,,,1.1068524113411478,,,1.1064970336343916,,,,3.6641945729953775,"rgba(239, 83, 80, 0.5)"
2026-04-27 00:00:00+00:00,0.53,0.53,0.51,0.5137,20785,0.0,0.0,0.0,0.0,0.0,0.0,0.0,0.0,,,,,1.1066431746409389,1.1862322788746154,1.2662532549929926,1.3164984664889776,,,1.1066431746409389,,,1.106292232156375,,,,3.6638113589946073,"rgba(239, 83, 80, 0.5)"
2026-04-28 00:00:00+00:00,0.50735,0.5304,0.500201,0.53,9996,0.0,0.0,0.0,0.0,0.0,0.0,0.0,0.0,,,,,1.106540759222146,1.1861346200009526,1.2661489753065232,1.3163895046500829,,,1.106540759222146,,,1.1061919854706124,,,,3.6636264687699374,"rgba(239, 83, 80, 1.0)"
2026-04-29 00:00:00+00:00,0.47,0.5001,0.448,0.5,25564,0.0,0.0,0.0,0.0,0.0,0.0,0.0,0.0,,,,,1.1062613920317976,1.185870186171786,1.26586828653097,1.3160971331080318,,,1.1062613920317976,,,1.105918520534915,,,,3.6631477311578378,"rgba(239, 83, 80, 1.0)"
2026-04-30 00:00:00+00:00,0.49,0.506,0.45,0.4674,47702,0.0,0.0,0.0,0.0,0.0,0.0,0.0,0.0,,,,,1.1057483978267555,1.185383708492963,1.2653511915410616,1.315558123980562,,,1.1057483978267555,,,1.1054163554720413,,,,3.6622574015747125,"rgba(239, 83, 80, 1.0)"
2026-05-01 00:00:00+00:00,0.511,0.5195,0.48,0.485099,44085,0.0,0.0,0.0,0.0,0.0,0.0,0.0,0.0,,,,,1.1052913662651394,1.1849484396243999,1.2648870109722845,1.3150734367567931,,,1.1052913662651394,,,1.1049689656523884,,,,3.6614405838042368,"rgba(239, 83, 80, 0.75)"
2026-05-04 00:00:00+00:00,0.5098,0.5099,0.5,0.5,30029,0.0,0.0,0.0,0.0,0.0,0.0,0.0,0.0,,,,,1.1049820353668631,1.1846536021421499,1.264572425013177,1.3147448639547874,,,1.1049820353668631,,,1.104666153424983,,,,3.6608849809765847,"rgba(239, 83, 80, 0.75)"
2026-05-05 00:00:00+00:00,0.4819,0.5098,0.4769,0.5,39687,0.0,0.0,0.0,0.0,0.0,0.0,0.0,0.0,,,,,1.1045620840500294,1.1842545529015127,1.2641477276234987,1.3143018805647149,,,1.1045620840500294,,,1.1042550357944834,,,,3.660147020383748,"rgba(239, 83, 80, 0.75)"
2026-05-06 00:00:00+00:00,0.4882,0.4882,0.4652,0.4652,7670,0.0,0.0,0.0,0.0,0.0,0.0,0.0,0.0,,,,,1.1044798026805078,1.184176486152303,1.2640647502868148,1.3142153898070363,,,1.1044798026805078,,,1.1041744832879397,,,,3.660004035314221,"rgba(239, 83, 80, 0.75)"
2026-05-07 00:00:00+00:00,0.4755,0.4881,0.463,0.4631,14320,0.0,0.0,0.0,0.0,0.0,0.0,0.0,0.0,,,,,1.1043250096686779,1.184029745394406,1.2639088891317496,1.3140529901545237,,,1.1043250096686779,,,1.1040229409587363,,,,3.6597366947972083,"rgba(239, 83, 80, 1.0)"
2026-05-08 00:00:00+00:00,0.46,0.4755,0.4505,0.4755,53518,0.0,0.0,0.0,0.0,0.0,0.0,0.0,0.0,,,,,1.1037347405335236,1.1834714048796113,1.2633169458806437,1.313436825146385,,,1.1037347405335236,,,1.1034450479159712,,,,3.6587337180949127,"rgba(239, 83, 80, 1.0)"
2026-05-11 00:00:00+00:00,0.451,0.4687,0.45,0.45,20632,0.0,0.0,0.0,0.0,0.0,0.0,0.0,0.0,,,,,1.103505548271973,1.183254767419214,1.2630874303636999,1.3131980078156558,,,1.103505548271973,,,1.1032206543845693,,,,3.658346566482553,"rgba(239, 83, 80, 1.0)"
2026-05-12 00:00:00+00:00,0.47,0.48,0.4617,0.46205,17476,0.0,0.0,0.0,0.0,0.0,0.0,0.0,0.0,,,,,1.1033157400197102,1.183074902423502,1.2628964979589785,1.3129991298711838,,,1.1033157400197102,,,1.103034819575789,,,,3.6580201428080934,"rgba(239, 83, 80, 1.0)"
2026-05-13 00:00:00+00:00,0.4655,0.48,0.4501,0.451,24271,0.0,0.0,0.0,0.0,0.0,0.0,0.0,0.0,,,,,1.1030500852810716,1.1828233726769566,1.2626296849345335,1.3127213215300386,,,1.1030500852810716,,,1.1027747212604755,,,,3.657566147199234,"rgba(239, 83, 80, 0.75)"
2026-05-14 00:00:00+00:00,0.4619,0.4655,0.4579,0.4595,7525,0.0,0.0,0.0,0.0,0.0,0.0,0.0,0.0,,,,,1.102967323295338,1.1827450510570479,1.2625466422502432,1.3126348778101822,,,1.102967323295338,,,1.1026936892280355,,,,3.657425264907468,"rgba(239, 83, 80, 0.75)"
2026-05-15 00:00:00+00:00,0.4524,0.4598,0.45,0.45,12077,0.0,0.0,0.0,0.0,0.0,0.0,0.0,0.0,,,,,1.1028329472910343,1.182618044838057,1.2624121204404186,1.3124949243642114,,,1.1028329472910343,,,1.1025621204796667,,,,3.657198641752793,"rgba(239, 83, 80, 0.75)"
2026-05-18 00:00:00+00:00,0.4399,0.4507,0.4202,0.4388,37122,0.0,0.0,0.0,0.0,0.0,0.0,0.0,0.0,,,,,1.102409354830903,1.1822187588877093,1.2619901523680044,1.3120564439040343,,,1.102409354830903,,,1.102147365692664,,,,3.656498528584164,"rgba(239, 83, 80, 1.0)"
2026-05-19 00:00:00+00:00,0.4317,0.4399,0.4114,0.4399,37529184,0.0,0.0,0.0,0.0,0.0,0.0,0.0,0.0,,,,,0.8383193819370353,0.9172110064927785,0.9777264866598702,1.0147969293335957,,,0.8383193819370353,,,0.8414745193052215,0.42766666666666664,,,3.074698747990382,"rgba(239, 83, 80, 1.0)"
2026-05-20 00:00:00+00:00,0.7445,0.9643,0.68541,0.74,121492687,-1.0,0.9643,0.68541,0.0,-1.0,0.9643,0.68541,0.0,,,,0.7980700000000001,0.8158240551788944,0.8538222135646335,0.8834994524707662,0.9018609212494839,,,0.8158240551788944,,,,0.7106547610554149,,,2.235950125998818,#000000
2026-05-21 00:00:00+00:00,0.7674,0.81505,0.605,0.7034,3885656,0.0,0.0,0.0,0.0,0.0,0.0,0.0,0.0,,,,0.7959340696222952,0.8143019595147952,0.8517362477756205,0.8809530483731257,0.8990296907441282,,,0.8143019595147952,0.72915,,,0.7110959078673511,,,2.218402348860112,"rgba(38, 166, 154, 1.0)"
2026-05-22 00:00:00+00:00,0.6885,0.75,0.66,0.69465,1429212,0.0,0.0,0.0,0.0,0.0,0.0,0.0,0.0,,,,0.7948471885645142,0.8135651788455904,0.8508050898306788,0.8798586097409443,0.8978338192665485,,,,0.7211768695666572,,,0.7109950599937973,,,2.211923881232538,"rgba(38, 166, 154, 1.0)"
2026-05-26 00:00:00+00:00,0.6484,0.72,0.64,0.67,970638,0.0,0.0,0.0,0.0,0.0,0.0,0.0,0.0,,,,0.7938947639280672,0.8129398330407996,0.8500549271887882,0.8790003049518659,0.8969080407794097,,,,0.7131915318830339,,,0.7107512170548204,,,2.207468755140926,"rgba(38, 166, 154, 1.0)"
2026-05-27 00:00:00+00:00,0.58,0.6231,0.55,0.6,547060,0.0,0.0,0.0,0.0,0.0,0.0,0.0,0.0,,,,0.7930015302253617,0.812382130379839,0.8494369047590902,0.8783244165144176,0.8961955692975832,,,,0.702876969130875,,,0.7103343458912509,,,2.2048308208462655,"rgba(38, 166, 154, 1.0)"
2026-05-28 00:00:00+00:00,0.5901,0.62,0.55,0.5701,426242,0.0,0.0,0.0,0.0,0.0,0.0,0.0,0.0,,,,0.7923185527046244,0.811953906301736,0.8489615828536244,0.8778041063623109,0.8956468313515051,,,,0.6960549807718659,,,0.7100174230161562,,,2.2027843599784545,"rgba(38, 166, 154, 0.75)"
2026-05-29 00:00:00+00:00,0.56,0.6145,0.56,0.59,188445,0.0,0.0,0.0,0.0,0.0,0.0,0.0,0.0,,,,0.7920055709228396,0.8117579501413975,0.8487451673279068,0.8775679386971901,0.8953981660210747,,,,0.6930719394609887,,,0.7098681664141916,,,2.2018764838251816,"rgba(38, 166, 154, 0.75)"
2026-06-01 00:00:00+00:00,0.5415,0.587,0.5295,0.55,221507,0.0,0.0,0.0,0.0,0.0,0.0,0.0,0.0,,,,0.791595113747758,0.8115029349313695,0.8484672921002577,0.8772672089177134,0.8950829154777484,,,,0.6890164271277234,,,0.7096592690550798,,,2.2007938813959385,#000000
2026-06-02 00:00:00+00:00,0.52,0.57,0.52,0.5481,192769,0.0,0.0,0.0,0.0,0.0,0.0,0.0,0.0,,,,0.7912152088375434,0.8112677198200374,0.8482128346847762,0.876993070180695,0.8947962392068994,,,,0.6852807274980053,,,0.7094594432427473,,,2.199843755141839,#000000
2026-06-03 00:00:00+00:00,0.4584,0.535699,0.45,0.5044,470833,0.0,0.0,0.0,0.0,0.0,0.0,0.0,0.0,,,,0.7900914882865095,0.8105795460217214,0.8474830623370592,0.8762168454451681,0.8939901408455225,,,,0.6737582293218898,,,0.7088177279942423,,,2.1974506426372105,"rgba(239, 83, 80, 0.5)"
2026-06-04 00:00:00+00:00,0.4701,0.5664,0.438,0.438,136305,0.0,0.0,0.0,0.0,0.0,0.0,0.0,0.0,,,,0.7897783220139353,0.8103869729033317,0.8472781692949748,0.8759984511289345,0.8937630805401051,,,,0.6708247442825417,,,0.7086408732699816,,,2.1967631697252736,"rgba(239, 83, 80, 0.5)"
2026-06-05 00:00:00+00:00,0.4241,0.4932,0.4241,0.4701,141646,0.0,0.0,0.0,0.0,0.0,0.0,0.0,0.0,,,,0.7894052768722656,0.810159291842571,0.8470389765866795,0.8757456044481052,0.8935013998863516,,,,0.6671448555728849,,,0.7084199043837094,,,2.1960307736664126,"rgba(239, 83, 80, 1.0)"
2026-06-08 00:00:00+00:00,0.423,0.4414,0.42,0.43,274682,0.0,0.0,0.0,0.0,0.0,0.0,0.0,0.0,,,,0.7886441427696117,0.8096955159795366,0.8465539453862678,0.875234431155096,0.8929732547606857,,,,0.6597557503509006,,,0.7079613783106347,,,2.194596835655096,"rgba(239, 83, 80, 1.0)"
2026-06-09 00:00:00+00:00,0.42,0.4478,0.41735,0.42,156669,0.0,0.0,0.0,0.0,0.0,0.0,0.0,0.0,,,,0.7882117531317794,0.8094316713792883,0.8462779682325521,0.8749435610535992,0.8926727175015033,,,,0.6557466558742949,,,0.7077007553698608,,,2.193780124450758,"rgba(239, 83, 80, 1.0)"
2026-06-10 00:00:00+00:00,0.431,0.4699,0.4188,0.4195,161101,0.0,0.0,0.0,0.0,0.0,0.0,0.0,0.0,,,,0.7877824086451687,0.8091689318215373,0.8460023738787452,0.8746525606664981,0.8923717392180378,,,,0.6519681053943028,,,0.7074442948982159,,,2.192946570083349,"rgba(239, 83, 80, 1.0)"
2026-06-11 00:00:00+00:00,0.45,0.47,0.4301,0.437,117203,0.0,0.0,0.0,0.0,0.0,0.0,0.0,0.0,,,,0.787479798741916,0.8089832590765195,0.8458071074130945,0.8744460275593197,0.8921579232807796,,,,0.6494286802492957,,,0.707265080169973,,,2.1923441490184765,"rgba(239, 83, 80, 1.0)"
2026-06-12 00:00:00+00:00,0.4101,0.4565,0.41,0.4384,99809,0.0,0.0,0.0,0.0,0.0,0.0,0.0,0.0,,,,0.7872038470589199,0.8088145112565063,0.8456306876003621,0.8742601602407734,0.8919659214868928,,,,0.6470563554394477,,,0.7070981418607492,,,2.191824251681078,"rgba(239, 83, 80, 1.0)"
2026-06-15 00:00:00+00:00,0.4405,0.4592,0.4015,0.4197,81439,0.0,0.0,0.0,0.0,0.0,0.0,0.0,0.0,,,,0.7869840941963206,0.8086798751346832,0.8454896554685292,0.874111385383906,0.891812127066383,,,,0.6452278722645257,,,0.7069660379630697,0.4337333333333334,0.4337333333333334,2.1914022372119404,"rgba(239, 83, 80, 1.0)"
2026-06-16 00:00:00+00:00,0.4675,0.5088,0.46,0.4699,387198,0.0,0.0,0.0,0.0,0.0,0.0,0.0,0.0,,,,0.7860757354552517,0.8081177976946974,0.8448936346075394,0.8734776075906836,0.8911540743639047,,,,0.6387097950597201,,,,0.47094084490412275,0.47094084490412275,2.1894498934860125,"rgba(239, 83, 80, 0.75)"
2026-06-17 00:00:00+00:00,0.451,0.477399,0.4498,0.477,21050,0.0,0.0,0.0,0.0,0.0,0.0,0.0,0.0,,,,0.786023403501812,0.8080855016192658,0.844859576419793,0.8734415227893974,0.8911166821667856,,,,0.6383288987566836,,,,0.47044472840133944,0.47044472840133944,2.1893426818029984,"rgba(239, 83, 80, 0.5)"
