date,Close,High,Low,Open,Volume,OB_c0,OB_High_c0,OB_Low_c0,OB_Mitigated_Index_c0,OB,OB_High,OB_Low,OB_Mitigated_Index,aVWAP_OB_bull_c0_264,aVWAP_OB_bull_c0_237,aVWAP_OB_bull_c0_220,aVWAP_OB_bear_c0_168,aVWAP_QQEMOD_bull_dot_c0_108,aVWAP_QQEMOD_bull_dot_c0_168,aVWAP_QQEMOD_bull_dot_c0_208,aVWAP_QQEMOD_bull_dot_c0_249,aVWAP_QQEMOD_bear_dot_c0_76,aVWAP_QQEMOD_bear_dot_c0_131,aVWAP_QQEMOD_bear_dot_c0_181,aVWAP_QQEMOD_bear_dot_c0_220,aVWAP_QQEMOD_bear_dot_c0_264,aVWAP_price_maxima_minima_valley_c0_1,aVWAP_price_maxima_minima_peak_c0_1,color
2025-05-16 00:00:00+00:00,22.8,25.26,22.09,23.5,6284903,0.0,0.0,0.0,0.0,0.0,0.0,0.0,0.0,,,,,,,,,,,,,,,,#000000
2025-05-19 00:00:00+00:00,23.65,26.6,22.5,23.02,2612360,0.0,0.0,0.0,0.0,0.0,0.0,0.0,0.0,,,,,,,,,,,,,,,,"rgba(38, 166, 154, 0.5)"
2025-05-20 00:00:00+00:00,21.91,23.7223,21.5,23.72,3349825,0.0,0.0,0.0,0.0,0.0,0.0,0.0,0.0,,,,,,,,,,,,,,,,"rgba(38, 166, 154, 0.5)"
2025-05-21 00:00:00+00:00,22.44,24.015,21.03,21.515,4190823,0.0,0.0,0.0,0.0,0.0,0.0,0.0,0.0,,,,,,,,,,,,,,,,"rgba(38, 166, 154, 0.5)"
2025-05-22 00:00:00+00:00,24.46,25.0,22.22,23.9,4666016,0.0,0.0,0.0,0.0,0.0,0.0,0.0,0.0,,,,,,,,,,,,,,,,"rgba(38, 166, 154, 0.5)"
2025-05-23 00:00:00+00:00,22.95,24.24,22.62,23.025,2727756,0.0,0.0,0.0,0.0,0.0,0.0,0.0,0.0,,,,,,,,,,,,,,,,"rgba(38, 166, 154, 0.5)"
2025-05-27 00:00:00+00:00,21.74,23.5,21.67,23.3,3351436,0.0,0.0,0.0,0.0,0.0,0.0,0.0,0.0,,,,,,,,,,,,,,,,"rgba(38, 166, 154, 0.5)"
2025-05-28 00:00:00+00:00,20.38,20.853,18.8,19.3,4046567,0.0,0.0,0.0,0.0,0.0,0.0,0.0,0.0,,,,,,,,,,,,,,,,"rgba(239, 83, 80, 0.5)"
2025-05-29 00:00:00+00:00,19.6,20.926,19.21,20.81,3679022,0.0,0.0,0.0,0.0,0.0,0.0,0.0,0.0,,,,,,,,,,,,,,,,"rgba(239, 83, 80, 0.5)"
2025-05-30 00:00:00+00:00,18.15,18.89,17.99,18.85,12164240,0.0,0.0,0.0,0.0,0.0,0.0,0.0,0.0,,,,,,,,,,,,,,,,"rgba(239, 83, 80, 0.5)"
2025-06-02 00:00:00+00:00,18.52,18.77,18.2,18.5,5652664,0.0,0.0,0.0,0.0,0.0,0.0,0.0,0.0,,,,,,,,,,,,,,,,"rgba(239, 83, 80, 0.5)"
2025-06-03 00:00:00+00:00,19.13,19.58,18.28,18.68,4675036,0.0,0.0,0.0,0.0,0.0,0.0,0.0,0.0,,,,,,,,,,,,,,,,"rgba(239, 83, 80, 0.5)"
2025-06-04 00:00:00+00:00,20.08,20.15,18.9211,19.33,5911963,0.0,0.0,0.0,0.0,0.0,0.0,0.0,0.0,,,,,,,,,,,,,,,,"rgba(239, 83, 80, 0.5)"
2025-06-05 00:00:00+00:00,19.07,20.83,19.05,20.725,6914067,0.0,0.0,0.0,0.0,0.0,0.0,0.0,0.0,,,,,,,,,,,,,,,,"rgba(239, 83, 80, 0.5)"
2025-06-06 00:00:00+00:00,19.98,20.02,18.95,19.05,4289096,0.0,0.0,0.0,0.0,0.0,0.0,0.0,0.0,,,,,,,,,,,,,,,,"rgba(239, 83, 80, 0.5)"
2025-06-09 00:00:00+00:00,20.93,21.13,19.83,20.73,6283038,0.0,0.0,0.0,0.0,0.0,0.0,0.0,0.0,,,,,,,,,,,,,,,,"rgba(239, 83, 80, 0.5)"
2025-06-10 00:00:00+00:00,20.0,21.3,19.75,21.14,3920526,0.0,0.0,0.0,0.0,0.0,0.0,0.0,0.0,,,,,,,,,,,,,,,,"rgba(239, 83, 80, 0.5)"
2025-06-11 00:00:00+00:00,19.33,20.05,19.2,19.87,3273146,0.0,0.0,0.0,0.0,0.0,0.0,0.0,0.0,,,,,,,,,,,,,,,,"rgba(239, 83, 80, 0.5)"
2025-06-12 00:00:00+00:00,19.42,20.62,19.0801,19.2,4757587,0.0,0.0,0.0,0.0,0.0,0.0,0.0,0.0,,,,,,,,,,,,,,,,"rgba(239, 83, 80, 0.5)"
2025-06-13 00:00:00+00:00,18.84,19.2694,18.44,19.0,3139588,0.0,0.0,0.0,0.0,0.0,0.0,0.0,0.0,,,,,,,,,,,,,,,,"rgba(239, 83, 80, 0.5)"
2025-06-16 00:00:00+00:00,19.37,19.85,18.9,19.23,3025557,0.0,0.0,0.0,0.0,0.0,0.0,0.0,0.0,,,,,,,,,,,,,,,,"rgba(239, 83, 80, 0.5)"
2025-06-17 00:00:00+00:00,18.49,19.328,18.3,19.1,6435570,0.0,0.0,0.0,0.0,0.0,0.0,0.0,0.0,,,,,,,,,,,,,,,,"rgba(239, 83, 80, 0.5)"
2025-06-18 00:00:00+00:00,19.04,19.47,17.95,18.61,7838001,0.0,0.0,0.0,0.0,0.0,0.0,0.0,0.0,,,,,,,,,,,,,,,,"rgba(239, 83, 80, 0.5)"
2025-06-20 00:00:00+00:00,18.86,21.05,18.81,20.51,26245904,0.0,0.0,0.0,0.0,0.0,0.0,0.0,0.0,,,,,,,,,,,,,,,,"rgba(239, 83, 80, 0.5)"
2025-06-23 00:00:00+00:00,18.47,19.04,17.4,18.25,8652040,0.0,0.0,0.0,0.0,0.0,0.0,0.0,0.0,,,,,,,,,,,,,,,,"rgba(239, 83, 80, 0.5)"
2025-06-24 00:00:00+00:00,19.71,19.83,18.69,19.09,7775280,0.0,0.0,0.0,0.0,0.0,0.0,0.0,0.0,,,,,,,,,,,,,,,,"rgba(239, 83, 80, 0.5)"
2025-06-25 00:00:00+00:00,19.4,20.11,19.14,20.01,3366648,0.0,0.0,0.0,0.0,0.0,0.0,0.0,0.0,,,,,,,,,,,,,,,,"rgba(239, 83, 80, 0.5)"
2025-06-26 00:00:00+00:00,20.48,21.07,19.01,19.515,6116098,0.0,0.0,0.0,0.0,0.0,0.0,0.0,0.0,,,,,,,,,,,,,,,,#000000
2025-06-27 00:00:00+00:00,19.97,21.1474,19.64,21.125,5056323,0.0,0.0,0.0,0.0,0.0,0.0,0.0,0.0,,,,,,,,,,,,,,,,#000000
2025-06-30 00:00:00+00:00,21.9,22.4,20.41,20.5,10562811,0.0,0.0,0.0,0.0,0.0,0.0,0.0,0.0,,,,,,,,,,,,,,,,"rgba(38, 166, 154, 0.5)"
2025-07-01 00:00:00+00:00,21.31,22.1499,20.8,21.88,7094338,0.0,0.0,0.0,0.0,0.0,0.0,0.0,0.0,,,,,,,,,,,,,,,,"rgba(38, 166, 154, 0.5)"
2025-07-02 00:00:00+00:00,22.22,22.8299,20.8001,21.51,7822788,0.0,0.0,0.0,0.0,0.0,0.0,0.0,0.0,,,,,,,,,,,,,,,,"rgba(38, 166, 154, 0.5)"
2025-07-03 00:00:00+00:00,21.75,22.65,21.59,22.29,3814440,0.0,0.0,0.0,0.0,0.0,0.0,0.0,0.0,,,,,,,,,,,,,,,,"rgba(38, 166, 154, 0.5)"
2025-07-07 00:00:00+00:00,19.69,21.4363,19.2,21.335,7332534,0.0,0.0,0.0,0.0,0.0,0.0,0.0,0.0,,,,,,,,,,,,,,,,"rgba(38, 166, 154, 0.5)"
2025-07-08 00:00:00+00:00,19.46,20.08,19.15,20.08,3688011,0.0,0.0,0.0,0.0,0.0,0.0,0.0,0.0,,,,,,,,,,,,,,,,#000000
2025-07-09 00:00:00+00:00,20.17,20.26,19.05,19.92,6587804,0.0,0.0,0.0,0.0,0.0,0.0,0.0,0.0,,,,,,,,,,,,,,,,#000000
2025-07-10 00:00:00+00:00,20.41,20.6,19.35,20.16,3929791,0.0,0.0,0.0,0.0,0.0,0.0,0.0,0.0,,,,,,,,,,,,,,,,#000000
2025-07-11 00:00:00+00:00,20.63,21.84,20.36,20.545,6119917,0.0,0.0,0.0,0.0,0.0,0.0,0.0,0.0,,,,,,,,,,,,,,,,#000000
2025-07-14 00:00:00+00:00,21.45,21.95,20.855,20.95,4279414,0.0,0.0,0.0,0.0,0.0,0.0,0.0,0.0,,,,,,,,,,,,,,,,"rgba(38, 166, 154, 0.5)"
2025-07-15 00:00:00+00:00,20.86,21.57,20.4,21.0,4208976,0.0,0.0,0.0,0.0,0.0,0.0,0.0,0.0,,,,,,,,,,,,,,,,"rgba(38, 166, 154, 0.5)"
2025-07-16 00:00:00+00:00,24.36,24.75,21.15,21.16,14157924,0.0,0.0,0.0,0.0,0.0,0.0,0.0,0.0,,,,,,,,,,,,,,,,"rgba(38, 166, 154, 0.5)"
2025-07-17 00:00:00+00:00,26.04,26.17,23.67,24.285,11744485,0.0,0.0,0.0,0.0,0.0,0.0,0.0,0.0,,,,,,,,,,,,,,,,"rgba(38, 166, 154, 0.5)"
2025-07-18 00:00:00+00:00,27.13,28.2,25.32,27.71,20131419,0.0,0.0,0.0,0.0,0.0,0.0,0.0,0.0,,,,,,,,,,,,,,,,"rgba(38, 166, 154, 0.5)"
2025-07-21 00:00:00+00:00,27.45,31.75,27.27,29.13,22095269,0.0,0.0,0.0,0.0,0.0,0.0,0.0,0.0,,,,,,,,,,,,,,,,"rgba(38, 166, 154, 0.5)"
2025-07-22 00:00:00+00:00,29.11,29.22,26.68,28.2,11783428,0.0,0.0,0.0,0.0,0.0,0.0,0.0,0.0,,,,,,,,,,,,,,,,"rgba(38, 166, 154, 0.5)"
2025-07-23 00:00:00+00:00,31.03,31.19,28.41,29.61,13614186,0.0,0.0,0.0,0.0,0.0,0.0,0.0,0.0,,,,,,,,,,,,,,,,"rgba(38, 166, 154, 0.5)"
2025-07-24 00:00:00+00:00,31.89,33.17,30.08,30.315,12570255,0.0,0.0,0.0,0.0,0.0,0.0,0.0,0.0,,,,,,,,,,,,,,,,"rgba(38, 166, 154, 0.5)"
2025-07-25 00:00:00+00:00,30.59,31.42,29.1501,31.41,9383698,0.0,0.0,0.0,0.0,0.0,0.0,0.0,0.0,,,,,,,,,,,,,,,,"rgba(38, 166, 154, 0.5)"
2025-07-28 00:00:00+00:00,29.6,31.52,29.48,31.31,7354548,0.0,0.0,0.0,0.0,0.0,0.0,0.0,0.0,,,,,,,,,,,,,,,,"rgba(38, 166, 154, 0.5)"
2025-07-29 00:00:00+00:00,26.76,29.48,25.932,29.17,13128851,0.0,0.0,0.0,0.0,0.0,0.0,0.0,0.0,,,,,,,,,,,,,,,,"rgba(38, 166, 154, 0.5)"
2025-07-30 00:00:00+00:00,28.9,29.5,27.18,27.18,10722150,0.0,0.0,0.0,0.0,0.0,0.0,0.0,0.0,,,,,,,,,,,,,,,,"rgba(38, 166, 154, 0.5)"
2025-07-31 00:00:00+00:00,28.415,30.42,28.31,28.895,8284698,0.0,0.0,0.0,0.0,0.0,0.0,0.0,0.0,,,,,,,,,,,,,,,,"rgba(38, 166, 154, 0.75)"
2025-08-01 00:00:00+00:00,26.88,27.8894,26.0,26.065,9517028,0.0,0.0,0.0,0.0,0.0,0.0,0.0,0.0,,,,,,,,,,,,,,,,"rgba(38, 166, 154, 0.75)"
2025-08-04 00:00:00+00:00,28.89,29.75,27.0,27.645,8075282,0.0,0.0,0.0,0.0,0.0,0.0,0.0,0.0,,,,,,,,,,,,,,,,"rgba(38, 166, 154, 0.75)"
2025-08-05 00:00:00+00:00,27.68,29.035,25.55,28.38,12355793,0.0,0.0,0.0,0.0,0.0,0.0,0.0,0.0,,,,,,,,,,,,,,,,"rgba(38, 166, 154, 0.75)"
2025-08-06 00:00:00+00:00,27.34,28.0,26.02,27.08,9224186,0.0,0.0,0.0,0.0,0.0,0.0,0.0,0.0,,,,,,,,,,,,,,,,"rgba(38, 166, 154, 0.75)"
2025-08-07 00:00:00+00:00,28.09,30.35,27.4524,28.5,10836203,0.0,0.0,0.0,0.0,0.0,0.0,0.0,0.0,,,,,,,,,,,,,,,,"rgba(38, 166, 154, 0.75)"
2025-08-08 00:00:00+00:00,27.78,28.38,26.46,28.01,10557808,0.0,0.0,0.0,0.0,0.0,0.0,0.0,0.0,,,,,,,,,,,,,,,,"rgba(38, 166, 154, 0.75)"
2025-08-11 00:00:00+00:00,28.48,30.84,28.3501,28.6,11427656,0.0,0.0,0.0,0.0,0.0,0.0,0.0,0.0,,,,,,,,,,,,,,,,"rgba(38, 166, 154, 0.75)"
2025-08-12 00:00:00+00:00,27.9,29.4392,27.36,28.77,7346301,0.0,0.0,0.0,0.0,0.0,0.0,0.0,0.0,,,,,,,,,,,,,,,,"rgba(38, 166, 154, 0.75)"
2025-08-13 00:00:00+00:00,28.34,30.19,27.81,28.0,9040945,0.0,0.0,0.0,0.0,0.0,0.0,0.0,0.0,,,,,,,,,,,,,,,,"rgba(38, 166, 154, 0.75)"
2025-08-14 00:00:00+00:00,28.57,29.92,27.25,27.705,8800446,0.0,0.0,0.0,0.0,0.0,0.0,0.0,0.0,,,,,,,,,,,,,,,,"rgba(38, 166, 154, 0.75)"
2025-08-15 00:00:00+00:00,26.09,28.9999,25.8,28.84,10624368,0.0,0.0,0.0,0.0,0.0,0.0,0.0,0.0,,,,,,,,,,,,,,,,#000000
2025-08-18 00:00:00+00:00,26.79,26.85,25.51,25.705,5891094,0.0,0.0,0.0,0.0,0.0,0.0,0.0,0.0,,,,,,,,,,,,,,,,#000000
2025-08-19 00:00:00+00:00,24.095,26.74,23.65,26.61,11863474,0.0,0.0,0.0,0.0,0.0,0.0,0.0,0.0,,,,,,,,,,,,,,,,"rgba(239, 83, 80, 0.5)"
2025-08-20 00:00:00+00:00,24.51,24.51,22.95,23.825,7582404,0.0,0.0,0.0,0.0,0.0,0.0,0.0,0.0,,,,,,,,,,,,,,,,"rgba(239, 83, 80, 1.0)"
2025-08-21 00:00:00+00:00,23.89,24.48,23.62,23.79,8483694,0.0,0.0,0.0,0.0,0.0,0.0,0.0,0.0,,,,,,,,,,,,,,,,"rgba(239, 83, 80, 1.0)"
2025-08-22 00:00:00+00:00,25.57,25.7,23.34,23.65,7897255,0.0,0.0,0.0,0.0,0.0,0.0,0.0,0.0,,,,,,,,,,,,,,,,"rgba(239, 83, 80, 1.0)"
2025-08-25 00:00:00+00:00,24.55,25.1341,24.0201,24.55,5244364,0.0,0.0,0.0,0.0,0.0,0.0,0.0,0.0,,,,,,,,,,,,,,,,"rgba(239, 83, 80, 1.0)"
2025-08-26 00:00:00+00:00,24.72,24.88,23.91,24.4,8794104,0.0,0.0,0.0,0.0,0.0,0.0,0.0,0.0,,,,,,,,,,,,,,,,"rgba(239, 83, 80, 1.0)"
2025-08-27 00:00:00+00:00,24.41,25.29,24.36,24.69,4847368,0.0,0.0,0.0,0.0,0.0,0.0,0.0,0.0,,,,,,,,,,,,,,,,"rgba(239, 83, 80, 1.0)"
2025-08-28 00:00:00+00:00,24.51,25.34,24.49,24.61,4452937,0.0,0.0,0.0,0.0,0.0,0.0,0.0,0.0,,,,,,,,,,,,,,,,"rgba(239, 83, 80, 1.0)"
2025-08-29 00:00:00+00:00,23.49,24.41,23.01,24.41,8869542,0.0,0.0,0.0,0.0,0.0,0.0,0.0,0.0,,,,,,,,,,,,,,,,"rgba(239, 83, 80, 1.0)"
2025-09-02 00:00:00+00:00,24.16,24.19,22.42,22.7,6168550,0.0,0.0,0.0,0.0,0.0,0.0,0.0,0.0,,,,,,,,,,,,,,,,"rgba(239, 83, 80, 1.0)"
2025-09-03 00:00:00+00:00,24.39,25.55,24.34,24.5,7469161,0.0,0.0,0.0,0.0,0.0,0.0,0.0,0.0,,,,,,,,,,,,,,,,"rgba(239, 83, 80, 1.0)"
2025-09-04 00:00:00+00:00,22.91,24.4,22.81,24.37,5269691,0.0,0.0,0.0,0.0,0.0,0.0,0.0,0.0,,,,,,,,,,,,,,,,"rgba(239, 83, 80, 1.0)"
2025-09-05 00:00:00+00:00,23.49,23.78,22.17,23.42,6204440,0.0,0.0,0.0,0.0,0.0,0.0,0.0,0.0,,,,,,,,,23.146666666666665,,,,,,,"rgba(239, 83, 80, 1.0)"
2025-09-08 00:00:00+00:00,24.22,24.57,23.5,23.74,6768142,0.0,0.0,0.0,0.0,0.0,0.0,0.0,0.0,,,,,,,,,23.642307002568955,,,,,,,"rgba(239, 83, 80, 0.75)"
2025-09-09 00:00:00+00:00,26.58,26.6,24.56,25.605,10831692,0.0,0.0,0.0,0.0,0.0,0.0,0.0,0.0,,,,,,,,,24.675695281443993,,,,,,,#000000
2025-09-10 00:00:00+00:00,26.08,27.98,25.87,26.815,10803116,0.0,0.0,0.0,0.0,0.0,0.0,0.0,0.0,,,,,,,,,25.289917334033763,,,,,,,#000000
2025-09-11 00:00:00+00:00,28.87,29.73,26.18,26.37,14297818,0.0,0.0,0.0,0.0,0.0,0.0,0.0,0.0,,,,,,,,,26.15824410616282,,,,,,,"rgba(38, 166, 154, 0.5)"
2025-09-12 00:00:00+00:00,29.7,30.3,28.82,28.91,9455674,0.0,0.0,0.0,0.0,0.0,0.0,0.0,0.0,,,,,,,,,26.71696012327801,,,,,,,"rgba(38, 166, 154, 0.5)"
2025-09-15 00:00:00+00:00,30.77,30.835,29.2,29.65,7869389,0.0,0.0,0.0,0.0,0.0,0.0,0.0,0.0,,,,,,,,,27.138929365621955,,,,,,,"rgba(38, 166, 154, 1.0)"
2025-09-16 00:00:00+00:00,31.83,31.95,29.4651,31.0,9425167,0.0,0.0,0.0,0.0,0.0,0.0,0.0,0.0,,,,,,,,,27.63012038445802,,,,,,,"rgba(38, 166, 154, 1.0)"
2025-09-17 00:00:00+00:00,33.01,33.65,31.17,31.7,10972291,0.0,0.0,0.0,0.0,0.0,0.0,0.0,0.0,,,,,,,,,28.26087324982166,,,,,,,"rgba(38, 166, 154, 1.0)"
2025-09-18 00:00:00+00:00,33.08,34.25,32.8,33.48,8341398,0.0,0.0,0.0,0.0,0.0,0.0,0.0,0.0,,,,,,,,,28.710207368431426,,,,,,,"rgba(38, 166, 154, 1.0)"
2025-09-19 00:00:00+00:00,32.87,33.08,31.8,32.33,8004401,0.0,0.0,0.0,0.0,0.0,0.0,0.0,0.0,,,,,,,,,29.011275555068547,,,,,,,"rgba(38, 166, 154, 1.0)"
2025-09-22 00:00:00+00:00,33.69,33.84,30.35,31.19,6953519,0.0,0.0,0.0,0.0,0.0,0.0,0.0,0.0,,,,,,,,,29.23996987073527,,,,,,,"rgba(38, 166, 154, 1.0)"
2025-09-23 00:00:00+00:00,33.14,35.6,32.62,34.71,8813804,0.0,0.0,0.0,0.0,0.0,0.0,0.0,0.0,,,,,,,,,29.57745856202625,,,,,,,"rgba(38, 166, 154, 1.0)"
2025-09-24 00:00:00+00:00,34.29,35.79,33.69,34.12,7361852,0.0,0.0,0.0,0.0,0.0,0.0,0.0,0.0,,,,,,,,,29.87008978508758,,,,,,,"rgba(38, 166, 154, 1.0)"
2025-09-25 00:00:00+00:00,32.115,33.5718,31.115857,32.15,7566085,0.0,0.0,0.0,0.0,0.0,0.0,0.0,0.0,,,,,,,,,30.005793906414272,,,,,,,"rgba(38, 166, 154, 0.75)"
2025-09-26 00:00:00+00:00,30.9,32.22,29.71,31.79,7838204,0.0,0.0,0.0,0.0,0.0,0.0,0.0,0.0,,,,,,,,,30.057725087922496,,,,,,,"rgba(38, 166, 154, 0.75)"
2025-09-29 00:00:00+00:00,34.29,34.76,32.0,32.325,8301654,0.0,0.0,0.0,0.0,0.0,0.0,0.0,0.0,,,,,,,,,30.25863835959673,,,,,,,"rgba(38, 166, 154, 0.75)"
2025-09-30 00:00:00+00:00,33.81,35.7,33.52,34.24,6890303,0.0,0.0,0.0,0.0,0.0,0.0,0.0,0.0,,,,,,,,,30.43824891991786,,,,,,,"rgba(38, 166, 154, 0.75)"
2025-10-01 00:00:00+00:00,35.83,36.41,33.98,34.83,11030346,0.0,0.0,0.0,0.0,0.0,0.0,0.0,0.0,,,,,,,,,30.764985920864415,,,,,,,"rgba(38, 166, 154, 0.75)"
2025-10-02 00:00:00+00:00,36.52,37.38,34.81,36.42,7970437,0.0,0.0,0.0,0.0,0.0,0.0,0.0,0.0,,,,,,,,,31.0132030704986,,,,,,,"rgba(38, 166, 154, 0.75)"
2025-10-03 00:00:00+00:00,36.16,37.67,35.8,36.935,5268752,0.0,0.0,0.0,0.0,0.0,0.0,0.0,0.0,,,,,,,,,31.17420836953493,,,,,,,"rgba(38, 166, 154, 0.75)"
2025-10-06 00:00:00+00:00,38.84,39.675,37.59,38.52,8033224,0.0,0.0,0.0,0.0,0.0,0.0,0.0,0.0,,,,,,,,,31.494151291169896,,,,,,,"rgba(38, 166, 154, 1.0)"
2025-10-07 00:00:00+00:00,39.58,42.22,38.31,39.92,12007345,0.0,0.0,0.0,0.0,0.0,0.0,0.0,0.0,,,,,,,,,32.00444138880741,,,,,,,"rgba(38, 166, 154, 1.0)"
2025-10-08 00:00:00+00:00,41.39,41.465,39.01,41.03,7065974,0.0,0.0,0.0,0.0,0.0,0.0,0.0,0.0,,,,,,,,,32.297071843520726,,,,,,,"rgba(38, 166, 154, 1.0)"
2025-10-09 00:00:00+00:00,42.22,42.31,39.55,40.775,6327138,0.0,0.0,0.0,0.0,0.0,0.0,0.0,0.0,,,,,,,,,32.56452435329427,,,,,,,"rgba(38, 166, 154, 1.0)"
2025-10-10 00:00:00+00:00,39.38,44.33,38.99,42.865,12116108,0.0,0.0,0.0,0.0,0.0,0.0,0.0,0.0,,,,,,,,,33.01037590349947,,,,,,,"rgba(38, 166, 154, 0.75)"
2025-10-13 00:00:00+00:00,41.23,41.315,38.61,40.09,6739208,0.0,0.0,0.0,0.0,0.0,0.0,0.0,0.0,,,,,,,,,33.223441420176854,,,,,,,"rgba(38, 166, 154, 0.75)"
2025-10-14 00:00:00+00:00,41.14,42.53,37.4,38.945,7688267,0.0,0.0,0.0,0.0,0.0,0.0,0.0,0.0,,,,,,,,,33.451053406366185,,,,,,,"rgba(38, 166, 154, 0.75)"
2025-10-15 00:00:00+00:00,41.92,42.72,40.07,41.77,6328772,0.0,0.0,0.0,0.0,0.0,0.0,0.0,0.0,,,,,,,,,33.658850642698035,,,,,,,"rgba(38, 166, 154, 0.75)"
2025-10-16 00:00:00+00:00,39.91,42.6299,39.35,42.39,6339067,0.0,0.0,0.0,0.0,0.0,0.0,0.0,0.0,,,,,,,,,33.83309356108202,,,,,,,"rgba(38, 166, 154, 0.75)"
2025-10-17 00:00:00+00:00,37.78,39.55,36.774,37.82,8777876,0.0,0.0,0.0,0.0,0.0,0.0,0.0,0.0,,,,,,,,,33.9736502975859,,,,,,,"rgba(38, 166, 154, 0.5)"
2025-10-20 00:00:00+00:00,39.65,41.7099,38.9604,39.13,7998849,0.0,0.0,0.0,0.0,0.0,0.0,0.0,0.0,,,,,,,,,34.155083838502506,,,,,,,"rgba(38, 166, 154, 0.5)"
2025-10-21 00:00:00+00:00,42.86,45.92,40.36,43.76,23135843,0.0,0.0,0.0,0.0,0.0,0.0,0.0,0.0,,,,,43.04666666666666,,,,34.855921773486195,,,,,,43.04666666666666,"rgba(38, 166, 154, 0.5)"
2025-10-22 00:00:00+00:00,37.34,41.34,35.8,40.745,15712874,0.0,0.0,0.0,0.0,0.0,0.0,0.0,0.0,,,,,41.070190130431676,,,,35.02380667801212,,,,,,41.070190130431676,"rgba(38, 166, 154, 0.5)"
2025-10-23 00:00:00+00:00,38.6,39.46,36.62,38.31,7954840,0.0,0.0,0.0,0.0,0.0,0.0,0.0,0.0,,,,,40.58689835432807,,,,35.104130546920665,,,,,,40.58689835432807,"rgba(38, 166, 154, 0.5)"
2025-10-24 00:00:00+00:00,39.82,41.47,39.65,40.04,6902183,0.0,0.0,0.0,0.0,0.0,0.0,0.0,0.0,,,,,40.55174017873446,,,,35.21506948213463,,,,,,40.55174017873446,"rgba(38, 166, 154, 0.5)"
2025-10-27 00:00:00+00:00,40.55,41.25,39.53,40.6,8686732,0.0,0.0,0.0,0.0,0.0,0.0,0.0,0.0,,,,,40.53664699228458,,,,35.351544471479784,,,,,,40.53664699228458,"rgba(38, 166, 154, 0.5)"
2025-10-28 00:00:00+00:00,37.29,38.545,36.8,36.855,31326857,0.0,0.0,0.0,0.0,0.0,0.0,0.0,0.0,,,,,39.53665159622515,,,,35.540262538623224,,,,,,39.53665159622515,#000000
2025-10-29 00:00:00+00:00,36.43,38.0,35.73,37.65,9472992,0.0,0.0,0.0,0.0,0.0,0.0,0.0,0.0,,,,,39.27808470113779,,,,35.57017732198448,,,,,,39.27808470113779,#000000
2025-10-30 00:00:00+00:00,34.13,35.48,33.9,34.94,7339276,0.0,0.0,0.0,0.0,0.0,0.0,0.0,0.0,,,,,38.96104216243553,,,,35.549622288796165,,,,,,38.96104216243553,"rgba(239, 83, 80, 1.0)"
2025-10-31 00:00:00+00:00,35.01,36.03,34.27,35.24,7299356,0.0,0.0,0.0,0.0,0.0,0.0,0.0,0.0,,,,,38.72206599046177,,,,35.54123114112219,,,,,,38.72206599046177,"rgba(239, 83, 80, 1.0)"
2025-11-03 00:00:00+00:00,34.88,36.88,34.17,36.705,8239138,0.0,0.0,0.0,0.0,0.0,0.0,0.0,0.0,,,,,38.49907509438539,,,,35.536425755093255,,,,,,38.49907509438539,"rgba(239, 83, 80, 1.0)"
2025-11-04 00:00:00+00:00,31.17,34.01,31.06,32.95,11388672,0.0,0.0,0.0,0.0,0.0,0.0,0.0,0.0,,,,,37.96724475343198,,,,35.439909416991696,,,,,,37.96724475343198,"rgba(239, 83, 80, 1.0)"
2025-11-05 00:00:00+00:00,31.44,32.18,30.64,32.18,7974533,0.0,0.0,0.0,0.0,0.0,0.0,0.0,0.0,,,,,37.60824017345381,,,,35.362816871772836,,,,,,37.60824017345381,"rgba(239, 83, 80, 1.0)"
2025-11-06 00:00:00+00:00,30.38,32.98,29.48,32.77,11405071,0.0,0.0,0.0,0.0,0.0,0.0,0.0,0.0,,,,,37.12381968202759,,,,35.24492566008313,,,,,,37.12381968202759,"rgba(239, 83, 80, 1.0)"
2025-11-07 00:00:00+00:00,31.56,31.79,28.54,29.205,9966491,0.0,0.0,0.0,0.0,0.0,0.0,0.0,0.0,,,,,36.73581782049577,,,,35.13972181014836,,,,,,36.73581782049577,"rgba(239, 83, 80, 1.0)"
2025-11-10 00:00:00+00:00,31.79,33.07,30.88,32.5,6791034,0.0,0.0,0.0,0.0,0.0,0.0,0.0,0.0,,,,,36.54716326341217,,,,35.09037227260448,,,,,,36.54716326341217,"rgba(239, 83, 80, 1.0)"
2025-11-11 00:00:00+00:00,30.74,31.44,30.44,31.0,5656869,0.0,0.0,0.0,0.0,0.0,0.0,0.0,0.0,,,,,36.36810821029232,,,,35.037318554489374,,,,,,36.36810821029232,"rgba(239, 83, 80, 1.0)"
2025-11-12 00:00:00+00:00,31.27,31.59,29.98,31.0,6159476,0.0,0.0,0.0,0.0,0.0,0.0,0.0,0.0,,,,,36.18800553954268,,,,34.9820396356183,,,,,,36.18800553954268,"rgba(239, 83, 80, 1.0)"
2025-11-13 00:00:00+00:00,27.24,30.99,27.06,30.99,11252276,0.0,0.0,0.0,0.0,0.0,0.0,0.0,0.0,,,,,35.74412668102964,,,,34.8241880207829,,,,,,35.74412668102964,"rgba(239, 83, 80, 1.0)"
2025-11-14 00:00:00+00:00,26.34,27.95,25.07,25.13,10043870,0.0,0.0,0.0,0.0,0.0,0.0,0.0,0.0,,,,,35.292691092270154,,,,34.647964993659265,,,,,,35.292691092270154,"rgba(239, 83, 80, 1.0)"
2025-11-17 00:00:00+00:00,25.04,26.475,24.07,25.48,13541919,0.0,0.0,0.0,0.0,0.0,0.0,0.0,0.0,,,,,34.67184238687976,,,,34.38705857335634,,,,,,34.67184238687976,"rgba(239, 83, 80, 1.0)"
2025-11-18 00:00:00+00:00,25.58,26.28,24.37,24.53,8729479,0.0,0.0,0.0,0.0,0.0,0.0,0.0,0.0,,,,,34.31874982008419,,,,34.23013078493573,,,,,,34.31874982008419,"rgba(239, 83, 80, 1.0)"
2025-11-19 00:00:00+00:00,25.76,26.15,24.94,24.96,10531547,0.0,0.0,0.0,0.0,0.0,0.0,0.0,0.0,,,,,33.936110725334885,,,,34.05222764621595,,,,,,33.936110725334885,"rgba(239, 83, 80, 1.0)"
2025-11-20 00:00:00+00:00,24.03,27.61,23.98,26.98,14651449,0.0,0.0,0.0,0.0,0.0,0.0,0.0,0.0,,,,,33.432893826567955,,,,33.80515964054406,,,,,,33.432893826567955,"rgba(239, 83, 80, 1.0)"
2025-11-21 00:00:00+00:00,23.42,23.85,22.11,23.43,13262823,0.0,0.0,0.0,0.0,0.0,0.0,0.0,0.0,,,,,32.92176225719104,,,,33.54182239250206,23.126666666666665,,,,,32.92176225719104,"rgba(239, 83, 80, 1.0)"
2025-11-24 00:00:00+00:00,24.78,25.0,23.77,23.915,10587279,0.0,0.0,0.0,0.0,0.0,0.0,0.0,0.0,,,,,32.60167963239095,,,,,23.743700413943724,,,,,32.60167963239095,"rgba(239, 83, 80, 1.0)"
2025-11-25 00:00:00+00:00,25.48,25.77,23.4734,24.4,8480373,0.0,0.0,0.0,0.0,0.0,0.0,0.0,0.0,,,,,32.373936156255674,,,,,24.049046954596246,,,,,32.373936156255674,"rgba(239, 83, 80, 0.75)"
2025-11-26 00:00:00+00:00,26.24,26.7,25.45,26.48,5873595,0.0,0.0,0.0,0.0,0.0,0.0,0.0,0.0,,,,,32.248496652549896,,,,,24.368978192360135,,,,,32.248496652549896,"rgba(239, 83, 80, 0.75)"
2025-11-28 00:00:00+00:00,26.59,27.43,26.41,27.265,4095420,0.0,0.0,0.0,0.0,0.0,0.0,0.0,0.0,,,,,32.173367604303145,,,,,24.60531696456388,,,,,32.173367604303145,"rgba(239, 83, 80, 0.75)"
2025-12-01 00:00:00+00:00,24.8,25.28,23.95,25.09,9154814,0.0,0.0,0.0,0.0,0.0,0.0,0.0,0.0,,,,,31.948802594804583,,,,,24.618011592630488,,,,,31.948802594804583,"rgba(239, 83, 80, 0.75)"
2025-12-02 00:00:00+00:00,25.36,26.17,25.12,25.63,6016398,0.0,0.0,0.0,0.0,0.0,0.0,0.0,0.0,,,,,31.825267269725543,,,,,24.715578056845963,,,,,31.825267269725543,"rgba(239, 83, 80, 0.75)"
2025-12-03 00:00:00+00:00,27.05,27.1,25.5,25.84,6771608,0.0,0.0,0.0,0.0,0.0,0.0,0.0,0.0,,,,,31.713076719058204,,,,,24.90893950828875,,,,,31.713076719058204,"rgba(239, 83, 80, 0.75)"
2025-12-04 00:00:00+00:00,27.57,28.27,26.59,26.97,7123890,0.0,0.0,0.0,0.0,0.0,0.0,0.0,0.0,,,,,31.62036694100323,,,,,25.165254203849074,,,,,31.62036694100323,"rgba(239, 83, 80, 0.75)"
2025-12-05 00:00:00+00:00,25.51,27.11,25.475,27.05,6282968,0.0,0.0,0.0,0.0,0.0,0.0,0.0,0.0,,,,,31.514543068432136,,,,,25.235359807281736,,,,,31.514543068432136,"rgba(239, 83, 80, 0.75)"
2025-12-08 00:00:00+00:00,26.09,26.64,25.3012,26.63,4061018,0.0,0.0,0.0,0.0,0.0,0.0,0.0,0.0,,,,,31.447992835046787,,,,,25.273879511218674,,,,,31.447992835046787,"rgba(239, 83, 80, 0.75)"
2025-12-09 00:00:00+00:00,29.45,29.715,26.05,26.5,8987410,0.0,0.0,0.0,0.0,0.0,0.0,0.0,0.0,,,,,31.368689365072207,,,,,25.584148634471713,,,,,31.368689365072207,#000000
2025-12-10 00:00:00+00:00,29.52,30.13,28.27,28.67,7301606,0.0,0.0,0.0,0.0,0.0,0.0,0.0,0.0,,,,,31.325936091849563,,,,,25.861501505151036,,,,,31.325936091849563,"rgba(38, 166, 154, 0.5)"
2025-12-11 00:00:00+00:00,29.86,29.98,28.18,28.84,4133731,0.0,0.0,0.0,0.0,0.0,0.0,0.0,0.0,,,,,31.3028953272361,,,,,26.002290344159608,,,,,31.3028953272361,"rgba(38, 166, 154, 0.5)"
2025-12-12 00:00:00+00:00,26.75,30.29,26.73,30.19,8086636,0.0,0.0,0.0,0.0,0.0,0.0,0.0,0.0,,,,,31.227893648411285,,,,,26.14323423946553,,,,,31.227893648411285,#000000
2025-12-15 00:00:00+00:00,24.54,26.9,24.1601,26.76,14240461,0.0,0.0,0.0,0.0,0.0,0.0,0.0,0.0,,,,,31.001178542656135,,,,,26.035315129057633,,,,,31.001178542656135,#000000
2025-12-16 00:00:00+00:00,24.31,25.3599,23.98,24.52,6607676,0.0,0.0,0.0,0.0,0.0,0.0,0.0,0.0,,,,,30.89052396113931,,,,,25.960432446769918,,,,,30.89052396113931,"rgba(239, 83, 80, 1.0)"
2025-12-17 00:00:00+00:00,22.81,25.17,22.69,24.42,8706635,0.0,0.0,0.0,0.0,0.0,0.0,0.0,0.0,,,,,30.728434085147832,,,,,25.810700306213096,,,,,30.728434085147832,"rgba(239, 83, 80, 1.0)"
2025-12-18 00:00:00+00:00,22.51,23.85,22.36,23.25,6266350,0.0,0.0,0.0,0.0,0.0,0.0,0.0,0.0,,,,,30.605961552593964,,,,,25.686093314335935,,,,,30.605961552593964,"rgba(239, 83, 80, 1.0)"
2025-12-19 00:00:00+00:00,24.0,24.22,22.88,22.88,8697479,0.0,0.0,0.0,0.0,0.0,0.0,0.0,0.0,,,,,30.459069118083427,,,,,25.574459546833857,,,,,30.459069118083427,"rgba(239, 83, 80, 1.0)"
2025-12-22 00:00:00+00:00,24.61,25.43,24.23,24.51,4420426,0.0,0.0,0.0,0.0,0.0,0.0,0.0,0.0,,,,,30.398082559668246,,,,,25.551746397805413,,,,,30.398082559668246,"rgba(239, 83, 80, 1.0)"
2025-12-23 00:00:00+00:00,24.59,24.74,24.15,24.245,2769620,0.0,0.0,0.0,0.0,0.0,0.0,0.0,0.0,,,,,30.358778869303958,,,,,25.533643302100195,,,,,30.358778869303958,"rgba(239, 83, 80, 1.0)"
2025-12-24 00:00:00+00:00,24.43,24.57,24.01,24.5,1688610,0.0,0.0,0.0,0.0,0.0,0.0,0.0,0.0,,,,,30.334438286821058,,,,,25.521289886099083,,,,,30.334438286821058,"rgba(239, 83, 80, 1.0)"
2025-12-26 00:00:00+00:00,23.4,24.63,23.35,24.59,2889270,0.0,0.0,0.0,0.0,0.0,0.0,0.0,0.0,,,,,30.289512171479593,,,,,25.49130580053618,,,,,30.289512171479593,"rgba(239, 83, 80, 1.0)"
2025-12-29 00:00:00+00:00,23.16,24.29,23.01,23.27,3210023,0.0,0.0,0.0,0.0,0.0,0.0,0.0,0.0,,,,,30.23799441312463,,,,,25.453389910375968,,,,,30.23799441312463,"rgba(239, 83, 80, 1.0)"
2025-12-30 00:00:00+00:00,22.78,23.3799,22.626,23.26,4360917,0.0,0.0,0.0,0.0,0.0,0.0,0.0,0.0,,,,,30.163560612192626,,,,,25.39014059196681,,,,,30.163560612192626,"rgba(239, 83, 80, 1.0)"
2025-12-31 00:00:00+00:00,22.36,23.08,22.25,22.805,3985917,0.0,0.0,0.0,0.0,0.0,0.0,0.0,0.0,,,,,30.09347252392757,,,,,25.32686286396063,,,,,30.09347252392757,"rgba(239, 83, 80, 1.0)"
2026-01-02 00:00:00+00:00,24.75,24.883,22.41,22.89,7078604,0.0,0.0,0.0,0.0,0.0,0.0,0.0,0.0,,,,,29.99551806352132,,,,,25.276680306699234,,,,,29.99551806352132,"rgba(239, 83, 80, 0.5)"
2026-01-05 00:00:00+00:00,26.3,27.02,25.25,25.34,6489893,0.0,0.0,0.0,0.0,0.0,0.0,0.0,0.0,,,,,29.94011715533096,,,,,25.307611279064755,,,,,29.94011715533096,#000000
2026-01-06 00:00:00+00:00,26.08,27.1499,25.24,26.31,3750506,0.0,0.0,0.0,0.0,0.0,0.0,0.0,0.0,,,,,29.908551934489395,,,,,25.323908906408946,,,,,29.908551934489395,#000000
2026-01-07 00:00:00+00:00,25.51,26.49,25.505,25.75,2951037,0.0,0.0,0.0,0.0,0.0,0.0,0.0,0.0,,,,,29.88198549281835,,,,,25.3315135348913,,,,,29.88198549281835,#000000
2026-01-08 00:00:00+00:00,25.5,26.22,24.87,25.33,2704253,0.0,0.0,0.0,0.0,0.0,0.0,0.0,0.0,,,,,29.856131210678058,,,,,25.33418347605598,,,,,29.856131210678058,#000000
2026-01-09 00:00:00+00:00,24.94,26.24,24.8814,26.15,3514788,0.0,0.0,0.0,0.0,0.0,0.0,0.0,0.0,,,,,29.821633219046134,,,,,25.33452054394825,,,,,29.821633219046134,#000000
2026-01-12 00:00:00+00:00,25.49,25.8318,24.62,25.0,3601252,0.0,0.0,0.0,0.0,0.0,0.0,0.0,0.0,,,,,29.786520090760078,,,,,25.334164365408746,,,,,29.786520090760078,#000000
2026-01-13 00:00:00+00:00,26.82,27.06,25.47,25.62,4932623,0.0,0.0,0.0,0.0,0.0,0.0,0.0,0.0,,,,,29.751297314896256,,,,,25.359994306680953,,,,,29.751297314896256,"rgba(38, 166, 154, 1.0)"
2026-01-14 00:00:00+00:00,28.19,28.27,26.27,27.01,8255319,0.0,0.0,0.0,0.0,0.0,0.0,0.0,0.0,,,,,29.713543122461406,,,,,25.442669087224616,,,,,29.713543122461406,"rgba(38, 166, 154, 1.0)"
2026-01-15 00:00:00+00:00,31.99,32.89,28.91,30.145,20580699,0.0,0.0,0.0,0.0,0.0,0.0,0.0,0.0,,,,,29.777838122057084,,,,,25.937842634801495,,,,,29.777838122057084,"rgba(38, 166, 154, 1.0)"
2026-01-16 00:00:00+00:00,34.31,34.73,32.38,32.76,15461983,-1.0,34.73,32.38,269.0,-1.0,34.73,32.38,269.0,,,,33.806666666666665,29.89961327973036,33.806666666666665,,,,26.410551373318565,,,,,29.89961327973036,"rgba(38, 166, 154, 1.0)"
2026-01-20 00:00:00+00:00,32.1,33.75,31.35,31.525,8830178,0.0,0.0,0.0,0.0,0.0,0.0,0.0,0.0,,,,33.29534463758357,,33.29534463758357,,,,26.609218160237265,,,,,29.942041875799514,"rgba(38, 166, 154, 1.0)"
2026-01-21 00:00:00+00:00,32.45,33.6,30.73,32.26,6929837,0.0,0.0,0.0,0.0,0.0,0.0,0.0,0.0,,,,33.06554609691111,,33.06554609691111,,,,26.752582128782844,,,,,29.972504359800972,"rgba(38, 166, 154, 1.0)"
2026-01-22 00:00:00+00:00,30.92,33.17,30.33,33.125,5289628,0.0,0.0,0.0,0.0,0.0,0.0,0.0,0.0,,,,32.83487400314629,,32.83487400314629,,,,26.842266067674448,,,,,29.987410258535967,"rgba(38, 166, 154, 0.75)"
2026-01-23 00:00:00+00:00,31.9,32.9,29.67,30.33,5717855,0.0,0.0,0.0,0.0,0.0,0.0,0.0,0.0,,,,32.65277859583451,,32.65277859583451,,,,26.935790392930006,,,,,30.003370436635638,"rgba(38, 166, 154, 0.75)"
2026-01-26 00:00:00+00:00,31.28,32.6699,30.97,31.6,3603939,0.0,0.0,0.0,0.0,0.0,0.0,0.0,0.0,,,,32.57313993017977,,32.57313993017977,,,,26.994706984793698,,,,,30.01425435566223,"rgba(38, 166, 154, 0.75)"
2026-01-27 00:00:00+00:00,33.18,33.205,31.11,31.72,6446330,0.0,0.0,0.0,0.0,0.0,0.0,0.0,0.0,,,,32.56391593791797,,32.56391593791797,,,,27.115298383188012,,,,,30.043456089507895,"rgba(38, 166, 154, 0.75)"
2026-01-28 00:00:00+00:00,31.9,33.7,31.24,33.495,6397708,0.0,0.0,0.0,0.0,0.0,0.0,0.0,0.0,,,,32.53296007634425,,32.53296007634425,,,,27.225219608913374,,,,,30.069248682890475,"rgba(38, 166, 154, 0.75)"
2026-01-29 00:00:00+00:00,29.96,31.49,29.17,30.96,6073444,0.0,0.0,0.0,0.0,0.0,0.0,0.0,0.0,,,,32.31476060243969,,32.31476060243969,,,,27.28426511288996,,,,,30.07073682027,"rgba(38, 166, 154, 0.75)"
2026-01-30 00:00:00+00:00,28.26,30.02,27.4201,29.14,7467239,0.0,0.0,0.0,0.0,0.0,0.0,0.0,0.0,,,,31.927217196899782,,31.927217196899782,,,,27.31474911916447,,,,,30.050974465566753,"rgba(38, 166, 154, 0.75)"
2026-02-02 00:00:00+00:00,26.44,27.91,26.4,26.91,10357201,0.0,0.0,0.0,0.0,0.0,0.0,0.0,0.0,,,,31.29875744480719,,31.29875744480719,,,,27.30204324959645,,,,,29.994874764034783,#000000
2026-02-03 00:00:00+00:00,21.98,25.96,20.82,25.23,19237713,0.0,0.0,0.0,0.0,0.0,0.0,0.0,0.0,,,,29.71558001220963,,29.71558001220963,,,,27.056794744777918,,,,,29.767236496165904,"rgba(239, 83, 80, 0.5)"
2026-02-04 00:00:00+00:00,20.16,21.745,19.72,21.51,12318503,0.0,0.0,0.0,0.0,0.0,0.0,0.0,0.0,,,,28.7254167212747,,28.7254167212747,,,,26.83138865227584,,,,,29.580998900253725,"rgba(239, 83, 80, 1.0)"
2026-02-05 00:00:00+00:00,16.84,19.93,16.6701,19.09,15283427,0.0,0.0,0.0,0.0,0.0,0.0,0.0,0.0,,,,27.436744312666473,,27.436744312666473,,,,26.46022630280962,17.813366666666667,,,,29.293469183824282,"rgba(239, 83, 80, 1.0)"
2026-02-06 00:00:00+00:00,19.76,20.21,18.9,19.625,12671565,0.0,0.0,0.0,0.0,0.0,0.0,0.0,0.0,,,,26.739928568344904,,26.739928568344904,,,,,18.633796529944753,,,,29.101458412075658,"rgba(239, 83, 80, 1.0)"
2026-02-09 00:00:00+00:00,21.15,21.54,19.18,19.345,9105596,0.0,0.0,0.0,0.0,0.0,0.0,0.0,0.0,,,,26.371554637694167,,26.371554637694167,,,,,19.122615497382288,,,,28.98219200882874,"rgba(239, 83, 80, 1.0)"
2026-02-10 00:00:00+00:00,21.19,21.56,20.62,21.01,5499554,0.0,0.0,0.0,0.0,0.0,0.0,0.0,0.0,,,,26.187352944386333,,26.187352944386333,,,,,19.381145080708773,,,,28.915982174344197,"rgba(239, 83, 80, 1.0)"
2026-02-11 00:00:00+00:00,20.4,21.58,19.98,21.07,7309555,0.0,0.0,0.0,0.0,0.0,0.0,0.0,0.0,,,,25.940701047008655,,25.940701047008655,,,,,19.56761362899197,,,,28.824484566607545,"rgba(239, 83, 80, 1.0)"
2026-02-12 00:00:00+00:00,20.15,21.07,19.92,20.36,6188312,0.0,0.0,0.0,0.0,0.0,0.0,0.0,0.0,,,,25.738506790191398,,25.738506790191398,,,,,19.657293951536882,,,,28.746052744380766,"rgba(239, 83, 80, 1.0)"
2026-02-13 00:00:00+00:00,21.66,21.72,20.2401,20.51,6672473,0.0,0.0,0.0,0.0,0.0,0.0,0.0,0.0,,,,25.567535345732377,,25.567535345732377,,,,,19.82210011426343,,,,28.671297753628696,"rgba(239, 83, 80, 0.75)"
2026-02-17 00:00:00+00:00,21.3,21.7,20.67,21.34,5096764,0.0,0.0,0.0,0.0,0.0,0.0,0.0,0.0,,,,25.4458519100382,,25.4458519100382,,,,,19.92739342112362,,,,28.615312383246476,"rgba(239, 83, 80, 0.75)"
2026-02-18 00:00:00+00:00,21.73,22.56,21.06,21.45,4571640,0.0,0.0,0.0,0.0,0.0,0.0,0.0,0.0,,,,25.35608792263244,,25.35608792263244,,,,,20.044587063305553,,,,28.56955695459058,"rgba(239, 83, 80, 0.75)"
2026-02-19 00:00:00+00:00,21.63,21.7,20.88,21.37,2943454,0.0,0.0,0.0,0.0,0.0,0.0,0.0,0.0,,,,25.294682360020904,,25.294682360020904,,,,,20.09767019217437,,,,28.538788688360174,"rgba(239, 83, 80, 0.75)"
2026-02-20 00:00:00+00:00,21.2,22.36,20.885,21.48,3930205,0.0,0.0,0.0,0.0,0.0,0.0,0.0,0.0,,,,25.21719727510986,,25.21719727510986,,,,,20.166286506486365,,,,28.49856187688233,"rgba(239, 83, 80, 0.75)"
2026-02-23 00:00:00+00:00,20.34,20.79,20.035,20.63,4042878,0.0,0.0,0.0,0.0,0.0,0.0,0.0,0.0,,,,25.118322591403242,,25.118322591403242,,,,,20.17706132102736,,,,28.45128405920961,"rgba(239, 83, 80, 0.75)"
2026-02-24 00:00:00+00:00,21.54,21.5875,19.92,19.95,5350304,0.0,0.0,0.0,0.0,0.0,0.0,0.0,0.0,,,,25.01008857492019,,25.01008857492019,,,,,20.227674848986464,,,,28.3943618285804,"rgba(239, 83, 80, 0.75)"
2026-02-25 00:00:00+00:00,22.83,23.49,22.01,22.31,4949993,0.0,0.0,0.0,0.0,0.0,0.0,0.0,0.0,,,,24.956872846086902,,24.956872846086902,,,,,20.362454474188024,,,,28.354853036086215,"rgba(239, 83, 80, 0.75)"
2026-02-26 00:00:00+00:00,21.94,23.18,21.21,22.55,4057297,0.0,0.0,0.0,0.0,0.0,0.0,0.0,0.0,,,,24.90233857241595,,24.90233857241595,,,,,20.435046797400897,,,,28.319060399807633,"rgba(239, 83, 80, 0.75)"
2026-02-27 00:00:00+00:00,20.59,21.43,20.05,21.21,5212753,0.0,0.0,0.0,0.0,0.0,0.0,0.0,0.0,,,,24.801158262379246,,24.801158262379246,,,,,20.447964114068768,,,,28.263292212785725,"rgba(239, 83, 80, 0.75)"
2026-03-02 00:00:00+00:00,21.73,21.915,19.86,20.0,4864124,0.0,0.0,0.0,0.0,0.0,0.0,0.0,0.0,,,,24.721518838867766,,24.721518838867766,,,,,20.480483544744832,,,,28.215224822037353,"rgba(239, 83, 80, 0.75)"
2026-03-03 00:00:00+00:00,20.68,21.27,19.92,20.69,3612891,0.0,0.0,0.0,0.0,0.0,0.0,0.0,0.0,,,,24.655857335646484,,24.655857335646484,,,,,20.48511795394664,,,,28.17721280305405,"rgba(239, 83, 80, 0.75)"
2026-03-04 00:00:00+00:00,24.34,24.595,21.765,21.78,8559210,0.0,0.0,0.0,0.0,0.0,0.0,0.0,0.0,,,,24.61602623055816,,24.61602623055816,,,,,20.705057778641855,,,,28.12316463858973,#000000
2026-03-05 00:00:00+00:00,22.73,24.17,22.1,23.9,4853148,0.0,0.0,0.0,0.0,0.0,0.0,0.0,0.0,,,,24.583198292137205,,24.583198292137205,,,,,20.794319902362282,,,,28.089336384204305,#000000
2026-03-06 00:00:00+00:00,20.555,22.03,20.39,21.57,5746514,0.0,0.0,0.0,0.0,0.0,0.0,0.0,0.0,,,,24.498838939789398,,24.498838939789398,,,,,20.803008544308728,,,,28.034273915613163,#000000
2026-03-09 00:00:00+00:00,21.495,21.64,20.038,20.48,4554776,0.0,0.0,0.0,0.0,0.0,0.0,0.0,0.0,,,,24.43594461277127,,24.43594461277127,,,,,20.811595613704622,,,,27.99163713214257,#000000
2026-03-10 00:00:00+00:00,21.83,22.5,21.08,21.485,4323872,0.0,0.0,0.0,0.0,0.0,0.0,0.0,0.0,,,,24.391046610353143,,24.391046610353143,,,,,20.84235700233463,,,,27.95594230534566,#000000
2026-03-11 00:00:00+00:00,21.46,22.55,21.27,21.75,4105308,0.0,0.0,0.0,0.0,0.0,0.0,0.0,0.0,,,,24.349122315594233,,24.349122315594233,,,,,20.86860829007666,,,,27.922194775444563,#000000
2026-03-12 00:00:00+00:00,20.63,21.26,20.39,21.2,2837900,0.0,0.0,0.0,0.0,0.0,0.0,0.0,0.0,,,,24.310018495868526,,24.310018495868526,,,,,20.866502153220367,,,,27.895328963614645,"rgba(239, 83, 80, 0.5)"
2026-03-13 00:00:00+00:00,22.35,22.39,21.51,21.61,7055805,0.0,0.0,0.0,0.0,0.0,0.0,0.0,0.0,,,,24.25129235353256,,24.25129235353256,,,,,20.922471916559193,,,,27.84162614651377,#000000
2026-03-16 00:00:00+00:00,23.1,24.4,22.98,23.39,6803443,0.0,0.0,0.0,0.0,0.0,0.0,0.0,0.0,,,,24.232495102758183,,24.232495102758183,,,,,21.03165049126504,,,,27.80322709168957,#000000
2026-03-17 00:00:00+00:00,23.5,23.81,22.76,22.94,2979673,0.0,0.0,0.0,0.0,0.0,0.0,0.0,0.0,,,,24.22308453416468,,24.22308453416468,23.356666666666666,,,,21.074104741717072,,,,27.786095829237446,"rgba(38, 166, 154, 1.0)"
2026-03-18 00:00:00+00:00,21.58,23.27,21.56,22.75,3772945,0.0,0.0,0.0,0.0,0.0,0.0,0.0,0.0,,,,24.195079177725482,,,22.675006175876277,,,,21.098117071993226,,,,27.758669473993255,#000000
2026-03-19 00:00:00+00:00,21.05,21.78,20.41,21.16,11288839,0.0,0.0,0.0,0.0,0.0,0.0,0.0,0.0,,,,24.074803730180896,,,21.676984346293832,,,,21.096969653517732,,,,27.66304714879298,#000000
2026-03-20 00:00:00+00:00,20.72,20.86,19.8,20.4,5585311,0.0,0.0,0.0,0.0,0.0,0.0,0.0,0.0,,,,24.00704386515859,,,21.389292180518865,,,,21.07761654070821,,,,27.612380979499385,#000000
2026-03-23 00:00:00+00:00,21.7,21.85,20.68,20.91,4927799,0.0,0.0,0.0,0.0,0.0,0.0,0.0,0.0,,,,23.96479170354681,,,21.392865828549713,,,,21.086293919730625,,,,27.574126790411114,#000000
2026-03-24 00:00:00+00:00,21.3,22.015,20.75,21.45,4612326,0.0,0.0,0.0,0.0,0.0,0.0,0.0,0.0,,,,23.925646459043335,,,21.387600049040874,,,,21.092703198615638,,,,27.538430992834805,#000000
2026-03-25 00:00:00+00:00,21.33,22.3,21.09,21.89,3565917,0.0,0.0,0.0,0.0,0.0,0.0,0.0,0.0,,,,23.898680725340586,,,21.40563050943648,,,,21.10140597973029,,,,27.512077781108065,#000000
2026-03-26 00:00:00+00:00,19.61,21.105,19.53,20.88,4776684,0.0,0.0,0.0,0.0,0.0,0.0,0.0,0.0,,,,23.840953870384453,,,21.253276040737415,,,,21.077257856152567,,,,27.468363679262108,"rgba(239, 83, 80, 1.0)"
2026-03-27 00:00:00+00:00,18.0,19.165,17.79,18.9,6684731,0.0,0.0,0.0,0.0,0.0,0.0,0.0,0.0,,,,23.72649196184323,,,20.846187795218206,,,,20.98876008735878,,,,27.39364525556959,"rgba(239, 83, 80, 1.0)"
2026-03-30 00:00:00+00:00,17.15,18.99,16.785,18.5,6081022,0.0,0.0,0.0,0.0,0.0,0.0,0.0,0.0,,,,23.61389038138247,,,20.487151870753653,,,,20.89386108621138,,,,27.321737400137724,"rgba(239, 83, 80, 1.0)"
2026-03-31 00:00:00+00:00,18.45,18.63,17.53,17.57,6847043,0.0,0.0,0.0,0.0,0.0,0.0,0.0,0.0,,,,23.503454886096264,,,20.231313882191476,,,,20.81062532445096,,,,27.246655015461567,"rgba(239, 83, 80, 1.0)"
2026-04-01 00:00:00+00:00,17.37,18.93,17.31,18.83,7738375,0.0,0.0,0.0,0.0,0.0,0.0,0.0,0.0,,,,23.376431507298296,,,19.965955824538337,,,,20.71128313834789,,,,27.160199839919095,"rgba(239, 83, 80, 1.0)"
2026-04-02 00:00:00+00:00,17.64,17.685,16.43,16.73,5334076,1.0,17.685,16.43,0.0,0.0,0.0,0.0,0.0,,,17.251666666666665,23.28269481532186,,,19.770817672441233,,,,20.632554239646577,17.251666666666665,,17.251666666666665,27.097623463298916,"rgba(239, 83, 80, 1.0)"
2026-04-06 00:00:00+00:00,18.28,18.295,17.59,17.65,2778607,0.0,0.0,0.0,0.0,0.0,0.0,0.0,0.0,,,17.526809627797203,23.241347270784164,,,19.70887957153689,,,,,17.526809627797203,,17.526809627797203,27.067972621831185,"rgba(239, 83, 80, 1.0)"
2026-04-07 00:00:00+00:00,18.63,18.675,17.18,17.96,5313599,0.0,0.0,0.0,0.0,0.0,0.0,0.0,0.0,,,17.77806129425853,23.165660853983773,,,19.6089698137462,,,,,17.77806129425853,,17.77806129425853,27.012473375804962,"rgba(239, 83, 80, 0.75)"
2026-04-08 00:00:00+00:00,19.0,20.8,18.62,20.33,5340887,0.0,0.0,0.0,0.0,0.0,0.0,0.0,0.0,,,18.260513197097907,23.111179179887905,,,19.600702815899798,,,,,18.260513197097907,,18.260513197097907,26.96554622408181,"rgba(239, 83, 80, 0.75)"
2026-04-09 00:00:00+00:00,21.15,21.49,18.71,18.71,7710830,0.0,0.0,0.0,0.0,0.0,0.0,0.0,0.0,,,18.89812786444575,23.055670930166407,,,19.669392536641798,,,,,18.89812786444575,,18.89812786444575,26.907515818986443,#000000
2026-04-10 00:00:00+00:00,21.66,22.52,21.18,21.6,6403998,0.0,0.0,0.0,0.0,0.0,0.0,0.0,0.0,,,19.46069092022199,23.03406178848527,,,19.80266032252036,,,,,19.46069092022199,,19.46069092022199,26.869915098507924,#000000
2026-04-13 00:00:00+00:00,22.5,22.73,20.76,21.18,5829567,0.0,0.0,0.0,0.0,0.0,0.0,0.0,0.0,,,19.842583021617692,23.018226594247874,,,19.921558174693956,,,,,19.842583021617692,,19.842583021617692,26.83755836582255,"rgba(38, 166, 154, 1.0)"
2026-04-14 00:00:00+00:00,23.72,24.415,23.4601,23.715,6232361,0.0,0.0,0.0,0.0,0.0,0.0,0.0,0.0,,,20.400375035714692,23.031823801775484,,,20.137517485150347,,,,,20.400375035714692,,20.400375035714692,26.816606822783392,"rgba(38, 166, 154, 1.0)"
2026-04-15 00:00:00+00:00,24.04,24.45,23.038,23.23,4746632,0.0,0.0,0.0,0.0,0.0,0.0,0.0,0.0,,,20.7291958941488,23.04161996958473,,,20.28586669128303,,,,,20.7291958941488,,20.7291958941488,26.80072755169361,"rgba(38, 166, 154, 1.0)"
2026-04-16 00:00:00+00:00,24.43,24.89,23.54,24.89,3296909,0.0,0.0,0.0,0.0,0.0,0.0,0.0,0.0,,,20.95054366358452,23.051980866845653,,,20.394118441537962,,,,,20.95054366358452,,20.95054366358452,26.79143814781806,"rgba(38, 166, 154, 1.0)"
2026-04-17 00:00:00+00:00,25.84,27.1,24.915,25.0,9500252,0.0,0.0,0.0,0.0,0.0,0.0,0.0,0.0,,,21.710883940569467,23.119885526529963,,,20.796088434886684,,,,,21.710883940569467,,21.710883940569467,26.782591031987224,"rgba(38, 166, 154, 1.0)"
2026-04-20 00:00:00+00:00,26.8,27.125,24.96,25.04,6142016,0.0,0.0,0.0,0.0,0.0,0.0,0.0,0.0,,,22.12113927075739,23.167239662999947,,,21.04173760792829,,,,,22.12113927075739,,22.12113927075739,26.779292473951198,"rgba(38, 166, 154, 1.0)"
2026-04-21 00:00:00+00:00,24.95,26.9999,24.86,26.71,5408496,0.0,0.0,0.0,0.0,0.0,0.0,0.0,0.0,,,22.37551126716338,23.19881774007131,,,21.214385492653154,,,,,22.37551126716338,,22.37551126716338,26.772328468903183,"rgba(38, 166, 154, 1.0)"
2026-04-22 00:00:00+00:00,26.8,27.12,25.76,26.0,5007635,0.0,0.0,0.0,0.0,0.0,0.0,0.0,0.0,,,22.640602834390307,23.238680235531092,,,21.395370647963723,,,,,22.640602834390307,,22.640602834390307,26.771170640430583,"rgba(38, 166, 154, 1.0)"
2026-04-23 00:00:00+00:00,26.28,26.75,25.54,26.3,4150350,0.0,0.0,0.0,0.0,0.0,0.0,0.0,0.0,,,22.817669069029563,23.267407399724892,,,21.526238714776774,,,,,22.817669069029563,,22.817669069029563,26.76855587124294,"rgba(38, 166, 154, 1.0)"
2026-04-24 00:00:00+00:00,26.005,26.8,25.36,26.68,3407051,0.0,0.0,0.0,0.0,0.0,0.0,0.0,0.0,,,22.945028602857004,23.289504907465698,,,21.625488235654906,,,,,22.945028602857004,,22.945028602857004,26.76593013843927,"rgba(38, 166, 154, 0.75)"
2026-04-27 00:00:00+00:00,25.05,26.26,24.3,25.94,7213533,0.0,0.0,0.0,0.0,0.0,0.0,0.0,0.0,,,23.11866867447517,23.3210955076357,,,21.7841389980063,,,,,23.11866867447517,,23.11866867447517,26.75385009765424,"rgba(38, 166, 154, 0.75)"
2026-04-28 00:00:00+00:00,26.36,26.92,23.86,24.655,7437381,1.0,26.92,23.86,0.0,0.0,0.0,0.0,0.0,,25.713333333333335,23.309253494135586,23.361127046883517,,,21.95592244991415,,,,,23.309253494135586,,23.309253494135586,26.745622090267755,"rgba(38, 166, 154, 0.75)"
2026-04-29 00:00:00+00:00,25.42,26.725,24.53,26.41,5771042,0.0,0.0,0.0,0.0,0.0,0.0,0.0,0.0,,25.645610524183446,23.430528965195702,23.389291419767677,,,22.074122180796877,,,,,23.430528965195702,,23.430528965195702,26.738381407893616,"rgba(38, 166, 154, 0.75)"
2026-04-30 00:00:00+00:00,27.44,27.575,25.71,25.89,7669659,0.0,0.0,0.0,0.0,0.0,0.0,0.0,0.0,,26.109477528714883,23.663090116484803,23.448235400726407,,,22.27611417658191,,,,,23.663090116484803,,23.663090116484803,26.739747768546064,"rgba(38, 166, 154, 0.75)"
2026-05-01 00:00:00+00:00,28.11,29.14,27.68,28.25,8026296,0.0,0.0,0.0,0.0,0.0,0.0,0.0,0.0,,26.720528377454333,23.967010557293634,23.531988584287024,,,22.52890302725471,,,,,23.967010557293634,,23.967010557293634,26.752848909784962,"rgba(38, 166, 154, 0.75)"
2026-05-04 00:00:00+00:00,29.17,29.59,28.14,28.56,5249560,0.0,0.0,0.0,0.0,0.0,0.0,0.0,0.0,,27.065766391223566,24.1721042790366,23.59253982433391,,,22.700600358816224,,,,,24.1721042790366,,24.1721042790366,26.76486396694435,"rgba(38, 166, 154, 1.0)"
2026-05-05 00:00:00+00:00,30.32,30.7,29.38,29.55,4749958,0.0,0.0,0.0,0.0,0.0,0.0,0.0,0.0,,27.440299937612078,24.385451471321037,23.657821334957184,,,22.875741400895567,,,,,24.385451471321037,,24.385451471321037,26.78132495635801,"rgba(38, 166, 154, 1.0)"
2026-05-06 00:00:00+00:00,31.12,31.555,29.8244,31.0,5242640,0.0,0.0,0.0,0.0,0.0,0.0,0.0,0.0,,27.84321725990763,24.63046493694261,23.73600262417057,,,23.077447881964865,,,,,24.63046493694261,,24.63046493694261,26.803061793735733,"rgba(38, 166, 154, 1.0)"
2026-05-07 00:00:00+00:00,29.3,30.495,28.51,30.495,4576429,0.0,0.0,0.0,0.0,0.0,0.0,0.0,0.0,,27.99272952159897,24.78472093524841,23.789696655674508,,,23.215077147996237,,,,,24.78472093524841,,24.78472093524841,26.815329709500514,"rgba(38, 166, 154, 1.0)"
2026-05-08 00:00:00+00:00,30.23,30.28,28.2,29.82,4549251,0.0,0.0,0.0,0.0,0.0,0.0,0.0,0.0,,28.127422610039975,24.932722712067704,23.84333097950133,,,23.348951572535327,,,,,24.932722712067704,,24.932722712067704,26.828034579936496,"rgba(38, 166, 154, 0.75)"
2026-05-11 00:00:00+00:00,31.68,32.28,29.1601,29.77,5452956,0.0,0.0,0.0,0.0,0.0,0.0,0.0,0.0,,28.397874574305774,25.151042272761554,23.922492520485385,,,23.538376283964844,,,,,25.151042272761554,,25.151042272761554,26.851191811547555,"rgba(38, 166, 154, 0.75)"
2026-05-12 00:00:00+00:00,31.38,31.61,30.19,30.9,4427887,0.0,0.0,0.0,0.0,0.0,0.0,0.0,0.0,,28.584525716015328,25.317725210730377,23.985679841798433,,,23.6858536906001,,,,,25.317725210730377,,25.317725210730377,26.869898095668805,"rgba(38, 166, 154, 0.75)"
2026-05-13 00:00:00+00:00,30.81,31.88,30.4001,31.33,4683082,0.0,0.0,0.0,0.0,0.0,0.0,0.0,0.0,,28.753351839298563,25.48321064729228,24.05102483673565,,,23.83505701198172,,,,,25.48321064729228,,25.48321064729228,26.88936219735165,"rgba(38, 166, 154, 0.75)"
2026-05-14 00:00:00+00:00,32.04,33.0,30.05,30.81,5250178,0.0,0.0,0.0,0.0,0.0,0.0,0.0,0.0,,28.964785756961344,25.678663856841588,24.12971750462443,,,24.01012567404851,31.696666666666673,,,,25.678663856841588,,25.678663856841588,26.914446311305497,"rgba(38, 166, 154, 0.75)"
2026-05-15 00:00:00+00:00,29.61,30.66,29.38,30.45,4051016,0.0,0.0,0.0,0.0,0.0,0.0,0.0,0.0,,29.01302505546244,25.778299840631135,24.175050636519355,,,,30.90689254232665,,,,25.778299840631135,,25.778299840631135,26.926351484708437,"rgba(38, 166, 154, 0.75)"
2026-05-18 00:00:00+00:00,27.87,28.65,27.07,28.57,5217949,0.0,0.0,0.0,0.0,0.0,0.0,0.0,0.0,,28.940181729807804,25.84005535968356,24.212105875929748,,,,29.813085784516808,,,,25.84005535968356,,25.84005535968356,26.931166212142745,"rgba(38, 166, 154, 0.75)"
2026-05-19 00:00:00+00:00,27.55,28.08,26.245,27.51,3097255,0.0,0.0,0.0,0.0,0.0,0.0,0.0,0.0,,28.880430766505366,25.865134999229113,24.230362022149265,,,,29.369778476754067,,,,25.865134999229113,,25.865134999229113,26.93226244001865,#000000
2026-05-20 00:00:00+00:00,27.77,28.61,27.62,27.86,2855466,0.0,0.0,0.0,0.0,0.0,0.0,0.0,0.0,,28.851961771886927,25.89860674108088,24.250852537305835,,,,29.178718401916573,,,,25.89860674108088,,25.89860674108088,26.935247435995592,#000000
2026-05-21 00:00:00+00:00,29.57,29.64,27.9801,28.08,4186636,0.0,0.0,0.0,0.0,0.0,0.0,0.0,0.0,,28.8615307083517,25.969722598678324,24.288903529685278,,,,29.159133442269404,,,,25.969722598678324,,25.969722598678324,26.943934777705337,#000000
2026-05-22 00:00:00+00:00,28.65,29.8,28.0801,29.58,4067976,0.0,0.0,0.0,0.0,0.0,0.0,0.0,0.0,,28.860765496223724,26.031125849863418,24.32362679739476,,,,29.114417492260454,,,,26.031125849863418,,26.031125849863418,26.951439051020568,#000000
2026-05-26 00:00:00+00:00,29.62,30.82,29.17,29.305,4284874,0.0,0.0,0.0,0.0,0.0,0.0,0.0,0.0,,28.903646510339723,26.115625641968034,24.367812166094264,,,,29.212492119389243,,,,26.115625641968034,,26.115625641968034,26.96353416080774,#000000
2026-05-27 00:00:00+00:00,29.97,30.15,28.66,29.56,3272702,0.0,0.0,0.0,0.0,0.0,0.0,0.0,0.0,,28.925324720684422,26.173126267808332,24.399415498245286,,,,29.246842742703233,,,,26.173126267808332,,26.173126267808332,26.97183189567595,"rgba(38, 166, 154, 0.5)"
2026-05-28 00:00:00+00:00,30.13,30.4399,28.31,29.0,3984316,0.0,0.0,0.0,0.0,0.0,0.0,0.0,0.0,,28.951172256112518,26.241270950474927,24.437621818550653,,,,29.28442076739241,,,,26.241270950474927,,26.241270950474927,26.98199090232838,"rgba(38, 166, 154, 0.5)"
2026-05-29 00:00:00+00:00,29.58,30.115,28.53,29.585,5588081,0.0,0.0,0.0,0.0,0.0,0.0,0.0,0.0,,28.973642085760673,26.326557699246887,24.488060384020766,,,,29.299520790845943,,,,26.326557699246887,,26.326557699246887,26.9949434620523,"rgba(38, 166, 154, 0.5)"
2026-06-01 00:00:00+00:00,30.81,31.18,28.07,28.69,6468715,0.0,0.0,0.0,0.0,0.0,0.0,0.0,0.0,,29.029971293696693,26.43821316850236,24.552285562055527,,,,29.388590261654347,,,,26.43821316850236,,26.43821316850236,27.013522226673366,"rgba(38, 166, 154, 0.5)"
2026-06-02 00:00:00+00:00,29.06,30.9399,28.595,30.25,5227882,0.0,0.0,0.0,0.0,0.0,0.0,0.0,0.0,,29.050887211646618,26.511988688474506,24.598571831058948,,,,29.401583705991857,,,,26.511988688474506,,26.511988688474506,27.02595922799693,"rgba(38, 166, 154, 0.5)"
2026-06-03 00:00:00+00:00,28.49,30.04,27.8,28.305,7019165,0.0,0.0,0.0,0.0,0.0,0.0,0.0,0.0,,29.03635036995551,26.582255625331573,24.650074641083005,,,,29.333653620551,,,,26.582255625331573,,26.582255625331573,27.037492262788476,#000000
2026-06-04 00:00:00+00:00,28.41,30.23,26.9,27.515,8428094,0.0,0.0,0.0,0.0,0.0,0.0,0.0,0.0,,29.005051392500107,26.651614582819434,24.7064214563375,,,,29.238945297198413,,,,26.651614582819434,,26.651614582819434,27.049074482580235,#000000
2026-06-05 00:00:00+00:00,25.14,27.31,24.05,27.16,12119273,1.0,27.31,24.05,0.0,1.0,27.31,24.05,0.0,25.5,28.72733261884158,26.595057508988507,24.722723362773,,,,28.706596572574643,,,,26.595057508988507,25.5,26.595057508988507,27.031788336989806,"rgba(239, 83, 80, 1.0)"
2026-06-08 00:00:00+00:00,30.51,31.8,26.2,26.275,19328340,0.0,0.0,0.0,0.0,0.0,0.0,0.0,0.0,27.960529764214538,28.814391199519317,26.806301262087256,24.874375891067096,,,,28.85403463833334,,,,,27.960529764214538,26.806301262087256,27.07500500313025,#000000
2026-06-09 00:00:00+00:00,32.68,32.85,29.7701,30.75,12874540,0.0,0.0,0.0,0.0,0.0,0.0,0.0,0.0,29.066132439865907,29.019672606645003,27.03522055900392,25.01699840252156,,,,29.173659945752245,,,,,29.066132439865907,27.03522055900392,27.12902077793979,#000000
2026-06-10 00:00:00+00:00,30.15,33.78,30.09,32.07,8653970,0.0,0.0,0.0,0.0,0.0,0.0,0.0,0.0,29.437582454231315,29.123278083605953,27.164739433929785,25.103740561350786,,,,29.32247700730013,,,,,29.437582454231315,27.164739433929785,27.161358514214342,#000000
2026-06-11 00:00:00+00:00,33.27,33.45,29.635,30.19,7782387,0.0,0.0,0.0,0.0,0.0,0.0,0.0,0.0,29.780952309610623,29.238899424051397,27.295237913132134,25.18922396179917,,,,29.485146181108142,,,,,29.780952309610623,27.295237913132134,27.19535638793554,"rgba(38, 166, 154, 0.5)"
2026-06-12 00:00:00+00:00,33.36,35.6,32.74,33.92,8898589,0.0,0.0,0.0,0.0,0.0,0.0,0.0,0.0,30.30715441958041,29.435946883692168,27.488373192338482,25.30893512475503,,,,29.760533006662595,,,,,30.30715441958041,27.488373192338482,27.247527066435502,"rgba(38, 166, 154, 0.5)"
2026-06-15 00:00:00+00:00,33.63,35.44,33.23,35.44,7021051,0.0,0.0,0.0,0.0,0.0,0.0,0.0,0.0,30.65444712624131,29.586495653285112,27.63747659069495,,,,,29.96408681187149,,,,,30.65444712624131,27.63747659069495,27.28934098831885,"rgba(38, 166, 154, 0.5)"
2026-06-16 00:00:00+00:00,33.18,34.2,32.62,33.16,4392623,0.0,0.0,0.0,0.0,0.0,0.0,0.0,0.0,30.79959607119654,29.6606637918649,27.716722228992943,,,,,30.060145267195878,,,,,30.79959607119654,27.716722228992943,27.31232704424977,"rgba(38, 166, 154, 0.5)"
2026-06-17 00:00:00+00:00,33.04,35.41,32.4,33.21,6735732,0.0,0.0,0.0,0.0,0.0,0.0,0.0,0.0,31.015696604478983,29.77720609084832,27.839963794946712,,,,,30.209117658347097,,,,,31.015696604478983,27.839963794946712,27.348879424882288,"rgba(38, 166, 154, 0.5)"
