date,Close,High,Low,Open,Volume,OB_c0,OB_High_c0,OB_Low_c0,OB_Mitigated_Index_c0,OB,OB_High,OB_Low,OB_Mitigated_Index,aVWAP_OB_bull_c0_125,aVWAP_QQEMOD_bull_dot_c0_94,aVWAP_QQEMOD_bull_dot_c0_133,aVWAP_QQEMOD_bear_dot_c0_80,aVWAP_QQEMOD_bear_dot_c0_115,aVWAP_price_maxima_minima_valley_c0_1,aVWAP_price_maxima_minima_peak_c0_1,color
2025-12-02 00:00:00+00:00,29.5350467882,29.951592109,28.5928609437,29.8821678888,224111,0.0,0.0,0.0,0.0,0.0,0.0,0.0,0.0,,,,,,29.3598332803,,#000000
2025-12-03 00:00:00+00:00,31.1218861053,32.2326736272,29.5350467882,29.9020033803,361447,0.0,0.0,0.0,0.0,0.0,0.0,0.0,0.0,,,,,,30.34954373829828,,"rgba(38, 166, 154, 0.5)"
2025-12-04 00:00:00+00:00,30.5069858699,30.7946004961,30.0522572281,30.7450117675,277841,0.0,0.0,0.0,0.0,0.0,0.0,0.0,0.0,,,,,,30.382282758786197,,"rgba(38, 166, 154, 0.5)"
2025-12-05 00:00:00+00:00,30.6359165644,31.3249955872,30.4921092513,30.616081073,303382,0.0,0.0,0.0,0.0,0.0,0.0,0.0,0.0,,,,,,30.49549149732307,,"rgba(38, 166, 154, 0.5)"
2025-12-08 00:00:00+00:00,30.0805228035,31.1734583831,29.6838129742,30.8441892248,402882,0.0,0.0,0.0,0.0,0.0,0.0,0.0,0.0,,,,,,30.44854863354018,,"rgba(38, 166, 154, 0.5)"
2025-12-09 00:00:00+00:00,30.8243537333,31.2111458168,29.9020033803,30.1499470236,398421,0.0,0.0,0.0,0.0,0.0,0.0,0.0,0.0,,,,,,30.488487353916916,,"rgba(38, 166, 154, 0.5)"
2025-12-10 00:00:00+00:00,31.1119683595,31.3499942571,30.3086309553,30.7648472589,498347,0.0,0.0,0.0,0.0,0.0,0.0,0.0,0.0,,,,,,30.576388775402503,,"rgba(38, 166, 154, 0.5)"
2025-12-11 00:00:00+00:00,31.1218861053,31.7566218321,30.5169036156,30.5169036156,523785,0.0,0.0,0.0,0.0,0.0,0.0,0.0,0.0,,,,,,30.673678765614525,,"rgba(38, 166, 154, 0.5)"
2025-12-12 00:00:00+00:00,31.4590894601,32.1731671528,30.7747650047,31.7367863406,963240,0.0,0.0,0.0,0.0,0.0,0.0,0.0,0.0,,,,,,30.867456606265456,,"rgba(38, 166, 154, 0.5)"
2025-12-15 00:00:00+00:00,31.4888426973,32.2326736272,30.3978906669,32.1334961699,887320,0.0,0.0,0.0,0.0,0.0,0.0,0.0,0.0,,,,,,30.96014817913137,,"rgba(38, 166, 154, 0.5)"
2025-12-16 00:00:00+00:00,31.8954702723,32.3616043217,31.1813925797,31.4888426973,818868,0.0,0.0,0.0,0.0,0.0,0.0,0.0,0.0,,,,,,31.08351771027423,,"rgba(38, 166, 154, 0.5)"
2025-12-17 00:00:00+00:00,32.4310285418,32.4905350162,31.0425441394,32.2921801016,786670,0.0,0.0,0.0,0.0,0.0,0.0,0.0,0.0,,,,,,31.193899755522068,,"rgba(38, 166, 154, 0.5)"
2025-12-18 00:00:00+00:00,32.3616043217,33.3830329546,32.2743281593,32.7285609138,864995,0.0,0.0,0.0,0.0,0.0,0.0,0.0,0.0,,,,,,31.36888953504871,,"rgba(38, 166, 154, 0.5)"
2025-12-19 00:00:00+00:00,32.8872448455,34.1368808076,32.3117180607,32.3814398132,1277788,0.0,0.0,0.0,0.0,0.0,0.0,0.0,0.0,,,,,,31.62820190140249,,"rgba(38, 166, 154, 0.5)"
2025-12-22 00:00:00+00:00,33.4525563522,33.8591839271,32.9269158284,33.0558465229,1109856,0.0,0.0,0.0,0.0,0.0,0.0,0.0,0.0,,,,,,31.832424115374746,,"rgba(38, 166, 154, 0.5)"
2025-12-23 00:00:00+00:00,33.4624740979,34.4244954338,33.422803115,33.422803115,1242032,0.0,0.0,0.0,0.0,0.0,0.0,0.0,0.0,,,,,,32.05237114248808,,"rgba(38, 166, 154, 0.5)"
2025-12-24 00:00:00+00:00,34.5038373997,34.8707939917,33.125270743,33.5715693009,632887,0.0,0.0,0.0,0.0,0.0,0.0,0.0,0.0,,,,,,32.16798409426908,,"rgba(38, 166, 154, 0.5)"
2025-12-26 00:00:00+00:00,34.3054824851,35.416270007,33.4823095893,35.2079973466,519357,0.0,0.0,0.0,0.0,0.0,0.0,0.0,0.0,,,,,,32.263898618687875,,"rgba(38, 166, 154, 0.5)"
2025-12-29 00:00:00+00:00,33.1451062345,33.7725028294,32.4905350162,33.4723918436,544009,0.0,0.0,0.0,0.0,0.0,0.0,0.0,0.0,,,,,,32.30144298774251,,"rgba(38, 166, 154, 0.5)"
2025-12-30 00:00:00+00:00,33.1748594717,33.6112402839,32.867409354,33.4922273351,478929,0.0,0.0,0.0,0.0,0.0,0.0,0.0,0.0,,,,,,32.33490454446921,,"rgba(38, 166, 154, 0.5)"
2025-12-31 00:00:00+00:00,33.7699242156,34.0773743332,33.274036929,33.8591839271,401768,0.0,0.0,0.0,0.0,0.0,0.0,0.0,0.0,,,,,,32.37568806466363,,"rgba(38, 166, 154, 0.5)"
2026-01-02 00:00:00+00:00,34.4840019082,34.6526035857,33.7699242156,34.0178678588,368099,0.0,0.0,0.0,0.0,0.0,0.0,0.0,0.0,,,,,,32.42675653333254,,"rgba(38, 166, 154, 0.5)"
2026-01-05 00:00:00+00:00,36.0311702423,36.3491331705,34.2856469936,35.5749539387,586198,0.0,0.0,0.0,0.0,0.0,0.0,0.0,0.0,,,,,,32.55347891951668,,"rgba(38, 166, 154, 0.5)"
2026-01-06 00:00:00+00:00,37.7370225081,37.7469402539,35.7038846332,36.1005944624,693104,0.0,0.0,0.0,0.0,0.0,0.0,0.0,0.0,,,,,,32.75956078986242,,"rgba(38, 166, 154, 0.5)"
2026-01-07 00:00:00+00:00,37.5684208307,37.7866112368,36.2414264518,37.4394901362,467469,0.0,0.0,0.0,0.0,0.0,0.0,0.0,0.0,,,,,,32.89230829314009,,"rgba(38, 166, 154, 0.5)"
2026-01-08 00:00:00+00:00,37.7568579996,37.9849661514,36.8146721551,36.9931915783,351879,0.0,0.0,0.0,0.0,0.0,0.0,0.0,0.0,,,,,,32.99415432095956,,"rgba(38, 166, 154, 0.5)"
2026-01-09 00:00:00+00:00,38.6792083526,39.1552601477,37.8461177112,37.8957064398,569130,0.0,0.0,0.0,0.0,0.0,0.0,0.0,0.0,,,,,,33.18551813364321,,"rgba(38, 166, 154, 0.5)"
2026-01-12 00:00:00+00:00,42.4777049678,43.0628519659,40.0577750093,40.6330042617,1172931,0.0,0.0,0.0,0.0,0.0,0.0,0.0,0.0,,,,,,33.759889573976224,,"rgba(38, 166, 154, 0.5)"
2026-01-13 00:00:00+00:00,41.3371642086,43.1321770086,40.7578686805,42.9240035257,797582,0.0,0.0,0.0,0.0,0.0,0.0,0.0,0.0,,,,,,34.10358407159646,,"rgba(38, 166, 154, 0.5)"
2026-01-14 00:00:00+00:00,39.4924635026,42.1504193586,38.7585503185,41.7338740379,983948,0.0,0.0,0.0,0.0,0.0,0.0,0.0,0.0,,,,,,34.40773345357346,,"rgba(38, 166, 154, 0.5)"
2026-01-15 00:00:00+00:00,39.7602426373,40.1073637379,38.3122517606,39.1255069105,453545,0.0,0.0,0.0,0.0,0.0,0.0,0.0,0.0,,,,,,34.521008317799236,,"rgba(38, 166, 154, 0.5)"
2026-01-16 00:00:00+00:00,41.5652723605,41.9471055711,40.2561299239,40.7619349562,643676,0.0,0.0,0.0,0.0,0.0,0.0,0.0,0.0,,,,,,34.731401771605505,,"rgba(38, 166, 154, 0.5)"
2026-01-20 00:00:00+00:00,41.7933805123,42.9234084609,41.6545320721,42.1305838672,634721,0.0,0.0,0.0,0.0,0.0,0.0,0.0,0.0,,,,,,34.95230788057743,,"rgba(38, 166, 154, 0.5)"
2026-01-21 00:00:00+00:00,42.3190210361,42.6859776281,40.5635800416,42.0710773928,541275,0.0,0.0,0.0,0.0,0.0,0.0,0.0,0.0,,,,,,35.12387098401104,,"rgba(38, 166, 154, 0.5)"
2026-01-22 00:00:00+00:00,43.4893150324,43.9356135903,42.467787222,42.5173759507,495431,0.0,0.0,0.0,0.0,0.0,0.0,0.0,0.0,,,,,,35.30565124344839,,"rgba(38, 166, 154, 0.5)"
2026-01-23 00:00:00+00:00,42.7554018482,43.945531336,42.2595145617,43.6380812183,520926,0.0,0.0,0.0,0.0,0.0,0.0,0.0,0.0,,,,,,35.481164222231996,,"rgba(38, 166, 154, 0.5)"
2026-01-26 00:00:00+00:00,43.7372586757,44.1066947042,42.3487742733,43.6380812183,858276,0.0,0.0,0.0,0.0,0.0,0.0,0.0,0.0,,,,,,35.76838227403714,,"rgba(38, 166, 154, 0.5)"
2026-01-27 00:00:00+00:00,50.7292694163,52.4884791542,44.0645442848,44.0645442848,2099645,0.0,0.0,0.0,0.0,0.0,0.0,0.0,0.0,,,,,,36.854712505837036,,"rgba(38, 166, 154, 0.5)"
2026-01-28 00:00:00+00:00,53.545909204,55.172419504,51.5722778035,51.8698101754,1617089,0.0,0.0,0.0,0.0,0.0,0.0,0.0,0.0,,,,,,37.83393217764187,,"rgba(38, 166, 154, 0.5)"
2026-01-29 00:00:00+00:00,53.0896929004,57.1857218875,51.8698101754,56.0451811284,1837864,0.0,0.0,0.0,0.0,0.0,0.0,0.0,0.0,,,,,,38.8541055565384,,"rgba(38, 166, 154, 0.5)"
2026-01-30 00:00:00+00:00,51.4235116175,52.88142024,49.6798727405,50.6895984334,1132747,0.0,0.0,0.0,0.0,0.0,0.0,0.0,0.0,,,,,,39.319776434362794,,"rgba(38, 166, 154, 0.5)"
2026-02-02 00:00:00+00:00,50.8681178566,50.9573775681,47.307647139,49.9854384865,1190946,0.0,0.0,0.0,0.0,0.0,0.0,0.0,0.0,,,,,,39.71221886094282,,"rgba(38, 166, 154, 0.5)"
2026-02-03 00:00:00+00:00,52.2665200047,52.772325037,50.3723297474,52.4351216821,855859,0.0,0.0,0.0,0.0,0.0,0.0,0.0,0.0,,,,,,40.03171674394939,,"rgba(38, 166, 154, 0.5)"
2026-02-04 00:00:00+00:00,51.0565550255,53.1392816291,49.7177585292,52.5938056138,704199,0.0,0.0,0.0,0.0,0.0,0.0,0.0,0.0,,,,,,40.271584736379374,,"rgba(38, 166, 154, 0.5)"
2026-02-05 00:00:00+00:00,49.9358497578,50.853241238,48.5969540841,48.7655557615,634500,0.0,0.0,0.0,0.0,0.0,0.0,0.0,0.0,,,,,,40.45074310684051,,"rgba(38, 166, 154, 0.5)"
2026-02-06 00:00:00+00:00,54.8649693863,57.1559686503,50.2928886041,52.4053684449,1370978,0.0,0.0,0.0,0.0,0.0,0.0,0.0,0.0,,,,,,40.984052941289136,,"rgba(38, 166, 154, 0.5)"
2026-02-09 00:00:00+00:00,63.6124211215,66.1513640287,56.5212329235,56.8088475497,2042620,0.0,0.0,0.0,0.0,0.0,0.0,0.0,0.0,,,,,,42.14502948828121,62.09500602456667,"rgba(38, 166, 154, 0.5)"
2026-02-10 00:00:00+00:00,62.0751705331,66.0987999763,61.7776381611,64.4653472544,1368879,0.0,0.0,0.0,0.0,0.0,0.0,0.0,0.0,,,,,,42.89758860515789,62.58541790016319,"rgba(38, 166, 154, 0.5)"
2026-02-11 00:00:00+00:00,62.3528674136,65.9530091141,57.6419381911,63.7215163245,1187111,0.0,0.0,0.0,0.0,0.0,0.0,0.0,0.0,,,,,,43.468290203523736,62.42980436998831,"rgba(38, 166, 154, 0.5)"
2026-02-12 00:00:00+00:00,57.2253928704,62.9826442675,56.6799168552,62.4817981081,919335,0.0,0.0,0.0,0.0,0.0,0.0,0.0,0.0,,,,,,43.81898557525012,61.85214817024951,"rgba(38, 166, 154, 0.5)"
2026-02-13 00:00:00+00:00,60.4089892502,61.3610928404,56.3228780089,58.1973319521,1069401,0.0,0.0,0.0,0.0,0.0,0.0,0.0,0.0,,,,,,44.217768826077034,61.44826990157734,"rgba(38, 166, 154, 0.5)"
2026-02-17 00:00:00+00:00,58.2072496978,59.3378727112,54.7558741833,59.3378727112,1115171,0.0,0.0,0.0,0.0,0.0,0.0,0.0,0.0,,,,,,44.562094400942016,60.867035173916065,"rgba(38, 166, 154, 0.5)"
2026-02-18 00:00:00+00:00,57.2948170905,58.9666514885,56.352631246,58.5146998155,725913,0.0,0.0,0.0,0.0,0.0,0.0,0.0,0.0,,,,,,44.778491204202105,60.58031917159442,"rgba(38, 166, 154, 0.5)"
2026-02-19 00:00:00+00:00,58.1874142064,58.6932192387,56.0055101454,57.2948170905,697389,0.0,0.0,0.0,0.0,0.0,0.0,0.0,0.0,,,,,,44.98112428876882,60.35475951395923,"rgba(38, 166, 154, 0.5)"
2026-02-20 00:00:00+00:00,58.534535307,59.6789541373,57.0020092211,57.5692429022,743390,0.0,0.0,0.0,0.0,0.0,0.0,0.0,0.0,,,,,,45.20303855869696,60.207908012743864,"rgba(38, 166, 154, 0.5)"
2026-02-23 00:00:00+00:00,56.7034651784,60.305896627,56.0466682844,58.7136617326,758756,0.0,0.0,0.0,0.0,0.0,0.0,0.0,0.0,,,,,,45.41015544233493,60.027816051283814,"rgba(38, 166, 154, 0.5)"
2026-02-24 00:00:00+00:00,56.6835622422,57.1512812424,53.8871997088,55.7282213055,652315,0.0,0.0,0.0,0.0,0.0,0.0,0.0,0.0,,,,,,45.557793254665576,59.789537986177365,"rgba(38, 166, 154, 0.5)"
2026-02-25 00:00:00+00:00,55.9073477311,57.8875903664,54.7231230284,57.3005532638,600901,0.0,0.0,0.0,0.0,0.0,0.0,0.0,0.0,,,,,,45.69356052727867,59.606612623014634,"rgba(38, 166, 154, 0.5)"
2026-02-26 00:00:00+00:00,56.1063770929,56.444727008,54.240476826,55.1510361563,515817,0.0,0.0,0.0,0.0,0.0,0.0,0.0,0.0,,,,,,45.80111400855464,59.43978784250121,"rgba(38, 166, 154, 0.5)"
2026-02-27 00:00:00+00:00,57.1910871148,57.3503106042,55.3004076923,56.006862412,797768,0.0,0.0,0.0,0.0,0.0,0.0,0.0,0.0,,,,,,45.979728214068324,59.26893412208794,"rgba(38, 166, 154, 0.5)"
2026-03-02 00:00:00+00:00,56.5840475613,58.8131764135,54.6634142198,58.7136617326,1011096,0.0,0.0,0.0,0.0,0.0,0.0,0.0,0.0,,,,,,46.199295783395364,59.08515750908803,"rgba(38, 166, 154, 0.5)"
2026-03-03 00:00:00+00:00,56.1063770929,56.3253093909,51.9765178355,54.7430259646,571898,0.0,0.0,0.0,0.0,0.0,0.0,0.0,0.0,,,,,,46.297942841450755,58.919428129407606,#000000
2026-03-04 00:00:00+00:00,55.7381727736,58.1464280514,55.7282213055,56.22579471,590885,0.0,0.0,0.0,0.0,0.0,0.0,0.0,0.0,,,,,,46.417828563239084,58.82785322769149,#000000
2026-03-05 00:00:00+00:00,54.3350157729,55.6954809755,52.9318587721,55.0216670711,593468,0.0,0.0,0.0,0.0,0.0,0.0,0.0,0.0,,,,,,46.509680544814415,58.66028138654584,#000000
2026-03-06 00:00:00+00:00,52.1655957292,54.1359864111,52.1357413249,53.3299174958,455320,0.0,0.0,0.0,0.0,0.0,0.0,0.0,0.0,,,,,,46.565385487156895,58.49809777268873,"rgba(239, 83, 80, 1.0)"
2026-03-09 00:00:00+00:00,49.8568551322,51.0211768988,47.7670468333,50.822147537,915796,0.0,0.0,0.0,0.0,0.0,0.0,0.0,0.0,,,,,,46.61748600305491,58.0252410187644,"rgba(239, 83, 80, 1.0)"
2026-03-10 00:00:00+00:00,50.4041858772,52.2949648144,49.7573404513,50.2449623878,528314,0.0,0.0,0.0,0.0,0.0,0.0,0.0,0.0,,,,,,46.65939624470636,57.812087674190664,"rgba(239, 83, 80, 1.0)"
2026-03-11 00:00:00+00:00,50.2250594516,50.4738461538,48.7621936423,49.827000728,479521,0.0,0.0,0.0,0.0,0.0,0.0,0.0,0.0,,,,,,46.68775932031595,57.603146787800604,"rgba(239, 83, 80, 1.0)"
2026-03-12 00:00:00+00:00,48.7024848338,49.8369521961,47.9262703227,49.6777287066,461606,0.0,0.0,0.0,0.0,0.0,0.0,0.0,0.0,,,,,,46.70603548643493,57.38756702846884,"rgba(239, 83, 80, 1.0)"
2026-03-13 00:00:00+00:00,47.2396190245,48.9612230041,46.8216573647,48.7721451104,399659,0.0,0.0,0.0,0.0,0.0,0.0,0.0,0.0,,,,,,46.71316082723849,57.185401553852614,"rgba(239, 83, 80, 1.0)"
2026-03-16 00:00:00+00:00,46.4932589177,48.7621936423,46.304181024,48.0556394079,478836,0.0,0.0,0.0,0.0,0.0,0.0,0.0,0.0,,,,,,46.717298624533456,56.942132788877004,"rgba(239, 83, 80, 1.0)"
2026-03-17 00:00:00+00:00,47.6575806843,48.0556394079,46.6425309391,47.0107352584,471509,0.0,0.0,0.0,0.0,0.0,0.0,0.0,0.0,,,,,,46.72356763300588,56.72009167654232,"rgba(239, 83, 80, 1.0)"
2026-03-18 00:00:00+00:00,45.7867046833,47.0206867265,45.4881606406,46.8216573647,511627,0.0,0.0,0.0,0.0,0.0,0.0,0.0,0.0,,,,,,46.71783290898698,56.457112338025254,"rgba(239, 83, 80, 1.0)"
2026-03-19 00:00:00+00:00,43.7566051929,44.532819704,43.1893715118,44.1845183208,537982,0.0,0.0,0.0,0.0,0.0,0.0,0.0,0.0,,,,,,46.69020325566692,56.13662004670044,"rgba(239, 83, 80, 1.0)"
2026-03-20 00:00:00+00:00,42.0549041495,44.2641300655,41.4080587236,44.1148580442,1072697,0.0,0.0,0.0,0.0,0.0,0.0,0.0,0.0,,,,,,46.61327736364567,55.483566226842925,"rgba(239, 83, 80, 1.0)"
2026-03-23 00:00:00+00:00,43.6869449163,45.2592768745,42.7913127882,42.7913127882,858354,0.0,0.0,0.0,0.0,0.0,0.0,0.0,0.0,,,,,,46.57346829019719,55.05422642280079,"rgba(239, 83, 80, 1.0)"
2026-03-24 00:00:00+00:00,43.2888861927,44.2939844698,42.8112157243,43.1893715118,632324,0.0,0.0,0.0,0.0,0.0,0.0,0.0,0.0,,,,,,46.54007440079983,54.745868094363644,"rgba(239, 83, 80, 1.0)"
2026-03-25 00:00:00+00:00,42.9206818733,44.7816064062,42.6670189517,44.7816064062,581077,0.0,0.0,0.0,0.0,0.0,0.0,0.0,0.0,,,,,,46.50993257809519,54.47642623770373,"rgba(239, 83, 80, 1.0)"
2026-03-26 00:00:00+00:00,39.3680077651,42.3833025965,38.7112108711,42.0947100218,836459,0.0,0.0,0.0,0.0,0.0,0.0,0.0,0.0,,,,,,46.42174322450019,54.00071306969033,"rgba(239, 83, 80, 1.0)"
2026-03-27 00:00:00+00:00,39.2286872118,40.2984700315,38.5022300413,39.248590148,907981,0.0,0.0,0.0,0.0,0.0,0.0,0.0,0.0,,,,,,46.316707618013666,53.49062459130465,"rgba(239, 83, 80, 1.0)"
2026-03-30 00:00:00+00:00,37.7956758068,39.8854841058,37.5866949769,39.4277165736,765372,0.0,0.0,0.0,0.0,0.0,0.0,0.0,0.0,,,,38.4226182965,,46.21918895524698,53.061208623798954,"rgba(239, 83, 80, 1.0)"
2026-03-31 00:00:00+00:00,39.8854841058,40.3830575103,38.5470116477,39.2286872118,623445,0.0,0.0,0.0,0.0,0.0,0.0,0.0,0.0,,,,38.95347652883382,,46.153297748046676,52.75592865832634,"rgba(239, 83, 80, 0.75)"
2026-04-01 00:00:00+00:00,41.6070880854,41.7563601068,40.4527177869,40.8308735744,627314,0.0,0.0,0.0,0.0,0.0,0.0,0.0,0.0,,,,39.674896386866614,,46.104852809832245,52.49962538559843,"rgba(239, 83, 80, 0.75)"
2026-04-02 00:00:00+00:00,41.0697088085,41.2637624363,38.9799005096,39.358056297,454737,0.0,0.0,0.0,0.0,0.0,0.0,0.0,0.0,,,,39.81529895749589,,46.06437304046554,52.30758861246526,"rgba(239, 83, 80, 0.75)"
2026-04-06 00:00:00+00:00,42.3733511284,42.6519922349,40.8408250425,40.8408250425,523877,0.0,0.0,0.0,0.0,0.0,0.0,0.0,0.0,,,,40.18966946205828,,46.030836034273925,52.1211314183696,"rgba(239, 83, 80, 0.75)"
2026-04-07 00:00:00+00:00,43.2590317884,43.4083038098,41.6866998301,42.4131570007,661017,0.0,0.0,0.0,0.0,0.0,0.0,0.0,0.0,,,,40.658886296588214,,45.99774631534182,51.913662860697926,"rgba(239, 83, 80, 0.75)"
2026-04-08 00:00:00+00:00,45.5379179811,47.6675321524,45.3239614171,46.1250545984,877514,0.0,0.0,0.0,0.0,0.0,0.0,0.0,0.0,,,,41.72693452472906,,46.00013253692495,51.749269167488386,"rgba(239, 83, 80, 0.75)"
2026-04-09 00:00:00+00:00,43.9058772143,45.2692283426,43.8063625334,45.1199563213,470540,0.0,0.0,0.0,0.0,0.0,0.0,0.0,0.0,,,,41.971449556284426,,45.98824035408069,51.63695522227236,#000000
2026-04-10 00:00:00+00:00,43.766556661,44.6124314487,43.5874302354,44.3934991507,305491,0.0,0.0,0.0,0.0,0.0,0.0,0.0,0.0,,,,42.08752577347977,,45.97905531379778,51.562547424362776,#000000
2026-04-13 00:00:00+00:00,43.7466537248,43.8461684057,42.8087278573,43.0102450861,409168,0.0,0.0,0.0,0.0,0.0,0.0,0.0,0.0,,,,42.18624295293517,,45.96369462406947,51.45841663587368,#000000
2026-04-14 00:00:00+00:00,44.2939844698,45.3687430235,43.4182552778,43.8660713419,460347,0.0,0.0,0.0,0.0,0.0,0.0,0.0,0.0,,,,42.34822097084662,,45.952738623436844,51.357158987853694,#000000
2026-04-15 00:00:00+00:00,44.7716549381,44.9507813637,43.79651058,43.8859742781,317992,0.0,0.0,0.0,0.0,0.0,0.0,0.0,0.0,,,,42.45385072044147,,45.94594345527834,51.29030879400099,#000000
2026-04-16 00:00:00+00:00,46.413647173,47.3845123999,45.5662796651,45.637432662,732339,0.0,0.0,0.0,0.0,0.0,0.0,0.0,0.0,,,,42.859162486971876,,45.951390160138516,51.18403066564092,"rgba(38, 166, 154, 0.5)"
2026-04-17 00:00:00+00:00,47.9461732589,49.5880659791,47.070444067,47.4286969182,678389,0.0,0.0,0.0,0.0,0.0,0.0,0.0,0.0,,,,43.3174875206959,,45.97348163074054,51.1245203451475,"rgba(38, 166, 154, 0.5)"
2026-04-20 00:00:00+00:00,48.393989323,48.9214171318,47.3192307692,48.065590876,740985,0.0,0.0,0.0,0.0,0.0,0.0,0.0,0.0,,48.211545741333325,,43.736798662422004,,45.99722705099975,51.062387673807734,"rgba(38, 166, 154, 1.0)"
2026-04-21 00:00:00+00:00,45.5777238534,48.6975090997,45.2393739384,48.3840378549,587347,0.0,0.0,0.0,0.0,0.0,0.0,0.0,0.0,,47.45690647552155,,43.91283157358158,,46.0014606822824,50.98661443439146,"rgba(38, 166, 154, 1.0)"
2026-04-22 00:00:00+00:00,47.0405896627,47.7869497695,46.0437511041,46.7519970881,603320,0.0,0.0,0.0,0.0,0.0,0.0,0.0,0.0,,47.30079908867091,,44.09949992505565,,46.00957770050554,50.91895332710447,"rgba(38, 166, 154, 1.0)"
2026-04-23 00:00:00+00:00,46.6723853434,47.7670468333,45.4391994176,46.8117058966,532922,0.0,0.0,0.0,0.0,0.0,0.0,0.0,0.0,,47.15493084405737,,44.22932296885617,,46.014169683592776,50.856213595900435,"rgba(38, 166, 154, 0.75)"
2026-04-24 00:00:00+00:00,46.7818514924,47.408793982,45.7966561514,47.2495704926,464886,0.0,0.0,0.0,0.0,0.0,0.0,0.0,0.0,,47.076774820137175,,44.33369862522659,,46.01835372878726,50.80341842328179,"rgba(38, 166, 154, 0.75)"
2026-04-27 00:00:00+00:00,46.9808808542,47.6177748119,45.6175297258,46.7719000243,497869,0.0,0.0,0.0,0.0,0.0,0.0,0.0,0.0,,47.027668708263974,,44.43933633392073,,46.023298883061855,50.74934690513761,"rgba(38, 166, 154, 0.75)"
2026-04-28 00:00:00+00:00,45.4981121087,46.8813661733,45.0005387042,46.2743266198,529095,0.0,0.0,0.0,0.0,0.0,0.0,0.0,0.0,,46.8626010412425,,44.49972052906891,,46.021633419070696,50.680260111203616,"rgba(38, 166, 154, 0.75)"
2026-04-29 00:00:00+00:00,44.9507813637,45.6197190488,44.1347609803,45.2791798107,402681,0.0,0.0,0.0,0.0,0.0,0.0,0.0,0.0,,46.68146387457246,,44.51291819902757,,46.015494460301625,50.619597263848306,#000000
2026-04-30 00:00:00+00:00,44.9706842999,46.0752972579,44.2641300655,45.6573355982,391377,0.0,0.0,0.0,0.0,0.0,0.0,0.0,0.0,,46.55144981819367,,44.53117456086439,,46.01066049378622,50.56388193755036,#000000
2026-05-01 00:00:00+00:00,42.4231084688,44.7816064062,42.1743217666,44.7816064062,771909,0.0,0.0,0.0,0.0,0.0,0.0,0.0,0.0,,46.07269545025441,,44.45042954455577,,45.98082402850277,50.418615228997076,"rgba(239, 83, 80, 0.5)"
2026-05-04 00:00:00+00:00,42.4330599369,42.8460458627,41.6518696918,42.2340305751,686213,0.0,0.0,0.0,0.0,0.0,0.0,0.0,0.0,,45.65685520639625,,44.34639495555169,,45.947377802964304,50.280232120843486,"rgba(239, 83, 80, 0.5)"
2026-05-05 00:00:00+00:00,42.7216525115,43.2689832565,41.6070880854,42.771409852,421358,0.0,0.0,0.0,0.0,0.0,0.0,0.0,0.0,,45.45829590541538,,44.293822814565566,,45.928377662310844,50.199881551971494,"rgba(239, 83, 80, 0.5)"
2026-05-06 00:00:00+00:00,42.8908274691,44.0053918952,41.786214511,43.5277214268,689360,0.0,0.0,0.0,0.0,0.0,0.0,0.0,0.0,,45.21679494035356,,44.230455718314495,,45.90100611198401,50.07799089767621,"rgba(239, 83, 80, 1.0)"
2026-05-07 00:00:00+00:00,43.2988376608,46.5927735986,42.114612958,43.2988376608,908236,0.0,0.0,0.0,0.0,0.0,0.0,0.0,0.0,,45.08270258674445,,44.217600277256956,,45.87870219387932,49.947305304685344,"rgba(239, 83, 80, 0.5)"
2026-05-08 00:00:00+00:00,45.1697136617,46.4235986411,43.7865591119,44.0750521718,934794,0.0,0.0,0.0,0.0,0.0,0.0,0.0,0.0,,45.087183673173406,,44.26738088746458,,45.869718943257695,49.842897692772155,"rgba(239, 83, 80, 0.5)"
2026-05-11 00:00:00+00:00,43.1694685756,48.0307607377,43.1595171075,45.8762678961,1148439,0.0,0.0,0.0,0.0,0.0,0.0,0.0,0.0,,45.05370200102528,,44.30011006019223,,45.85405435434234,49.711845233855115,"rgba(239, 83, 80, 0.5)"
2026-05-12 00:00:00+00:00,41.9553894686,42.7913127882,41.3881557874,42.7913127882,790143,0.0,0.0,0.0,0.0,0.0,0.0,0.0,0.0,,44.83954504687559,,44.20636783610488,,45.81652630045454,49.57752176687142,"rgba(239, 83, 80, 0.5)"
2026-05-13 00:00:00+00:00,41.0995632128,42.0947100218,41.0796602766,41.9553894686,656450,0.0,0.0,0.0,0.0,0.0,0.0,0.0,0.0,,44.64888091091255,,44.113508992825466,,45.78086971447875,49.46055471411955,"rgba(239, 83, 80, 0.5)"
2026-05-14 00:00:00+00:00,40.3631545741,41.2587867023,40.1442222761,41.119466149,397922,0.0,0.0,0.0,0.0,0.0,0.0,0.0,0.0,,44.51596555042832,,44.04359914680574,,45.75544240304593,49.38406522279382,"rgba(239, 83, 80, 1.0)"
2026-05-15 00:00:00+00:00,38.5420359136,39.7163091483,38.5022300413,39.5172797865,573285,0.0,0.0,0.0,0.0,0.0,0.0,0.0,0.0,,44.26393661719987,,43.90126760447993,,45.70755436795,49.25568672232674,"rgba(239, 83, 80, 1.0)"
2026-05-18 00:00:00+00:00,39.467522446,39.6068429993,38.6714049988,38.8107255521,542854,0.0,0.0,0.0,0.0,0.0,0.0,0.0,0.0,,44.05878933352631,,43.78201144893567,,45.66498705327275,49.14076449287169,"rgba(239, 83, 80, 1.0)"
2026-05-19 00:00:00+00:00,39.4874253822,39.6466488716,38.1141227857,38.9799005096,435714,0.0,0.0,0.0,0.0,0.0,0.0,0.0,0.0,,43.900613763078404,,43.687282324769726,39.0827323465,45.63035204512687,49.048901062492085,"rgba(239, 83, 80, 1.0)"
2026-05-20 00:00:00+00:00,41.01,41.03,39.49,39.62,502488,0.0,0.0,0.0,0.0,0.0,0.0,0.0,0.0,,43.78071333708037,,,39.8471571384658,45.59946778792437,48.95989793189239,"rgba(239, 83, 80, 0.75)"
2026-05-21 00:00:00+00:00,41.78,41.86,40.445,40.61,369776,0.0,0.0,0.0,0.0,0.0,0.0,0.0,0.0,,43.71935937255112,,,40.27532127830608,45.58074081757932,48.902060320894314,"rgba(239, 83, 80, 0.5)"
2026-05-22 00:00:00+00:00,43.4,43.89,41.7,41.81,570501,0.0,0.0,0.0,0.0,0.0,0.0,0.0,0.0,,43.69214491844562,,,41.10180390888385,45.56324240206074,48.83351248484875,"rgba(239, 83, 80, 0.5)"
2026-05-26 00:00:00+00:00,43.13,44.02,42.91,43.91,387069,0.0,0.0,0.0,0.0,0.0,0.0,0.0,0.0,,43.68370419497759,,,41.48647783448253,45.55313570149138,48.79069070104878,#000000
2026-05-27 00:00:00+00:00,42.31,43.1255,41.68,42.53,392887,0.0,0.0,0.0,0.0,0.0,0.0,0.0,0.0,,43.65134883465982,,,41.617323488364235,45.53843602287498,48.74018085766925,#000000
2026-05-28 00:00:00+00:00,42.83,43.44,41.74,42.1,369016,0.0,0.0,0.0,0.0,0.0,0.0,0.0,0.0,,43.62913055548491,,,41.745634227536485,45.526041070074896,48.69564606315775,#000000
2026-05-29 00:00:00+00:00,42.31,43.49,42.2975,42.85,360206,0.0,0.0,0.0,0.0,0.0,0.0,0.0,0.0,,43.60902271458594,,,41.84702232726716,45.5141674274944,48.65300767287307,#000000
2026-06-01 00:00:00+00:00,39.58,41.7299,39.32,41.67,593189,0.0,0.0,0.0,0.0,0.0,0.0,0.0,0.0,,43.49215228514505,,,41.60308337302077,45.47773015401053,48.555286296321206,"rgba(239, 83, 80, 0.5)"
2026-06-02 00:00:00+00:00,40.02,40.74,39.95,39.95,600354,0.0,0.0,0.0,0.0,0.0,0.0,0.0,0.0,,43.382675856694476,,,41.42401812039558,45.441543312384646,48.45897028114804,"rgba(239, 83, 80, 0.5)"
2026-06-03 00:00:00+00:00,39.23,39.9,39.05,39.9,461777,1.0,39.9,39.05,0.0,1.0,39.9,39.05,0.0,39.39333333333333,43.28208919212979,,,41.2380716984874,45.40959244292624,48.37894635765817,"rgba(239, 83, 80, 0.5)"
2026-06-04 00:00:00+00:00,40.98,41.17,39.43,39.43,495260,0.0,0.0,0.0,0.0,0.0,0.0,0.0,0.0,39.97982546129355,43.209538759859804,,,41.174453898082774,45.38208290836621,48.30530428341615,"rgba(239, 83, 80, 0.5)"
2026-06-05 00:00:00+00:00,39.62,40.669,39.16,40.03,412931,0.0,0.0,0.0,0.0,0.0,0.0,0.0,0.0,39.93054623149348,43.13664754002507,,,41.080218601259936,45.35606120118845,48.23944047912211,"rgba(239, 83, 80, 0.5)"
2026-06-08 00:00:00+00:00,40.46,41.1,39.79,39.94,342012,0.0,0.0,0.0,0.0,0.0,0.0,0.0,0.0,40.034320470838836,43.08968187119886,,,41.04596845677748,45.33713643843894,48.189703438495606,"rgba(239, 83, 80, 0.5)"
2026-06-09 00:00:00+00:00,41.89,43.44,41.01,41.04,539668,0.0,0.0,0.0,0.0,0.0,0.0,0.0,0.0,40.53261181721122,43.06347333639822,,,41.13027044449932,45.31763278816636,48.129092716432034,"rgba(239, 83, 80, 0.5)"
2026-06-10 00:00:00+00:00,40.76,41.9899,40.74,41.57,358283,0.0,0.0,0.0,0.0,0.0,0.0,0.0,0.0,40.619190678565836,43.03020285258988,,,41.13191607273686,45.30101369344138,48.08326704880014,#000000
2026-06-11 00:00:00+00:00,43.29,43.32,40.8,41.25,301568,0.0,0.0,0.0,0.0,0.0,0.0,0.0,0.0,40.81089428741003,43.022066747684725,,,41.18577160513938,45.29151317694293,48.05235592241884,#000000
2026-06-12 00:00:00+00:00,44.23,44.35,42.61,43.3,412935,0.0,0.0,0.0,0.0,0.0,0.0,0.0,0.0,41.17348260091794,43.03587084302501,,,41.318664293092276,45.284370578205106,48.02000746218414,"rgba(38, 166, 154, 1.0)"
2026-06-15 00:00:00+00:00,43.66,45.9999,43.62,45.56,420639,0.0,0.0,0.0,0.0,0.0,0.0,0.0,0.0,41.53886989001283,43.06295745204365,44.426633333333335,,41.47567727946901,45.28039249540732,47.99282022796336,"rgba(38, 166, 154, 1.0)"
2026-06-16 00:00:00+00:00,43.73,44.77,43.59,43.96,343361,0.0,0.0,0.0,0.0,0.0,0.0,0.0,0.0,41.748083717530974,,44.24837624175393,,41.57684127366348,45.27567657706344,47.96849625802443,"rgba(38, 166, 154, 1.0)"
2026-06-17 00:00:00+00:00,42.71,44.68,42.69,43.61,357160,0.0,0.0,0.0,0.0,0.0,0.0,0.0,0.0,41.8775854262895,,43.9653725148061,,41.64739489111597,45.268190513680814,47.93925896634002,"rgba(38, 166, 154, 1.0)"
