date,Close,High,Low,Open,Volume,OB_c0,OB_High_c0,OB_Low_c0,OB_Mitigated_Index_c0,OB,OB_High,OB_Low,OB_Mitigated_Index,aVWAP_OB_bull_c0_198,aVWAP_OB_bull_c0_176,aVWAP_OB_bear_c0_332,aVWAP_OB_bear_c0_264,aVWAP_OB_bear_c0_231,aVWAP_OB_bear_c0_206,aVWAP_OB_bear_c0_112,aVWAP_OB_bear_c0_86,aVWAP_OB_bear_c0_75,aVWAP_QQEMOD_bull_dot_c0_59,aVWAP_QQEMOD_bull_dot_c0_206,aVWAP_QQEMOD_bull_dot_c0_258,aVWAP_QQEMOD_bull_dot_c0_306,aVWAP_QQEMOD_bear_dot_c0_138,aVWAP_QQEMOD_bear_dot_c0_245,aVWAP_QQEMOD_bear_dot_c0_301,aVWAP_QQEMOD_bear_dot_c0_362,aVWAP_price_maxima_minima_valley_c0_1,aVWAP_price_maxima_minima_peak_c0_1,color
2021-10-08 00:00:00+00:00,11.52,14.8,11.3,14.75,3912003,0.0,0.0,0.0,0.0,0.0,0.0,0.0,0.0,,,,,,,,,,,,,,,,,,,,#000000
2021-10-11 00:00:00+00:00,12.58,13.85,10.45,11.5,1523373,0.0,0.0,0.0,0.0,0.0,0.0,0.0,0.0,,,,,,,,,,,,,,,,,,,,"rgba(38, 166, 154, 0.5)"
2021-10-12 00:00:00+00:00,11.77,13.21,11.5,12.48,347243,0.0,0.0,0.0,0.0,0.0,0.0,0.0,0.0,,,,,,,,,,,,,,,,,,,,"rgba(38, 166, 154, 0.5)"
2021-10-13 00:00:00+00:00,11.0,12.22,10.23,11.98,251196,0.0,0.0,0.0,0.0,0.0,0.0,0.0,0.0,,,,,,,,,,,,,,,,,,,,"rgba(38, 166, 154, 0.5)"
2021-10-14 00:00:00+00:00,11.0,11.14,10.46,10.46,187784,0.0,0.0,0.0,0.0,0.0,0.0,0.0,0.0,,,,,,,,,,,,,,,,,,,,"rgba(38, 166, 154, 0.5)"
2021-10-15 00:00:00+00:00,11.9,12.0,10.84,11.2,333992,0.0,0.0,0.0,0.0,0.0,0.0,0.0,0.0,,,,,,,,,,,,,,,,,,,,"rgba(38, 166, 154, 0.5)"
2021-10-18 00:00:00+00:00,10.87,12.48,10.87,12.09,335841,0.0,0.0,0.0,0.0,0.0,0.0,0.0,0.0,,,,,,,,,,,,,,,,,,,,#000000
2021-10-19 00:00:00+00:00,11.0,11.51,10.72,10.93,104222,0.0,0.0,0.0,0.0,0.0,0.0,0.0,0.0,,,,,,,,,,,,,,,,,,,,#000000
2021-10-20 00:00:00+00:00,11.0,11.44,10.88,10.88,86760,0.0,0.0,0.0,0.0,0.0,0.0,0.0,0.0,,,,,,,,,,,,,,,,,,,,"rgba(239, 83, 80, 0.5)"
2021-10-21 00:00:00+00:00,11.05,11.32,10.86,10.92,143308,0.0,0.0,0.0,0.0,0.0,0.0,0.0,0.0,,,,,,,,,,,,,,,,,,,,"rgba(239, 83, 80, 0.5)"
2021-10-22 00:00:00+00:00,10.73,11.3899,10.73,10.88,88698,0.0,0.0,0.0,0.0,0.0,0.0,0.0,0.0,,,,,,,,,,,,,,,,,,,,"rgba(239, 83, 80, 0.5)"
2021-10-25 00:00:00+00:00,10.89,11.16,10.855,11.0,117887,0.0,0.0,0.0,0.0,0.0,0.0,0.0,0.0,,,,,,,,,,,,,,,,,,,,"rgba(239, 83, 80, 0.5)"
2021-10-26 00:00:00+00:00,11.39,11.49,10.78,11.14,180620,0.0,0.0,0.0,0.0,0.0,0.0,0.0,0.0,,,,,,,,,,,,,,,,,,,,"rgba(239, 83, 80, 0.5)"
2021-10-27 00:00:00+00:00,11.47,11.66,11.04,11.28,117351,0.0,0.0,0.0,0.0,0.0,0.0,0.0,0.0,,,,,,,,,,,,,,,,,,,,#000000
2021-10-28 00:00:00+00:00,11.64,11.66,11.3249,11.4,64990,0.0,0.0,0.0,0.0,0.0,0.0,0.0,0.0,,,,,,,,,,,,,,,,,,,,#000000
2021-10-29 00:00:00+00:00,12.75,12.77,11.3,11.41,171188,0.0,0.0,0.0,0.0,0.0,0.0,0.0,0.0,,,,,,,,,,,,,,,,,,,,"rgba(38, 166, 154, 0.5)"
2021-11-01 00:00:00+00:00,13.58,13.73,12.51,12.51,161737,0.0,0.0,0.0,0.0,0.0,0.0,0.0,0.0,,,,,,,,,,,,,,,,,,,,"rgba(38, 166, 154, 0.5)"
2021-11-02 00:00:00+00:00,14.01,14.19,13.58,13.58,303000,0.0,0.0,0.0,0.0,0.0,0.0,0.0,0.0,,,,,,,,,,,,,,,,,,,,"rgba(38, 166, 154, 0.5)"
2021-11-03 00:00:00+00:00,12.44,14.25,12.19,14.25,134932,0.0,0.0,0.0,0.0,0.0,0.0,0.0,0.0,,,,,,,,,,,,,,,,,,,,"rgba(38, 166, 154, 0.5)"
2021-11-04 00:00:00+00:00,14.01,14.43,12.5,12.51,163716,0.0,0.0,0.0,0.0,0.0,0.0,0.0,0.0,,,,,,,,,,,,,,,,,,,,"rgba(38, 166, 154, 0.5)"
2021-11-05 00:00:00+00:00,14.79,15.1,13.35,13.75,130548,0.0,0.0,0.0,0.0,0.0,0.0,0.0,0.0,,,,,,,,,,,,,,,,,,,,"rgba(38, 166, 154, 0.5)"
2021-11-08 00:00:00+00:00,15.65,16.23,14.5,14.66,177782,0.0,0.0,0.0,0.0,0.0,0.0,0.0,0.0,,,,,,,,,,,,,,,,,,,,"rgba(38, 166, 154, 0.5)"
2021-11-09 00:00:00+00:00,14.42,16.43,14.12,15.9,177258,0.0,0.0,0.0,0.0,0.0,0.0,0.0,0.0,,,,,,,,,,,,,,,,,,,,"rgba(38, 166, 154, 0.5)"
2021-11-10 00:00:00+00:00,14.81,16.07,14.421,14.55,143491,0.0,0.0,0.0,0.0,0.0,0.0,0.0,0.0,,,,,,,,,,,,,,,,,,,,"rgba(38, 166, 154, 0.5)"
2021-11-11 00:00:00+00:00,15.21,15.8131,14.7242,14.99,105048,0.0,0.0,0.0,0.0,0.0,0.0,0.0,0.0,,,,,,,,,,,,,,,,,,,,"rgba(38, 166, 154, 0.5)"
2021-11-12 00:00:00+00:00,15.7,15.99,14.82,15.12,179202,0.0,0.0,0.0,0.0,0.0,0.0,0.0,0.0,,,,,,,,,,,,,,,,,,,,"rgba(38, 166, 154, 0.5)"
2021-11-15 00:00:00+00:00,15.05,15.92,14.81,15.91,197897,0.0,0.0,0.0,0.0,0.0,0.0,0.0,0.0,,,,,,,,,,,,,,,,,,,,"rgba(38, 166, 154, 0.5)"
2021-11-16 00:00:00+00:00,15.09,15.595,14.95,15.25,81413,0.0,0.0,0.0,0.0,0.0,0.0,0.0,0.0,,,,,,,,,,,,,,,,,,,,"rgba(38, 166, 154, 0.5)"
2021-11-17 00:00:00+00:00,14.85,15.3899,14.77,14.96,129277,0.0,0.0,0.0,0.0,0.0,0.0,0.0,0.0,,,,,,,,,,,,,,,,,,,,"rgba(38, 166, 154, 0.5)"
2021-11-18 00:00:00+00:00,15.2,15.5,14.75,14.75,169827,0.0,0.0,0.0,0.0,0.0,0.0,0.0,0.0,,,,,,,,,,,,,,,,,,,,"rgba(38, 166, 154, 0.5)"
2021-11-19 00:00:00+00:00,15.31,16.95,15.08,15.82,316725,0.0,0.0,0.0,0.0,0.0,0.0,0.0,0.0,,,,,,,,,,,,,,,,,,,15.780000000000003,"rgba(38, 166, 154, 0.5)"
2021-11-22 00:00:00+00:00,12.66,15.31,12.38,15.31,158249,0.0,0.0,0.0,0.0,0.0,0.0,0.0,0.0,,,,,,,,,,,,,,,,,,,15.003704518563122,"rgba(38, 166, 154, 0.5)"
2021-11-23 00:00:00+00:00,11.71,13.1,11.1,12.85,161345,0.0,0.0,0.0,0.0,0.0,0.0,0.0,0.0,,,,,,,,,,,,,,,,,,,14.234478618428808,"rgba(239, 83, 80, 0.5)"
2021-11-24 00:00:00+00:00,13.12,13.86,11.4,11.53,100793,0.0,0.0,0.0,0.0,0.0,0.0,0.0,0.0,,,,,,,,,,,,,,,,,,,14.03741581559745,"rgba(239, 83, 80, 0.5)"
2021-11-26 00:00:00+00:00,14.0,14.2316,12.72,12.72,79975,0.0,0.0,0.0,0.0,0.0,0.0,0.0,0.0,,,,,,,,,,,,,,,,,,,13.999548456896267,#000000
2021-11-29 00:00:00+00:00,12.62,14.49,12.585,14.16,131618,0.0,0.0,0.0,0.0,0.0,0.0,0.0,0.0,,,,,,,,,,,,,,,,,,,13.893016852797587,"rgba(239, 83, 80, 0.5)"
2021-11-30 00:00:00+00:00,12.09,12.92,11.52,12.44,126382,0.0,0.0,0.0,0.0,0.0,0.0,0.0,0.0,,,,,,,,,,,,,,,,,,,13.69125107084357,"rgba(239, 83, 80, 0.5)"
2021-12-01 00:00:00+00:00,11.15,13.3143,11.15,12.36,66272,0.0,0.0,0.0,0.0,0.0,0.0,0.0,0.0,,,,,,,,,,,,,,,,,,,13.585584964824099,"rgba(239, 83, 80, 0.5)"
2021-12-02 00:00:00+00:00,10.75,11.91,10.55,11.39,89517,0.0,0.0,0.0,0.0,0.0,0.0,0.0,0.0,,,,,,,,,,,,,,,,,,,13.402635894977777,"rgba(239, 83, 80, 0.5)"
2021-12-03 00:00:00+00:00,10.37,11.25,8.65,10.93,119081,0.0,0.0,0.0,0.0,0.0,0.0,0.0,0.0,,,,,,,,,,,,,,,,,,,13.110425109738063,"rgba(239, 83, 80, 0.5)"
2021-12-06 00:00:00+00:00,8.02,10.54,7.5101,10.54,225923,0.0,0.0,0.0,0.0,0.0,0.0,0.0,0.0,,,,,,,,,,,,,,,,,,,12.476704159348005,"rgba(239, 83, 80, 0.5)"
2021-12-07 00:00:00+00:00,8.59,9.175,8.015,8.3,239808,0.0,0.0,0.0,0.0,0.0,0.0,0.0,0.0,,,,,,,,,,,,,,,,,,,11.963805802887572,"rgba(239, 83, 80, 0.5)"
2021-12-08 00:00:00+00:00,8.59,8.72,7.4,8.13,224347,0.0,0.0,0.0,0.0,0.0,0.0,0.0,0.0,,,,,,,,,,,,,,,,,,,11.553924362719266,"rgba(239, 83, 80, 0.5)"
2021-12-09 00:00:00+00:00,7.1,8.51,7.01,8.23,164455,0.0,0.0,0.0,0.0,0.0,0.0,0.0,0.0,,,,,,,,,,,,,,,,,,,11.254485521503838,"rgba(239, 83, 80, 0.5)"
2021-12-10 00:00:00+00:00,6.8,7.37,6.72,7.23,148573,0.0,0.0,0.0,0.0,0.0,0.0,0.0,0.0,,,,,,,,,,,,,,,,,,,10.983541074180051,"rgba(239, 83, 80, 0.5)"
2021-12-13 00:00:00+00:00,6.93,7.51,6.37,6.77,124634,0.0,0.0,0.0,0.0,0.0,0.0,0.0,0.0,,,,,,,,,,,,,,,,,,,10.779973751417815,"rgba(239, 83, 80, 0.5)"
2021-12-14 00:00:00+00:00,6.79,7.14,6.04,6.93,189076,0.0,0.0,0.0,0.0,0.0,0.0,0.0,0.0,,,,,,,,,,,,,,,,,,,10.48762850480087,"rgba(239, 83, 80, 0.5)"
2021-12-15 00:00:00+00:00,6.99,7.25,6.27,6.74,267716,0.0,0.0,0.0,0.0,0.0,0.0,0.0,0.0,,,,,,,,,,,,,,,,,,,10.154548060656102,"rgba(239, 83, 80, 0.5)"
2021-12-16 00:00:00+00:00,6.02,6.965,5.8,6.96,339112,0.0,0.0,0.0,0.0,0.0,0.0,0.0,0.0,,,,,,,,,,,,,,,,,,,9.751284866614267,"rgba(239, 83, 80, 0.5)"
2021-12-17 00:00:00+00:00,5.13,6.23,5.13,5.99,1542695,0.0,0.0,0.0,0.0,0.0,0.0,0.0,0.0,,,,,,,,,,,,,,,,,,,8.38849939330279,"rgba(239, 83, 80, 0.5)"
2021-12-20 00:00:00+00:00,4.9,5.48,4.77,5.16,634717,0.0,0.0,0.0,0.0,0.0,0.0,0.0,0.0,,,,,,,,,,,,,,,,,,,7.999763883147345,"rgba(239, 83, 80, 0.5)"
2021-12-21 00:00:00+00:00,6.9,7.25,4.9,4.9,1531342,0.0,0.0,0.0,0.0,0.0,0.0,0.0,0.0,,,,,,,,,,,,,,,,,,,7.6379443073242,"rgba(239, 83, 80, 0.75)"
2021-12-22 00:00:00+00:00,8.16,8.43,6.63,6.75,872720,0.0,0.0,0.0,0.0,0.0,0.0,0.0,0.0,,,,,,,,,,,,,,,,,,,7.649282969795535,"rgba(239, 83, 80, 0.75)"
2021-12-23 00:00:00+00:00,8.05,8.48,7.55,7.86,365920,0.0,0.0,0.0,0.0,0.0,0.0,0.0,0.0,,,,,,,,,,,,,,,,,,,7.666080479386416,"rgba(239, 83, 80, 0.75)"
2021-12-27 00:00:00+00:00,8.87,9.75,7.91,8.08,502404,0.0,0.0,0.0,0.0,0.0,0.0,0.0,0.0,,,,,,,,,,,,,,,,,,,7.733881636118367,"rgba(239, 83, 80, 0.5)"
2021-12-28 00:00:00+00:00,8.41,8.9975,8.32,8.88,126229,0.0,0.0,0.0,0.0,0.0,0.0,0.0,0.0,,,,,,,,,,,,,,,,,,,7.745891035924521,#000000
2021-12-29 00:00:00+00:00,8.32,8.54,8.1,8.302,104147,0.0,0.0,0.0,0.0,0.0,0.0,0.0,0.0,,,,,,,,,,,,,,,,,,,7.752568859108774,#000000
2021-12-30 00:00:00+00:00,9.38,9.43,8.39,8.39,180387,0.0,0.0,0.0,0.0,0.0,0.0,0.0,0.0,,,,,,,,,,,,,,,,,,,7.778520463778358,#000000
2021-12-31 00:00:00+00:00,9.19,9.44,8.73,9.29,115417,0.0,0.0,0.0,0.0,0.0,0.0,0.0,0.0,,,,,,,,,,,,,,,,,,,7.795259554674506,"rgba(38, 166, 154, 1.0)"
2022-01-03 00:00:00+00:00,10.07,10.13,8.78,9.17,220152,0.0,0.0,0.0,0.0,0.0,0.0,0.0,0.0,,,,,,,,,,9.659999999999998,,,,,,,,,7.838610980234461,"rgba(38, 166, 154, 1.0)"
2022-01-04 00:00:00+00:00,9.29,10.09,9.141,9.97,128965,0.0,0.0,0.0,0.0,0.0,0.0,0.0,0.0,,,,,,,,,,9.603481282779127,,,,,,,,,7.8610269198510565,"rgba(38, 166, 154, 1.0)"
2022-01-05 00:00:00+00:00,8.02,9.405,8.0,9.22,93718,0.0,0.0,0.0,0.0,0.0,0.0,0.0,0.0,,,,,,,,,,9.364658676482211,,,,,,,,,7.866963555360579,#000000
2022-01-06 00:00:00+00:00,8.44,8.54,7.5,8.05,138158,0.0,0.0,0.0,0.0,0.0,0.0,0.0,0.0,,,,,,,,,,9.078195270855241,,,,,,,,,7.8710818639512174,#000000
2022-01-07 00:00:00+00:00,8.05,8.51,7.76,8.51,39254,0.0,0.0,0.0,0.0,0.0,0.0,0.0,0.0,,,,,,,,,,9.01670946950704,,,,,,,,,7.87201882533694,#000000
2022-01-10 00:00:00+00:00,9.15,9.23,7.61,8.05,91713,0.0,0.0,0.0,0.0,0.0,0.0,0.0,0.0,,,,,,,,,,8.971188393074517,,,,,,,,,7.87930422847313,#000000
2022-01-11 00:00:00+00:00,8.88,9.27,8.44,9.21,106283,0.0,0.0,0.0,0.0,0.0,0.0,0.0,0.0,,,,,,,,,,8.957178912621313,,,,,,,,,7.889692330820575,#000000
2022-01-12 00:00:00+00:00,8.21,9.26,8.08,9.13,109307,0.0,0.0,0.0,0.0,0.0,0.0,0.0,0.0,,,,,,,,,,8.905266808617684,,,,,,,,,7.896426320704001,#000000
2022-01-13 00:00:00+00:00,7.54,8.25,7.38,8.2,73767,0.0,0.0,0.0,0.0,0.0,0.0,0.0,0.0,,,,,,,,,,8.81819379710255,,,,,,,,,7.895180717353877,#000000
2022-01-14 00:00:00+00:00,8.35,8.39,7.33,7.34,81773,0.0,0.0,0.0,0.0,0.0,0.0,0.0,0.0,,,,,,,,,,8.75818204858322,,,,,,,,,7.896194920350845,#000000
2022-01-18 00:00:00+00:00,7.64,8.2321,7.37,8.21,68418,0.0,0.0,0.0,0.0,0.0,0.0,0.0,0.0,,,,,,,,,,8.698123441261373,,,,,,,,,7.895215933110323,"rgba(239, 83, 80, 0.5)"
2022-01-19 00:00:00+00:00,7.12,7.72,7.07,7.72,34075,0.0,0.0,0.0,0.0,0.0,0.0,0.0,0.0,,,,,,,,,,8.658035591715919,,,,,,,,,7.893283198420875,"rgba(239, 83, 80, 0.5)"
2022-01-20 00:00:00+00:00,7.09,7.52,7.01,7.19,77367,0.0,0.0,0.0,0.0,0.0,0.0,0.0,0.0,,,,,,,,,,8.569126244850022,,,,,,,,,7.888230041258386,"rgba(239, 83, 80, 0.5)"
2022-01-21 00:00:00+00:00,6.85,7.0,6.31,6.93,115179,0.0,0.0,0.0,0.0,0.0,0.0,0.0,0.0,,,,,,,,,,8.414583011411366,,,,,,,,,7.875569214679212,"rgba(239, 83, 80, 0.5)"
2022-01-24 00:00:00+00:00,7.23,7.35,5.84,6.78,127314,0.0,0.0,0.0,0.0,0.0,0.0,0.0,0.0,,,,,,,,,,8.278602930123117,,,,,,,,,7.8629159389353145,"rgba(239, 83, 80, 0.5)"
2022-01-25 00:00:00+00:00,7.4,7.48,6.72,6.98,86104,0.0,0.0,0.0,0.0,0.0,0.0,0.0,0.0,,,,,,,,,,8.220249625636779,,,,,,,,,7.8576508295724965,"rgba(239, 83, 80, 0.5)"
2022-01-26 00:00:00+00:00,7.81,8.0,6.705,7.11,131641,-1.0,8.0,6.705,0.0,0.0,0.0,0.0,0.0,,,,,,,,,7.505000000000001,8.165608938742224,,,,,,,,,7.8534200546133865,"rgba(239, 83, 80, 0.5)"
2022-01-27 00:00:00+00:00,6.27,7.91,6.18,7.69,143975,0.0,0.0,0.0,0.0,0.0,0.0,0.0,0.0,,,,,,,,,7.129760385221952,8.05928013208631,,,,,,,,,7.8396043324324065,"rgba(239, 83, 80, 0.5)"
2022-01-28 00:00:00+00:00,6.12,6.43,5.85,6.31,107472,0.0,0.0,0.0,0.0,0.0,0.0,0.0,0.0,,,,,,,,,6.850221459125145,7.9544580488377195,,,,,,,,,7.823266764669071,"rgba(239, 83, 80, 1.0)"
2022-01-31 00:00:00+00:00,6.16,6.57,5.86,6.16,128634,0.0,0.0,0.0,0.0,0.0,0.0,0.0,0.0,,,,,,,,,6.685934273557388,7.84695314259216,,,,,,,,,7.80483649263456,"rgba(239, 83, 80, 1.0)"
2022-02-01 00:00:00+00:00,6.28,6.3854,5.83,6.23,76017,0.0,0.0,0.0,0.0,0.0,0.0,0.0,0.0,,,,,,,,,6.618574909838097,7.788288563257264,,,,,,,,,7.793930307719382,"rgba(239, 83, 80, 1.0)"
2022-02-02 00:00:00+00:00,5.81,6.36,5.67,6.36,34315,0.0,0.0,0.0,0.0,0.0,0.0,0.0,0.0,,,,,,,,,6.581509749314368,7.759739942534059,,,,,,,,,7.788400528736348,"rgba(239, 83, 80, 1.0)"
2022-02-03 00:00:00+00:00,5.53,5.88,5.5,5.71,37059,0.0,0.0,0.0,0.0,0.0,0.0,0.0,0.0,,,,,,,,,6.528385414337148,7.7247817646971715,,,,,,,,,7.78146666369281,"rgba(239, 83, 80, 1.0)"
2022-02-04 00:00:00+00:00,5.6,5.81,5.28,5.66,85757,0.0,0.0,0.0,0.0,0.0,0.0,0.0,0.0,,,,,,,,,6.417278816795772,7.645446897193439,,,,,,,,,7.765048527521208,"rgba(239, 83, 80, 1.0)"
2022-02-07 00:00:00+00:00,5.66,5.86,5.5,5.81,71234,0.0,0.0,0.0,0.0,0.0,0.0,0.0,0.0,,,,,,,,,6.352343204951003,7.587098931641949,,,,,,,,,7.752266653942084,"rgba(239, 83, 80, 1.0)"
2022-02-08 00:00:00+00:00,5.48,5.76,5.29,5.61,25043,0.0,0.0,0.0,0.0,0.0,0.0,0.0,0.0,,,,,,,,,6.327264591008864,7.565716551225378,,,,,,,,,7.747459962314978,"rgba(239, 83, 80, 1.0)"
2022-02-09 00:00:00+00:00,6.53,6.695,5.4,5.56,75460,0.0,0.0,0.0,0.0,0.0,0.0,0.0,0.0,,,,,,,,,6.317473532568119,7.524878493585323,,,,,,,,,7.737581995582534,"rgba(239, 83, 80, 0.5)"
2022-02-10 00:00:00+00:00,6.73,7.5,6.2,6.33,90684,-1.0,7.5,6.2,0.0,0.0,0.0,0.0,0.0,,,,,,,,6.809999999999999,6.361814512654899,7.499933483041267,,,,,,,,,7.730482579205866,"rgba(239, 83, 80, 0.5)"
2022-02-11 00:00:00+00:00,6.68,7.23,6.26,6.72,102700,0.0,0.0,0.0,0.0,0.0,0.0,0.0,0.0,,,,,,,,6.763974130917415,6.395263417090768,7.470410731417931,,,,,,,,,7.721827804296448,"rgba(239, 83, 80, 0.5)"
2022-02-14 00:00:00+00:00,5.99,6.9,5.98,6.76,34155,0.0,0.0,0.0,0.0,0.0,0.0,0.0,0.0,,,,,,,,6.6928277057266365,6.392121097831919,7.455673358280089,,,,,,,,,7.71774745646156,"rgba(239, 83, 80, 0.5)"
2022-02-15 00:00:00+00:00,5.88,6.03,5.76,6.03,21917,0.0,0.0,0.0,0.0,0.0,0.0,0.0,0.0,,,,,,,,6.622291920552454,6.382683367536744,7.443229661385523,,,,,,,,,7.714411226724253,"rgba(239, 83, 80, 0.5)"
2022-02-16 00:00:00+00:00,5.8,5.98,5.65,5.78,12327,0.0,0.0,0.0,0.0,0.0,0.0,0.0,0.0,,,,,,,,6.584042215626428,6.3766925937932255,7.435961329276923,,,,,,,,,7.7124580967320115,"rgba(239, 83, 80, 0.5)"
2022-02-17 00:00:00+00:00,6.04,6.355,5.6,5.69,40805,0.0,0.0,0.0,0.0,0.0,0.0,0.0,0.0,,,,,,,,6.505057421312147,6.364029361395565,7.415090537729895,,,,,,,,,7.706658511383455,"rgba(239, 83, 80, 0.5)"
2022-02-18 00:00:00+00:00,5.73,6.26,5.65,5.92,54862,0.0,0.0,0.0,0.0,0.0,0.0,0.0,0.0,,,,,,,,6.409122604560078,6.343186637070921,7.385701223267415,,,,,,,,,7.698386730490709,"rgba(239, 83, 80, 0.5)"
2022-02-22 00:00:00+00:00,5.43,5.75,5.15,5.71,54857,0.0,0.0,0.0,0.0,0.0,0.0,0.0,0.0,,,,,,,,6.280625387555066,6.306041078605036,7.349216409623914,,,,,,,,,7.688221976372574,"rgba(239, 83, 80, 0.5)"
2022-02-23 00:00:00+00:00,5.45,5.76,5.37,5.61,36807,0.0,0.0,0.0,0.0,0.0,0.0,0.0,0.0,,,,,,,,6.2188349320365575,6.285036470796987,7.326532436311712,,,,,,,,,7.681704292790209,"rgba(239, 83, 80, 0.5)"
2022-02-24 00:00:00+00:00,5.22,5.4,4.81,5.14,58149,0.0,0.0,0.0,0.0,0.0,0.0,0.0,0.0,,,,,,,,6.095547125784192,6.2384107986918265,7.284431843047468,,,,,,,,,7.66966974072664,"rgba(239, 83, 80, 1.0)"
2022-02-25 00:00:00+00:00,5.27,5.31,5.145,5.24,29302,0.0,0.0,0.0,0.0,0.0,0.0,0.0,0.0,,,,,,,,6.048916418948931,6.218312285538118,7.264772523025387,,,,,,,,,7.663882883593674,"rgba(239, 83, 80, 1.0)"
2022-02-28 00:00:00+00:00,4.84,5.37,4.7,5.24,101697,0.0,0.0,0.0,0.0,0.0,0.0,0.0,0.0,,,,,,,,5.877008075576069,6.136665783805579,7.190601948862875,,,,,,,,,7.641782212561392,"rgba(239, 83, 80, 1.0)"
2022-03-01 00:00:00+00:00,4.48,5.07,4.48,4.8,117157,0.0,0.0,0.0,0.0,0.0,0.0,0.0,0.0,,,,,,,,5.690848608520568,6.034365271393306,7.100355732260318,,,,,,,,,7.614020698754927,"rgba(239, 83, 80, 1.0)"
2022-03-02 00:00:00+00:00,4.34,5.07,3.7701,5.04,217549,0.0,0.0,0.0,0.0,0.0,0.0,0.0,0.0,,,,,,,,5.400740507361666,5.845435165173825,6.931185342877001,,,,,,,,,7.5589844470962975,"rgba(239, 83, 80, 1.0)"
2022-03-03 00:00:00+00:00,3.88,4.52,3.71,4.33,196840,0.0,0.0,0.0,0.0,0.0,0.0,0.0,0.0,,,,,,,,5.171211990885113,5.67478934866745,6.776274265431055,,,,,,,,,7.505352203199352,"rgba(239, 83, 80, 1.0)"
2022-03-04 00:00:00+00:00,3.95,4.09,3.88,3.91,90694,0.0,0.0,0.0,0.0,0.0,0.0,0.0,0.0,,,,,,,,5.085023784148431,5.603910099234045,6.7088205299625825,,,,,,,,,7.4807457247186955,"rgba(239, 83, 80, 1.0)"
2022-03-07 00:00:00+00:00,4.15,4.19,3.74,3.99,90513,0.0,0.0,0.0,0.0,0.0,0.0,0.0,0.0,,,,,,,,5.014117778090299,5.54095382397654,6.645913258312001,,,,,,,,,7.456896074257687,"rgba(239, 83, 80, 1.0)"
2022-03-08 00:00:00+00:00,4.63,5.0,3.9045,4.12,124794,0.0,0.0,0.0,0.0,0.0,0.0,0.0,0.0,,,,,,,,4.971616558082154,5.487255110830779,6.579054713652377,,,,,,,,,7.429120611143509,"rgba(239, 83, 80, 0.75)"
2022-03-09 00:00:00+00:00,4.58,4.95,4.125,4.71,66084,0.0,0.0,0.0,0.0,0.0,0.0,0.0,0.0,,,,,,,,4.953617923530793,5.462106676116872,6.545974131699377,,,,,,,,,7.414822940933324,"rgba(239, 83, 80, 0.75)"
2022-03-10 00:00:00+00:00,4.18,4.73,4.16,4.44,58238,0.0,0.0,0.0,0.0,0.0,0.0,0.0,0.0,,,,,,,,4.931891422827255,5.436526494441083,6.514939067640147,,,,,,,,,7.401489903173638,"rgba(239, 83, 80, 0.75)"
2022-03-11 00:00:00+00:00,4.05,4.41,4.02,4.28,55975,0.0,0.0,0.0,0.0,0.0,0.0,0.0,0.0,,,,,,,,4.905802137242422,5.408752867718499,6.483284532545999,,,,,,,,,7.387963395413246,"rgba(239, 83, 80, 0.75)"
2022-03-14 00:00:00+00:00,3.79,4.16,3.62,4.16,83451,0.0,0.0,0.0,0.0,0.0,0.0,0.0,0.0,,,,,,,,4.855472424473587,5.359989634136545,6.431681707512588,,,,,,,,,7.3661301056705915,"rgba(239, 83, 80, 0.75)"
2022-03-15 00:00:00+00:00,3.9,4.14,3.7,3.7,38631,0.0,0.0,0.0,0.0,0.0,0.0,0.0,0.0,,,,,,,,4.835004523874866,5.339251218206455,6.4089848914295695,,,,,,,,,7.356275955952064,"rgba(239, 83, 80, 0.75)"
2022-03-16 00:00:00+00:00,3.75,4.095,3.61,3.8778,81375,0.0,0.0,0.0,0.0,0.0,0.0,0.0,0.0,,,,,,,,4.790514706573534,5.294670125232483,6.360718423950087,,,,,,,,,7.335133720304429,"rgba(239, 83, 80, 0.75)"
2022-03-17 00:00:00+00:00,4.34,4.63,3.6779,3.78,60163,0.0,0.0,0.0,0.0,0.0,0.0,0.0,0.0,,,,,,,,4.7725087339894685,5.271789160205564,6.331577006392827,,,,,,,,,7.321413449057555,"rgba(239, 83, 80, 0.75)"
2022-03-18 00:00:00+00:00,4.42,4.68,4.21,4.31,82302,0.0,0.0,0.0,0.0,0.0,0.0,0.0,0.0,,,,,,,,4.758702496601779,5.248239709361853,6.2969985989626736,,,,,,,,,7.3041587576654345,"rgba(239, 83, 80, 0.5)"
2022-03-21 00:00:00+00:00,4.63,5.1,4.41,4.59,108183,-1.0,5.1,4.41,0.0,0.0,0.0,0.0,0.0,,,,,,,4.713333333333334,4.75637658123603,5.229121355870531,6.259901994551464,,,,,,,,,7.283947883805509,"rgba(239, 83, 80, 0.5)"
2022-03-22 00:00:00+00:00,4.26,4.82,4.115,4.65,44458,0.0,0.0,0.0,0.0,0.0,0.0,0.0,0.0,,,,,,,4.621586882510816,4.7489889561691365,5.2170953530280775,6.242152742748331,,,,,,,,,7.274726711811997,"rgba(239, 83, 80, 0.5)"
2022-03-23 00:00:00+00:00,3.92,4.5525,3.85,4.35,72508,0.0,0.0,0.0,0.0,0.0,0.0,0.0,0.0,,,,,,,4.4560280229240785,4.728104634342038,5.191503728458018,6.209466664188839,,,,,,,,,7.258305492482014,"rgba(239, 83, 80, 0.5)"
2022-03-24 00:00:00+00:00,3.83,4.0399,3.71,3.92,45180,0.0,0.0,0.0,0.0,0.0,0.0,0.0,0.0,,,,,,,4.356408477571158,4.7108439339417165,5.17263902993783,6.187261839246893,,,,,,,,,7.247362088116801,"rgba(239, 83, 80, 0.5)"
2022-03-25 00:00:00+00:00,3.64,3.83,3.41,3.83,71672,0.0,0.0,0.0,0.0,0.0,0.0,0.0,0.0,,,,,,,4.203478939145403,4.67769368149171,5.138657030346225,6.149439074275091,,,,,,,,,7.228959956365735,"rgba(239, 83, 80, 0.5)"
2022-03-28 00:00:00+00:00,3.69,3.8,3.5212,3.55,24837,0.0,0.0,0.0,0.0,0.0,0.0,0.0,0.0,,,,,,,4.167386490676175,4.667132445369781,5.127557532690116,6.136814173518529,,,,,,,,,7.222703393576896,"rgba(239, 83, 80, 0.5)"
2022-03-29 00:00:00+00:00,3.76,4.0,3.6001,3.62,75447,0.0,0.0,0.0,0.0,0.0,0.0,0.0,0.0,,,,,,,4.102447246383365,4.639956716767996,5.097457536775643,6.101012003802011,,,,,,,,,7.2044499568512865,"rgba(239, 83, 80, 0.5)"
2022-03-30 00:00:00+00:00,3.67,3.82,3.56,3.82,45034,0.0,0.0,0.0,0.0,0.0,0.0,0.0,0.0,,,,,,,4.063716197603624,4.622650741566629,5.078759788838408,6.079225566691567,,,,,,,,,7.193319959264167,"rgba(239, 83, 80, 0.5)"
2022-03-31 00:00:00+00:00,3.43,3.705,3.38,3.6,46515,0.0,0.0,0.0,0.0,0.0,0.0,0.0,0.0,,,,,,,4.01503311647441,4.6021498135808105,5.0575565755502305,6.055486525769678,,,,,,,,,7.181317226368407,"rgba(239, 83, 80, 1.0)"
2022-04-01 00:00:00+00:00,3.34,3.77,3.28,3.43,101621,0.0,0.0,0.0,0.0,0.0,0.0,0.0,0.0,,,,,,,3.9268061237486003,4.55827174136604,5.011973441724885,6.004294185624314,,,,,,,,,7.15507064269824,"rgba(239, 83, 80, 1.0)"
2022-04-04 00:00:00+00:00,3.21,3.55,3.18,3.44,68813,0.0,0.0,0.0,0.0,0.0,0.0,0.0,0.0,,,,,,,3.8668645913676802,4.526616687125132,4.979709668231985,5.968782657250526,,,,,,,,,7.1367934759786955,"rgba(239, 83, 80, 1.0)"
2022-04-05 00:00:00+00:00,3.2,3.42,3.02,3.27,70194,0.0,0.0,0.0,0.0,0.0,0.0,0.0,0.0,,,,,,,3.8076312485742796,4.493414834521282,4.94613648549352,5.932183028241827,,,,,,,,,7.117844863366046,"rgba(239, 83, 80, 1.0)"
2022-04-06 00:00:00+00:00,3.01,3.305,2.77,3.09,102468,0.0,0.0,0.0,0.0,0.0,0.0,0.0,0.0,,,,,,,3.716571416228586,4.441269589170802,4.894361992527243,5.87694904191708,,,,,,,,,7.089215163698315,"rgba(239, 83, 80, 1.0)"
2022-04-07 00:00:00+00:00,2.86,3.03,2.72,3.01,43066,0.0,0.0,0.0,0.0,0.0,0.0,0.0,0.0,,,,,,,3.6769424997862314,4.418111567153451,4.8716504650138726,5.853101339790336,,,,,,,,,7.076837253066699,"rgba(239, 83, 80, 1.0)"
2022-04-08 00:00:00+00:00,2.79,3.4,2.645,3.01,339898,0.0,0.0,0.0,0.0,0.0,0.0,0.0,0.0,,,,,,,3.4794768464913193,4.264610755223452,4.714929130841658,5.681793747101426,,,,,,,,,6.983332893702729,"rgba(239, 83, 80, 1.0)"
2022-04-11 00:00:00+00:00,2.67,2.74,2.51,2.7,54477,0.0,0.0,0.0,0.0,0.0,0.0,0.0,0.0,,,,,,,3.444682880277589,4.237924002479796,4.688225668984798,5.653343873272337,,,,,,,,,6.967636351702815,"rgba(239, 83, 80, 1.0)"
2022-04-12 00:00:00+00:00,2.76,3.028,2.7,2.75,44653,0.0,0.0,0.0,0.0,0.0,0.0,0.0,0.0,,,,,,,3.4244645446781425,4.219210278577459,4.668821336039175,5.631858762230077,,,,,,,,,6.955413964475319,"rgba(239, 83, 80, 1.0)"
2022-04-13 00:00:00+00:00,2.72,2.81,2.7,2.81,36690,0.0,0.0,0.0,0.0,0.0,0.0,0.0,0.0,,,,,,,3.4065592258633703,4.203273245947846,4.6524466396900195,5.6139139833199465,,,,,,,,,6.945216907744561,"rgba(239, 83, 80, 1.0)"
2022-04-14 00:00:00+00:00,2.3,2.71,2.26,2.71,158895,0.0,0.0,0.0,0.0,0.0,0.0,0.0,0.0,,,,,,,3.3060647103977066,4.123753308317191,4.573265857507437,5.530322098227843,,,,,,,,,6.8982998820650145,"rgba(239, 83, 80, 1.0)"
2022-04-18 00:00:00+00:00,2.45,3.13,2.224,2.39,622274,0.0,0.0,0.0,0.0,0.0,0.0,0.0,0.0,,,,,,,3.1046133632507282,3.897052532083118,4.3324498424236095,5.257761033742009,,,,,,,,,6.730517345029899,"rgba(239, 83, 80, 1.0)"
2022-04-19 00:00:00+00:00,2.4,2.6,2.2667,2.34,154228,0.0,0.0,0.0,0.0,0.0,0.0,0.0,0.0,,,,,,,3.059466603935492,3.844559774434498,4.276331151773819,5.193837771548936,,,,,,,,,6.689223248193137,"rgba(239, 83, 80, 1.0)"
2022-04-20 00:00:00+00:00,2.21,2.44,2.19,2.35,63325,0.0,0.0,0.0,0.0,0.0,0.0,0.0,0.0,,,,,,,3.0388522618966087,3.822024448837367,4.252537441848603,5.167113805518761,,,,,,,,,6.671938943551326,"rgba(239, 83, 80, 1.0)"
2022-04-21 00:00:00+00:00,2.3,2.39,2.25,2.33,87561,0.0,0.0,0.0,0.0,0.0,0.0,0.0,0.0,,,,,,,3.013257080716322,3.7925637516368282,4.221096926933737,5.131376752459189,,,,,,,,,6.648441249161575,"rgba(239, 83, 80, 0.75)"
2022-04-22 00:00:00+00:00,2.17,2.42,2.12,2.29,74388,0.0,0.0,0.0,0.0,0.0,0.0,0.0,0.0,,,,,,,2.990659151327624,3.767173320283469,4.194134870502756,5.10090485657793,,,,,,,,,6.628327241377957,"rgba(239, 83, 80, 0.75)"
2022-04-25 00:00:00+00:00,2.27,2.32,2.18,2.3,49040,0.0,0.0,0.0,0.0,0.0,0.0,0.0,0.0,,,,,,,2.9768437502134977,3.7510960545374337,4.176934941335419,5.081302672135584,,,,,,,,,6.61522710095891,"rgba(239, 83, 80, 0.75)"
2022-04-26 00:00:00+00:00,1.93,2.42,1.92,2.2,135884,0.0,0.0,0.0,0.0,0.0,0.0,0.0,0.0,,,,,,,2.9328837748316596,3.7035100668088017,4.126831783500567,5.025249348439744,,,,,,,,,6.577962489670872,"rgba(239, 83, 80, 0.75)"
2022-04-27 00:00:00+00:00,1.85,2.0,1.62,2.0,205094,0.0,0.0,0.0,0.0,0.0,0.0,0.0,0.0,,,,,,,2.855649893978071,3.625583757040025,4.046280948000678,4.9371803780998045,,,,1.8233333333333337,,,,,6.519592063510212,"rgba(239, 83, 80, 0.75)"
2022-04-28 00:00:00+00:00,2.03,2.07,1.85,1.89,100876,0.0,0.0,0.0,0.0,0.0,0.0,0.0,0.0,,,,,,,2.8267730483162197,3.592774570800837,4.011399133818109,4.897752814465952,,,,1.8760841258946959,,,,,6.4923653992275465,"rgba(239, 83, 80, 0.75)"
2022-04-29 00:00:00+00:00,2.18,2.205,2.06,2.08,90537,0.0,0.0,0.0,0.0,0.0,0.0,0.0,0.0,,,,,,,2.8071976823688836,3.5673311183698693,3.9835484357147997,4.865205186764781,,,,1.9382485429008822,,,,,6.4690901313503915,"rgba(239, 83, 80, 0.75)"
2022-05-02 00:00:00+00:00,2.23,2.44,2.0,2.14,123402,0.0,0.0,0.0,0.0,0.0,0.0,0.0,0.0,,,,,,,2.7851047010350123,3.535819763082832,3.948399692845985,4.823254924204991,,,,2.0059142946169426,,,,,6.438308418947779,"rgba(239, 83, 80, 0.5)"
2022-05-03 00:00:00+00:00,2.27,2.3,2.15,2.2,141901,0.0,0.0,0.0,0.0,0.0,0.0,0.0,0.0,,,,,,,2.762375286582691,3.501800684563558,3.910052167014619,4.7769320992549975,,,,2.0561054305616415,,,,,6.403597218790398,"rgba(239, 83, 80, 0.5)"
2022-05-04 00:00:00+00:00,2.25,2.4022,2.05,2.3,61814,0.0,0.0,0.0,0.0,0.0,0.0,0.0,0.0,,,,,,,2.7529503225122487,3.4874666312234526,3.8938230976730677,4.757222705239988,,,,2.071307380536485,,,,,6.388634087279964,"rgba(239, 83, 80, 0.5)"
2022-05-05 00:00:00+00:00,2.18,2.29,2.1401,2.29,45240,0.0,0.0,0.0,0.0,0.0,0.0,0.0,0.0,,,,,,,2.7458671489505884,3.4769277045049694,3.881927230050527,4.742817302089497,,,,2.0790777561874836,,,,,6.377670438078494,"rgba(239, 83, 80, 0.5)"
2022-05-06 00:00:00+00:00,2.21,2.25,2.0701,2.0701,64344,0.0,0.0,0.0,0.0,0.0,0.0,0.0,0.0,,,,,,,2.735621711306264,3.46192525201536,3.8650292518589846,4.72239424716987,,,,2.086616576813153,,,,,6.3620766393712325,"rgba(239, 83, 80, 0.5)"
2022-05-09 00:00:00+00:00,2.3,2.38,2.07,2.21,82314,0.0,0.0,0.0,0.0,0.0,0.0,0.0,0.0,,,,,,,2.7246905346824435,3.4442965365456177,3.844811746690907,4.697475386374431,,,,2.101306276346536,,,,,6.34264221290633,"rgba(239, 83, 80, 0.5)"
2022-05-10 00:00:00+00:00,2.33,2.65,2.215,2.37,59574,0.0,0.0,0.0,0.0,0.0,0.0,0.0,0.0,,,,,,,2.719459026299161,3.4333998080418175,3.831824258296358,4.680825822142282,,,,2.119453299709294,,,,,6.329196571728987,"rgba(239, 83, 80, 0.5)"
2022-05-11 00:00:00+00:00,2.07,2.4,1.86,2.23,221346,0.0,0.0,0.0,0.0,0.0,0.0,0.0,0.0,,,,,,,2.6852005580427343,3.384083283990868,3.776238281620473,4.613467095169908,,,,2.117704405841097,,,,,6.276426313154452,"rgba(239, 83, 80, 0.5)"
2022-05-12 00:00:00+00:00,2.07,2.3,1.96,2.07,57323,0.0,0.0,0.0,0.0,0.0,0.0,0.0,0.0,,,,,,,2.676947338806073,3.371905022542554,3.7624231532982755,4.596594440861041,,,,2.117352155095519,,,,,6.2629746502384664,"rgba(239, 83, 80, 0.5)"
2022-05-13 00:00:00+00:00,1.96,2.16,1.92,2.05,80390,0.0,0.0,0.0,0.0,0.0,0.0,0.0,0.0,,,,,,,2.6638573127624245,3.3539345212081995,3.742319158398149,4.572406585872126,,,,2.1110844627498304,,,,,6.243819934474241,"rgba(239, 83, 80, 0.5)"
2022-05-16 00:00:00+00:00,1.91,1.98,1.78,1.92,60083,0.0,0.0,0.0,0.0,0.0,0.0,0.0,0.0,,,,,,,2.652614381918523,3.3396035227539644,3.7265422912866915,4.553765354473483,,,,2.1015570952735474,,,,,6.229202104866446,"rgba(239, 83, 80, 0.5)"
2022-05-17 00:00:00+00:00,1.92,2.035,1.81,1.94,43187,0.0,0.0,0.0,0.0,0.0,0.0,0.0,0.0,,,,,,,2.6450600750450572,3.329695935468798,3.7155597478117133,4.540682888717074,,,,2.096152341675798,,,,,6.218831695700597,"rgba(239, 83, 80, 0.5)"
2022-05-18 00:00:00+00:00,1.79,1.98,1.76,1.97,74367,0.0,0.0,0.0,0.0,0.0,0.0,0.0,0.0,,,,,,,2.631041594740716,3.312024624831878,3.6961457786185483,4.5177926323616395,,,,2.0837158483001192,,,,,6.200767232279173,"rgba(239, 83, 80, 0.5)"
2022-05-19 00:00:00+00:00,1.9,2.09,1.84,1.85,88216,0.0,0.0,0.0,0.0,0.0,0.0,0.0,0.0,,,,,,,2.6170672933966044,3.29299042899816,3.6748472765522426,4.492135000640382,,,,2.0759758970371816,,,,,6.1800185349458205,"rgba(239, 83, 80, 0.5)"
2022-05-20 00:00:00+00:00,1.89,2.0799,1.76,1.96,51245,0.0,0.0,0.0,0.0,0.0,0.0,0.0,0.0,,,,,,,2.6088180366719924,3.2819071456757456,3.6624770303595073,4.4772718060708785,,,,2.070823965134356,,,,,6.16796394512886,"rgba(239, 83, 80, 0.5)"
2022-05-23 00:00:00+00:00,2.04,2.18,1.865,1.9,39272,0.0,0.0,0.0,0.0,0.0,0.0,0.0,0.0,,,,,,,2.6036741627657234,3.2742553883395904,3.653746146483987,4.466516433713979,,,,2.0698368800027604,,,,,6.159027314042557,"rgba(239, 83, 80, 0.5)"
2022-05-24 00:00:00+00:00,2.13,2.16,2.0,2.01,58966,0.0,0.0,0.0,0.0,0.0,0.0,0.0,0.0,,,,,,,2.597016951575072,3.263560865619727,3.6413545473125377,4.450991398627395,,,,2.070741168850445,,,,,6.1459021746053,"rgba(239, 83, 80, 0.5)"
2022-05-25 00:00:00+00:00,2.01,2.09,1.885,2.09,27535,0.0,0.0,0.0,0.0,0.0,0.0,0.0,0.0,,,,,,,2.5933482247627353,3.2582038289892754,3.635259004038832,4.443501162616187,,,,2.0695675602007704,,,,,6.139649056590286,"rgba(239, 83, 80, 0.5)"
2022-05-26 00:00:00+00:00,2.11,2.12,1.94,2.06,21975,0.0,0.0,0.0,0.0,0.0,0.0,0.0,0.0,,,,,,,2.590750697889204,3.2541679966703034,3.6306082703742515,4.437705821539868,,,,2.069409974332051,,,,,6.1347461500377065,"rgba(239, 83, 80, 0.5)"
2022-05-27 00:00:00+00:00,1.99,2.16,1.85,2.16,67776,0.0,0.0,0.0,0.0,0.0,0.0,0.0,0.0,,,,,,,2.5820619018684403,3.24130853764398,3.615925102746159,4.419586377171631,,,,2.066889946272819,,,,,6.119489241861971,"rgba(239, 83, 80, 0.5)"
2022-05-31 00:00:00+00:00,2.12,2.12,2.09,2.1,49778,0.0,0.0,0.0,0.0,0.0,0.0,0.0,0.0,,,,,,,2.5770170363783342,3.2328528034688846,3.6060310950039947,4.407046454195366,,,,2.0680096283348686,,,,,6.10865264618357,#000000
2022-06-01 00:00:00+00:00,2.13,2.13,2.03,2.09,31518,0.0,0.0,0.0,0.0,0.0,0.0,0.0,0.0,,,,,,,2.5737885335708057,3.2275011190466576,3.5997781978229897,4.399131019274392,,,,2.068473272425281,,,,,6.101798681525026,#000000
2022-06-02 00:00:00+00:00,2.15,2.15,2.0707,2.13,38524,0.0,0.0,0.0,0.0,0.0,0.0,0.0,0.0,,,,,,,2.570120028486184,3.2211818935024716,3.5923409038849505,4.389641626975915,,,,2.0695416410575476,,,,,6.093508970868706,#000000
2022-06-03 00:00:00+00:00,2.56,2.65,2.11,2.16,113740,0.0,0.0,0.0,0.0,0.0,0.0,0.0,0.0,,,,,,,2.567063247374963,3.208198862959671,3.57545140537222,4.3659294459293605,,,,2.089603152017986,,,,,6.071169256977891,"rgba(38, 166, 154, 1.0)"
2022-06-06 00:00:00+00:00,2.78,2.82,2.35,2.56,91074,0.0,0.0,0.0,0.0,0.0,0.0,0.0,0.0,,,,,,,2.568594528657617,3.2008680409535666,3.56471637157323,4.349379813373758,,,,2.112892978770299,,,,,6.054500545697135,"rgba(38, 166, 154, 1.0)"
2022-06-07 00:00:00+00:00,3.11,3.17,2.7867,2.8,207007,0.0,0.0,0.0,0.0,0.0,0.0,0.0,0.0,,,,,,,2.586865228256935,3.1956902331289716,3.5507808116794295,4.320910258749592,,,,2.1913779712849606,,,,,6.021287977249259,"rgba(38, 166, 154, 1.0)"
2022-06-08 00:00:00+00:00,3.2,3.2617,3.06,3.11,64266,0.0,0.0,0.0,0.0,0.0,0.0,0.0,0.0,,,,,,,2.5941147339040103,3.195495899651139,3.547798941496111,4.313321990956516,,,,2.2170177856896514,,,,,6.011638504062363,"rgba(38, 166, 154, 1.0)"
2022-06-09 00:00:00+00:00,2.98,3.19,2.75,3.16,62161,0.0,0.0,0.0,0.0,0.0,0.0,0.0,0.0,,,,,,,2.598590981153735,3.1935958581710437,3.54343604873626,4.304801924241694,,,,2.2356380696108737,,,,,6.001711828382498,"rgba(38, 166, 154, 1.0)"
2022-06-10 00:00:00+00:00,2.6,2.89,2.59,2.89,60891,0.0,0.0,0.0,0.0,0.0,0.0,0.0,0.0,,,,,,,2.5996739373830455,3.189439604658507,3.5371583852271744,4.294827168757349,,,,2.2464162473921028,,,,,5.991157392247818,"rgba(38, 166, 154, 0.75)"
2022-06-13 00:00:00+00:00,2.58,2.64,2.4,2.47,55064,0.0,0.0,0.0,0.0,0.0,0.0,0.0,0.0,,,,,,,2.5990634172898885,3.184596690396364,3.530543613186963,4.285059178387833,,,,2.2525378377259413,,,,,5.98122970333097,"rgba(38, 166, 154, 0.75)"
2022-06-14 00:00:00+00:00,2.51,2.67,2.49,2.55,21348,0.0,0.0,0.0,0.0,0.0,0.0,0.0,0.0,,,,,,,2.5988959160342473,3.1827865388469943,3.5280454041964457,4.281337263222249,,,,2.2549766736735393,,,,,5.977414708808301,"rgba(38, 166, 154, 0.75)"
2022-06-15 00:00:00+00:00,2.43,2.53,2.25,2.53,58875,0.0,0.0,0.0,0.0,0.0,0.0,0.0,0.0,,,,,,,2.5967880714256597,3.1766386162555578,3.520144475440603,4.270250040745328,,,,2.258186679005163,,,,,5.9664677197899305,"rgba(38, 166, 154, 0.75)"
2022-06-16 00:00:00+00:00,2.1,2.52,2.035,2.48,73297,0.0,0.0,0.0,0.0,0.0,0.0,0.0,0.0,,,,,,,2.591776970259387,3.167319951009534,3.5088579990207713,4.255278692100288,,,,2.2571412974176184,,,,,5.952229759006339,#000000
2022-06-17 00:00:00+00:00,2.02,2.14,2.0099,2.1,61641,0.0,0.0,0.0,0.0,0.0,0.0,0.0,0.0,,,,,,,2.5858835992189046,3.1583107196568245,3.4983463058281346,4.24187010024551,,,,2.25281367830303,,,,,5.939824527063749,"rgba(239, 83, 80, 0.5)"
2022-06-21 00:00:00+00:00,1.88,2.11,1.86,2.11,106850,0.0,0.0,0.0,0.0,0.0,0.0,0.0,0.0,,,,,,,2.5739721803538496,3.1415568238848603,3.4791597694163108,4.217895253974935,,,,2.241893089198062,,,,,5.917921765188213,"rgba(239, 83, 80, 0.5)"
2022-06-22 00:00:00+00:00,1.97,2.16,1.78,1.94,103658,1.0,2.16,1.78,233.0,1.0,2.16,1.78,233.0,,1.9700000000000002,,,,,2.563192403945192,3.1260069834342454,3.46123298972136,4.195312076075763,,,,2.232702096613401,,,,,5.897007859032929,"rgba(239, 83, 80, 0.5)"
2022-06-23 00:00:00+00:00,2.13,2.31,1.98,1.98,85621,0.0,0.0,0.0,0.0,0.0,0.0,0.0,0.0,,2.0469000787197733,,,,,2.5570441426755592,3.1153143503532705,3.4483953985576252,4.178396950864004,,,,2.2301840066432113,,,,,5.880640070346618,"rgba(239, 83, 80, 0.5)"
2022-06-24 00:00:00+00:00,2.25,2.27,2.0,2.15,653781,0.0,0.0,0.0,0.0,0.0,0.0,0.0,0.0,,2.1449472635399616,,,,,2.518727976533408,3.0432785206848014,3.3603299385772214,4.059844940272977,,,,2.2204180713166575,,,,,5.761283506212646,"rgba(239, 83, 80, 0.5)"
2022-06-27 00:00:00+00:00,2.02,2.31,2.0,2.27,71935,0.0,0.0,0.0,0.0,0.0,0.0,0.0,0.0,,2.142199782512473,,,,,2.514286016091275,3.035491224918398,3.3508997811363628,4.047241979297226,,,,2.218369767724326,,,,,5.748394911227358,"rgba(239, 83, 80, 0.5)"
2022-06-28 00:00:00+00:00,2.16,2.16,1.91,1.99,70636,0.0,0.0,0.0,0.0,0.0,0.0,0.0,0.0,,2.137503301607464,,,,,2.5096652640833215,3.027699088061643,3.3415322629836073,4.0348139087201105,,,,2.2158347576504007,,,,,5.735712153991743,"rgba(239, 83, 80, 0.5)"
2022-06-29 00:00:00+00:00,2.16,2.2,1.8748,2.2,16802,0.0,0.0,0.0,0.0,0.0,0.0,0.0,0.0,,2.1365104233400136,,,,,2.508584476496346,3.0258672897991845,3.3393270708824954,4.031883117651142,,,,2.2152518378944643,,,,,5.732709542037385,"rgba(239, 83, 80, 0.5)"
2022-06-30 00:00:00+00:00,2.16,2.19,2.11,2.1521,33803,0.0,0.0,0.0,0.0,0.0,0.0,0.0,0.0,,2.137059202601209,,,,,2.5068028859702163,3.0224935801416795,3.3351765186860622,4.026238888161024,,,,2.2147284553961644,,,,,5.72680744625994,"rgba(239, 83, 80, 0.5)"
2022-07-01 00:00:00+00:00,2.14,2.2,1.98,2.2,28540,0.0,0.0,0.0,0.0,0.0,0.0,0.0,0.0,,2.13624456837244,,,,,2.5051157736702305,3.0195135406258227,3.3315572609849378,4.021381701146141,,,,2.2139627156491795,,,,,5.721774539438535,"rgba(239, 83, 80, 0.5)"
2022-07-05 00:00:00+00:00,2.85,3.0,1.92,1.92,224871,0.0,0.0,0.0,0.0,0.0,0.0,0.0,0.0,,2.2153642326414387,,,,,2.507845061171373,3.0087768420467564,3.3147344240141465,3.9934020713235094,,,,2.2338476575273245,,,,,5.687840777792896,"rgba(38, 166, 154, 1.0)"
2022-07-06 00:00:00+00:00,2.97,3.0,2.85,2.9,41129,0.0,0.0,0.0,0.0,0.0,0.0,0.0,0.0,,2.237759845784214,,,,,2.510371623110467,3.0084638237302874,3.3131859833527093,3.9896493575010936,,,,2.2406120108974923,,,,,5.682405922899649,"rgba(38, 166, 154, 1.0)"
2022-07-07 00:00:00+00:00,2.95,2.97,2.88,2.965,21296,0.0,0.0,0.0,0.0,0.0,0.0,0.0,0.0,,2.2487155737268427,,,,,2.5116481462805997,3.0082871909124167,3.3123750076801675,3.9877044691505463,,,,2.244030920119966,,,,,5.67959345258578,"rgba(38, 166, 154, 1.0)"
2022-07-08 00:00:00+00:00,3.09,3.13,2.92,2.93,29012,0.0,0.0,0.0,0.0,0.0,0.0,0.0,0.0,,2.2654778829769464,,,,,2.5138389028648054,3.0084097216622183,3.311604430465812,3.985349964632485,,,,2.2493915626490355,,,,,5.675928947900208,"rgba(38, 166, 154, 1.0)"
2022-07-11 00:00:00+00:00,3.1,3.2,3.02,3.05,23848,0.0,0.0,0.0,0.0,0.0,0.0,0.0,0.0,,2.279756631068265,,,,,2.5158276007265097,3.0086669064991933,3.3111170443127453,3.983546503295026,,,,2.254072308901874,,,,,5.672992903244344,"rgba(38, 166, 154, 1.0)"
2022-07-12 00:00:00+00:00,3.35,3.4122,3.105,3.24,49062,0.0,0.0,0.0,0.0,0.0,0.0,0.0,0.0,,2.3138136966177303,,,,,2.521127412248533,3.010168736168792,3.3110096847240458,3.980626405129479,,,,2.265569056705016,,,,,5.667401504069287,"rgba(38, 166, 154, 1.0)"
2022-07-13 00:00:00+00:00,3.38,3.44,3.07,3.36,21075,0.0,0.0,0.0,0.0,0.0,0.0,0.0,0.0,,2.327856176219553,,,,,2.523404060737222,3.010826377076881,3.3109797496503544,3.9793932804824723,,,,2.2704656249155,,,,,5.665015365475982,"rgba(38, 166, 154, 1.0)"
2022-07-14 00:00:00+00:00,2.99,3.38,2.87,3.38,43106,0.0,0.0,0.0,0.0,0.0,0.0,0.0,0.0,,2.3492120223294415,,,,,2.5267260829694713,3.0111496309557535,3.3099979251935805,3.976088842148736,,,,2.278253149530036,,,,,5.659704652724849,"rgba(38, 166, 154, 0.75)"
2022-07-15 00:00:00+00:00,3.3,3.45,2.65,3.05,120513,0.0,0.0,0.0,0.0,0.0,0.0,0.0,0.0,,2.4068781622859263,,,,,2.536681955377288,3.0127253380655015,3.3079231312334274,3.9675202873255335,,,,2.3006476514501033,,,,,5.6452769976458,"rgba(38, 166, 154, 0.75)"
2022-07-18 00:00:00+00:00,3.22,3.5,3.19,3.42,31870,0.0,0.0,0.0,0.0,0.0,0.0,0.0,0.0,,2.423980248116697,,,,,2.5399950735114576,3.0137130705175146,3.307908920370601,3.9657392282113553,,,,2.3075444888661645,,,,,5.6417454279371535,"rgba(38, 166, 154, 0.75)"
2022-07-19 00:00:00+00:00,3.1,3.2734,3.0728,3.13,21869,0.0,0.0,0.0,0.0,0.0,0.0,0.0,0.0,,2.4333452755126217,,,,,2.5417948994307746,3.014027241349531,3.30757145556262,3.9642386396017475,,,,2.3114961576830226,,,,,5.639168433808646,"rgba(38, 166, 154, 0.75)"
2022-07-20 00:00:00+00:00,3.08,3.22,3.035,3.15,17733,0.0,0.0,0.0,0.0,0.0,0.0,0.0,0.0,,2.4403789292229967,,,,,2.543157882221874,3.0142111180801083,3.3072352503754594,3.962970770343071,,,,2.3145326463827827,,,,,5.637051682035249,"rgba(38, 166, 154, 0.75)"
2022-07-21 00:00:00+00:00,3.33,3.39,3.0592,3.1512,28098,0.0,0.0,0.0,0.0,0.0,0.0,0.0,0.0,,2.4536233498134337,,,,,2.545863245618537,3.0149415698633315,3.3071064300694673,3.9613176043681584,,,,2.320182052699077,,,,,5.633901155998144,"rgba(38, 166, 154, 0.75)"
2022-07-22 00:00:00+00:00,3.16,3.59,3.15,3.43,58627,0.0,0.0,0.0,0.0,0.0,0.0,0.0,0.0,,2.481238096372333,,,,,2.5517574925226683,3.0167001789919774,3.307066445129903,3.958089691324153,,,,2.332250845915369,,,,,5.6274653755059125,"rgba(38, 166, 154, 0.75)"
2022-07-25 00:00:00+00:00,3.15,3.5,3.0,3.22,19479,1.0,3.5,3.0,208.0,1.0,3.5,3.0,208.0,3.216666666666667,2.489124958873882,,,,,2.553479690961379,3.0171092251778386,3.306897762573005,3.9568892441421517,,,,2.3358555550487266,,,,,5.625258636436438,"rgba(38, 166, 154, 0.75)"
2022-07-26 00:00:00+00:00,3.37,3.44,3.0426,3.13,15569,0.0,0.0,0.0,0.0,0.0,0.0,0.0,0.0,3.2466662805295594,2.4958820418650682,,,,,2.5549893120443814,3.0175451971803,3.3068639613284816,3.9560198356637306,,,,2.338934921676735,,,,,5.623547129099331,"rgba(38, 166, 154, 0.75)"
2022-07-27 00:00:00+00:00,3.2,3.5616,3.1955,3.46,22411,0.0,0.0,0.0,0.0,0.0,0.0,0.0,0.0,3.274891937439449,2.5058303813280243,,,,,2.557254718158786,3.0182519234261167,3.3068899921788155,3.954836976832365,,,,2.343494663994272,,,,,5.621124485625172,"rgba(38, 166, 154, 0.75)"
2022-07-28 00:00:00+00:00,3.3,3.4,3.16,3.27,23305,0.0,0.0,0.0,0.0,0.0,0.0,0.0,0.0,3.278289615422713,2.515521963529925,,,,,2.5594967998497444,3.0189046298212148,3.306845107753315,3.9535492020904384,,,,2.3480356835507363,,,,,5.618575252300718,"rgba(38, 166, 154, 0.75)"
2022-07-29 00:00:00+00:00,3.34,3.5,3.3,3.39,31473,0.0,0.0,0.0,0.0,0.0,0.0,0.0,0.0,3.306810788777319,2.5297733928476025,,,,,2.5628887447292485,3.0200865783869477,3.307063720629603,3.952060240388085,,,,2.354702239295983,,,,,5.615278818995783,"rgba(38, 166, 154, 0.75)"
2022-08-01 00:00:00+00:00,3.35,3.42,3.25,3.42,19923,0.0,0.0,0.0,0.0,0.0,0.0,0.0,0.0,3.311814032233656,2.5381413390045338,,,,,2.5649170498345044,3.020748073709231,3.3071259080757165,3.95105606286032,,,,2.358715049012072,,,,,5.61315987650466,"rgba(38, 166, 154, 0.75)"
2022-08-02 00:00:00+00:00,3.37,3.44,3.3202,3.3202,26828,0.0,0.0,0.0,0.0,0.0,0.0,0.0,0.0,3.322768664092049,2.5496440009993835,,,,,2.5677603170873216,3.0217365183157163,3.307302436450172,3.949790022709891,,,,2.364267630664353,,,,,5.610358777514438,"rgba(38, 166, 154, 0.75)"
2022-08-03 00:00:00+00:00,3.74,3.75,3.3403,3.419,75900,0.0,0.0,0.0,0.0,0.0,0.0,0.0,0.0,3.4156148222415226,2.5892589630665763,,,,,2.5779871366585168,3.0263223830254256,3.309459485084653,3.9476846564824526,,,,2.3831998734362387,,,,,5.603295971180965,"rgba(38, 166, 154, 1.0)"
2022-08-04 00:00:00+00:00,3.35,3.84,3.33,3.6814,30398,-1.0,3.84,3.33,0.0,0.0,0.0,0.0,0.0,3.4260480677457537,2.6027822641769283,,,,3.5066666666666664,2.581622076471252,3.0278171648332397,3.3100205281752397,3.9465926437476537,3.5066666666666664,,,2.389996145259823,,,,,5.600335217504507,"rgba(38, 166, 154, 0.75)"
2022-08-05 00:00:00+00:00,3.48,3.51,3.3186,3.32,24416,0.0,0.0,0.0,0.0,0.0,0.0,0.0,0.0,3.4269036696329334,2.6125344228158234,,,,3.4752784422471144,2.5843003153757413,3.028835376324047,3.3103082020569845,,3.4752784422471144,,,2.395054988574875,,,,,5.597883320614352,"rgba(38, 166, 154, 0.5)"
2022-08-08 00:00:00+00:00,3.59,3.62,3.5,3.57,179885,0.0,0.0,0.0,0.0,0.0,0.0,0.0,0.0,3.481719674735459,2.6885264030175535,,,,3.547877760592646,2.6065461645885266,3.0385968430529458,3.314598190600063,,3.547877760592646,,,2.435472572281897,,,,,5.581096396300297,"rgba(38, 166, 154, 0.5)"
2022-08-09 00:00:00+00:00,3.0,3.54,2.86,3.54,55165,0.0,0.0,0.0,0.0,0.0,0.0,0.0,0.0,,2.699095572233443,,,,3.468984406020295,2.6101670335188727,3.039118008842431,3.3136845285299255,,3.468984406020295,,,2.442757626252227,,,,,5.5748982031075265,"rgba(38, 166, 154, 0.5)"
2022-08-10 00:00:00+00:00,2.1,2.583,2.0,2.5,545095,0.0,0.0,0.0,0.0,0.0,0.0,0.0,0.0,,2.6094556828821114,,,,2.6586019882812613,2.585840509449935,2.9972828542428047,3.262160652275716,,2.6586019882812613,,,2.4226454139200952,,,,,5.493191571303186,"rgba(239, 83, 80, 1.0)"
2022-08-11 00:00:00+00:00,2.15,2.47,2.11,2.2,171441,0.0,0.0,0.0,0.0,0.0,0.0,0.0,0.0,,2.5887957725580475,,,,2.587860659313726,2.5791237621639986,2.9852525119052813,3.247181675097673,,2.587860659313726,,,2.417522680313761,,,,,5.4684312118188565,"rgba(239, 83, 80, 1.0)"
2022-08-12 00:00:00+00:00,2.14,2.21,2.07,2.15,82263,0.0,0.0,0.0,0.0,0.0,0.0,0.0,0.0,,2.5769643212358786,,,,2.5540188171484965,2.5750302261212905,2.9788300791797915,3.239425683890636,,2.5540188171484965,,,2.4137697752861254,,,,,5.456307456348285,"rgba(239, 83, 80, 1.0)"
2022-08-15 00:00:00+00:00,2.17,2.25,2.08,2.25,165157,0.0,0.0,0.0,0.0,0.0,0.0,0.0,0.0,,2.556339876961835,,,,2.5029956087795697,2.567527861986991,2.966626873816744,3.2245475781275474,,2.5029956087795697,,,2.4072383781309052,,,,,5.432425268834788,"rgba(239, 83, 80, 1.0)"
2022-08-16 00:00:00+00:00,2.1,2.22,2.1,2.17,36285,0.0,0.0,0.0,0.0,0.0,0.0,0.0,0.0,,2.5517921806179116,,,,2.4927861330666885,2.5658091768651685,2.9639070619377694,3.221252976370226,,2.4927861330666885,,,2.405695462554577,,,,,5.427182272501874,"rgba(239, 83, 80, 1.0)"
2022-08-17 00:00:00+00:00,2.05,2.155,2.0,2.12,60185,0.0,0.0,0.0,0.0,0.0,0.0,0.0,0.0,,2.543188860477565,,,,2.473867462446339,2.562513999600638,2.959046033873273,3.21547292466797,,2.473867462446339,,,2.402495376982006,,,,,5.418333773030639,"rgba(239, 83, 80, 1.0)"
2022-08-18 00:00:00+00:00,1.95,2.1245,1.88,2.04,201865,0.0,0.0,0.0,0.0,0.0,0.0,0.0,0.0,,2.511739445621304,,,,2.4102662921551006,2.549958777265864,2.9416272453022754,3.195121526904567,,2.4102662921551006,,,2.3896170037276057,,,,,5.388261345484077,"rgba(239, 83, 80, 1.0)"
2022-08-19 00:00:00+00:00,2.04,2.1,1.95,2.01,66997,0.0,0.0,0.0,0.0,0.0,0.0,0.0,0.0,,2.5028991934555402,,,,2.394531697271164,2.5462350455039666,2.936249425633993,3.1887616049465213,,2.394531697271164,,,2.3859740914010876,,,,,5.37852760878893,"rgba(239, 83, 80, 1.0)"
2022-08-22 00:00:00+00:00,1.9,2.0684,1.85,1.93,61998,0.0,0.0,0.0,0.0,0.0,0.0,0.0,0.0,,2.4934910560403942,,,,2.3777496601136128,2.5422403280591004,2.9308375547829884,3.182482761774425,,2.3777496601136128,,,2.381827346291309,,,,,5.3693281134534345,"rgba(239, 83, 80, 1.0)"
2022-08-23 00:00:00+00:00,1.83,2.0699,1.78,2.04,51404,0.0,0.0,0.0,0.0,0.0,0.0,0.0,0.0,,2.4852951099802616,,,,2.363376283971524,2.5387172446407162,2.9261879146882173,3.177132902082994,,2.363376283971524,,,2.3780943680606317,,,,,5.3616356668753795,"rgba(239, 83, 80, 1.0)"
2022-08-24 00:00:00+00:00,1.9,1.9854,1.8169,1.88,95994,0.0,0.0,0.0,0.0,0.0,0.0,0.0,0.0,,2.4707597323814956,,,,2.339090485839037,2.5323144211215953,2.917677600323256,3.167317733097196,,2.339090485839037,,,2.3713788896897587,,,,,5.347391978760946,"rgba(239, 83, 80, 1.0)"
2022-08-25 00:00:00+00:00,2.01,2.15,1.91,1.95,155456,0.0,0.0,0.0,0.0,0.0,0.0,0.0,0.0,,2.4534392690463975,,,,2.3143494349641767,2.5241739887710044,2.9058168195752825,3.1532465388438053,,2.3143494349641767,,,2.363625778314084,,,,,5.325383785081822,"rgba(239, 83, 80, 1.0)"
2022-08-26 00:00:00+00:00,1.81,2.06,1.8,2.02,90488,0.0,0.0,0.0,0.0,0.0,0.0,0.0,0.0,,2.4410229996196873,,,,2.295839586928591,2.5183245612616956,2.898035239946317,3.1442663775425506,,2.295839586928591,,,2.3575631119305167,,,,,5.3121950246921115,"rgba(239, 83, 80, 1.0)"
2022-08-29 00:00:00+00:00,1.86,1.915,1.78,1.78,207790,0.0,0.0,0.0,0.0,0.0,0.0,0.0,0.0,,2.4126361681063413,,,,2.2553999343785445,2.5044972080843055,2.8799469492708787,3.1235047451213513,,2.2553999343785445,,,2.343117302105054,,,,,5.2819542507446124,"rgba(239, 83, 80, 0.75)"
2022-08-30 00:00:00+00:00,1.93,1.9799,1.81,1.97,111443,0.0,0.0,0.0,0.0,0.0,0.0,0.0,0.0,,2.39989399221662,,,,2.2391626488422856,2.497919690176535,2.8710059540175616,3.113111644930553,,2.2391626488422856,,,2.3365335110194585,,,,,5.266208513318827,"rgba(239, 83, 80, 0.75)"
2022-08-31 00:00:00+00:00,1.94,1.98,1.85,1.98,120123,0.0,0.0,0.0,0.0,0.0,0.0,0.0,0.0,,2.3873003562696202,,,,2.224070899115619,2.491185760319861,2.861714456747702,3.1022583901234304,,2.224070899115619,,,2.329922963711553,,,,,5.249483626844905,"rgba(239, 83, 80, 0.75)"
2022-09-01 00:00:00+00:00,1.98,2.02,1.88,1.9,82490,0.0,0.0,0.0,0.0,0.0,0.0,0.0,0.0,,2.379684288636696,,,,2.2156809250567533,2.4869449033966284,2.85568390188931,3.0951475420776284,,2.2156809250567533,,,2.3259030376371492,,,,,5.2382205687973,"rgba(239, 83, 80, 0.75)"
2022-09-02 00:00:00+00:00,1.96,2.09,1.92,2.08,46724,0.0,0.0,0.0,0.0,0.0,0.0,0.0,0.0,,2.3757894755144657,,,,2.2116913419359823,2.4847077558546746,2.852416938786955,3.0912643637155317,,2.2116913419359823,,,2.323848119992294,,,,,5.231933164866765,"rgba(239, 83, 80, 0.75)"
2022-09-06 00:00:00+00:00,1.9,2.05,1.85,1.98,118536,0.0,0.0,0.0,0.0,0.0,0.0,0.0,0.0,,2.364847910325879,,,,2.199743388284609,2.4784817235058028,2.8437010438588346,3.0810336523598556,,2.199743388284609,,,2.3178799695864107,,,,,5.215814157254911,"rgba(239, 83, 80, 0.75)"
2022-09-07 00:00:00+00:00,1.93,2.025,1.84,1.84,49097,0.0,0.0,0.0,0.0,0.0,0.0,0.0,0.0,,2.360455955744055,,,,2.1950606451192085,2.4759361629087993,2.8401326701180967,3.0768428215881274,,2.1950606451192085,,,2.31545059908813,,,,,5.209180425905731,"rgba(239, 83, 80, 0.75)"
2022-09-08 00:00:00+00:00,2.12,2.17,1.935,1.96,36978,0.0,0.0,0.0,0.0,0.0,0.0,0.0,0.0,,2.358292679353353,,,,2.1935016169108366,2.4745353290658354,2.8378846176324033,3.0740991101105184,,2.1935016169108366,,,2.3143168206040685,,,,,5.204419543229787,"rgba(239, 83, 80, 0.75)"
2022-09-09 00:00:00+00:00,2.18,2.455,2.0842,2.12,90422,-1.0,2.455,2.0842,0.0,0.0,0.0,0.0,0.0,,2.3561356053252656,,,2.2397333333333336,2.1949244314428227,2.4725462631180264,2.833617816815105,3.068548671297661,,2.1949244314428227,,,2.313466667952487,,,,,5.193448125930245,#000000
2022-09-12 00:00:00+00:00,2.12,2.35,2.12,2.22,78195,0.0,0.0,0.0,0.0,0.0,0.0,0.0,0.0,,2.3536654155399144,,,2.21976145623909,2.1949695975519594,2.4705399351895942,2.8297127226320264,3.0635616388207367,,2.1949695975519594,,,2.312326570617222,,,,,5.183888160951248,#000000
2022-09-13 00:00:00+00:00,1.94,2.22,1.895,2.05,105608,0.0,0.0,0.0,0.0,0.0,0.0,0.0,0.0,,2.346793857278304,,,2.142188582854712,2.188994321424552,2.466141560344395,2.823049475307546,3.055549076572305,,2.188994321424552,,,2.3085012633223774,,,,,5.170308097660022,"rgba(239, 83, 80, 0.75)"
2022-09-14 00:00:00+00:00,1.8,2.06,1.77,1.9,152135,0.0,0.0,0.0,0.0,0.0,0.0,0.0,0.0,,,,,2.0474442899584075,2.1744813437738713,2.457996204694442,2.811984423233693,3.0426727086954655,,2.1744813437738713,,,2.3005559011944405,,,,,5.150078607513288,"rgba(239, 83, 80, 1.0)"
2022-09-15 00:00:00+00:00,2.01,2.055,1.79,1.79,54920,0.0,0.0,0.0,0.0,0.0,0.0,0.0,0.0,,,,,2.036514878656915,2.170805418620609,2.45548305464893,2.808368512405237,3.038387791954904,,2.170805418620609,,,2.2982538754137822,,,,,5.143002693530388,"rgba(239, 83, 80, 1.0)"
2022-09-16 00:00:00+00:00,1.83,2.08,1.79,2.03,151602,0.0,0.0,0.0,0.0,0.0,0.0,0.0,0.0,,,,,2.0038137927765365,2.1590099885602534,2.447975121473393,2.797950482125675,3.0261783223652348,,2.1590099885602534,,,2.291129970540897,,,,,5.123318133141556,"rgba(239, 83, 80, 1.0)"
2022-09-19 00:00:00+00:00,1.9,1.94,1.7701,1.81,26438,0.0,0.0,0.0,0.0,0.0,0.0,0.0,0.0,,,,,1.998449344880584,2.156831494103353,2.4466160731832254,2.796098278813538,3.0240199270050168,,2.156831494103353,,,2.289820454330611,,,,,5.119878083632504,"rgba(239, 83, 80, 1.0)"
2022-09-20 00:00:00+00:00,1.88,1.9189,1.85,1.91,4990,0.0,0.0,0.0,0.0,0.0,0.0,0.0,0.0,,,,,1.9975818905832115,2.1564423733448215,2.446366016146811,2.795754387511034,3.0236180033578264,,2.1564423733448215,,,2.2895817916126844,,,,,5.1192321934202205,"rgba(239, 83, 80, 1.0)"
2022-09-21 00:00:00+00:00,1.87,1.94,1.8301,1.9,14518,0.0,0.0,0.0,0.0,0.0,0.0,0.0,0.0,,,,,1.995067895942222,2.1553044447172987,2.445635974391116,2.794752124595654,3.022447244716869,,2.1553044447172987,,,2.2888840137455118,,,,,5.117352791384275,"rgba(239, 83, 80, 1.0)"
2022-09-22 00:00:00+00:00,1.75,1.86,1.74,1.8592,42812,0.0,0.0,0.0,0.0,0.0,0.0,0.0,0.0,,,,,1.9825065355763722,2.150842850225426,2.4431278820424263,2.791498190585662,3.0187176652893326,,2.150842850225426,,,2.286356702203838,,,,,5.111658148297848,"rgba(239, 83, 80, 1.0)"
2022-09-23 00:00:00+00:00,1.75,1.786,1.65,1.75,26274,0.0,0.0,0.0,0.0,0.0,0.0,0.0,0.0,,,,,1.973589215248455,2.147757886060514,2.4414712799063607,2.789403855361995,3.016339102032979,,2.147757886060514,,,2.2846509447755277,,,,,5.108115688274114,"rgba(239, 83, 80, 1.0)"
2022-09-26 00:00:00+00:00,1.79,1.83,1.76,1.77,26360,0.0,0.0,0.0,0.0,0.0,0.0,0.0,0.0,,,,,1.9674524406088798,2.1451784360547883,2.4399670399917586,2.78743853512375,3.014080951329607,,2.1451784360547883,,,2.283147888355535,,,,,5.104636945902331,"rgba(239, 83, 80, 1.0)"
2022-09-27 00:00:00+00:00,1.74,1.83,1.71,1.79,10346,0.0,0.0,0.0,0.0,0.0,0.0,0.0,0.0,,,,,1.96471697254722,2.1440813174854925,2.4393482131186097,2.7866434933178086,3.013172791178202,,2.1440813174854925,,,2.28252049004524,,,,,5.103259849164491,"rgba(239, 83, 80, 1.0)"
2022-09-28 00:00:00+00:00,1.78,1.875,1.72,1.72,15338,0.0,0.0,0.0,0.0,0.0,0.0,0.0,0.0,,,,,1.9613989913637129,2.1425994417381213,2.438475536119863,2.785503386838287,3.0118628168632924,,2.1425994417381213,,,2.281649334219681,,,,,5.101239698804935,"rgba(239, 83, 80, 1.0)"
2022-09-29 00:00:00+00:00,1.72,1.84,1.63,1.74,84746,0.0,0.0,0.0,0.0,0.0,0.0,0.0,0.0,,,,,1.9392332286655571,2.13323110829015,2.4332401808497117,2.778862873761219,3.0043120096342255,,2.13323110829015,,,2.276292363508137,1.7299999999999998,,,,5.089915030640586,"rgba(239, 83, 80, 1.0)"
2022-09-30 00:00:00+00:00,1.72,1.81,1.67,1.67,24306,0.0,0.0,0.0,0.0,0.0,0.0,0.0,0.0,,,,,1.9337276755297883,2.1306437419038726,2.4317599264806535,2.7769797031984043,3.0021683724543817,,2.1306437419038726,,,,1.7307429483182333,,,,5.086684237596174,"rgba(239, 83, 80, 1.0)"
2022-10-03 00:00:00+00:00,1.75,1.78,1.71,1.73,9262,0.0,0.0,0.0,0.0,0.0,0.0,0.0,0.0,,,,,1.93184091532792,2.1296993851299826,2.4312082464993847,2.7762730345048348,3.001361987199265,,2.1296993851299826,,,,1.7319895081449928,,,,5.0854596420057705,"rgba(239, 83, 80, 1.0)"
2022-10-04 00:00:00+00:00,1.82,1.83,1.75,1.75,19663,0.0,0.0,0.0,0.0,0.0,0.0,0.0,0.0,,,,,1.9290769840127509,2.1279868784441844,2.430131004241547,2.7748535487568864,2.999726103662275,,2.1279868784441844,,,,1.7416816329291596,,,,5.082904310988642,"rgba(239, 83, 80, 0.75)"
2022-10-05 00:00:00+00:00,1.84,1.88,1.79,1.79,27136,0.0,0.0,0.0,0.0,0.0,0.0,0.0,0.0,,,,,1.926478577914647,2.1259134989393464,2.428736532472763,2.772974774598393,2.9975445741463917,,2.1259134989393464,,,,1.7572922382449192,,,,5.079423651931663,"rgba(239, 83, 80, 0.5)"
2022-10-06 00:00:00+00:00,1.88,1.9,1.81,1.81,6644,0.0,0.0,0.0,0.0,0.0,0.0,0.0,0.0,,,,,1.9260468288884423,2.1254567287394384,2.428411439655455,2.772528988658442,2.9970239341562217,,2.1254567287394384,,,,1.7613941789854273,,,,5.078579580486837,#000000
2022-10-07 00:00:00+00:00,1.75,1.8747,1.75,1.8744,8127,0.0,0.0,0.0,0.0,0.0,0.0,0.0,0.0,,,,,1.9249314242840507,2.124747776708038,2.427963852104269,2.7719412979428006,2.996347458384613,,2.124747776708038,,,,1.7627573452891865,,,,5.0775246748409195,"rgba(239, 83, 80, 0.5)"
2022-10-10 00:00:00+00:00,1.78,1.82,1.7,1.73,8236,0.0,0.0,0.0,0.0,0.0,0.0,0.0,0.0,,,,,1.9236122282856205,2.123978916575485,2.427493180554119,2.771331334635658,2.995648531124442,,2.123978916575485,,,,1.7629284975901907,,,,5.076448215538511,"rgba(239, 83, 80, 0.5)"
2022-10-11 00:00:00+00:00,1.79,1.84,1.78,1.78,4603,0.0,0.0,0.0,0.0,0.0,0.0,0.0,0.0,,,,,1.9230545025374042,2.1235945948125265,2.427244999275959,2.771003185824414,2.995269899076562,,2.1235945948125265,,,,1.7638935274980154,,,,5.075853561960773,"rgba(239, 83, 80, 0.5)"
2022-10-12 00:00:00+00:00,1.82,1.84,1.7644,1.8,13407,0.0,0.0,0.0,0.0,0.0,0.0,0.0,0.0,,,,,1.9215230777360757,2.122497124281103,2.42652880618639,2.770053399321732,2.9941728751658228,,2.122497124281103,,,,1.7667709498859945,,,,5.074125304125032,#000000
2022-10-13 00:00:00+00:00,1.85,1.88,1.79,1.79,5020,0.0,0.0,0.0,0.0,0.0,0.0,0.0,0.0,,,,,1.9211183278476018,2.1221296155875824,2.4262748641948293,2.7697100169291047,2.9937736589820196,,2.1221296155875824,,,,1.7685119389059911,,,,5.073484970036471,#000000
2022-10-14 00:00:00+00:00,1.88,1.91,1.85,1.85,4306,0.0,0.0,0.0,0.0,0.0,0.0,0.0,0.0,,,,,1.9209439600333784,2.121859725180061,2.4260720653655166,2.7694283399142177,2.9934433079308604,,2.121859725180061,,,,1.7707400856787467,,,,5.072942705486311,#000000
2022-10-17 00:00:00+00:00,1.95,1.98,1.9,1.92,21118,0.0,0.0,0.0,0.0,0.0,0.0,0.0,0.0,,,,,1.9214001145808004,2.120889096610503,2.425194751203187,2.768147667987605,2.99191798777789,,2.120889096610503,,,,1.7861467838111265,,,,5.070338629131076,"rgba(38, 166, 154, 1.0)"
2022-10-18 00:00:00+00:00,1.76,2.0,1.75,2.0,59878,0.0,0.0,0.0,0.0,0.0,0.0,0.0,0.0,,,,,1.9167725852859177,2.1165741086500125,2.422177631592164,2.764071129243932,2.987179582281265,,2.1165741086500125,1.8366666666666664,,,1.796350896266512,,,,5.062727473018556,#000000
2022-10-19 00:00:00+00:00,1.75,1.83,1.75,1.75,11961,0.0,0.0,0.0,0.0,0.0,0.0,0.0,0.0,,,,,1.9152606304507542,2.1155464070082806,2.4215172656791872,2.763208680363941,2.986188591306807,,,1.8266768282780474,,,1.7955874943663206,,,,5.0611831920316925,#000000
2022-10-20 00:00:00+00:00,1.78,1.8399,1.75,1.75,10841,0.0,0.0,0.0,0.0,0.0,0.0,0.0,0.0,,,,,1.9140469981260622,2.1146566383446963,2.4209322216799,2.7624388105335695,2.985301656378902,,,1.821863392597968,,,1.7953966263017325,,,,5.059790429968511,#000000
2022-10-21 00:00:00+00:00,1.83,1.9,1.75,1.75,7863,0.0,0.0,0.0,0.0,0.0,0.0,0.0,0.0,,,,,1.9134373922468924,2.1140869254604318,2.420533207649919,2.7619022281682235,2.9846789087511927,,,1.822280521961941,,,1.7961482727382962,,,,5.058792328244366,#000000
2022-10-24 00:00:00+00:00,1.75,1.83,1.75,1.81,10322,0.0,0.0,0.0,0.0,0.0,0.0,0.0,0.0,,,,,1.9121961832148315,2.1132129503705914,2.4199661902097964,2.7611611651254933,2.983827170721036,,,1.8176126370230836,,,1.7955523453621738,,,,5.057462770219296,"rgba(239, 83, 80, 0.5)"
2022-10-25 00:00:00+00:00,1.8,1.87,1.78,1.84,22975,0.0,0.0,0.0,0.0,0.0,0.0,0.0,0.0,,,,,1.9103047288857937,2.1115130815148033,2.4187859381892727,2.759582537541074,2.981998329863388,,,1.8174371390503876,,,1.7968983017677813,,,,5.054543299969937,#000000
2022-10-26 00:00:00+00:00,1.88,1.98,1.77,1.77,20024,-1.0,1.98,1.77,0.0,0.0,0.0,0.0,0.0,,,,1.8766666666666665,1.9097340995733634,2.1103456326426713,2.417863171157811,2.7582982486960006,2.980490888010707,,,1.8256811199002763,,,1.801096835402001,,,,5.052050176153115,#000000
2022-10-27 00:00:00+00:00,1.8,1.96,1.75,1.86,8497,0.0,0.0,0.0,0.0,0.0,0.0,0.0,0.0,,,,1.86474983345605,1.909211887753285,2.109769536482247,2.4174436813385083,2.7577297263581086,2.9798293256785375,,,1.8262937713719392,,,1.8018739237490404,,,,5.0509801119879105,#000000
2022-10-28 00:00:00+00:00,1.82,1.89,1.76,1.78,9650,0.0,0.0,0.0,0.0,0.0,0.0,0.0,0.0,,,,1.8542793394636419,1.9085204415138488,2.1090864020770677,2.4169570821347284,2.7570755740384754,2.9790701677525075,,,1.826117436264616,,,1.8023934698997697,,,,5.049760671460885,#000000
2022-10-31 00:00:00+00:00,1.81,1.9,1.8,1.83,7921,0.0,0.0,0.0,0.0,0.0,0.0,0.0,0.0,,,,1.8512525673291098,1.9080486879011722,2.1085541465750492,2.416567220499014,2.7565469684485557,2.978454953650337,,,1.8266091650385647,,,1.8030613025801991,,,,5.0487645412924635,#000000
2022-11-01 00:00:00+00:00,1.88,1.9,1.8033,1.89,4974,0.0,0.0,0.0,0.0,0.0,0.0,0.0,0.0,,,,1.8522117403621456,1.9078559229609766,2.1082509183743268,2.4163329777675355,2.7562241487855252,2.9780772276819714,,,1.8275900199726334,,,1.8037628785522175,,,,5.048144091703966,#000000
2022-11-02 00:00:00+00:00,1.79,1.94,1.79,1.84,10914,0.0,0.0,0.0,0.0,0.0,0.0,0.0,0.0,,,,1.8500613864687532,1.907250058575598,2.1075315885119457,2.415800185813589,2.755499951981754,2.977233672372488,,,1.8283189109532527,,,1.8046991890667634,,,,5.046774533531196,#000000
2022-11-03 00:00:00+00:00,1.81,1.86,1.75,1.7612,5920,0.0,0.0,0.0,0.0,0.0,0.0,0.0,0.0,,,,1.8462779293078053,1.9067652688221064,2.1070946051038466,2.4154948929003814,2.755093324825456,2.976763235566163,,,1.827650394805466,,,1.8047263828250608,,,,5.046024426407593,#000000
2022-11-04 00:00:00+00:00,1.72,1.81,1.7,1.7,9046,0.0,0.0,0.0,0.0,0.0,0.0,0.0,0.0,,,,1.8341754572470736,1.9055704221550156,2.1062890746964515,2.4149805173707812,2.7544312081250792,2.9760062497448754,,,1.8238516631305641,,,1.803456578714712,,,,5.044856506535832,"rgba(239, 83, 80, 0.5)"
2022-11-07 00:00:00+00:00,1.71,1.85,1.71,1.71,11428,0.0,0.0,0.0,0.0,0.0,0.0,0.0,0.0,,,,1.8241524814990835,1.904207717395424,2.105313714295339,2.414344698210008,2.753606994380167,2.9750615908863347,,,1.8202336636602678,,,1.8022651138919337,,,,5.043388183376156,"rgba(239, 83, 80, 0.5)"
2022-11-08 00:00:00+00:00,1.7516,1.78,1.68,1.68,2355,0.0,0.0,0.0,0.0,0.0,0.0,0.0,0.0,,,,1.8218955063981748,1.9038933517491123,2.1051022101242958,2.414209952064275,2.753434002312931,2.9748639968801562,,,1.8193223284817477,,,1.8019254691601847,,,,5.043083973679739,"rgba(239, 83, 80, 0.5)"
2022-11-09 00:00:00+00:00,1.78,1.78,1.71,1.72,3324,0.0,0.0,0.0,0.0,0.0,0.0,0.0,0.0,,,,1.8195902033959577,1.9035032275876727,2.1048198668583735,2.414025319901549,2.7531946056312,2.9745895921533827,,,1.818366504201604,,,1.8015944434542732,,,,5.042657215457825,"rgba(239, 83, 80, 0.5)"
2022-11-10 00:00:00+00:00,1.51,1.77,1.51,1.77,88476,0.0,0.0,0.0,0.0,0.0,0.0,0.0,0.0,,,,1.7115340433574937,1.8832875366588204,2.0940911784877203,2.407961778686568,2.745848157509718,2.9663772465086464,,,1.7543420277508497,,,1.7682001645353806,,,,5.030787529500244,"rgba(239, 83, 80, 1.0)"
2022-11-11 00:00:00+00:00,1.55,1.6,1.51,1.51,12316,0.0,0.0,0.0,0.0,0.0,0.0,0.0,0.0,,,,1.7015343002557586,1.8802889644979366,2.0925065608505893,2.40708014745724,2.744794631099055,2.965205909144734,,,1.7465737829936567,,,1.7634342806990368,,,,5.029120963258982,"rgba(239, 83, 80, 1.0)"
2022-11-14 00:00:00+00:00,1.47,1.56,1.46,1.46,18715,0.0,0.0,0.0,0.0,0.0,0.0,0.0,0.0,,,,1.6835810423300241,1.8750634574830973,2.0898651143818525,2.40565523496359,2.743121313906598,2.963358405366502,,,1.732711863366924,,,1.7547360541302102,,,,5.026550320634869,"rgba(239, 83, 80, 1.0)"
2022-11-15 00:00:00+00:00,1.48,1.6,1.47,1.47,11834,0.0,0.0,0.0,0.0,0.0,0.0,0.0,0.0,,,,1.67481743406361,1.8720028631096448,2.088262816479305,2.4047762978000766,2.7420824841652243,2.962208473341816,,,1.7253910444954772,,,1.7499267768051419,,,,5.024935962788635,"rgba(239, 83, 80, 1.0)"
2022-11-16 00:00:00+00:00,1.51,1.54,1.46,1.47,4957,0.0,0.0,0.0,0.0,0.0,0.0,0.0,0.0,,,,1.671127210503391,1.870688802107489,2.087578714416177,2.4044031271863675,2.7416431352623145,2.961722897502644,,,1.722283286042465,,,1.747857656767073,,,,5.024257617008074,"rgba(239, 83, 80, 1.0)"
2022-11-17 00:00:00+00:00,1.45,1.5042,1.45,1.45,9349,0.0,0.0,0.0,0.0,0.0,0.0,0.0,0.0,,,,1.6632072562925877,1.8680002872709405,2.0862152102193834,2.4036726470459127,2.740791787431979,2.960785846349301,,,1.7157457078542484,,,1.7434988749915292,,,,5.022966146942496,"rgba(239, 83, 80, 1.0)"
2022-11-18 00:00:00+00:00,1.37,1.505,1.37,1.45,4393,0.0,0.0,0.0,0.0,0.0,0.0,0.0,0.0,,,,1.6587402110397809,1.8665833560822096,2.085521759438037,2.403310349105703,2.7403754772990343,2.9603303026869545,,,1.7121549022059273,,,1.7411116477835105,,,,5.0223505681276785,"rgba(239, 83, 80, 1.0)"
2022-11-21 00:00:00+00:00,1.39,1.5984,1.34,1.34,23284,0.0,0.0,0.0,0.0,0.0,0.0,0.0,0.0,,,,1.639935482608202,1.859672217175428,2.082021488950877,2.401448394526327,2.7382194787329937,2.957963638661438,,,1.6961237493087813,,,1.7300476337931994,,,,5.019116467408397,"rgba(239, 83, 80, 1.0)"
2022-11-22 00:00:00+00:00,1.35,1.41,1.35,1.37,1372,0.0,0.0,0.0,0.0,0.0,0.0,0.0,0.0,,,,1.6385574254539859,1.8592021168256574,2.08179307171057,2.401330590141905,2.73808553400955,2.9578177248493693,,,1.6949840286746025,,,1.729262486933698,,,,5.018922206165022,"rgba(239, 83, 80, 1.0)"
2022-11-23 00:00:00+00:00,1.4801,1.5,1.33,1.33,3120,0.0,0.0,0.0,0.0,0.0,0.0,0.0,0.0,,,,1.636240886358258,1.8582817363837514,2.081322807498781,2.401080116125366,2.737795879946272,2.9574999434885703,,,1.692947567109501,,,1.727818837556389,,,,5.0184885965823645,"rgba(239, 83, 80, 0.75)"
2022-11-25 00:00:00+00:00,1.42,1.42,1.35,1.35,546,0.0,0.0,0.0,0.0,0.0,0.0,0.0,0.0,,,,1.6357607089673227,1.8581058261974743,2.081235475237086,2.401034477507442,2.737743644488379,2.9574428818445204,,,1.6925393214806965,,,1.7275331220071557,,,,5.018411877695502,"rgba(239, 83, 80, 0.75)"
2022-11-28 00:00:00+00:00,1.485,1.515,1.43,1.44,3043,0.0,0.0,0.0,0.0,0.0,0.0,0.0,0.0,,,,1.6340031881448347,1.857297430104307,2.0808059896304503,2.400800451500779,2.7374699592162193,2.957141235528297,,,1.6908941830412376,,,1.7263325869567034,,,,5.017993806201653,"rgba(239, 83, 80, 0.75)"
2022-11-29 00:00:00+00:00,1.4755,1.4755,1.41,1.45,5410,0.0,0.0,0.0,0.0,0.0,0.0,0.0,0.0,,,,1.6305295970586418,1.8557823164312215,2.080014921185547,2.400374332877663,2.7369748100034537,2.9565969300087356,,,1.6877230056402808,,,1.7240323155803525,,,,5.017245955371934,"rgba(239, 83, 80, 0.75)"
2022-11-30 00:00:00+00:00,1.36,1.45,1.36,1.4,15616,0.0,0.0,0.0,0.0,0.0,0.0,0.0,0.0,,,,1.6178607508893112,1.8507896083987256,2.0775116802945615,2.3990639132277356,2.7354768976994746,2.9549615342976945,,,1.6766619135872964,,,1.716091587126159,,,,5.015050503004829,"rgba(239, 83, 80, 0.75)"
2022-12-01 00:00:00+00:00,1.4591,1.53,1.33,1.38,6941,0.0,0.0,0.0,0.0,0.0,0.0,0.0,0.0,,,,1.6137852338029715,1.848840312853035,2.076484872529942,2.3985111827321313,2.7348367284959174,2.954258779271965,,,1.6728124228913364,,,1.7132016785696524,,,,5.014088888380845,"rgba(239, 83, 80, 0.75)"
2022-12-02 00:00:00+00:00,1.35,1.4893,1.3402,1.42,4697,0.0,0.0,0.0,0.0,0.0,0.0,0.0,0.0,,,,1.6104221327915562,1.847382833887416,2.0757412623746956,2.3981193739299878,2.734388330543634,2.953768992414848,,,1.669771655145592,,,1.7109531766925534,,,,5.013429985947135,"rgba(239, 83, 80, 0.75)"
2022-12-05 00:00:00+00:00,1.29,1.48,1.2501,1.36,27583,0.0,0.0,0.0,0.0,0.0,0.0,0.0,0.0,,,,1.5882057992384182,1.8380288893552943,2.071069485268106,2.395703310205441,2.7316570855168147,2.950801207000786,,,1.6499799652554885,,,1.6962558590796493,,,,5.009508715167475,"rgba(239, 83, 80, 0.75)"
2022-12-06 00:00:00+00:00,1.16,1.275,1.16,1.27,25945,0.0,0.0,0.0,0.0,0.0,0.0,0.0,0.0,,,,1.5602361016636708,1.8271243812726319,2.065887627160859,2.3931370768221516,2.7288371842131216,2.9477749088033813,,,1.625843583733273,,,1.678364647316581,,,,5.005685803468828,"rgba(239, 83, 80, 1.0)"
2022-12-07 00:00:00+00:00,1.1,1.2142,1.1,1.16,27726,0.0,0.0,0.0,0.0,0.0,0.0,0.0,0.0,,,,1.5301750045371736,1.8147966904511792,2.060037661021464,2.3902690984452653,2.725716941111151,2.944441388956783,,,1.5994919056823378,,,1.6583853173555259,,,,5.0015444024113265,"rgba(239, 83, 80, 1.0)"
2022-12-08 00:00:00+00:00,0.9402,1.1265,0.8712,1.02,139194,0.0,0.0,0.0,0.0,0.0,0.0,0.0,0.0,,,,1.3851071887671766,1.745939307349414,2.026878092050277,2.3742659772666936,2.708687262549198,2.926435114478658,,,1.4671717509950288,,,1.5520565176651095,,,,4.9800375453890195,"rgba(239, 83, 80, 1.0)"
2022-12-09 00:00:00+00:00,0.89,1.0298,0.8801,0.912,33283,0.0,0.0,0.0,0.0,0.0,0.0,0.0,0.0,,,,1.358343073128855,1.730234579995839,2.018913459220899,2.3703686519650233,2.7045573379073344,2.9220778062940873,,,1.4412580352529,,,1.5297266791503976,,,,4.9748702822624535,"rgba(239, 83, 80, 1.0)"
2022-12-12 00:00:00+00:00,0.9,0.9999,0.880058,0.9,77486,0.0,0.0,0.0,0.0,0.0,0.0,0.0,0.0,,,,1.3060234698587134,1.6956366094682243,2.0007021558786624,2.3613348738433815,2.6949807094412885,2.911973349258315,,,1.3890098581014416,,,1.4829853411085867,,,,4.962871669470702,"rgba(239, 83, 80, 1.0)"
2022-12-13 00:00:00+00:00,0.87,0.989999,0.87,0.88,29418,0.0,0.0,0.0,0.0,0.0,0.0,0.0,0.0,,,,1.2886027501618673,1.6830011597086194,1.9938414237314304,2.357895219592252,2.69133786647328,2.9081319302950237,,,1.371230934119105,,,1.4666070205275246,,,,4.958316216647379,"rgba(239, 83, 80, 1.0)"
2022-12-14 00:00:00+00:00,0.7982,0.9579,0.7982,0.8278,32606,0.0,0.0,0.0,0.0,0.0,0.0,0.0,0.0,,,,1.2682789720254228,1.6684372714287126,1.985931860959311,2.353948372805392,2.6871854084509312,2.9037671168479657,,,1.3506923265628783,,,1.447715715437422,,,,4.953206172515702,"rgba(239, 83, 80, 1.0)"
2022-12-15 00:00:00+00:00,0.7503,0.8,0.7453,0.764,25842,0.0,0.0,0.0,0.0,0.0,0.0,0.0,0.0,,,,1.2504015278451972,1.6560714407535875,1.979269878434437,2.3506562579246597,2.6837536831624518,2.900176106540112,,,1.3329138392877777,,,1.4314990337517086,,,,4.949080258459894,"rgba(239, 83, 80, 1.0)"
2022-12-16 00:00:00+00:00,0.7066,0.7579,0.685301,0.7502,25669,0.0,0.0,0.0,0.0,0.0,0.0,0.0,0.0,,,,1.2322017455948802,1.6434670585380382,1.9724620615921002,2.347299835380387,2.6802710004556447,2.896540129813492,,,1.3148690135129588,,,1.415015666697506,,,,4.944942493520117,"rgba(239, 83, 80, 1.0)"
2022-12-19 00:00:00+00:00,0.66,0.7629,0.6017,0.72,76407,0.0,0.0,0.0,0.0,0.0,0.0,0.0,0.0,,,,1.1808508749302105,1.6062706980964356,1.9519661571729918,2.3371365191189026,2.6697581817753293,2.8855826676337775,,,1.263563188423086,,,1.3674803197007075,0.6748666666666667,,,4.932552567134938,"rgba(239, 83, 80, 1.0)"
2022-12-20 00:00:00+00:00,0.7513,0.7513,0.6402,0.6402,27908,0.0,0.0,0.0,0.0,0.0,0.0,0.0,0.0,,,,1.165660021939541,1.593932013660554,1.9448664539765883,2.333542312676714,2.6660210539283913,2.881678156278836,,,1.2479369762222456,,,,0.6854075783284603,,,4.928086711397823,"rgba(239, 83, 80, 0.75)"
2022-12-21 00:00:00+00:00,0.6901,0.76,0.6901,0.7513,1367699,0.0,0.0,0.0,0.0,0.0,0.0,0.0,0.0,,,,0.8876435196496781,1.2381830447330489,1.6746444834151648,2.1749128744615316,2.4988040808825662,2.7060714226162443,,,0.936668201020439,,,,0.7114163031963917,,,4.720199349503324,"rgba(239, 83, 80, 0.75)"
2022-12-22 00:00:00+00:00,1.4,1.95,0.89,0.92,48708405,0.0,0.0,0.0,0.0,0.0,0.0,0.0,0.0,,,,1.390369945551063,1.4019513492478022,1.4429783137779852,1.5830659766784045,1.6813619888622977,1.7461449173130261,,,1.3914058047569247,,,,1.392742997186479,,,2.6129451917737203,"rgba(239, 83, 80, 0.75)"
2022-12-23 00:00:00+00:00,1.63,1.68,1.35,1.44,3719219,0.0,0.0,0.0,0.0,0.0,0.0,0.0,0.0,,,,1.401459948662799,1.4120390335084578,1.449975084802093,1.581400492875442,1.674400333835591,1.7357992832197062,,,1.4024004022230798,,,,1.4038241593533525,,,2.563779587419782,#000000
2022-12-27 00:00:00+00:00,1.69,1.87,1.53,1.63,1330181,0.0,0.0,0.0,0.0,0.0,0.0,0.0,0.0,,,,1.4084742301544217,1.4186646191276755,1.4554450034261346,1.5836643715307939,1.6748250982480484,1.7350624544700044,,,1.4093769051893892,1.6966666666666665,,,1.4108771163659497,,,2.549624866567246,"rgba(38, 166, 154, 1.0)"
2022-12-28 00:00:00+00:00,1.56,1.67,1.4,1.62,394188,0.0,0.0,0.0,0.0,0.0,0.0,0.0,0.0,,,,1.409417167032464,1.4195187250947314,1.4560187314619935,1.5834309919044423,1.6740859315135859,1.7339985763776613,,,,1.6616149115028935,,,1.4118157875273774,,,2.544780396157994,"rgba(38, 166, 154, 1.0)"
2022-12-29 00:00:00+00:00,1.62,1.64,1.43,1.44,209997,0.0,0.0,0.0,0.0,0.0,0.0,0.0,0.0,,,,1.409988358346017,1.420041704739412,1.4563906395911477,1.5833692269753223,1.6737552508239204,1.7334955663398215,,,,1.6509453502250004,,,1.4123856594295718,,,2.5422697433354173,"rgba(38, 166, 154, 1.0)"
2022-12-30 00:00:00+00:00,1.55,1.67,1.44,1.48,229402,0.0,0.0,0.0,0.0,0.0,0.0,0.0,0.0,,,,1.410567129500201,1.420569113017191,1.4567562638348994,1.5832687270896122,1.6733637521077913,1.7329173592919809,,,,1.6405965550219186,,,1.4129623935346824,,,2.539513863255233,"rgba(38, 166, 154, 1.0)"
2023-01-03 00:00:00+00:00,1.55,1.64,1.46,1.46,89483,0.0,0.0,0.0,0.0,0.0,0.0,0.0,0.0,,,,1.4107863844735669,1.4207685728927257,1.4568932398263408,1.5832253622174743,1.6732075074017367,1.7326886548819536,,,,1.636998708384759,,,1.413180771188223,,,2.538439415408144,"rgba(38, 166, 154, 1.0)"
2023-01-04 00:00:00+00:00,1.6,1.6,1.47,1.55,339582,0.0,0.0,0.0,0.0,0.0,0.0,0.0,0.0,,,,1.4116517529675066,1.4215587103801217,1.4574463726379827,1.5830946338701088,1.6726500423933994,1.7318573987356953,,,,1.6264776623356256,,,1.4140432795277567,,,2.534410458245048,"rgba(38, 166, 154, 1.0)"
2023-01-05 00:00:00+00:00,1.53,1.59,1.47,1.47,79881,0.0,0.0,0.0,0.0,0.0,0.0,0.0,0.0,,,,1.411816667735068,1.4217068220341418,1.4575408671303327,1.583033227995149,1.6724897098069358,1.7316334084054952,,,,1.6235941768055493,,,1.414207012136718,,,2.5334417952832258,"rgba(38, 166, 154, 1.0)"
2023-01-06 00:00:00+00:00,1.55,1.55,1.43,1.54,153759,0.0,0.0,0.0,0.0,0.0,0.0,0.0,0.0,,,,1.4120793127867461,1.4219383366933298,1.4576720503052383,1.582871005488259,1.6721389302705596,1.731161029762896,,,,1.6174146990495457,,,1.4144666638872299,,,2.531545455234729,"rgba(38, 166, 154, 1.0)"
2023-01-09 00:00:00+00:00,1.55,1.62,1.51,1.56,91911,0.0,0.0,0.0,0.0,0.0,0.0,0.0,0.0,,,,1.412315465760333,1.4221543951229925,1.457824782132575,1.5828406786900238,1.6719944090320886,1.7309432417814477,,,,1.615606492040344,,,1.414702084163836,,,2.530470569292329,"rgba(38, 166, 154, 1.0)"
2023-01-10 00:00:00+00:00,1.31,1.42,1.29,1.37,412769,0.0,0.0,0.0,0.0,0.0,0.0,0.0,0.0,,,,1.4118006728012051,1.421581035757609,1.457040251144543,1.5814031259879437,1.6700839433248027,1.7287219395446147,,,,1.5814556091139214,,,1.4141633059285637,,,2.5245847762468543,"rgba(38, 166, 154, 0.75)"
2023-01-11 00:00:00+00:00,1.31,1.36,1.27,1.35,330310,0.0,0.0,0.0,0.0,0.0,0.0,0.0,0.0,,,,1.411242920617451,1.4209798471714148,1.4562785968845846,1.580139226887613,1.6684486617473964,1.7268417874371507,,,,1.5572676086034463,,,1.4135847007999383,,,2.5198114576254285,#000000
2023-01-12 00:00:00+00:00,1.42,1.43,1.28,1.28,76959,0.0,0.0,0.0,0.0,0.0,0.0,0.0,0.0,,,,1.411197349263381,1.42092258061779,1.4561804085065722,1.5799159564329093,1.668137375144293,1.7264728917026944,,,,1.5535497651147998,,,1.4135354074165583,,,2.518762817482174,#000000
2023-01-13 00:00:00+00:00,1.48,1.56,1.33,1.37,112911,0.0,0.0,0.0,0.0,0.0,0.0,0.0,0.0,,,,1.4112851039416814,1.420990224185456,1.4561812868018071,1.579717854799484,1.667806891661576,1.7260565245836283,,,,1.5507094063276274,,,1.4136197348924233,,,2.517335298800224,"rgba(38, 166, 154, 0.75)"
2023-01-17 00:00:00+00:00,1.39,1.51,1.36,1.48,48898,0.0,0.0,0.0,0.0,0.0,0.0,0.0,0.0,,,,1.4112923818413259,1.420989413308612,1.4561530072257565,1.5796067559033073,1.6676392916925575,1.7258521199213703,,,,1.5490706755574224,,,1.4136251325206295,,,2.516696947947344,#000000
2023-01-18 00:00:00+00:00,1.38,1.44,1.35,1.35,46548,0.0,0.0,0.0,0.0,0.0,0.0,0.0,0.0,,,,1.411275468363824,1.4209652750330886,1.456103823050593,1.579481288031001,1.6674606544980044,1.725638731350229,,,,1.5471946085656179,,,1.4136061217897042,,,2.516073361443071,#000000
2023-01-19 00:00:00+00:00,1.34,1.425,1.31,1.38,47417,0.0,0.0,0.0,0.0,0.0,0.0,0.0,0.0,,,,1.4112326636216255,1.4209156183907716,1.456029830526659,1.5793323169224265,1.667258176962948,1.7254011554277786,,,,1.5449525465617278,,,1.4135608515142855,,,2.515420999073476,#000000
2023-01-20 00:00:00+00:00,1.35,1.37,1.31,1.34,32454,0.0,0.0,0.0,0.0,0.0,0.0,0.0,0.0,,,,1.4111951101735176,1.4208735416012157,1.4559714860526438,1.5792235584182794,1.667113024898113,1.7252320889460782,,,,1.543327535709999,,,1.4135215055807941,,,2.5149691382950223,#000000
2023-01-23 00:00:00+00:00,1.34,1.39,1.33,1.33,22804,0.0,0.0,0.0,0.0,0.0,0.0,0.0,0.0,,,,1.411172632562477,1.420847812788062,1.4559341624993978,1.579150435633272,1.6670142583510368,1.7251164911472152,,,,1.5422576068279823,,,1.4134978204628301,,,2.514654552062655,#000000
2023-01-24 00:00:00+00:00,1.29,1.34,1.28,1.3,27663,0.0,0.0,0.0,0.0,0.0,0.0,0.0,0.0,,,,1.4111218377833277,1.420793533225683,1.4558668760275209,1.5790421691040508,1.6668754460318171,1.7249575125748786,,,,1.5406365196289438,,,1.4134452566343187,,,2.5142567430282816,"rgba(239, 83, 80, 0.5)"
2023-01-25 00:00:00+00:00,1.245,1.3,1.2201,1.26,58992,0.0,0.0,0.0,0.0,0.0,0.0,0.0,0.0,,,,1.410965209291319,1.4206304191311385,1.4556782104007404,1.578771174693657,1.6665404969969202,1.7245800950589454,,,,1.53656305271452,,,1.4132842345632257,,,2.5133754752285022,"rgba(239, 83, 80, 0.5)"
2023-01-26 00:00:00+00:00,1.26,1.3,1.23,1.25,24221,0.0,0.0,0.0,0.0,0.0,0.0,0.0,0.0,,,,1.4109044097865513,1.4205668925588408,1.4556040505871828,1.578662889990818,1.6664059016117385,1.724428046134611,,,,1.5349723382680382,,,1.413221679227703,,,2.513016384706527,"rgba(239, 83, 80, 0.5)"
2023-01-27 00:00:00+00:00,1.28,1.32,1.24,1.26,26454,0.0,0.0,0.0,0.0,0.0,0.0,0.0,0.0,,,,1.4108455554920254,1.4205049162729761,1.455530134499719,1.578550953661975,1.666265074377124,1.7242680923852387,,,,1.5333613074060346,,,1.4131610067644846,,,2.5126296517544775,"rgba(239, 83, 80, 0.5)"
2023-01-30 00:00:00+00:00,1.22,1.29,1.2,1.28,53373,0.0,0.0,0.0,0.0,0.0,0.0,0.0,0.0,,,,1.410687701382318,1.4203415273965287,1.4553444227784076,1.5782926259927283,1.6659494165207402,1.723914280064223,,,,1.529626661953005,,,1.4129989829318577,,,2.5118227216220923,"rgba(239, 83, 80, 0.5)"
2023-01-31 00:00:00+00:00,1.3,1.3,1.24,1.24,28858,0.0,0.0,0.0,0.0,0.0,0.0,0.0,0.0,,,,1.4106236944585584,1.4202741198101339,1.4552640140104511,1.5781708107807164,1.665796146773813,1.723740187042849,,,,1.5279392173760618,,,1.4129330009217627,,,2.5114016633462097,"rgba(239, 83, 80, 0.5)"
2023-02-01 00:00:00+00:00,1.32,1.34,1.22,1.3,71651,0.0,0.0,0.0,0.0,0.0,0.0,0.0,0.0,,,,1.4104812377889926,1.4201229161938578,1.455079850995057,1.5778822933622711,1.6654292558320412,1.723321494937257,,,,1.5240665982439872,,,1.4127858616523252,,,2.510368775303333,"rgba(239, 83, 80, 0.5)"
2023-02-02 00:00:00+00:00,1.44,1.51,1.38,1.44,106424,0.0,0.0,0.0,0.0,0.0,0.0,0.0,0.0,,,,1.4105403964177803,1.420163907672441,1.455060041804649,1.577680168531664,1.665104783978709,1.722917528268561,,,,1.522134557969369,,,1.4128415800145646,,,2.5090265324057865,#000000
2023-02-03 00:00:00+00:00,1.45,1.52,1.3306,1.36,89159,-1.0,1.52,1.3306,0.0,-1.0,1.52,1.3306,0.0,,,1.4335333333333335,1.4105750318321362,1.42018365948267,1.4550296716020694,1.577498982874546,1.6648216996399126,1.7225681614522996,,,,1.5203931199250014,,,1.4128731506149073,,,2.5078943194775505,"rgba(38, 166, 154, 1.0)"
2023-02-06 00:00:00+00:00,1.4,1.45,1.38,1.41,28652,0.0,0.0,0.0,0.0,0.0,0.0,0.0,0.0,,,1.427809953796052,1.4105747536063369,1.4201788268739297,1.4550092654208955,1.5774313519629344,1.6647216336693098,1.7224469418440291,,,,1.519700227861824,,,1.4128717425560593,,,2.5075230204317864,"rgba(38, 166, 154, 1.0)"
2023-02-07 00:00:00+00:00,1.34,1.4,1.31,1.37,26222,0.0,0.0,0.0,0.0,0.0,0.0,0.0,0.0,,,1.413644223661707,1.410547942436005,1.4201483615242008,1.454965732143078,1.5773473414149026,1.6646085678275322,1.7223147972790012,,,,1.518730992366501,,,1.4128435565176984,,,2.5071648667624125,#000000
2023-02-08 00:00:00+00:00,1.28,1.38,1.27,1.37,16311,0.0,0.0,0.0,0.0,0.0,0.0,0.0,0.0,,,1.403101010743568,1.410520267124099,1.4201186259983993,1.4549283588043704,1.5772859264296912,1.6645293410883355,1.7222238200402735,,,,1.51799205368252,,,1.4128148850905868,,,2.506934497290432,#000000
2023-02-09 00:00:00+00:00,1.15,1.3,1.15,1.25,13784,0.0,0.0,0.0,0.0,0.0,0.0,0.0,0.0,,,1.3870235026340776,1.4104713110121412,1.4200684206500884,1.454872830455209,1.5772126980436239,1.6644416514266644,1.7221264614648055,,,,1.517043558617375,,,1.4127647586813612,,,2.5067220022274994,"rgba(239, 83, 80, 0.5)"
2023-02-10 00:00:00+00:00,1.15,1.19,1.12,1.16,78943,0.0,0.0,0.0,0.0,0.0,0.0,0.0,0.0,,,1.3141261614329574,1.410129300411003,1.4197204482749082,1.4544971334417804,1.576742038356507,1.66388967912585,1.7215197994817584,,,,1.5109347516393592,,,1.4124152643936547,,,2.505462926931557,"rgba(239, 83, 80, 0.5)"
2023-02-13 00:00:00+00:00,1.07,1.17,1.05,1.17,89925,0.0,0.0,0.0,0.0,0.0,0.0,0.0,0.0,,,1.257113703366803,1.4096550928849547,1.4192410887433353,1.4539900006027207,1.5761355925280542,1.6631927460722735,1.7207615539071224,,,,1.5031576349986204,,,1.411931471137946,,,2.503971561113641,"rgba(239, 83, 80, 1.0)"
2023-02-14 00:00:00+00:00,1.03,1.1,1.02,1.07,35285,0.0,0.0,0.0,0.0,0.0,0.0,0.0,0.0,,,1.2377947129250477,1.4094417290375487,1.419026229793052,1.453765466007097,1.5758749323241772,1.6628972616591944,1.7204423243972633,,,,1.4998439691372958,,,1.4117140041306766,,,2.5033678610491505,"rgba(239, 83, 80, 1.0)"
2023-02-15 00:00:00+00:00,1.08,1.08,1.0,1.01,14533,0.0,0.0,0.0,0.0,0.0,0.0,0.0,0.0,,,1.2309701668813566,1.4093547377256683,1.418938606205753,1.4536738213151925,1.575768328088675,1.6627763033265763,1.7203115834302984,,,,1.498503211330914,,,1.411625335644145,,,2.503119927931369,"rgba(239, 83, 80, 1.0)"
2023-02-16 00:00:00+00:00,1.09,1.14,1.077,1.077,51209,0.0,0.0,0.0,0.0,0.0,0.0,0.0,0.0,,,1.2161345308688964,1.4090906916737607,1.4186715226491542,1.4533907163228443,1.575428238855348,1.6623847098730071,1.7198851224464164,,,,1.494355389908187,,,1.4113559304421885,,,2.502276481278976,"rgba(239, 83, 80, 1.0)"
2023-02-17 00:00:00+00:00,1.08,1.08,1.05,1.0605,7466,0.0,0.0,0.0,0.0,0.0,0.0,0.0,0.0,,,1.2137179926864219,1.4090481794198033,1.4186286447236447,1.4533456811749774,1.5753753105196109,1.662324369875401,1.7198197430801023,,,,1.493708623296675,,,1.4113125862132865,,,2.502150757892801,"rgba(239, 83, 80, 1.0)"
2023-02-21 00:00:00+00:00,1.03,1.2365,0.99,1.09,56058,0.0,0.0,0.0,0.0,0.0,0.0,0.0,0.0,,,1.199556458416659,1.4087438960553713,1.4183213337578755,1.4530215338777877,1.5749904329891944,1.6618835485070587,1.7193409652524758,,,,1.4890900490187278,,,1.411002253583109,,,2.5012176851993417,"rgba(239, 83, 80, 1.0)"
2023-02-22 00:00:00+00:00,1.04,1.09,0.99,1.05,82268,0.0,0.0,0.0,0.0,0.0,0.0,0.0,0.0,,,1.1773013602570297,1.408235668225961,1.4178098490017723,1.4524880988792463,1.5743742979505817,1.661186866421686,1.7185892971057404,,,,1.4817550406847066,,,1.4104843811080001,,,2.4998066386010933,"rgba(239, 83, 80, 1.0)"
2023-02-23 00:00:00+00:00,1.02,1.11,0.9846,1.02,84252,0.0,0.0,0.0,0.0,0.0,0.0,0.0,0.0,,,1.1599150057783574,1.4077140966771347,1.4172849717989278,1.4519408479711449,1.5737426526978129,1.6604729361978792,1.7178191862360952,,,,1.47445778358289,,,1.4099529463200222,,,2.4983626061994904,"rgba(239, 83, 80, 1.0)"
2023-02-24 00:00:00+00:00,1.0,1.05,0.9998,1.018,43706,0.0,0.0,0.0,0.0,0.0,0.0,0.0,0.0,,,1.1511883949382324,1.4074283263184493,1.4169977795322564,1.4516427377965244,1.5734023783825721,1.6600903936139384,1.7174076998350354,,,,1.4705833086376159,,,1.4096618766659867,,,2.4976035684444504,"rgba(239, 83, 80, 1.0)"
2023-02-27 00:00:00+00:00,1.0,1.05,0.99,1.02,56458,0.0,0.0,0.0,0.0,0.0,0.0,0.0,0.0,,,1.1411358123522997,1.4070567146477222,1.416624380922354,1.4512553654597689,1.572960862572964,1.6595944046190576,1.7168743949345555,,,,1.4656390772628873,,,1.4092833997725471,,,2.4966220581223446,"rgba(239, 83, 80, 1.0)"
2023-02-28 00:00:00+00:00,1.06,1.08,0.9798,0.9798,59812,0.0,0.0,0.0,0.0,0.0,0.0,0.0,0.0,,,1.1338782456859737,1.406690336402528,1.4162555944839306,1.4508706087636984,1.5725160729854177,1.6590913730816659,1.7163316167634626,,,,1.460817704281765,,,1.4089101101752577,,,2.495602276116866,"rgba(239, 83, 80, 0.75)"
2023-03-01 00:00:00+00:00,0.97,1.05,0.96,1.03,32408,0.0,0.0,0.0,0.0,0.0,0.0,0.0,0.0,,,1.1286214227155758,1.4064669421138385,1.4160313696149094,1.4506388295204469,1.572254322091785,1.6587986679455855,1.7160176497292925,,,,1.4579664543349409,,,1.408682660603873,,,2.4950326531712217,"rgba(239, 83, 80, 0.75)"
2023-03-02 00:00:00+00:00,1.05,1.08,0.97,0.97,23948,0.0,0.0,0.0,0.0,0.0,0.0,0.0,0.0,,,1.1260585726174444,1.4063179872294558,1.4158814955892371,1.450482674252477,1.5720744061409992,1.6585955290373606,1.7157986495912791,,,,1.4560612299903573,,,1.4085309168218108,,,2.494623210425014,"rgba(239, 83, 80, 0.75)"
2023-03-03 00:00:00+00:00,1.13,1.16,1.05,1.05,25890,0.0,0.0,0.0,0.0,0.0,0.0,0.0,0.0,,,1.1256990174497346,1.4061915978255333,1.4157534561906748,1.4503463377979922,1.5719088984113894,1.6584041450508271,1.7155897831229234,,,,1.4544068204764202,,,1.408401955020279,,,2.4942050419688986,"rgba(239, 83, 80, 0.75)"
2023-03-06 00:00:00+00:00,0.9984,1.132,0.9899,1.08,76534,0.0,0.0,0.0,0.0,0.0,0.0,0.0,0.0,,,1.119100424144082,1.40572534181493,1.4152840855982414,1.4498565162223154,1.5713423126248705,1.657763268552891,1.7148982181915522,,,,1.4485779481767451,,,1.4079269325209427,,,2.4929048840869594,"rgba(239, 83, 80, 0.75)"
2023-03-07 00:00:00+00:00,0.9606,1.03,0.95,0.97,11977,0.0,0.0,0.0,0.0,0.0,0.0,0.0,0.0,,,1.117444760947452,1.4056405474097062,1.4151990285295055,1.4497687785620323,1.5712437701745048,1.6576533818253467,1.7147805261148126,,,,1.4475489907536656,,,1.4078406182230059,,,2.4926932491343665,"rgba(239, 83, 80, 0.75)"
2023-03-08 00:00:00+00:00,0.8301,0.95,0.8301,0.95,48833,0.0,0.0,0.0,0.0,0.0,0.0,0.0,0.0,,,1.1059794647029215,1.4052057631571497,1.414764859836301,1.4493275686418097,1.570767526393743,1.6571329401758983,1.7142291732256152,,,,1.442422356612637,,,1.4073985145903973,,,2.491768190062072,"rgba(239, 83, 80, 1.0)"
2023-03-09 00:00:00+00:00,0.8,0.87,0.79,0.8301,27992,0.0,0.0,0.0,0.0,0.0,0.0,0.0,0.0,,,1.0985784364574906,1.4049335673157073,1.4144934509029188,1.449053128120013,1.5704753409729821,1.656815965808139,1.713894726511032,,,,1.4392710191669014,,,1.407121837576979,,,2.49122204808167,"rgba(239, 83, 80, 1.0)"
2023-03-10 00:00:00+00:00,0.7799,0.87,0.74,0.77,60764,0.0,0.0,0.0,0.0,0.0,0.0,0.0,0.0,,,1.0825178894404621,1.4043199960375319,1.4138820143009758,1.4484361068873648,1.5698221336530875,1.6561095246574569,1.7131506267083143,,,,1.4322848159193373,,,1.4064982659836762,,,2.490021171528423,"rgba(239, 83, 80, 1.0)"
2023-03-13 00:00:00+00:00,0.83,0.85,0.75,0.75,13996,0.0,0.0,0.0,0.0,0.0,0.0,0.0,0.0,,,1.079219541242752,1.4041819499598114,1.4137443973401242,1.4482970625187825,1.5696744325189183,1.6559494998415294,1.7129819035485072,,,,1.4307305128692467,,,1.4063579608918955,,,2.4897469916962263,"rgba(239, 83, 80, 1.0)"
2023-03-14 00:00:00+00:00,0.79,0.8899,0.79,0.8609,21153,0.0,0.0,0.0,0.0,0.0,0.0,0.0,0.0,,,1.0746222662028742,1.4039781016039088,1.4135411067131056,1.448091407625459,1.5694552181054506,1.655711560151858,1.7127307758012504,,,,1.428446099102021,,,1.4061507609400852,,,2.4893360566479537,"rgba(239, 83, 80, 1.0)"
2023-03-15 00:00:00+00:00,0.7611,0.7952,0.7363,0.7363,19161,0.0,0.0,0.0,0.0,0.0,0.0,0.0,0.0,,,1.0696519260900195,1.4037747924787798,1.4133386547361537,1.4478876260138474,1.569241039259735,1.65548085067069,1.7124883122045436,,,,1.4261909440094238,,,1.4059441819917426,,,2.48895079636845,"rgba(239, 83, 80, 1.0)"
2023-03-16 00:00:00+00:00,0.8052,0.8053,0.75,0.75,2911,0.0,0.0,0.0,0.0,0.0,0.0,0.0,0.0,,,1.068965632274934,1.403745009061584,1.4133089806499999,1.4478577020342567,1.569209425028098,1.6554467008044695,1.7124523661335755,,,,1.4258613408775629,,,1.4059139159545524,,,2.4888930493307657,"rgba(239, 83, 80, 1.0)"
2023-03-17 00:00:00+00:00,0.741,0.7504,0.71,0.7504,32543,0.0,0.0,0.0,0.0,0.0,0.0,0.0,0.0,,,1.060113407615234,1.4033836401534543,1.4129493693983466,1.4474965324347662,1.5688322281148654,1.6550418132326141,1.712027690230738,,,,1.4218957151390308,,,1.4055467958811338,,,2.488227636725103,"rgba(239, 83, 80, 1.0)"
2023-03-20 00:00:00+00:00,0.7616,0.7899,0.6001,0.71,111019,0.0,0.0,0.0,0.0,0.0,0.0,0.0,0.0,,,1.0317701249976425,1.4021232840098699,1.4116955146156502,1.4462385687348112,1.5675224668622254,1.6536383892054198,1.7105571587738804,,,,1.4083843034621464,,,1.4042665194368456,0.7172000000000001,0.7172000000000001,2.4859399603337566,"rgba(239, 83, 80, 1.0)"
2023-03-21 00:00:00+00:00,0.7616,0.7616,0.7616,0.7616,0,0.0,0.0,0.0,0.0,0.0,0.0,0.0,0.0,,,1.0317701249976425,1.4021232840098699,1.4116955146156502,1.4462385687348112,1.5675224668622254,1.6536383892054198,1.7105571587738804,,,,,,,,,0.7172000000000001,2.4859399603337566,"rgba(239, 83, 80, 1.0)"
