date,Close,High,Low,Open,Volume,OB_c0,OB_High_c0,OB_Low_c0,OB_Mitigated_Index_c0,OB,OB_High,OB_Low,OB_Mitigated_Index,aVWAP_OB_bull_c0_433,aVWAP_OB_bull_c0_406,aVWAP_OB_bull_c0_385,aVWAP_OB_bull_c0_274,aVWAP_OB_bull_c0_249,aVWAP_OB_bull_c0_140,aVWAP_OB_bear_c0_425,aVWAP_OB_bear_c0_38,aVWAP_QQEMOD_bull_dot_c0_303,aVWAP_QQEMOD_bull_dot_c0_335,aVWAP_QQEMOD_bull_dot_c0_398,aVWAP_QQEMOD_bull_dot_c0_414,aVWAP_QQEMOD_bull_dot_c0_440,aVWAP_QQEMOD_bear_dot_c0_274,aVWAP_QQEMOD_bear_dot_c0_315,aVWAP_QQEMOD_bear_dot_c0_385,aVWAP_QQEMOD_bear_dot_c0_406,aVWAP_QQEMOD_bear_dot_c0_433,aVWAP_price_maxima_minima_valley_c0_1,aVWAP_price_maxima_minima_peak_c0_1,color
2024-09-13 00:00:00+00:00,23.65,26.08,22.0,23.0,1828036,0.0,0.0,0.0,0.0,0.0,0.0,0.0,0.0,,,,,,,,,,,,,,,,,,,,,#000000
2024-09-16 00:00:00+00:00,21.65,24.2425,20.515,24.0,246001,0.0,0.0,0.0,0.0,0.0,0.0,0.0,0.0,,,,,,,,,,,,,,,,,,,,,"rgba(239, 83, 80, 0.5)"
2024-09-17 00:00:00+00:00,21.5,22.875,20.92,21.98,101382,0.0,0.0,0.0,0.0,0.0,0.0,0.0,0.0,,,,,,,,,,,,,,,,,,,,,"rgba(239, 83, 80, 0.5)"
2024-09-18 00:00:00+00:00,21.0,22.45,20.688,21.5,53549,0.0,0.0,0.0,0.0,0.0,0.0,0.0,0.0,,,,,,,,,,,,,,,,,,,,,"rgba(239, 83, 80, 0.5)"
2024-09-19 00:00:00+00:00,21.23,21.98,20.2852,21.17,119525,0.0,0.0,0.0,0.0,0.0,0.0,0.0,0.0,,,,,,,,,,,,,,,,,,,,,"rgba(239, 83, 80, 0.5)"
2024-09-20 00:00:00+00:00,22.55,24.49,21.0,21.26,438199,0.0,0.0,0.0,0.0,0.0,0.0,0.0,0.0,,,,,,,,,,,,,,,,,,,,,"rgba(239, 83, 80, 0.5)"
2024-09-23 00:00:00+00:00,22.27,23.0,21.4,22.59,106745,0.0,0.0,0.0,0.0,0.0,0.0,0.0,0.0,,,,,,,,,,,,,,,,,,,,,"rgba(239, 83, 80, 0.5)"
2024-09-24 00:00:00+00:00,22.99,23.25,22.12,22.67,106343,0.0,0.0,0.0,0.0,0.0,0.0,0.0,0.0,,,,,,,,,,,,,,,,,,,,,"rgba(239, 83, 80, 0.5)"
2024-09-25 00:00:00+00:00,23.16,23.75,22.15,23.3,132863,0.0,0.0,0.0,0.0,0.0,0.0,0.0,0.0,,,,,,,,,,,,,,,,,,,,,"rgba(239, 83, 80, 0.5)"
2024-09-26 00:00:00+00:00,24.49,25.31,23.05,23.09,154229,0.0,0.0,0.0,0.0,0.0,0.0,0.0,0.0,,,,,,,,,,,,,,,,,,,,,#000000
2024-09-27 00:00:00+00:00,23.95,24.74,23.29,24.6,88073,0.0,0.0,0.0,0.0,0.0,0.0,0.0,0.0,,,,,,,,,,,,,,,,,,,,,"rgba(38, 166, 154, 0.5)"
2024-09-30 00:00:00+00:00,25.98,26.19,23.28,23.35,125580,0.0,0.0,0.0,0.0,0.0,0.0,0.0,0.0,,,,,,,,,,,,,,,,,,,,,"rgba(38, 166, 154, 0.5)"
2024-10-01 00:00:00+00:00,24.06,25.99,22.91,25.52,192121,0.0,0.0,0.0,0.0,0.0,0.0,0.0,0.0,,,,,,,,,,,,,,,,,,,,,"rgba(38, 166, 154, 0.5)"
2024-10-02 00:00:00+00:00,23.56,24.59,22.61,23.92,131006,0.0,0.0,0.0,0.0,0.0,0.0,0.0,0.0,,,,,,,,,,,,,,,,,,,,,"rgba(38, 166, 154, 0.5)"
2024-10-03 00:00:00+00:00,24.5,25.5,23.2,23.5,118635,0.0,0.0,0.0,0.0,0.0,0.0,0.0,0.0,,,,,,,,,,,,,,,,,,,,,"rgba(38, 166, 154, 0.5)"
2024-10-04 00:00:00+00:00,23.75,24.99,22.51,24.11,182621,0.0,0.0,0.0,0.0,0.0,0.0,0.0,0.0,,,,,,,,,,,,,,,,,,,,,"rgba(38, 166, 154, 0.5)"
2024-10-07 00:00:00+00:00,24.2,24.29,23.25,23.67,31566,0.0,0.0,0.0,0.0,0.0,0.0,0.0,0.0,,,,,,,,,,,,,,,,,,,,,"rgba(38, 166, 154, 0.5)"
2024-10-08 00:00:00+00:00,21.85,26.1495,21.34,25.51,250691,0.0,0.0,0.0,0.0,0.0,0.0,0.0,0.0,,,,,,,,,,,,,,,,,,,,,#000000
2024-10-09 00:00:00+00:00,23.07,24.29,21.85,21.85,267565,0.0,0.0,0.0,0.0,0.0,0.0,0.0,0.0,,,,,,,,,,,,,,,,,,,,,#000000
2024-10-10 00:00:00+00:00,23.56,24.53,22.6685,23.02,191566,0.0,0.0,0.0,0.0,0.0,0.0,0.0,0.0,,,,,,,,,,,,,,,,,,,,,#000000
2024-10-11 00:00:00+00:00,23.94,24.65,23.53,23.7,156395,0.0,0.0,0.0,0.0,0.0,0.0,0.0,0.0,,,,,,,,,,,,,,,,,,,,,#000000
2024-10-14 00:00:00+00:00,23.55,24.31,22.57,23.78,93555,0.0,0.0,0.0,0.0,0.0,0.0,0.0,0.0,,,,,,,,,,,,,,,,,,,,,#000000
2024-10-15 00:00:00+00:00,24.09,24.41,23.055,23.82,84240,0.0,0.0,0.0,0.0,0.0,0.0,0.0,0.0,,,,,,,,,,,,,,,,,,,,,#000000
2024-10-16 00:00:00+00:00,24.19,24.19,23.505,23.76,39886,0.0,0.0,0.0,0.0,0.0,0.0,0.0,0.0,,,,,,,,,,,,,,,,,,,,,#000000
2024-10-17 00:00:00+00:00,23.16,24.89,22.8,24.56,64682,0.0,0.0,0.0,0.0,0.0,0.0,0.0,0.0,,,,,,,,,,,,,,,,,,,,,#000000
2024-10-18 00:00:00+00:00,24.07,24.2,22.9456,23.15,125514,0.0,0.0,0.0,0.0,0.0,0.0,0.0,0.0,,,,,,,,,,,,,,,,,,,,,#000000
2024-10-21 00:00:00+00:00,23.89,24.88,23.1,24.19,108041,0.0,0.0,0.0,0.0,0.0,0.0,0.0,0.0,,,,,,,,,,,,,,,,,,,,,#000000
2024-10-22 00:00:00+00:00,23.97,24.2,23.31,24.02,35882,0.0,0.0,0.0,0.0,0.0,0.0,0.0,0.0,,,,,,,,,,,,,,,,,,,,,#000000
2024-10-23 00:00:00+00:00,23.13,24.12,22.92,23.89,48421,0.0,0.0,0.0,0.0,0.0,0.0,0.0,0.0,,,,,,,,,,,,,,,,,,,,,#000000
2024-10-24 00:00:00+00:00,23.14,24.1,22.85,23.06,114522,0.0,0.0,0.0,0.0,0.0,0.0,0.0,0.0,,,,,,,,,,,,,,,,,,,,,#000000
2024-10-25 00:00:00+00:00,21.24,23.29,20.65,23.19,246500,0.0,0.0,0.0,0.0,0.0,0.0,0.0,0.0,,,,,,,,,,,,,,,,,,,,,"rgba(239, 83, 80, 0.5)"
2024-10-28 00:00:00+00:00,19.86,22.875,19.33,21.24,163347,0.0,0.0,0.0,0.0,0.0,0.0,0.0,0.0,,,,,,,,,,,,,,,,,,,,,"rgba(239, 83, 80, 0.5)"
2024-10-29 00:00:00+00:00,21.86,22.46,19.5,19.83,98683,0.0,0.0,0.0,0.0,0.0,0.0,0.0,0.0,,,,,,,,,,,,,,,,,,,,,"rgba(239, 83, 80, 0.5)"
2024-10-30 00:00:00+00:00,22.26,23.225,21.44,21.86,60853,0.0,0.0,0.0,0.0,0.0,0.0,0.0,0.0,,,,,,,,,,,,,,,,,,,,,"rgba(239, 83, 80, 0.5)"
2024-10-31 00:00:00+00:00,22.9,23.25,21.59,21.93,33736,0.0,0.0,0.0,0.0,0.0,0.0,0.0,0.0,,,,,,,,,,,,,,,,,,,,,"rgba(239, 83, 80, 0.5)"
2024-11-01 00:00:00+00:00,22.46,23.71,22.39,23.01,39060,0.0,0.0,0.0,0.0,0.0,0.0,0.0,0.0,,,,,,,,,,,,,,,,,,,,,"rgba(239, 83, 80, 0.5)"
2024-11-04 00:00:00+00:00,21.86,22.6,21.145,21.87,51799,0.0,0.0,0.0,0.0,0.0,0.0,0.0,0.0,,,,,,,,,,,,,,,,,,,,,"rgba(239, 83, 80, 0.5)"
2024-11-05 00:00:00+00:00,23.06,23.88,20.985,22.0,91021,0.0,0.0,0.0,0.0,0.0,0.0,0.0,0.0,,,,,,,,,,,,,,,,,,,,,#000000
2024-11-06 00:00:00+00:00,22.75,27.5,22.2,23.12,66435,-1.0,27.5,22.2,297.0,-1.0,27.5,22.2,297.0,,,,,,,,24.15,,,,,,,,,,,,,#000000
2024-11-07 00:00:00+00:00,23.22,23.865,21.44,22.53,77751,0.0,0.0,0.0,0.0,0.0,0.0,0.0,0.0,,,,,,,,23.44449305064292,,,,,,,,,,,,,#000000
2024-11-08 00:00:00+00:00,22.91,24.3,21.77,23.32,60673,0.0,0.0,0.0,0.0,0.0,0.0,0.0,0.0,,,,,,,,23.310873275439857,,,,,,,,,,,,,#000000
2024-11-11 00:00:00+00:00,23.5,24.0,21.02,21.02,69700,0.0,0.0,0.0,0.0,0.0,0.0,0.0,0.0,,,,,,,,23.19133661010323,,,,,,,,,,,,,#000000
2024-11-12 00:00:00+00:00,22.72,23.88,22.22,23.33,44807,0.0,0.0,0.0,0.0,0.0,0.0,0.0,0.0,,,,,,,,23.156074122897657,,,,,,,,,,,,,#000000
2024-11-13 00:00:00+00:00,20.85,23.89,20.4,22.77,96278,0.0,0.0,0.0,0.0,0.0,0.0,0.0,0.0,,,,,,,,22.821883811627256,,,,,,,,,,,,,"rgba(239, 83, 80, 0.5)"
2024-11-14 00:00:00+00:00,19.49,21.16,19.37,21.02,82026,0.0,0.0,0.0,0.0,0.0,0.0,0.0,0.0,,,,,,,,22.357879548696925,,,,,,,,,,,,,"rgba(239, 83, 80, 0.5)"
2024-11-15 00:00:00+00:00,17.61,20.45,17.0,19.3,227872,0.0,0.0,0.0,0.0,0.0,0.0,0.0,0.0,,,,,,,,21.100166066655454,,,,,,,,,,,,,"rgba(239, 83, 80, 0.5)"
2024-11-18 00:00:00+00:00,16.42,19.155,15.63,18.33,134897,0.0,0.0,0.0,0.0,0.0,0.0,0.0,0.0,,,,,,,,20.468067637566403,,,,,,,,,,,,,"rgba(239, 83, 80, 0.5)"
2024-11-19 00:00:00+00:00,15.94,17.78,15.57,15.72,126928,0.0,0.0,0.0,0.0,0.0,0.0,0.0,0.0,,,,,,,,19.948965977189836,,,,,,,,,,,,,"rgba(239, 83, 80, 0.5)"
2024-11-20 00:00:00+00:00,16.24,16.75,15.31,16.34,166659,0.0,0.0,0.0,0.0,0.0,0.0,0.0,0.0,,,,,,,,19.39311643758459,,,,,,,,,,,,,"rgba(239, 83, 80, 0.5)"
2024-11-21 00:00:00+00:00,16.51,16.61,15.65,16.22,116023,0.0,0.0,0.0,0.0,0.0,0.0,0.0,0.0,,,,,,,,19.10659181391164,,,,,,,,,,,,,"rgba(239, 83, 80, 0.5)"
2024-11-22 00:00:00+00:00,18.5,19.0,16.75,16.75,127310,0.0,0.0,0.0,0.0,0.0,0.0,0.0,0.0,,,,,,,,19.013365207747853,,,,,,,,,,,,,"rgba(239, 83, 80, 0.5)"
2024-11-25 00:00:00+00:00,19.39,20.26,18.86,19.0,201980,0.0,0.0,0.0,0.0,0.0,0.0,0.0,0.0,,,,,,,,19.075243122314905,,,,,,,,,,,,,"rgba(239, 83, 80, 0.5)"
2024-11-26 00:00:00+00:00,19.83,20.78,19.67,19.67,94497,0.0,0.0,0.0,0.0,0.0,0.0,0.0,0.0,,,,,,,,19.132041106695098,,,,,,,,,,,,,"rgba(239, 83, 80, 0.5)"
2024-11-27 00:00:00+00:00,20.97,22.6,20.0,20.13,119078,0.0,0.0,0.0,0.0,0.0,0.0,0.0,0.0,,,,,,,,19.267214440398163,,,,,,,,,,,,,#000000
2024-11-29 00:00:00+00:00,20.34,22.325,19.93,21.29,83444,0.0,0.0,0.0,0.0,0.0,0.0,0.0,0.0,,,,,,,,19.33752058419349,,,,,,,,,,,,,#000000
2024-12-02 00:00:00+00:00,19.0,21.285,18.21,20.42,136764,0.0,0.0,0.0,0.0,0.0,0.0,0.0,0.0,,,,,,,,19.348338132192758,,,,,,,,,,,,,#000000
2024-12-03 00:00:00+00:00,19.77,20.49,18.55,18.87,88180,0.0,0.0,0.0,0.0,0.0,0.0,0.0,0.0,,,,,,,,19.35893797928505,,,,,,,,,,,,,#000000
2024-12-04 00:00:00+00:00,19.24,21.99,19.06,19.47,95782,0.0,0.0,0.0,0.0,0.0,0.0,0.0,0.0,,,,,,,,19.390809179985965,,,,,,,,,,,,,#000000
2024-12-05 00:00:00+00:00,19.29,20.41,18.71,19.02,102330,0.0,0.0,0.0,0.0,0.0,0.0,0.0,0.0,,,,,,,,19.394302992048853,,,,,,,,,,,,,#000000
2024-12-06 00:00:00+00:00,22.18,22.21,18.82,18.82,157779,0.0,0.0,0.0,0.0,0.0,0.0,0.0,0.0,,,,,,,,19.501032584057846,,,,,,,,,,,,,"rgba(38, 166, 154, 1.0)"
2024-12-09 00:00:00+00:00,22.83,24.19,20.49,22.69,271328,0.0,0.0,0.0,0.0,0.0,0.0,0.0,0.0,,,,,,,,19.797413167542352,,,,,,,,,,,,,"rgba(38, 166, 154, 1.0)"
2024-12-10 00:00:00+00:00,21.65,23.82,20.85,22.8,377229,0.0,0.0,0.0,0.0,0.0,0.0,0.0,0.0,,,,,,,,20.07610384601029,,,,,,,,,,,,,"rgba(38, 166, 154, 1.0)"
2024-12-11 00:00:00+00:00,22.74,23.25,20.78,21.66,205817,0.0,0.0,0.0,0.0,0.0,0.0,0.0,0.0,,,,,,,,20.210814298496775,,,,,,,,,,,,,"rgba(38, 166, 154, 1.0)"
2024-12-12 00:00:00+00:00,20.5,22.85,20.38,22.55,160169,0.0,0.0,0.0,0.0,0.0,0.0,0.0,0.0,,,,,,,,20.258176854340267,,,,,,,,,,,,,"rgba(38, 166, 154, 1.0)"
2024-12-13 00:00:00+00:00,18.94,20.855,18.635,20.3,194312,0.0,0.0,0.0,0.0,0.0,0.0,0.0,0.0,,,,,,,,20.216979125068367,,,,,,,,,,,,,#000000
2024-12-16 00:00:00+00:00,19.14,20.72,17.9263,19.45,290679,0.0,0.0,0.0,0.0,0.0,0.0,0.0,0.0,,,,,,,,20.147182201820744,,,,,,,,,,,,,#000000
2024-12-17 00:00:00+00:00,19.9,20.74,18.735,18.95,444241,0.0,0.0,0.0,0.0,0.0,0.0,0.0,0.0,,,,,,,,20.1114582208165,,,,,,,,,,,,,#000000
2024-12-18 00:00:00+00:00,19.49,20.65,18.85,20.2,322471,0.0,0.0,0.0,0.0,0.0,0.0,0.0,0.0,,,,,,,,20.080993555709266,,,,,,,,,,,,,#000000
2024-12-19 00:00:00+00:00,20.27,20.95,18.92,19.58,351473,0.0,0.0,0.0,0.0,0.0,0.0,0.0,0.0,,,,,,,,20.07862551192903,,,,,,,,,,,,,#000000
2024-12-20 00:00:00+00:00,20.36,21.64,19.21,19.55,2771835,0.0,0.0,0.0,0.0,0.0,0.0,0.0,0.0,,,,,,,,20.193035763605128,,,,,,,,,,,,,#000000
2024-12-23 00:00:00+00:00,20.57,20.705,19.14,20.44,136566,0.0,0.0,0.0,0.0,0.0,0.0,0.0,0.0,,,,,,,,20.192102338648176,,,,,,,,,,,,,#000000
2024-12-24 00:00:00+00:00,21.56,21.64,20.25,20.62,42408,0.0,0.0,0.0,0.0,0.0,0.0,0.0,0.0,,,,,,,,20.19715129871311,,,,,,,,,,,,,"rgba(38, 166, 154, 1.0)"
2024-12-26 00:00:00+00:00,21.89,22.62,20.55,21.46,80418,0.0,0.0,0.0,0.0,0.0,0.0,0.0,0.0,,,,,,,,20.211891859619108,,,,,,,,,,,,,"rgba(38, 166, 154, 1.0)"
2024-12-27 00:00:00+00:00,20.07,21.66,19.43,21.57,90664,0.0,0.0,0.0,0.0,0.0,0.0,0.0,0.0,,,,,,,,20.21382032049448,,,,,,,,,,,,,#000000
2024-12-30 00:00:00+00:00,17.91,20.65,17.405,20.01,228944,0.0,0.0,0.0,0.0,0.0,0.0,0.0,0.0,,,,,,,,20.171564430109026,,,,,,,,,,,,,#000000
2024-12-31 00:00:00+00:00,18.43,18.72,17.55,18.0,221059,0.0,0.0,0.0,0.0,0.0,0.0,0.0,0.0,,,,,,,,20.122127137059874,,,,,,,,,,,,,"rgba(239, 83, 80, 0.5)"
2025-01-02 00:00:00+00:00,18.25,19.39,17.995,18.8,291238,0.0,0.0,0.0,0.0,0.0,0.0,0.0,0.0,,,,,,,,20.070852622987044,,,,,,,,,,,,,"rgba(239, 83, 80, 0.5)"
2025-01-03 00:00:00+00:00,18.59,18.655,16.2925,18.17,346928,0.0,0.0,0.0,0.0,0.0,0.0,0.0,0.0,,,,,,,,19.987894663293993,,,,,,,,,,,,,"rgba(239, 83, 80, 0.5)"
2025-01-06 00:00:00+00:00,16.28,18.89,16.28,18.63,305710,0.0,0.0,0.0,0.0,0.0,0.0,0.0,0.0,,,,,,,,19.89762294506259,,,,,,,,,,,,,"rgba(239, 83, 80, 1.0)"
2025-01-07 00:00:00+00:00,14.6,16.665,14.57,15.75,359040,0.0,0.0,0.0,0.0,0.0,0.0,0.0,0.0,,,,,,,,19.731268282194833,,,,,,,,,,,,,"rgba(239, 83, 80, 1.0)"
2025-01-08 00:00:00+00:00,14.51,14.94,13.775,14.94,188866,0.0,0.0,0.0,0.0,0.0,0.0,0.0,0.0,,,,,,,,19.63230556886778,,,,,,,,,,,,,"rgba(239, 83, 80, 1.0)"
2025-01-10 00:00:00+00:00,13.69,14.815,13.32,14.26,380941,0.0,0.0,0.0,0.0,0.0,0.0,0.0,0.0,,,,,,,,19.426622973939352,,,,,,,,,,,,,"rgba(239, 83, 80, 1.0)"
2025-01-13 00:00:00+00:00,12.46,13.41,12.32,13.41,238297,0.0,0.0,0.0,0.0,0.0,0.0,0.0,0.0,,,,,,,,19.278561095335927,,,,,,,,,,,,,"rgba(239, 83, 80, 1.0)"
2025-01-14 00:00:00+00:00,12.04,13.395,11.84,12.51,248110,0.0,0.0,0.0,0.0,0.0,0.0,0.0,0.0,,,,,,,,19.12433953597228,,,,,,,,,,,,,"rgba(239, 83, 80, 1.0)"
2025-01-15 00:00:00+00:00,11.89,13.18,11.77,12.08,272268,0.0,0.0,0.0,0.0,0.0,0.0,0.0,0.0,,,,,,,,18.95940229136419,,,,,,,,,,,,,"rgba(239, 83, 80, 1.0)"
2025-01-16 00:00:00+00:00,10.54,11.6,9.65,11.59,364342,0.0,0.0,0.0,0.0,0.0,0.0,0.0,0.0,,,,,,,,18.698147517065888,,,,,,,,,,,,,"rgba(239, 83, 80, 1.0)"
2025-01-17 00:00:00+00:00,9.89,10.96,9.821,10.56,225165,0.0,0.0,0.0,0.0,0.0,0.0,0.0,0.0,,,,,,,,18.537632470840407,,,,,,,,,,,,,"rgba(239, 83, 80, 1.0)"
2025-01-21 00:00:00+00:00,10.23,10.39,9.424,10.01,153824,0.0,0.0,0.0,0.0,0.0,0.0,0.0,0.0,,,,,,,,18.428756260966733,,,,,,,,,,,,,"rgba(239, 83, 80, 1.0)"
2025-01-22 00:00:00+00:00,10.85,11.07,10.2,10.3,267380,0.0,0.0,0.0,0.0,0.0,0.0,0.0,0.0,,,,,,,,18.26101342451657,,,,,,,,,,,,,"rgba(239, 83, 80, 1.0)"
2025-01-23 00:00:00+00:00,11.73,12.21,10.64,10.83,557484,0.0,0.0,0.0,0.0,0.0,0.0,0.0,0.0,,,,,,,,17.969223113338348,,,,,,,,,,,,,"rgba(239, 83, 80, 0.75)"
2025-01-24 00:00:00+00:00,10.75,11.8507,10.69,11.7,153176,0.0,0.0,0.0,0.0,0.0,0.0,0.0,0.0,,,,,,,,17.88836986235214,,,,,,,,,,,,,"rgba(239, 83, 80, 0.75)"
2025-01-27 00:00:00+00:00,10.39,10.825,9.81,10.13,377880,0.0,0.0,0.0,0.0,0.0,0.0,0.0,0.0,,,,,,,,17.675512405201836,,,,,,,,,,,,,"rgba(239, 83, 80, 0.75)"
2025-01-28 00:00:00+00:00,10.84,10.85,9.775,10.42,280932,0.0,0.0,0.0,0.0,0.0,0.0,0.0,0.0,,,,,,,,17.52789934300246,,,,,,,,,,,,,"rgba(239, 83, 80, 0.75)"
2025-01-29 00:00:00+00:00,10.27,11.0,9.9,10.89,290285,0.0,0.0,0.0,0.0,0.0,0.0,0.0,0.0,,,,,,,,17.379565620886037,,,,,,,,,,,,,"rgba(239, 83, 80, 0.75)"
2025-01-30 00:00:00+00:00,11.64,11.65,10.4,10.6,147609,0.0,0.0,0.0,0.0,0.0,0.0,0.0,0.0,,,,,,,,17.315261769770196,,,,,,,,,,,,,"rgba(239, 83, 80, 0.75)"
2025-01-31 00:00:00+00:00,10.01,11.885,9.81,11.67,382358,0.0,0.0,0.0,0.0,0.0,0.0,0.0,0.0,,,,,,,,17.1373318231663,,,,,,,,,,,,,"rgba(239, 83, 80, 0.75)"
2025-02-03 00:00:00+00:00,10.49,10.72,9.57,9.84,314442,0.0,0.0,0.0,0.0,0.0,0.0,0.0,0.0,,,,,,,,16.991344504718498,,,,,,,,,,,,,"rgba(239, 83, 80, 0.75)"
2025-02-04 00:00:00+00:00,10.93,10.99,10.41,10.49,218621,0.0,0.0,0.0,0.0,0.0,0.0,0.0,0.0,,,,,,,,16.900958260789988,,,,,,,,,,,,,"rgba(239, 83, 80, 0.5)"
2025-02-05 00:00:00+00:00,11.25,11.71,10.98,10.98,152720,0.0,0.0,0.0,0.0,0.0,0.0,0.0,0.0,,,,,,,,16.84475973845432,,,,,,,,,,,,,"rgba(239, 83, 80, 0.5)"
2025-02-06 00:00:00+00:00,12.26,14.23,12.21,12.9,942127,0.0,0.0,0.0,0.0,0.0,0.0,0.0,0.0,,,,,,,,16.614303448140085,,,,,,,,,,,,,"rgba(239, 83, 80, 0.5)"
2025-02-07 00:00:00+00:00,12.34,13.4252,12.0,12.21,565575,0.0,0.0,0.0,0.0,0.0,0.0,0.0,0.0,,,,,,,,16.477894783629694,,,,,,,,,,,,,#000000
2025-02-10 00:00:00+00:00,10.26,12.9,8.631,12.86,732406,0.0,0.0,0.0,0.0,0.0,0.0,0.0,0.0,,,,,,,,16.230702886637403,,,,,,,,,,,,,"rgba(239, 83, 80, 0.5)"
2025-02-11 00:00:00+00:00,9.65,9.97,9.07,9.92,251463,0.0,0.0,0.0,0.0,0.0,0.0,0.0,0.0,,,,,,,,16.13585125652064,,,,,,,,,,,,,"rgba(239, 83, 80, 0.5)"
2025-02-12 00:00:00+00:00,9.02,9.7,8.8,9.21,259713,0.0,0.0,0.0,0.0,0.0,0.0,0.0,0.0,,,,,,,,16.03503245310221,,,,,,,,,,,,,"rgba(239, 83, 80, 0.5)"
2025-02-13 00:00:00+00:00,8.99,9.062,8.69,8.93,206239,0.0,0.0,0.0,0.0,0.0,0.0,0.0,0.0,,,,,,,,15.954080018724564,,,,,,,,,,,,,"rgba(239, 83, 80, 1.0)"
2025-02-14 00:00:00+00:00,10.41,10.49,9.03,9.03,242972,0.0,0.0,0.0,0.0,0.0,0.0,0.0,0.0,,,,,,,,15.875083519747918,,,,,,,,,,,,,"rgba(239, 83, 80, 0.5)"
2025-02-18 00:00:00+00:00,10.9,11.47,10.25,10.53,396939,0.0,0.0,0.0,0.0,0.0,0.0,0.0,0.0,,,,,,,,15.769375664398307,,,,,,,,,,,,,"rgba(239, 83, 80, 0.5)"
2025-02-19 00:00:00+00:00,11.22,11.43,10.36,10.82,131853,0.0,0.0,0.0,0.0,0.0,0.0,0.0,0.0,,,,,,,,15.736150188661215,,,,,,,,,,,,,"rgba(239, 83, 80, 0.5)"
2025-02-20 00:00:00+00:00,11.83,12.0,11.14,11.69,184766,0.0,0.0,0.0,0.0,0.0,0.0,0.0,0.0,,,,,,,,15.696683694481715,,,,,,,,,,,,,#000000
2025-02-21 00:00:00+00:00,10.88,12.3099,10.81,11.99,151829,0.0,0.0,0.0,0.0,0.0,0.0,0.0,0.0,,,,,,,,15.662269267418669,,,,,,,,,,,,,#000000
2025-02-24 00:00:00+00:00,10.36,11.0433,10.26,10.63,102251,0.0,0.0,0.0,0.0,0.0,0.0,0.0,0.0,,,,,,,,15.635281547600995,,,,,,,,,,,,,#000000
2025-02-25 00:00:00+00:00,9.77,10.59,9.67,10.22,209428,0.0,0.0,0.0,0.0,0.0,0.0,0.0,0.0,,,,,,,,15.575058028137194,,,,,,,,,,,,,"rgba(239, 83, 80, 0.5)"
2025-02-26 00:00:00+00:00,10.0,10.68,9.6951,9.72,199382,0.0,0.0,0.0,0.0,0.0,0.0,0.0,0.0,,,,,,,,15.520070084556405,,,,,,,,,,,,,"rgba(239, 83, 80, 0.5)"
2025-02-27 00:00:00+00:00,9.82,11.04,9.3128,10.04,195899,0.0,0.0,0.0,0.0,0.0,0.0,0.0,0.0,,,,,,,,15.466450889706124,,,,,,,,,,,,,"rgba(239, 83, 80, 0.5)"
2025-02-28 00:00:00+00:00,9.6,10.13,9.0,9.65,191215,0.0,0.0,0.0,0.0,0.0,0.0,0.0,0.0,,,,,,,,15.41055510272347,,,,,,,,,,,,,"rgba(239, 83, 80, 0.5)"
2025-03-03 00:00:00+00:00,10.14,10.23,9.0,9.3,363790,0.0,0.0,0.0,0.0,0.0,0.0,0.0,0.0,,,,,,,,15.310873212786294,,,,,,,,,,,,,"rgba(239, 83, 80, 0.5)"
2025-03-04 00:00:00+00:00,10.78,10.93,9.345,9.94,135913,0.0,0.0,0.0,0.0,0.0,0.0,0.0,0.0,,,,,,,,15.278230114265428,,,,,,,,,,,,,"rgba(239, 83, 80, 0.5)"
2025-03-05 00:00:00+00:00,11.25,11.47,10.55,10.75,233950,0.0,0.0,0.0,0.0,0.0,0.0,0.0,0.0,,,,,,,,15.231307873029122,,,,,,,,,,,,,#000000
2025-03-06 00:00:00+00:00,10.26,11.25,9.805,10.79,236601,0.0,0.0,0.0,0.0,0.0,0.0,0.0,0.0,,,,,,,,15.177610401260027,,,,,,,,,,,,,#000000
2025-03-07 00:00:00+00:00,9.89,10.79,9.8,10.21,138704,0.0,0.0,0.0,0.0,0.0,0.0,0.0,0.0,,,,,,,,15.144870676659343,,,,,,,,,,,,,#000000
2025-03-10 00:00:00+00:00,8.98,10.223,8.835,9.73,215948,0.0,0.0,0.0,0.0,0.0,0.0,0.0,0.0,,,,,,,,15.08655408964322,,,,,,,,,,,,,"rgba(239, 83, 80, 0.5)"
2025-03-11 00:00:00+00:00,9.19,9.35,8.5831,8.98,139669,0.0,0.0,0.0,0.0,0.0,0.0,0.0,0.0,,,,,,,,15.047486411446839,,,,,,,,,,,,,"rgba(239, 83, 80, 0.5)"
2025-03-12 00:00:00+00:00,9.39,9.92,8.67,9.19,153272,0.0,0.0,0.0,0.0,0.0,0.0,0.0,0.0,,,,,,,,15.007202098700537,,,,,,,,,,,,,"rgba(239, 83, 80, 0.5)"
2025-03-13 00:00:00+00:00,8.63,9.8,8.54,9.78,215799,0.0,0.0,0.0,0.0,0.0,0.0,0.0,0.0,,,,,,,,14.948131094614377,,,,,,,,,,,,,"rgba(239, 83, 80, 0.5)"
2025-03-14 00:00:00+00:00,8.7,9.48,8.58,8.63,159770,0.0,0.0,0.0,0.0,0.0,0.0,0.0,0.0,,,,,,,,14.904633710809307,,,,,,,,,,,,,"rgba(239, 83, 80, 0.5)"
2025-03-17 00:00:00+00:00,8.85,9.6866,8.72,9.2,560632,0.0,0.0,0.0,0.0,0.0,0.0,0.0,0.0,,,,,,,,14.760932796685292,,,,,,,,,,,,,"rgba(239, 83, 80, 0.5)"
2025-03-18 00:00:00+00:00,8.42,9.1614,8.32,8.6,197205,0.0,0.0,0.0,0.0,0.0,0.0,0.0,0.0,,,,,,,,14.708167933621814,,,,,,,,,,,,,"rgba(239, 83, 80, 0.5)"
2025-03-19 00:00:00+00:00,8.4,8.96,8.3,8.42,140651,0.0,0.0,0.0,0.0,0.0,0.0,0.0,0.0,,,,,,,,14.670595483486537,,,,,,,,,,,,,"rgba(239, 83, 80, 0.5)"
2025-03-20 00:00:00+00:00,7.97,8.76,7.7847,8.35,426952,0.0,0.0,0.0,0.0,0.0,0.0,0.0,0.0,,,,,,,,14.552355668381887,,,,,,,,,,,,,"rgba(239, 83, 80, 0.5)"
2025-03-21 00:00:00+00:00,7.89,8.27,7.645,7.86,261934,0.0,0.0,0.0,0.0,0.0,0.0,0.0,0.0,,,,,,,,14.4793104161391,,,,,,,,,,,,,"rgba(239, 83, 80, 0.5)"
2025-03-24 00:00:00+00:00,8.13,8.3,7.82,7.98,228866,0.0,0.0,0.0,0.0,0.0,0.0,0.0,0.0,,,,,,,,14.418211265849088,,,,,,,,,,,,,"rgba(239, 83, 80, 0.5)"
2025-03-25 00:00:00+00:00,7.79,8.23,7.59,8.15,209730,0.0,0.0,0.0,0.0,0.0,0.0,0.0,0.0,,,,,,,,14.361385545050561,,,,,,,,,,,,,"rgba(239, 83, 80, 1.0)"
2025-03-26 00:00:00+00:00,7.75,7.99,7.5128,7.74,126627,0.0,0.0,0.0,0.0,0.0,0.0,0.0,0.0,,,,,,,,14.326930750432377,,,,,,,,,,,,,"rgba(239, 83, 80, 1.0)"
2025-03-27 00:00:00+00:00,7.41,7.815,7.38,7.75,209501,0.0,0.0,0.0,0.0,0.0,0.0,0.0,0.0,,,,,,,,14.268861998774378,,,,,,,,,,,,,"rgba(239, 83, 80, 1.0)"
2025-03-28 00:00:00+00:00,7.76,8.1,7.25,7.25,321021,0.0,0.0,0.0,0.0,0.0,0.0,0.0,0.0,,,,,,,,14.18396083506472,,,,,,,,,,,,,"rgba(239, 83, 80, 1.0)"
2025-03-31 00:00:00+00:00,7.38,7.925,7.16,7.57,218470,0.0,0.0,0.0,0.0,0.0,0.0,0.0,0.0,,,,,,,,14.125550681736883,,,,,,,,,,,,,"rgba(239, 83, 80, 1.0)"
2025-04-01 00:00:00+00:00,6.86,7.71,6.77,7.31,197317,0.0,0.0,0.0,0.0,0.0,0.0,0.0,0.0,,,,,,,,14.07073349544652,,,,,,,,,,,,,"rgba(239, 83, 80, 1.0)"
2025-04-02 00:00:00+00:00,6.97,7.12,6.67,6.67,268542,0.0,0.0,0.0,0.0,0.0,0.0,0.0,0.0,,,,,,,,13.995456281355423,,,,,,,,,,,,,"rgba(239, 83, 80, 1.0)"
2025-04-03 00:00:00+00:00,6.37,7.15,6.33,6.84,232296,0.0,0.0,0.0,0.0,0.0,0.0,0.0,0.0,,,,,,,,13.928869095033148,,,,,,,,,,,,,"rgba(239, 83, 80, 1.0)"
2025-04-04 00:00:00+00:00,6.04,6.42,5.66,6.34,491076,0.0,0.0,0.0,0.0,0.0,0.0,0.0,0.0,,,,,,,,13.781189593322688,,,,,,,,,,,,,"rgba(239, 83, 80, 1.0)"
2025-04-07 00:00:00+00:00,6.0,6.28,4.8069,5.48,334494,1.0,6.28,4.8069,0.0,0.0,0.0,0.0,0.0,,,,,,5.695633333333333,,13.679388532638109,,,,,,,,,,,5.695633333333333,,"rgba(239, 83, 80, 1.0)"
2025-04-08 00:00:00+00:00,5.79,6.498,5.63,6.43,322155,0.0,0.0,0.0,0.0,0.0,0.0,0.0,0.0,,,,,,5.831547152588369,,13.587056152343356,,,,,,,,,,,5.831547152588369,,"rgba(239, 83, 80, 1.0)"
2025-04-09 00:00:00+00:00,6.4,6.54,5.64,5.71,369413,0.0,0.0,0.0,0.0,0.0,0.0,0.0,0.0,,,,,,5.961800995326468,,13.486855863543205,,,,,,,,,,,5.961800995326468,,"rgba(239, 83, 80, 0.75)"
2025-04-10 00:00:00+00:00,6.27,6.76,6.0,6.56,727167,0.0,0.0,0.0,0.0,0.0,0.0,0.0,0.0,,,,,,6.120044856015197,,13.301243620206868,,,,,,,,,,,6.120044856015197,,"rgba(239, 83, 80, 0.75)"
2025-04-11 00:00:00+00:00,7.41,7.825,6.34,6.34,1184682,0.0,0.0,0.0,0.0,0.0,0.0,0.0,0.0,,,,,,6.552165185693735,,13.053120530751267,,,,,,,,,,,6.552165185693735,,"rgba(239, 83, 80, 0.5)"
2025-04-14 00:00:00+00:00,7.43,7.705,6.81,7.58,232902,0.0,0.0,0.0,0.0,0.0,0.0,0.0,0.0,,,,,,6.608196794597053,,13.007669530862646,,,,,,,,,,,6.608196794597053,,"rgba(239, 83, 80, 0.5)"
2025-04-15 00:00:00+00:00,7.38,7.56,6.94,7.36,321240,0.0,0.0,0.0,0.0,0.0,0.0,0.0,0.0,,,,,,6.671223690724815,,12.945913847518227,,,,,,,,,,,6.671223690724815,,"rgba(239, 83, 80, 0.5)"
2025-04-16 00:00:00+00:00,7.51,7.86,7.095,7.37,313148,0.0,0.0,0.0,0.0,0.0,0.0,0.0,0.0,,,,,,6.738467510529228,,12.889018075426183,,,,,,,,,,,6.738467510529228,,#000000
2025-04-17 00:00:00+00:00,7.62,7.85,7.09,7.48,218710,0.0,0.0,0.0,0.0,0.0,0.0,0.0,0.0,,,,,,6.780945828457272,,12.850208132001676,,,,,,,,,,,6.780945828457272,,#000000
2025-04-21 00:00:00+00:00,7.64,7.86,7.2,7.57,301231,0.0,0.0,0.0,0.0,0.0,0.0,0.0,0.0,,,,,,6.835668534397251,,12.798124424719967,,,,,,,,,,,6.835668534397251,,"rgba(38, 166, 154, 1.0)"
2025-04-22 00:00:00+00:00,8.64,8.89,7.38,7.69,441915,0.0,0.0,0.0,0.0,0.0,0.0,0.0,0.0,,,,,,6.97172377552859,,12.734049256517112,,,,,,,,,,,6.97172377552859,,"rgba(38, 166, 154, 1.0)"
2025-04-23 00:00:00+00:00,8.99,9.3467,8.65,8.68,419348,0.0,0.0,0.0,0.0,0.0,0.0,0.0,0.0,,,,,,7.135362070014456,,12.68415208571511,,,,,,,,,,,7.135362070014456,,"rgba(38, 166, 154, 1.0)"
2025-04-24 00:00:00+00:00,9.27,9.805,8.92,8.99,353329,0.0,0.0,0.0,0.0,0.0,0.0,0.0,0.0,,,,,,7.275444266529764,,12.646870404324199,,,,,,,,,,,7.275444266529764,,"rgba(38, 166, 154, 1.0)"
2025-04-25 00:00:00+00:00,9.17,9.64,8.75,9.07,265788,0.0,0.0,0.0,0.0,0.0,0.0,0.0,0.0,,,,,,7.3629437160689415,,12.618164685247818,,,,,,,,,,,7.3629437160689415,,"rgba(38, 166, 154, 1.0)"
2025-04-28 00:00:00+00:00,9.35,9.415,8.995,9.13,184511,0.0,0.0,0.0,0.0,0.0,0.0,0.0,0.0,,,,,,7.421173391710306,,12.598897290748345,,,,,,,,,,,7.421173391710306,,"rgba(38, 166, 154, 1.0)"
2025-04-29 00:00:00+00:00,9.87,9.99,9.025,9.38,178042,0.0,0.0,0.0,0.0,0.0,0.0,0.0,0.0,,,,,,7.48488324775558,,12.582574073070441,,,,,,,,,,,7.48488324775558,,"rgba(38, 166, 154, 1.0)"
2025-04-30 00:00:00+00:00,10.49,10.94,9.38,9.76,345746,0.0,0.0,0.0,0.0,0.0,0.0,0.0,0.0,,,,,,7.632713987443007,,12.558157345894541,,,,,,,,,,,7.632713987443007,,"rgba(38, 166, 154, 1.0)"
2025-05-01 00:00:00+00:00,11.28,11.36,10.0704,10.53,277059,0.0,0.0,0.0,0.0,0.0,0.0,0.0,0.0,,,,,,7.766156408241641,,12.544274940151126,,,,,,,,,,,7.766156408241641,,"rgba(38, 166, 154, 1.0)"
2025-05-02 00:00:00+00:00,12.0,13.0,10.83,11.28,629525,0.0,0.0,0.0,0.0,0.0,0.0,0.0,0.0,,,,,,8.120535623900132,,12.53303355257601,,,,,,,,,,,8.120535623900132,,"rgba(38, 166, 154, 1.0)"
2025-05-05 00:00:00+00:00,12.07,12.24,10.95,11.82,191858,0.0,0.0,0.0,0.0,0.0,0.0,0.0,0.0,,,,,,8.21209595266655,,12.52861364352293,,,,,,,,,,,8.21209595266655,,"rgba(38, 166, 154, 1.0)"
2025-05-06 00:00:00+00:00,10.82,11.84,10.18,11.84,436964,0.0,0.0,0.0,0.0,0.0,0.0,0.0,0.0,,,,,,8.360546102907355,,12.508449853537082,,,,,,,,,,,8.360546102907355,,"rgba(38, 166, 154, 0.75)"
2025-05-07 00:00:00+00:00,10.83,11.73,10.48,10.64,158953,0.0,0.0,0.0,0.0,0.0,0.0,0.0,0.0,,,,,,8.411917842883561,,12.501549531805143,,,,,,,,,,,8.411917842883561,,"rgba(38, 166, 154, 0.75)"
2025-05-08 00:00:00+00:00,11.71,11.73,10.5,10.84,171393,0.0,0.0,0.0,0.0,0.0,0.0,0.0,0.0,,,,,,8.47126243062743,,12.495665727218034,,,,,,,,,,,8.47126243062743,,"rgba(38, 166, 154, 0.75)"
2025-05-09 00:00:00+00:00,11.11,11.985,10.8,11.71,172110,0.0,0.0,0.0,0.0,0.0,0.0,0.0,0.0,,,,,,8.528159672148744,,12.489741436726892,,,,,,,,,,,8.528159672148744,,"rgba(38, 166, 154, 0.75)"
2025-05-12 00:00:00+00:00,11.14,11.61,10.61,11.18,168780,0.0,0.0,0.0,0.0,0.0,0.0,0.0,0.0,,,,,,8.578323385994526,,12.483127303966468,,,,,,,,,,,8.578323385994526,,"rgba(38, 166, 154, 0.75)"
2025-05-13 00:00:00+00:00,10.27,11.565,10.21,11.21,210417,0.0,0.0,0.0,0.0,0.0,0.0,0.0,0.0,,,,,,8.62787944128686,,12.472347463540062,,,,,,,,,,,8.62787944128686,,"rgba(38, 166, 154, 0.75)"
2025-05-14 00:00:00+00:00,10.17,10.62,9.84,10.3,228779,0.0,0.0,0.0,0.0,0.0,0.0,0.0,0.0,,,,,,8.667395755082147,,12.457723477300506,,,,,,,,,,,8.667395755082147,,"rgba(38, 166, 154, 0.75)"
2025-05-15 00:00:00+00:00,10.65,10.71,9.815,10.17,142700,0.0,0.0,0.0,0.0,0.0,0.0,0.0,0.0,,,,,,8.693846406909614,,12.449426708117544,,,,,,,,,,,8.693846406909614,,"rgba(38, 166, 154, 0.75)"
2025-05-16 00:00:00+00:00,11.16,11.17,10.39,10.74,167007,0.0,0.0,0.0,0.0,0.0,0.0,0.0,0.0,,,,,,8.732872934463968,,12.442209993600466,,,,,,,,,,,8.732872934463968,,"rgba(38, 166, 154, 0.75)"
2025-05-19 00:00:00+00:00,12.15,12.28,10.77,10.83,347577,0.0,0.0,0.0,0.0,0.0,0.0,0.0,0.0,,,,,,8.839106720690273,,12.435375276251811,,,,,,,,,,,8.839106720690273,,"rgba(38, 166, 154, 0.75)"
2025-05-20 00:00:00+00:00,12.36,12.43,11.47,12.13,235546,0.0,0.0,0.0,0.0,0.0,0.0,0.0,0.0,,,,,,8.91520227822184,,12.433111628563534,,,,,,,,,,,8.91520227822184,,"rgba(38, 166, 154, 1.0)"
2025-05-21 00:00:00+00:00,12.25,12.34,10.97,11.92,645718,0.0,0.0,0.0,0.0,0.0,0.0,0.0,0.0,,,,,,9.09254079005326,,12.422974506039502,,,,,,,,,,,9.09254079005326,,"rgba(38, 166, 154, 1.0)"
2025-05-22 00:00:00+00:00,12.51,12.575,11.81,12.04,272254,0.0,0.0,0.0,0.0,0.0,0.0,0.0,0.0,,,,,,9.172098963869125,,12.422062378057902,,,,,,,,,,,9.172098963869125,,"rgba(38, 166, 154, 1.0)"
2025-05-23 00:00:00+00:00,12.15,12.46,11.905,12.18,198240,0.0,0.0,0.0,0.0,0.0,0.0,0.0,0.0,,,,,,9.225340097408521,,12.420735197134427,,,,,,,,,,,9.225340097408521,,"rgba(38, 166, 154, 1.0)"
2025-05-27 00:00:00+00:00,12.6,12.7,12.11,12.5,191203,0.0,0.0,0.0,0.0,0.0,0.0,0.0,0.0,,,,,,9.279952240905086,,12.420985767016305,,,,,,,,,,,9.279952240905086,,"rgba(38, 166, 154, 1.0)"
2025-05-28 00:00:00+00:00,12.52,12.74,12.24,12.55,212687,0.0,0.0,0.0,0.0,0.0,0.0,0.0,0.0,,,,,,9.339131926572593,,12.421430289279147,,,,,,,,,,,9.339131926572593,,"rgba(38, 166, 154, 1.0)"
2025-05-29 00:00:00+00:00,12.72,12.995,12.42,12.71,152628,0.0,0.0,0.0,0.0,0.0,0.0,0.0,0.0,,,,,,9.383032448371894,,12.422597323233312,,,,,,,,,,,9.383032448371894,,"rgba(38, 166, 154, 1.0)"
2025-05-30 00:00:00+00:00,12.42,12.91,12.325,12.74,177747,0.0,0.0,0.0,0.0,0.0,0.0,0.0,0.0,,,,,,9.430349665475534,,12.423198903904895,,,,,,,,,,,9.430349665475534,,"rgba(38, 166, 154, 1.0)"
2025-06-02 00:00:00+00:00,13.14,13.43,12.2,12.51,349745,0.0,0.0,0.0,0.0,0.0,0.0,0.0,0.0,,,,,,9.53005442248114,,12.427743988478479,,,,,,,,,,,9.53005442248114,,"rgba(38, 166, 154, 1.0)"
2025-06-03 00:00:00+00:00,13.66,14.07,12.67,13.18,264842,0.0,0.0,0.0,0.0,0.0,0.0,0.0,0.0,,,,,,9.613343884884422,,12.434844593819756,,,,,,,,,,,9.613343884884422,,"rgba(38, 166, 154, 1.0)"
2025-06-04 00:00:00+00:00,13.635,14.335,13.56,13.81,222064,0.0,0.0,0.0,0.0,0.0,0.0,0.0,0.0,,,,,,9.687076743327525,,12.442870150090071,,,,,,,,,,,9.687076743327525,,"rgba(38, 166, 154, 1.0)"
2025-06-05 00:00:00+00:00,11.86,13.49,11.73,13.49,154771,0.0,0.0,0.0,0.0,0.0,0.0,0.0,0.0,,,,,,9.719159770870862,,12.44254234928152,,,,,,,,,,,9.719159770870862,,"rgba(38, 166, 154, 0.75)"
2025-06-06 00:00:00+00:00,11.37,12.46,11.3,11.88,170592,0.0,0.0,0.0,0.0,0.0,0.0,0.0,0.0,,,,,,9.745154561246936,,12.439362369782758,,,,,,,,,,,9.745154561246936,,"rgba(38, 166, 154, 0.5)"
2025-06-09 00:00:00+00:00,11.36,11.91,11.1203,11.61,178686,0.0,0.0,0.0,0.0,0.0,0.0,0.0,0.0,,,,,,9.768337897391854,,12.434944921896465,,,,,,,,,,,9.768337897391854,,#000000
2025-06-10 00:00:00+00:00,11.455,11.75,10.9,11.4,554133,0.0,0.0,0.0,0.0,0.0,0.0,0.0,0.0,,,,,,9.832595267056723,,12.420180068279913,,,,,,,,,,,9.832595267056723,,#000000
2025-06-11 00:00:00+00:00,10.94,11.715,10.91,11.63,101168,0.0,0.0,0.0,0.0,0.0,0.0,0.0,0.0,,,,,,9.842463432704506,,12.417074704530618,,,,,,,,,,,9.842463432704506,,"rgba(239, 83, 80, 1.0)"
2025-06-12 00:00:00+00:00,10.72,11.34,10.65,10.81,141315,0.0,0.0,0.0,0.0,0.0,0.0,0.0,0.0,,,,,,9.853141055134552,,12.411763096808185,,,,,,,,,,,9.853141055134552,,"rgba(239, 83, 80, 1.0)"
2025-06-13 00:00:00+00:00,10.37,10.83,10.34,10.51,123060,0.0,0.0,0.0,0.0,0.0,0.0,0.0,0.0,,,,,,9.858877219788004,,12.405979840123177,,,,,,,,,,,9.858877219788004,,"rgba(239, 83, 80, 1.0)"
2025-06-16 00:00:00+00:00,10.5,10.67,9.975,10.33,240846,0.0,0.0,0.0,0.0,0.0,0.0,0.0,0.0,,,,,,9.867618548846117,,12.393982180494087,,,,,,,,,,,9.867618548846117,,"rgba(239, 83, 80, 1.0)"
2025-06-17 00:00:00+00:00,10.1,11.17,10.05,10.5,265907,0.0,0.0,0.0,0.0,0.0,0.0,0.0,0.0,,,,,,9.877993412439842,,12.38127944589789,,,,,,,,,,,9.877993412439842,,"rgba(239, 83, 80, 1.0)"
2025-06-18 00:00:00+00:00,10.28,10.58,9.93,10.12,184797,0.0,0.0,0.0,0.0,0.0,0.0,0.0,0.0,,,,,,9.882787096659248,,12.371753700391134,,,,,,,,,,,9.882787096659248,,"rgba(239, 83, 80, 1.0)"
2025-06-20 00:00:00+00:00,9.74,10.78,9.43,10.39,383374,0.0,0.0,0.0,0.0,0.0,0.0,0.0,0.0,,,,,,9.885316702910949,,12.349674206544572,,,,,,,,,,,9.885316702910949,,"rgba(239, 83, 80, 1.0)"
2025-06-23 00:00:00+00:00,9.73,10.1699,9.48,9.56,297345,0.0,0.0,0.0,0.0,0.0,0.0,0.0,0.0,,,,,,9.883555542276389,,12.331475605804744,,,,,,,,,,,9.883555542276389,,"rgba(239, 83, 80, 1.0)"
2025-06-24 00:00:00+00:00,11.05,11.24,9.7236,9.89,391061,0.0,0.0,0.0,0.0,0.0,0.0,0.0,0.0,,,,,,9.902895240443204,,12.316075262372767,,,,,,,,,,,9.902895240443204,,"rgba(239, 83, 80, 0.75)"
2025-06-25 00:00:00+00:00,11.91,12.01,10.68,11.16,645860,0.0,0.0,0.0,0.0,0.0,0.0,0.0,0.0,,,,,,9.966436209721405,,12.304264988219007,,,,,,,,,,,9.966436209721405,,"rgba(239, 83, 80, 0.75)"
2025-06-26 00:00:00+00:00,11.29,12.51,10.64,11.95,495782,0.0,0.0,0.0,0.0,0.0,0.0,0.0,0.0,,,,,,10.010400580371718,,12.29482743549043,,,,,,,,,,,10.010400580371718,,#000000
2025-06-27 00:00:00+00:00,10.75,11.645,10.3,11.39,1142718,0.0,0.0,0.0,0.0,0.0,0.0,0.0,0.0,,,,,,10.066117177849486,,12.258921395717753,,,,,,,,,,,10.066117177849486,,#000000
2025-06-30 00:00:00+00:00,11.41,12.0,10.62,10.71,209886,0.0,0.0,0.0,0.0,0.0,0.0,0.0,0.0,,,,,,10.080669644236336,,12.254617846305289,,,,,,,,,,,10.080669644236336,,#000000
2025-07-01 00:00:00+00:00,11.61,12.0,11.01,11.41,276249,0.0,0.0,0.0,0.0,0.0,0.0,0.0,0.0,,,,,,10.102231122050027,,12.25022405632329,,,,,,,,,,,10.102231122050027,,#000000
2025-07-02 00:00:00+00:00,12.33,12.42,11.47,11.65,425670,0.0,0.0,0.0,0.0,0.0,0.0,0.0,0.0,,,,,,10.146107408726369,,12.248563905123826,,,,,,,,,,,10.146107408726369,,"rgba(38, 166, 154, 0.5)"
2025-07-03 00:00:00+00:00,12.47,12.47,11.76,12.36,92284,0.0,0.0,0.0,0.0,0.0,0.0,0.0,0.0,,,,,,10.156131678530677,,12.248532978720924,,,,,,,,,,,10.156131678530677,,"rgba(38, 166, 154, 0.5)"
2025-07-07 00:00:00+00:00,12.88,13.1,12.15,12.33,451005,0.0,0.0,0.0,0.0,0.0,0.0,0.0,0.0,,,,,,10.214699765724072,,12.253067383716726,,,,,,,,,,,10.214699765724072,,"rgba(38, 166, 154, 0.5)"
2025-07-08 00:00:00+00:00,13.07,13.15,12.54,12.88,194548,0.0,0.0,0.0,0.0,0.0,0.0,0.0,0.0,,,,,,10.241199911186301,,12.2558823298391,,,,,,,,,,,10.241199911186301,,"rgba(38, 166, 154, 0.5)"
2025-07-09 00:00:00+00:00,13.28,14.11,12.9,13.19,588765,0.0,0.0,0.0,0.0,0.0,0.0,0.0,0.0,,,,,,10.333009465682656,,12.270690545202777,,,,,,,,,,,10.333009465682656,,"rgba(38, 166, 154, 1.0)"
2025-07-10 00:00:00+00:00,12.4,13.28,12.2,13.0,199131,0.0,0.0,0.0,0.0,0.0,0.0,0.0,0.0,,,,,,10.355129072613748,,12.272202574598797,,,,,,,,,,,10.355129072613748,,"rgba(38, 166, 154, 0.5)"
2025-07-11 00:00:00+00:00,13.04,13.53,11.8,12.0,566164,0.0,0.0,0.0,0.0,0.0,0.0,0.0,0.0,,,,,,10.420109206879523,,12.278381163073696,,,,,,,,,,,10.420109206879523,,"rgba(38, 166, 154, 0.5)"
2025-07-14 00:00:00+00:00,13.87,13.99,12.93,13.1,388969,0.0,0.0,0.0,0.0,0.0,0.0,0.0,0.0,,,,,,10.477302289869785,,12.28910044799271,,,,,,,,,,,10.477302289869785,,"rgba(38, 166, 154, 1.0)"
2025-07-15 00:00:00+00:00,13.4,14.7351,12.99,14.06,307036,0.0,0.0,0.0,0.0,0.0,0.0,0.0,0.0,,,,,,10.5225793150762,,12.29815185138219,,,,,,,,,,,10.5225793150762,,"rgba(38, 166, 154, 1.0)"
2025-07-16 00:00:00+00:00,12.43,14.2358,11.8044,14.0,599296,0.0,0.0,0.0,0.0,0.0,0.0,0.0,0.0,,,,,,10.583835223083101,,12.304609819274319,,,,,,,,,,,10.583835223083101,,"rgba(38, 166, 154, 0.5)"
2025-07-17 00:00:00+00:00,12.195,12.8757,12.0201,12.43,239822,0.0,0.0,0.0,0.0,0.0,0.0,0.0,0.0,,,,,,10.602596956325193,,12.304898639206478,,,,,,,,,,,10.602596956325193,,"rgba(38, 166, 154, 0.5)"
2025-07-18 00:00:00+00:00,11.75,13.164,11.56,12.34,273419,0.0,0.0,0.0,0.0,0.0,0.0,0.0,0.0,,,,,,10.621068556318109,,12.304083207860609,,,,,,,,,,,10.621068556318109,,#000000
2025-07-21 00:00:00+00:00,12.19,13.12,11.725,11.83,365294,0.0,0.0,0.0,0.0,0.0,0.0,0.0,0.0,,,,,,10.647993751521936,,12.30438442252419,,,,,,,,,,,10.647993751521936,,#000000
2025-07-22 00:00:00+00:00,11.7,12.66,11.63,12.22,385477,0.0,0.0,0.0,0.0,0.0,0.0,0.0,0.0,,,,,,10.669861395230692,,12.302012380971597,,,,,,,,,,,10.669861395230692,,#000000
2025-07-23 00:00:00+00:00,13.68,13.7851,11.71,11.84,744235,0.0,0.0,0.0,0.0,0.0,0.0,0.0,0.0,,,,,,10.742362772802217,,12.313103893751421,,,,,,,,,,,10.742362772802217,,#000000
2025-07-24 00:00:00+00:00,13.03,14.2,12.94,13.57,523616,0.0,0.0,0.0,0.0,0.0,0.0,0.0,0.0,,,,,,10.79772380072256,,12.324101149480478,,,,,,,,,,,10.79772380072256,,"rgba(38, 166, 154, 0.5)"
2025-07-25 00:00:00+00:00,14.57,15.92,12.325,12.91,936754,0.0,0.0,0.0,0.0,0.0,0.0,0.0,0.0,,,,,,10.922989340883943,,12.359043536422506,,,,,,,,,,,10.922989340883943,,"rgba(38, 166, 154, 0.5)"
2025-07-28 00:00:00+00:00,14.55,15.1211,13.81,14.92,619334,0.0,0.0,0.0,0.0,0.0,0.0,0.0,0.0,,,,,,11.006133324618387,,12.38406810170725,,,,,,,,,,,11.006133324618387,,"rgba(38, 166, 154, 1.0)"
2025-07-29 00:00:00+00:00,14.96,15.21,14.02,14.75,417667,0.0,0.0,0.0,0.0,0.0,0.0,0.0,0.0,,,,,,11.063704993261993,,12.402469010034885,,,,,,,,,,,11.063704993261993,,"rgba(38, 166, 154, 1.0)"
2025-07-30 00:00:00+00:00,15.49,15.94,14.601,14.97,857832,0.0,0.0,0.0,0.0,0.0,0.0,0.0,0.0,,,,,,11.195424729140736,,12.449100513784618,,,,,,,,,,,11.195424729140736,,"rgba(38, 166, 154, 1.0)"
2025-07-31 00:00:00+00:00,13.25,15.89,13.0794,15.37,801235,0.0,0.0,0.0,0.0,0.0,0.0,0.0,0.0,,,,,,11.27583426246766,,12.472799161083863,,,,,,,,,,,11.27583426246766,,"rgba(38, 166, 154, 0.75)"
2025-08-01 00:00:00+00:00,13.75,13.92,12.55,12.97,513172,0.0,0.0,0.0,0.0,0.0,0.0,0.0,0.0,,,,,,11.313297863008858,,12.481446389642276,,,,,,,,,,,11.313297863008858,,"rgba(38, 166, 154, 0.75)"
2025-08-04 00:00:00+00:00,12.54,13.89,12.2673,13.82,323658,0.0,0.0,0.0,0.0,0.0,0.0,0.0,0.0,,,,,,11.330689614646921,,12.483871337432351,,,,,,,,,,,11.330689614646921,,#000000
2025-08-05 00:00:00+00:00,11.95,13.815,11.91,13.16,399912,0.0,0.0,0.0,0.0,0.0,0.0,0.0,0.0,,,,,,11.347103036860362,,12.484401726286476,,,,,,,,,,,11.347103036860362,,#000000
2025-08-06 00:00:00+00:00,11.67,11.9,11.24,11.87,428333,0.0,0.0,0.0,0.0,0.0,0.0,0.0,0.0,,,,,,11.350720460497508,,12.477730806647967,,,,,,,,,,,11.350720460497508,,"rgba(239, 83, 80, 1.0)"
2025-08-07 00:00:00+00:00,11.13,12.11,10.94,11.87,327254,0.0,0.0,0.0,0.0,0.0,0.0,0.0,0.0,,,,,,11.351175190689743,,12.471493989730199,,,,,,,,,,,11.351175190689743,,"rgba(239, 83, 80, 1.0)"
2025-08-08 00:00:00+00:00,12.16,12.64,10.1104,11.19,690301,0.0,0.0,0.0,0.0,0.0,0.0,0.0,0.0,,,,,,11.357462937948094,,12.46148896376253,,,,,,,,,,,11.357462937948094,,"rgba(239, 83, 80, 1.0)"
2025-08-11 00:00:00+00:00,11.26,12.2,10.82,12.17,335988,0.0,0.0,0.0,0.0,0.0,0.0,0.0,0.0,,,,,,11.358196581794783,,12.455486692660845,,,,,,,,,,,11.358196581794783,,"rgba(239, 83, 80, 1.0)"
2025-08-12 00:00:00+00:00,12.53,12.62,11.34,11.34,293739,0.0,0.0,0.0,0.0,0.0,0.0,0.0,0.0,,,,,,11.365590194667261,,12.454012677851319,,,,,,,,,,,11.365590194667261,,"rgba(239, 83, 80, 1.0)"
2025-08-13 00:00:00+00:00,12.95,14.28,12.4812,12.71,617570,0.0,0.0,0.0,0.0,0.0,0.0,0.0,0.0,,,,,,11.401038139397738,,12.462231786176956,,,,,,,,,,,11.401038139397738,,#000000
2025-08-14 00:00:00+00:00,13.21,13.59,12.37,12.74,342273,0.0,0.0,0.0,0.0,0.0,0.0,0.0,0.0,,,,,,11.418237833418118,,12.465669776456043,,,,,,,,,,,11.418237833418118,,#000000
2025-08-15 00:00:00+00:00,14.715,15.15,13.04,13.9,577756,0.0,0.0,0.0,0.0,0.0,0.0,0.0,0.0,,,,,,11.467930134962877,,12.483420856306576,,,,,,,,,,,11.467930134962877,,"rgba(38, 166, 154, 0.5)"
2025-08-18 00:00:00+00:00,14.57,14.94,13.65,14.59,369178,0.0,0.0,0.0,0.0,0.0,0.0,0.0,0.0,,,,,,11.499721542198577,,12.495106813005306,,,,,,,,,,,11.499721542198577,,"rgba(38, 166, 154, 1.0)"
2025-08-19 00:00:00+00:00,13.32,14.7168,13.32,14.57,299842,0.0,0.0,0.0,0.0,0.0,0.0,0.0,0.0,,,,,,11.51976624191586,,12.501510371511781,,,,,,,,,,,11.51976624191586,,"rgba(38, 166, 154, 1.0)"
2025-08-20 00:00:00+00:00,13.63,13.75,12.86,13.05,360657,0.0,0.0,0.0,0.0,0.0,0.0,0.0,0.0,,,,,,11.5395301259767,,12.50692032702965,,,,,,,,,,,11.5395301259767,,"rgba(38, 166, 154, 1.0)"
2025-08-21 00:00:00+00:00,14.15,14.23,12.98,13.51,227201,0.0,0.0,0.0,0.0,0.0,0.0,0.0,0.0,,,,,,11.554208931563744,,12.51168576391642,,,,,,,,,,,11.554208931563744,,"rgba(38, 166, 154, 1.0)"
2025-08-22 00:00:00+00:00,14.33,15.04,13.915,14.35,280077,0.0,0.0,0.0,0.0,0.0,0.0,0.0,0.0,,,,,,11.57716782186963,,12.520443650023886,,,,,,,,,,,11.57716782186963,,"rgba(38, 166, 154, 1.0)"
2025-08-25 00:00:00+00:00,13.89,14.3,13.63,14.26,148478,0.0,0.0,0.0,0.0,0.0,0.0,0.0,0.0,,,,,,11.587131681854967,,12.52387404065391,,,,,,,,,,,11.587131681854967,,"rgba(38, 166, 154, 1.0)"
2025-08-26 00:00:00+00:00,15.37,15.465,13.99,14.11,267599,0.0,0.0,0.0,0.0,0.0,0.0,0.0,0.0,,,,,,11.612434055035349,,12.534358475170398,,,,,,,,,,,11.612434055035349,,"rgba(38, 166, 154, 1.0)"
2025-08-27 00:00:00+00:00,14.31,15.39,14.0,15.39,242399,0.0,0.0,0.0,0.0,0.0,0.0,0.0,0.0,,,,,,11.63248167221709,,12.542310162557786,,,,,,,,,,,11.63248167221709,,"rgba(38, 166, 154, 1.0)"
2025-08-28 00:00:00+00:00,14.27,14.99,14.0,14.31,172872,0.0,0.0,0.0,0.0,0.0,0.0,0.0,0.0,,,,,,11.645907246849958,,12.547535053849597,,,,,,,,,,,11.645907246849958,,"rgba(38, 166, 154, 1.0)"
2025-08-29 00:00:00+00:00,15.09,15.175,13.85,14.42,154166,0.0,0.0,0.0,0.0,0.0,0.0,0.0,0.0,,,,,,11.658990338267659,,12.55287558834804,,,,,,,,,,,11.658990338267659,,"rgba(38, 166, 154, 1.0)"
2025-09-02 00:00:00+00:00,14.57,15.19,13.8,15.08,368188,0.0,0.0,0.0,0.0,0.0,0.0,0.0,0.0,,,,,,11.687917423057296,,12.564436548761002,,,,,,,,,,,11.687917423057296,,"rgba(38, 166, 154, 1.0)"
2025-09-03 00:00:00+00:00,14.4,15.1,14.355,14.57,215057,0.0,0.0,0.0,0.0,0.0,0.0,0.0,0.0,,,,,,11.705121893291336,,12.571463005389253,,,,,,,,,,,11.705121893291336,,"rgba(38, 166, 154, 1.0)"
2025-09-04 00:00:00+00:00,12.92,14.95,12.76,14.41,315607,0.0,0.0,0.0,0.0,0.0,0.0,0.0,0.0,,,,,,11.720824606577361,,12.576317948911866,,,,,,,,,,,11.720824606577361,,#000000
2025-09-05 00:00:00+00:00,11.55,13.2,10.7132,12.94,526066,0.0,0.0,0.0,0.0,0.0,0.0,0.0,0.0,,,,,,11.722231893376142,,12.570081179339486,,,,,,,,,,,11.722231893376142,,"rgba(239, 83, 80, 1.0)"
2025-09-08 00:00:00+00:00,10.9,11.87,10.76,11.65,482991,0.0,0.0,0.0,0.0,0.0,0.0,0.0,0.0,,,,,,11.715289389897853,,12.559596211885788,,,,,,,,,,,11.715289389897853,,"rgba(239, 83, 80, 1.0)"
2025-09-09 00:00:00+00:00,11.42,11.46,10.6124,10.93,305408,0.0,0.0,0.0,0.0,0.0,0.0,0.0,0.0,,,,,,11.710889875095255,,12.552987985300627,,,,,,,,,,,11.710889875095255,,"rgba(239, 83, 80, 1.0)"
2025-09-10 00:00:00+00:00,10.26,11.7,10.225,11.4,549312,0.0,0.0,0.0,0.0,0.0,0.0,0.0,0.0,,,,,,11.696982808821993,,12.53757798621247,,,,,,,,,,,11.696982808821993,,"rgba(239, 83, 80, 1.0)"
2025-09-11 00:00:00+00:00,9.93,10.46,9.865,10.31,330287,0.0,0.0,0.0,0.0,0.0,0.0,0.0,0.0,,,,,,11.68337994381937,,12.52518667174034,,,,,,,,,,,11.68337994381937,,"rgba(239, 83, 80, 1.0)"
2025-09-12 00:00:00+00:00,10.83,11.44,9.63,10.01,684563,1.0,11.44,9.63,0.0,0.0,0.0,0.0,0.0,,,,,10.633333333333333,11.665330230209666,,12.505581086403335,,,,,,,,,,,11.665330230209666,,"rgba(239, 83, 80, 1.0)"
2025-09-15 00:00:00+00:00,10.87,11.19,10.33,10.77,392343,0.0,0.0,0.0,0.0,0.0,0.0,0.0,0.0,,,,,10.69283963193321,11.656855845045037,,12.495491036458736,,,,,,,,,,,11.656855845045037,,"rgba(239, 83, 80, 1.0)"
2025-09-16 00:00:00+00:00,9.745,10.86,9.71,10.83,466430,0.0,0.0,0.0,0.0,0.0,0.0,0.0,0.0,,,,,10.51518159795836,11.639064014097283,,12.47882843158212,,,,,,,,,,,11.639064014097283,,"rgba(239, 83, 80, 1.0)"
2025-09-17 00:00:00+00:00,9.94,10.74,9.64,9.64,639673,0.0,0.0,0.0,0.0,0.0,0.0,0.0,0.0,,,,,10.39547711133272,11.615342804409256,,12.456366878768414,,,,,,,,,,,11.615342804409256,,"rgba(239, 83, 80, 1.0)"
2025-09-18 00:00:00+00:00,10.07,10.46,9.95,10.0,376271,0.0,0.0,0.0,0.0,0.0,0.0,0.0,0.0,,,,,10.360856746168192,11.60221062343887,,12.443647460091595,,,,,,,,,,,11.60221062343887,,"rgba(239, 83, 80, 1.0)"
2025-09-19 00:00:00+00:00,10.0,10.28,9.665,10.15,1649364,0.0,0.0,0.0,0.0,0.0,0.0,0.0,0.0,,,,,10.212252476886459,11.540550953035392,,12.385288454348878,,,,,,,,,,,11.540550953035392,,"rgba(239, 83, 80, 1.0)"
2025-09-22 00:00:00+00:00,20.0,26.47,17.76,22.4,28303510,0.0,0.0,0.0,0.0,0.0,0.0,0.0,0.0,,,,,19.96047029714898,15.439105237718051,,14.994791403162878,,,,,,,,,,,15.439105237718051,,#000000
2025-09-23 00:00:00+00:00,18.96,21.2926,18.55,19.99,2756184,0.0,0.0,0.0,0.0,0.0,0.0,0.0,0.0,,,,,19.932367646758216,15.593262300851277,,15.120934590966472,,,,,,,,,,,15.593262300851277,,"rgba(38, 166, 154, 1.0)"
2025-09-24 00:00:00+00:00,20.1,20.45,17.9,19.74,2520598,0.0,0.0,0.0,0.0,0.0,0.0,0.0,0.0,,,,,19.902416155338873,15.720721459903256,,15.227523104592656,,,,,,,,,,,15.720721459903256,,"rgba(38, 166, 154, 1.0)"
2025-09-25 00:00:00+00:00,17.33,18.3,16.89,17.6,5627271,0.0,0.0,0.0,0.0,0.0,0.0,0.0,0.0,,,,,19.591897744072085,15.842456585691751,,15.345415175260287,,,,,,,,,,,15.842456585691751,,"rgba(38, 166, 154, 1.0)"
2025-09-26 00:00:00+00:00,17.51,18.45,16.9,17.05,2143365,0.0,0.0,0.0,0.0,0.0,0.0,0.0,0.0,,,,,19.49912916827811,15.887438177763217,,15.389363271471847,,,,,,,,,,,15.887438177763217,,"rgba(38, 166, 154, 1.0)"
2025-09-29 00:00:00+00:00,17.94,18.29,17.5,17.69,993047,0.0,0.0,0.0,0.0,0.0,0.0,0.0,0.0,,,,,19.465230324623985,15.910876573550194,,15.41172737160618,,,,,,,,,,,15.910876573550194,,"rgba(38, 166, 154, 1.0)"
2025-09-30 00:00:00+00:00,17.5,18.145,16.95,17.94,933013,0.0,0.0,0.0,0.0,0.0,0.0,0.0,0.0,,,,,19.427239042772626,15.928333498566065,,15.429253145330565,,,,,,,,,,,15.928333498566065,,"rgba(38, 166, 154, 1.0)"
2025-10-01 00:00:00+00:00,17.9,18.29,17.57,18.12,947101,0.0,0.0,0.0,0.0,0.0,0.0,0.0,0.0,,,,,19.39776501733101,15.949873399818669,,15.449981393528148,,,,,,,,,,,15.949873399818669,,"rgba(38, 166, 154, 1.0)"
2025-10-02 00:00:00+00:00,16.75,18.21,16.66,17.91,797312,0.0,0.0,0.0,0.0,0.0,0.0,0.0,0.0,,,,,19.36227878106686,15.961212713513472,,15.462202962214459,,,,,,,,,,,15.961212713513472,,"rgba(38, 166, 154, 1.0)"
2025-10-03 00:00:00+00:00,16.69,17.6763,16.43,16.75,1678292,0.0,0.0,0.0,0.0,0.0,0.0,0.0,0.0,,,,,19.282163227364244,15.979307786851836,,15.483418070805131,,,,,,,,,,,15.979307786851836,,"rgba(38, 166, 154, 0.75)"
2025-10-06 00:00:00+00:00,16.26,16.9,16.0,16.805,1062766,0.0,0.0,0.0,0.0,0.0,0.0,0.0,0.0,,,,,19.222952721521672,15.984059423734285,,15.491598658539319,,,,,,,,,,,15.984059423734285,,"rgba(38, 166, 154, 0.75)"
2025-10-07 00:00:00+00:00,15.8,16.74,15.5,16.27,993079,0.0,0.0,0.0,0.0,0.0,0.0,0.0,0.0,,,,,19.16277232239075,15.98437505854028,,15.49597703498119,,,,,,,,,,,15.98437505854028,,"rgba(38, 166, 154, 0.75)"
2025-10-08 00:00:00+00:00,15.86,16.52,15.71,15.8,1196342,0.0,0.0,0.0,0.0,0.0,0.0,0.0,0.0,,,,,19.093573082263134,15.984960082028781,,15.50132177240596,,,,,,,,,,,15.984960082028781,,"rgba(38, 166, 154, 0.75)"
2025-10-09 00:00:00+00:00,15.86,16.19,15.5,15.97,473915,0.0,0.0,0.0,0.0,0.0,0.0,0.0,0.0,,,,,19.06543738680407,15.98427802446223,,15.502698721635474,,,,,,,,,,,15.98427802446223,,#000000
2025-10-10 00:00:00+00:00,14.91,16.01,14.8,15.86,634905,0.0,0.0,0.0,0.0,0.0,0.0,0.0,0.0,,,,,19.02149278481877,15.97927274094073,,15.501316213338539,,,,,,,,,,,15.97927274094073,,#000000
2025-10-13 00:00:00+00:00,14.5,15.32,14.48,15.15,522195,0.0,0.0,0.0,0.0,0.0,0.0,0.0,0.0,,,,,18.981668665165635,15.97260249806106,,15.498150014445537,,,,,,,,,,,15.97260249806106,,"rgba(239, 83, 80, 1.0)"
2025-10-14 00:00:00+00:00,13.52,14.44,13.43,14.25,1607133,0.0,0.0,0.0,0.0,0.0,0.0,0.0,0.0,,,,,18.836491302580423,15.936378506178793,,15.475876838705474,,,,,,,,,,,15.936378506178793,,"rgba(239, 83, 80, 1.0)"
2025-10-15 00:00:00+00:00,13.95,14.4399,13.67,14.1,1274440,0.0,0.0,0.0,0.0,0.0,0.0,0.0,0.0,,,,,18.73187146143421,15.911408946048606,,15.460918905076484,,,,,,,,,,,15.911408946048606,,"rgba(239, 83, 80, 1.0)"
2025-10-16 00:00:00+00:00,13.77,14.45,13.17,14.0,603405,0.0,0.0,0.0,0.0,0.0,0.0,0.0,0.0,,,,,18.681633569602837,15.898443182647542,,15.452862556759149,,,,,,,,,,,15.898443182647542,,"rgba(239, 83, 80, 1.0)"
2025-10-17 00:00:00+00:00,13.22,13.7148,12.94,13.58,682269,1.0,13.7148,12.94,0.0,0.0,0.0,0.0,0.0,,,,13.2916,18.620300559733366,15.880495766050638,,15.441097264602831,,,,,,13.2916,,,,,15.880495766050638,,"rgba(239, 83, 80, 1.0)"
2025-10-20 00:00:00+00:00,14.23,14.28,13.22,13.32,851388,0.0,0.0,0.0,0.0,0.0,0.0,0.0,0.0,,,,13.634896016775588,18.55435282255126,15.863710848543777,,15.430766567484753,,,,,,13.634896016775588,,,,,15.863710848543777,,"rgba(239, 83, 80, 1.0)"
2025-10-21 00:00:00+00:00,15.31,15.33,14.26,14.81,1156107,0.0,0.0,0.0,0.0,0.0,0.0,0.0,0.0,,,,14.207314032160442,18.487417240623703,15.853453538888786,,15.426553020151548,,,,,,14.207314032160442,,,,,15.853453538888786,,"rgba(239, 83, 80, 0.75)"
2025-10-22 00:00:00+00:00,14.78,15.98,14.63,15.72,695655,0.0,0.0,0.0,0.0,0.0,0.0,0.0,0.0,,,,14.396912751538288,18.45014414886149,15.848509882708882,,15.424941749364033,,,,,,14.396912751538288,,,,,15.848509882708882,,"rgba(239, 83, 80, 0.75)"
2025-10-23 00:00:00+00:00,16.13,16.49,14.61,14.78,867069,0.0,0.0,0.0,0.0,0.0,0.0,0.0,0.0,,,,14.671443696113897,18.413200523709335,15.847621637309917,,15.42708343794412,,,,,,14.671443696113897,,,,,15.847621637309917,,#000000
2025-10-24 00:00:00+00:00,17.0,17.03,15.96,16.2,659355,0.0,0.0,0.0,0.0,0.0,0.0,0.0,0.0,,,,14.938830579560463,18.395225556264922,15.852826822680276,,15.433374889029995,,,,,,14.938830579560463,,,,,15.852826822680276,,"rgba(38, 166, 154, 1.0)"
2025-10-27 00:00:00+00:00,17.44,17.805,16.91,17.13,773795,0.0,0.0,0.0,0.0,0.0,0.0,0.0,0.0,,,,15.271745490198287,18.3831922811325,15.864215513423845,,15.44496163512451,,,,,,15.271745490198287,,,,,15.864215513423845,,"rgba(38, 166, 154, 1.0)"
2025-10-28 00:00:00+00:00,17.96,18.735,16.9501,17.43,827586,0.0,0.0,0.0,0.0,0.0,0.0,0.0,0.0,,,,15.603372624924308,18.376883881302,15.880127503006248,,15.460336534924839,,,,,,15.603372624924308,,,,,15.880127503006248,,"rgba(38, 166, 154, 1.0)"
2025-10-29 00:00:00+00:00,19.52,19.86,17.9245,18.1,1367557,0.0,0.0,0.0,0.0,0.0,0.0,0.0,0.0,,,,16.21040492015956,18.3916395947531,15.921571717136453,,15.497909128333395,,,,,,16.21040492015956,,,,,15.921571717136453,,"rgba(38, 166, 154, 1.0)"
2025-10-30 00:00:00+00:00,21.79,22.5319,19.95,20.03,2168921,0.0,0.0,0.0,0.0,0.0,0.0,0.0,0.0,,,,17.335592866707223,18.48650814463236,16.03159909113997,,15.593330409257572,,,,,,17.335592866707223,,,,,16.03159909113997,,"rgba(38, 166, 154, 1.0)"
2025-10-31 00:00:00+00:00,21.96,22.33,20.77,21.25,1093638,0.0,0.0,0.0,0.0,0.0,0.0,0.0,0.0,,,,17.762619202477293,18.53620740723837,16.088048538219365,,15.642404530074423,,,,,,17.762619202477293,,,,,16.088048538219365,,"rgba(38, 166, 154, 1.0)"
2025-11-03 00:00:00+00:00,20.61,22.4,20.21,21.96,693419,0.0,0.0,0.0,0.0,0.0,0.0,0.0,0.0,,,,17.95656689389384,18.560946688305194,16.119402611405768,,15.669996428035008,,,,,,17.95656689389384,,,,,16.119402611405768,,"rgba(38, 166, 154, 1.0)"
2025-11-04 00:00:00+00:00,20.62,22.16,20.27,20.78,760143,0.0,0.0,0.0,0.0,0.0,0.0,0.0,0.0,,,,18.141224472525067,18.58691871492482,16.152935665146252,,15.699609153948497,,,,,,18.141224472525067,,,,,16.152935665146252,,"rgba(38, 166, 154, 1.0)"
2025-11-05 00:00:00+00:00,22.55,22.7,20.34,20.7,647203,0.0,0.0,0.0,0.0,0.0,0.0,0.0,0.0,,,,18.323113699546578,18.61615874778441,16.18603403426552,,15.728538608425138,,,,,,18.323113699546578,,,,,16.18603403426552,,"rgba(38, 166, 154, 1.0)"
2025-11-06 00:00:00+00:00,24.74,25.6754,22.36,22.53,1289726,0.0,0.0,0.0,0.0,0.0,0.0,0.0,0.0,,,,18.849814405015902,18.714749682797866,16.278209231694476,,15.807580303126887,,,,,,18.849814405015902,,,,,16.278209231694476,,"rgba(38, 166, 154, 1.0)"
2025-11-07 00:00:00+00:00,25.57,25.695,21.9,21.91,907706,0.0,0.0,0.0,0.0,0.0,0.0,0.0,0.0,,,,19.175387362056856,18.78367473699016,16.342865214342723,,15.863178524723805,,,,,,19.175387362056856,,,,,16.342865214342723,,"rgba(38, 166, 154, 1.0)"
2025-11-10 00:00:00+00:00,24.49,26.2,23.53,26.2,870681,0.0,0.0,0.0,0.0,0.0,0.0,0.0,0.0,,,,19.472404143969467,18.852283627406475,16.4065913752301,,15.918008242028092,,,,,,19.472404143969467,,,,,16.4065913752301,,"rgba(38, 166, 154, 1.0)"
2025-11-11 00:00:00+00:00,24.91,25.49,23.9264,24.45,584466,0.0,0.0,0.0,0.0,0.0,0.0,0.0,0.0,,,,19.655840121134617,18.89773135774702,16.4490090727373,,15.954582105908484,,,,,,19.655840121134617,,,,,16.4490090727373,,"rgba(38, 166, 154, 1.0)"
2025-11-12 00:00:00+00:00,24.6,25.66,24.34,24.93,538803,0.0,0.0,0.0,0.0,0.0,0.0,0.0,0.0,,,,19.816868544098213,18.939655438510858,16.48815778505919,,15.988377829120992,,,,,,19.816868544098213,,,,,16.48815778505919,,"rgba(38, 166, 154, 1.0)"
2025-11-13 00:00:00+00:00,24.07,25.03,23.61,24.42,696009,0.0,0.0,0.0,0.0,0.0,0.0,0.0,0.0,,,,19.986530179932938,18.987283162631584,16.53443080985563,,16.028585502056117,,,,,,19.986530179932938,,,,,16.53443080985563,,"rgba(38, 166, 154, 0.75)"
2025-11-14 00:00:00+00:00,24.79,25.9,23.0701,23.61,617816,0.0,0.0,0.0,0.0,0.0,0.0,0.0,0.0,,,,20.138112196251967,19.031619882370833,16.576890443303366,,16.065457130386548,,,,,,20.138112196251967,,,,,16.576890443303366,,"rgba(38, 166, 154, 0.75)"
2025-11-17 00:00:00+00:00,25.61,26.65,24.68,24.8,534492,0.0,0.0,0.0,0.0,0.0,0.0,0.0,0.0,,,,20.290793601642775,19.0766259304728,16.618077419511977,,16.101036715306236,,,,,,20.290793601642775,,,,,16.618077419511977,,"rgba(38, 166, 154, 0.75)"
2025-11-18 00:00:00+00:00,26.36,26.62,25.11,25.36,323791,0.0,0.0,0.0,0.0,0.0,0.0,0.0,0.0,,,,20.3855682733417,19.10516703826072,16.64389836573677,,16.123322714924598,,,,,,20.3855682733417,,,,,16.64389836573677,,"rgba(38, 166, 154, 0.75)"
2025-11-19 00:00:00+00:00,27.39,28.1325,26.04,26.36,655779,0.0,0.0,0.0,0.0,0.0,0.0,0.0,0.0,,,,20.60569765484432,19.171803089186618,16.702158184851925,,16.1733918722042,,,,,,20.60569765484432,,,,,16.702158184851925,,"rgba(38, 166, 154, 1.0)"
2025-11-20 00:00:00+00:00,27.03,28.74,26.79,27.76,729935,0.0,0.0,0.0,0.0,0.0,0.0,0.0,0.0,,,,20.846107172101043,19.247717556873326,16.76828605385611,,,,,,,,20.846107172101043,,,,,16.76828605385611,,"rgba(38, 166, 154, 1.0)"
2025-11-21 00:00:00+00:00,27.08,27.9,26.0,26.83,772818,0.0,0.0,0.0,0.0,0.0,0.0,0.0,0.0,,,,21.064367730236683,19.321579304191594,16.834036783866978,,,,,,,,21.064367730236683,,,,,16.834036783866978,,"rgba(38, 166, 154, 1.0)"
2025-11-24 00:00:00+00:00,31.24,32.115,27.44,27.44,1023233,0.0,0.0,0.0,0.0,0.0,0.0,0.0,0.0,,,,21.477472379041508,19.45802662673509,16.94742235730756,,,,,,,,21.477472379041508,,,,,16.94742235730756,,"rgba(38, 166, 154, 1.0)"
2025-11-25 00:00:00+00:00,31.6,32.17,30.0,30.48,683499,0.0,0.0,0.0,0.0,0.0,0.0,0.0,0.0,,,,21.762229745683445,19.555481847045797,17.027661912242927,,,,,,,,21.762229745683445,,,,,17.027661912242927,,"rgba(38, 166, 154, 1.0)"
2025-11-26 00:00:00+00:00,33.82,34.17,31.67,32.02,546111,0.0,0.0,0.0,0.0,0.0,0.0,0.0,0.0,,,,22.02274109864134,19.64507065841835,17.099886148503487,,,,,,,,22.02274109864134,,,,,17.099886148503487,,"rgba(38, 166, 154, 1.0)"
2025-11-28 00:00:00+00:00,34.49,34.83,33.72,33.92,255175,0.0,0.0,0.0,0.0,0.0,0.0,0.0,0.0,,,,22.15229283802581,19.68997131715167,17.135756401046727,,,34.346666666666664,,,,,22.15229283802581,,,,,17.135756401046727,,"rgba(38, 166, 154, 1.0)"
2025-12-01 00:00:00+00:00,33.0,34.58,32.85,34.07,659636,0.0,0.0,0.0,0.0,0.0,0.0,0.0,0.0,,,,22.45188497187945,19.79796524176137,17.2231420622751,,,33.71934220292498,,,,,22.45188497187945,,,,,17.2231420622751,,"rgba(38, 166, 154, 0.75)"
2025-12-02 00:00:00+00:00,33.16,34.04,31.85,33.4,791625,0.0,0.0,0.0,0.0,0.0,0.0,0.0,0.0,,,,22.77698558677882,19.92107133331992,17.32385375152079,,,33.393367175797984,,,,,22.77698558677882,,,,,17.32385375152079,,"rgba(38, 166, 154, 0.75)"
2025-12-03 00:00:00+00:00,33.94,34.6,32.6772,33.11,840317,0.0,0.0,0.0,0.0,0.0,0.0,0.0,0.0,,,,23.123734029755813,20.056336866751156,17.434221238443733,,,33.50743287399027,,,,,23.123734029755813,,,,,17.434221238443733,,"rgba(38, 166, 154, 0.75)"
2025-12-04 00:00:00+00:00,30.54,32.9986,28.0117,28.97,2132124,0.0,0.0,0.0,0.0,0.0,0.0,0.0,0.0,,,,23.673003886757314,20.309853145956254,17.65365824638838,,,32.14461200979067,,,,,23.673003886757314,,,,,17.65365824638838,,"rgba(38, 166, 154, 0.75)"
2025-12-05 00:00:00+00:00,31.97,32.07,29.98,29.98,823837,0.0,0.0,0.0,0.0,0.0,0.0,0.0,0.0,,,,23.886960349300086,20.41218678550594,17.74178915074028,,,32.024149789818864,,,,,23.886960349300086,,,,,17.74178915074028,,"rgba(38, 166, 154, 0.75)"
2025-12-08 00:00:00+00:00,31.39,33.31,31.3,32.55,599122,0.0,0.0,0.0,0.0,0.0,0.0,0.0,0.0,,,,24.04833387103143,20.489845865170935,17.808247697931733,,,32.02177859033467,,,,,24.04833387103143,,,,,17.808247697931733,,"rgba(38, 166, 154, 0.75)"
2025-12-09 00:00:00+00:00,28.68,31.96,28.545,31.16,980773,0.0,0.0,0.0,0.0,0.0,0.0,0.0,0.0,,,,24.2274498610151,20.590100898974836,17.898512247858044,,,31.704190935129503,,,,,24.2274498610151,,,,,17.898512247858044,,"rgba(38, 166, 154, 0.5)"
2025-12-10 00:00:00+00:00,28.82,30.0434,28.2389,28.62,717213,0.0,0.0,0.0,0.0,0.0,0.0,0.0,0.0,,,,24.335794387926484,20.656582323690607,17.959836512521914,,,31.458669443759952,,,,,24.335794387926484,,,,,17.959836512521914,,"rgba(38, 166, 154, 0.5)"
2025-12-11 00:00:00+00:00,28.43,29.04,27.865,28.97,823783,0.0,0.0,0.0,0.0,0.0,0.0,0.0,0.0,,,,24.439496186167915,20.726382470091565,18.025741863163127,,,31.17078408080688,,,,,24.439496186167915,,,,,18.025741863163127,,#000000
2025-12-12 00:00:00+00:00,29.86,30.05,27.93,28.76,450407,0.0,0.0,0.0,0.0,0.0,0.0,0.0,0.0,,,,24.50537712736798,20.768091142894843,18.064286563979085,,,31.07693117588632,,,,,24.50537712736798,,,,,18.064286563979085,,#000000
2025-12-15 00:00:00+00:00,28.38,30.17,28.1475,30.0,495780,0.0,0.0,0.0,0.0,0.0,0.0,0.0,0.0,,,,24.570230752452268,20.811500527614136,18.10497974243164,,,30.964108233822284,,,,,24.570230752452268,,,,,18.10497974243164,,#000000
2025-12-16 00:00:00+00:00,27.75,28.495,27.04,28.19,559104,0.0,0.0,0.0,0.0,0.0,0.0,0.0,0.0,,,,24.622484225198733,20.853094226862957,18.145707799844136,,,30.78733695589002,,,,,24.622484225198733,27.761666666666667,,,,18.145707799844136,,"rgba(239, 83, 80, 1.0)"
2025-12-17 00:00:00+00:00,27.7,28.3,27.135,27.75,649481,0.0,0.0,0.0,0.0,0.0,0.0,0.0,0.0,,,,24.68014279616011,20.90044544958701,18.19234638158987,,,30.602003912230938,,,,,,27.734797187068626,,,,18.19234638158987,,"rgba(239, 83, 80, 1.0)"
2025-12-18 00:00:00+00:00,28.67,29.1899,27.7701,27.97,1155384,0.0,0.0,0.0,0.0,0.0,0.0,0.0,0.0,,,,24.804291043357278,20.993174002632756,18.28135007445141,,,30.402690799782228,,,,,,28.12996722813765,,,,18.28135007445141,,"rgba(239, 83, 80, 1.0)"
2025-12-19 00:00:00+00:00,30.42,31.61,28.76,29.33,4012928,0.0,0.0,0.0,0.0,0.0,0.0,0.0,0.0,,,,25.352430226014796,21.36801949113383,18.628814005931996,,,30.367621985238852,,,,,,29.472476692817835,,,,18.628814005931996,,#000000
2025-12-22 00:00:00+00:00,34.8,35.55,30.52,30.93,989591,0.0,0.0,0.0,0.0,0.0,0.0,0.0,0.0,,,,25.552277895773237,21.48901654270148,18.73528058234601,,,30.55785399892026,,,,,,30.030089815074245,,,,18.73528058234601,,"rgba(38, 166, 154, 0.5)"
2025-12-23 00:00:00+00:00,32.2,35.1,32.0,34.07,683963,0.0,0.0,0.0,0.0,0.0,0.0,0.0,0.0,,,,25.67625628733345,21.567710747048064,18.805430745483907,,,30.656532195658894,,,,,,30.29090811951612,,,,18.805430745483907,,"rgba(38, 166, 154, 0.5)"
2025-12-24 00:00:00+00:00,32.11,32.64,31.0,32.06,230466,0.0,0.0,0.0,0.0,0.0,0.0,0.0,0.0,,,,25.710605784459602,21.591291292528695,18.826970233117475,,,30.672801473870493,,,,,,30.336154566175058,,,,18.826970233117475,,"rgba(38, 166, 154, 0.5)"
2025-12-26 00:00:00+00:00,30.9,32.26,30.11,32.26,429633,0.0,0.0,0.0,0.0,0.0,0.0,0.0,0.0,,,,25.76524415009083,21.63146776717127,18.864411649775075,,,30.682606665391344,,,,,,30.373336704532626,,,,18.864411649775075,,"rgba(38, 166, 154, 0.5)"
2025-12-29 00:00:00+00:00,31.07,31.5582,30.53,30.75,364473,0.0,0.0,0.0,0.0,0.0,0.0,0.0,0.0,,,,25.810414709737234,21.66515215751863,18.89589947752451,,,30.689841984006453,,,,,,30.40062277614797,,,,18.89589947752451,,"rgba(38, 166, 154, 0.5)"
2025-12-30 00:00:00+00:00,30.9,31.74,30.615,31.12,315468,0.0,0.0,0.0,0.0,0.0,0.0,0.0,0.0,,,,25.849130200496198,21.694213212549286,18.923094559136388,,,30.696416765036325,,,,,,30.423614024854146,,,,18.923094559136388,,"rgba(38, 166, 154, 0.5)"
2025-12-31 00:00:00+00:00,31.54,32.05,30.725,30.97,362305,0.0,0.0,0.0,0.0,0.0,0.0,0.0,0.0,,,,25.89585201518137,21.72861595729343,18.955080967197546,,,30.710327949308166,,,,,,30.461309664038904,,,,18.955080967197546,,"rgba(38, 166, 154, 0.5)"
2026-01-02 00:00:00+00:00,30.55,31.61,29.63,31.6,564060,0.0,0.0,0.0,0.0,0.0,0.0,0.0,0.0,,,,25.956243865543588,21.777094433563857,19.001219609055227,,,30.707104088600882,,,,,,30.468710123142166,,,,19.001219609055227,,#000000
2026-01-05 00:00:00+00:00,29.31,31.0,27.84,30.76,748576,0.0,0.0,0.0,0.0,0.0,0.0,0.0,0.0,,,,26.01369506319459,21.831879470978194,19.055540984795517,,,30.659082171470484,,,,,,30.39528442988338,,,,19.055540984795517,,#000000
2026-01-06 00:00:00+00:00,28.7,30.7,27.85,29.43,490789,0.0,0.0,0.0,0.0,0.0,0.0,0.0,0.0,,,,26.047066317248735,21.865961856211612,19.08982265563181,,,30.622475160174957,,,,,,30.339566287531767,,,,19.08982265563181,,"rgba(239, 83, 80, 1.0)"
2026-01-07 00:00:00+00:00,32.55,34.4,29.5371,30.05,913663,0.0,0.0,0.0,0.0,0.0,0.0,0.0,0.0,,,,26.16837521684492,21.95527148312447,19.17249357627876,,,30.686311937698175,,,,,,30.473122081860048,,,,19.17249357627876,,#000000
2026-01-08 00:00:00+00:00,30.72,33.0,29.79,32.21,424999,0.0,0.0,0.0,0.0,0.0,0.0,0.0,0.0,,,,26.214104968270743,21.99230102554275,19.207682812892806,,,30.69546261282658,,,,,,30.49609029478075,,,,19.207682812892806,,#000000
2026-01-09 00:00:00+00:00,31.66,32.055,30.515,30.96,418804,0.0,0.0,0.0,0.0,0.0,0.0,0.0,0.0,,,,26.260500448022096,22.029447460000387,19.242849434585292,,,30.708539781551572,,,,,,30.524838833047017,,,,19.242849434585292,,#000000
2026-01-12 00:00:00+00:00,36.47,36.49,31.58,32.23,1227118,0.0,0.0,0.0,0.0,0.0,0.0,0.0,0.0,,,,26.479414512175026,22.175884605948713,19.373509473402397,,,30.91915132248557,,,,,,30.88956366963864,,,,19.373509473402397,,"rgba(38, 166, 154, 0.5)"
2026-01-13 00:00:00+00:00,36.31,36.59,35.0301,36.42,816127,0.0,0.0,0.0,0.0,0.0,0.0,0.0,0.0,,,,26.6377735113001,22.27995952699335,19.4654618564038,,,31.084740752911078,,,,,,31.159913848430133,,,,19.4654618564038,,"rgba(38, 166, 154, 0.5)"
2026-01-14 00:00:00+00:00,42.99,43.18,36.3,36.31,1425501,0.0,0.0,0.0,0.0,0.0,0.0,0.0,0.0,,,,27.03922377889586,22.521037041718973,19.670086648712736,,,31.611541562405705,,,,,,31.980725356460525,,,,19.670086648712736,,"rgba(38, 166, 154, 0.5)"
2026-01-15 00:00:00+00:00,40.91,44.89,40.4777,42.94,1061043,0.0,0.0,0.0,0.0,0.0,0.0,0.0,0.0,,,,27.349773051468233,22.7086124011189,19.8288547731515,,,32.01721440373569,42.09256666666666,,,,,32.58201506253041,,,,19.8288547731515,,"rgba(38, 166, 154, 1.0)"
2026-01-16 00:00:00+00:00,40.53,42.0,39.7,41.23,504308,0.0,0.0,0.0,0.0,0.0,0.0,0.0,0.0,,,,27.479825589013313,22.79039284847411,19.89900522013342,,,,41.65788513909447,,,,,32.806337416364094,,,,19.89900522013342,,"rgba(38, 166, 154, 1.0)"
2026-01-20 00:00:00+00:00,43.14,43.91,39.6501,39.78,765483,0.0,0.0,0.0,0.0,0.0,0.0,0.0,0.0,,,,27.694116862025695,22.923304611118997,20.01213870079856,,,,41.84688243627246,,,,,33.18388828883448,,,,20.01213870079856,,"rgba(38, 166, 154, 1.0)"
2026-01-21 00:00:00+00:00,41.09,43.46,39.27,43.0,786426,0.0,0.0,0.0,0.0,0.0,0.0,0.0,0.0,,,,27.893768336211377,23.051278213488146,20.122209815098543,,,,41.70218679752946,,,,,33.50357914580223,,,,20.122209815098543,,"rgba(38, 166, 154, 1.0)"
2026-01-22 00:00:00+00:00,42.39,43.98,40.1,41.48,843521,0.0,0.0,0.0,0.0,0.0,0.0,0.0,0.0,,,,28.11520431458632,23.193132012863988,20.243890358653093,,,,41.798976626024015,,,,,33.85545620008548,,,,20.243890358653093,,"rgba(38, 166, 154, 1.0)"
2026-01-23 00:00:00+00:00,37.85,42.56,37.02,42.0,860611,0.0,0.0,0.0,0.0,0.0,0.0,0.0,0.0,,,,28.2871645298767,23.313050123768484,20.349776413810563,,,,41.32494841388822,,,,,34.06610432501343,,,,20.349776413810563,,"rgba(38, 166, 154, 0.5)"
2026-01-26 00:00:00+00:00,36.6,37.555,35.56,37.32,616480,0.0,0.0,0.0,0.0,0.0,0.0,0.0,0.0,,,,28.37867707706349,23.384072676222715,20.41461952666044,,,,40.78607895695228,,,,,34.13561863061736,,,,20.41461952666044,,"rgba(38, 166, 154, 0.5)"
2026-01-27 00:00:00+00:00,36.07,37.89,35.11,36.97,441185,0.0,0.0,0.0,0.0,0.0,0.0,0.0,0.0,,,,28.44125047383848,23.43361369541,20.4600939963154,,,,40.4536803662787,,,,,34.17885908293468,,,,20.4600939963154,,"rgba(38, 166, 154, 0.5)"
2026-01-28 00:00:00+00:00,35.83,37.21,35.145,36.34,360193,0.0,0.0,0.0,0.0,0.0,0.0,0.0,0.0,,,,28.48973658924957,23.472863462643314,20.496343013784127,,,,40.200128642833675,,,,,34.20831714262593,,,,20.496343013784127,,#000000
2026-01-29 00:00:00+00:00,36.84,36.92,35.0,35.91,316462,0.0,0.0,0.0,0.0,0.0,0.0,0.0,0.0,,,,28.53289514962641,23.50766908985287,20.528442774327708,,,,40.00960612792834,,,,,34.236047277722086,,,,20.528442774327708,,#000000
2026-01-30 00:00:00+00:00,36.85,38.1,36.13,36.13,949865,0.0,0.0,0.0,0.0,0.0,0.0,0.0,0.0,,,,28.67229366829351,23.617279521987648,20.6287099030155,,,,39.6321015348276,,,,,34.34518391287168,,,,20.6287099030155,,#000000
2026-02-02 00:00:00+00:00,39.07,39.695,37.02,37.02,636605,0.0,0.0,0.0,0.0,0.0,0.0,0.0,0.0,,,,28.780249229708055,23.69822782256855,20.70159229253247,,,,39.55101466860686,,,,,34.453729387702346,,,,20.70159229253247,,"rgba(38, 166, 154, 0.5)"
2026-02-03 00:00:00+00:00,39.22,40.5535,37.75,39.2,2734288,0.0,0.0,0.0,0.0,0.0,0.0,0.0,0.0,,,,29.24428120791,24.049332344476735,21.017945214893654,,,,39.45636083880769,,,,,34.92041262658417,,,,21.017945214893654,,"rgba(38, 166, 154, 0.5)"
2026-02-04 00:00:00+00:00,38.37,41.39,37.1365,39.82,752547,0.0,0.0,0.0,0.0,0.0,0.0,0.0,0.0,,,,29.36227554699921,24.141890226876917,21.102140756463008,,,,39.424595827916214,,,,,35.02755669588024,,,,21.102140756463008,,"rgba(38, 166, 154, 0.5)"
2026-02-05 00:00:00+00:00,36.05,38.71,35.765,37.43,494215,0.0,0.0,0.0,0.0,0.0,0.0,0.0,0.0,,,,29.421423657633245,24.193433064659224,21.150482445694962,,,,39.31930028169331,,,,,35.05857346574913,,,,21.150482445694962,,#000000
2026-02-06 00:00:00+00:00,37.67,38.12,36.63,36.77,345355,0.0,0.0,0.0,0.0,0.0,0.0,0.0,0.0,,,,29.465675358984647,24.230989721672618,21.18544031134628,,,,39.26817067771727,,,,,35.08708356194644,,,,21.18544031134628,,#000000
2026-02-09 00:00:00+00:00,37.03,38.125,36.49,37.51,332408,0.0,0.0,0.0,0.0,0.0,0.0,0.0,0.0,,,,29.506451806742287,24.266237042729248,21.21841509011918,,,,39.214855262889074,,,,,35.11099344985195,,,,21.21841509011918,,#000000
2026-02-10 00:00:00+00:00,37.68,37.99,35.27,37.16,379990,0.0,0.0,0.0,0.0,0.0,0.0,0.0,0.0,,,,29.551137505611408,24.305569079168038,21.255392867339065,,,,39.150427403260586,,,,,35.13469581247929,,,,21.255392867339065,,#000000
2026-02-11 00:00:00+00:00,35.0,39.206,34.06,38.18,505490,0.0,0.0,0.0,0.0,0.0,0.0,0.0,0.0,,,,29.602726263298376,24.353862566516398,21.3015421597046,,,,39.037345734332625,,,,,35.15052252760421,,,,21.3015421597046,,#000000
2026-02-12 00:00:00+00:00,38.0,38.86,34.71,35.7,530708,0.0,0.0,0.0,0.0,0.0,0.0,0.0,0.0,,,,29.665069164528337,24.40885991524098,21.353271456104075,,,,38.96838684423631,,,,,35.18543802495812,,,,21.353271456104075,,#000000
2026-02-13 00:00:00+00:00,38.09,40.09,37.69,38.0,553306,0.0,0.0,0.0,0.0,0.0,0.0,0.0,0.0,,,,29.741159633945504,24.472073764708803,21.411694850558106,,,,38.95546105837346,,,,,35.24572429896772,,,,21.411694850558106,,#000000
2026-02-17 00:00:00+00:00,39.38,40.25,37.52,38.19,511233,0.0,0.0,0.0,0.0,0.0,0.0,0.0,0.0,,,,29.81364668561541,24.531729177564085,21.46665499812524,,,,38.958623753437834,,,,,35.30637992140549,,,,21.46665499812524,,"rgba(38, 166, 154, 0.5)"
2026-02-18 00:00:00+00:00,40.31,40.97,38.81,39.09,472019,0.0,0.0,0.0,0.0,0.0,0.0,0.0,0.0,,,,29.88657398304376,24.59006564911466,21.519907525900326,,,,38.99072469660594,,,,,35.37490790585375,,,,21.519907525900326,,"rgba(38, 166, 154, 0.5)"
2026-02-19 00:00:00+00:00,37.26,40.1,36.25,39.75,951992,0.0,0.0,0.0,0.0,0.0,0.0,0.0,0.0,,,,29.99987907806442,24.69012141935953,21.6139605048408,,,,38.92685913947227,,,,,35.445837669905046,,,,21.6139605048408,,"rgba(38, 166, 154, 0.5)"
2026-02-20 00:00:00+00:00,34.79,37.26,34.305,37.26,452432,0.0,0.0,0.0,0.0,0.0,0.0,0.0,0.0,,,,30.036404867177282,24.72851764794545,21.651687376312683,,,,38.83522414931707,,,,,35.44591537108941,,,,21.651687376312683,,#000000
2026-02-23 00:00:00+00:00,36.75,37.48,34.0042,35.08,416847,0.0,0.0,0.0,0.0,0.0,0.0,0.0,0.0,,,,30.07347019734548,24.765704600960284,21.687834841192203,,,,38.76982943862382,,,,,35.45358504417213,,,,21.687834841192203,,#000000
2026-02-24 00:00:00+00:00,36.73,38.245,36.13,37.24,455366,0.0,0.0,0.0,0.0,0.0,0.0,0.0,0.0,,,,30.119814803778954,24.809463244034273,21.72972822730044,,,,38.726015474094154,,,,,35.47427060739124,,,,21.72972822730044,,#000000
2026-02-25 00:00:00+00:00,35.64,37.99,35.39,37.29,479152,0.0,0.0,0.0,0.0,0.0,0.0,0.0,0.0,,,,30.163084008293566,24.85257340824719,21.77157313941138,,,,38.66424923332828,,,,,35.48602444409132,,,,21.77157313941138,,"rgba(239, 83, 80, 1.0)"
2026-02-26 00:00:00+00:00,35.04,35.7,34.01,35.57,396371,0.0,0.0,0.0,0.0,0.0,0.0,0.0,0.0,,,,30.19028177524214,24.88360415577611,21.802643684544122,,,,38.585679423323974,,,,,35.47970089557276,,,,21.802643684544122,,"rgba(239, 83, 80, 1.0)"
2026-02-27 00:00:00+00:00,32.55,34.26,31.53,33.21,1171690,0.0,0.0,0.0,0.0,0.0,0.0,0.0,0.0,,,,30.233353446438386,24.95492507646587,21.878811220127417,,,,38.246871021284385,,,,,35.393884007815615,,,,21.878811220127417,,"rgba(239, 83, 80, 1.0)"
2026-03-02 00:00:00+00:00,32.97,33.465,31.16,31.16,605522,0.0,0.0,0.0,0.0,0.0,0.0,0.0,0.0,,,,30.25293958071949,24.990126907814528,21.916874031315526,,,,38.0795518188405,,,,,35.34762455736353,,,,21.916874031315526,,"rgba(239, 83, 80, 1.0)"
2026-03-03 00:00:00+00:00,30.54,32.19,30.33,31.9,508033,0.0,0.0,0.0,0.0,0.0,0.0,0.0,0.0,,,,30.2583850706314,25.01354024666102,21.94408145457987,,,,37.91030730090924,,,,,35.28972703638583,,,,21.94408145457987,,"rgba(239, 83, 80, 1.0)"
2026-03-04 00:00:00+00:00,31.31,32.45,30.255,30.91,463359,0.0,0.0,0.0,0.0,0.0,0.0,0.0,0.0,,,,30.265332642776585,25.035860127214505,21.969620371375427,,,,37.76968144565916,,,,,35.24209280925638,,,,21.969620371375427,,"rgba(239, 83, 80, 1.0)"
2026-03-05 00:00:00+00:00,31.435,31.97,30.01,30.97,550115,0.0,0.0,0.0,0.0,0.0,0.0,0.0,0.0,,,,30.271949871599794,25.0613208983428,21.99911786212677,,,,37.605391128292226,,,,,35.18418795442938,,,,21.99911786212677,,"rgba(239, 83, 80, 1.0)"
2026-03-06 00:00:00+00:00,30.55,32.23,30.01,31.28,591573,0.0,0.0,0.0,0.0,0.0,0.0,0.0,0.0,,,,30.2772703388086,25.087533898497124,22.02990901856238,,,,37.43216127557352,,,,,35.12060154466454,,,,22.02990901856238,,"rgba(239, 83, 80, 1.0)"
2026-03-09 00:00:00+00:00,27.94,30.53,27.85,30.08,824258,0.0,0.0,0.0,0.0,0.0,0.0,0.0,0.0,,,,30.260516662207607,25.110330413449905,22.06214832426304,,,,37.13000327689623,,,,,34.99111112013605,,,,22.06214832426304,,"rgba(239, 83, 80, 1.0)"
2026-03-10 00:00:00+00:00,29.01,29.905,28.0,28.0,623368,0.0,0.0,0.0,0.0,0.0,0.0,0.0,0.0,,,,30.249749019062484,25.12830790194016,22.08704073021205,,,,36.9202324492867,,,,,34.89964946163333,,,,22.08704073021205,,"rgba(239, 83, 80, 1.0)"
2026-03-11 00:00:00+00:00,28.94,29.05,27.3801,28.53,447255,0.0,0.0,0.0,0.0,0.0,0.0,0.0,0.0,,,,30.239065220801326,25.139389139549515,22.103462686006516,,,,36.76692371894935,,,,,34.83016796440999,,,,22.103462686006516,,"rgba(239, 83, 80, 1.0)"
2026-03-12 00:00:00+00:00,27.95,28.66,26.54,28.39,750098,0.0,0.0,0.0,0.0,0.0,0.0,0.0,0.0,,,,30.214108262121226,25.15369979680933,22.12762889489612,,,,36.5000893249048,,,,,34.70379734550062,,,,22.12762889489612,,"rgba(239, 83, 80, 1.0)"
2026-03-13 00:00:00+00:00,28.0,28.99,26.42,27.81,728538,0.0,0.0,0.0,0.0,0.0,0.0,0.0,0.0,,,,30.19116182393802,25.16791269151022,22.15126301610813,,,,36.25798051985547,,,,,34.58675428549552,,,,22.15126301610813,,"rgba(239, 83, 80, 1.0)"
2026-03-16 00:00:00+00:00,29.8,31.2,29.2,30.19,581220,0.0,0.0,0.0,0.0,0.0,0.0,0.0,0.0,,,,30.190223583772706,25.18878719395168,22.17747142958705,,,,36.12346125500186,,,,,34.52640596538491,,,,22.17747142958705,,"rgba(239, 83, 80, 0.75)"
2026-03-17 00:00:00+00:00,29.74,29.79,28.44,29.38,480335,0.0,0.0,0.0,0.0,0.0,0.0,0.0,0.0,,,,30.18485780376464,25.203296121935995,22.19697163602231,,,,36.00351312019231,,,,,34.46962323622826,,,,22.19697163602231,,"rgba(239, 83, 80, 0.75)"
2026-03-18 00:00:00+00:00,28.7,29.55,27.66,29.55,494015,0.0,0.0,0.0,0.0,0.0,0.0,0.0,0.0,,,,30.17506440854938,25.215643065283164,22.214994699396346,,,,35.87224906620481,,,,,34.4048801199124,,,,22.214994699396346,,"rgba(239, 83, 80, 0.75)"
2026-03-19 00:00:00+00:00,28.43,28.915,27.25,28.4,434375,0.0,0.0,0.0,0.0,0.0,0.0,0.0,0.0,,,,30.16413058367932,25.22504463875045,22.229682749674854,,,,35.75387555820316,,,,,34.344892502950316,,,,22.229682749674854,,"rgba(239, 83, 80, 0.75)"
2026-03-20 00:00:00+00:00,28.68,29.0,27.4001,28.43,670776,0.0,0.0,0.0,0.0,0.0,0.0,0.0,0.0,,,,30.14885128704975,25.240230249497685,22.252834048080643,,,,35.58184858045076,,,,,34.25688005334051,,,,22.252834048080643,,"rgba(239, 83, 80, 0.75)"
2026-03-23 00:00:00+00:00,28.14,29.88,27.965,29.33,548870,0.0,0.0,0.0,0.0,0.0,0.0,0.0,0.0,,,,30.138615977383594,25.253737867663165,22.27257740402397,,,,35.452564352516994,,,,,34.19035211980266,,,,22.27257740402397,,"rgba(239, 83, 80, 0.75)"
2026-03-24 00:00:00+00:00,27.82,28.45,26.835,27.96,378780,0.0,0.0,0.0,0.0,0.0,0.0,0.0,0.0,,,,30.127096246943083,25.260389144131185,22.284095063968646,,,,35.35390594018703,,,,,34.13754255530282,,,,22.284095063968646,,"rgba(239, 83, 80, 0.75)"
2026-03-25 00:00:00+00:00,28.96,29.4,28.05,28.05,337181,0.0,0.0,0.0,0.0,0.0,0.0,0.0,0.0,,,,30.12154924363742,25.268937791912645,22.2963833353461,,,,35.28051469932821,,,,,34.09917475586915,,,,22.2963833353461,,"rgba(239, 83, 80, 0.75)"
2026-03-26 00:00:00+00:00,28.29,29.235,27.995,28.14,236940,0.0,0.0,0.0,0.0,0.0,0.0,0.0,0.0,,,,30.1168080519155,25.27441820304923,22.304598301502292,,,,35.227600784510585,,,,,34.0710499732691,,,,22.304598301502292,,"rgba(239, 83, 80, 0.75)"
2026-03-27 00:00:00+00:00,28.5,29.2499,27.83,28.34,353147,0.0,0.0,0.0,0.0,0.0,0.0,0.0,0.0,,,,30.109879981661933,25.282602375819568,22.316841321409118,,,,35.150481682737265,,,,,34.02980106673406,,,,22.316841321409118,,"rgba(239, 83, 80, 0.75)"
2026-03-30 00:00:00+00:00,26.92,28.94,26.14,28.5,452891,1.0,28.94,26.14,0.0,0.0,0.0,0.0,0.0,,,27.333333333333332,30.094452651217203,25.28919932374573,22.329468312058726,,,,35.0367849505806,,,,,33.96651376757097,27.333333333333332,,,22.329468312058726,,"rgba(239, 83, 80, 1.0)"
2026-03-31 00:00:00+00:00,29.85,30.29,27.78,27.85,522692,0.0,0.0,0.0,0.0,0.0,0.0,0.0,0.0,,,28.390594014040833,30.089433039427337,25.304059688837096,22.349678630344837,,,,34.94218612493468,,,,,,28.390594014040833,,,22.349678630344837,,"rgba(239, 83, 80, 0.75)"
2026-04-01 00:00:00+00:00,32.29,33.0,30.29,30.3,406324,0.0,0.0,0.0,0.0,0.0,0.0,0.0,0.0,,,29.41070818803291,30.098159839130155,25.322856827407477,22.371045311943742,,,,34.903131763843476,,,,,,29.41070818803291,,,22.371045311943742,,#000000
2026-04-02 00:00:00+00:00,32.99,33.7,30.87,31.0,601684,0.0,0.0,0.0,0.0,0.0,0.0,0.0,0.0,,,30.353851776903603,30.115707769120306,25.3532847909086,22.404697765752537,,,,34.859240157559455,,,,,,30.353851776903603,,,22.404697765752537,,"rgba(38, 166, 154, 1.0)"
2026-04-06 00:00:00+00:00,31.3,33.2,31.25,32.94,436509,0.0,0.0,0.0,0.0,0.0,0.0,0.0,0.0,,,30.635733833312667,30.12512519092525,25.373354225722764,22.42752467478914,,,,34.82044111236493,,,,,,30.635733833312667,,,22.42752467478914,,"rgba(38, 166, 154, 1.0)"
2026-04-07 00:00:00+00:00,30.19,31.205,29.32,31.06,1225258,0.0,0.0,0.0,0.0,0.0,0.0,0.0,0.0,,,30.502161728239944,30.12676280683322,25.41475525382707,22.479787318053493,,,,34.65690634411443,,,,,,30.502161728239944,,,22.479787318053493,,"rgba(38, 166, 154, 1.0)"
2026-04-08 00:00:00+00:00,31.66,32.765,30.4,31.52,453999,0.0,0.0,0.0,0.0,0.0,0.0,0.0,0.0,,,30.624668941576278,30.134661631571866,25.434223724226268,22.50236341870304,,,,34.617117331715654,,,,,,30.624668941576278,,,22.50236341870304,,"rgba(38, 166, 154, 1.0)"
2026-04-09 00:00:00+00:00,32.86,33.5,31.265,31.45,467548,0.0,0.0,0.0,0.0,0.0,0.0,0.0,0.0,,,30.820926243265397,30.14780511508359,25.45715727503781,22.5278679582942,,,,34.5895907852559,,,,,,30.820926243265397,,,22.5278679582942,,"rgba(38, 166, 154, 1.0)"
2026-04-10 00:00:00+00:00,31.0,33.8,30.76,33.24,284263,0.0,0.0,0.0,0.0,0.0,0.0,0.0,0.0,,,30.88142201183989,30.153448596403454,25.469680647634014,22.542249593855654,,,,34.567702969067945,,,,,,30.88142201183989,,,22.542249593855654,,"rgba(38, 166, 154, 1.0)"
2026-04-13 00:00:00+00:00,32.81,32.94,30.76,30.98,300132,0.0,0.0,0.0,0.0,0.0,0.0,0.0,0.0,,,30.95649888345336,30.16046920587217,25.483503303444174,22.55790080594122,,,,34.54762220237818,,,,,,30.95649888345336,,,22.55790080594122,,"rgba(38, 166, 154, 1.0)"
2026-04-14 00:00:00+00:00,32.81,33.75,32.06,32.95,462163,0.0,0.0,0.0,0.0,0.0,0.0,0.0,0.0,,,31.114314114418608,30.174935403200852,25.50690438160965,22.58365854112855,,,,34.526304855502346,,,,,,31.114314114418608,,,22.58365854112855,,"rgba(38, 166, 154, 1.0)"
2026-04-15 00:00:00+00:00,32.96,33.5,31.825,32.81,317865,0.0,0.0,0.0,0.0,0.0,0.0,0.0,0.0,,,31.202597163176044,30.18438765572936,25.52267059120794,22.601108136069904,,,,34.51098624213133,,,,,,31.202597163176044,,,22.601108136069904,,"rgba(38, 166, 154, 1.0)"
2026-04-16 00:00:00+00:00,33.22,33.46,32.45,32.87,217048,0.0,0.0,0.0,0.0,0.0,0.0,0.0,0.0,,,31.26757824179913,30.191503406095656,25.533814288595707,22.613318274006705,,,,34.50233788716456,,,,,,31.26757824179913,,,22.613318274006705,,"rgba(38, 166, 154, 1.0)"
2026-04-17 00:00:00+00:00,33.77,35.0,33.31,33.85,306798,0.0,0.0,0.0,0.0,0.0,0.0,0.0,0.0,,,31.39871069625698,30.204948695994055,25.55156496271402,22.63215130015444,,,,34.49840862157219,34.02666666666667,,,,,31.39871069625698,,,22.63215130015444,,"rgba(38, 166, 154, 1.0)"
2026-04-20 00:00:00+00:00,33.78,34.08,32.01,33.49,522792,0.0,0.0,0.0,0.0,0.0,0.0,0.0,0.0,,,31.54040684635035,30.22326924030473,25.579027889369286,22.6620349446923,,,,,33.56243320194313,,,,,31.54040684635035,,,22.6620349446923,,"rgba(38, 166, 154, 1.0)"
2026-04-21 00:00:00+00:00,33.24,34.2,31.705,34.01,436307,0.0,0.0,0.0,0.0,0.0,0.0,0.0,0.0,,,31.62914364923798,30.237201464297158,25.60108520953954,22.686282779550574,,,,,33.38524234725785,,,,,31.62914364923798,,,22.686282779550574,,"rgba(38, 166, 154, 1.0)"
2026-04-22 00:00:00+00:00,33.58,34.1161,32.33,33.49,341757,0.0,0.0,0.0,0.0,0.0,0.0,0.0,0.0,,,31.704619380993453,30.24914907461038,25.618949612582867,22.705733155216482,,,,,33.37605692367055,,,,,31.704619380993453,,,22.705733155216482,,"rgba(38, 166, 154, 1.0)"
2026-04-23 00:00:00+00:00,33.39,34.4,31.2,33.58,557305,0.0,0.0,0.0,0.0,0.0,0.0,0.0,0.0,,,31.79123497059042,30.26628242321479,25.646610145992813,22.73627416862193,,,,,33.27839406392146,,,,,31.79123497059042,,,22.73627416862193,,"rgba(38, 166, 154, 1.0)"
2026-04-24 00:00:00+00:00,31.96,33.33,30.815,33.33,448136,0.0,0.0,0.0,0.0,0.0,0.0,0.0,0.0,,,31.803703183430418,30.275107223228357,25.665811839289088,22.758411936886294,,,,,33.065156641543204,,,,,31.803703183430418,,,22.758411936886294,,"rgba(38, 166, 154, 0.75)"
2026-04-27 00:00:00+00:00,31.97,33.435,31.16,31.94,386282,0.0,0.0,0.0,0.0,0.0,0.0,0.0,0.0,,,31.819944953793563,30.28330023434692,25.68266706358404,22.777723738386857,,,,,32.95223283731922,,,,,31.819944953793563,,,22.777723738386857,,#000000
2026-04-28 00:00:00+00:00,29.04,32.19,28.96,31.79,874404,0.0,0.0,0.0,0.0,0.0,0.0,0.0,0.0,,,31.666685707567737,30.281188435034878,25.708143213729585,22.81134233936667,,,,,32.30013988681859,,,,,31.666685707567737,,,22.81134233936667,,"rgba(239, 83, 80, 0.5)"
2026-04-29 00:00:00+00:00,28.61,29.67,27.56,28.95,296690,1.0,29.67,27.56,0.0,0.0,0.0,0.0,0.0,,28.613333333333333,31.57889497708093,30.275773017112083,25.71386462056756,22.820412231612746,,,,,32.037858087867455,,,,,31.57889497708093,28.613333333333333,,22.820412231612746,,"rgba(239, 83, 80, 1.0)"
2026-04-30 00:00:00+00:00,30.22,30.26,28.773,28.88,299983,0.0,0.0,0.0,0.0,0.0,0.0,0.0,0.0,,29.18530602133274,31.527256762804058,30.274055838581756,25.721887520940026,22.831349351720405,,,,,31.884401962433053,,,,,,29.18530602133274,,22.831349351720405,,"rgba(239, 83, 80, 0.5)"
2026-05-01 00:00:00+00:00,29.78,32.03,29.76,30.18,442102,0.0,0.0,0.0,0.0,0.0,0.0,0.0,0.0,,29.75476962094775,31.487130256645635,30.275252203091185,25.73590874301421,22.849197297695664,,,,,31.76191355455287,,,,,,29.75476962094775,,22.849197297695664,,"rgba(239, 83, 80, 0.5)"
2026-05-04 00:00:00+00:00,29.44,30.03,28.86,29.56,344824,0.0,0.0,0.0,0.0,0.0,0.0,0.0,0.0,,29.67715269115787,31.425341259030375,30.27214968896007,25.744333805250804,22.861109649592205,,,,,31.609841209353966,,,,,,29.67715269115787,,22.861109649592205,,"rgba(239, 83, 80, 1.0)"
2026-05-05 00:00:00+00:00,29.6,30.645,28.82,29.8,312730,0.0,0.0,0.0,0.0,0.0,0.0,0.0,0.0,,29.67921391998054,31.378985911709638,30.27018173606482,25.752445573902634,22.872276863911654,,,,,31.501959469483847,,,,,,29.67921391998054,,22.872276863911654,,"rgba(239, 83, 80, 1.0)"
2026-05-06 00:00:00+00:00,32.12,32.33,29.06,30.05,465679,0.0,0.0,0.0,0.0,0.0,0.0,0.0,0.0,,30.00031715870925,31.37099846649866,30.274675765269713,25.768986927255014,22.892438244012432,,,,,31.476347813113858,,,,,,30.00031715870925,,22.892438244012432,,"rgba(239, 83, 80, 0.5)"
2026-05-07 00:00:00+00:00,34.71,34.9,30.75,32.0,928562,0.0,0.0,0.0,0.0,0.0,0.0,0.0,0.0,,31.037776140431486,31.51845650696711,30.306019117484006,25.815487989034047,22.94335811126566,,,,,31.739940734927536,,,,,,31.037776140431486,,22.94335811126566,,#000000
2026-05-08 00:00:00+00:00,40.965,41.28,34.555,34.935,1883246,0.0,0.0,0.0,0.0,0.0,0.0,0.0,0.0,,34.027286910693924,32.44964230756484,30.47516986433785,25.974531853127548,23.098205630235487,,,,,33.27108278823052,,,,,,34.027286910693924,,23.098205630235487,,"rgba(38, 166, 154, 1.0)"
2026-05-11 00:00:00+00:00,40.08,45.85,39.4,41.26,1886135,0.0,0.0,0.0,0.0,0.0,0.0,0.0,0.0,,36.15796924151985,33.491693874202994,30.692817833101607,26.164112538859815,23.277625852996803,,,,,34.76568685031761,41.776666666666664,,,,,36.15796924151985,,23.277625852996803,41.776666666666664,"rgba(38, 166, 154, 1.0)"
2026-05-12 00:00:00+00:00,36.98,40.6,35.865,40.08,1052685,0.0,0.0,0.0,0.0,0.0,0.0,0.0,0.0,,36.378418081071004,33.745450887681464,30.768555918489437,26.241605941070414,23.355146937720978,,,,,,40.357598103433794,,,,,36.378418081071004,,23.355146937720978,40.357598103433794,"rgba(38, 166, 154, 1.0)"
2026-05-13 00:00:00+00:00,37.5,38.37,35.94,37.34,811921,0.0,0.0,0.0,0.0,0.0,0.0,0.0,0.0,,36.46139009709414,33.89809926327533,30.82144656640901,26.29789332727473,23.41214305698514,,,,,,39.689227309572516,,,,,36.46139009709414,,23.41214305698514,39.689227309572516,"rgba(38, 166, 154, 1.0)"
2026-05-14 00:00:00+00:00,35.36,38.09,34.85,37.1,839998,0.0,0.0,0.0,0.0,0.0,0.0,0.0,0.0,,36.42965135349563,33.992530233366026,30.865502914577135,26.349380081204,23.465683614325396,,,,,,39.032482554188626,,,,,36.42965135349563,,23.465683614325396,39.032482554188626,"rgba(38, 166, 154, 0.75)"
2026-05-15 00:00:00+00:00,32.45,35.27,32.0,34.87,606377,0.0,0.0,0.0,0.0,0.0,0.0,0.0,0.0,,36.239488719552284,33.9699325503014,30.87972361223801,26.37540894587496,23.495367758764814,,,,,,38.356640761594186,,,,,36.239488719552284,,23.495367758764814,38.356640761594186,"rgba(38, 166, 154, 0.75)"
2026-05-18 00:00:00+00:00,30.98,33.1075,30.58,32.5,917487,0.0,0.0,0.0,0.0,0.0,0.0,0.0,0.0,,35.85194988923429,33.86501335490482,30.88579525132971,26.40484938786634,23.53223701809323,,,,,,37.33618981736563,,,,,35.85194988923429,,23.53223701809323,37.33618981736563,#000000
2026-05-19 00:00:00+00:00,30.39,31.16,29.6,30.65,610127,0.0,0.0,0.0,0.0,0.0,0.0,0.0,0.0,,35.56673917899712,33.767214172874596,30.88281243566195,26.41982824682204,23.553013196693783,,,,,,36.705365164475005,,,,,35.56673917899712,,23.553013196693783,36.705365164475005,"rgba(239, 83, 80, 0.5)"
2026-05-20 00:00:00+00:00,31.43,31.8646,30.35,30.75,816481,0.0,0.0,0.0,0.0,0.0,0.0,0.0,0.0,,35.28282279425899,33.67474728596379,30.8854295436261,26.443866141307144,23.583980714672876,,,,,,36.11091319860519,,,,,35.28282279425899,,23.583980714672876,36.11091319860519,"rgba(239, 83, 80, 0.5)"
2026-05-21 00:00:00+00:00,31.79,32.39,30.835,31.65,460319,0.0,0.0,0.0,0.0,0.0,0.0,0.0,0.0,,35.15471185390355,33.634653538934195,30.888907734976417,26.458599794648553,23.60236814993533,,,,,,35.85552835041548,,,,,35.15471185390355,,23.60236814993533,35.85552835041548,"rgba(239, 83, 80, 0.5)"
2026-05-22 00:00:00+00:00,31.85,32.89,31.21,31.91,436084,0.0,0.0,0.0,0.0,0.0,0.0,0.0,0.0,,35.051591796552145,33.60392353073958,30.893475261957832,26.473311263252857,23.620380392305474,,,,,,35.65540041237171,,,,,35.051591796552145,,23.620380392305474,35.65540041237171,"rgba(239, 83, 80, 0.5)"
2026-05-26 00:00:00+00:00,31.75,32.605,31.075,32.22,247655,0.0,0.0,0.0,0.0,0.0,0.0,0.0,0.0,,34.992817990226534,33.58516293819949,30.895642406621363,26.48136944857526,23.63036393488861,,,,,,35.545751230622024,,,,,34.992817990226534,,23.63036393488861,35.545751230622024,"rgba(239, 83, 80, 0.5)"
2026-05-27 00:00:00+00:00,31.88,33.06,31.24,31.81,511014,-1.0,33.06,31.24,436.0,-1.0,33.06,31.24,436.0,,34.88705224699089,33.552946859893225,30.90129570652809,26.498696619642836,23.651514618851092,32.059999999999995,,,,,35.35205692180561,,,,,34.88705224699089,,23.651514618851092,35.35205692180561,"rgba(239, 83, 80, 0.5)"
2026-05-28 00:00:00+00:00,31.9,32.86,31.04,31.8,377355,0.0,0.0,0.0,0.0,0.0,0.0,0.0,0.0,,34.810433987832745,33.528071852213415,30.904982715287073,26.511132969595337,23.666830948205508,32.006195443560046,,,,,35.21730433979573,,,,,34.810433987832745,,23.666830948205508,35.21730433979573,"rgba(239, 83, 80, 0.5)"
2026-05-29 00:00:00+00:00,31.47,32.0642,30.8,31.83,821395,0.0,0.0,0.0,0.0,0.0,0.0,0.0,0.0,,34.63055261290983,33.46067618294708,30.909147662802635,26.5355858734139,23.698016154673827,31.73646104160184,,,,,34.91920322151614,,,,,34.63055261290983,,23.698016154673827,34.91920322151614,"rgba(239, 83, 80, 1.0)"
2026-06-01 00:00:00+00:00,30.65,32.03,29.87,31.35,347800,0.0,0.0,0.0,0.0,0.0,0.0,0.0,0.0,,34.5468912548958,33.42539897636536,30.908955036839775,26.544621438921375,23.710137574737693,31.586618241927507,,,,,34.78746247115324,,,,,34.5468912548958,,23.710137574737693,34.78746247115324,"rgba(239, 83, 80, 1.0)"
2026-06-02 00:00:00+00:00,30.7,31.35,29.57,30.29,609678,0.0,0.0,0.0,0.0,0.0,0.0,0.0,0.0,,34.39726094022046,33.35863368250205,30.906860686387667,26.559235500786237,23.73036876885105,31.347382313390884,,,,,34.55935571798756,,,,,34.39726094022046,,23.73036876885105,34.55935571798756,"rgba(239, 83, 80, 1.0)"
2026-06-03 00:00:00+00:00,30.05,30.83,29.55,30.53,466208,0.0,0.0,0.0,0.0,0.0,0.0,0.0,0.0,,34.27915994583506,33.30273153955798,30.903560802438875,26.569232255467803,23.744861992302816,31.16823879206625,,,,,34.38515875434836,,,,,34.27915994583506,,23.744861992302816,34.38515875434836,"rgba(239, 83, 80, 1.0)"
2026-06-04 00:00:00+00:00,30.91,31.74,29.78,30.07,544022,0.0,0.0,0.0,0.0,0.0,0.0,0.0,0.0,,34.17029753837705,33.25316412211236,30.90309131930704,26.582990061716295,23.76344515910903,31.115243205930593,,,,,34.22783401415861,,,,,34.17029753837705,,23.76344515910903,34.22783401415861,"rgba(239, 83, 80, 1.0)"
2026-06-05 00:00:00+00:00,30.28,30.685,29.41,30.59,580359,0.0,0.0,0.0,0.0,0.0,0.0,0.0,0.0,,34.03926355718995,33.18818493680636,30.898948287574107,26.595206210028604,23.781245393111202,30.98026918823222,,,,,34.04386598133625,,,,,34.03926355718995,,23.781245393111202,34.04386598133625,"rgba(239, 83, 80, 1.0)"
2026-06-08 00:00:00+00:00,29.0,31.26,28.0,31.0,739121,1.0,31.26,28.0,0.0,1.0,31.26,28.0,0.0,29.42,33.85625605674096,33.09106778156718,30.888986795368606,26.607559614604156,23.801267951814594,30.749482956410223,,,,,33.79408223292353,,,,,33.85625605674096,29.42,23.801267951814594,33.79408223292353,"rgba(239, 83, 80, 1.0)"
2026-06-09 00:00:00+00:00,29.87,30.56,28.35,29.68,324334,0.0,0.0,0.0,0.0,0.0,0.0,0.0,0.0,29.472863443524485,33.78341181262299,33.05195277047113,30.88516862334226,26.613278364803147,23.81027890217474,30.67901528527753,,,,,33.69681022752323,,,,,,29.472863443524485,23.81027890217474,33.69681022752323,"rgba(239, 83, 80, 1.0)"
2026-06-10 00:00:00+00:00,30.99,31.15,29.2,29.47,971371,0.0,0.0,0.0,0.0,0.0,0.0,0.0,0.0,29.93773081334718,33.62095895666822,32.967522667869574,30.881332305368115,26.63514266340944,23.841057065494535,30.643148606065765,,,,,33.48602702557305,,,,,,29.93773081334718,23.841057065494535,33.48602702557305,"rgba(239, 83, 80, 0.75)"
2026-06-11 00:00:00+00:00,37.25,37.27,30.51,31.33,2732459,0.0,0.0,0.0,0.0,0.0,0.0,0.0,0.0,32.84499723217722,33.788277951074114,33.13816183131528,30.980498334028375,26.76738972269414,23.98489132619626,31.965263733784695,,,,,33.721154250064764,,,,,,32.84499723217722,23.98489132619626,33.721154250064764,#000000
2026-06-12 00:00:00+00:00,35.51,36.8382,32.0,32.0,2155677,0.0,0.0,0.0,0.0,0.0,0.0,0.0,0.0,33.44837092472846,33.87457968713991,33.239853111292355,31.051206503566902,26.86601401220366,24.09349068054492,,,,,,33.83634676348203,,,,,,33.44837092472846,24.09349068054492,33.83634676348203,"rgba(38, 166, 154, 1.0)"
2026-06-15 00:00:00+00:00,38.98,40.0,35.58,35.8,1259809,0.0,0.0,0.0,0.0,0.0,0.0,0.0,0.0,34.17787290154724,34.08272034360029,33.41238140852941,31.127921306407632,26.94683840243507,24.175842835028433,,,,,,34.09577143605109,,,,,,34.17787290154724,24.175842835028433,34.09577143605109,"rgba(38, 166, 154, 1.0)"
2026-06-16 00:00:00+00:00,40.09,42.08,37.835,39.05,1144948,0.0,0.0,0.0,0.0,0.0,0.0,0.0,0.0,34.892725163261595,34.33146237133171,33.6148240812911,31.21378752135899,27.031000068444307,24.25944416627371,,,,,,34.399394887550685,,,,,,34.892725163261595,24.25944416627371,34.399394887550685,"rgba(38, 166, 154, 1.0)"
2026-06-17 00:00:00+00:00,41.59,42.23,39.345,40.12,676980,0.0,0.0,0.0,0.0,0.0,0.0,0.0,0.0,35.30970290731718,34.494479464141556,33.74756919407133,31.26977312079043,27.08425414141555,24.31174118505237,,,,,,34.59574101856856,41.05499999999999,,,,,35.30970290731718,24.31174118505237,34.59574101856856,"rgba(38, 166, 154, 1.0)"
