date,Close,High,Low,Open,Volume,OB_c0,OB_High_c0,OB_Low_c0,OB_Mitigated_Index_c0,OB,OB_High,OB_Low,OB_Mitigated_Index,aVWAP_OB_bull_c0_170,aVWAP_OB_bull_c0_152,aVWAP_OB_bull_c0_145,aVWAP_OB_bear_c0_328,aVWAP_OB_bear_c0_274,aVWAP_OB_bear_c0_108,aVWAP_OB_bear_c0_50,aVWAP_OB_bear_c0_26,aVWAP_QQEMOD_bull_dot_c0_108,aVWAP_QQEMOD_bull_dot_c0_274,aVWAP_QQEMOD_bull_dot_c0_325,aVWAP_QQEMOD_bull_dot_c0_340,aVWAP_QQEMOD_bear_dot_c0_53,aVWAP_QQEMOD_bear_dot_c0_124,aVWAP_QQEMOD_bear_dot_c0_295,aVWAP_QQEMOD_bear_dot_c0_331,aVWAP_price_maxima_minima_valley_c0_1,aVWAP_price_maxima_minima_peak_c0_1,color
2025-01-23 00:00:00+00:00,23.839974415,23.8542641099,23.839974415,23.8542641099,50003,0.0,0.0,0.0,0.0,0.0,0.0,0.0,0.0,,,,,,,,,,,,,,,,,,,#000000
2025-01-24 00:00:00+00:00,23.8580746953,23.8637905732,23.8580746953,23.8637905732,200116,0.0,0.0,0.0,0.0,0.0,0.0,0.0,0.0,,,,,,,,,,,,,,,,,,,"rgba(38, 166, 154, 0.5)"
2025-01-27 00:00:00+00:00,23.8759844463,23.8759844463,23.8733170365,23.8733170365,25020,0.0,0.0,0.0,0.0,0.0,0.0,0.0,0.0,,,,,,,,,,,,,,,,,,,"rgba(38, 166, 154, 0.5)"
2025-01-28 00:00:00+00:00,23.877603945,23.8828434998,23.877603945,23.8828434998,400000,0.0,0.0,0.0,0.0,0.0,0.0,0.0,0.0,,,,,,,,,,,,,,,,,,,"rgba(38, 166, 154, 0.5)"
2025-01-29 00:00:00+00:00,23.8685538049,23.8923699631,23.8685538049,23.8923699631,100023,0.0,0.0,0.0,0.0,0.0,0.0,0.0,0.0,,,,,,,,,,,,,,,,,,,"rgba(38, 166, 154, 0.5)"
2025-01-30 00:00:00+00:00,23.8950373729,23.9114228897,23.8950373729,23.9114228897,95008,0.0,0.0,0.0,0.0,0.0,0.0,0.0,0.0,,,,,,,,,,,,,,,,,,,"rgba(38, 166, 154, 0.5)"
2025-01-31 00:00:00+00:00,23.8655053366,23.8923699631,23.8655053366,23.8923699631,125029,0.0,0.0,0.0,0.0,0.0,0.0,0.0,0.0,,,,,,,,,,,,,,,,,,,"rgba(38, 166, 154, 0.5)"
2025-02-03 00:00:00+00:00,23.9066596581,23.9066596581,23.9066596581,23.9066596581,8,0.0,0.0,0.0,0.0,0.0,0.0,0.0,0.0,,,,,,,,,,,,,,,,,,,"rgba(38, 166, 154, 0.5)"
2025-02-04 00:00:00+00:00,23.9257125847,23.9257125847,23.9257125847,23.9257125847,36,0.0,0.0,0.0,0.0,0.0,0.0,0.0,0.0,,,,,,,,,,,,,,,,,,,"rgba(38, 166, 154, 0.5)"
2025-02-05 00:00:00+00:00,23.9781081329,23.9971610595,23.9781081329,23.9971610595,101,0.0,0.0,0.0,0.0,0.0,0.0,0.0,0.0,,,,,,,,,,,,,,,,,,,"rgba(38, 166, 154, 0.5)"
2025-02-06 00:00:00+00:00,23.9677242879,23.9677242879,23.9677242879,23.9677242879,101,0.0,0.0,0.0,0.0,0.0,0.0,0.0,0.0,,,,,,,,,,,,,,,,,,,"rgba(38, 166, 154, 0.5)"
2025-02-07 00:00:00+00:00,23.9304758164,23.9304758164,23.9304758164,23.9304758164,0,0.0,0.0,0.0,0.0,0.0,0.0,0.0,0.0,,,,,,,,,,,,,,,,,,,"rgba(38, 166, 154, 0.5)"
2025-02-10 00:00:00+00:00,23.9542919746,23.9542919746,23.949528743,23.949528743,100,0.0,0.0,0.0,0.0,0.0,0.0,0.0,0.0,,,,,,,,,,,,,,,,,,,"rgba(38, 166, 154, 0.5)"
2025-02-11 00:00:00+00:00,23.9161861214,23.9161861214,23.9161861214,23.9161861214,100,0.0,0.0,0.0,0.0,0.0,0.0,0.0,0.0,,,,,,,,,,,,,,,,,,,"rgba(38, 166, 154, 0.5)"
2025-02-12 00:00:00+00:00,23.8209214884,23.8209214884,23.8209214884,23.8209214884,1,0.0,0.0,0.0,0.0,0.0,0.0,0.0,0.0,,,,,,,,,,,,,,,,,,,"rgba(38, 166, 154, 0.5)"
2025-02-13 00:00:00+00:00,23.8780802682,23.8780802682,23.8780802682,23.8780802682,1,0.0,0.0,0.0,0.0,0.0,0.0,0.0,0.0,,,,,,,,,,,,,,,,,,,#000000
2025-02-14 00:00:00+00:00,23.9161861214,23.9161861214,23.9161861214,23.9161861214,25,0.0,0.0,0.0,0.0,0.0,0.0,0.0,0.0,,,,,,,,,,,,,,,,,,,#000000
2025-02-18 00:00:00+00:00,23.8828434998,23.8828434998,23.8828434998,23.8828434998,5,0.0,0.0,0.0,0.0,0.0,0.0,0.0,0.0,,,,,,,,,,,,,,,,,,,#000000
2025-02-19 00:00:00+00:00,23.9393354272,23.9393354272,23.9393354272,23.9393354272,2,0.0,0.0,0.0,0.0,0.0,0.0,0.0,0.0,,,,,,,,,,,,,,,,,,,"rgba(38, 166, 154, 0.5)"
2025-02-20 00:00:00+00:00,23.9542919746,23.9542919746,23.9542919746,23.9542919746,2,0.0,0.0,0.0,0.0,0.0,0.0,0.0,0.0,,,,,,,,,,,,,,,,,,,"rgba(38, 166, 154, 0.5)"
2025-02-21 00:00:00+00:00,23.9819187182,23.9828713645,23.9685816696,23.9685816696,75456,0.0,0.0,0.0,0.0,0.0,0.0,0.0,0.0,,,,,,,,,,,,,,,,,,,"rgba(38, 166, 154, 0.5)"
2025-02-24 00:00:00+00:00,23.9971610595,23.9971610595,23.9971610595,23.9971610595,4,0.0,0.0,0.0,0.0,0.0,0.0,0.0,0.0,,,,,,,,,,,,,,,,,,,"rgba(38, 166, 154, 0.5)"
2025-02-25 00:00:00+00:00,24.1162418508,24.1210050824,24.1162418508,24.1210050824,75001,0.0,0.0,0.0,0.0,0.0,0.0,0.0,0.0,,,,,,,,,,,,,,,,,,,"rgba(38, 166, 154, 0.5)"
2025-02-26 00:00:00+00:00,24.1067153875,24.1305315457,24.1067153875,24.1305315457,100002,0.0,0.0,0.0,0.0,0.0,0.0,0.0,0.0,,,,,,,,,,,,,,,,,,,"rgba(38, 166, 154, 0.5)"
2025-02-27 00:00:00+00:00,24.0974747181,24.0974747181,24.0924256925,24.0924256925,125003,0.0,0.0,0.0,0.0,0.0,0.0,0.0,0.0,,,,,,,,,,,,,,,,,,,"rgba(38, 166, 154, 0.5)"
2025-02-28 00:00:00+00:00,24.1609209636,24.1609209636,24.140058009,24.140058009,125000,0.0,0.0,0.0,0.0,0.0,0.0,0.0,0.0,,,,,,,,,,,,,,,,,,,"rgba(38, 166, 154, 0.5)"
2025-03-03 00:00:00+00:00,24.1662557831,24.1662557831,24.1662557831,24.1662557831,2,-1.0,24.166256,24.166256,159.0,-1.0,24.166256,24.166256,159.0,,,,,,,,24.1662557831,,,,,,,,,,,"rgba(38, 166, 154, 0.5)"
2025-03-04 00:00:00+00:00,24.0811959394,24.1050623377,24.0811959394,24.1050623377,75101,0.0,0.0,0.0,0.0,0.0,0.0,0.0,0.0,,,,,,,,24.089153458796872,,,,,,,,,,,"rgba(38, 166, 154, 0.5)"
2025-03-05 00:00:00+00:00,24.043009702,24.043009702,24.043009702,24.043009702,1,0.0,0.0,0.0,0.0,0.0,0.0,0.0,0.0,,,,,,,,24.089152844398747,,,,,,,,,,,"rgba(38, 166, 154, 0.5)"
2025-03-06 00:00:00+00:00,23.9523173882,24.0095967443,23.9523173882,23.9979499419,200401,0.0,0.0,0.0,0.0,0.0,0.0,0.0,0.0,,,,,,,,24.003507639494714,,,,,,,,,,,"rgba(38, 166, 154, 0.5)"
2025-03-07 00:00:00+00:00,23.9379975492,23.9379975492,23.9192862929,23.9192862929,7993,0.0,0.0,0.0,0.0,0.0,0.0,0.0,0.0,,,,,,,,24.001484785098583,,,,,,,,,,,#000000
2025-03-10 00:00:00+00:00,23.9952769053,24.0267805511,23.9952769053,24.0267805511,866,0.0,0.0,0.0,0.0,0.0,0.0,0.0,0.0,,,,,,,,24.001497859990327,,,,,,,,,,,#000000
2025-03-11 00:00:00+00:00,23.8854914729,23.9905036256,23.8854914729,23.9905036256,105,0.0,0.0,0.0,0.0,0.0,0.0,0.0,0.0,,,,,,,,24.00146796131841,,,,,,,,,,,"rgba(239, 83, 80, 0.5)"
2025-03-12 00:00:00+00:00,23.7947991591,23.8186655575,23.7947991591,23.8186655575,102,0.0,0.0,0.0,0.0,0.0,0.0,0.0,0.0,,,,,,,,24.00139673564791,,,,,,,,,,,"rgba(239, 83, 80, 0.5)"
2025-03-13 00:00:00+00:00,23.7995724388,23.7995724388,23.7995724388,23.7995724388,45,0.0,0.0,0.0,0.0,0.0,0.0,0.0,0.0,,,,,,,,24.00136482565916,,,,,,,,,,,"rgba(239, 83, 80, 0.5)"
2025-03-14 00:00:00+00:00,23.7804793201,23.7804793201,23.7804793201,23.7804793201,27,0.0,0.0,0.0,0.0,0.0,0.0,0.0,0.0,,,,,,,,24.001343873418456,,,,,,,,,,,"rgba(239, 83, 80, 0.5)"
2025-03-17 00:00:00+00:00,23.8568517948,23.8568517948,23.8186655575,23.8377586761,473,0.0,0.0,0.0,0.0,0.0,0.0,0.0,0.0,,,,,,,,24.001083048175627,,,,,,,,,,,"rgba(239, 83, 80, 0.5)"
2025-03-18 00:00:00+00:00,23.8282121168,23.8282121168,23.8282121168,23.8282121168,473,0.0,0.0,0.0,0.0,0.0,0.0,0.0,0.0,,,,,,,,24.000796734800318,,,,,,,,,,,"rgba(239, 83, 80, 0.5)"
2025-03-19 00:00:00+00:00,23.8234388371,23.8234388371,23.8234388371,23.8234388371,2,0.0,0.0,0.0,0.0,0.0,0.0,0.0,0.0,,,,,,,,24.000795492759096,,,,,,,,,,,"rgba(239, 83, 80, 0.5)"
2025-03-20 00:00:00+00:00,23.8329853965,23.8759449135,23.8329853965,23.8759449135,108,0.0,0.0,0.0,0.0,0.0,0.0,0.0,0.0,,,,,,,,24.00073747033765,,,,,,,,,,,"rgba(239, 83, 80, 0.5)"
2025-03-21 00:00:00+00:00,23.8043457185,23.8568517948,23.8043457185,23.8568517948,125104,0.0,0.0,0.0,0.0,0.0,0.0,0.0,0.0,,,,,,,,23.94625924030504,,,,,,,,,,,"rgba(239, 83, 80, 0.5)"
2025-03-24 00:00:00+00:00,23.7518396421,23.7518396421,23.7518396421,23.7518396421,4,0.0,0.0,0.0,0.0,0.0,0.0,0.0,0.0,,,,,,,,23.946257347254548,,,,,,,,,,,"rgba(239, 83, 80, 0.5)"
2025-03-25 00:00:00+00:00,23.708880125,23.7184266844,23.708880125,23.7184266844,220,0.0,0.0,0.0,0.0,0.0,0.0,0.0,0.0,,,,,,,,23.946131995616156,,,,,,,,,,,"rgba(239, 83, 80, 0.5)"
2025-03-26 00:00:00+00:00,23.5944168785,23.5944168785,23.5944168785,23.5944168785,2,0.0,0.0,0.0,0.0,0.0,0.0,0.0,0.0,,,,,,,,23.946130284227824,,,,,,,,,,,"rgba(239, 83, 80, 0.5)"
2025-03-27 00:00:00+00:00,23.5179489382,23.5179489382,23.5179489382,23.5179489382,2,0.0,0.0,0.0,0.0,0.0,0.0,0.0,0.0,,,,,,,,23.946128200777448,,,,,,,,,,,"rgba(239, 83, 80, 0.5)"
2025-03-28 00:00:00+00:00,23.6143691876,23.665920608,23.6143691876,23.6563740487,218,0.0,0.0,0.0,0.0,0.0,0.0,0.0,0.0,,,,,,,,23.945961446827916,,,,,,,,,,,"rgba(239, 83, 80, 0.5)"
2025-03-31 00:00:00+00:00,23.698092513,23.698092513,23.694560286,23.694560286,40000,0.0,0.0,0.0,0.0,0.0,0.0,0.0,0.0,,,,,,,,23.923885267793466,,,,,,,,,,,"rgba(239, 83, 80, 0.5)"
2025-04-01 00:00:00+00:00,23.7376152687,23.780713622,23.7376152687,23.780713622,100,0.0,0.0,0.0,0.0,0.0,0.0,0.0,0.0,,,,,,,,23.92384718110637,,,,,,,,,,,"rgba(239, 83, 80, 0.5)"
2025-04-02 00:00:00+00:00,23.7088830331,23.7711362101,23.7088830331,23.7711362101,108,0.0,0.0,0.0,0.0,0.0,0.0,0.0,0.0,,,,,,,,23.92380072039447,,,,,,,,,,,"rgba(239, 83, 80, 0.5)"
2025-04-03 00:00:00+00:00,23.8716990345,23.8716990345,23.8716990345,23.8716990345,8,0.0,0.0,0.0,0.0,0.0,0.0,0.0,0.0,,,,,,,,23.923799797147957,,,,,,,,,,,"rgba(239, 83, 80, 0.5)"
2025-04-04 00:00:00+00:00,23.9301212468,23.9301212468,23.9301212468,23.9301212468,4,-1.0,23.93012,23.93012,156.0,-1.0,23.93012,23.93012,156.0,,,,,,,23.9301212468,23.923799853155785,,,,,,,,,,,#000000
2025-04-07 00:00:00+00:00,23.4263493836,23.5795879731,23.4263493836,23.5795879731,381,0.0,0.0,0.0,0.0,0.0,0.0,0.0,0.0,,,,,,,23.48213221040338,23.92342347310038,,,,,,,,,,,"rgba(239, 83, 80, 1.0)"
2025-04-08 00:00:00+00:00,23.0768696252,23.2922656177,23.0768696252,23.2922656177,126,0.0,0.0,0.0,0.0,0.0,0.0,0.0,0.0,,,,,,,23.39990822987378,23.92320749005449,,,,,,,,,,,"rgba(239, 83, 80, 1.0)"
2025-04-09 00:00:00+00:00,23.1944802427,23.2539559703,22.5913906185,22.5913906185,6827,0.0,0.0,0.0,0.0,0.0,0.0,0.0,0.0,,,,,,,23.040199740848866,23.90966768115673,,,,,23.0132756105,,,,23.0132756105,,"rgba(239, 83, 80, 1.0)"
2025-04-10 00:00:00+00:00,23.2121984546,23.4167719717,23.2121984546,23.4167719717,200,0.0,0.0,0.0,0.0,0.0,0.0,0.0,0.0,,,,,,,23.046572515752498,23.90939348771826,,,,,23.020878115593682,,,,23.020878115593682,,"rgba(239, 83, 80, 1.0)"
2025-04-11 00:00:00+00:00,23.0252473753,23.0252473753,22.8154062817,22.9187465555,8553,0.0,0.0,0.0,0.0,0.0,0.0,0.0,0.0,,,,,,,22.998057763148942,23.89194026573551,,,,,22.984877686865474,,,,22.984877686865474,,"rgba(239, 83, 80, 1.0)"
2025-04-14 00:00:00+00:00,23.2513700691,23.3114204414,23.2108576169,23.2108576169,3347,0.0,0.0,0.0,0.0,0.0,0.0,0.0,0.0,,,,,,,23.042796630018465,23.887433625000693,,,,,23.033155163989715,,,,23.033155163989715,,"rgba(239, 83, 80, 1.0)"
2025-04-15 00:00:00+00:00,23.268322088,23.3018430295,23.268322088,23.3018430295,1222,0.0,0.0,0.0,0.0,0.0,0.0,0.0,0.0,,,,,,,23.056796935269727,23.885860100825152,,,,,23.048095269105513,,,,23.048095269105513,,"rgba(239, 83, 80, 1.0)"
2025-04-16 00:00:00+00:00,23.3066317354,23.3066317354,23.2874769117,23.3018430295,724,0.0,0.0,0.0,0.0,0.0,0.0,0.0,0.0,,,,,,,23.065039438909896,23.88496344241196,,,,,23.056841386297307,,,,23.056841386297307,,"rgba(239, 83, 80, 0.75)"
2025-04-17 00:00:00+00:00,23.3209978532,23.3209978532,23.3114204414,23.3114204414,1820,0.0,0.0,0.0,0.0,0.0,0.0,0.0,0.0,,,,,,,23.08486507317623,23.882788816159017,,,,,23.077770944895594,,,,23.077770944895594,,"rgba(239, 83, 80, 0.75)"
2025-04-21 00:00:00+00:00,23.143815734,23.2156463229,23.1293538421,23.2156463229,1541,0.0,0.0,0.0,0.0,0.0,0.0,0.0,0.0,,,,,,,23.08972712028427,23.880459404487176,,,,,23.083186617395754,,,,23.083186617395754,,"rgba(239, 83, 80, 0.75)"
2025-04-22 00:00:00+00:00,23.1102947925,23.1198722044,23.1102947925,23.1198722044,967,0.0,0.0,0.0,0.0,0.0,0.0,0.0,0.0,,,,,,,23.090620713086658,23.878905134141604,,,,,23.084349298417468,,,,23.084349298417468,,"rgba(239, 83, 80, 0.75)"
2025-04-23 00:00:00+00:00,23.1917027932,23.397617148,23.1917027932,23.397617148,209,0.0,0.0,0.0,0.0,0.0,0.0,0.0,0.0,,,,,,,23.091989160348003,23.878634326194703,,,,,23.085796848481507,,,,23.085796848481507,,"rgba(239, 83, 80, 0.75)"
2025-04-24 00:00:00+00:00,23.2970543236,23.3593075006,23.2970543236,23.3593075006,704,0.0,0.0,0.0,0.0,0.0,0.0,0.0,0.0,,,,,,,23.097960038111964,23.87780849094132,,,,,23.092051501465328,,,,23.092051501465328,,"rgba(239, 83, 80, 0.75)"
2025-04-25 00:00:00+00:00,23.3928284421,23.4167719717,23.3722370066,23.397617148,5365,0.0,0.0,0.0,0.0,0.0,0.0,0.0,0.0,,,,,,,23.147599414448674,23.872438966786188,,,,,23.143503674282776,,,,23.143503674282776,,"rgba(239, 83, 80, 0.75)"
2025-04-28 00:00:00+00:00,23.4024058539,23.4167719717,23.4024058539,23.4167719717,444,0.0,0.0,0.0,0.0,0.0,0.0,0.0,0.0,,,,,,,23.15115310022751,23.872012083249153,,,,,23.147171210328402,,,,23.147171210328402,,#000000
2025-04-29 00:00:00+00:00,23.4548900709,23.4550816191,23.4027889504,23.4550816191,3510,0.0,0.0,0.0,0.0,0.0,0.0,0.0,0.0,,,,,,,23.179123903907385,23.86888363781024,,,,,23.175939844116545,,,,23.175939844116545,,#000000
2025-04-30 00:00:00+00:00,23.5018193889,23.5125460902,23.5018193889,23.5029686783,1370,0.0,0.0,0.0,0.0,0.0,0.0,0.0,0.0,,,,,,,23.19110308977239,23.86786481438681,,,,,23.188203885180595,,,,23.188203885180595,,"rgba(38, 166, 154, 0.5)"
2025-05-01 00:00:00+00:00,23.5152277655,23.5200316936,23.5008159814,23.5008159814,837,0.0,0.0,0.0,0.0,0.0,0.0,0.0,0.0,,,,,,,23.198143842616616,23.86725650542276,,,,,23.19540469272585,,,,23.19540469272585,,"rgba(38, 166, 154, 1.0)"
2025-05-02 00:00:00+00:00,23.457580629,23.457580629,23.457580629,23.457580629,78,0.0,0.0,0.0,0.0,0.0,0.0,0.0,0.0,,,,,,,23.198673180798046,23.867191250961074,,,,,23.195946866834483,,,,23.195946866834483,,"rgba(38, 166, 154, 1.0)"
2025-05-05 00:00:00+00:00,23.4143452766,23.4143452766,23.4143452766,23.4143452766,29,0.0,0.0,0.0,0.0,0.0,0.0,0.0,0.0,,,,,,,23.19883666270453,23.867164434713406,,,,,23.19611465643056,,,,23.19611465643056,,"rgba(38, 166, 154, 1.0)"
2025-05-06 00:00:00+00:00,23.4960120533,23.4960120533,23.4335609888,23.4335609888,200414,0.0,0.0,0.0,0.0,0.0,0.0,0.0,0.0,,,,,,,23.430896083934922,23.753337533800273,,,,,23.43096257170339,,,,23.43096257170339,,"rgba(38, 166, 154, 1.0)"
2025-05-07 00:00:00+00:00,23.510519916,23.510519916,23.510519916,23.510519916,258,0.0,0.0,0.0,0.0,0.0,0.0,0.0,0.0,,,,,,,23.430982062877177,23.75324679307157,,,,,23.431048662974757,,,,23.431048662974757,,"rgba(38, 166, 154, 1.0)"
2025-05-08 00:00:00+00:00,23.4671884851,23.4912081253,23.4671884851,23.4912081253,819,0.0,0.0,0.0,0.0,0.0,0.0,0.0,0.0,,,,,,,23.43113309759088,23.75291733737123,,,,,23.431199792294077,,,,23.431199792294077,,"rgba(38, 166, 154, 1.0)"
2025-05-09 00:00:00+00:00,23.4816002692,23.5104238375,23.4816002692,23.4948591106,579,0.0,0.0,0.0,0.0,0.0,0.0,0.0,0.0,,,,,,,23.431277830793185,23.75269829839022,,,,,23.431344672868892,,,,23.431344672868892,,"rgba(38, 166, 154, 1.0)"
2025-05-12 00:00:00+00:00,23.4623845571,23.4623845571,23.4623845571,23.4623845571,14,0.0,0.0,0.0,0.0,0.0,0.0,0.0,0.0,,,,,,,23.43127964277015,23.752692423352272,,,,,23.43134648480471,,,,23.43134648480471,,"rgba(38, 166, 154, 1.0)"
2025-05-13 00:00:00+00:00,23.4767963412,23.4767963412,23.4767963412,23.4767963412,28,0.0,0.0,0.0,0.0,0.0,0.0,0.0,0.0,,,,,,,23.43128494487755,23.75268125726455,,,,,23.431351790404996,,,,23.431351790404996,,"rgba(38, 166, 154, 1.0)"
2025-05-14 00:00:00+00:00,23.4047374205,23.4047374205,23.4047374205,23.4047374205,21,0.0,0.0,0.0,0.0,0.0,0.0,0.0,0.0,,,,,,,23.431282625747418,23.75267069607758,,,,,23.431349460482668,,,,23.431349460482668,,#000000
2025-05-15 00:00:00+00:00,23.4912081253,23.5392474057,23.4912081253,23.5392474057,112,0.0,0.0,0.0,0.0,0.0,0.0,0.0,0.0,,,,,,,23.431317989640668,23.752630968313493,,,,,23.431384868483466,,,,23.431384868483466,,#000000
2025-05-16 00:00:00+00:00,23.508117952,23.508117952,23.508117952,23.508117952,3,0.0,0.0,0.0,0.0,0.0,0.0,0.0,0.0,,,,,,,23.431318947620458,23.75262990824154,,,,,23.431385827666997,,,,23.431385827666997,,"rgba(38, 166, 154, 1.0)"
2025-05-19 00:00:00+00:00,23.4960120533,23.4960120533,23.4960120533,23.4960120533,10,0.0,0.0,0.0,0.0,0.0,0.0,0.0,0.0,,,,,,,23.431321637383533,23.752626199789216,,,,,23.431388520370298,,,,23.431388520370298,,"rgba(38, 166, 154, 1.0)"
2025-05-20 00:00:00+00:00,23.4722806488,23.4722806488,23.4722806488,23.4722806488,2,0.0,0.0,0.0,0.0,0.0,0.0,0.0,0.0,,,,,,,23.431321977973525,23.752625389522052,,,,,23.4313888611281,,,,23.4313888611281,,"rgba(38, 166, 154, 1.0)"
2025-05-21 00:00:00+00:00,23.3326784999,23.4047374205,23.3326784999,23.4047374205,115,0.0,0.0,0.0,0.0,0.0,0.0,0.0,0.0,,,,,,,23.43128631477955,23.752559601680325,,,,,23.431353090007924,,,,23.431353090007924,,#000000
2025-05-22 00:00:00+00:00,23.3278745719,23.3278745719,23.3278745719,23.3278745719,1,0.0,0.0,0.0,0.0,0.0,0.0,0.0,0.0,,,,,,,23.431285885032537,23.75255898806142,,,,,23.43135265906829,,,,23.43135265906829,,"rgba(239, 83, 80, 0.5)"
2025-05-23 00:00:00+00:00,23.3711099243,23.3711099243,23.3711099243,23.3711099243,55,0.0,0.0,0.0,0.0,0.0,0.0,0.0,0.0,,,,,,,23.431272134184592,23.75252867732348,,,,,23.431338863673155,,,,23.431338863673155,,"rgba(239, 83, 80, 0.5)"
2025-05-27 00:00:00+00:00,23.4383649168,23.4383649168,23.4383649168,23.4383649168,38,0.0,0.0,0.0,0.0,0.0,0.0,0.0,0.0,,,,,,,23.431273253816954,23.752511430341574,,,,,23.43133997513125,,,,23.43133997513125,,"rgba(239, 83, 80, 0.5)"
2025-05-28 00:00:00+00:00,23.4269315681,23.4269315681,23.4142491981,23.4143452766,830,0.0,0.0,0.0,0.0,0.0,0.0,0.0,0.0,,,,,,,23.43124380988373,23.7521164355583,,,,,23.43131023903578,,,,23.43131023903578,,#000000
2025-05-29 00:00:00+00:00,23.4335609888,23.452776701,23.4335609888,23.452776701,75002,0.0,0.0,0.0,0.0,0.0,0.0,0.0,0.0,,,,,,,23.43331040305768,23.721633156386957,,,,,23.433364409127954,,,,23.433364409127954,,#000000
2025-05-30 00:00:00+00:00,23.4210707759,23.4210707759,23.4210707759,23.4210707759,11,0.0,0.0,0.0,0.0,0.0,0.0,0.0,0.0,,,,,,,23.433309977761855,23.721628851653207,,,,,23.433363981264907,,,,23.433363981264907,,#000000
2025-06-02 00:00:00+00:00,23.3611177539,23.3803926036,23.3611177539,23.3707551787,329,0.0,0.0,0.0,0.0,0.0,0.0,0.0,0.0,,,,,,,23.433241699120604,23.721477238169697,,,,,23.433295536190233,,,,23.433295536190233,,"rgba(239, 83, 80, 0.5)"
2025-06-03 00:00:00+00:00,23.3273867671,23.3273867671,23.3273867671,23.3273867671,133,0.0,0.0,0.0,0.0,0.0,0.0,0.0,0.0,,,,,,,23.43319729128178,23.72140903486812,,,,,23.433251034036225,,,,23.433251034036225,,"rgba(239, 83, 80, 0.5)"
2025-06-04 00:00:00+00:00,23.343674015,23.343674015,23.343674015,23.343674015,3,0.0,0.0,0.0,0.0,0.0,0.0,0.0,0.0,,,,,,,23.433196444151875,23.721407560300705,,,,,23.433250185029333,,,,23.433250185029333,,"rgba(239, 83, 80, 0.5)"
2025-06-05 00:00:00+00:00,23.3803926036,23.3803926036,23.3803926036,23.3803926036,2,0.0,0.0,0.0,0.0,0.0,0.0,0.0,0.0,,,,,,,23.433196111043497,23.72140667282102,,,,,23.433249851043616,,,,23.433249851043616,,"rgba(239, 83, 80, 0.5)"
2025-06-06 00:00:00+00:00,23.2984744926,23.3803926036,23.2984744926,23.3707551787,5722,0.0,0.0,0.0,0.0,0.0,0.0,0.0,0.0,,,,,,,23.43129180486762,23.718482747973027,,,,,23.43134157090751,,,,23.43134157090751,,"rgba(239, 83, 80, 0.5)"
2025-06-09 00:00:00+00:00,23.3755738912,23.3755738912,23.3755738912,23.3755738912,3,0.0,0.0,0.0,0.0,0.0,0.0,0.0,0.0,,,,,,,23.431291286982177,23.718481419258616,,,,,23.431341051737547,,,,23.431341051737547,,"rgba(239, 83, 80, 0.5)"
2025-06-10 00:00:00+00:00,23.3562990415,23.383283831,23.3562990415,23.3796216096,1789,0.0,0.0,0.0,0.0,0.0,0.0,0.0,0.0,,,,,,,23.430927494549877,23.717667193335007,,,,,23.43097641086962,,,,23.43097641086962,,"rgba(239, 83, 80, 0.5)"
2025-06-11 00:00:00+00:00,23.3900300284,23.3900300284,23.3129306298,23.3524440716,2683,0.0,0.0,0.0,0.0,0.0,0.0,0.0,0.0,,,,,,,23.430381461852086,23.716449774183744,,,,,23.430429122474514,,,,23.430429122474514,,"rgba(239, 83, 80, 0.5)"
2025-06-12 00:00:00+00:00,23.4815855641,23.4959453271,23.4665511814,23.4767668517,12580,0.0,0.0,0.0,0.0,0.0,0.0,0.0,0.0,,,,,,,23.432268725770005,23.712712254714468,,,,,23.43231746160023,,,,23.43231746160023,,#000000
2025-06-13 00:00:00+00:00,23.4227972727,23.4285797276,23.4227972727,23.4276159852,783,0.0,0.0,0.0,0.0,0.0,0.0,0.0,0.0,,,,,,,23.43225138290725,23.712427562089157,,,,,23.4322999804714,,,,23.4322999804714,,#000000
2025-06-16 00:00:00+00:00,23.4285797276,23.4574920021,23.4285797276,23.4486255713,1618,0.0,0.0,0.0,0.0,0.0,0.0,0.0,0.0,,,,,,,23.432279589195968,23.711868555382647,,,,,23.43232799882715,,,,23.43232799882715,,#000000
2025-06-17 00:00:00+00:00,23.4864042765,23.515316551,23.4729118818,23.4864042765,3652,0.0,0.0,0.0,0.0,0.0,0.0,0.0,0.0,,,,,,,23.432905362952095,23.710859409364673,,,,,23.43295418658627,,,,23.43295418658627,,"rgba(38, 166, 154, 1.0)"
2025-06-18 00:00:00+00:00,23.4459270923,23.5249539758,23.4459270923,23.5056791262,899,0.0,0.0,0.0,0.0,0.0,0.0,0.0,0.0,,,,,,,23.43300741522204,23.71059069964244,,,,,23.43305626270067,,,,23.43305626270067,,"rgba(38, 166, 154, 1.0)"
2025-06-20 00:00:00+00:00,23.4864042765,23.5345914006,23.4358077963,23.4767668517,5990,0.0,0.0,0.0,0.0,0.0,0.0,0.0,0.0,,,,,,,23.433900487254952,23.70891493221578,,,,,23.433949799646957,,,,23.433949799646957,,"rgba(38, 166, 154, 1.0)"
2025-06-23 00:00:00+00:00,23.5125216978,23.5538662502,23.4864042765,23.5538662502,2374,0.0,0.0,0.0,0.0,0.0,0.0,0.0,0.0,,,,,,,23.434459990789556,23.708351839459077,,,,,23.434509779294483,,,,23.434509779294483,,"rgba(38, 166, 154, 1.0)"
2025-06-24 00:00:00+00:00,23.5249539758,23.5538662502,23.4929577254,23.515316551,71535,0.0,0.0,0.0,0.0,0.0,0.0,0.0,0.0,,,,,,,23.449459931750265,23.69332797786162,,,,,23.44951934904932,,,,23.44951934904932,,"rgba(38, 166, 154, 1.0)"
2025-06-25 00:00:00+00:00,23.5008604138,23.515316551,23.4912229889,23.515316551,3927,0.0,0.0,0.0,0.0,0.0,0.0,0.0,0.0,,,,,,,23.44994335315013,23.692478245441077,,,,,23.450002802295746,,,,23.450002802295746,,"rgba(38, 166, 154, 1.0)"
2025-06-26 00:00:00+00:00,23.515316551,23.515316551,23.515316551,23.515316551,173,0.0,0.0,0.0,0.0,0.0,0.0,0.0,0.0,,,,,,,23.449969607751196,23.6924435050977,,,,,23.45002906417484,,,,23.45002906417484,,"rgba(38, 166, 154, 1.0)"
2025-06-27 00:00:00+00:00,23.515316551,23.515316551,23.5056791262,23.5056791262,205,0.0,0.0,0.0,0.0,0.0,0.0,0.0,0.0,,,,,,,23.44999916332584,23.692401610133253,,,,,23.45005862651977,,,,23.45005862651977,,"rgba(38, 166, 154, 1.0)"
2025-06-30 00:00:00+00:00,23.6887901977,23.7177024721,23.5635036751,23.5635036751,5100,-1.0,23.717703,23.563503,154.0,-1.0,23.717703,23.563503,154.0,,,,,,23.656665448300007,23.452416201997078,23.69219626113254,23.656665448300007,,,,23.45247780461293,,,,23.45247780461293,,"rgba(38, 166, 154, 1.0)"
2025-07-01 00:00:00+00:00,23.5743939651,23.5985629152,23.5743939651,23.5985629152,1240,0.0,0.0,0.0,0.0,0.0,0.0,0.0,0.0,,,,,,23.642150179142273,23.452784915859,23.692043145873477,23.642150179142273,,,,23.452846774944163,,,,23.452846774944163,,"rgba(38, 166, 154, 1.0)"
2025-07-02 00:00:00+00:00,23.558925837,23.559892595,23.556992321,23.556992321,1412,0.0,0.0,0.0,0.0,0.0,0.0,0.0,0.0,,,,,,23.626932455732803,23.453125486789762,23.69183148623242,23.626932455732803,,,,23.453187543694508,,,,23.453187543694508,,"rgba(38, 166, 154, 0.75)"
2025-07-03 00:00:00+00:00,23.5453912249,23.5453912249,23.5453912249,23.5453912249,72,0.0,0.0,0.0,0.0,0.0,0.0,0.0,0.0,,,,,,23.62618207630796,23.453140626315697,23.69181964282638,23.62618207630796,,,,23.453202690677273,,,,23.453202690677273,,"rgba(38, 166, 154, 0.75)"
2025-07-07 00:00:00+00:00,23.5792277551,23.5937291252,23.5695601751,23.5695601751,2366,0.0,0.0,0.0,0.0,0.0,0.0,0.0,0.0,,,,,,23.61565394334893,23.453825489847816,23.69152547656705,23.61565394334893,,,,23.45388801516808,,,,23.45388801516808,,"rgba(38, 166, 154, 0.75)"
2025-07-08 00:00:00+00:00,23.5651130883,23.5695601751,23.5115546947,23.5115546947,1764,0.0,0.0,0.0,0.0,0.0,0.0,0.0,0.0,,,,,,23.605780134021114,23.454203509271622,23.691243866550266,23.605780134021114,,,,23.45426622191292,,,,23.45426622191292,,"rgba(38, 166, 154, 0.75)"
2025-07-09 00:00:00+00:00,23.559892595,23.5879285772,23.5308898549,23.5879285772,303,0.0,0.0,0.0,0.0,0.0,0.0,0.0,0.0,,,,,,23.604637801731702,23.45427554042141,23.691199273463674,23.604637801731702,,,,23.454338293282593,,,,23.454338293282593,,"rgba(38, 166, 154, 0.75)"
2025-07-10 00:00:00+00:00,23.5743939651,23.5888953352,23.5743939651,23.5888953352,284,0.0,0.0,0.0,0.0,0.0,0.0,0.0,0.0,,,,,,23.604062372879625,23.45435555293289,23.691163741883827,23.604062372879625,,,,23.45441835785859,,,,23.45441835785859,,"rgba(38, 166, 154, 0.75)"
2025-07-11 00:00:00+00:00,23.4832286852,23.550225015,23.4832286852,23.550225015,1091,0.0,0.0,0.0,0.0,0.0,0.0,0.0,0.0,,,,,,23.596179067324957,23.454481204457714,23.690937762336645,23.596179067324957,,,,23.454543999673145,,,,23.454543999673145,,#000000
2025-07-14 00:00:00+00:00,23.4922195346,23.5695601751,23.4825519546,23.4922195346,1119,0.0,0.0,0.0,0.0,0.0,0.0,0.0,0.0,,,,,,23.59000398322539,23.45463257996615,23.690718049094055,23.59000398322539,,,,23.454695391095505,,,,23.454695391095505,,#000000
2025-07-15 00:00:00+00:00,23.4342140543,23.4342140543,23.4342140543,23.4342140543,15,0.0,0.0,0.0,0.0,0.0,0.0,0.0,0.0,,,,,,23.58984572445972,23.454631892837707,23.69071376069054,23.58984572445972,,,,23.45469470106226,,,,23.45469470106226,,"rgba(239, 83, 80, 1.0)"
2025-07-16 00:00:00+00:00,23.381042364,23.4245464742,23.381042364,23.4245464742,365,0.0,0.0,0.0,0.0,0.0,0.0,0.0,0.0,,,,,,23.58515864320313,23.454583546884766,23.690593728225274,23.58515864320313,,,,23.45464624821782,,,,23.45464624821782,,"rgba(239, 83, 80, 1.0)"
2025-07-17 00:00:00+00:00,23.3182030936,23.3278706737,23.2989646093,23.3278706737,469,0.0,0.0,0.0,0.0,0.0,0.0,0.0,0.0,,,,,,23.577036950631307,23.454436965869593,23.69039758057068,23.577036950631307,,,,23.45449943335505,,,,23.45449943335505,,"rgba(239, 83, 80, 1.0)"
2025-07-18 00:00:00+00:00,23.2795327734,23.2974177965,23.2795327734,23.2974177965,148,0.0,0.0,0.0,0.0,0.0,0.0,0.0,0.0,,,,,,23.574297028709545,23.454380994333455,23.690330861802167,23.574297028709545,,,,23.454443377000338,,,,23.454443377000338,,"rgba(239, 83, 80, 1.0)"
2025-07-21 00:00:00+00:00,23.3566800623,23.3799789302,23.3566800623,23.3799789302,208,0.0,0.0,0.0,0.0,0.0,0.0,0.0,0.0,,,,,,23.571561447057576,23.45433913862202,23.690255411382335,23.571561447057576,,,,23.454401444311507,,,,23.454401444311507,,"rgba(239, 83, 80, 1.0)"
2025-07-22 00:00:00+00:00,23.3665409939,23.3665409939,23.3423720438,23.3472058338,1471,0.0,0.0,0.0,0.0,0.0,0.0,0.0,0.0,,,,,,23.55357579671842,23.454024680869736,23.68971306738961,23.55357579671842,,,,23.454086423157865,,,,23.454086423157865,,"rgba(239, 83, 80, 1.0)"
2025-07-23 00:00:00+00:00,23.3133693036,23.3243903449,23.2119563888,23.3243903449,2306,0.0,0.0,0.0,0.0,0.0,0.0,0.0,0.0,,,,,,23.52198417895994,23.453150862590114,23.68867409245435,23.52198417895994,,,,23.453211296772242,23.2832386791,,,23.453211296772242,,"rgba(239, 83, 80, 1.0)"
2025-07-24 00:00:00+00:00,23.3186864726,23.3186864726,23.3182030936,23.3182030936,106,0.0,0.0,0.0,0.0,0.0,0.0,0.0,0.0,,,,,,23.520897096129886,23.453119207710262,23.688630607030746,23.520897096129886,,,,,23.28478941986271,,,23.453179591744117,,"rgba(239, 83, 80, 1.0)"
2025-07-25 00:00:00+00:00,23.3423720438,23.3423720438,23.3423720438,23.3423720438,3,0.0,0.0,0.0,0.0,0.0,0.0,0.0,0.0,,,,,,23.520870104135277,23.453118470725684,23.68862945574828,23.520870104135277,,,,,23.284860951072574,,,23.45317885352092,,"rgba(239, 83, 80, 0.75)"
2025-07-28 00:00:00+00:00,23.3278706737,23.3278706737,23.3278706737,23.3278706737,18,0.0,0.0,0.0,0.0,0.0,0.0,0.0,0.0,,,,,,23.5206951801802,23.453113470037295,23.688622258924536,23.5206951801802,,,,,23.285179148773885,,,23.453173844744395,,"rgba(239, 83, 80, 0.75)"
2025-07-29 00:00:00+00:00,23.4052113141,23.4293802643,23.3550365736,23.376208574,4083,0.0,0.0,0.0,0.0,0.0,0.0,0.0,0.0,,,,,,23.499523459602006,23.452605728154143,23.687306515638273,23.499523459602006,,,,,23.354960832387793,,,23.45266498938456,,"rgba(239, 83, 80, 0.75)"
2025-07-30 00:00:00+00:00,23.3423720438,23.3423720438,23.3423720438,23.3423720438,8,0.0,0.0,0.0,0.0,0.0,0.0,0.0,0.0,,,,,,23.499470968627666,23.452603789642897,23.687303471156373,23.499470968627666,,,,,23.354945395491917,,,23.45266304765008,,"rgba(239, 83, 80, 0.75)"
2025-07-31 00:00:00+00:00,23.4094650494,23.4094650494,23.4094650494,23.4094650494,3,0.0,0.0,0.0,0.0,0.0,0.0,0.0,0.0,,,,,,23.499459696282432,23.452603505164127,23.68730255155644,23.499459696282432,,,,,23.354970454318593,,,23.45266276246019,,"rgba(239, 83, 80, 0.75)"
2025-08-01 00:00:00+00:00,23.5790344035,23.6081443225,23.5790344035,23.5984410162,4914,0.0,0.0,0.0,0.0,0.0,0.0,0.0,0.0,,,,,,23.51465687511675,23.45405828593854,23.686771062433472,23.51465687511675,,,,,23.455375339695696,,,23.454118527724134,,#000000
2025-08-04 00:00:00+00:00,23.5596277909,23.5790344035,23.5596277909,23.5790344035,7729,0.0,0.0,0.0,0.0,0.0,0.0,0.0,0.0,,,,,,23.525520555500858,23.455910308443922,23.685756198486676,23.525520555500858,,,,,23.500016189893216,,,23.455971579602313,,"rgba(38, 166, 154, 1.0)"
2025-08-05 00:00:00+00:00,23.5693310972,23.5693310972,23.5693310972,23.5693310972,12,0.0,0.0,0.0,0.0,0.0,0.0,0.0,0.0,,,,,,23.5255349160816,23.455913219287794,23.685754678318744,23.5255349160816,,,,,23.500059552362597,,,23.455974492056626,,"rgba(38, 166, 154, 1.0)"
2025-08-06 00:00:00+00:00,23.5790344035,23.5790344035,23.5402211782,23.5596277909,4541,0.0,0.0,0.0,0.0,0.0,0.0,0.0,0.0,,,,,,23.530011000820473,23.45697299860692,23.68516635450089,23.530011000820473,,,,,23.51270021811535,,,23.457034829693317,,"rgba(38, 166, 154, 1.0)"
2025-08-07 00:00:00+00:00,23.5547761377,23.5547761377,23.5407063435,23.5407063435,128,0.0,0.0,0.0,0.0,0.0,0.0,0.0,0.0,,,,,,23.530073252535704,23.45699823638577,23.685147636285414,23.530073252535704,,,,,23.512900855677195,,,23.4570600780334,,"rgba(38, 166, 154, 1.0)"
2025-08-08 00:00:00+00:00,23.535369525,23.535369525,23.535369525,23.535369525,60,0.0,0.0,0.0,0.0,0.0,0.0,0.0,0.0,,,,,,23.530080939805234,23.45700819234103,23.685137908044084,23.530080939805234,,,,,23.512957236429123,,,23.45707003690728,,"rgba(38, 166, 154, 1.0)"
2025-08-11 00:00:00+00:00,23.5791314366,23.6081443225,23.5791314366,23.6081443225,206,0.0,0.0,0.0,0.0,0.0,0.0,0.0,0.0,,,,,,23.530372115919832,23.45706565012319,23.685116430158818,23.530372115919832,,,,,23.513605082487935,,,23.457127529903087,,"rgba(38, 166, 154, 1.0)"
2025-08-12 00:00:00+00:00,23.5790344035,23.5790344035,23.5790344035,23.5790344035,7,0.0,0.0,0.0,0.0,0.0,0.0,0.0,0.0,,,,,,23.530380313941855,23.45706745698738,23.685115626494923,23.530380313941855,,,,,23.513624067948353,,,23.457129337805707,,"rgba(38, 166, 154, 1.0)"
2025-08-13 00:00:00+00:00,23.6081443225,23.6081443225,23.5984410162,23.5984410162,1079,0.0,0.0,0.0,0.0,0.0,0.0,0.0,0.0,,,,,,23.532266718103283,23.45740428549679,23.68502207415769,23.532266718103283,,,,,23.517532229628653,,,23.457466389000412,,"rgba(38, 166, 154, 1.0)"
2025-08-14 00:00:00+00:00,23.5450728313,23.5596277909,23.5450728313,23.5596277909,535,0.0,0.0,0.0,0.0,0.0,0.0,0.0,0.0,,,,,,23.5324855737739,23.45750868257034,23.684943987283805,23.5324855737739,,,,,23.51820554753821,,,23.457570828558147,,"rgba(38, 166, 154, 1.0)"
2025-08-15 00:00:00+00:00,23.5450728313,23.5596277909,23.5208145655,23.5208145655,2890,0.0,0.0,0.0,0.0,0.0,0.0,0.0,0.0,,,,,,23.533072473262436,23.45801958424535,23.684498559590345,23.533072473262436,,,,,23.520591286387084,,,23.458081901201588,,"rgba(38, 166, 154, 0.75)"
2025-08-18 00:00:00+00:00,23.5499244845,23.5499244845,23.5305178718,23.5305178718,474,0.0,0.0,0.0,0.0,0.0,0.0,0.0,0.0,,,,,,23.533178248338626,23.45810439421964,23.684426593016397,23.533178248338626,,,,,23.520963690039718,,,23.458166740106712,,"rgba(38, 166, 154, 0.75)"
2025-08-19 00:00:00+00:00,23.564479444,23.5790344035,23.5596277909,23.5596277909,1938,0.0,0.0,0.0,0.0,0.0,0.0,0.0,0.0,,,,,,23.53455918904315,23.45854746219814,23.68418361444415,23.53455918904315,,,,,23.52388256462443,,,23.45861002853975,,"rgba(38, 166, 154, 0.75)"
2025-08-20 00:00:00+00:00,23.5450728313,23.5596277909,23.5450728313,23.5596277909,172,0.0,0.0,0.0,0.0,0.0,0.0,0.0,0.0,,,,,,23.534613524675432,23.458580232325133,23.684158812365744,23.534613524675432,,,,,23.524026073858654,,,23.458642811157134,,"rgba(38, 166, 154, 0.75)"
2025-08-21 00:00:00+00:00,23.5208145655,23.5401241451,23.5208145655,23.5305178718,367,1.0,23.540125,23.520815,0.0,0.0,0.0,0.0,0.0,,,23.527251092033335,,,23.53455838830887,23.458632739545312,23.684096988661008,23.53455838830887,,,,,23.524063553882407,,,23.458695326437876,,"rgba(38, 166, 154, 0.75)"
2025-08-22 00:00:00+00:00,23.6178476289,23.6372542416,23.6177505958,23.6178476289,382,0.0,0.0,0.0,0.0,0.0,0.0,0.0,0.0,,,23.57673924986885,,,23.535252387722526,23.458764472213172,23.684072468443873,23.535252387722526,,,,,23.52526139718495,,,23.45882714956624,,"rgba(38, 166, 154, 1.0)"
2025-08-25 00:00:00+00:00,23.5867000155,23.5867000155,23.5867000155,23.5867000155,80,0.0,0.0,0.0,0.0,0.0,0.0,0.0,0.0,,,23.577700481775352,,,23.53533558919059,23.458785775364593,23.68406410942342,23.53533558919059,,,,,23.525414797186983,,,23.458848464952275,,"rgba(38, 166, 154, 1.0)"
2025-08-26 00:00:00+00:00,23.6032926694,23.6032926694,23.6032926694,23.6032926694,6,0.0,0.0,0.0,0.0,0.0,0.0,0.0,0.0,,,23.577884377734332,,,23.53534383074133,23.458787580031455,23.684063589384834,23.53534383074133,,,,,23.52542937787264,,,23.458850270756894,,"rgba(38, 166, 154, 1.0)"
2025-08-27 00:00:00+00:00,23.6226992821,23.6226992821,23.6226992821,23.6226992821,8,0.0,0.0,0.0,0.0,0.0,0.0,0.0,0.0,,,23.578309667455475,,,23.53535795392978,23.45879030932307,23.68406306260567,23.53535795392978,,,,,23.52545365362475,,,23.458853001909453,,"rgba(38, 166, 154, 1.0)"
2025-08-28 00:00:00+00:00,23.625707307,23.6275509352,23.5887377099,23.5887377099,1745,0.0,0.0,0.0,0.0,0.0,0.0,0.0,0.0,,,23.602373529805433,,,23.53803677595457,23.45935198547556,23.683932113291277,23.53803677595457,,,,,23.530024985574347,,,23.459415046804136,,"rgba(38, 166, 154, 1.0)"
2025-08-29 00:00:00+00:00,23.6221170837,23.6362839109,23.6221170837,23.6358957787,589,0.0,0.0,0.0,0.0,0.0,0.0,0.0,0.0,,,23.606909372943875,,,23.539046207822505,23.459556320446463,23.683896119075566,23.539046207822505,,,,,23.531683180526308,,,23.459619521264017,,"rgba(38, 166, 154, 1.0)"
2025-09-02 00:00:00+00:00,23.5743768165,23.5859652965,23.5663914773,23.5859652965,474,1.0,23.585966,23.566391,0.0,0.0,0.0,0.0,0.0,,23.57557786343333,23.602841683130674,,,23.539377361097692,23.459670118839412,23.683841190777752,23.539377361097692,,,,,23.532279975974145,,,23.459733378059553,,"rgba(38, 166, 154, 0.75)"
2025-09-03 00:00:00+00:00,23.6443946078,23.6443946078,23.6443946078,23.6443946078,145,0.0,0.0,0.0,0.0,0.0,0.0,0.0,0.0,,23.59169810242068,23.604428926038224,,,23.539667768283195,23.459725527970264,23.68383507254256,23.539667768283195,,,,,23.532744344735992,,,23.459788826829495,,"rgba(38, 166, 154, 0.75)"
2025-09-04 00:00:00+00:00,23.7223003561,23.7223003561,23.6737066456,23.702823919,15016,0.0,0.0,0.0,0.0,0.0,0.0,0.0,0.0,,23.70157310864343,23.68558614881367,,,23.576719601757883,23.467148160444097,23.684187080024454,23.576719601757883,,,,,23.584782273483913,,,23.46721716810517,,"rgba(38, 166, 154, 1.0)"
2025-09-05 00:00:00+00:00,23.902457399,23.902457399,23.902457399,23.902457399,42,0.0,0.0,0.0,0.0,0.0,0.0,0.0,0.0,,23.702111294533267,23.686069260753193,,,,23.46718483917054,23.68419673060155,23.576922304074927,,,,,23.585048768815508,,,23.467253878650958,,"rgba(38, 166, 154, 1.0)"
2025-09-08 00:00:00+00:00,24.0241851307,24.0588531887,23.9851348744,23.9852322566,3145,0.0,0.0,0.0,0.0,0.0,0.0,0.0,0.0,,23.75568308340763,23.734197830525982,,,,23.470667981210358,23.68531382185663,23.59677065177991,,,,,23.610917289489347,,,23.470740139361247,,"rgba(38, 166, 154, 1.0)"
2025-09-09 00:00:00+00:00,24.0339233492,24.1215673161,24.0329495274,24.0631380049,1544,0.0,0.0,0.0,0.0,0.0,0.0,0.0,0.0,,23.778967439936235,23.75574913815504,,,,,23.685924390644846,23.60673948056679,,,,,23.623660008708985,,,23.472558855125914,,"rgba(38, 166, 154, 1.0)"
2025-09-10 00:00:00+00:00,24.1215673161,24.1410437532,24.1215673161,24.1410437532,4512,0.0,0.0,0.0,0.0,0.0,0.0,0.0,0.0,,23.842280535950756,23.815626670868852,,,,,23.68800431257511,23.637409360287815,,,,,23.66205996707277,,,23.47839066276052,,"rgba(38, 166, 154, 1.0)"
2025-09-11 00:00:00+00:00,24.2189495015,24.2189495015,24.2189495015,24.2189495015,289,0.0,0.0,0.0,0.0,0.0,0.0,0.0,0.0,,23.846605935523364,23.819739015564465,,,,,23.688164246159428,23.639592505927897,,,,,23.66476231571018,,,23.47881242821233,,"rgba(38, 166, 154, 1.0)"
2025-09-12 00:00:00+00:00,24.1994730644,24.1994730644,24.1877872021,24.1877872021,270,0.0,0.0,0.0,0.0,0.0,0.0,0.0,0.0,,23.850310082914554,23.82328540773538,,,,,,23.641535679955837,,,,,23.667157932574742,,,23.47919360227196,,"rgba(38, 166, 154, 1.0)"
2025-09-15 00:00:00+00:00,24.2564416428,24.2676405941,24.2564416428,24.2579023756,872,0.0,0.0,0.0,0.0,0.0,0.0,0.0,0.0,,23.863894859305315,23.836205688506624,,,,,,23.64844068042233,,,,,23.6756773328377,,,23.480532644501334,,"rgba(38, 166, 154, 1.0)"
2025-09-16 00:00:00+00:00,24.2676405941,24.2676405941,24.2676405941,24.2676405941,341,0.0,0.0,0.0,0.0,0.0,0.0,0.0,0.0,,23.869060986718637,23.841138108891084,,,,,,23.65113161879773,,,,,23.67898439016319,,,23.481060038146396,,"rgba(38, 166, 154, 1.0)"
2025-09-17 00:00:00+00:00,24.2871170312,24.355284561,24.2871170312,24.355284561,207,0.0,0.0,0.0,0.0,0.0,0.0,0.0,0.0,,23.872458282051845,23.8443684876776,,,,,,23.652864774263055,,,,,23.681116562325464,,,23.481396998614642,,"rgba(38, 166, 154, 1.0)"
2025-09-18 00:00:00+00:00,24.2725097034,24.2725097034,24.2189495015,24.2189495015,516,0.0,0.0,0.0,0.0,0.0,0.0,0.0,0.0,,23.87966297933343,23.851298389889905,,,,,,23.656786081877847,,,,,23.685908287108788,,,23.482179895439398,,"rgba(38, 166, 154, 1.0)"
2025-09-19 00:00:00+00:00,24.2804950426,24.2871170312,24.2772814305,24.2773788127,824,0.0,0.0,0.0,0.0,0.0,0.0,0.0,0.0,,23.891409682441687,23.862600557584337,,,,,,23.66322094060139,,,,,23.693751505303542,,,23.48347036357217,,"rgba(38, 166, 154, 1.0)"
2025-09-22 00:00:00+00:00,24.2675432119,24.2675432119,24.2675432119,24.2675432119,116,0.0,0.0,0.0,0.0,0.0,0.0,0.0,0.0,,23.892950723285725,23.86409224853069,,,,,,23.66409579718853,,,,,23.694813031857166,,,23.483648496333625,,"rgba(38, 166, 154, 1.0)"
2025-09-23 00:00:00+00:00,24.2579023756,24.2579023756,24.2579023756,24.2579023756,26,0.0,0.0,0.0,0.0,0.0,0.0,0.0,0.0,,23.893285553130116,23.86441713313863,,,,,,23.66428841113699,,,,,23.695046425603774,,,23.48368792063625,,"rgba(38, 166, 154, 1.0)"
2025-09-24 00:00:00+00:00,24.2300510706,24.2676405941,24.22868772,24.2384259385,851,0.0,0.0,0.0,0.0,0.0,0.0,0.0,0.0,,23.903455598113997,23.874347946574915,,,,,,23.670358827907545,,,,,23.702369049592896,,,23.484949847060015,,"rgba(38, 166, 154, 0.75)"
2025-09-25 00:00:00+00:00,24.2140803922,24.2189495015,24.1897348458,24.1897348458,10613,0.0,0.0,0.0,0.0,0.0,0.0,0.0,0.0,,23.98454897794267,23.95663457531165,,,,,,23.732590633750455,,,,,23.774639528037675,,,23.499639915082913,,"rgba(38, 166, 154, 0.75)"
2025-09-26 00:00:00+00:00,24.1918772539,24.22868772,24.1897348458,24.2189495015,3647,1.0,24.228687,24.189735,0.0,1.0,24.228687,24.189735,0.0,24.203433273233333,24.002921153430012,23.97593830172168,,,,,,23.75061556506062,,,,,23.79472985279427,,,23.504522190753985,,"rgba(38, 166, 154, 0.75)"
2025-09-29 00:00:00+00:00,24.2773788127,24.2773788127,24.2481641571,24.2481641571,1015,0.0,0.0,0.0,0.0,0.0,0.0,0.0,0.0,24.217412344607705,24.008963888892687,23.98215294062919,,,,,,23.756066073515484,,,,,23.80081710775271,,,23.505992679381134,,"rgba(38, 166, 154, 0.75)"
2025-09-30 00:00:00+00:00,24.2773788127,24.2773788127,24.2773788127,24.2773788127,711,0.0,0.0,0.0,0.0,0.0,0.0,0.0,0.0,24.22534760587955,24.013188322459783,23.986494048627502,,,,,,23.75988755732405,,,,,23.805075706033584,,,23.507032502114978,,"rgba(38, 166, 154, 0.75)"
2025-10-01 00:00:00+00:00,24.3177924196,24.3568885489,24.3177924196,24.3568885489,679,0.0,0.0,0.0,0.0,0.0,0.0,0.0,0.0,24.237181509676823,24.017891734066435,23.991262370359337,,,,,,23.76385665929649,,,,,23.809524429997698,,,23.508091625325623,,"rgba(38, 166, 154, 0.75)"
2025-10-02 00:00:00+00:00,24.3187698228,24.3187698228,24.3176946793,24.3177924196,307,0.0,0.0,0.0,0.0,0.0,0.0,0.0,0.0,24.241103130861074,24.01989033790126,23.9932979763684,,,,,,23.765594277110466,,,,,23.811463925628694,,,23.508562387561437,,"rgba(38, 166, 154, 0.75)"
2025-10-03 00:00:00+00:00,24.3275664519,24.3471145166,24.298244355,24.3177924196,1637,0.0,0.0,0.0,0.0,0.0,0.0,0.0,0.0,24.25813753468427,24.03031592075959,24.003927765502006,,,,,,23.774775776749678,,,,,23.821678634247174,,,23.51108161372562,,"rgba(38, 166, 154, 1.0)"
2025-10-06 00:00:00+00:00,24.3518060521,24.3559111457,24.3470167762,24.3471145166,615,0.0,0.0,0.0,0.0,0.0,0.0,0.0,0.0,24.264811077924215,24.03439689265621,24.008071993931118,,,,,,23.778314970224375,,,,,23.82561433832321,,,23.512055640457334,,"rgba(38, 166, 154, 1.0)"
2025-10-07 00:00:00+00:00,24.3568885489,24.3763388732,24.3568885489,24.3763388732,183,0.0,0.0,0.0,0.0,0.0,0.0,0.0,0.0,24.26686209531913,24.035635702518444,24.0093278346879,,,,,,23.779381220955656,,,,,23.826800196785094,,,23.512349102708175,,"rgba(38, 166, 154, 1.0)"
2025-10-08 00:00:00+00:00,24.3764366135,24.3764366135,24.3764366135,24.3764366135,9,0.0,0.0,0.0,0.0,0.0,0.0,0.0,0.0,24.266974121976364,24.0356988060077,24.0093916390061,,,,,,23.77943473013226,,,,,23.826859799505144,,,23.512363751542086,,"rgba(38, 166, 154, 1.0)"
2025-10-09 00:00:00+00:00,24.3862106459,24.3862106459,24.3764366135,24.3764366135,408,0.0,0.0,0.0,0.0,0.0,0.0,0.0,0.0,24.272111374539,24.03858939976193,24.012311929600386,,,,,,23.781876813889344,,,,,23.829580155810344,,,23.513032314724256,,"rgba(38, 166, 154, 1.0)"
2025-10-10 00:00:00+00:00,24.449741856,24.449741856,24.449741856,24.449741856,12,0.0,0.0,0.0,0.0,0.0,0.0,0.0,0.0,24.272342488685975,24.03869003676015,24.01241248242526,,,,,,23.781956288518025,,,,,23.829669371663634,,,23.513053471308744,,"rgba(38, 166, 154, 1.0)"
2025-10-13 00:00:00+00:00,24.4937250014,24.4937250014,24.4937250014,24.4937250014,114,0.0,0.0,0.0,0.0,0.0,0.0,0.0,0.0,24.275045456068366,24.039745673430254,24.01346127396841,,,,,,23.782760021166588,,,,,23.830575671772458,,,23.51326384654172,,"rgba(38, 166, 154, 1.0)"
2025-10-14 00:00:00+00:00,24.4940182224,24.4940182224,24.4940182224,24.4940182224,587,0.0,0.0,0.0,0.0,0.0,0.0,0.0,0.0,24.28799759369802,24.04510811207013,24.018793326908252,,,,,,23.786871664156493,,,,,23.83520547795937,,,23.514345990628826,,"rgba(38, 166, 154, 1.0)"
2025-10-15 00:00:00+00:00,24.542595163,24.542595163,24.5230470984,24.5230470984,1788,0.0,0.0,0.0,0.0,0.0,0.0,0.0,0.0,24.32587069883893,24.062148900200988,24.035704521167567,,,,,,23.79983566304773,,,,,23.84979341461367,,,23.51776842056138,,"rgba(38, 166, 154, 1.0)"
2025-10-16 00:00:00+00:00,24.542595163,24.6989796802,24.542595163,24.57191726,8268,0.0,0.0,0.0,0.0,0.0,0.0,0.0,0.0,24.43712563372817,24.135804043472913,24.10911569581931,,,,,,23.85872625592946,,,,,23.91519587590855,,,23.534195192670424,,"rgba(38, 166, 154, 1.0)"
2025-10-17 00:00:00+00:00,24.5914653246,24.601239357,24.5914653246,24.601239357,876,0.0,0.0,0.0,0.0,0.0,0.0,0.0,0.0,24.443745099908863,24.142431473857986,24.11577952645207,,,,,,23.86445849368555,,,,,23.921458670017994,,,23.535906307931267,,"rgba(38, 166, 154, 1.0)"
2025-10-20 00:00:00+00:00,24.6159004055,24.6159004055,24.6159004055,24.6159004055,68,0.0,0.0,0.0,0.0,0.0,0.0,0.0,0.0,24.44430457996909,24.142961648036717,24.116311703151105,,,,,,23.864912525033596,,,,,23.921955137888936,,,23.53604155531274,,"rgba(38, 166, 154, 1.0)"
2025-10-21 00:00:00+00:00,24.6305614539,24.6696575832,24.6256744378,24.6403354863,1054,0.0,0.0,0.0,0.0,0.0,0.0,0.0,0.0,24.453783765831957,24.151474766910656,24.124840876448623,,,,,,23.872122334912344,,,,,23.9298462667113,,,23.53818406044986,,"rgba(38, 166, 154, 1.0)"
2025-10-22 00:00:00+00:00,24.649620817,24.707092127,24.649620817,24.707092127,556,0.0,0.0,0.0,0.0,0.0,0.0,0.0,0.0,24.459088494238046,24.15608872897657,24.12945712635551,,,,,,23.876002570258713,,,,,23.934093790638826,,,23.539338295365905,,"rgba(38, 166, 154, 1.0)"
2025-10-23 00:00:00+00:00,24.636328133,24.7087537125,24.6207874216,24.6403354863,2604,0.0,0.0,0.0,0.0,0.0,0.0,0.0,0.0,24.479412628411286,24.17610565932239,24.149558541059598,,,,,,23.89338280297186,,,,,23.9530004079047,,,23.54464869857544,,"rgba(38, 166, 154, 1.0)"
2025-10-24 00:00:00+00:00,24.6843186317,24.7380758095,24.6615451364,24.6794316156,2199,0.0,0.0,0.0,0.0,0.0,0.0,0.0,0.0,24.496726135398315,24.19308914704254,24.166604895121786,,,,,,23.90819482528806,,,,,23.969063599834087,,,23.549251494680774,,"rgba(38, 166, 154, 1.0)"
2025-10-27 00:00:00+00:00,24.7478498418,24.7478498418,24.6501095186,24.6794316156,4617,0.0,0.0,0.0,0.0,0.0,0.0,0.0,0.0,24.528303271126294,24.226687371191964,24.200410451496843,,,,,,23.938349186304066,,,,,24.001521099144014,,,23.558968453649292,,"rgba(38, 166, 154, 1.0)"
2025-10-28 00:00:00+00:00,24.6657479703,24.6794316156,24.6657479703,24.6794316156,758,0.0,0.0,0.0,0.0,0.0,0.0,0.0,0.0,24.531593821475383,24.23132455432883,24.205116143515795,,,,,,23.942811674977968,,,,,24.00626312347783,,,23.560486859306685,,"rgba(38, 166, 154, 0.75)"
2025-10-29 00:00:00+00:00,24.5963523408,24.6246970345,24.5963523408,24.6246970345,1392,0.0,0.0,0.0,0.0,0.0,0.0,0.0,0.0,24.53462266843693,24.238377615833755,24.21235179195771,,,,,,23.950152261383803,,,,,24.01396937420167,,,23.56310304733168,,"rgba(38, 166, 154, 0.5)"
2025-10-30 00:00:00+00:00,24.5621432277,24.601239357,24.5474821792,24.5695714922,21056,0.0,0.0,0.0,0.0,0.0,0.0,0.0,0.0,24.54823714601038,24.311971651516746,24.289147289798528,,,,,,24.03911310369682,,,,,24.10452731181662,,,23.59984229825581,,"rgba(38, 166, 154, 0.5)"
2025-10-31 00:00:00+00:00,24.6101337264,24.6207874216,24.601239357,24.6051489699,19503,0.0,0.0,0.0,0.0,0.0,0.0,0.0,0.0,24.564558568727985,24.36287316221402,24.34245803374474,,,,,,24.10615615454782,,,,,24.170848760747766,,,23.63288033502573,,"rgba(38, 166, 154, 0.5)"
2025-11-03 00:00:00+00:00,24.5842325407,24.6185475213,24.5842325407,24.5988409182,1121,0.0,0.0,0.0,0.0,0.0,0.0,0.0,0.0,24.565018783113583,24.365130909432136,24.344848081122016,,,,,,24.10943414833105,,,,,24.174024106014638,,,23.634685581365154,,"rgba(38, 166, 154, 0.5)"
2025-11-04 00:00:00+00:00,24.598938961,24.6283518015,24.5950172489,24.5950172489,5820,0.0,0.0,0.0,0.0,0.0,0.0,0.0,0.0,24.568043980706776,24.37674651355069,24.35711499910495,,,,,,24.126166168898926,,,,,24.190214876285445,,,23.6440637100133,,"rgba(38, 166, 154, 0.5)"
2025-11-05 00:00:00+00:00,24.6087432412,24.6283518015,24.5759969454,24.5891346808,6428,0.0,0.0,0.0,0.0,0.0,0.0,0.0,0.0,24.57069602835444,24.388191932859943,24.369246075283133,,,,,,24.14327631931735,,,,,24.206625213484255,,,23.654181246586273,,"rgba(38, 166, 154, 0.5)"
2025-11-06 00:00:00+00:00,24.6283518015,24.6871774826,24.6250183463,24.6381560817,5583,0.0,0.0,0.0,0.0,0.0,0.0,0.0,0.0,24.575237642560193,24.399015686618938,24.380592451811324,,,,,,24.158454134672123,,,,,24.22127162616842,,,23.663182591802936,,"rgba(38, 166, 154, 0.5)"
2025-11-07 00:00:00+00:00,24.6184494785,24.6184494785,24.6184494785,24.6184494785,40,0.0,0.0,0.0,0.0,0.0,0.0,0.0,0.0,24.575256098312025,24.39908145526282,24.3806620846365,,,,,,24.15855344603666,,,,,24.221366278524993,,,23.66324464901843,,"rgba(38, 166, 154, 0.5)"
2025-11-10 00:00:00+00:00,24.6331558988,24.6331558988,24.6087432412,24.6087432412,759,0.0,0.0,0.0,0.0,0.0,0.0,0.0,0.0,24.57565614010877,24.400359133204304,24.382011971841017,,,,,,24.16045658612081,,,,,24.223183366406897,,,23.66442874586999,,"rgba(38, 166, 154, 0.5)"
2025-11-11 00:00:00+00:00,24.6969817627,24.6969817627,24.6969817627,24.6969817627,25,0.0,0.0,0.0,0.0,0.0,0.0,0.0,0.0,24.575688257566227,24.40041437348482,24.382069272831213,,,,,,24.160528677239785,,,,,24.22325360829544,,,23.664470616289496,,"rgba(38, 166, 154, 0.5)"
2025-11-12 00:00:00+00:00,24.6527644592,24.6527644592,24.6527644592,24.6527644592,12,0.0,0.0,0.0,0.0,0.0,0.0,0.0,0.0,24.575698050098016,24.400436929245014,24.382092908999446,,,,,,24.16056042243989,,,,,24.223284170668094,,,23.664489852247762,,"rgba(38, 166, 154, 0.5)"
2025-11-13 00:00:00+00:00,24.6193318638,24.6193318638,24.6193318638,24.6193318638,655,0.0,0.0,0.0,0.0,0.0,0.0,0.0,0.0,24.575998558456842,24.401499691419023,24.383218233184333,,,,,,24.16216971575407,,,,,24.22481644653078,,,23.66550319918736,,"rgba(38, 166, 154, 0.5)"
2025-11-14 00:00:00+00:00,24.5793304006,24.6087432412,24.5793304006,24.6087432412,630,0.0,0.0,0.0,0.0,0.0,0.0,0.0,0.0,24.576085001979404,24.402371839238544,24.384153434329104,,,,,,24.163605428321013,,,,,24.226167139104042,,,23.666445048730125,,"rgba(38, 166, 154, 0.5)"
2025-11-17 00:00:00+00:00,24.6234496614,24.657764642,24.6185475213,24.6381560817,2396,0.0,0.0,0.0,0.0,0.0,0.0,0.0,0.0,24.57748084410278,24.406382376935127,24.38838301661368,,,,,,24.169535715053293,,,,,24.231827290787503,,,23.670180032215132,,"rgba(38, 166, 154, 0.5)"
2025-11-18 00:00:00+00:00,24.6479603619,24.657764642,24.6479603619,24.6513918599,326,0.0,0.0,0.0,0.0,0.0,0.0,0.0,0.0,24.57772502660943,24.406959689565124,24.38898884823602,,,,,,24.17036186357894,,,,,24.23261920958055,,,23.670695428237146,,"rgba(38, 166, 154, 0.5)"
2025-11-19 00:00:00+00:00,24.633057856,24.657764642,24.633057856,24.657764642,110,0.0,0.0,0.0,0.0,0.0,0.0,0.0,0.0,24.57779596775381,24.407145976531286,24.389184919578188,,,,,,24.170634240106533,,,,,24.232879421241776,,,23.670867451874678,,"rgba(38, 166, 154, 0.5)"
2025-11-20 00:00:00+00:00,24.6185475213,24.6773732024,24.6185475213,24.657764642,2508,0.0,0.0,0.0,0.0,0.0,0.0,0.0,0.0,24.579293683984105,24.4112585365557,24.393519481654863,,,,,,24.17671921781033,,,,,24.238678733519805,,,23.67476048615435,,"rgba(38, 166, 154, 0.5)"
2025-11-21 00:00:00+00:00,24.6622746109,24.6969817627,24.657764642,24.657764642,330,0.0,0.0,0.0,0.0,0.0,0.0,0.0,0.0,24.57959648062337,24.411868674681827,24.394156737917726,,,,,,24.177566543130048,,,,,24.23949371051074,,,23.67528848904021,,"rgba(38, 166, 154, 0.5)"
2025-11-24 00:00:00+00:00,24.8930673663,24.8930673663,24.6871774826,24.6871774826,1292,0.0,0.0,0.0,0.0,0.0,0.0,0.0,0.0,24.58267672049543,24.415609271587513,24.39797284345155,,,,,,24.181867541774643,,,,,24.24376612417667,,,23.677664861371262,,"rgba(38, 166, 154, 0.5)"
2025-11-25 00:00:00+00:00,24.6820792569,24.7067860429,24.6820792569,24.6969817627,2558,0.0,0.0,0.0,0.0,0.0,0.0,0.0,0.0,24.585292612615458,24.42045348584028,24.403017575220243,,,,,,24.18847380575002,,,,,24.2501315985557,,,23.68179401534128,,"rgba(38, 166, 154, 0.5)"
2025-11-26 00:00:00+00:00,24.7239435332,24.7239435332,24.7239435332,24.7239435332,8,0.0,0.0,0.0,0.0,0.0,0.0,0.0,0.0,24.585303150001124,24.42047022238532,24.403034894016713,,,,,,24.188495563635765,,,,,24.250152720699717,,,23.681807305055887,,"rgba(38, 166, 154, 0.5)"
2025-11-28 00:00:00+00:00,24.724041576,24.724041576,24.724041576,24.724041576,8,0.0,0.0,0.0,0.0,0.0,0.0,0.0,0.0,24.585313693235864,24.42048696249098,24.403052216234666,,,,,,24.188517323737038,,,,,24.25017384533108,,,23.681820595681803,,"rgba(38, 166, 154, 0.5)"
2025-12-01 00:00:00+00:00,24.6692356498,24.6692356498,24.6692356498,24.6692356498,34,0.0,0.0,0.0,0.0,0.0,0.0,0.0,0.0,24.58534078899986,24.420545245956294,24.40311324854211,,,,,,24.18860032194999,,,,,24.25025322282471,,,23.681874106947376,,"rgba(38, 166, 154, 0.5)"
2025-12-02 00:00:00+00:00,24.6544872029,24.6544872029,24.6544872029,24.6544872029,126,0.0,0.0,0.0,0.0,0.0,0.0,0.0,0.0,24.585423424709624,24.42074820451708,24.403326662000918,,,,,,24.1888982232395,,,,,24.250536778927955,,,23.682069401444817,,#000000
2025-12-03 00:00:00+00:00,24.6643195009,24.6643195009,24.6643195009,24.6643195009,96,0.0,0.0,0.0,0.0,0.0,0.0,0.0,0.0,24.585495197351143,24.42090909823179,24.403495375555302,,,,,,24.18912972786628,,,,,24.25075780686758,,,23.6822196485896,,#000000
2025-12-04 00:00:00+00:00,24.6631396251,24.6631396251,24.653798942,24.6628446562,490,0.0,0.0,0.0,0.0,0.0,0.0,0.0,0.0,24.585839668334284,24.42171259919022,24.404339011291153,,,,,,24.19029721778334,,,,,24.25187062772118,,,23.68298247010667,,#000000
2025-12-05 00:00:00+00:00,24.6546838488,24.6546838488,24.6546838488,24.6546838488,73,0.0,0.0,0.0,0.0,0.0,0.0,0.0,0.0,24.585887039225064,24.421829169448223,24.40446160504271,,,,,,24.1904686821709,,,,,24.252033734420863,,,23.683095392267177,,#000000
2025-12-08 00:00:00+00:00,24.7296059595,24.7477957108,24.6299064579,24.6383622342,3494,0.0,0.0,0.0,0.0,0.0,0.0,0.0,0.0,24.589603078995637,24.42839221611367,24.411285730401023,,,,,,24.19935923085684,,,,,24.260596860738325,,,23.688733804256998,,#000000
2025-12-09 00:00:00+00:00,24.6397387559,24.6397387559,24.6397387559,24.6397387559,717,0.0,0.0,0.0,0.0,0.0,0.0,0.0,0.0,24.58992897771316,24.429401745903,24.412354354370457,,,,,,24.200922971723095,,,,,24.262070321874354,,,23.689812065034268,,#000000
2025-12-10 00:00:00+00:00,24.6870321092,24.7478940337,24.6652044077,24.6692356498,10717,0.0,0.0,0.0,0.0,0.0,0.0,0.0,0.0,24.599680318544834,24.44743701383536,24.431154254092238,,,,,,24.226078752356393,,,,,24.286114862042336,,,23.706647239929016,,#000000
2025-12-11 00:00:00+00:00,24.673266892,24.6839840968,24.590577266,24.6790679478,9560,0.0,0.0,0.0,0.0,0.0,0.0,0.0,0.0,24.603311342880097,24.45876204535099,24.443168869887675,,,,,,24.24428668626865,,,,,24.303069515244392,,,23.720454694316608,,#000000
2025-12-12 00:00:00+00:00,24.6543888799,24.6544872029,24.6397387559,24.6397387559,10900,0.0,0.0,0.0,0.0,0.0,0.0,0.0,0.0,24.606872815677356,24.470232908166665,24.455363593731462,,,,,,24.26323683756531,,,,,24.320580026769413,,,23.735716399157678,,#000000
2025-12-15 00:00:00+00:00,24.6527173892,24.7085648418,24.6397387559,24.7085648418,1060,0.0,0.0,0.0,0.0,0.0,0.0,0.0,0.0,24.607320007188125,24.471376805528298,24.45657286073924,,,,,,24.265064647708684,,,,,24.32227435101004,,,23.737201717818294,,#000000
2025-12-16 00:00:00+00:00,24.6742501218,24.6742501218,24.6742501218,24.6742501218,36,0.0,0.0,0.0,0.0,0.0,0.0,0.0,0.0,24.607336906954043,24.471416851144465,24.45661509286124,,,,,,24.26512754717266,,,,,24.32233280606892,,,23.737252471734312,,#000000
2025-12-17 00:00:00+00:00,24.6889002458,24.7282294378,24.6299064579,24.6889002458,2497,0.0,0.0,0.0,0.0,0.0,0.0,0.0,0.0,24.60862796352212,24.474265741139334,24.459612394289753,,,,,,24.26952903658214,,,,,24.32643266467934,,,23.7407897526954,,#000000
2025-12-18 00:00:00+00:00,24.6971593761,24.7415521132,24.6971593761,24.7415521132,1296,0.0,0.0,0.0,0.0,0.0,0.0,0.0,0.0,24.609542879167126,24.475920390968447,24.461339576783644,,,,,,24.27193835550478,,,,,24.328697986951866,,,23.742672676214067,,#000000
2025-12-19 00:00:00+00:00,24.7218220078,24.7711472712,24.7070244288,24.7218220078,2377,0.0,0.0,0.0,0.0,0.0,0.0,0.0,0.0,24.61152106279705,24.47916553585718,24.46471172008159,,,,,,24.276501147257196,,,,,24.333012269609426,,,23.74618298429303,,"rgba(38, 166, 154, 0.5)"
2025-12-22 00:00:00+00:00,24.7316870605,24.7415521132,24.7316870605,24.7316870605,2057,0.0,0.0,0.0,0.0,0.0,0.0,0.0,0.0,24.61320502982054,24.481926223740455,24.467580574841275,,,,,,24.280391410730005,,,,,24.336687203975067,,,23.74920573132453,,"rgba(38, 166, 154, 0.5)"
2025-12-23 00:00:00+00:00,24.7415521132,24.7711472712,24.7366195868,24.7366195868,1769,0.0,0.0,0.0,0.0,0.0,0.0,0.0,0.0,24.614788480949947,24.48438924332845,24.47013335331402,,,,,,24.283791779354583,,,,,24.339909725974625,,,23.7518293229719,,"rgba(38, 166, 154, 0.5)"
2025-12-24 00:00:00+00:00,24.7711472712,24.7711472712,24.7711472712,24.7711472712,158,0.0,0.0,0.0,0.0,0.0,0.0,0.0,0.0,24.614950236011918,24.484624569240005,24.470376368193385,,,,,,24.28410691255687,,,,,24.340209987000026,,,23.752067987117087,,"rgba(38, 166, 154, 0.5)"
2025-12-26 00:00:00+00:00,24.7563496922,24.7563496922,24.7513185153,24.7514171659,284,0.0,0.0,0.0,0.0,0.0,0.0,0.0,0.0,24.615209567969405,24.485022324873224,24.470788322392114,,,,,,24.284653205211438,,,,,24.3407280539067,,,23.752489766876405,,"rgba(38, 166, 154, 0.5)"
2025-12-29 00:00:00+00:00,24.7663133954,24.7663133954,24.7474711448,24.7612822185,487,0.0,0.0,0.0,0.0,0.0,0.0,0.0,0.0,24.615669039230713,24.48571517509282,24.47150525024842,,,,,,24.285597684371655,,,,,24.34162488531035,,,23.753216068475542,,"rgba(38, 166, 154, 0.5)"
2025-12-30 00:00:00+00:00,24.7612822185,24.8204725346,24.7612822185,24.7612822185,2726,0.0,0.0,0.0,0.0,0.0,0.0,0.0,0.0,24.61855412746134,24.489821608465217,24.475740646183702,,,,,,24.291046655733854,,,,,24.346823134394644,,,23.75734662437997,,"rgba(38, 166, 154, 0.5)"
2025-12-31 00:00:00+00:00,24.7563496922,24.7908773766,24.7563496922,24.7908773766,400014,0.0,0.0,0.0,0.0,0.0,0.0,0.0,0.0,24.72592505982129,24.67641689986133,24.67074648596824,,,,,,24.585449575522723,,,,,24.613973610380125,,,24.132207347796893,,"rgba(38, 166, 154, 0.5)"
2026-01-02 00:00:00+00:00,24.7958099029,24.7958099029,24.7958099029,24.7958099029,52,0.0,0.0,0.0,0.0,0.0,0.0,0.0,0.0,24.725931592383034,24.67642731504038,24.670757337964798,,,,,,24.585466458608554,,,,,24.613988607568334,,,24.132239347326614,,"rgba(38, 166, 154, 0.5)"
2026-01-05 00:00:00+00:00,24.8156386588,24.8203738841,24.8156386588,24.8203738841,871,0.0,0.0,0.0,0.0,0.0,0.0,0.0,0.0,24.7260742968494,24.676632733563647,24.67096989801164,,,,,,24.585777587431657,,,,,24.614268975963878,,,24.132792157675777,,"rgba(38, 166, 154, 0.5)"
2026-01-06 00:00:00+00:00,24.8895279033,24.8895279033,24.8402026399,24.8402026399,4893,0.0,0.0,0.0,0.0,0.0,0.0,0.0,0.0,24.727354114148316,24.67822986272665,24.672604436808125,,,,,,24.587928198654268,,,,,24.616259382891442,,,24.136133311535662,,"rgba(38, 166, 154, 1.0)"
2026-01-07 00:00:00+00:00,24.8599327453,24.8599327453,24.8500676926,24.8500676926,11976,0.0,0.0,0.0,0.0,0.0,0.0,0.0,0.0,24.73005149059474,24.68171075324498,24.67617659185879,,,,,,24.59276278188219,,,,,24.620700518822584,,,24.144005551300268,,"rgba(38, 166, 154, 1.0)"
2026-01-08 00:00:00+00:00,24.8747303243,25.0079085354,24.8747303243,25.0079085354,3257,0.0,0.0,0.0,0.0,0.0,0.0,0.0,0.0,24.7311182112596,24.682963810953467,24.67745229103299,,,,,,24.594351872504777,,,,,24.622192446017632,,,24.14630192524107,,"rgba(38, 166, 154, 1.0)"
2026-01-09 00:00:00+00:00,24.9043254823,24.908567455,24.899392956,24.899392956,445,0.0,0.0,0.0,0.0,0.0,0.0,0.0,0.0,24.731251446976202,24.68312315931904,24.67761477510455,,,,,,24.59455779647052,,,,,24.622384870877248,,,24.146608539508577,,"rgba(38, 166, 154, 1.0)"
2026-01-12 00:00:00+00:00,24.8944604297,24.928988114,24.8944604297,24.9091593582,3691,0.0,0.0,0.0,0.0,0.0,0.0,0.0,0.0,24.732360592465565,24.68444719240495,24.67896463276429,,,,,,24.59626559147377,,,,,24.623981399717305,,,24.149148452755405,,"rgba(38, 166, 154, 1.0)"
2026-01-13 00:00:00+00:00,24.9043254823,24.9043254823,24.9043254823,24.9043254823,78,0.0,0.0,0.0,0.0,0.0,0.0,0.0,0.0,24.73238365900418,24.68447479636598,24.678992781082602,,,,,,24.596301288823557,,,,,24.62401474881779,,,24.14920182791165,,"rgba(38, 166, 154, 1.0)"
2026-01-14 00:00:00+00:00,24.928988114,24.9980434828,24.928988114,24.9388531667,1191,0.0,0.0,0.0,0.0,0.0,0.0,0.0,0.0,24.73283255823313,24.684986654805,24.67951247572057,,,,,,24.596929550461994,,,,,24.62460943078596,,,24.15006729196047,,"rgba(38, 166, 154, 1.0)"
2026-01-15 00:00:00+00:00,24.9339206404,24.9339206404,24.9201095666,24.9201095666,362,0.0,0.0,0.0,0.0,0.0,0.0,0.0,0.0,24.7329545488301,24.685128657355413,24.679656923035704,,,,,,24.59710789446217,,,,,24.624777258031752,,,24.15032254460485,,"rgba(38, 166, 154, 1.0)"
2026-01-16 00:00:00+00:00,24.9092580087,25.0088950407,24.9092580087,24.9191230614,1762,0.0,0.0,0.0,0.0,0.0,0.0,0.0,0.0,24.73358579965757,24.68585459527168,24.680394544472964,,,,,,24.598007503223098,,,,,24.62562667645151,,,24.15158351622085,,"rgba(38, 166, 154, 0.75)"
2026-01-20 00:00:00+00:00,24.8155400083,24.9191230614,24.7612822185,24.8204725346,8777,0.0,0.0,0.0,0.0,0.0,0.0,0.0,0.0,24.73504069966164,24.68787948033417,24.6824846061541,,,,,,24.60100451156753,,,,,24.628338886471017,,,24.156936209536582,,"rgba(38, 166, 154, 0.75)"
2026-01-21 00:00:00+00:00,24.8944604297,24.8944604297,24.8944604297,24.8944604297,68,0.0,0.0,0.0,0.0,0.0,0.0,0.0,0.0,24.73505896009162,24.687901655959315,24.68250724734548,,,,,,24.601033630970104,,,,,24.628365982569633,,,24.156981158720104,,"rgba(38, 166, 154, 0.5)"
2026-01-22 00:00:00+00:00,24.884595377,24.9487182194,24.8520407032,24.8776898401,3988,0.0,0.0,0.0,0.0,0.0,0.0,0.0,0.0,24.736127001221682,24.689198030565645,24.683830773805884,,,,,,24.60273515412063,,,,,24.62994939929613,,,24.15961008957864,,"rgba(38, 166, 154, 0.5)"
2026-01-23 00:00:00+00:00,24.8945590802,24.8945590802,24.8796628507,24.8796628507,530,0.0,0.0,0.0,0.0,0.0,0.0,0.0,0.0,24.736262975675313,24.689364507607536,24.6840008626528,,,,,,24.602955558605423,,,,,24.630154064658463,,,24.159955448373182,,"rgba(38, 166, 154, 0.5)"
2026-01-26 00:00:00+00:00,24.9043254823,25.0079085354,24.9043254823,24.9215893245,2967,0.0,0.0,0.0,0.0,0.0,0.0,0.0,0.0,24.737262871036638,24.690519405332054,24.6851747703016,,,,,,24.604394149362662,,,,,24.63151028557779,,,24.162012905670448,,"rgba(38, 166, 154, 0.5)"
2026-01-27 00:00:00+00:00,24.9240555877,24.938162613,24.9240555877,24.938162613,1237,0.0,0.0,0.0,0.0,0.0,0.0,0.0,0.0,24.737656106902868,24.690978306859886,24.685641657052336,,,,,,24.60497229876236,,,,,24.632053749714895,,,24.162856387042833,,"rgba(38, 166, 154, 0.5)"
2026-01-28 00:00:00+00:00,24.9437856931,24.9437856931,24.9076796003,24.9076796003,1114,0.0,0.0,0.0,0.0,0.0,0.0,0.0,0.0,24.73801438581175,24.691395249497216,24.68606574671397,,,,,,24.60549599506356,,,,,24.63254639605244,,,24.163617372609483,,"rgba(38, 166, 154, 0.75)"
2026-01-29 00:00:00+00:00,24.940036973,24.9585832721,24.940036973,24.9585832721,245,0.0,0.0,0.0,0.0,0.0,0.0,0.0,0.0,24.73809887550984,24.691492261582862,24.686164301220785,,,,,,24.60561604337505,,,,,24.63265975454908,,,24.163787681429636,,"rgba(38, 166, 154, 1.0)"
2026-01-30 00:00:00+00:00,24.9584846215,24.9684483247,24.9388531667,24.9388531667,442,0.0,0.0,0.0,0.0,0.0,0.0,0.0,0.0,24.73825774400011,24.69167329921086,24.686348088996247,,,,,,24.605838150904404,,,,,24.632869947404867,,,24.16409829391964,,"rgba(38, 166, 154, 1.0)"
2026-02-02 00:00:00+00:00,24.9634171479,24.9636149578,24.8943814774,24.9438339634,2199,0.0,0.0,0.0,0.0,0.0,0.0,0.0,0.0,24.73899105266928,24.692519967009467,24.687208647709316,,,,,,24.606892382774955,,,,,24.633863832214477,,,24.165611187127556,,"rgba(38, 166, 154, 1.0)"
2026-02-03 00:00:00+00:00,24.9784507036,24.9784507036,24.9537244606,24.973505455,658,0.0,0.0,0.0,0.0,0.0,0.0,0.0,0.0,24.739241679331666,24.692802444037042,24.687495120624085,,,,,,24.607234554076392,,,,,24.634188705234905,,,24.166080069658783,,"rgba(38, 166, 154, 1.0)"
2026-02-04 00:00:00+00:00,25.0031769467,25.0031769467,24.9933853544,24.9933853544,349,0.0,0.0,0.0,0.0,0.0,0.0,0.0,0.0,24.739391457925624,24.69296805349456,24.68766276909101,,,,,,24.60743060936945,,,,,24.634375971672647,,,24.166337719460476,,"rgba(38, 166, 154, 1.0)"
2026-02-05 00:00:00+00:00,25.0684542282,25.1218629132,25.0377936869,25.0526294327,3752,0.0,0.0,0.0,0.0,0.0,0.0,0.0,0.0,24.741458227556222,24.695176028141574,24.68989045053922,,,,,,24.60993246413828,,,,,24.63679392719161,,,24.16934965488517,,"rgba(38, 166, 154, 1.0)"
2026-02-06 00:00:00+00:00,25.0252327554,25.0724104271,25.0252327554,25.0724104271,532,0.0,0.0,0.0,0.0,0.0,0.0,0.0,0.0,24.741718715498525,24.695458395420772,24.69017574278426,,,,,,24.610258509295335,,,,,24.637107421377646,,,24.169758646591706,,"rgba(38, 166, 154, 1.0)"
2026-02-09 00:00:00+00:00,25.0724104271,25.0921914216,25.0724104271,25.0724104271,608,0.0,0.0,0.0,0.0,0.0,0.0,0.0,0.0,24.742053640972443,24.69581600994687,24.690536525058707,,,,,,24.610663390812025,,,,,24.637498801667267,,,24.170245987696898,,"rgba(38, 166, 154, 1.0)"
2026-02-10 00:00:00+00:00,25.0921914216,25.1218629132,25.0921914216,25.1218629132,336,0.0,0.0,0.0,0.0,0.0,0.0,0.0,0.0,24.742251103512597,24.696025238231854,24.69074744521169,,,,,,24.610897851876246,,,,,24.63772608355424,,,24.170521917391717,,"rgba(38, 166, 154, 1.0)"
2026-02-11 00:00:00+00:00,25.0724104271,25.2108773881,25.0724104271,25.0823009243,281,0.0,0.0,0.0,0.0,0.0,0.0,0.0,0.0,24.742423634653207,24.696207149139024,24.690930736138846,,,,,,24.611100336933188,,,,,24.637922732391033,,,24.170756635752063,,"rgba(38, 166, 154, 1.0)"
2026-02-12 00:00:00+00:00,25.1317534104,25.1317534104,25.1020819188,25.1218629132,677,0.0,0.0,0.0,0.0,0.0,0.0,0.0,0.0,24.74284229436978,24.696648191887846,24.691375085433,,,,,,24.611590676886614,,,,,24.63839909440509,,,24.17132361990029,,"rgba(38, 166, 154, 1.0)"
2026-02-13 00:00:00+00:00,25.1910963936,25.1910963936,25.161325997,25.161325997,1221,0.0,0.0,0.0,0.0,0.0,0.0,0.0,0.0,24.743712825557605,24.697551954331097,24.69228427098902,,,,,,24.612575164723403,,,,,24.639360974677693,,,24.172408192818263,,"rgba(38, 166, 154, 1.0)"
2026-02-17 00:00:00+00:00,25.1268081618,25.1514354998,25.1268081618,25.1317534104,1026,0.0,0.0,0.0,0.0,0.0,0.0,0.0,0.0,24.744364761358494,24.69823654897693,24.692973767974575,,,,,,24.613332858059692,,,,,24.640097975887205,,,24.173276137553245,,"rgba(38, 166, 154, 0.75)"
2026-02-18 00:00:00+00:00,25.1564796534,25.2405488797,25.1416439076,25.161424902,5055,0.0,0.0,0.0,0.0,0.0,0.0,0.0,0.0,24.74790795681319,24.701919218740645,24.69667888752609,,,,,,24.617350078385737,,,,,24.644021264114134,,,24.177726652959105,,"rgba(38, 166, 154, 0.75)"
2026-02-19 00:00:00+00:00,25.161424902,25.2405488797,25.161424902,25.1713153992,911,0.0,0.0,0.0,0.0,0.0,0.0,0.0,0.0,24.748552451911426,24.702588265001662,24.69735191768798,,,,,,24.618078522728926,,,,,24.644733037287725,,,24.178531095093156,,"rgba(38, 166, 154, 0.75)"
2026-02-20 00:00:00+00:00,25.1910963936,25.2009868909,25.1910963936,25.2009868909,980,0.0,0.0,0.0,0.0,0.0,0.0,0.0,0.0,24.749254032361765,24.70331568391911,24.69808357334028,,,,,,24.61886911107596,,,,,24.645505914735985,,,24.179400681290396,,"rgba(38, 166, 154, 0.75)"
2026-02-23 00:00:00+00:00,25.2108773881,25.2305594775,25.2108773881,25.2305594775,662,0.0,0.0,0.0,0.0,0.0,0.0,0.0,0.0,24.749751179356807,24.703828848206378,24.698599488675715,,,,,,24.619423270298576,,,,,24.64604864055061,,,24.180000571436338,,"rgba(38, 166, 154, 0.75)"
2026-02-24 00:00:00+00:00,25.2356036311,25.2356036311,25.111972416,25.1910963936,1574,0.0,0.0,0.0,0.0,0.0,0.0,0.0,0.0,24.75087095334577,24.704990305360678,24.699767743960102,,,,,,24.62068613643849,,,,,24.647283045030026,,,24.18139249447464,,"rgba(38, 166, 154, 1.0)"
2026-02-25 00:00:00+00:00,25.2504393769,25.2504393769,25.2504393769,25.2504393769,52,0.0,0.0,0.0,0.0,0.0,0.0,0.0,0.0,24.75091251351533,24.705032965870256,24.699810608111616,,,,,,24.620731829439396,,,,,24.64732789892263,,,24.181440954630563,,"rgba(38, 166, 154, 1.0)"
2026-02-26 00:00:00+00:00,25.2900013657,25.3790158406,25.2801108685,25.3790158406,998,-1.0,25.379015,25.280111,0.0,-1.0,25.379015,25.280111,0.0,24.751813921189704,24.705949255139693,24.700730336446505,,25.316376024933334,,,,24.621699192019587,25.316376024933334,,,,24.648281431208655,,,24.18242748077963,25.316376024933334,"rgba(38, 166, 154, 1.0)"
2026-02-27 00:00:00+00:00,25.2949466144,25.3196728574,25.2949466144,25.3196728574,1840,0.0,0.0,0.0,0.0,0.0,0.0,0.0,0.0,24.75342967916362,24.70759508495859,24.70238268610296,,25.30782610021828,,,,,25.30782610021828,,,,24.649997779657518,,,24.18422073770687,25.30782610021828,"rgba(38, 166, 154, 1.0)"
2026-03-02 00:00:00+00:00,25.2206689803,25.2206689803,25.2206689803,25.2206689803,310,0.0,0.0,0.0,0.0,0.0,0.0,0.0,0.0,24.753660246768487,24.707833184549248,24.702622066113598,,25.299243283453773,,,,,25.299243283453773,,,,24.65024964230567,,,24.184500058879628,25.299243283453773,"rgba(38, 166, 154, 0.75)"
2026-03-03 00:00:00+00:00,25.1413431097,25.1413431097,25.0967223075,25.1058447826,11176,0.0,0.0,0.0,0.0,0.0,0.0,0.0,0.0,24.760176710788215,24.71472184179732,24.709564000276686,,25.164440176523595,,,,,25.164440176523595,,,,24.657708190082435,,,24.19356403138854,25.164440176523595,"rgba(38, 166, 154, 0.5)"
2026-03-04 00:00:00+00:00,25.066975106,25.0967223075,25.066975106,25.0967223075,16166,0.0,0.0,0.0,0.0,0.0,0.0,0.0,0.0,24.767986959312953,24.723141784534597,24.718065015536286,,25.118020938185293,,,,,25.118020938185293,,,,24.666994370680584,,,24.205689994180936,25.118020938185293,"rgba(38, 166, 154, 0.5)"
2026-03-05 00:00:00+00:00,25.0967223075,25.0967223075,25.0768908399,25.0768908399,1409,0.0,0.0,0.0,0.0,0.0,0.0,0.0,0.0,24.768677831372223,24.723883876554066,24.71881395893569,,25.11678817383787,,,,,25.11678817383787,,,,24.667809760797105,,,24.20674691725214,25.11678817383787,#000000
2026-03-06 00:00:00+00:00,25.0642978579,25.1066380413,25.01243857,25.01243857,8305,0.0,0.0,0.0,0.0,0.0,0.0,0.0,0.0,24.772328676625936,24.727856250857727,24.722827965041798,,25.105289712785368,,,,,25.105289712785368,,,,24.672227178479247,,,24.212722966683422,25.105289712785368,"rgba(239, 83, 80, 1.0)"
2026-03-09 00:00:00+00:00,25.071932973,25.1661324443,25.0471436384,25.1661324443,34622,0.0,0.0,0.0,0.0,0.0,0.0,0.0,0.0,24.78829406979768,24.745044124021753,24.740176679594875,,25.100560904698522,,,,,25.100560904698522,,,,24.691139577722268,,,24.237722584584812,25.100560904698522,"rgba(239, 83, 80, 1.0)"
2026-03-10 00:00:00+00:00,25.0530930787,25.066975106,25.0421857715,25.0421857715,7372,0.0,0.0,0.0,0.0,0.0,0.0,0.0,0.0,24.79106450285453,24.74809374088351,24.74326121098037,,25.09639264106191,,,,,25.09639264106191,,,,24.694563513370102,,,24.242618094076917,25.09639264106191,"rgba(239, 83, 80, 1.0)"
2026-03-11 00:00:00+00:00,24.9777335016,25.0570593722,24.9777335016,25.0570593722,10174,0.0,0.0,0.0,0.0,0.0,0.0,0.0,0.0,24.794086662285046,24.75153438854948,24.7467521409563,,25.08623569289879,,,,,25.08623569289879,,,,24.698542670026,,,24.24886902458674,25.08623569289879,"rgba(239, 83, 80, 1.0)"
2026-03-12 00:00:00+00:00,24.8832365583,24.9331126994,24.8091660266,24.9331126994,6398,0.0,0.0,0.0,0.0,0.0,0.0,0.0,0.0,24.79480338193064,24.752570269591278,24.747823631681907,,25.072563656516124,,,,,25.072563656516124,,,,24.699958764247615,,,24.252085223637188,25.072563656516124,"rgba(239, 83, 80, 1.0)"
2026-03-13 00:00:00+00:00,24.9479863002,24.9479863002,24.903365498,24.903365498,326,0.0,0.0,0.0,0.0,0.0,0.0,0.0,0.0,24.794865646000513,24.752647311564974,24.74790237171606,,25.07210489923028,,,,,25.07210489923028,,,,24.700053971197576,,,24.252263372472214,25.07210489923028,"rgba(239, 83, 80, 1.0)"
2026-03-16 00:00:00+00:00,24.9331126994,24.9331126994,24.9331126994,24.9331126994,93,0.0,0.0,0.0,0.0,0.0,0.0,0.0,0.0,24.79488339817376,24.752669277744026,24.74792482209649,,25.07197457959217,,,,,25.07197457959217,,,,24.700081117209457,,,24.25231417698677,25.07197457959217,"rgba(239, 83, 80, 1.0)"
2026-03-17 00:00:00+00:00,24.957902034,25.0471436384,24.9529441671,24.9529441671,2769,0.0,0.0,0.0,0.0,0.0,0.0,0.0,0.0,24.79561129379699,24.75351182670178,24.748780956327497,,25.069639569205222,,,,,25.069639569205222,,,,24.70106924890581,,,24.25394060785534,25.069639569205222,"rgba(239, 83, 80, 1.0)"
2026-03-18 00:00:00+00:00,24.9593893941,24.9678177678,24.957902034,24.9678177678,750,0.0,0.0,0.0,0.0,0.0,0.0,0.0,0.0,24.79578245960779,24.7537152523554,24.74898814699023,,25.06885138933677,,,,,25.06885138933677,,,,24.701312996232417,,,24.254365317993866,25.06885138933677,"rgba(239, 83, 80, 1.0)"
2026-03-19 00:00:00+00:00,24.8934497641,24.8934497641,24.6901772207,24.8884918972,7192,0.0,0.0,0.0,0.0,0.0,0.0,0.0,0.0,24.796075144247155,24.75438340407738,24.749697271878183,,25.052938736627514,,,,,25.052938736627514,,,,24.702418519911507,,,24.257634102677493,25.052938736627514,"rgba(239, 83, 80, 1.0)"
2026-03-20 00:00:00+00:00,24.6852193538,24.8289974943,24.6852193538,24.8289974943,1940,0.0,0.0,0.0,0.0,0.0,0.0,0.0,0.0,24.79590947201445,24.754330357057185,24.749656098016324,,25.047391534626186,,,,,25.047391534626186,,,,24.70249201369778,,,24.25836683402845,25.047391534626186,"rgba(239, 83, 80, 1.0)"
2026-03-23 00:00:00+00:00,24.7605789309,24.7645452244,24.6901772207,24.6901772207,1509,0.0,0.0,0.0,0.0,0.0,0.0,0.0,0.0,24.795792015538975,24.754299532619246,24.749634425735998,,25.043278421730413,,,,,25.043278421730413,,,,24.702558757659702,,,24.25894154968541,25.043278421730413,"rgba(239, 83, 80, 1.0)"
2026-03-24 00:00:00+00:00,24.5811041487,24.5811041487,24.5811041487,24.5811041487,60,0.0,0.0,0.0,0.0,0.0,0.0,0.0,0.0,24.79577457230242,24.75428618029976,24.749621485890195,,25.043033904484147,,,,,25.043033904484147,,,,24.702549790469806,,,24.258956884116632,25.043033904484147,"rgba(239, 83, 80, 1.0)"
2026-03-25 00:00:00+00:00,24.6058934832,24.6156109024,24.6058934832,24.6156109024,239,0.0,0.0,0.0,0.0,0.0,0.0,0.0,0.0,24.795714186485178,24.75424161863683,24.749578531564172,,25.042121416747534,,,,,25.042121416747534,,,,24.702522324938368,,,24.259023264983774,25.042121416747534,"rgba(239, 83, 80, 1.0)"
2026-03-26 00:00:00+00:00,24.5811041487,24.6108513502,24.5711884149,24.5910198825,5034,0.0,0.0,0.0,0.0,0.0,0.0,0.0,0.0,24.79430634460553,24.753171740211545,24.74854281135264,,25.022847358975078,,,,,25.022847358975078,,,,24.701815736628102,,,24.260330428465622,25.022847358975078,"rgba(239, 83, 80, 1.0)"
2026-03-27 00:00:00+00:00,24.5860620156,24.6108513502,24.3629580046,24.5116940119,2662,0.0,0.0,0.0,0.0,0.0,0.0,0.0,0.0,24.793327895126268,24.752382103259176,24.747771962346324,,25.011815138124245,,,,,25.011815138124245,,,,24.701225789543077,24.519957123466668,,24.260875274042412,25.011815138124245,"rgba(239, 83, 80, 1.0)"
2026-03-30 00:00:00+00:00,24.6199738253,24.7595873575,24.6108513502,24.7595873575,3338,0.0,0.0,0.0,0.0,0.0,0.0,0.0,0.0,24.79274974502437,24.752006208081337,24.747416986091213,,25.002489226984917,,,,,25.002489226984917,,,,,24.59979859017549,,24.261931921264722,25.002489226984917,"rgba(239, 83, 80, 1.0)"
2026-03-31 00:00:00+00:00,24.7395575752,24.7397558899,24.6951350877,24.7092154297,3878,0.0,0.0,0.0,0.0,0.0,0.0,0.0,0.0,24.79240017004203,24.751873311700404,24.74730696096003,,24.99411324643372,,,,,24.99411324643372,,,,,24.648879196561964,,24.263339046288866,24.99411324643372,"rgba(239, 83, 80, 0.75)"
2026-04-01 00:00:00+00:00,24.769106462,24.8004301809,24.769106462,24.8004301809,268,0.0,0.0,0.0,0.0,0.0,0.0,0.0,0.0,24.792395601105923,24.75188265632677,24.747317804072498,,24.99366688721052,,,,,24.99366688721052,,,,,24.652330720252003,,24.263447469262562,24.99366688721052,"rgba(239, 83, 80, 0.75)"
2026-04-02 00:00:00+00:00,24.8048055575,24.8600944075,24.8048055575,24.8103742187,3040,0.0,0.0,0.0,0.0,0.0,0.0,0.0,0.0,24.792519460212688,24.752154908726247,24.74760632361925,,24.989737864190126,,,,,24.989737864190126,,,,,24.691732323459995,,24.26477799934095,24.989737864190126,"rgba(239, 83, 80, 0.75)"
2026-04-06 00:00:00+00:00,24.8352343131,24.8750104642,24.8103742187,24.8103742187,2071,0.0,0.0,0.0,0.0,0.0,0.0,0.0,0.0,24.79264957848898,24.752383193990784,24.747845450649365,,24.987425768361682,,,,,24.987425768361682,,,,,24.711886329600542,,24.26570824241547,24.987425768361682,"rgba(239, 83, 80, 0.75)"
2026-04-07 00:00:00+00:00,24.840206332,24.8600944075,24.8302622942,24.8302622942,76667,0.0,0.0,0.0,0.0,0.0,0.0,0.0,0.0,24.79731671201044,24.760364368670537,24.756193712123896,,24.93504005278492,,,,,24.93504005278492,,,,,24.821673067957672,,24.298335309207165,24.93504005278492,#000000
2026-04-08 00:00:00+00:00,24.9147866152,24.9891680177,24.9147866152,24.9744508418,1145,0.0,0.0,0.0,0.0,0.0,0.0,0.0,0.0,24.797511370225692,24.760598454149793,24.756432380187835,,24.935064603865765,,,,,24.935064603865765,,,,,24.823123646706197,,24.298875622792476,24.935064603865765,"rgba(38, 166, 154, 0.5)"
2026-04-09 00:00:00+00:00,24.964506804,25.0191990117,24.9396467096,24.9794228607,1747,0.0,0.0,0.0,0.0,0.0,0.0,0.0,0.0,24.797879995443513,24.76102379241789,24.756864441748924,,24.935386891463835,,,,,24.935386891463835,,,,,24.825911874534526,,24.299743033896515,24.935386891463835,"rgba(38, 166, 154, 0.5)"
2026-04-10 00:00:00+00:00,24.9297026719,25.0291430495,24.9297026719,24.9694788229,1151,0.0,0.0,0.0,0.0,0.0,0.0,0.0,0.0,24.798106121500197,24.76128791799277,24.757133040349007,,24.935534152441004,,,,,24.935534152441004,,,,,24.827554263751377,,24.300303500446727,24.935534152441004,"rgba(38, 166, 154, 0.5)"
2026-04-13 00:00:00+00:00,24.9694788229,24.9694788229,24.9197586341,24.9197586341,7477,0.0,0.0,0.0,0.0,0.0,0.0,0.0,0.0,24.799472333607916,24.762903186871384,24.758777443501508,,24.936118888208703,,,,,24.936118888208703,,,,,24.836614727817615,,24.303867099698365,24.936118888208703,"rgba(38, 166, 154, 0.5)"
2026-04-14 00:00:00+00:00,24.9744508418,25.049031125,24.9595347851,24.9893668984,2444,0.0,0.0,0.0,0.0,0.0,0.0,0.0,0.0,24.800032877010445,24.76353913085043,24.759422420464507,,24.936752498001194,,,,,24.936752498001194,,,,,24.840255158452766,,24.305097328254625,24.936752498001194,"rgba(38, 166, 154, 0.5)"
2026-04-15 00:00:00+00:00,24.9578442987,24.9793234203,24.8899265208,24.9495907474,4746,0.0,0.0,0.0,0.0,0.0,0.0,0.0,0.0,24.800823521695825,24.764488277857343,24.760389979880614,,24.93686865095977,,,,,24.93686865095977,,,,,24.844635476486527,,24.30729462170923,24.93686865095977,"rgba(38, 166, 154, 0.5)"
2026-04-16 00:00:00+00:00,24.9617224734,24.9617224734,24.8998705586,24.9595347851,1709,0.0,0.0,0.0,0.0,0.0,0.0,0.0,0.0,24.801103565867113,24.7648251934126,24.760733495200206,,24.93689999046164,,,,,24.93689999046164,,,,,24.84610300631566,,24.308080583174142,24.93689999046164,"rgba(38, 166, 154, 0.5)"
2026-04-17 00:00:00+00:00,25.0390870872,25.0390870872,25.0390870872,25.0390870872,24,0.0,0.0,0.0,0.0,0.0,0.0,0.0,0.0,24.80111023746055,24.76483254044311,24.760740925492023,,24.936910605051278,,,,,24.936910605051278,,,,,24.846144224982538,,24.308093313064084,24.936910605051278,"rgba(38, 166, 154, 1.0)"
2026-04-20 00:00:00+00:00,25.0241710306,25.049031125,25.0241710306,25.0390870872,1658,0.0,0.0,0.0,0.0,0.0,0.0,0.0,0.0,24.801557415526048,24.765326900834552,24.76124107365785,,24.93759136296172,,,,,24.93759136296172,,,,,24.848853348325832,,24.308963698557793,24.93759136296172,"rgba(38, 166, 154, 1.0)"
2026-04-21 00:00:00+00:00,25.0589751628,25.1086953516,25.0440591061,25.0689192005,10097,0.0,0.0,0.0,0.0,0.0,0.0,0.0,0.0,24.80468727139212,24.768722539327495,24.76467016100368,,24.94312154917874,,,,,24.94312154917874,,,,,24.86688994995984,,24.31449631099366,24.94312154917874,"rgba(38, 166, 154, 1.0)"
2026-04-22 00:00:00+00:00,25.049031125,25.0639471817,25.049031125,25.0639471817,172,0.0,0.0,0.0,0.0,0.0,0.0,0.0,0.0,24.80473667300619,24.768776588909013,24.764724787187724,,24.94320004102276,,,,,24.94320004102276,,,,,24.86714888015243,,24.314587810875512,24.94320004102276,"rgba(38, 166, 154, 1.0)"
2026-04-23 00:00:00+00:00,25.0540031439,25.0788632383,25.0540031439,25.0540031439,1535,0.0,0.0,0.0,0.0,0.0,0.0,0.0,0.0,24.805191316237277,24.76927203230083,24.76522532125072,,24.943947667283137,,,,,24.943947667283137,,,,,24.869529423401502,,24.315412532800757,24.943947667283137,"rgba(38, 166, 154, 1.0)"
2026-04-24 00:00:00+00:00,25.0589751628,25.0788632383,25.0589751628,25.0689192005,4956,0.0,0.0,0.0,0.0,0.0,0.0,0.0,0.0,24.806667096081778,24.770878263554,24.76684784940361,,24.946364545541616,,,,,24.946364545541616,,,,,24.876959542950264,,24.318074670024338,24.946364545541616,"rgba(38, 166, 154, 1.0)"
2026-04-27 00:00:00+00:00,25.0540031439,25.0987513138,25.0540031439,25.0888072761,2399,0.0,0.0,0.0,0.0,0.0,0.0,0.0,0.0,24.80738453805068,24.771658211595092,24.767635614630848,,24.947531867122635,,,,,24.947531867122635,,,,,24.88041724972091,,24.31936221267342,24.947531867122635,"rgba(38, 166, 154, 1.0)"
2026-04-28 00:00:00+00:00,25.0252648748,25.0589751628,25.0191990117,25.0589751628,10096,0.0,0.0,0.0,0.0,0.0,0.0,0.0,0.0,24.809969316296538,24.774521155990485,24.770532447768947,,24.950882830812432,,,,,24.950882830812432,,,,,24.891273016941703,,24.324485930724048,24.950882830812432,"rgba(38, 166, 154, 0.75)"
2026-04-29 00:00:00+00:00,24.9893668984,25.0390870872,24.9843948795,25.0085588913,1703,0.0,0.0,0.0,0.0,0.0,0.0,0.0,0.0,24.81034166601003,24.77494255929246,24.770959704831142,,24.95122773973682,,,,,24.95122773973682,,,,,24.892600454810765,,24.32530652378558,24.95122773973682,"rgba(38, 166, 154, 0.75)"
2026-04-30 00:00:00+00:00,25.0241710306,25.0390870872,24.9297026719,25.009254974,6587,0.0,0.0,0.0,0.0,0.0,0.0,0.0,0.0,24.811719761092718,24.77651134941059,24.7725511435904,,24.95235930257054,,,,,24.95235930257054,,,,,24.897165903413693,,24.328431107205102,24.95235930257054,"rgba(38, 166, 154, 0.75)"
2026-05-01 00:00:00+00:00,25.0243699114,25.0792151134,24.9897675748,25.0193839839,11892,0.0,0.0,0.0,0.0,0.0,0.0,0.0,0.0,24.814595719732516,24.779708559077292,24.77578722706615,,24.955678858820697,,,,,24.955678858820697,,,,,24.90691099879622,,24.334277646113776,24.955678858820697,"rgba(38, 166, 154, 0.75)"
2026-05-04 00:00:00+00:00,24.9994402741,25.0293558388,24.9893687006,25.0293558388,2943,0.0,0.0,0.0,0.0,0.0,0.0,0.0,0.0,24.815214812140624,24.780409793977988,24.776498232612937,,24.956198899371596,,,,,24.956198899371596,,,,,24.908664435367154,,24.335658045108303,24.956198899371596,"rgba(38, 166, 154, 0.75)"
2026-05-05 00:00:00+00:00,25.009412129,25.0692432585,25.009412129,25.0393276937,4027,0.0,0.0,0.0,0.0,0.0,0.0,0.0,0.0,24.816158119276686,24.781460664987986,24.777562072542658,,24.957217884945496,,,,,24.957217884945496,,,,,24.91151615500759,,24.33760305403455,24.957217884945496,"rgba(38, 166, 154, 0.5)"
2026-05-06 00:00:00+00:00,25.0842010409,25.0842010409,25.0592714036,25.0692432585,3542,0.0,0.0,0.0,0.0,0.0,0.0,0.0,0.0,24.81716058130097,24.782549806727054,24.77866198628651,,24.958654181302375,,,,,24.958654181302375,,,,,24.91486272561043,,24.339419298784804,24.958654181302375,"rgba(38, 166, 154, 1.0)"
2026-05-07 00:00:00+00:00,25.0044262015,25.0293558388,24.9994402741,24.9994402741,1395,0.0,0.0,0.0,0.0,0.0,0.0,0.0,0.0,24.817454897939115,24.782882257528964,24.77899897649047,,24.95890286535133,,,,,24.95890286535133,,,,,24.91562805399783,,24.340069428021508,24.95890286535133,"rgba(38, 166, 154, 0.75)"
2026-05-08 00:00:00+00:00,25.0443136212,25.0891869683,25.0293558388,25.0293558388,4441,0.0,0.0,0.0,0.0,0.0,0.0,0.0,0.0,24.818593724704083,24.784133408916382,24.78026385815983,,24.96032197934546,,,,,24.96032197934546,,,,,24.919052655585926,,24.342263513412377,24.96032197934546,"rgba(38, 166, 154, 0.75)"
2026-05-11 00:00:00+00:00,25.0243699114,25.129074388,25.0243699114,25.0592714036,4465,0.0,0.0,0.0,0.0,0.0,0.0,0.0,0.0,24.819751706717614,24.785402748685765,24.781546838409376,,24.961780302405483,,,,,24.961780302405483,25.059271403599997,,,,24.922450168595738,,24.344471260103067,24.961780302405483,"rgba(38, 166, 154, 0.75)"
2026-05-12 00:00:00+00:00,25.0106087516,25.0293558388,24.9745106368,24.9844824917,3289,0.0,0.0,0.0,0.0,0.0,0.0,0.0,0.0,24.82040531247587,24.786145899842648,24.782300583076037,,24.962242591739795,,,,,,25.03617700427662,,,,24.923894641253472,,24.34596563818483,24.962242591739795,"rgba(38, 166, 154, 0.5)"
2026-05-13 00:00:00+00:00,24.9745106368,25.009412129,24.9745106368,25.009412129,1576,0.0,0.0,0.0,0.0,0.0,0.0,0.0,0.0,24.820685310576778,24.786469949320875,24.78262978770857,,24.96236496556704,,,,,,25.027725634725986,,,,24.92441333495241,,24.34665907479373,24.96236496556704,#000000
2026-05-14 00:00:00+00:00,25.0088138177,25.129074388,24.9994402741,25.0193839839,9623,-1.0,25.129074,24.999441,338.0,-1.0,25.129074,24.999441,338.0,24.822983496306872,24.789010197598373,24.785199344941276,25.045776159933336,24.96489348522678,,,,,,25.03689042151807,,,,24.93028904856506,,24.35125260640227,24.96489348522678,#000000
2026-05-15 00:00:00+00:00,24.8648202327,24.9296372897,24.834904668,24.834904668,8574,0.0,0.0,0.0,0.0,0.0,0.0,0.0,0.0,24.82346553525933,24.789766841136753,24.785986439815655,24.965995555707078,24.96256760973434,,,,,,24.986918345595058,,,,24.92806281223371,,24.354309361622263,24.96256760973434,"rgba(239, 83, 80, 1.0)"
2026-05-18 00:00:00+00:00,24.8624269875,24.8797780151,24.8299187405,24.8299187405,226,0.0,0.0,0.0,0.0,0.0,0.0,0.0,0.0,24.82347359098531,24.78978225758444,24.786002666286077,24.964663072383175,24.962494739270465,,,,,,24.985863436547714,,,,24.927985845046635,,24.354386526091208,24.962494739270465,"rgba(239, 83, 80, 1.0)"
2026-05-19 00:00:00+00:00,24.7800594659,24.8598343052,24.7800594659,24.7800594659,12268,0.0,0.0,0.0,0.0,0.0,0.0,0.0,0.0,24.823259410231785,24.789988508189772,24.786254332098846,24.901501522260183,24.956846832028507,,,,,,24.930927847671988,,,,24.92121457570855,24.806651079,24.3581211752583,24.956846832028507,"rgba(239, 83, 80, 1.0)"
2026-05-20 00:00:00+00:00,24.8100747492,24.9595528544,24.8000031757,24.8199468856,7372,0.0,0.0,0.0,0.0,0.0,0.0,0.0,0.0,24.823512124081507,24.790473935389613,24.786765388580495,24.892794119959554,24.95470902473018,,,,,,24.919357347287868,,,,,24.82537855425179,24.36058220400692,24.95470902473018,"rgba(239, 83, 80, 1.0)"
2026-05-21 00:00:00+00:00,24.8104736234,24.8797780151,24.7800594659,24.8797780151,2917,0.0,0.0,0.0,0.0,0.0,0.0,0.0,0.0,24.823511899167034,24.790568792621382,24.786870588107288,24.88785720884656,24.9536112087927,,,,,,24.913795837617283,,,,,24.825127483088036,24.361484745849488,24.9536112087927,"rgba(239, 83, 80, 1.0)"
2026-05-22 00:00:00+00:00,24.8997217249,24.9794965642,24.8797780151,24.9096935798,13064,0.0,0.0,0.0,0.0,0.0,0.0,0.0,0.0,24.824784690705034,24.79221140734753,24.78855504626248,24.895546178260094,24.952385706556207,,,,,,24.915005804113388,,,,,24.859799272209457,24.36631712359796,24.952385706556207,"rgba(239, 83, 80, 0.75)"
2026-05-26 00:00:00+00:00,24.9695247093,24.9695247093,24.9396091446,24.9407060486,568,0.0,0.0,0.0,0.0,0.0,0.0,0.0,0.0,24.824862208537542,24.792303931743543,24.788649300799012,24.89621188894726,24.952396938780492,,,,,,24.91540151780021,,,,,24.861364942293854,24.36654033793839,24.952396938780492,"rgba(239, 83, 80, 0.75)"
2026-05-27 00:00:00+00:00,25.0293558388,25.0891869683,24.9894684192,25.0891869683,8727,0.0,0.0,0.0,0.0,0.0,0.0,0.0,0.0,24.82671183227868,24.794356751270694,24.790726535411434,24.91547274722516,24.954362761085555,,,,,,24.929884937297714,,,,,24.895296565900324,24.370388335583197,24.954362761085555,#000000
2026-05-28 00:00:00+00:00,25.0592714036,25.127080017,25.0592714036,25.0991588232,2347,0.0,0.0,0.0,0.0,0.0,0.0,0.0,0.0,24.827311557937993,24.795006619455993,24.791382601574735,24.921418373158566,24.955164001012225,,,,,,24.93464017584631,,,,,24.90456169681946,24.371486460062734,24.955164001012225,"rgba(38, 166, 154, 1.0)"
2026-05-29 00:00:00+00:00,25.1191025331,25.1988773724,25.0991588232,25.1988773724,1824,0.0,0.0,0.0,0.0,0.0,0.0,0.0,0.0,24.827879939766067,24.79560989949141,24.79199038009434,24.92729829071757,24.956057613092206,,,,,,24.93949229279459,,,,,24.913274794218992,24.37240603809283,24.956057613092206,"rgba(38, 166, 154, 1.0)"
2026-06-01 00:00:00+00:00,25.12,25.19,25.02,25.02,2181,0.0,0.0,0.0,0.0,0.0,0.0,0.0,0.0,24.828493665115836,24.79626770959738,24.79265374163065,,24.956946982056575,,,,,,24.944198349531597,,,,,24.92164371194171,24.373461160534646,24.956946982056575,"rgba(38, 166, 154, 1.0)"
2026-06-02 00:00:00+00:00,25.12,25.3,25.12,25.16,7327,0.0,0.0,0.0,0.0,0.0,0.0,0.0,0.0,24.831043907185286,24.798946190244056,24.79534928977538,,24.96119370657188,,,,,,24.964207135988516,25.180000000000003,,,,24.953949822063787,24.377318601003243,24.96119370657188,"rgba(38, 166, 154, 1.0)"
2026-06-03 00:00:00+00:00,25.1351,25.1594,25.13,25.15,2992,0.0,0.0,0.0,0.0,0.0,0.0,0.0,0.0,24.831960969958775,24.799919807457407,24.796330169944447,,24.962584712032847,,,,,,,25.16883690280066,,,,24.963061325017094,24.37880816251608,24.962584712032847,"rgba(38, 166, 154, 1.0)"
2026-06-04 00:00:00+00:00,25.155,25.28,25.155,25.28,4608,0.0,0.0,0.0,0.0,0.0,0.0,0.0,0.0,24.833612631385893,24.801648934544307,24.79806971460011,,24.9653332841635,,,,,,,25.17742801634622,,,,24.979323178847764,24.381256037475975,24.9653332841635,"rgba(38, 166, 154, 1.0)"
2026-06-05 00:00:00+00:00,25.1259,25.23,25.085,25.13,3366,0.0,0.0,0.0,0.0,0.0,0.0,0.0,0.0,24.834645823514876,24.80274479063342,24.799173622726443,,24.96687792463258,,,,,,,25.17182298146832,,,,24.987435310358215,24.382926469875525,24.96687792463258,"rgba(38, 166, 154, 1.0)"
2026-06-08 00:00:00+00:00,25.12,25.27,25.12,25.27,4012,0.0,0.0,0.0,0.0,0.0,0.0,0.0,0.0,24.835958606371804,24.80412870683357,24.800566838696014,,24.96891616644854,,,,,,,25.17149508182022,,,,24.99739072246378,24.384967730935386,24.96891616644854,"rgba(38, 166, 154, 1.0)"
2026-06-09 00:00:00+00:00,25.155,25.2,25.155,25.19,1639,0.0,0.0,0.0,0.0,0.0,0.0,0.0,0.0,24.836491957867693,24.804691074239102,24.801132994110695,,24.969737117143612,,,,,,,25.17139274139659,,,,25.001152178160773,24.3857985929231,24.969737117143612,"rgba(38, 166, 154, 1.0)"
2026-06-10 00:00:00+00:00,25.1302,25.2,25.13,25.2,4438,0.0,0.0,0.0,0.0,0.0,0.0,0.0,0.0,24.837856167998293,24.806136379021165,24.80258872693239,,24.971745261797075,,,,,,,25.168579275597207,,,,25.009635239470533,24.38799211826231,24.971745261797075,"rgba(38, 166, 154, 1.0)"
2026-06-11 00:00:00+00:00,25.11,25.26,25.11,25.15,5830,0.0,0.0,0.0,0.0,0.0,0.0,0.0,0.0,24.83966763358859,24.808052643020552,24.804518507627048,,24.97441093700194,,,,,,,25.167117298024085,,,,25.01989058053144,24.390879356485147,24.97441093700194,"rgba(38, 166, 154, 0.75)"
2026-06-12 00:00:00+00:00,25.08,25.16,25.06,25.06,1426,0.0,0.0,0.0,0.0,0.0,0.0,0.0,0.0,24.840025204749054,24.808438832176947,24.804908223225716,,24.974844410487023,,,,,,,25.16443170211572,,,,25.021205058613074,24.391527445836378,24.974844410487023,"rgba(38, 166, 154, 0.75)"
2026-06-15 00:00:00+00:00,25.09,25.23,25.09,25.23,4041,0.0,0.0,0.0,0.0,0.0,0.0,0.0,0.0,24.84117533859168,24.80966462005738,24.806143569313274,,24.97641185122707,,,,,,,25.161604047481035,,,,25.026335303240653,24.393452301535774,24.97641185122707,"rgba(38, 166, 154, 0.75)"
2026-06-16 00:00:00+00:00,25.1143,25.21,25.07,25.12,6221,0.0,0.0,0.0,0.0,0.0,0.0,0.0,0.0,24.842897554335433,24.81150397423283,24.8079976385916,,24.978689505999558,,,,,,,25.157514896877274,,,,25.033064008629328,24.396375468578412,24.978689505999558,"rgba(38, 166, 154, 0.75)"
2026-06-17 00:00:00+00:00,25.105,25.205,25.105,25.14,4696,0.0,0.0,0.0,0.0,0.0,0.0,0.0,0.0,24.84421488112297,24.81290821155508,24.809412827437,,24.980440666132044,,,,,,,25.155734585738006,,,,25.03791699642492,24.398587335253772,24.980440666132044,"rgba(38, 166, 154, 0.5)"
