date,Close,High,Low,Open,Volume,OB_c0,OB_High_c0,OB_Low_c0,OB_Mitigated_Index_c0,OB,OB_High,OB_Low,OB_Mitigated_Index,aVWAP_OB_bull_c0_338,aVWAP_OB_bull_c0_286,aVWAP_OB_bull_c0_237,aVWAP_OB_bull_c0_50,aVWAP_OB_bear_c0_340,aVWAP_OB_bear_c0_310,aVWAP_OB_bear_c0_189,aVWAP_OB_bear_c0_3,aVWAP_QQEMOD_bull_dot_c0_143,aVWAP_QQEMOD_bull_dot_c0_223,aVWAP_QQEMOD_bull_dot_c0_264,aVWAP_QQEMOD_bull_dot_c0_301,aVWAP_QQEMOD_bear_dot_c0_179,aVWAP_QQEMOD_bear_dot_c0_237,aVWAP_QQEMOD_bear_dot_c0_286,aVWAP_QQEMOD_bear_dot_c0_324,aVWAP_price_maxima_minima_valley_c0_1,aVWAP_price_maxima_minima_peak_c0_1,color
2025-01-28 00:00:00+00:00,18.4493201068,19.8038271526,17.8421272932,19.6637057341,12165197,0.0,0.0,0.0,0.0,0.0,0.0,0.0,0.0,,,,,,,,,,,,,,,,,,,#000000
2025-01-29 00:00:00+00:00,19.1405857716,19.3274143296,18.3839301115,18.4493201068,3094343,0.0,0.0,0.0,0.0,0.0,0.0,0.0,0.0,,,,,,,,,,,,,,,,,,,"rgba(38, 166, 154, 0.5)"
2025-01-30 00:00:00+00:00,20.3549713989,20.3829956826,19.1686100553,19.383462897,3250156,0.0,0.0,0.0,0.0,0.0,0.0,0.0,0.0,,,,,,,,,,,,,,,,,,,"rgba(38, 166, 154, 0.5)"
2025-01-31 00:00:00+00:00,20.0840699897,20.5791656685,19.6637057341,20.5511413848,1881255,-1.0,20.579166,19.663706,64.0,-1.0,20.579166,19.663706,64.0,,,,,,,,20.1089804641,,,,,,,,,,,"rgba(38, 166, 154, 0.5)"
2025-02-03 00:00:00+00:00,20.3829956826,20.5604828127,19.4768771761,20.2148499803,1817992,0.0,0.0,0.0,0.0,0.0,0.0,0.0,0.0,,,,,,,,20.124283255189606,,,,,,,,,,,"rgba(38, 166, 154, 0.5)"
2025-02-04 00:00:00+00:00,20.0653871339,20.3829956826,19.8084978666,20.3269471152,723301,0.0,0.0,0.0,0.0,0.0,0.0,0.0,0.0,,,,,,,,20.117961066162017,,,,,,,,,,,"rgba(38, 166, 154, 0.5)"
2025-02-05 00:00:00+00:00,19.7384371573,20.1307771292,19.3087314738,20.0840699897,891969,0.0,0.0,0.0,0.0,0.0,0.0,0.0,0.0,,,,,,,,20.05217272698956,,,,,,,,,,,"rgba(38, 166, 154, 0.5)"
2025-02-06 00:00:00+00:00,19.3367557575,19.5983157388,18.7762700834,19.3274143296,1317638,0.0,0.0,0.0,0.0,0.0,0.0,0.0,0.0,,,,,,,,19.890241569543125,,,,,,,,,,,"rgba(38, 166, 154, 0.5)"
2025-02-07 00:00:00+00:00,19.7290957294,19.8505342922,19.2433414785,19.3367557575,559487,0.0,0.0,0.0,0.0,0.0,0.0,0.0,0.0,,,,,,,,19.868257396833545,,,,,,,,,,,"rgba(38, 166, 154, 0.5)"
2025-02-10 00:00:00+00:00,19.8598757201,20.0840699897,19.7104128736,19.9252657154,442960,0.0,0.0,0.0,0.0,0.0,0.0,0.0,0.0,,,,,,,,19.869216398520802,,,,,,,,,,,"rgba(38, 166, 154, 0.5)"
2025-02-11 00:00:00+00:00,19.8598757201,19.9065828596,19.2713657622,19.6356814504,594480,0.0,0.0,0.0,0.0,0.0,0.0,0.0,0.0,,,,,,,,19.855494759460484,,,,,,,,,,,"rgba(38, 166, 154, 0.5)"
2025-02-12 00:00:00+00:00,20.0840699897,20.0934114176,19.4395114645,19.4955600319,361762,0.0,0.0,0.0,0.0,0.0,0.0,0.0,0.0,,,,,,,,19.85620373480572,,,,,,,,,,,"rgba(38, 166, 154, 0.5)"
2025-02-13 00:00:00+00:00,19.7851442968,20.1307771292,19.7384371573,20.1307771292,309419,0.0,0.0,0.0,0.0,0.0,0.0,0.0,0.0,,,,,,,,19.857197408371942,,,,,,,,,,,"rgba(38, 166, 154, 0.5)"
2025-02-14 00:00:00+00:00,19.8318514364,19.9906557107,19.4768771761,19.673047162,219708,0.0,0.0,0.0,0.0,0.0,0.0,0.0,0.0,,,,,,,,19.855011500335095,,,,,,,,,,,"rgba(38, 166, 154, 0.5)"
2025-02-18 00:00:00+00:00,20.0280214223,20.1307771292,19.7851442968,19.8505342922,359229,0.0,0.0,0.0,0.0,0.0,0.0,0.0,0.0,,,,,,,,19.85979794035431,,,,,,,,,,,"rgba(38, 166, 154, 0.5)"
2025-02-19 00:00:00+00:00,20.056045706,20.1120942734,19.8038271526,19.9906557107,516377,0.0,0.0,0.0,0.0,0.0,0.0,0.0,0.0,,,,,,,,19.86655812466989,,,,,,,,,,,"rgba(38, 166, 154, 0.5)"
2025-02-20 00:00:00+00:00,19.8972414317,20.2988294172,19.6169985946,20.1961671245,475745,0.0,0.0,0.0,0.0,0.0,0.0,0.0,0.0,,,,,,,,19.869789860431453,,,,,,,,,,,"rgba(38, 166, 154, 0.5)"
2025-02-21 00:00:00+00:00,19.7104128736,19.9439485712,19.3741214691,19.7104128736,331625,0.0,0.0,0.0,0.0,0.0,0.0,0.0,0.0,,,,,,,,19.86384591010399,,,,,,,,,,,"rgba(38, 166, 154, 0.5)"
2025-02-24 00:00:00+00:00,19.9346071433,20.2708985478,19.7265735439,19.9813142828,792260,0.0,0.0,0.0,0.0,0.0,0.0,0.0,0.0,,,,,,,,19.87160191401446,,,,,,,,,,,"rgba(38, 166, 154, 0.5)"
2025-02-25 00:00:00+00:00,20.1774842687,20.252215692,19.5235843156,19.8598757201,487536,0.0,0.0,0.0,0.0,0.0,0.0,0.0,0.0,,,,,,,,19.876154425274454,,,,,,,,,,,"rgba(38, 166, 154, 0.5)"
2025-02-26 00:00:00+00:00,19.2433414785,20.3362885431,18.9724400694,20.2989228315,1351520,0.0,0.0,0.0,0.0,0.0,0.0,0.0,0.0,,,,,,,,19.840058488659434,,,,,,,,,,,#000000
2025-02-27 00:00:00+00:00,19.6263400225,20.0840699897,19.0378300647,19.3554386133,577993,0.0,0.0,0.0,0.0,0.0,0.0,0.0,0.0,,,,,,,,19.829444607703138,,,,,,,,,,,#000000
2025-02-28 00:00:00+00:00,19.4675357482,19.962631427,19.4208286087,19.8131685805,782491,0.0,0.0,0.0,0.0,0.0,0.0,0.0,0.0,,,,,,,,19.81820838357487,,,,,,,,,,,#000000
2025-03-03 00:00:00+00:00,19.4955600319,19.7384371573,19.0565129205,19.2620243343,494980,0.0,0.0,0.0,0.0,0.0,0.0,0.0,0.0,,,,,,,,19.805646274323205,,,,,,,,,,,#000000
2025-03-04 00:00:00+00:00,18.4680029626,19.3320850436,18.4212958231,19.2526829064,1009145,0.0,0.0,0.0,0.0,0.0,0.0,0.0,0.0,,,,,,,,19.73969532295089,,,,,,,,,,,"rgba(239, 83, 80, 0.5)"
2025-03-05 00:00:00+00:00,18.9911229252,19.0658543484,18.2344672651,18.4493201068,596378,0.0,0.0,0.0,0.0,0.0,0.0,0.0,0.0,,,,,,,,19.705248147150364,,,,,,,,,,,"rgba(239, 83, 80, 0.5)"
2025-03-06 00:00:00+00:00,18.4680029626,19.0938786321,18.3559058278,18.9911229252,456900,0.0,0.0,0.0,0.0,0.0,0.0,0.0,0.0,,,,,,,,19.677179645322852,,,,,,,,,,,"rgba(239, 83, 80, 0.5)"
2025-03-07 00:00:00+00:00,18.0289558512,19.6637057341,17.9729072838,18.4586615347,812929,0.0,0.0,0.0,0.0,0.0,0.0,0.0,0.0,,,,,,,,19.626968015258935,,,,,,,,,,,"rgba(239, 83, 80, 0.5)"
2025-03-10 00:00:00+00:00,17.384397326,18.6015853816,17.2162516237,18.1410529861,822712,0.0,0.0,0.0,0.0,0.0,0.0,0.0,0.0,,,,,,,,19.544951985096244,,,,,,,,,17.73407811043333,,"rgba(239, 83, 80, 0.5)"
2025-03-11 00:00:00+00:00,17.9915901396,18.1317115582,17.2349344795,17.2349344795,946782,0.0,0.0,0.0,0.0,0.0,0.0,0.0,0.0,,,,,,,,19.461415230021807,,,,,,,,,17.76190145800418,,"rgba(239, 83, 80, 0.5)"
2025-03-12 00:00:00+00:00,18.0569801349,18.3699179697,17.9448830001,18.1317115582,428268,0.0,0.0,0.0,0.0,0.0,0.0,0.0,0.0,,,,,,,,19.433285393210312,,,,,,,,,17.83244775453948,,"rgba(239, 83, 80, 0.5)"
2025-03-13 00:00:00+00:00,17.7300301584,18.0569801349,17.5151773166,18.0009315675,452249,0.0,0.0,0.0,0.0,0.0,0.0,0.0,0.0,,,,,,,,19.39709064838829,,,,,,,,,17.821346046000848,,"rgba(239, 83, 80, 0.5)"
2025-03-14 00:00:00+00:00,17.76739587,18.0756629907,17.6552987351,17.8514687211,334886,0.0,0.0,0.0,0.0,0.0,0.0,0.0,0.0,,,,,,,,19.372321647629118,,,,,,,,,17.82262951920433,,"rgba(239, 83, 80, 0.5)"
2025-03-17 00:00:00+00:00,18.2531501209,18.5427343859,17.7674892842,17.8141030095,516396,0.0,0.0,0.0,0.0,0.0,0.0,0.0,0.0,,,,,,,,19.34408956741944,,,,,,,,,17.876486212772498,,"rgba(239, 83, 80, 0.5)"
2025-03-18 00:00:00+00:00,18.6921972323,18.720221516,18.1223701303,18.1223701303,513726,0.0,0.0,0.0,0.0,0.0,0.0,0.0,0.0,,,,,,,,19.324807712129044,,,,,,,,,17.95774923070752,,"rgba(239, 83, 80, 0.5)"
2025-03-19 00:00:00+00:00,18.4773443905,18.7622579416,18.3652472557,18.6735143765,273025,0.0,0.0,0.0,0.0,0.0,0.0,0.0,0.0,,,,,,,,19.31520321571366,,,,,,,,,17.994500300081448,,"rgba(239, 83, 80, 0.5)"
2025-03-20 00:00:00+00:00,18.3559058278,18.5649669843,18.1690772698,18.3185401162,560713,0.0,0.0,0.0,0.0,0.0,0.0,0.0,0.0,,,,,,,,19.292011291200584,,,,,,,,,18.037150436325554,,"rgba(239, 83, 80, 0.5)"
2025-03-21 00:00:00+00:00,17.7954201537,18.7108800881,17.762725156,18.3559058278,2041951,0.0,0.0,0.0,0.0,0.0,0.0,0.0,0.0,,,,,,,,19.19402548371465,,,,,,,,,18.052715289179904,,"rgba(239, 83, 80, 0.5)"
2025-03-24 00:00:00+00:00,18.3091986883,18.6127950951,17.9822487117,17.9822487117,971576,0.0,0.0,0.0,0.0,0.0,0.0,0.0,0.0,,,,,,,,19.16070517636891,,,,,,,,,18.083448071028815,,"rgba(239, 83, 80, 0.5)"
2025-03-25 00:00:00+00:00,17.8794930048,18.6267138227,17.5618844561,18.3185401162,1103124,0.0,0.0,0.0,0.0,0.0,0.0,0.0,0.0,,,,,,,,19.114433834934207,,,,,,,,,18.07597313400469,,"rgba(239, 83, 80, 0.5)"
2025-03-26 00:00:00+00:00,18.4119543952,18.7295629439,17.8514687211,18.0102729954,1138131,0.0,0.0,0.0,0.0,0.0,0.0,0.0,0.0,,,,,,,,19.082891591785742,,,,,,,,,18.104700562441657,,"rgba(239, 83, 80, 0.5)"
2025-03-27 00:00:00+00:00,18.7856115113,19.009805781,18.3179796305,18.3559058278,612225,0.0,0.0,0.0,0.0,0.0,0.0,0.0,0.0,,,,,,,,19.074869601992695,,,,,,,,,18.13896701093563,,#000000
2025-03-28 00:00:00+00:00,18.8977086461,19.1872929111,18.7482457997,18.8416600787,546012,0.0,0.0,0.0,0.0,0.0,0.0,0.0,0.0,,,,,,,,19.07244904603529,,,,,,,,,18.178018106994568,,#000000
2025-03-31 00:00:00+00:00,19.0471714926,19.2059757669,18.6735143765,18.8229772229,1209713,0.0,0.0,0.0,0.0,0.0,0.0,0.0,0.0,,,,,,,,19.068623051439452,,,,,,,,,18.25537770623382,,"rgba(38, 166, 154, 0.5)"
2025-04-01 00:00:00+00:00,19.2713657622,19.3554386133,18.5427343859,19.0284886368,1273853,0.0,0.0,0.0,0.0,0.0,0.0,0.0,0.0,,,,,,,,19.06813961918796,,,,,,,,,18.329623112136137,,"rgba(38, 166, 154, 0.5)"
2025-04-02 00:00:00+00:00,19.4208286087,19.5609500272,19.0751957763,19.3741214691,1227238,0.0,0.0,0.0,0.0,0.0,0.0,0.0,0.0,,,,,,,,19.078664287147163,,,,,,,,,18.413449572171842,,"rgba(38, 166, 154, 0.5)"
2025-04-03 00:00:00+00:00,19.4955600319,19.6917300178,19.1779514832,19.2807071901,858202,0.0,0.0,0.0,0.0,0.0,0.0,0.0,0.0,,,,,,,,19.088166654394588,,,,,,,,,18.469917392582456,,"rgba(38, 166, 154, 0.5)"
2025-04-04 00:00:00+00:00,18.4680029626,19.4301700366,18.4212958231,19.196634339,823309,0.0,0.0,0.0,0.0,0.0,0.0,0.0,0.0,,,,,,,,19.0807181459669,,,,,,,,,18.484908261811125,,"rgba(38, 166, 154, 0.5)"
2025-04-07 00:00:00+00:00,18.0289558512,18.5894415254,17.4764103908,17.664640163,710157,0.0,0.0,0.0,0.0,0.0,0.0,0.0,0.0,,,,,,,,19.05974851835492,,,,,,,,,18.466369123427945,,#000000
2025-04-08 00:00:00+00:00,17.7020058747,18.6034536672,17.5805673119,18.3745886836,474065,0.0,0.0,0.0,0.0,0.0,0.0,0.0,0.0,,,,,,,,19.04529432726449,,,,,,,,,18.452965417314275,,"rgba(239, 83, 80, 0.5)"
2025-04-09 00:00:00+00:00,18.6174658091,18.7389043718,17.3283487586,17.5245187445,1106268,1.0,18.738905,17.328348,0.0,0.0,0.0,0.0,0.0,,,,18.2282396465,,,,19.02093728794966,,,,,,,,,18.4398425655063,,#000000
2025-04-10 00:00:00+00:00,18.430637251,18.6482474444,17.7872679835,18.6482474444,412805,0.0,0.0,0.0,0.0,0.0,0.0,0.0,0.0,,,,18.244674396463303,,,,19.012881741360502,,,,,,,,,18.43661975649431,,#000000
2025-04-11 00:00:00+00:00,18.6860926955,18.705015321,18.1941044321,18.4495598765,604678,0.0,0.0,0.0,0.0,0.0,0.0,0.0,0.0,,,,18.325458414753054,,,,19.005198161678937,,,,,,,,,18.43940003027833,,#000000
2025-04-14 00:00:00+00:00,18.8280123868,19.0030466728,18.6510858383,18.8658576379,638242,0.0,0.0,0.0,0.0,0.0,0.0,0.0,0.0,,,,18.44144295143593,,,,19.002270550431657,,,,,,,,,18.45142053880137,,#000000
2025-04-15 00:00:00+00:00,18.8280123868,19.1260437387,18.7617831975,18.9131642016,915061,0.0,0.0,0.0,0.0,0.0,0.0,0.0,0.0,,,,18.556872038688205,,,,19.000033870013112,,,,,,,,,18.470723434537476,,#000000
2025-04-16 00:00:00+00:00,18.780705823,19.1449663642,18.6482474444,19.0077773292,557450,0.0,0.0,0.0,0.0,0.0,0.0,0.0,0.0,,,,18.59651041150473,,,,18.998065782153176,,,,,,,,,18.480503445291376,,#000000
2025-04-17 00:00:00+00:00,19.2726940864,19.329461963,18.8090897613,18.9226255144,477322,0.0,0.0,0.0,0.0,0.0,0.0,0.0,0.0,,,,18.65127191620476,,,,18.999695528284366,,,,,,,,,18.494401335622413,,"rgba(38, 166, 154, 0.5)"
2025-04-21 00:00:00+00:00,18.6860926955,19.3956911523,18.6577087572,19.3200006502,421394,0.0,0.0,0.0,0.0,0.0,0.0,0.0,0.0,,,,18.67277106055079,,,,18.998809121259676,,,,,,,,,18.502083198176987,,"rgba(38, 166, 154, 0.5)"
2025-04-22 00:00:00+00:00,18.6955540082,19.017238642,18.5157890658,18.742860572,540228,0.0,0.0,0.0,0.0,0.0,0.0,0.0,0.0,,,,18.679445012015787,,,,18.99549143755646,,,,,,,,,18.5076155221533,,#000000
2025-04-23 00:00:00+00:00,19.5470721564,19.5565334691,18.8108874107,18.9320868272,731979,0.0,0.0,0.0,0.0,0.0,0.0,0.0,0.0,,,,18.750910882898594,,,,19.000830658920073,,,,,,,,,18.53168544688815,,"rgba(38, 166, 154, 0.5)"
2025-04-24 00:00:00+00:00,19.367307214,19.5753614815,19.2868860556,19.4808429671,518810,0.0,0.0,0.0,0.0,0.0,0.0,0.0,0.0,,,,18.800283113367133,,,,19.005773958862985,,,,,,,,,18.550084253692756,,"rgba(38, 166, 154, 1.0)"
2025-04-25 00:00:00+00:00,18.8942415761,19.4288057469,18.780705823,19.4146137778,469234,0.0,0.0,0.0,0.0,0.0,0.0,0.0,0.0,,,,18.815153276716075,,,,19.00608547516061,,,,,,,,,18.559094474024622,,"rgba(38, 166, 154, 0.5)"
2025-04-28 00:00:00+00:00,18.8374736996,19.0314306111,18.6719007263,18.8658576379,1288582,0.0,0.0,0.0,0.0,0.0,0.0,0.0,0.0,,,,18.81987029151029,,,,19.001496096634988,,,,,,,,,18.573080183593447,,#000000
2025-04-29 00:00:00+00:00,20.5026647449,20.5594326214,18.2697949342,18.9699320782,2121881,0.0,0.0,0.0,0.0,0.0,0.0,0.0,0.0,,,,19.0079079508918,,,,19.036664910090995,,,,,,,,,18.66229126058922,,"rgba(38, 166, 154, 1.0)"
2025-04-30 00:00:00+00:00,21.0135756337,21.079804823,20.379667679,20.6162004979,1042875,0.0,0.0,0.0,0.0,0.0,0.0,0.0,0.0,,,,19.167809351672922,,,,19.075626740994515,,,,,,,,,18.738247032635087,,"rgba(38, 166, 154, 1.0)"
2025-05-01 00:00:00+00:00,20.8148880658,21.2028018889,20.6256618107,20.8432720041,660386,0.0,0.0,0.0,0.0,0.0,0.0,0.0,0.0,,,,19.25827284513685,,,,,,,,,,,,,18.78488067260429,,"rgba(38, 166, 154, 1.0)"
2025-05-02 00:00:00+00:00,21.742096716,21.8083259053,21.041959572,21.1176500741,1278919,0.0,0.0,0.0,0.0,0.0,0.0,0.0,0.0,,,,19.469091540329813,,,,,,,,,,,,,18.89592776949445,,"rgba(38, 166, 154, 1.0)"
2025-05-05 00:00:00+00:00,21.3825668313,22.1867784156,21.0230369465,21.6380222757,929839,0.0,0.0,0.0,0.0,0.0,0.0,0.0,0.0,,,,19.59936182682372,,,,,,,,,,,,,18.97118676752717,,"rgba(38, 166, 154, 1.0)"
2025-05-06 00:00:00+00:00,21.0703435103,21.6474835885,21.0703435103,21.6474835885,421310,0.0,0.0,0.0,0.0,0.0,0.0,0.0,0.0,,,,19.645657575391184,,,,,,,,,,,,,19.000464417023867,,"rgba(38, 166, 154, 1.0)"
2025-05-07 00:00:00+00:00,21.2784923909,21.2879537037,20.6303924671,21.0703435103,719460,0.0,0.0,0.0,0.0,0.0,0.0,0.0,0.0,,,,19.71008457109994,,,,,,,,,,,,,19.044559686558372,,"rgba(38, 166, 154, 1.0)"
2025-05-08 00:00:00+00:00,21.4204120823,21.4582573333,21.0987274486,21.2784923909,673536,0.0,0.0,0.0,0.0,0.0,0.0,0.0,0.0,,,,19.77591788944631,,,,,,,,,,,,,19.089266134406408,,"rgba(38, 166, 154, 1.0)"
2025-05-09 00:00:00+00:00,21.2595697654,21.6380222757,21.2595697654,21.5623317737,295707,0.0,0.0,0.0,0.0,0.0,0.0,0.0,0.0,,,,19.804209277338714,,,,,,,,,,,,,19.10885626236776,,"rgba(38, 166, 154, 1.0)"
2025-05-12 00:00:00+00:00,21.3636442058,21.530730989,21.2217245144,21.316337642,406309,0.0,0.0,0.0,0.0,0.0,0.0,0.0,0.0,,,,19.841176014753376,,,,,,,,,,,,,19.13507621548466,,"rgba(38, 166, 154, 1.0)"
2025-05-13 00:00:00+00:00,21.4109507695,21.5149305967,21.1507646687,21.3352602675,561970,0.0,0.0,0.0,0.0,0.0,0.0,0.0,0.0,,,,19.889107536381104,,,,,,,,,,,,,19.170148413873044,,"rgba(38, 166, 154, 1.0)"
2025-05-14 00:00:00+00:00,21.2028018889,21.4961025844,21.0703435103,21.3257989547,355679,0.0,0.0,0.0,0.0,0.0,0.0,0.0,0.0,,,,19.915902298997583,,,,,,,,,,,,,19.190767416877325,,"rgba(38, 166, 154, 0.75)"
2025-05-15 00:00:00+00:00,21.9407842839,22.0555573491,20.9078266978,21.0704218734,695767,0.0,0.0,0.0,0.0,0.0,0.0,0.0,0.0,,,,19.9793596998152,,,,,,,,,,,,,19.237120685430018,,"rgba(38, 166, 154, 0.75)"
2025-05-16 00:00:00+00:00,22.3042323235,22.3903121224,21.4625631792,21.9312198619,699105,0.0,0.0,0.0,0.0,0.0,0.0,0.0,0.0,,,,20.05350993972949,,,,,,,,,,,,,19.289768910023312,,"rgba(38, 166, 154, 1.0)"
2025-05-19 00:00:00+00:00,22.0746861933,22.4190053887,21.9981708165,22.0172996607,510478,0.0,0.0,0.0,0.0,0.0,0.0,0.0,0.0,,,,20.107228244989606,,,,,,,,,,,,,19.328488082324675,,"rgba(38, 166, 154, 1.0)"
2025-05-20 00:00:00+00:00,22.2372813689,22.3137967456,22.050775138,22.0746861933,410745,0.0,0.0,0.0,0.0,0.0,0.0,0.0,0.0,,,,20.149241753946956,,,,,,,,,,,,,19.35928650221858,,"rgba(38, 166, 154, 1.0)"
2025-05-21 00:00:00+00:00,21.9981708165,22.2277169468,21.8547044851,22.2277169468,562947,0.0,0.0,0.0,0.0,0.0,0.0,0.0,0.0,,,,20.19950584478056,,,,,,,,,,,,,19.397923238179843,,"rgba(38, 166, 154, 1.0)"
2025-05-22 00:00:00+00:00,21.9312198619,22.1416371479,21.8260112188,22.1416371479,526213,0.0,0.0,0.0,0.0,0.0,0.0,0.0,0.0,,,,20.242637218449936,,,,,,,,,,,,,19.43223113015668,,"rgba(38, 166, 154, 0.75)"
2025-05-23 00:00:00+00:00,21.845140063,21.9216554398,21.7208025758,21.8164467967,209085,0.0,0.0,0.0,0.0,0.0,0.0,0.0,0.0,,,,20.25787900862802,,,,,,,,,,,,,19.444886117286412,,"rgba(38, 166, 154, 0.75)"
2025-05-27 00:00:00+00:00,21.9120910177,22.0555573491,21.7372533818,21.8738333293,388313,0.0,0.0,0.0,0.0,0.0,0.0,0.0,0.0,,,,20.28669242385389,,,,,,,,,,,,,19.46874122798886,,"rgba(38, 166, 154, 0.75)"
2025-05-28 00:00:00+00:00,21.8738333293,22.0077352386,21.7781891083,21.9120910177,480634,0.0,0.0,0.0,0.0,0.0,0.0,0.0,0.0,,,,20.320667417380037,,,,,,,,,,,,,19.497455203580056,,"rgba(38, 166, 154, 0.75)"
2025-05-29 00:00:00+00:00,22.3042323235,22.3711832782,21.6251583548,21.9120910177,692764,0.0,0.0,0.0,0.0,0.0,0.0,0.0,0.0,,,,20.37351794543155,,,,,,,,,,,,,19.541257294415377,,"rgba(38, 166, 154, 0.75)"
2025-05-30 00:00:00+00:00,22.3616188561,22.5242140317,22.1846770473,22.2372813689,506344,0.0,0.0,0.0,0.0,0.0,0.0,0.0,0.0,,,,20.415655746777325,,,,,,,,,,,,,19.57546967954813,,"rgba(38, 166, 154, 1.0)"
2025-06-02 00:00:00+00:00,22.5242140317,22.5242140317,22.1320727258,22.2659746351,604468,0.0,0.0,0.0,0.0,0.0,0.0,0.0,0.0,,,,20.464579679333287,,,,,,,,,,,,,19.615763122041663,,"rgba(38, 166, 154, 1.0)"
2025-06-03 00:00:00+00:00,22.2659746351,22.592312717,22.2181525247,22.3711832782,397294,0.0,0.0,0.0,0.0,0.0,0.0,0.0,0.0,,,,20.494883504508728,,,,,,,,,,,,,19.641301819831373,,"rgba(38, 166, 154, 1.0)"
2025-06-04 00:00:00+00:00,22.2755390572,22.3807477003,22.0403499179,22.3329255898,339968,0.0,0.0,0.0,0.0,0.0,0.0,0.0,0.0,,,,20.51834560909482,,,,,,,,,,,,,19.661780272715912,,"rgba(38, 166, 154, 0.75)"
2025-06-05 00:00:00+00:00,21.9120910177,22.2755390572,21.8355756409,22.2755390572,369030,0.0,0.0,0.0,0.0,0.0,0.0,0.0,0.0,,,,20.539863353881042,,,,,,,,,,,,,19.681736473315933,,"rgba(38, 166, 154, 0.75)"
2025-06-06 00:00:00+00:00,21.9790419723,22.0985972485,21.7686246863,21.9790419723,295765,0.0,0.0,0.0,0.0,0.0,0.0,0.0,0.0,,,,20.555990264588313,,,,,,,,,,,,,19.697087853141262,,"rgba(38, 166, 154, 0.5)"
2025-06-09 00:00:00+00:00,22.0699039822,22.2851034793,21.8222810942,21.9407842839,250507,0.0,0.0,0.0,0.0,0.0,0.0,0.0,0.0,,,,20.57042291777555,,,,,,,,,,,,,19.710557716260947,,"rgba(38, 166, 154, 0.5)"
2025-06-10 00:00:00+00:00,22.3233611677,22.4285698107,22.0172996607,22.0172996607,413955,0.0,0.0,0.0,0.0,0.0,0.0,0.0,0.0,,,,20.59675634466231,,,,,,,,,,,,,19.734324741328333,,"rgba(38, 166, 154, 0.5)"
2025-06-11 00:00:00+00:00,22.5816005643,23.0215639806,22.2946679014,22.3807477003,885908,0.0,0.0,0.0,0.0,0.0,0.0,0.0,0.0,,,,20.662606345414133,,,,,,,,,,,,,19.791095805095278,,"rgba(38, 166, 154, 1.0)"
2025-06-12 00:00:00+00:00,22.858968805,22.9259197596,22.3998765445,22.5911649863,619869,0.0,0.0,0.0,0.0,0.0,0.0,0.0,0.0,,,,20.70832121542298,,,,,,,,,,,,,19.830806979870154,,"rgba(38, 166, 154, 1.0)"
2025-06-13 00:00:00+00:00,22.5289962427,22.8685332271,22.5146496096,22.6772447852,400003,0.0,0.0,0.0,0.0,0.0,0.0,0.0,0.0,,,,20.735482754925975,,,,,,,,,,,,,19.85508170369617,,"rgba(38, 166, 154, 1.0)"
2025-06-16 00:00:00+00:00,22.8541865939,22.9450486038,22.557689509,22.9450486038,507072,0.0,0.0,0.0,0.0,0.0,0.0,0.0,0.0,,,,20.77143421604745,,,,,,,,,,,,,19.886864864112397,,"rgba(38, 166, 154, 1.0)"
2025-06-17 00:00:00+00:00,22.352054434,22.8876620713,22.2946679014,22.7155024736,559263,0.0,0.0,0.0,0.0,0.0,0.0,0.0,0.0,,,,20.80444927837725,,,,,,,,,,,,,19.917888409431885,,"rgba(38, 166, 154, 0.5)"
2025-06-18 00:00:00+00:00,22.356836645,22.6007294084,22.1703304142,22.3424900119,510032,0.0,0.0,0.0,0.0,0.0,0.0,0.0,0.0,,,,20.83117969182267,,,,,,,,,,,,,19.94410336642938,,"rgba(38, 166, 154, 0.5)"
2025-06-20 00:00:00+00:00,22.3329255898,22.6628981521,22.246845791,22.352054434,350321,0.0,0.0,0.0,0.0,0.0,0.0,0.0,0.0,,,,20.849460859693735,,,,,,,,,,,,,19.96206602843854,,"rgba(38, 166, 154, 0.5)"
2025-06-23 00:00:00+00:00,22.5816005643,22.6198582526,22.2277169468,22.2564102131,352755,0.0,0.0,0.0,0.0,0.0,0.0,0.0,0.0,,,,20.868161921142896,,,,,,,,,,,,,19.980343356897556,,"rgba(38, 166, 154, 0.5)"
2025-06-24 00:00:00+00:00,22.5337784538,22.7441957399,22.5146496096,22.7155024736,407200,0.0,0.0,0.0,0.0,0.0,0.0,0.0,0.0,,,,20.89080822314615,,,,,,,,,,,,,20.00212212165412,,"rgba(38, 166, 154, 0.5)"
2025-06-25 00:00:00+00:00,22.0555573491,22.5433428759,21.9982664607,22.5433428759,390198,0.0,0.0,0.0,0.0,0.0,0.0,0.0,0.0,,,,20.907021037686658,,,,,,,,,,,,,20.019501792066013,,#000000
2025-06-26 00:00:00+00:00,22.2372813689,22.4763919212,22.1225083037,22.1607659921,495530,0.0,0.0,0.0,0.0,0.0,0.0,0.0,0.0,,,,20.928274652041598,,,,,,,,,,,,,20.041973071346696,,#000000
2025-06-27 00:00:00+00:00,22.1129438816,22.3185789567,22.0172996607,22.2372813689,550088,0.0,0.0,0.0,0.0,0.0,0.0,0.0,0.0,,,,20.948926623642834,,,,,,,,,,,,,20.064990495922437,,#000000
2025-06-30 00:00:00+00:00,22.5050851875,22.5720361422,22.0842506154,22.1320727258,937319,0.0,0.0,0.0,0.0,0.0,0.0,0.0,0.0,,,,20.989204348917788,,,,,,,,,,,,,20.107413017760962,,#000000
2025-07-01 00:00:00+00:00,23.165030312,23.1841591562,22.3185789567,22.3424900119,766722,0.0,0.0,0.0,0.0,0.0,0.0,0.0,0.0,,,,21.031756899664675,,,,,,,,,,,,,20.148372123274104,,"rgba(38, 166, 154, 0.5)"
2025-07-02 00:00:00+00:00,23.0693860911,23.1554658899,22.9546130259,23.1267726236,674786,0.0,0.0,0.0,0.0,0.0,0.0,0.0,0.0,,,,21.070957562247653,,,,,,,,,,,,,20.185616755877547,,"rgba(38, 166, 154, 0.5)"
2025-07-03 00:00:00+00:00,23.3850120202,23.4041408643,22.9833062922,23.2606745329,235776,0.0,0.0,0.0,0.0,0.0,0.0,0.0,0.0,,,,21.08562577059352,,,,,,,,,,,,,20.19928629448777,,"rgba(38, 166, 154, 1.0)"
2025-07-07 00:00:00+00:00,23.059821669,23.6049937283,22.9928707143,23.4137052864,471466,0.0,0.0,0.0,0.0,0.0,0.0,0.0,0.0,,,,21.113868011652634,,,,,,,,,,,,,20.225921323527306,,"rgba(38, 166, 154, 0.5)"
2025-07-08 00:00:00+00:00,22.8302755387,23.1554658899,22.8111466945,23.0693860911,291356,0.0,0.0,0.0,0.0,0.0,0.0,0.0,0.0,,,,21.128622261549758,,,,,,,,,,,,,20.24059217697665,,"rgba(38, 166, 154, 0.5)"
2025-07-09 00:00:00+00:00,23.0215639806,23.2319812667,22.7597857479,23.0885149352,1004318,0.0,0.0,0.0,0.0,0.0,0.0,0.0,0.0,,,,21.17965865799153,,,,,,,,,,,,,20.291289978467713,,"rgba(38, 166, 154, 0.5)"
2025-07-10 00:00:00+00:00,23.0693860911,23.3084966434,22.6150760416,22.964177448,740602,0.0,0.0,0.0,0.0,0.0,0.0,0.0,0.0,,,,21.215416190358212,,,,,,,,,,,,,20.327409247533303,,"rgba(38, 166, 154, 0.5)"
2025-07-11 00:00:00+00:00,22.9163553375,23.0693860911,22.7250668957,23.0693860911,530386,0.0,0.0,0.0,0.0,0.0,0.0,0.0,0.0,,,,21.238865385250843,,,,,,,,,,,,,20.351798998248594,,"rgba(38, 166, 154, 0.5)"
2025-07-14 00:00:00+00:00,22.6389870968,23.040788469,22.4859563433,22.964177448,896741,0.0,0.0,0.0,0.0,0.0,0.0,0.0,0.0,,,,21.272894885597033,,,,,,,,,,,,,20.389139147552488,,"rgba(38, 166, 154, 0.5)"
2025-07-15 00:00:00+00:00,22.5720361422,22.8604034683,22.4285698107,22.6963736294,873362,0.0,0.0,0.0,0.0,0.0,0.0,0.0,0.0,,,,21.30234858528532,,,,,,,,,,,,,20.42285695670365,,#000000
2025-07-16 00:00:00+00:00,22.9163553375,22.9737418701,22.5050851875,22.6772447852,723266,0.0,0.0,0.0,0.0,0.0,0.0,0.0,0.0,,,,21.328948917683448,,,,,,,,,,,,,20.452218951775336,,#000000
2025-07-17 00:00:00+00:00,22.9450486038,22.964177448,22.763324584,22.858968805,406703,0.0,0.0,0.0,0.0,0.0,0.0,0.0,0.0,,,,21.344410522235997,,,,,,,,,,,,,20.469051162550745,,"rgba(38, 166, 154, 0.5)"
2025-07-18 00:00:00+00:00,22.5624717201,23.0980793573,22.5146496096,22.8685332271,470079,0.0,0.0,0.0,0.0,0.0,0.0,0.0,0.0,,,,21.360029016202137,,,,,,,,,,,,,20.486906974890896,,#000000
2025-07-21 00:00:00+00:00,22.5242140317,22.7824534282,22.4381342328,22.5720361422,592063,0.0,0.0,0.0,0.0,0.0,0.0,0.0,0.0,,,,21.377189337629662,,,,,,,,,,,,,20.50758205438706,,#000000
2025-07-22 00:00:00+00:00,22.6485515189,22.8207111166,22.452480866,22.4668274991,506101,0.0,0.0,0.0,0.0,0.0,0.0,0.0,0.0,,,,21.392180311292215,,,,,,,,,,,,,20.525427927280234,,#000000
2025-07-23 00:00:00+00:00,22.8876620713,22.964177448,22.5337784538,22.8207111166,667252,0.0,0.0,0.0,0.0,0.0,0.0,0.0,0.0,,,,21.41379100112917,,,,,,,,,,,,,20.550191818993962,,#000000
2025-07-24 00:00:00+00:00,22.7537601619,23.0311284027,22.7107202625,22.8876620713,813195,0.0,0.0,0.0,0.0,0.0,0.0,0.0,0.0,,,,21.43992050604915,,,,,,,,,,,,,20.580132250185645,,#000000
2025-07-25 00:00:00+00:00,22.8494043829,22.8494043829,22.4859563433,22.6868092073,414715,0.0,0.0,0.0,0.0,0.0,0.0,0.0,0.0,,,,21.45191418965291,,,,,,,,,,,,,20.594412021269,,#000000
2025-07-28 00:00:00+00:00,22.6868092073,22.9833062922,22.5194318206,22.7441957399,491781,0.0,0.0,0.0,0.0,0.0,0.0,0.0,0.0,,,,21.465867800084148,,,,,,,,,,,,,20.611113728395047,,#000000
2025-07-29 00:00:00+00:00,23.0119995585,23.059821669,22.5289962427,22.6868092073,540670,0.0,0.0,0.0,0.0,0.0,0.0,0.0,0.0,,,,21.48248723536354,,,,,,,,,,,,,20.63034560564534,,#000000
2025-07-30 00:00:00+00:00,23.270238955,23.4328341306,22.8876620713,23.0406928248,689462,0.0,0.0,0.0,0.0,0.0,0.0,0.0,0.0,,,,21.508033789629003,,,,,,,,,,,,,20.65794825095136,,"rgba(38, 166, 154, 0.5)"
2025-07-31 00:00:00+00:00,23.0693860911,23.3563187539,22.9833062922,23.2511101108,782735,0.0,0.0,0.0,0.0,0.0,0.0,0.0,0.0,,,,21.535121247911245,,,,,,,,,,,,,20.687843462973277,,"rgba(38, 166, 154, 0.5)"
2025-08-01 00:00:00+00:00,23.2606745329,23.270238955,22.8494043829,23.1937235783,858165,0.0,0.0,0.0,0.0,0.0,0.0,0.0,0.0,,,,21.56363060642765,,,,,,,,,,,,,20.719676760741432,,"rgba(38, 166, 154, 0.5)"
2025-08-04 00:00:00+00:00,24.1119080993,24.1214725214,23.2798033771,23.2798033771,1362917,0.0,0.0,0.0,0.0,0.0,0.0,0.0,0.0,,,,21.626532715384634,,,,,,,,,,,,,20.782998639951117,,"rgba(38, 166, 154, 1.0)"
2025-08-05 00:00:00+00:00,24.1023436772,24.3318898075,23.872797547,24.1884234761,644941,0.0,0.0,0.0,0.0,0.0,0.0,0.0,0.0,,,,21.65851994313737,,,,,,,,,,,,,20.814593752149182,,"rgba(38, 166, 154, 1.0)"
2025-08-06 00:00:00+00:00,24.2458100086,24.2745032749,24.0640859888,24.0927792551,523136,0.0,0.0,0.0,0.0,0.0,0.0,0.0,0.0,,,,21.68482403200638,,,,,,,,,,,,,20.840491683283005,,"rgba(38, 166, 154, 1.0)"
2025-08-07 00:00:00+00:00,24.6283868924,24.6283868924,24.0449571447,24.284067697,723507,0.0,0.0,0.0,0.0,0.0,0.0,0.0,0.0,,,,21.7236978825109,,,,,,,,,,,,,20.878169019237266,,"rgba(38, 166, 154, 1.0)"
2025-08-08 00:00:00+00:00,24.4179696063,24.7240311133,24.3414542296,24.6092580482,641011,0.0,0.0,0.0,0.0,0.0,0.0,0.0,0.0,,,,21.757981601307648,,,,,,,,,,,,,20.911453800380524,,"rgba(38, 166, 154, 1.0)"
2025-08-11 00:00:00+00:00,24.0736504109,24.6714267918,23.5858648841,24.6379513145,1360846,0.0,0.0,0.0,0.0,0.0,0.0,0.0,0.0,,,,21.818191256746896,,,,,,,,,,,,,20.972761336704714,,"rgba(38, 166, 154, 0.75)"
2025-08-12 00:00:00+00:00,23.4519629748,24.1406013656,22.7728890061,23.1363370457,2363000,0.0,0.0,0.0,0.0,0.0,0.0,0.0,0.0,,,,21.887849845622934,,,,,,,,,,,,,21.052712651976105,,"rgba(38, 166, 154, 0.75)"
2025-08-13 00:00:00+00:00,24.3988407621,24.4084051842,23.4328341306,23.5571716179,925069,0.0,0.0,0.0,0.0,0.0,0.0,0.0,0.0,,,,21.923770757762252,,,,,,,,,,,,,21.09040749317712,,"rgba(38, 166, 154, 0.75)"
2025-08-14 00:00:00+00:00,24.896190711,24.9444765735,24.1622456009,24.3167603609,900343,0.0,0.0,0.0,0.0,0.0,0.0,0.0,0.0,,,,21.966842972176106,,,,,,,,,,,,,21.133240021649,,"rgba(38, 166, 154, 0.75)"
2025-08-15 00:00:00+00:00,24.4326464309,25.0989913336,24.4036749134,24.9734480911,722995,0.0,0.0,0.0,0.0,0.0,0.0,0.0,0.0,,,,22.00018362542567,,,,,,,,,,,,,21.166685391815793,,"rgba(38, 166, 154, 0.75)"
2025-08-18 00:00:00+00:00,24.6354470535,24.8141047448,24.3747033959,24.4905894659,693672,0.0,0.0,0.0,0.0,0.0,0.0,0.0,0.0,,,,22.030964067045254,,,,,,,,,,,,,21.197845720066002,,"rgba(38, 166, 154, 0.75)"
2025-08-19 00:00:00+00:00,24.2877888434,24.9589623323,24.2588173259,24.7513331235,1110288,0.0,0.0,0.0,0.0,0.0,0.0,0.0,0.0,,,,22.076777308360562,,,,,,,,,,,,,21.245045599667137,,"rgba(38, 166, 154, 0.5)"
2025-08-20 00:00:00+00:00,24.7127044335,24.722361606,24.2974460159,24.3747033959,1333216,0.0,0.0,0.0,0.0,0.0,0.0,0.0,0.0,,,,22.131240777258093,,,,,,,,,,,,,21.301246386463756,,"rgba(38, 166, 154, 0.5)"
2025-08-21 00:00:00+00:00,24.8285905035,25.0410482986,24.6162292802,24.7320187785,590451,0.0,0.0,0.0,0.0,0.0,0.0,0.0,0.0,,,,22.157009682097026,,,,,,,,,,,,,21.327396953755912,,"rgba(38, 166, 154, 0.5)"
2025-08-22 00:00:00+00:00,25.0507054711,25.1714201273,24.7851332273,24.8672191935,902504,0.0,0.0,0.0,0.0,0.0,0.0,0.0,0.0,,,,22.197960994860505,,,,,25.00241960856667,,,,,,,,21.36857455082367,,"rgba(38, 166, 154, 0.75)"
2025-08-25 00:00:00+00:00,24.7899618135,25.1086485061,24.780304641,25.0893341611,687803,0.0,0.0,0.0,0.0,0.0,0.0,0.0,0.0,,,,22.227199884818248,,,,,24.955083696811396,,,,,,,,21.39841517977893,,"rgba(38, 166, 154, 0.5)"
2025-08-26 00:00:00+00:00,24.8479048485,24.8858575365,24.4809322934,24.7320187785,806998,0.0,0.0,0.0,0.0,0.0,0.0,0.0,0.0,,,,22.25876210525209,,,,,24.88208537530749,,,,,,,,21.43126712229616,,"rgba(38, 166, 154, 0.5)"
2025-08-27 00:00:00+00:00,24.780304641,24.9734480911,24.587161191,24.7706474685,811418,0.0,0.0,0.0,0.0,0.0,0.0,0.0,0.0,,,,22.290232305056634,,,,,24.856347186051746,,,,,,,,21.46406580818769,,"rgba(38, 166, 154, 0.5)"
2025-08-28 00:00:00+00:00,24.587161191,24.7320187785,24.3457318784,24.7320187785,728263,0.0,0.0,0.0,0.0,0.0,0.0,0.0,0.0,,,,22.31531978998153,,,,,24.800598599427392,,,,,,,,21.490997583191117,,"rgba(38, 166, 154, 0.5)"
2025-08-29 00:00:00+00:00,24.5581896735,24.7513331235,24.5292181559,24.645104226,1159031,0.0,0.0,0.0,0.0,0.0,0.0,0.0,0.0,,,,22.35512403358258,,,,,24.75791179647925,,,,,,,,21.533697432192692,,"rgba(38, 166, 154, 0.5)"
2025-09-02 00:00:00+00:00,24.6354470535,24.8092761585,24.0367023583,24.3650462234,1589869,0.0,0.0,0.0,0.0,0.0,0.0,0.0,0.0,,,,22.404768311975708,,,,,24.695109408491444,,,,,,,,21.5882112779224,,"rgba(38, 166, 154, 0.5)"
2025-09-03 00:00:00+00:00,23.2448142131,23.7469871833,22.490492469,23.7083584932,1801478,0.0,0.0,0.0,0.0,0.0,0.0,0.0,0.0,,,,22.424142993403194,,,,,24.36943840184682,,,,,,,,21.62035547055904,,#000000
2025-09-04 00:00:00+00:00,23.4089861457,23.8049302183,23.1772140056,23.4186433182,1708264,0.0,0.0,0.0,0.0,0.0,0.0,0.0,0.0,,,,22.44880710432174,,,,,24.217684825490924,,,,,,,,21.655406004090242,,"rgba(239, 83, 80, 1.0)"
2025-09-05 00:00:00+00:00,22.9937277281,22.9937277281,22.3370399979,22.9840705556,11020281,0.0,0.0,0.0,0.0,0.0,0.0,0.0,0.0,,,,22.492083461357247,,,,,23.468216792616268,,,,,,,,21.7777177729995,,"rgba(239, 83, 80, 1.0)"
2025-09-08 00:00:00+00:00,22.684698208,23.0130420731,22.510869103,22.9840705556,1587433,0.0,0.0,0.0,0.0,0.0,0.0,0.0,0.0,,,,22.496663615250856,,,,,23.417258356453274,,,,,,,,21.79256957128003,,"rgba(239, 83, 80, 1.0)"
2025-09-09 00:00:00+00:00,22.530183448,22.7716127605,22.1632108929,22.723326898,3521874,0.0,0.0,0.0,0.0,0.0,0.0,0.0,0.0,,,,22.496330817385793,,,,,23.292984027607115,,,,,,,,21.815693214791327,,"rgba(239, 83, 80, 1.0)"
2025-09-10 00:00:00+00:00,23.3317287657,23.3510431107,22.723326898,22.9937277281,2861193,0.0,0.0,0.0,0.0,0.0,0.0,0.0,0.0,,,,22.51642485153504,,,,,23.277532491287797,,,,,,,,21.8503878365092,,"rgba(239, 83, 80, 1.0)"
2025-09-11 00:00:00+00:00,23.6793869757,23.8339017358,22.9744133831,23.3317287657,3076721,0.0,0.0,0.0,0.0,0.0,0.0,0.0,0.0,,,,22.54846060281634,,,,,23.29835682072946,,,,,,,,21.895628668948284,,"rgba(239, 83, 80, 0.75)"
2025-09-12 00:00:00+00:00,23.5924724232,23.8725304258,23.3993289732,23.6021295957,1406782,0.0,0.0,0.0,0.0,0.0,0.0,0.0,0.0,,,,22.564270394820134,,,,,23.311855909911912,,,,,,,,21.917054458689645,,"rgba(239, 83, 80, 0.75)"
2025-09-15 00:00:00+00:00,23.0709851081,23.5924724232,23.0033849006,23.5731580782,1350958,0.0,0.0,0.0,0.0,0.0,0.0,0.0,0.0,,,,22.573451160664558,,,,,23.30840047899397,,,,,,,,21.93243233174323,,"rgba(239, 83, 80, 0.75)"
2025-09-16 00:00:00+00:00,23.2931000756,23.3413859382,22.9937277281,23.1289281431,1504941,0.0,0.0,0.0,0.0,0.0,0.0,0.0,0.0,,,,22.583184254918166,,,,,23.304321637698024,,,,,,,,21.948975041020276,,"rgba(239, 83, 80, 0.75)"
2025-09-17 00:00:00+00:00,23.4959006982,23.9063305295,23.2931000756,23.4089861457,1443562,0.0,0.0,0.0,0.0,0.0,0.0,0.0,0.0,,,,22.597390886009702,,,,,23.31423659723641,,,,,,,,21.96881110392456,,"rgba(239, 83, 80, 0.75)"
2025-09-18 00:00:00+00:00,23.1385853156,23.8242445633,23.0516707631,23.8242445633,1882515,0.0,0.0,0.0,0.0,0.0,0.0,0.0,0.0,,,,22.611108685239696,,,,,23.315367010869803,,,,,,,,21.99038361982487,,"rgba(239, 83, 80, 0.75)"
2025-09-19 00:00:00+00:00,23.1385853156,23.3317287657,22.9454418656,23.2641285581,1183481,0.0,0.0,0.0,0.0,0.0,0.0,0.0,0.0,,,,22.61717879915426,,,,,23.31026853649127,,,,,,,,22.001643803325226,,"rgba(239, 83, 80, 0.75)"
2025-09-22 00:00:00+00:00,23.1868711781,23.1965283506,22.9164703481,23.1482424881,750205,0.0,0.0,0.0,0.0,0.0,0.0,0.0,0.0,,,,22.62067505345513,,,,,23.30649266285818,,,,,,,,22.00842928321145,,"rgba(239, 83, 80, 0.75)"
2025-09-23 00:00:00+00:00,23.2834429031,23.4959006982,23.078034844,23.1675568331,744368,0.0,0.0,0.0,0.0,0.0,0.0,0.0,0.0,,,,22.625420231078554,,,,,23.30613036976415,,,,,,,,22.016211846439457,,"rgba(239, 83, 80, 0.75)"
2025-09-24 00:00:00+00:00,23.2544713856,23.4138147319,23.1723854194,23.1868711781,611936,0.0,0.0,0.0,0.0,0.0,0.0,0.0,0.0,,,,22.629238298415135,,,,,23.305762904658653,,,,,,,,22.02251137169567,,"rgba(239, 83, 80, 0.75)"
2025-09-25 00:00:00+00:00,22.7909271055,23.3703574557,22.7716127605,23.2061855231,755413,0.0,0.0,0.0,0.0,0.0,0.0,0.0,0.0,,,,22.631728112745296,,,,,23.300116223220588,,,,,,,,22.028351599553556,,"rgba(239, 83, 80, 0.75)"
2025-09-26 00:00:00+00:00,22.549497793,22.9599276243,22.4529260679,22.8874988305,930696,0.0,0.0,0.0,0.0,0.0,0.0,0.0,0.0,,,,22.631923523299946,,,,,23.286704317338444,,,,,,,,22.03303053375959,,"rgba(239, 83, 80, 1.0)"
2025-09-29 00:00:00+00:00,22.588126483,22.626755173,22.3466971704,22.5977836555,857605,0.0,0.0,0.0,0.0,0.0,0.0,0.0,0.0,,,,22.631034757283192,,,,,23.272321705866553,,,,,,,,22.036366361115967,,"rgba(239, 83, 80, 1.0)"
2025-09-30 00:00:00+00:00,22.6750410355,22.7957556918,22.5060405167,22.6943553805,1645951,0.0,0.0,0.0,0.0,0.0,0.0,0.0,0.0,,,,22.631455695298634,,,,,23.25099160109421,,,,,,,,22.044436678857117,,"rgba(239, 83, 80, 1.0)"
2025-10-01 00:00:00+00:00,22.5977836555,22.8295557955,22.4336117229,22.6943553805,1429211,0.0,0.0,0.0,0.0,0.0,0.0,0.0,0.0,,,,22.631311714685374,,,,,23.232506099527562,,,,,,,,22.05084651034547,,"rgba(239, 83, 80, 1.0)"
2025-10-02 00:00:00+00:00,22.3660115154,22.7909271055,22.1197536166,22.4818975854,1174598,0.0,0.0,0.0,0.0,0.0,0.0,0.0,0.0,,,,22.629148944612382,,,,,23.21352490794145,,,,,,,,22.05424320572636,,"rgba(239, 83, 80, 1.0)"
2025-10-03 00:00:00+00:00,22.5784693105,22.684698208,22.4336117229,22.510869103,1619780,0.0,0.0,0.0,0.0,0.0,0.0,0.0,0.0,,,,22.628240815397795,,,,,23.193167923587165,,,,,,,,22.06055630076466,,"rgba(239, 83, 80, 1.0)"
2025-10-06 00:00:00+00:00,21.9217815803,22.5398406205,21.8928100628,22.5398406205,1221689,0.0,0.0,0.0,0.0,0.0,0.0,0.0,0.0,,,,22.622802131099867,,,,,23.168283044771947,,,,,,,,22.06108759351398,,"rgba(239, 83, 80, 1.0)"
2025-10-07 00:00:00+00:00,21.5548090252,22.0376676503,21.3713227477,21.9700674428,1117737,0.0,0.0,0.0,0.0,0.0,0.0,0.0,0.0,,,,22.613448710754593,,,,,23.136890269265415,,,,,,,,22.057685238995692,,"rgba(239, 83, 80, 1.0)"
2025-10-08 00:00:00+00:00,21.3133797127,21.5341426761,20.9415785713,21.4582373002,1371510,0.0,0.0,0.0,0.0,0.0,0.0,0.0,0.0,,,,22.59762846898857,,,,,23.090387719323356,,,,,,,,22.04960674327561,,"rgba(239, 83, 80, 1.0)"
2025-10-09 00:00:00+00:00,21.0429788826,21.3037225402,20.9464071576,21.2554366777,880938,0.0,0.0,0.0,0.0,0.0,0.0,0.0,0.0,,,,22.586426194614067,,,,,23.059122796408587,,,,,,,,22.043431322279993,,"rgba(239, 83, 80, 1.0)"
2025-10-10 00:00:00+00:00,20.434577015,21.1574163768,20.4152626699,21.1105790901,921880,0.0,0.0,0.0,0.0,0.0,0.0,0.0,0.0,,,,22.571557126317014,,,,,23.020514583213398,,,,,,,,22.034163874368378,,"rgba(239, 83, 80, 1.0)"
2025-10-13 00:00:00+00:00,20.5070058087,20.7435099633,20.3708396764,20.4828628775,785084,0.0,0.0,0.0,0.0,0.0,0.0,0.0,0.0,,,,22.558231125641665,,,,,22.986859890243664,,,,,,,,22.02563511480754,,"rgba(239, 83, 80, 1.0)"
2025-10-14 00:00:00+00:00,20.7532637075,20.8112067425,20.3573196349,20.3959483249,693969,0.0,0.0,0.0,0.0,0.0,0.0,0.0,0.0,,,,22.54717391119832,,,,,22.959049621408017,,,,20.640596694966664,,,,22.0186797753772,,"rgba(239, 83, 80, 1.0)"
2025-10-15 00:00:00+00:00,20.80154957,21.0043501926,20.6904920863,20.7339493625,853881,0.0,0.0,0.0,0.0,0.0,0.0,0.0,0.0,,,,22.535091824488582,,,,,22.928475882640406,,,,20.746257564096123,,,,22.01139318590737,,"rgba(239, 83, 80, 0.75)"
2025-10-16 00:00:00+00:00,20.9753786751,21.0140073651,20.7098064313,20.7918923975,1070273,0.0,0.0,0.0,0.0,0.0,0.0,0.0,0.0,,,,22.520777867814097,,,,,22.89256988116755,,,,20.808996513381057,,,,22.002901799339245,,"rgba(239, 83, 80, 0.75)"
2025-10-17 00:00:00+00:00,21.4292657827,21.4968659902,20.820863915,21.0043501926,797108,0.0,0.0,0.0,0.0,0.0,0.0,0.0,0.0,,,,22.512541067905563,,,,,22.87118713379707,,,,20.911692100729436,,,,21.998637180118138,,"rgba(239, 83, 80, 0.75)"
2025-10-20 00:00:00+00:00,21.3423512302,21.5548090252,21.2361223326,21.3809799202,605912,0.0,0.0,0.0,0.0,0.0,0.0,0.0,0.0,,,,22.506981794055832,,,,,22.85656275810028,,,,20.981920057229097,,,,21.995978912390942,,"rgba(239, 83, 80, 0.75)"
2025-10-21 00:00:00+00:00,21.2361223326,21.4485801277,21.2168079876,21.4485801277,536970,0.0,0.0,0.0,0.0,0.0,0.0,0.0,0.0,,,,22.5017664271601,,,,,22.8431750115457,,,,21.019450882362065,,,,21.993350030042482,,"rgba(239, 83, 80, 0.75)"
2025-10-22 00:00:00+00:00,21.0429788826,21.4485801277,20.9995216063,21.4485801277,730942,0.0,0.0,0.0,0.0,0.0,0.0,0.0,0.0,,,,22.493938803039978,,,,,22.82373337810158,,,,21.03938507019539,,,,21.9891029380955,,"rgba(239, 83, 80, 0.75)"
2025-10-23 00:00:00+00:00,20.9077784676,21.1298934351,20.72429219,21.0429788826,776436,0.0,0.0,0.0,0.0,0.0,0.0,0.0,0.0,,,,22.484222753354615,,,,,22.800616493583423,,,,21.024186542062655,,,,21.983324447480033,,"rgba(239, 83, 80, 0.75)"
2025-10-24 00:00:00+00:00,20.7725780525,21.3906370927,20.666349155,21.0333217101,690163,0.0,0.0,0.0,0.0,0.0,0.0,0.0,0.0,,,,22.475809509650073,,,,,22.780775357341017,,,,21.015911676635373,,,,21.978348057608965,,"rgba(239, 83, 80, 0.75)"
2025-10-27 00:00:00+00:00,20.820863915,20.9270928126,20.6953206725,20.7725780525,1748168,0.0,0.0,0.0,0.0,0.0,0.0,0.0,0.0,,,,22.453148048535887,,,,,22.7289727088608,,,,20.974491340940713,,,,21.96441173641341,,"rgba(239, 83, 80, 0.75)"
2025-10-28 00:00:00+00:00,21.8252098553,22.2114967554,20.8643211913,22.1342393754,2003773,-1.0,22.211496,20.86432,223.0,-1.0,22.211496,20.86432,223.0,,,,22.440533257537982,,,21.633675934,,22.696868029799496,,,,21.100196251492385,,,,21.95993407871477,,"rgba(239, 83, 80, 0.5)"
2025-10-29 00:00:00+00:00,21.0622932276,21.6900094403,21.0526360551,21.6030948877,1509082,0.0,0.0,0.0,0.0,0.0,0.0,0.0,0.0,,,,22.427099006024402,,,21.476720191020238,,22.666013773922657,,,,21.121308728738196,,,,21.952953417025565,,"rgba(239, 83, 80, 0.5)"
2025-10-30 00:00:00+00:00,21.5548090252,21.6610379227,20.9560643301,21.1878364701,1241687,0.0,0.0,0.0,0.0,0.0,0.0,0.0,0.0,,,,22.41741665708321,,,21.454238895420083,,22.64374451968585,,,,21.14653216718213,,,,21.948321972387735,,#000000
2025-10-31 00:00:00+00:00,21.4002942652,21.5210089215,21.0719504001,21.3713227477,1140009,0.0,0.0,0.0,0.0,0.0,0.0,0.0,0.0,,,,22.408178673356414,,,21.4304207816767,,22.623033160839014,,,,21.161144328803974,,,,21.943689504144075,,#000000
2025-11-03 00:00:00+00:00,21.1974936426,21.4188360364,20.8788069501,21.3423512302,2070223,0.0,0.0,0.0,0.0,0.0,0.0,0.0,0.0,,,,22.389273283634733,,,21.361443818529974,,22.58242154497935,,,,21.161634739973543,,,,21.933219933757936,,#000000
2025-11-04 00:00:00+00:00,21.2650938502,21.3471798164,21.0429788826,21.2554366777,864786,0.0,0.0,0.0,0.0,0.0,0.0,0.0,0.0,,,,22.381882122157403,,,21.34743551644994,,22.56673311392702,,,,21.16446770990952,,,,21.929227525028246,,#000000
2025-11-05 00:00:00+00:00,21.1781792976,21.4775516452,21.1298934351,21.4485801277,968234,0.0,0.0,0.0,0.0,0.0,0.0,0.0,0.0,,,,22.374021749293686,,,21.338980266026848,,22.550143284366,,,,21.169620962460225,,,,21.92508019384361,,#000000
2025-11-06 00:00:00+00:00,21.1395506076,21.4099514377,21.0960933314,21.2361223326,915241,0.0,0.0,0.0,0.0,0.0,0.0,0.0,0.0,,,,22.366384745116758,,,21.328405280979513,,22.534290382761554,,,,21.171791681294163,,,,21.920934372048116,,#000000
2025-11-07 00:00:00+00:00,21.0912647451,21.4292657827,21.0140073651,21.2747510227,1621913,0.0,0.0,0.0,0.0,0.0,0.0,0.0,0.0,,,,22.35266813500309,,,21.308652179845488,,22.50633997465004,,,,21.17228883913887,,,,21.91332601754274,,"rgba(239, 83, 80, 0.5)"
2025-11-10 00:00:00+00:00,21.2168079876,21.5161803352,21.1588649526,21.1588649526,879281,0.0,0.0,0.0,0.0,0.0,0.0,0.0,0.0,,,,22.34610432039517,,,21.30789576411128,,22.492979756331156,,,,21.177349433381362,,,,21.90992389291962,,#000000
2025-11-11 00:00:00+00:00,21.2071508151,21.4967694185,21.0912647451,21.2940653677,881082,0.0,0.0,0.0,0.0,0.0,0.0,0.0,0.0,,,,22.339408878832483,,,21.305218252526018,,22.47953221369836,,,,21.18076910721008,,,,21.90637494959787,,#000000
2025-11-12 00:00:00+00:00,21.1105790901,21.4582373002,21.1009219176,21.2457795051,926477,0.0,0.0,0.0,0.0,0.0,0.0,0.0,0.0,,,,22.33218678674938,,,21.30016257529797,,22.46522985200859,,,,21.182441920764703,,,,21.902444456314925,,"rgba(239, 83, 80, 0.5)"
2025-11-13 00:00:00+00:00,21.1588649526,21.3737749383,21.0514099598,21.1295590455,685681,0.0,0.0,0.0,0.0,0.0,0.0,0.0,0.0,,,,22.326765518027344,,,21.29555806859905,,22.454614036851485,,,,21.182788604875327,,,,21.899443406329254,,"rgba(239, 83, 80, 0.5)"
2025-11-14 00:00:00+00:00,20.9732608741,21.1393276812,20.7974254313,21.1295590455,715988,0.0,0.0,0.0,0.0,0.0,0.0,0.0,0.0,,,,22.320046911922432,,,21.281365421317734,,22.44177341763181,,,,21.176676796621074,,,,21.89534634702766,,"rgba(239, 83, 80, 0.5)"
2025-11-17 00:00:00+00:00,20.6899704384,21.0514099598,20.670433167,21.0025667812,1962082,0.0,0.0,0.0,0.0,0.0,0.0,0.0,0.0,,,,22.29974841500858,,,21.23041494148437,,22.403852230933726,,,,21.14947851667969,,,,21.88231961672276,,"rgba(239, 83, 80, 0.5)"
2025-11-18 00:00:00+00:00,21.0611785955,21.1002531384,20.6215899885,20.738813617,764194,0.0,0.0,0.0,0.0,0.0,0.0,0.0,0.0,,,,22.29263072907201,,,21.218333682609895,,22.390659396528523,,,,21.14334904249335,,,,21.877902259232204,,"rgba(239, 83, 80, 0.5)"
2025-11-19 00:00:00+00:00,20.9146490598,21.1393276812,20.8364999741,21.0416413241,677145,0.0,0.0,0.0,0.0,0.0,0.0,0.0,0.0,,,,22.28654913123401,,,21.209630113154223,,22.37944627585041,,,,21.139050202873072,,,,21.874168362302964,,"rgba(239, 83, 80, 0.5)"
2025-11-20 00:00:00+00:00,20.8267313384,21.1100217741,20.6215899885,20.9146490598,780887,0.0,0.0,0.0,0.0,0.0,0.0,0.0,0.0,,,,22.279023423988207,,,21.196108083611776,,22.365737940250682,,,,21.131371340407274,,,,21.869381201206462,,"rgba(239, 83, 80, 0.5)"
2025-11-21 00:00:00+00:00,21.0318726884,21.2760885812,20.8364999741,20.8364999741,716935,0.0,0.0,0.0,0.0,0.0,0.0,0.0,0.0,,,,22.27312026858572,,,21.191133868655715,,22.354964726563473,,,,21.129371187510518,,,,21.865862536925384,,"rgba(239, 83, 80, 0.5)"
2025-11-24 00:00:00+00:00,20.6411272599,21.0854048121,20.6118213527,20.9830295098,1004696,0.0,0.0,0.0,0.0,0.0,0.0,0.0,0.0,,,,22.263148496201886,,,21.17261048409236,,22.33711646423282,,,,21.117969092844966,,,,21.859378227992547,,"rgba(239, 83, 80, 0.5)"
2025-11-25 00:00:00+00:00,20.8560372455,20.9537236027,20.7143920277,20.7876567956,1008111,0.0,0.0,0.0,0.0,0.0,0.0,0.0,0.0,,,,22.2536878741445,,,21.15830249619245,,22.320305504542333,,,,21.10921229188989,,,,21.853317914476687,,"rgba(239, 83, 80, 0.5)"
2025-11-26 00:00:00+00:00,20.9048804241,21.0318726884,20.8511529277,20.943954967,616931,0.0,0.0,0.0,0.0,0.0,0.0,0.0,0.0,,,,22.248316690696964,,,21.152404737420166,,22.310803434060915,,,,21.10579275467443,,,,21.849963797096574,,"rgba(239, 83, 80, 0.5)"
2025-11-28 00:00:00+00:00,21.1100217741,21.1442119991,20.841384292,20.9927981455,403243,0.0,0.0,0.0,0.0,0.0,0.0,0.0,0.0,,,,22.245100601485092,,,21.15040932147548,,22.30511840753107,,,,21.10488568267335,,,,21.848027368306543,,#000000
2025-12-01 00:00:00+00:00,21.1490963169,21.2955281662,21.0123354169,21.0611785955,1046513,0.0,0.0,0.0,0.0,0.0,0.0,0.0,0.0,,,,22.237653675318747,,,21.150488029543563,,22.291971148983894,,,,21.106349660832517,,,,21.843779758839098,,#000000
2025-12-02 00:00:00+00:00,20.9244176955,21.1735179062,20.7192763456,21.1295590455,1493958,0.0,0.0,0.0,0.0,0.0,0.0,0.0,0.0,,,,22.225142359027245,,,21.138745635982374,,22.270297715223943,,,,21.099290511593836,,,,21.835962548130784,,#000000
2025-12-03 00:00:00+00:00,21.2370140383,21.3249317597,20.807194067,20.8853431527,1163453,0.0,0.0,0.0,0.0,0.0,0.0,0.0,0.0,,,,22.216934750269246,,,21.138094744299497,,22.256161078378526,,,,21.1000463927581,,,,21.83119737121062,,#000000
2025-12-04 00:00:00+00:00,21.5398417454,21.7398057184,21.2760885812,21.3053944883,1045186,0.0,0.0,0.0,0.0,0.0,0.0,0.0,0.0,,,,22.212293626882264,,,21.151757414449605,,22.248085719217425,,,,21.111677261122708,,,,21.829331419431565,,"rgba(38, 166, 154, 1.0)"
2025-12-05 00:00:00+00:00,21.4226181169,21.554494699,21.1979394955,21.5105358383,752606,0.0,0.0,0.0,0.0,0.0,0.0,0.0,0.0,,,,22.208385366209992,,,21.157804765840034,,22.241386988971076,,,,21.117170408865082,,,,21.82745849061801,,"rgba(38, 166, 154, 1.0)"
2025-12-08 00:00:00+00:00,21.0807158669,21.4421553883,21.0318726884,21.4226181169,649672,0.0,0.0,0.0,0.0,0.0,0.0,0.0,0.0,,,,22.204194854736645,,,21.158382054228476,,22.23430138206997,,,,21.11829853687899,,,,21.825093525084796,,"rgba(38, 166, 154, 1.0)"
2025-12-09 00:00:00+00:00,21.1100217741,21.2760885812,20.875574517,21.0807158669,692665,0.0,0.0,0.0,0.0,0.0,0.0,0.0,0.0,,,,22.19934007925068,,,21.156802471453744,,22.226157252886853,,,,21.117756515202643,,,,21.822209312493523,,#000000
2025-12-10 00:00:00+00:00,21.2174767669,21.3249317597,20.9927981455,21.1100217741,905007,0.0,0.0,0.0,0.0,0.0,0.0,0.0,0.0,,,,22.193575100933263,,,21.15741131329424,,22.21652712916101,,,,21.119108005725238,,,,21.81893799794522,,#000000
2025-12-11 00:00:00+00:00,21.5984535597,21.7205615061,21.2858572169,21.3347003954,790870,0.0,0.0,0.0,0.0,0.0,0.0,0.0,0.0,,,,22.190341048047447,,,21.166487653074494,,22.211096361529147,,,,21.127051760528403,,,,21.817682592003592,,"rgba(38, 166, 154, 1.0)"
2025-12-12 00:00:00+00:00,22.0087362596,22.028273531,21.6375281025,21.6863712811,1180969,0.0,0.0,0.0,0.0,0.0,0.0,0.0,0.0,,,,22.18816586295973,,,21.19161287904327,,22.207338574672608,,,,21.148253114782193,,,,21.81816676945826,,"rgba(38, 166, 154, 1.0)"
2025-12-15 00:00:00+00:00,22.096653981,22.1552657953,21.9012812668,22.1064226167,654182,0.0,0.0,0.0,0.0,0.0,0.0,0.0,0.0,,,,22.187615282730178,,,21.207800460818486,,22.20632730272069,,,,21.16191294976032,,,,21.819009767746028,,"rgba(38, 166, 154, 1.0)"
2025-12-16 00:00:00+00:00,22.1748030667,22.437481681,22.0771167096,22.0868853453,788228,0.0,0.0,0.0,0.0,0.0,0.0,0.0,0.0,,,,22.18781842664096,,,21.23047913716351,,22.20650891286328,22.229800485766667,,,21.181032596579737,,,,21.820793545292364,,"rgba(38, 166, 154, 1.0)"
2025-12-17 00:00:00+00:00,22.2627207881,22.3408698738,22.0917696631,22.1748030667,727302,0.0,0.0,0.0,0.0,0.0,0.0,0.0,0.0,,,,22.188012927404465,,,,,,22.23075370485964,,,21.19810923379677,,,,21.822433685844917,,"rgba(38, 166, 154, 1.0)"
2025-12-18 00:00:00+00:00,22.2822580595,22.3799444167,22.1845717024,22.2041089738,570493,0.0,0.0,0.0,0.0,0.0,0.0,0.0,0.0,,,,22.188338817585286,,,,,,22.244839299223106,,,21.211755829987517,,,,21.8238685691708,,"rgba(38, 166, 154, 1.0)"
2025-12-19 00:00:00+00:00,22.2529521524,22.3115639667,22.096653981,22.3115639667,1235382,0.0,0.0,0.0,0.0,0.0,0.0,0.0,0.0,,,,22.188577031947304,,,,,,22.235745502184727,,,21.238519196838244,,,,21.82653001387974,,"rgba(38, 166, 154, 1.0)"
2025-12-22 00:00:00+00:00,22.1748030667,22.3994816881,22.0673480739,22.1748030667,544576,0.0,0.0,0.0,0.0,0.0,0.0,0.0,0.0,,,,22.188659652967832,,,,,,22.232665112112876,,,21.249795796806204,,,,21.82767269688768,,"rgba(38, 166, 154, 1.0)"
2025-12-23 00:00:00+00:00,22.0087362596,22.2529521524,21.9208185382,22.2529521524,743023,0.0,0.0,0.0,0.0,0.0,0.0,0.0,0.0,,,,22.18809264970504,,,,,,22.20496428078837,,,21.262390923965874,,,,21.82860742149057,,"rgba(38, 166, 154, 0.75)"
2025-12-24 00:00:00+00:00,21.9403558096,22.0771167096,21.8231321811,22.0673480739,399755,0.0,0.0,0.0,0.0,0.0,0.0,0.0,0.0,,,,22.187518333806842,,,,,,22.18436532895012,,,21.26806241907466,,,,21.828861940919236,,"rgba(38, 166, 154, 0.75)"
2025-12-26 00:00:00+00:00,21.9208185382,22.0478108024,21.8866283132,21.9989676239,466068,0.0,0.0,0.0,0.0,0.0,0.0,0.0,0.0,,,,22.186865711529265,,,,,,22.164563174093104,,,21.274603927234434,,,,21.829169526376642,,"rgba(38, 166, 154, 0.75)"
2025-12-29 00:00:00+00:00,22.0868853453,22.1161912524,21.8377851346,21.8817439953,674657,0.0,0.0,0.0,0.0,0.0,0.0,0.0,0.0,,,,22.186174295907485,,,,,,22.14800333274143,,,21.284699542786843,,,,21.829835399254993,,"rgba(38, 166, 154, 0.75)"
2025-12-30 00:00:00+00:00,21.7742890025,22.0771167096,21.6863712811,22.0087362596,883646,0.0,0.0,0.0,0.0,0.0,0.0,0.0,0.0,,,,22.184404979273268,,,,,,22.110050142153565,,,21.294564831009072,,,,21.82991112090001,,"rgba(38, 166, 154, 0.75)"
2025-12-31 00:00:00+00:00,21.8133635453,21.891512631,21.7342375961,21.7645203668,734150,0.0,0.0,0.0,0.0,0.0,0.0,0.0,0.0,,,,22.182807457500573,,,,,,22.081977056097752,,,21.302027736590446,,,,21.82984540567945,,"rgba(38, 166, 154, 0.75)"
2026-01-02 00:00:00+00:00,21.6375281025,21.9208185382,21.5300731097,21.8329008168,1212617,0.0,0.0,0.0,0.0,0.0,0.0,0.0,0.0,,,,22.179373936072963,,,,,,22.029874824374623,,,21.311180155912407,,,,21.82899078803513,,#000000
2026-01-05 00:00:00+00:00,21.1979394955,21.7254458239,21.1784022241,21.6277594668,937800,0.0,0.0,0.0,0.0,0.0,0.0,0.0,0.0,,,,22.174966902093768,,,,,,21.967219368758222,,,21.312169615931314,,,,21.82671959450263,,"rgba(239, 83, 80, 0.5)"
2026-01-06 00:00:00+00:00,21.2174767669,21.3640063026,21.1100217741,21.1979394955,1081068,0.0,0.0,0.0,0.0,0.0,0.0,0.0,0.0,,,,22.169095372877408,,,,,,21.89480742167831,,,21.31054173550714,,,,21.823357887359037,,"rgba(239, 83, 80, 1.0)"
2026-01-07 00:00:00+00:00,21.2077081312,21.3542376669,21.0514099598,21.2370140383,641491,1.0,21.354239,21.05141,0.0,0.0,0.0,0.0,0.0,,,21.2044519193,22.165549930270846,,,,,,21.85676213800275,,,21.309301582789008,21.2044519193,,,21.821294092992883,,"rgba(239, 83, 80, 1.0)"
2026-01-08 00:00:00+00:00,21.9012812668,21.925702856,21.1686335883,21.1686335883,627889,0.0,0.0,0.0,0.0,0.0,0.0,0.0,0.0,,,21.43236031435186,22.163756414867223,,,,,,21.84695820656893,,,,21.43236031435186,,,21.820786297402552,,"rgba(239, 83, 80, 0.75)"
2026-01-09 00:00:00+00:00,21.959893081,22.0673480739,21.7060062389,21.9110499025,814156,0.0,0.0,0.0,0.0,0.0,0.0,0.0,0.0,,,21.61942428202865,22.16258743316342,,,,,,21.850948876820407,,,,21.61942428202865,,,21.8211655991073,,#000000
2026-01-12 00:00:00+00:00,22.2236462453,22.2578364703,21.7938262739,21.9794303525,951891,0.0,0.0,0.0,0.0,0.0,0.0,0.0,0.0,,,21.76754885138803,22.162206432034864,,,,,,21.867282922922666,,,,21.76754885138803,,,21.822488117324564,,"rgba(38, 166, 154, 1.0)"
2026-01-13 00:00:00+00:00,22.7023093952,22.7511525737,22.1172658024,22.2236462453,914325,0.0,0.0,0.0,0.0,0.0,0.0,0.0,0.0,,,21.942560966820242,22.164064280760723,,,,,,21.907425038558394,,,,21.942560966820242,,,21.825763930697708,,"rgba(38, 166, 154, 1.0)"
2026-01-14 00:00:00+00:00,22.9074507451,23.1321293665,22.5655484952,22.7023093952,622554,0.0,0.0,0.0,0.0,0.0,0.0,0.0,0.0,,,22.068617704511926,22.166521153861208,,,,,,21.94584525967043,,,,22.068617704511926,,,21.829070415389918,,"rgba(38, 166, 154, 1.0)"
2026-01-15 00:00:00+00:00,22.8683762023,23.0539802808,22.4825150916,22.9074507451,787029,0.0,0.0,0.0,0.0,0.0,0.0,0.0,0.0,,,22.176261115524152,22.169309613475956,,,,,,21.987018902981596,,,,22.176261115524152,,,21.83295400361901,,"rgba(38, 166, 154, 1.0)"
2026-01-16 00:00:00+00:00,22.9074507451,22.9855021445,22.65659218,22.7804584809,587139,0.0,0.0,0.0,0.0,0.0,0.0,0.0,0.0,,,22.2427693251117,22.17153140477213,,,,,,22.016915254548483,,,,22.2427693251117,,,21.83597433010715,,"rgba(38, 166, 154, 1.0)"
2026-01-20 00:00:00+00:00,22.8293016594,22.8927977915,22.5655484952,22.8683762023,521361,0.0,0.0,0.0,0.0,0.0,0.0,0.0,0.0,,,22.28466789171077,22.173239812247854,,,,,,22.039171705121703,,,,22.28466789171077,,,21.83841164891497,,"rgba(38, 166, 154, 1.0)"
2026-01-21 00:00:00+00:00,22.5753171309,23.317733445,22.5460112238,22.9562939237,724653,0.0,0.0,0.0,0.0,0.0,0.0,0.0,0.0,,,22.337900149456278,22.17580000214867,,,,,,22.069998164582618,,,,22.337900149456278,,,21.841961979305328,,"rgba(38, 166, 154, 1.0)"
2026-01-22 00:00:00+00:00,22.5655484952,22.8390702951,22.5508955416,22.6143916737,671199,0.0,0.0,0.0,0.0,0.0,0.0,0.0,0.0,,,22.36469608444251,22.177557914360232,,,,,,22.090702280354485,,,,22.36469608444251,,,21.844685403480458,,"rgba(38, 166, 154, 1.0)"
2026-01-23 00:00:00+00:00,22.2236462453,22.6339289452,22.2041089738,22.5850857666,549714,0.0,0.0,0.0,0.0,0.0,0.0,0.0,0.0,,,22.36399034600627,22.17808962142227,,,,,,22.098155367740777,,,,22.36399034600627,,,21.846083973049808,,"rgba(38, 166, 154, 0.75)"
2026-01-26 00:00:00+00:00,23.0051371022,23.1418980022,22.2920266952,22.2920266952,1595574,0.0,0.0,0.0,0.0,0.0,0.0,0.0,0.0,,,22.43557220111861,22.183598354091487,,,,,,22.152450612154695,,,,22.43557220111861,,,21.85373143674393,,"rgba(38, 166, 154, 0.75)"
2026-01-27 00:00:00+00:00,23.2298157236,23.3665766236,22.9172193808,22.9758311951,759465,0.0,0.0,0.0,0.0,0.0,0.0,0.0,0.0,,,22.487454046147167,22.18766007160263,,,,,,22.187995252490545,,,,22.487454046147167,,,21.858672494526882,,"rgba(38, 166, 154, 0.75)"
2026-01-28 00:00:00+00:00,23.1028234594,23.2884275379,23.0246743737,23.1614352736,680754,0.0,0.0,0.0,0.0,0.0,0.0,0.0,0.0,,,22.526172811992666,22.191152944119732,,,,,,22.21682444062398,,,,22.526172811992666,,,21.86296096917441,,"rgba(38, 166, 154, 0.75)"
2026-01-29 00:00:00+00:00,23.1809725451,23.3567103015,23.0197900558,23.2005098165,814815,0.0,0.0,0.0,0.0,0.0,0.0,0.0,0.0,,,22.569999747202232,22.195506598234484,,,,,,22.250765174479252,,,,22.569999747202232,,,21.868244800409883,,"rgba(38, 166, 154, 0.75)"
2026-01-30 00:00:00+00:00,23.3470393522,23.3665766236,22.946525288,23.1809725451,569114,0.0,0.0,0.0,0.0,0.0,0.0,0.0,0.0,,,22.598827573622415,22.198629210200604,,,,,,22.273911972873638,,,,22.598827573622415,,,21.87200557651944,,"rgba(38, 166, 154, 1.0)"
2026-02-02 00:00:00+00:00,23.6400984235,23.7182475092,23.3079648093,23.3665766236,971776,0.0,0.0,0.0,0.0,0.0,0.0,0.0,0.0,,,22.66616671158748,22.205653780934984,,,,,,22.32412048969551,,,,22.66616671158748,,,21.87996475817622,,"rgba(38, 166, 154, 1.0)"
2026-02-03 00:00:00+00:00,23.5424120664,24.167604752,23.4838002521,23.6010238807,734735,0.0,0.0,0.0,0.0,0.0,0.0,0.0,0.0,,,22.719989964377728,22.211602388644746,,,,,,22.364603987784076,,,,22.719989964377728,,,21.886559024082974,,"rgba(38, 166, 154, 1.0)"
2026-02-04 00:00:00+00:00,23.8647770449,24.0894556663,23.6010238807,23.6987102378,1255433,0.0,0.0,0.0,0.0,0.0,0.0,0.0,0.0,,,22.80994536978147,22.222457438782296,,,,,,22.434284761259,,,,22.80994536978147,,,21.898447350238488,,"rgba(38, 166, 154, 1.0)"
2026-02-05 00:00:00+00:00,24.0015379449,24.0943399841,23.7719750056,23.9820006735,1069808,0.0,0.0,0.0,0.0,0.0,0.0,0.0,0.0,,,22.882641192782295,22.23217909834785,,,,,,22.492708236878595,,,,22.882641192782295,,,21.908999363846174,,"rgba(38, 166, 154, 1.0)"
2026-02-06 00:00:00+00:00,23.9038515878,24.1969106591,23.8647770449,23.9820006735,904206,0.0,0.0,0.0,0.0,0.0,0.0,0.0,0.0,,,22.93891512227061,22.24046487331612,,,,,,22.5397230787125,,,,22.93891512227061,,,21.917974470396683,,"rgba(38, 166, 154, 1.0)"
2026-02-09 00:00:00+00:00,23.6205611521,23.9820006735,23.6107925164,23.9526947663,564592,0.0,0.0,0.0,0.0,0.0,0.0,0.0,0.0,,,22.963516598372706,22.244862623192667,,,,,,22.56278342072804,,,,22.963516598372706,,,21.922865524471565,,"rgba(38, 166, 154, 0.75)"
2026-02-10 00:00:00+00:00,23.7670906878,23.8012809128,23.5375277485,23.6205611521,708273,0.0,0.0,0.0,0.0,0.0,0.0,0.0,0.0,,,22.990983543796727,22.250211654771253,,,,,,22.589642058710314,,,,22.990983543796727,,,21.928843870789773,,"rgba(38, 166, 154, 0.75)"
2026-02-11 00:00:00+00:00,24.2262165663,24.235985202,23.6400984235,23.7182475092,714005,0.0,0.0,0.0,0.0,0.0,0.0,0.0,0.0,,,23.02868309118678,22.25678897037487,,,,,,22.623176760770942,,,,23.02868309118678,,,21.935951378050312,,"rgba(38, 166, 154, 0.75)"
2026-02-12 00:00:00+00:00,24.0210752163,24.2897126984,23.9429261306,24.1969106591,485474,0.0,0.0,0.0,0.0,0.0,0.0,0.0,0.0,,,23.05400770621752,22.261359671396697,,,,,,22.645886900371593,,,,23.05400770621752,,,21.940872236914277,,"rgba(38, 166, 154, 0.75)"
2026-02-13 00:00:00+00:00,24.5583501805,24.6364992662,24.0210752163,24.0796870306,902051,0.0,0.0,0.0,0.0,0.0,0.0,0.0,0.0,,,23.11165868000537,22.271275397904226,,,,,,22.695263910571168,,,,23.11165868000537,,,21.95131510417871,,"rgba(38, 166, 154, 0.75)"
2026-02-17 00:00:00+00:00,24.3629774662,24.9100210661,24.0699183949,24.5974247233,565775,0.0,0.0,0.0,0.0,0.0,0.0,0.0,0.0,,,23.1464762907933,22.277570406081374,,,,,,22.72557605186681,24.447638975733337,,,23.1464762907933,,,21.957932133973724,,"rgba(38, 166, 154, 0.75)"
2026-02-18 00:00:00+00:00,24.0601497592,24.3532088305,23.6498670592,24.3532088305,1200855,0.0,0.0,0.0,0.0,0.0,0.0,0.0,0.0,,,23.19231922546542,22.28820881666222,,,,,,,24.157685095557905,,,23.19231922546542,,,21.969474684406357,,"rgba(38, 166, 154, 0.75)"
2026-02-19 00:00:00+00:00,24.2262165663,24.2750597448,24.0406124877,24.0601497592,572459,0.0,0.0,0.0,0.0,0.0,0.0,0.0,0.0,,,23.216412299133765,22.29369744344019,,,,,,,24.1633004388986,,,23.216412299133765,,,21.975356192379568,,"rgba(38, 166, 154, 0.75)"
2026-02-20 00:00:00+00:00,24.4606638234,24.4997383662,24.0406124877,24.2652911091,823890,0.0,0.0,0.0,0.0,0.0,0.0,0.0,0.0,,,23.254282845525395,22.302177259722274,,,,,,,24.20767855908932,,,23.254282845525395,,,21.984349860416838,,"rgba(38, 166, 154, 0.75)"
2026-02-23 00:00:00+00:00,24.607193359,24.6511522197,24.3776304198,24.5095070019,791559,0.0,0.0,0.0,0.0,0.0,0.0,0.0,0.0,,,23.29500066089561,22.311100093435314,,,,,,,24.275263531740496,,,23.29500066089561,,,21.993698881254087,,"rgba(38, 166, 154, 0.75)"
2026-02-24 00:00:00+00:00,24.7927974376,24.8709465233,24.5925404055,24.6169619947,901991,0.0,0.0,0.0,0.0,0.0,0.0,0.0,0.0,,,23.34555010461774,22.322114636771392,,,,,,,24.36382421003282,,,23.34555010461774,,,22.005125911074835,,"rgba(38, 166, 154, 1.0)"
2026-02-25 00:00:00+00:00,23.962463402,24.7537228947,23.5033375236,24.7537228947,1364083,0.0,0.0,0.0,0.0,0.0,0.0,0.0,0.0,,,23.38182173968063,22.33398286032984,,,,,,,24.30008929411585,,,23.38182173968063,,,22.018001401562532,,"rgba(38, 166, 154, 0.5)"
2026-02-26 00:00:00+00:00,24.0699183949,24.2604067913,23.4447257093,24.0406124877,734580,0.0,0.0,0.0,0.0,0.0,0.0,0.0,0.0,,,23.396022425234033,22.339768884424426,,,,,,,24.260475631200507,,,23.396022425234033,,,22.024373785240236,,"rgba(38, 166, 154, 0.5)"
2026-02-27 00:00:00+00:00,24.304365652,24.4508951876,24.0830083667,24.0894556663,675326,0.0,0.0,0.0,0.0,0.0,0.0,0.0,0.0,,,23.41675584941541,22.3462321183189,,,,,,,24.262152541892785,,,23.41675584941541,,,22.031280093789,,"rgba(38, 166, 154, 0.5)"
2026-03-02 00:00:00+00:00,24.5778874519,24.6462679019,24.0699183949,24.2262165663,659859,0.0,0.0,0.0,0.0,0.0,0.0,0.0,0.0,,,23.43950157370806,22.35299892553381,,,,,,,24.275620166960614,,,23.43950157370806,,,22.038440790365126,,"rgba(38, 166, 154, 0.5)"
2026-03-03 00:00:00+00:00,23.7377847806,24.3922833734,23.7377847806,24.3141342877,1060923,0.0,0.0,0.0,0.0,0.0,0.0,0.0,0.0,,,23.45746901349387,22.361319333868806,,,,,,,24.239353081662582,,,23.45746901349387,,,22.04759502525253,,"rgba(38, 166, 154, 0.5)"
2026-03-04 00:00:00+00:00,24.2555224734,24.2945970162,23.6547513771,23.8843143163,957642,0.0,0.0,0.0,0.0,0.0,0.0,0.0,0.0,,,23.476066887521316,22.369279818057915,,,,,,,24.22346232245696,,,23.476066887521316,,,22.05626538353803,,"rgba(38, 166, 154, 0.5)"
2026-03-05 00:00:00+00:00,23.6987102378,24.1920263413,23.5424120664,24.1187615734,755415,0.0,0.0,0.0,0.0,0.0,0.0,0.0,0.0,,,23.483923700702235,22.374564233615363,,,,,,,24.195304988448424,,,23.483923700702235,,,22.062184745227427,,#000000
2026-03-06 00:00:00+00:00,23.7084788735,23.7377847806,23.2688902665,23.5424120664,855727,0.0,0.0,0.0,0.0,0.0,0.0,0.0,0.0,,,23.486195928184905,22.379514187882837,,,,,,,24.150538504796774,,,23.486195928184905,,,22.06793102955914,,#000000
2026-03-09 00:00:00+00:00,23.6889416021,23.7670906878,23.1223607308,23.5131061593,954977,0.0,0.0,0.0,0.0,0.0,0.0,0.0,0.0,,,23.487316995844758,22.38478075804914,,,,,,,24.104224565071057,,,23.487316995844758,,,22.074099509379312,,"rgba(239, 83, 80, 1.0)"
2026-03-10 00:00:00+00:00,23.2102784522,23.8257025021,23.1321293665,23.6400984235,870703,0.0,0.0,0.0,0.0,0.0,0.0,0.0,0.0,,,23.484872613278217,22.38897023997246,,,,,,,24.058943275412375,,,23.484872613278217,,,22.079152883989018,,"rgba(239, 83, 80, 1.0)"
2026-03-11 00:00:00+00:00,22.9660625594,23.1712039093,22.6143916737,23.1614352736,873136,0.0,0.0,0.0,0.0,0.0,0.0,0.0,0.0,,,23.47101339786163,22.3911701756067,,,,,,,23.990752082200416,,,23.47101339786163,,,22.082369407084464,,"rgba(239, 83, 80, 1.0)"
2026-03-12 00:00:00+00:00,22.8293016594,23.2395843593,22.7120780309,22.8293016594,1062177,0.0,0.0,0.0,0.0,0.0,0.0,0.0,0.0,,,23.45532138803701,22.393871076546215,,,,,,,23.91869671738217,,,23.45532138803701,,,22.08629459849945,,"rgba(239, 83, 80, 1.0)"
2026-03-13 00:00:00+00:00,22.878144838,23.249352995,22.8293016594,22.9562939237,664932,0.0,0.0,0.0,0.0,0.0,0.0,0.0,0.0,,,23.446990174778232,22.39573241877496,,,,,,,23.880739685853012,,,23.446990174778232,,,22.088903309802724,,"rgba(239, 83, 80, 1.0)"
2026-03-16 00:00:00+00:00,23.1418980022,23.386113895,22.8976821094,22.9855998308,982615,0.0,0.0,0.0,0.0,0.0,0.0,0.0,0.0,,,23.439197822783985,22.399184895822586,,,,,,,23.83884386533185,,,23.439197822783985,,,22.09339793536854,,"rgba(239, 83, 80, 1.0)"
2026-03-17 00:00:00+00:00,23.0930548236,23.4642629807,23.0442116451,23.3665766236,840061,0.0,0.0,0.0,0.0,0.0,0.0,0.0,0.0,,,23.434097302228146,22.40234220506318,,,,,,,23.809329371606864,,,23.434097302228146,,,22.097423291861446,,"rgba(239, 83, 80, 1.0)"
2026-03-18 00:00:00+00:00,23.0051371022,23.1418980022,22.7804584809,22.946525288,1991388,0.0,0.0,0.0,0.0,0.0,0.0,0.0,0.0,,,23.412002696591678,22.407649107122637,,,,,,,23.72699741443996,,,23.412002696591678,,,22.104929610232507,,"rgba(239, 83, 80, 1.0)"
2026-03-19 00:00:00+00:00,22.5753171309,23.1077077772,22.3408698738,23.0051371022,1040871,1.0,23.107708,22.34087,0.0,1.0,23.107708,22.34087,0.0,,22.67463159396667,23.393877328551202,22.40893422882748,,,,,,,23.675330985628023,,,23.393877328551202,22.67463159396667,,22.107462895069947,,"rgba(239, 83, 80, 1.0)"
2026-03-20 00:00:00+00:00,22.5850857666,22.8879134737,22.4776307738,22.6436975809,2523054,0.0,0.0,0.0,0.0,0.0,0.0,0.0,0.0,,22.657342512831224,23.352058330314037,22.41171693204654,,,,,,,23.566309074927542,,,,22.657342512831224,,22.11325061319255,,"rgba(239, 83, 80, 1.0)"
2026-03-23 00:00:00+00:00,22.9367566522,23.3470393522,22.6339289452,22.7706898451,1164589,0.0,0.0,0.0,0.0,0.0,0.0,0.0,0.0,,22.734981337086435,23.342457584596165,22.41468686346541,,,,,,,23.538527015939987,,,,22.734981337086435,,22.11745963033239,,"rgba(239, 83, 80, 1.0)"
2026-03-24 00:00:00+00:00,23.9136202235,24.8097948637,23.3958825307,24.1187615734,4809935,0.0,0.0,0.0,0.0,0.0,0.0,0.0,0.0,,23.392942479929026,23.408426816183407,22.44946758421573,,,,,,,23.61970702618323,,,,23.392942479929026,,22.15557627740226,,"rgba(239, 83, 80, 0.75)"
2026-03-25 00:00:00+00:00,24.4118206448,25.0614349197,23.9331574949,24.3825147377,6026215,0.0,0.0,0.0,0.0,0.0,0.0,0.0,0.0,,23.809486965452894,23.520792981422865,22.50220104533171,,,,,,,23.76293671736687,,,,23.809486965452894,,22.211649924335514,,#000000
2026-03-26 00:00:00+00:00,25.2323860446,25.4961392088,24.6120776769,24.6658051733,2897572,0.0,0.0,0.0,0.0,0.0,0.0,0.0,0.0,,24.014151832293717,23.598012458707696,22.534583531681363,,,,,,,23.864262968160702,,,,24.014151832293717,,22.245083084729764,,"rgba(38, 166, 154, 0.5)"
2026-03-27 00:00:00+00:00,26.0724887159,26.1164475766,25.2226174089,25.2323860446,1997962,0.0,0.0,0.0,0.0,0.0,0.0,0.0,0.0,,24.188918048907667,23.669367942544532,22.562301004688724,,,,,,,23.959664194075547,,,,24.188918048907667,,22.273131835114278,,"rgba(38, 166, 154, 1.0)"
2026-03-30 00:00:00+00:00,26.4632341444,26.5609205015,25.9454964516,26.1408691658,2434773,0.0,0.0,0.0,0.0,0.0,0.0,0.0,0.0,,24.415890755672752,23.77001699349303,22.60076054002799,,,,,,,24.093323670420972,,,,24.415890755672752,,22.311661733087202,,"rgba(38, 166, 154, 1.0)"
2026-03-31 00:00:00+00:00,27.322874087,27.3717172656,26.3337997212,26.5999950443,3277821,0.0,0.0,0.0,0.0,0.0,0.0,0.0,0.0,,24.740703936984143,23.927380689523066,22.66063062704003,,,,,,,24.2996261513763,,,,24.740703936984143,,22.371067458218782,,"rgba(38, 166, 154, 1.0)"
2026-04-01 00:00:00+00:00,27.9382981369,27.9578354083,27.1372700085,27.322874087,4588836,0.0,0.0,0.0,0.0,0.0,0.0,0.0,0.0,,25.178842568177775,24.16619318259158,22.754234995132954,,,,,,,24.604052180008082,,,,25.178842568177775,,22.46337922693103,,"rgba(38, 166, 154, 1.0)"
2026-04-02 00:00:00+00:00,27.7136195155,28.1825140297,27.6598920191,27.8308431441,2764582,0.0,0.0,0.0,0.0,0.0,0.0,0.0,0.0,,25.399272687698684,24.30236546053632,22.810896813973283,,,,,,,24.771306106644985,,,,25.399272687698684,,22.519265783009125,,"rgba(38, 166, 154, 1.0)"
2026-04-06 00:00:00+00:00,28.1532081226,28.1825140297,27.5084781656,27.7429254227,1818729,0.0,0.0,0.0,0.0,0.0,0.0,0.0,0.0,,25.53042486530745,24.388871311788712,22.84818818293528,,,,,,,24.875398810008285,,,,25.53042486530745,,22.556054818508944,,"rgba(38, 166, 154, 1.0)"
2026-04-07 00:00:00+00:00,28.0286580172,28.4385203526,27.8903912053,28.1570486283,2683893,0.0,0.0,0.0,0.0,0.0,0.0,0.0,0.0,,25.713127511644753,24.515071681785557,22.904054136170448,,,,,,,25.0250147563498,,,,25.713127511644753,,22.61113683096682,,"rgba(38, 166, 154, 1.0)"
2026-04-08 00:00:00+00:00,28.7990016837,28.9027017926,27.6533623849,27.8706388036,1582494,0.0,0.0,0.0,0.0,0.0,0.0,0.0,0.0,,25.82253451617771,24.592062132375215,22.938507623272823,,,,,,,25.11573859618859,,,,25.82253451617771,,22.645036299879905,,"rgba(38, 166, 154, 1.0)"
2026-04-09 00:00:00+00:00,29.2236783203,29.3816975339,28.3940774487,28.5916014658,1572723,0.0,0.0,0.0,0.0,0.0,0.0,0.0,0.0,,25.94386757031911,24.676101173807236,22.975689365127344,,,,,,,25.215317503630644,,,,25.94386757031911,,22.681482466010255,,"rgba(38, 166, 154, 1.0)"
2026-04-10 00:00:00+00:00,28.8582588888,29.4360166386,28.779249282,29.1347925126,1876504,0.0,0.0,0.0,0.0,0.0,0.0,0.0,0.0,,26.078116533520735,24.772822446431686,23.019639880744023,,,,,,,25.32838126401606,29.024508269800002,,,26.078116533520735,,22.724592979563244,29.024508269800002,"rgba(38, 166, 154, 1.0)"
2026-04-13 00:00:00+00:00,28.374325047,29.0854115084,28.1866772309,28.9471446964,1607790,0.0,0.0,0.0,0.0,0.0,0.0,0.0,0.0,,26.167046350305355,24.84343839076083,23.053848648903696,,,,,,,,28.804999924462326,,,26.167046350305355,,22.758312548678123,28.804999924462326,"rgba(38, 166, 154, 0.75)"
2026-04-14 00:00:00+00:00,28.443458453,28.6804872734,27.9990294147,28.1965534317,1651543,0.0,0.0,0.0,0.0,0.0,0.0,0.0,0.0,,26.245747227950655,24.909989207228598,23.087448522063042,,,,,,,,28.66650680657449,,,26.245747227950655,,22.791514098306493,28.66650680657449,"rgba(38, 166, 154, 0.75)"
2026-04-15 00:00:00+00:00,27.6829909874,28.4237060513,27.4755907695,28.374325047,1544404,0.0,0.0,0.0,0.0,0.0,0.0,0.0,0.0,,26.29785781404471,24.961097165952495,23.115471931317586,,,,,,,,28.48022691466803,,,26.29785781404471,,22.819384969932536,28.48022691466803,"rgba(38, 166, 154, 0.75)"
2026-04-16 00:00:00+00:00,28.2854392394,28.2953154402,27.6533623849,27.6829909874,1931378,0.0,0.0,0.0,0.0,0.0,0.0,0.0,0.0,,26.366904037505204,25.027178885700796,23.15164095791443,,,,,,,,28.390025891058986,,,26.366904037505204,,22.855294696433283,28.390025891058986,"rgba(38, 166, 154, 0.75)"
2026-04-17 00:00:00+00:00,28.64098247,28.8039397841,28.107667624,28.1866772309,1321041,0.0,0.0,0.0,0.0,0.0,0.0,0.0,0.0,,26.422484004878335,25.077069428883508,23.17825810352093,,,,,,,,28.406983896457465,,,26.422484004878335,,22.881618622667713,28.406983896457465,"rgba(38, 166, 154, 0.75)"
2026-04-20 00:00:00+00:00,28.2064296326,28.9668970981,28.1965534317,28.6804872734,2684996,0.0,0.0,0.0,0.0,0.0,0.0,0.0,0.0,,26.523998725567555,25.172480538458657,23.230943496264334,,,,,,,,28.417547727393135,,,26.523998725567555,,22.933804282861814,28.417547727393135,"rgba(38, 166, 154, 0.75)"
2026-04-21 00:00:00+00:00,28.64098247,28.8969735961,27.9507347925,28.4237060513,1004892,0.0,0.0,0.0,0.0,0.0,0.0,0.0,0.0,,26.56016006062412,25.207232431682367,23.25053956405484,,,,,,,,28.423351889278603,,,26.56016006062412,,22.953223282451738,28.423351889278603,"rgba(38, 166, 154, 0.75)"
2026-04-22 00:00:00+00:00,28.5224680598,28.907639893,28.4928394573,28.6508586709,1187309,0.0,0.0,0.0,0.0,0.0,0.0,0.0,0.0,,26.604282347326055,25.249134065433058,23.274139464129796,,,,,,,,28.440799373559198,,,26.604282347326055,,22.976587996346915,28.440799373559198,"rgba(38, 166, 154, 0.5)"
2026-04-23 00:00:00+00:00,28.9175160939,29.1496068139,28.6113538675,28.7397444786,1088834,-1.0,29.149607,28.611353,0.0,0.0,0.0,0.0,0.0,,26.6479355373274,25.289458538077657,23.296608177605243,,28.892825591766666,,,,,,28.471756734468702,,,26.6479355373274,,22.99879192345517,28.471756734468702,"rgba(38, 166, 154, 0.5)"
2026-04-24 00:00:00+00:00,28.9866494999,29.0310924037,28.7002396752,28.907639893,1330696,0.0,0.0,0.0,0.0,0.0,0.0,0.0,0.0,,26.699375572068973,25.337720216729583,23.323889071505704,,28.900067891441704,,,,,,28.505294643012036,,,26.699375572068973,,23.025762842924514,28.505294643012036,"rgba(38, 166, 154, 0.75)"
2026-04-27 00:00:00+00:00,28.374325047,28.9866494999,28.3644488462,28.9866494999,1593574,0.0,0.0,0.0,0.0,0.0,0.0,0.0,0.0,,26.749189272582647,25.388643534565492,23.354296343644766,,28.77104187136074,,,,,,28.511207928775207,,,26.749189272582647,,23.055940360497456,28.511207928775207,"rgba(38, 166, 154, 0.5)"
2026-04-28 00:00:00+00:00,26.5472278895,28.2014915321,25.4213409924,28.1866772309,4011427,0.0,0.0,0.0,0.0,0.0,0.0,0.0,0.0,,26.74757038846809,25.43947899334158,23.402698532611687,,27.74741163858368,,,,,,28.197126918911806,,,26.74757038846809,,23.10546496518948,28.197126918911806,#000000
2026-04-29 00:00:00+00:00,26.0929226503,26.9422759235,25.8904605328,26.4682182827,1555216,0.0,0.0,0.0,0.0,0.0,0.0,0.0,0.0,,26.737158175935694,25.452125262427117,23.41879423911651,,27.51382134426781,,,,,,28.076701006272458,,,26.737158175935694,,23.12214719486726,28.076701006272458,"rgba(239, 83, 80, 1.0)"
2026-04-30 00:00:00+00:00,25.9546558384,26.542289789,25.9299653362,26.1620560563,1490165,0.0,0.0,0.0,0.0,0.0,0.0,0.0,0.0,,26.723940446699256,25.46161593948374,23.433172615052168,,27.329195878579995,,,,,,27.96531781619629,,,26.723940446699256,,23.137143919621852,27.96531781619629,"rgba(239, 83, 80, 1.0)"
2026-05-01 00:00:00+00:00,25.9645320392,26.2767187481,25.8361414281,26.2311894622,1145788,0.0,0.0,0.0,0.0,0.0,0.0,0.0,0.0,,26.712213008788094,25.46751872215093,23.44365430168377,,27.206941866931583,,,,,,27.88308901281766,,,26.712213008788094,,23.148130874849723,27.88308901281766,"rgba(239, 83, 80, 1.0)"
2026-05-04 00:00:00+00:00,26.2805704665,26.3497038724,25.8657700307,25.9645320392,1446985,0.0,0.0,0.0,0.0,0.0,0.0,0.0,0.0,,26.700852916726273,25.476618824907444,23.45747973697232,,27.096628958211703,,,,,,27.795792792439325,,,26.700852916726273,,23.16255425950359,27.795792792439325,"rgba(239, 83, 80, 1.0)"
2026-05-05 00:00:00+00:00,26.1423036546,26.4879706844,26.1027988511,26.3003228682,993440,0.0,0.0,0.0,0.0,0.0,0.0,0.0,0.0,,26.694433944620396,25.48343149260336,23.467165261352175,,27.038859231976325,,,,,,27.743486453271785,,,26.694433944620396,,23.172635643052864,27.743486453271785,"rgba(239, 83, 80, 1.0)"
2026-05-06 00:00:00+00:00,25.846017629,26.5274754878,25.7867604239,26.2904466673,1313182,0.0,0.0,0.0,0.0,0.0,0.0,0.0,0.0,,26.682736707016005,25.490039749142976,23.478992104324252,,26.957824789533877,,,,,,27.671380281945865,,,26.682736707016005,,23.18503887902032,27.671380281945865,"rgba(239, 83, 80, 1.0)"
2026-05-07 00:00:00+00:00,25.7571318213,26.0336654452,25.5250411013,25.846017629,1230702,0.0,0.0,0.0,0.0,0.0,0.0,0.0,0.0,,26.66742243131669,25.493069883833353,23.488777174109348,,26.872972319564074,,,,,,27.59835162825593,,,26.66742243131669,,23.195435316210155,27.59835162825593,"rgba(239, 83, 80, 1.0)"
2026-05-08 00:00:00+00:00,25.6287412103,25.9349034367,25.3867742894,25.9349034367,1167931,0.0,0.0,0.0,0.0,0.0,0.0,0.0,0.0,,26.651444935258287,25.494655895308732,23.49749494028629,,26.795218135486202,,,,,,27.52977030655844,,,26.651444935258287,,23.20476171422013,27.52977030655844,"rgba(239, 83, 80, 1.0)"
2026-05-11 00:00:00+00:00,25.1250549668,25.6287412103,25.0065405566,25.6287412103,1111572,0.0,0.0,0.0,0.0,0.0,0.0,0.0,0.0,,26.63085520999028,25.49235987202751,23.504209945253034,,26.70723897022882,,,,,,27.455977789954115,,,26.63085520999028,,23.21214317838091,27.455977789954115,"rgba(239, 83, 80, 1.0)"
2026-05-12 00:00:00+00:00,25.2040645736,25.3028265822,24.9275309498,25.1645597702,1198572,0.0,0.0,0.0,0.0,0.0,0.0,0.0,0.0,,26.607624622999765,25.48882891380728,23.510947083832917,,26.61667512641682,,,,,,27.377920171611503,,,26.607624622999765,,23.21962257426181,27.377920171611503,"rgba(239, 83, 80, 1.0)"
2026-05-13 00:00:00+00:00,24.9176547489,25.1053025651,24.3280455581,25.1053025651,1714673,0.0,0.0,0.0,0.0,0.0,0.0,0.0,0.0,,26.56772638394233,25.478726826059116,23.51838035158147,,26.476316863558235,,,,,,27.25835075644854,,,26.56772638394233,24.783667624033335,23.228234073448462,27.25835075644854,"rgba(239, 83, 80, 1.0)"
2026-05-14 00:00:00+00:00,24.93,25.42,24.92,24.99,1263884,0.0,0.0,0.0,0.0,0.0,0.0,0.0,0.0,,26.54427802353066,25.47466490809127,23.525117164034256,,26.402251246939993,,,,,,27.187105803828647,,,,24.913652911763688,23.235759333545573,27.187105803828647,"rgba(239, 83, 80, 1.0)"
2026-05-15 00:00:00+00:00,25.01,25.49,24.98,25.0,1450084,0.0,0.0,0.0,0.0,0.0,0.0,0.0,0.0,,26.519527051944834,25.47093717143567,23.533118250051462,,26.330502794795493,,,,,,27.11346538811272,,,,24.994315121931113,23.24464177580196,27.11346538811272,"rgba(239, 83, 80, 1.0)"
2026-05-18 00:00:00+00:00,25.68,25.766,25.03,25.07,1247737,0.0,0.0,0.0,0.0,0.0,0.0,0.0,0.0,,26.50395803033153,25.47114971056294,23.541332641876764,,26.29080435732901,,,,,,27.064316940910967,,,,25.10371231794361,23.25353283752277,27.064316940910967,"rgba(239, 83, 80, 0.75)"
2026-05-19 00:00:00+00:00,26.07,26.12,25.41,25.63,1521715,0.0,0.0,0.0,0.0,0.0,0.0,0.0,0.0,,26.492395196568037,25.475957944335825,23.553164348747817,,26.26765137311793,,,,,,27.021621890181457,,,,25.265004909851925,23.26608050027315,27.021621890181457,"rgba(239, 83, 80, 0.75)"
2026-05-20 00:00:00+00:00,26.08,26.245,25.86,26.07,1067572,0.0,0.0,0.0,0.0,0.0,0.0,0.0,0.0,,26.486981417271632,25.48091105165977,23.562086978971315,,26.26005375661581,,,,,,26.998199333469714,,,,25.36789969025329,23.275466431394563,26.998199333469714,"rgba(239, 83, 80, 0.75)"
2026-05-21 00:00:00+00:00,26.16,26.49,25.7801,26.08,996893,0.0,0.0,0.0,0.0,0.0,0.0,0.0,0.0,,26.48299527726686,25.486101300343,23.57063222793368,,26.25616858464252,,,,,,26.97915649102661,,,,25.451360177142295,23.28442957698322,26.97915649102661,#000000
2026-05-22 00:00:00+00:00,26.34,26.42,26.0,26.16,712471,0.0,0.0,0.0,0.0,0.0,0.0,0.0,0.0,,26.481106839825564,25.490373501571344,23.576964422896527,,26.256102684832097,,,,,,26.96778178429309,,,,25.50864147592996,23.291046288431872,26.96778178429309,#000000
2026-05-26 00:00:00+00:00,26.245,26.459,25.94,26.32,1288140,0.0,0.0,0.0,0.0,0.0,0.0,0.0,0.0,,26.477203824825008,25.497592631289706,23.58817309607875,,26.254431636033868,,,,,,26.947031096071584,,,,25.589387781804938,23.30277948901487,26.947031096071584,#000000
2026-05-27 00:00:00+00:00,26.7,26.81,26.28,26.28,1567933,0.0,0.0,0.0,0.0,0.0,0.0,0.0,0.0,,26.4792965986925,25.510766843518812,23.603654181267103,,26.270445203128133,,,,,,26.935661914962385,,,,25.712475089799053,23.3187917377446,26.935661914962385,"rgba(38, 166, 154, 0.5)"
2026-05-28 00:00:00+00:00,26.4,26.7,26.31,26.64,995177,0.0,0.0,0.0,0.0,0.0,0.0,0.0,0.0,,26.479194367331623,25.518009587127764,23.6129853835569,,26.27620077508541,,,,,,26.926264706052937,,,,25.766999620047507,23.328484679868595,26.926264706052937,"rgba(38, 166, 154, 0.5)"
2026-05-29 00:00:00+00:00,25.83,26.41,25.825,26.4,977877,0.0,0.0,0.0,0.0,0.0,0.0,0.0,0.0,,26.474303411220035,25.521718849104666,23.620665808247978,,26.26918591214727,,,,,,26.908675747355094,,,,25.783821453561472,23.33660022041327,26.908675747355094,#000000
2026-06-01 00:00:00+00:00,26.03,26.15,25.7518,25.83,1255509,0.0,0.0,0.0,0.0,0.0,0.0,0.0,0.0,,26.46757394967729,25.525985969740223,23.630274254860808,,26.259209600316783,,,,,,26.885990067568414,,,,25.798944571388677,23.34677731702391,26.885990067568414,#000000
2026-06-02 00:00:00+00:00,25.8,26.23,25.8,26.1,1181601,0.0,0.0,0.0,0.0,0.0,0.0,0.0,0.0,,26.46097804125183,25.52963298729968,23.63911607334457,,26.249366612160504,,,,,,26.864866212247986,,,,25.808840010940656,23.356161288514222,26.864866212247986,#000000
2026-06-03 00:00:00+00:00,25.7,26.24,25.54,25.8,1024587,1.0,26.24,25.54,346.0,1.0,26.24,25.54,346.0,25.826666666666668,26.454132433980643,25.531866793355054,23.64634300303008,,26.23824568031805,,,,,,26.845077362407757,,,,25.80983996203576,23.363879095764183,26.845077362407757,"rgba(239, 83, 80, 1.0)"
2026-06-04 00:00:00+00:00,26.43,26.45,25.88,25.92,1668179,0.0,0.0,0.0,0.0,0.0,0.0,0.0,0.0,26.090988324520833,26.450665063769303,25.540593782515177,23.660290594127876,,26.238865419164444,,,,,,26.827266106163282,,,,25.84695369440249,23.37850135234597,26.827266106163282,#000000
2026-06-05 00:00:00+00:00,26.87,27.095,26.4,26.49,943282,-1.0,27.095,26.4,0.0,-1.0,27.095,26.4,0.0,26.27189710091836,26.453930247502967,25.549070167649123,23.669725107488908,26.78833333333333,26.251338003183808,,,,,,26.82661455967741,,,,25.8894872534882,23.38823082915543,26.82661455967741,"rgba(38, 166, 154, 0.5)"
2026-06-08 00:00:00+00:00,26.25,26.755,26.235,26.66,1330745,0.0,0.0,0.0,0.0,0.0,0.0,0.0,0.0,26.309791887172803,26.453383887129032,25.557274507549277,23.68134971270472,26.568885905928116,26.256364672885017,,,,,,26.817082323031002,,,,25.920877009410745,23.40035927618217,26.817082323031002,"rgba(38, 166, 154, 0.5)"
2026-06-09 00:00:00+00:00,26.67,26.995,26.04,26.12,1247474,0.0,0.0,0.0,0.0,0.0,0.0,0.0,0.0,26.36169241413884,26.454816025278046,25.566192417735493,23.692771013260735,26.568690159868382,26.26518273084578,,,,,,26.81181782339913,,,,25.95531173874429,23.41222117427558,26.81181782339913,"rgba(38, 166, 154, 0.5)"
2026-06-10 00:00:00+00:00,26.83,26.99,26.25,26.91,964135,0.0,0.0,0.0,0.0,0.0,0.0,0.0,0.0,26.405787581042873,26.45705903034844,25.5738015377765,23.70190734051467,26.5947642913216,26.27426480655093,,,,,,26.809857324071526,,,,25.98431863051553,23.421679267431614,26.809857324071526,"rgba(38, 166, 154, 0.5)"
2026-06-11 00:00:00+00:00,26.58,27.08,26.56,26.88,833786,0.0,0.0,0.0,0.0,0.0,0.0,0.0,0.0,26.44056729863719,26.45937358704855,25.580590386393368,23.70989512122342,26.617529076780645,26.282719204137294,,,,,,26.808898405383403,,,,26.00926874412522,23.42993920305053,26.808898405383403,"rgba(38, 166, 154, 0.5)"
2026-06-12 00:00:00+00:00,26.77,26.935,26.45,26.51,929749,0.0,0.0,0.0,0.0,0.0,0.0,0.0,0.0,26.469448366910505,26.461714427196,25.587928237379707,23.71868951542119,26.63252669114031,26.29136198428556,,,,,,26.807533053944915,,,,26.034447179809796,23.439041468458115,26.807533053944915,"rgba(38, 166, 154, 0.5)"
2026-06-15 00:00:00+00:00,25.93,26.8876,25.89,26.69,1381486,0.0,0.0,0.0,0.0,0.0,0.0,0.0,0.0,26.43819033856632,26.458721186023165,25.594078549779397,23.729575734828657,26.56071370432017,26.289772813523008,,,,,,26.795007817318062,,,,26.04454191373623,23.45049736764022,26.795007817318062,#000000
2026-06-16 00:00:00+00:00,25.95,26.115,25.44,26.08,2021020,0.0,0.0,0.0,0.0,0.0,0.0,0.0,0.0,,26.44685801748818,25.597378244488706,23.74281268669453,26.40875234975918,26.271487186897374,,,,,,26.765192446596487,,,,26.030227962412663,23.464700729938507,26.765192446596487,#000000
2026-06-17 00:00:00+00:00,25.03,26.03,24.67,25.68,1297286,0.0,0.0,0.0,0.0,0.0,0.0,0.0,0.0,,26.432341575285072,25.59429278143683,23.748843922767513,26.270667877819413,26.24561865144499,,,,,,26.735446195592754,,,,25.997173286667003,23.47147538799116,26.735446195592754,"rgba(239, 83, 80, 1.0)"
