date,Close,High,Low,Open,Volume,OB_c0,OB_High_c0,OB_Low_c0,OB_Mitigated_Index_c0,OB,OB_High,OB_Low,OB_Mitigated_Index,aVWAP_OB_bull_c0_442,aVWAP_OB_bull_c0_361,aVWAP_OB_bull_c0_318,aVWAP_OB_bull_c0_122,aVWAP_OB_bull_c0_111,aVWAP_OB_bear_c0_452,aVWAP_OB_bear_c0_281,aVWAP_OB_bear_c0_155,aVWAP_OB_bear_c0_136,aVWAP_QQEMOD_bull_dot_c0_274,aVWAP_QQEMOD_bull_dot_c0_347,aVWAP_QQEMOD_bull_dot_c0_413,aVWAP_QQEMOD_bull_dot_c0_439,aVWAP_QQEMOD_bull_dot_c0_452,aVWAP_QQEMOD_bear_dot_c0_301,aVWAP_QQEMOD_bear_dot_c0_361,aVWAP_QQEMOD_bear_dot_c0_424,aVWAP_QQEMOD_bear_dot_c0_445,aVWAP_QQEMOD_bear_dot_c0_457,aVWAP_price_maxima_minima_valley_c0_1,aVWAP_price_maxima_minima_peak_c0_1,color
2024-08-01 00:00:00+00:00,39.0,40.75,38.61,39.0,30461,0.0,0.0,0.0,0.0,0.0,0.0,0.0,0.0,,,,,,,,,,,,,,,,,,,,,,#000000
2024-08-02 00:00:00+00:00,37.82,39.0,34.89,38.0,98105,0.0,0.0,0.0,0.0,0.0,0.0,0.0,0.0,,,,,,,,,,,,,,,,,,,,,,"rgba(239, 83, 80, 0.5)"
2024-08-05 00:00:00+00:00,36.09,36.66,34.0,34.98,37903,0.0,0.0,0.0,0.0,0.0,0.0,0.0,0.0,,,,,,,,,,,,,,,,,,,,,,"rgba(239, 83, 80, 0.5)"
2024-08-06 00:00:00+00:00,36.01,37.0,35.0,36.11,13090,0.0,0.0,0.0,0.0,0.0,0.0,0.0,0.0,,,,,,,,,,,,,,,,,,,,,,"rgba(239, 83, 80, 0.5)"
2024-08-07 00:00:00+00:00,36.07,37.35,35.67,36.185,78304,0.0,0.0,0.0,0.0,0.0,0.0,0.0,0.0,,,,,,,,,,,,,,,,,,,,,,"rgba(239, 83, 80, 0.5)"
2024-08-08 00:00:00+00:00,37.0,37.02,35.79,35.79,14476,0.0,0.0,0.0,0.0,0.0,0.0,0.0,0.0,,,,,,,,,,,,,,,,,,,,,,"rgba(239, 83, 80, 0.5)"
2024-08-09 00:00:00+00:00,36.42,37.0,35.37,36.9,22624,0.0,0.0,0.0,0.0,0.0,0.0,0.0,0.0,,,,,,,,,,,,,,,,,,,,,,"rgba(239, 83, 80, 0.5)"
2024-08-12 00:00:00+00:00,34.84,36.38,34.84,36.38,85648,0.0,0.0,0.0,0.0,0.0,0.0,0.0,0.0,,,,,,,,,,,,,,,,,,,,,,"rgba(239, 83, 80, 0.5)"
2024-08-13 00:00:00+00:00,34.4,35.598,33.48,34.8,16461,0.0,0.0,0.0,0.0,0.0,0.0,0.0,0.0,,,,,,,,,,,,,,,,,,,,,,"rgba(239, 83, 80, 0.5)"
2024-08-14 00:00:00+00:00,34.76,35.46,33.4501,33.82,31595,0.0,0.0,0.0,0.0,0.0,0.0,0.0,0.0,,,,,,,,,,,,,,,,,,,,,,"rgba(239, 83, 80, 0.5)"
2024-08-15 00:00:00+00:00,34.78,35.46,34.36,34.7,17132,0.0,0.0,0.0,0.0,0.0,0.0,0.0,0.0,,,,,,,,,,,,,,,,,,,,,,"rgba(239, 83, 80, 0.5)"
2024-08-16 00:00:00+00:00,34.81,34.9946,34.54,34.92,26868,0.0,0.0,0.0,0.0,0.0,0.0,0.0,0.0,,,,,,,,,,,,,,,,,,,,,,"rgba(239, 83, 80, 0.5)"
2024-08-19 00:00:00+00:00,35.69,35.93,34.71,34.7117,9605,0.0,0.0,0.0,0.0,0.0,0.0,0.0,0.0,,,,,,,,,,,,,,,,,,,,,,"rgba(239, 83, 80, 0.5)"
2024-08-20 00:00:00+00:00,36.15,36.49,35.56,35.99,34661,0.0,0.0,0.0,0.0,0.0,0.0,0.0,0.0,,,,,,,,,,,,,,,,,,,,,,"rgba(239, 83, 80, 0.5)"
2024-08-21 00:00:00+00:00,35.73,36.5,35.56,36.5,18054,0.0,0.0,0.0,0.0,0.0,0.0,0.0,0.0,,,,,,,,,,,,,,,,,,,,,,"rgba(239, 83, 80, 0.5)"
2024-08-22 00:00:00+00:00,36.37,36.735,35.28,35.28,44829,0.0,0.0,0.0,0.0,0.0,0.0,0.0,0.0,,,,,,,,,,,,,,,,,,,,,,"rgba(239, 83, 80, 0.5)"
2024-08-23 00:00:00+00:00,36.93,37.62,36.04,36.66,31151,0.0,0.0,0.0,0.0,0.0,0.0,0.0,0.0,,,,,,,,,,,,,,,,,,,,,,#000000
2024-08-26 00:00:00+00:00,36.89,37.045,36.75,37.0,45803,0.0,0.0,0.0,0.0,0.0,0.0,0.0,0.0,,,,,,,,,,,,,,,,,,,,,,#000000
2024-08-27 00:00:00+00:00,36.54,36.99,35.61,36.95,17214,0.0,0.0,0.0,0.0,0.0,0.0,0.0,0.0,,,,,,,,,,,,,,,,,,,,,,#000000
2024-08-28 00:00:00+00:00,36.44,36.44,36.1388,36.36,12036,0.0,0.0,0.0,0.0,0.0,0.0,0.0,0.0,,,,,,,,,,,,,,,,,,,,,,#000000
2024-08-29 00:00:00+00:00,36.67,36.91,36.01,36.2,35246,0.0,0.0,0.0,0.0,0.0,0.0,0.0,0.0,,,,,,,,,,,,,,,,,,,,,,#000000
2024-08-30 00:00:00+00:00,36.9,36.9,36.18,36.78,32966,0.0,0.0,0.0,0.0,0.0,0.0,0.0,0.0,,,,,,,,,,,,,,,,,,,,,,"rgba(38, 166, 154, 0.5)"
2024-09-03 00:00:00+00:00,36.93,37.71,36.3,36.3,47247,0.0,0.0,0.0,0.0,0.0,0.0,0.0,0.0,,,,,,,,,,,,,,,,,,,,,,"rgba(38, 166, 154, 0.5)"
2024-09-04 00:00:00+00:00,37.02,37.67,36.75,37.2,61359,0.0,0.0,0.0,0.0,0.0,0.0,0.0,0.0,,,,,,,,,,,,,,,,,,,,,,"rgba(38, 166, 154, 0.5)"
2024-09-05 00:00:00+00:00,36.98,37.36,36.3,36.87,74507,0.0,0.0,0.0,0.0,0.0,0.0,0.0,0.0,,,,,,,,,,,,,,,,,,,,,,"rgba(38, 166, 154, 0.5)"
2024-09-06 00:00:00+00:00,36.66,37.17,36.18,36.68,35503,0.0,0.0,0.0,0.0,0.0,0.0,0.0,0.0,,,,,,,,,,,,,,,,,,,,,,"rgba(38, 166, 154, 0.5)"
2024-09-09 00:00:00+00:00,38.08,39.18,36.99,37.05,65400,0.0,0.0,0.0,0.0,0.0,0.0,0.0,0.0,,,,,,,,,,,,,,,,,,,,,,"rgba(38, 166, 154, 0.5)"
2024-09-10 00:00:00+00:00,37.56,38.21,37.09,37.78,55402,0.0,0.0,0.0,0.0,0.0,0.0,0.0,0.0,,,,,,,,,,,,,,,,,,,,,,"rgba(38, 166, 154, 0.5)"
2024-09-11 00:00:00+00:00,37.22,38.04,36.375,37.75,54132,0.0,0.0,0.0,0.0,0.0,0.0,0.0,0.0,,,,,,,,,,,,,,,,,,,,,,"rgba(38, 166, 154, 0.5)"
2024-09-12 00:00:00+00:00,36.98,37.52,36.64,37.4,72638,0.0,0.0,0.0,0.0,0.0,0.0,0.0,0.0,,,,,,,,,,,,,,,,,,,,,,"rgba(38, 166, 154, 0.5)"
2024-09-13 00:00:00+00:00,34.59,37.1,33.77,36.83,86918,0.0,0.0,0.0,0.0,0.0,0.0,0.0,0.0,,,,,,,,,,,,,,,,,,,,,,"rgba(239, 83, 80, 0.5)"
2024-09-16 00:00:00+00:00,35.97,36.21,34.6,34.6,40698,0.0,0.0,0.0,0.0,0.0,0.0,0.0,0.0,,,,,,,,,,,,,,,,,,,,,,"rgba(239, 83, 80, 0.5)"
2024-09-17 00:00:00+00:00,36.78,37.79,35.62,36.39,83193,0.0,0.0,0.0,0.0,0.0,0.0,0.0,0.0,,,,,,,,,,,,,,,,,,,,,,#000000
2024-09-18 00:00:00+00:00,37.0,37.51,36.24,36.31,172906,0.0,0.0,0.0,0.0,0.0,0.0,0.0,0.0,,,,,,,,,,,,,,,,,,,,,,#000000
2024-09-19 00:00:00+00:00,36.39,37.93,35.8,37.425,137205,0.0,0.0,0.0,0.0,0.0,0.0,0.0,0.0,,,,,,,,,,,,,,,,,,,,,,#000000
2024-09-20 00:00:00+00:00,35.91,37.27,35.6,35.88,782849,0.0,0.0,0.0,0.0,0.0,0.0,0.0,0.0,,,,,,,,,,,,,,,,,,,,,,#000000
2024-09-23 00:00:00+00:00,35.78,36.95,34.94,36.46,137711,0.0,0.0,0.0,0.0,0.0,0.0,0.0,0.0,,,,,,,,,,,,,,,,,,,,,,"rgba(239, 83, 80, 0.5)"
2024-09-24 00:00:00+00:00,35.82,36.4,35.71,36.0,107369,0.0,0.0,0.0,0.0,0.0,0.0,0.0,0.0,,,,,,,,,,,,,,,,,,,,,,"rgba(239, 83, 80, 0.5)"
2024-09-25 00:00:00+00:00,34.38,36.56,34.1,35.45,62243,0.0,0.0,0.0,0.0,0.0,0.0,0.0,0.0,,,,,,,,,,,,,,,,,,,,,,"rgba(239, 83, 80, 0.5)"
2024-09-26 00:00:00+00:00,33.61,35.04,33.13,34.61,52874,0.0,0.0,0.0,0.0,0.0,0.0,0.0,0.0,,,,,,,,,,,,,,,,,,,,,,"rgba(239, 83, 80, 0.5)"
2024-09-27 00:00:00+00:00,34.59,35.33,33.69,34.04,44945,0.0,0.0,0.0,0.0,0.0,0.0,0.0,0.0,,,,,,,,,,,,,,,,,,,,,,"rgba(239, 83, 80, 0.5)"
2024-09-30 00:00:00+00:00,35.03,35.85,34.0,34.55,58107,0.0,0.0,0.0,0.0,0.0,0.0,0.0,0.0,,,,,,,,,,,,,,,,,,,,,,"rgba(239, 83, 80, 0.5)"
2024-10-01 00:00:00+00:00,34.45,35.2,34.26,34.5,23265,0.0,0.0,0.0,0.0,0.0,0.0,0.0,0.0,,,,,,,,,,,,,,,,,,,,,,"rgba(239, 83, 80, 0.5)"
2024-10-02 00:00:00+00:00,37.75,38.05,35.49,35.84,126925,0.0,0.0,0.0,0.0,0.0,0.0,0.0,0.0,,,,,,,,,,,,,,,,,,,,,,#000000
2024-10-03 00:00:00+00:00,37.99,38.8,37.1,37.1,134577,0.0,0.0,0.0,0.0,0.0,0.0,0.0,0.0,,,,,,,,,,,,,,,,,,,,,,"rgba(38, 166, 154, 0.5)"
2024-10-04 00:00:00+00:00,37.12,38.5999,37.0,38.49,77241,0.0,0.0,0.0,0.0,0.0,0.0,0.0,0.0,,,,,,,,,,,,,,,,,,,,,,"rgba(38, 166, 154, 0.5)"
2024-10-07 00:00:00+00:00,35.03,36.99,34.93,36.65,52102,0.0,0.0,0.0,0.0,0.0,0.0,0.0,0.0,,,,,,,,,,,,,,,,,,,,,,#000000
2024-10-08 00:00:00+00:00,35.16,35.415,34.14,34.67,64048,0.0,0.0,0.0,0.0,0.0,0.0,0.0,0.0,,,,,,,,,,,,,,,,,,,,,,#000000
2024-10-09 00:00:00+00:00,35.88,36.23,35.14,35.16,112622,0.0,0.0,0.0,0.0,0.0,0.0,0.0,0.0,,,,,,,,,,,,,,,,,,,,,,#000000
2024-10-10 00:00:00+00:00,35.91,37.02,35.56,35.74,69709,0.0,0.0,0.0,0.0,0.0,0.0,0.0,0.0,,,,,,,,,,,,,,,,,,,,,,#000000
2024-10-11 00:00:00+00:00,36.15,36.87,35.7,36.25,61849,0.0,0.0,0.0,0.0,0.0,0.0,0.0,0.0,,,,,,,,,,,,,,,,,,,,,,#000000
2024-10-14 00:00:00+00:00,35.85,36.45,35.78,36.17,40495,0.0,0.0,0.0,0.0,0.0,0.0,0.0,0.0,,,,,,,,,,,,,,,,,,,,,,#000000
2024-10-15 00:00:00+00:00,35.09,36.3694,35.0,36.24,57888,0.0,0.0,0.0,0.0,0.0,0.0,0.0,0.0,,,,,,,,,,,,,,,,,,,,,,#000000
2024-10-16 00:00:00+00:00,35.48,36.14,35.16,35.27,88440,0.0,0.0,0.0,0.0,0.0,0.0,0.0,0.0,,,,,,,,,,,,,,,,,,,,,,#000000
2024-10-17 00:00:00+00:00,35.73,36.2675,34.7,35.77,71623,0.0,0.0,0.0,0.0,0.0,0.0,0.0,0.0,,,,,,,,,,,,,,,,,,,,,,#000000
2024-10-18 00:00:00+00:00,35.74,36.01,35.27,35.89,75177,0.0,0.0,0.0,0.0,0.0,0.0,0.0,0.0,,,,,,,,,,,,,,,,,,,,,,#000000
2024-10-21 00:00:00+00:00,35.97,36.29,35.505,35.6102,99562,0.0,0.0,0.0,0.0,0.0,0.0,0.0,0.0,,,,,,,,,,,,,,,,,,,,,,#000000
2024-10-22 00:00:00+00:00,35.47,36.335,35.19,35.95,47867,0.0,0.0,0.0,0.0,0.0,0.0,0.0,0.0,,,,,,,,,,,,,,,,,,,,,,#000000
2024-10-23 00:00:00+00:00,35.16,35.78,34.5,35.46,72465,0.0,0.0,0.0,0.0,0.0,0.0,0.0,0.0,,,,,,,,,,,,,,,,,,,,,,"rgba(239, 83, 80, 0.5)"
2024-10-24 00:00:00+00:00,34.76,35.47,34.51,35.46,38494,0.0,0.0,0.0,0.0,0.0,0.0,0.0,0.0,,,,,,,,,,,,,,,,,,,,,,"rgba(239, 83, 80, 0.5)"
2024-10-25 00:00:00+00:00,34.92,35.88,34.76,35.1,42258,0.0,0.0,0.0,0.0,0.0,0.0,0.0,0.0,,,,,,,,,,,,,,,,,,,,,,"rgba(239, 83, 80, 0.5)"
2024-10-28 00:00:00+00:00,35.0,35.23,34.0,35.07,65553,0.0,0.0,0.0,0.0,0.0,0.0,0.0,0.0,,,,,,,,,,,,,,,,,,,,,,"rgba(239, 83, 80, 0.5)"
2024-10-29 00:00:00+00:00,34.41,35.9937,34.25,34.44,37781,0.0,0.0,0.0,0.0,0.0,0.0,0.0,0.0,,,,,,,,,,,,,,,,,,,,,,"rgba(239, 83, 80, 1.0)"
2024-10-30 00:00:00+00:00,35.21,35.41,34.0,34.0,80869,0.0,0.0,0.0,0.0,0.0,0.0,0.0,0.0,,,,,,,,,,,,,,,,,,,,,,"rgba(239, 83, 80, 0.75)"
2024-10-31 00:00:00+00:00,34.92,35.7828,34.63,35.48,49090,0.0,0.0,0.0,0.0,0.0,0.0,0.0,0.0,,,,,,,,,,,,,,,,,,,,,,"rgba(239, 83, 80, 0.75)"
2024-11-01 00:00:00+00:00,33.48,35.0,33.29,35.0,63974,0.0,0.0,0.0,0.0,0.0,0.0,0.0,0.0,,,,,,,,,,,,,,,,,,,,,,"rgba(239, 83, 80, 1.0)"
2024-11-04 00:00:00+00:00,32.88,33.618,31.81,33.0,96255,0.0,0.0,0.0,0.0,0.0,0.0,0.0,0.0,,,,,,,,,,,,,,,,,,,,,,"rgba(239, 83, 80, 1.0)"
2024-11-05 00:00:00+00:00,34.67,34.94,33.08,33.26,50921,0.0,0.0,0.0,0.0,0.0,0.0,0.0,0.0,,,,,,,,,,,,,,,,,,,,,,"rgba(239, 83, 80, 0.75)"
2024-11-06 00:00:00+00:00,35.64,35.98,35.01,35.11,57906,0.0,0.0,0.0,0.0,0.0,0.0,0.0,0.0,,,,,,,,,,,,,,,,,,,,,,"rgba(239, 83, 80, 0.75)"
2024-11-07 00:00:00+00:00,35.8,36.51,35.33,35.33,64323,0.0,0.0,0.0,0.0,0.0,0.0,0.0,0.0,,,,,,,,,,,,,,,,,,,,,,#000000
2024-11-08 00:00:00+00:00,35.86,36.14,35.46,35.59,79784,0.0,0.0,0.0,0.0,0.0,0.0,0.0,0.0,,,,,,,,,,,,,,,,,,,,,,#000000
2024-11-11 00:00:00+00:00,36.0,36.3,35.6,36.1516,72557,0.0,0.0,0.0,0.0,0.0,0.0,0.0,0.0,,,,,,,,,,,,,,,,,,,,,,"rgba(38, 166, 154, 1.0)"
2024-11-12 00:00:00+00:00,35.73,38.01,35.35,36.75,53204,0.0,0.0,0.0,0.0,0.0,0.0,0.0,0.0,,,,,,,,,,,,,,,,,,,,,,"rgba(38, 166, 154, 1.0)"
2024-11-13 00:00:00+00:00,35.02,35.8,34.7,35.71,33562,0.0,0.0,0.0,0.0,0.0,0.0,0.0,0.0,,,,,,,,,,,,,,,,,,,,,,#000000
2024-11-14 00:00:00+00:00,35.34,35.96,35.18,35.18,23568,0.0,0.0,0.0,0.0,0.0,0.0,0.0,0.0,,,,,,,,,,,,,,,,,,,,,,#000000
2024-11-15 00:00:00+00:00,35.54,35.73,35.16,35.61,33266,0.0,0.0,0.0,0.0,0.0,0.0,0.0,0.0,,,,,,,,,,,,,,,,,,,,,,#000000
2024-11-18 00:00:00+00:00,36.14,36.14,35.34,35.54,37466,0.0,0.0,0.0,0.0,0.0,0.0,0.0,0.0,,,,,,,,,,,,,,,,,,,,,,"rgba(38, 166, 154, 1.0)"
2024-11-19 00:00:00+00:00,36.0,36.11,35.4,35.91,60998,0.0,0.0,0.0,0.0,0.0,0.0,0.0,0.0,,,,,,,,,,,,,,,,,,,,,,"rgba(38, 166, 154, 1.0)"
2024-11-20 00:00:00+00:00,36.0,36.14,35.69,35.82,38875,0.0,0.0,0.0,0.0,0.0,0.0,0.0,0.0,,,,,,,,,,,,,,,,,,,,,,"rgba(38, 166, 154, 1.0)"
2024-11-21 00:00:00+00:00,36.0,36.53,35.75,35.75,83099,0.0,0.0,0.0,0.0,0.0,0.0,0.0,0.0,,,,,,,,,,,,,,,,,,,,,,"rgba(38, 166, 154, 1.0)"
2024-11-22 00:00:00+00:00,37.35,38.7418,35.74,35.74,86883,0.0,0.0,0.0,0.0,0.0,0.0,0.0,0.0,,,,,,,,,,,,,,,,,,,,,,"rgba(38, 166, 154, 1.0)"
2024-11-25 00:00:00+00:00,37.36,38.1099,36.86,37.16,45794,0.0,0.0,0.0,0.0,0.0,0.0,0.0,0.0,,,,,,,,,,,,,,,,,,,,,,"rgba(38, 166, 154, 1.0)"
2024-11-26 00:00:00+00:00,37.13,38.115,36.88,37.07,42926,0.0,0.0,0.0,0.0,0.0,0.0,0.0,0.0,,,,,,,,,,,,,,,,,,,,,,"rgba(38, 166, 154, 1.0)"
2024-11-27 00:00:00+00:00,37.46,37.59,36.85,36.85,30613,0.0,0.0,0.0,0.0,0.0,0.0,0.0,0.0,,,,,,,,,,,,,,,,,,,,,,"rgba(38, 166, 154, 1.0)"
2024-11-29 00:00:00+00:00,37.79,38.16,37.2,37.2,47161,0.0,0.0,0.0,0.0,0.0,0.0,0.0,0.0,,,,,,,,,,,,,,,,,,,,,,"rgba(38, 166, 154, 1.0)"
2024-12-02 00:00:00+00:00,37.88,38.2703,37.54,38.01,62242,0.0,0.0,0.0,0.0,0.0,0.0,0.0,0.0,,,,,,,,,,,,,,,,,,,,,,"rgba(38, 166, 154, 1.0)"
2024-12-03 00:00:00+00:00,38.01,38.1,37.43,37.98,88992,0.0,0.0,0.0,0.0,0.0,0.0,0.0,0.0,,,,,,,,,,,,,,,,,,,,,,"rgba(38, 166, 154, 1.0)"
2024-12-04 00:00:00+00:00,37.3,38.4,37.01,38.4,47273,0.0,0.0,0.0,0.0,0.0,0.0,0.0,0.0,,,,,,,,,,,,,,,,,,,,,,"rgba(38, 166, 154, 0.75)"
2024-12-05 00:00:00+00:00,37.95,38.11,36.9,37.62,160821,0.0,0.0,0.0,0.0,0.0,0.0,0.0,0.0,,,,,,,,,,,,,,,,,,,,,,"rgba(38, 166, 154, 0.75)"
2024-12-06 00:00:00+00:00,37.81,38.14,37.09,38.14,96720,0.0,0.0,0.0,0.0,0.0,0.0,0.0,0.0,,,,,,,,,,,,,,,,,,,,,,"rgba(38, 166, 154, 0.75)"
2024-12-09 00:00:00+00:00,37.39,38.09,36.43,38.0,129292,0.0,0.0,0.0,0.0,0.0,0.0,0.0,0.0,,,,,,,,,,,,,,,,,,,,,,"rgba(38, 166, 154, 0.75)"
2024-12-10 00:00:00+00:00,37.47,38.09,36.5,36.99,80339,0.0,0.0,0.0,0.0,0.0,0.0,0.0,0.0,,,,,,,,,,,,,,,,,,,,,,"rgba(38, 166, 154, 0.75)"
2024-12-11 00:00:00+00:00,36.58,38.005,36.56,37.78,77008,0.0,0.0,0.0,0.0,0.0,0.0,0.0,0.0,,,,,,,,,,,,,,,,,,,,,,"rgba(38, 166, 154, 0.75)"
2024-12-12 00:00:00+00:00,36.29,36.67,35.88,36.6,170280,0.0,0.0,0.0,0.0,0.0,0.0,0.0,0.0,,,,,,,,,,,,,,,,,,,,,,#000000
2024-12-13 00:00:00+00:00,35.91,36.51,35.425,36.37,76944,0.0,0.0,0.0,0.0,0.0,0.0,0.0,0.0,,,,,,,,,,,,,,,,,,,,,,"rgba(239, 83, 80, 1.0)"
2024-12-16 00:00:00+00:00,35.3,35.6,34.82,35.6,81852,0.0,0.0,0.0,0.0,0.0,0.0,0.0,0.0,,,,,,,,,,,,,,,,,,,,,,"rgba(239, 83, 80, 1.0)"
2024-12-17 00:00:00+00:00,35.5,35.5,34.3,34.86,55642,0.0,0.0,0.0,0.0,0.0,0.0,0.0,0.0,,,,,,,,,,,,,,,,,,,,,,"rgba(239, 83, 80, 1.0)"
2024-12-18 00:00:00+00:00,34.81,35.6369,34.595,35.16,81241,0.0,0.0,0.0,0.0,0.0,0.0,0.0,0.0,,,,,,,,,,,,,,,,,,,,,,"rgba(239, 83, 80, 1.0)"
2024-12-19 00:00:00+00:00,34.54,35.17,34.23,34.98,63223,0.0,0.0,0.0,0.0,0.0,0.0,0.0,0.0,,,,,,,,,,,,,,,,,,,,,,"rgba(239, 83, 80, 1.0)"
2024-12-20 00:00:00+00:00,34.94,35.33,34.49,34.49,116152,0.0,0.0,0.0,0.0,0.0,0.0,0.0,0.0,,,,,,,,,,,,,,,,,,,,,,"rgba(239, 83, 80, 1.0)"
2024-12-23 00:00:00+00:00,35.0,35.21,34.5,35.0,65474,0.0,0.0,0.0,0.0,0.0,0.0,0.0,0.0,,,,,,,,,,,,,,,,,,,,,,"rgba(239, 83, 80, 1.0)"
2024-12-24 00:00:00+00:00,35.2,35.75,35.04,35.1,71053,0.0,0.0,0.0,0.0,0.0,0.0,0.0,0.0,,,,,,,,,,,,,,,,,,,,,,"rgba(239, 83, 80, 1.0)"
2024-12-26 00:00:00+00:00,36.34,36.45,35.02,35.13,58296,0.0,0.0,0.0,0.0,0.0,0.0,0.0,0.0,,,,,,,,,,,,,,,,,,,,,,"rgba(239, 83, 80, 0.75)"
2024-12-27 00:00:00+00:00,36.48,37.0,36.06,36.06,24355,0.0,0.0,0.0,0.0,0.0,0.0,0.0,0.0,,,,,,,,,,,,,,,,,,,,,,#000000
2024-12-30 00:00:00+00:00,36.81,36.97,35.7101,36.25,48184,0.0,0.0,0.0,0.0,0.0,0.0,0.0,0.0,,,,,,,,,,,,,,,,,,,,,,#000000
2024-12-31 00:00:00+00:00,37.78,38.01,36.71,36.71,52120,0.0,0.0,0.0,0.0,0.0,0.0,0.0,0.0,,,,,,,,,,,,,,,,,,,,,,"rgba(38, 166, 154, 1.0)"
2025-01-02 00:00:00+00:00,37.81,38.19,36.95,37.8,46724,0.0,0.0,0.0,0.0,0.0,0.0,0.0,0.0,,,,,,,,,,,,,,,,,,,,,,"rgba(38, 166, 154, 1.0)"
2025-01-03 00:00:00+00:00,38.0,38.04,37.55,37.55,73784,0.0,0.0,0.0,0.0,0.0,0.0,0.0,0.0,,,,,,,,,,,,,,,,,,,,,,"rgba(38, 166, 154, 1.0)"
2025-01-06 00:00:00+00:00,37.87,38.1,37.47,37.87,79533,0.0,0.0,0.0,0.0,0.0,0.0,0.0,0.0,,,,,,,,,,,,,,,,,,,,,,"rgba(38, 166, 154, 1.0)"
2025-01-07 00:00:00+00:00,37.73,37.99,37.13,37.99,35219,0.0,0.0,0.0,0.0,0.0,0.0,0.0,0.0,,,,,,,,,,,,,,,,,,,,,,"rgba(38, 166, 154, 1.0)"
2025-01-08 00:00:00+00:00,37.55,37.84,37.02,37.55,130043,0.0,0.0,0.0,0.0,0.0,0.0,0.0,0.0,,,,,,,,,,,,,,,,,,,,,,"rgba(38, 166, 154, 1.0)"
2025-01-10 00:00:00+00:00,37.82,37.8992,36.68,37.69,44273,1.0,37.8992,36.68,158.0,1.0,37.8992,36.68,158.0,,,,,37.4664,,,,,,,,,,,,,,,,,"rgba(38, 166, 154, 1.0)"
2025-01-13 00:00:00+00:00,37.72,38.03,37.315,38.0,53198,0.0,0.0,0.0,0.0,0.0,0.0,0.0,0.0,,,,,37.58752740678424,,,,,,,,,,,,,,,,,"rgba(38, 166, 154, 1.0)"
2025-01-14 00:00:00+00:00,37.85,38.01,37.2,37.56,86606,0.0,0.0,0.0,0.0,0.0,0.0,0.0,0.0,,,,,37.63417122834466,,,,,,,,,,,,,,,,,"rgba(38, 166, 154, 1.0)"
2025-01-15 00:00:00+00:00,38.0,38.04,37.807,37.9,106901,0.0,0.0,0.0,0.0,0.0,0.0,0.0,0.0,,,,,37.74983464798026,,,,,,,,,,,,,,,,,"rgba(38, 166, 154, 1.0)"
2025-01-16 00:00:00+00:00,38.35,38.4,37.7901,38.0,139600,0.0,0.0,0.0,0.0,0.0,0.0,0.0,0.0,,,,,37.88931166834658,,,,,,,,,,,,,,,,,"rgba(38, 166, 154, 1.0)"
2025-01-17 00:00:00+00:00,41.57,42.2562,38.48,38.48,113520,0.0,0.0,0.0,0.0,0.0,0.0,0.0,0.0,,,,,38.490070993705785,,,,,,,,,,,,,,,,,"rgba(38, 166, 154, 1.0)"
2025-01-21 00:00:00+00:00,42.03,43.025,41.2701,41.8,150457,0.0,0.0,0.0,0.0,0.0,0.0,0.0,0.0,,,,,39.27387920481459,,,,,,,,,,,,,,,,,"rgba(38, 166, 154, 1.0)"
2025-01-22 00:00:00+00:00,43.11,43.9899,41.48,42.37,120293,0.0,0.0,0.0,0.0,0.0,0.0,0.0,0.0,,,,,39.803280048958,,,,,,,,,,,,,,,,,"rgba(38, 166, 154, 1.0)"
2025-01-23 00:00:00+00:00,42.38,43.53,42.21,43.53,90666,0.0,0.0,0.0,0.0,0.0,0.0,0.0,0.0,,,,,40.093986157401574,,,,,,,,,,,,,,,,,"rgba(38, 166, 154, 1.0)"
2025-01-24 00:00:00+00:00,42.88,43.0,41.675,42.4,75346,0.0,0.0,0.0,0.0,0.0,0.0,0.0,0.0,,,,,40.280215448348045,,,,,,,,,,,,,,,,,"rgba(38, 166, 154, 1.0)"
2025-01-27 00:00:00+00:00,39.73,43.113,39.551,42.88,72890,0.0,0.0,0.0,0.0,0.0,0.0,0.0,0.0,,,,,40.316031643811776,,,,,,,,,,,,,,,,,"rgba(38, 166, 154, 0.75)"
2025-01-28 00:00:00+00:00,40.71,40.945,38.97,39.42,70067,1.0,40.945,38.97,148.0,1.0,40.945,38.97,148.0,,,,40.20833333333333,40.30931694068814,,,,,,,,,,,,,,,,,"rgba(38, 166, 154, 0.75)"
2025-01-29 00:00:00+00:00,41.17,41.7799,40.5,40.99,27088,0.0,0.0,0.0,0.0,0.0,0.0,0.0,0.0,,,,40.47087220146501,40.329102691707824,,,,,,,,,,,,,,,,,"rgba(38, 166, 154, 0.75)"
2025-01-30 00:00:00+00:00,41.56,41.85,40.785,41.33,32261,0.0,0.0,0.0,0.0,0.0,0.0,0.0,0.0,,,,40.702070998949125,40.35825705358898,,,,,,,,,,,,,,,,,"rgba(38, 166, 154, 0.75)"
2025-01-31 00:00:00+00:00,41.54,42.72,41.0,41.0,59566,0.0,0.0,0.0,0.0,0.0,0.0,0.0,0.0,,,,41.03342262084925,40.42512514234766,,,,,,,,,,,,,,,,,"rgba(38, 166, 154, 0.75)"
2025-02-03 00:00:00+00:00,41.27,41.5,40.68,41.5,41872,0.0,0.0,0.0,0.0,0.0,0.0,0.0,0.0,,,,41.054567275132044,40.448752626023264,,,,,,,,,,,,,,,,,"rgba(38, 166, 154, 0.75)"
2025-02-04 00:00:00+00:00,42.71,43.05,40.74,40.89,75992,0.0,0.0,0.0,0.0,0.0,0.0,0.0,0.0,,,,41.32998444518314,40.54470155118295,,,,,,,,,,,,,,,,,"rgba(38, 166, 154, 0.75)"
2025-02-05 00:00:00+00:00,43.01,43.45,41.9,42.8,81557,0.0,0.0,0.0,0.0,0.0,0.0,0.0,0.0,,,,41.63585909583603,40.6714897275578,,,,,,,,,,,,,,,,,"rgba(38, 166, 154, 0.75)"
2025-02-06 00:00:00+00:00,43.79,43.99,42.54,43.09,81998,0.0,0.0,0.0,0.0,0.0,0.0,0.0,0.0,,,,41.95034810810352,40.82043317562804,,,,,,,,,,,,,,,,,"rgba(38, 166, 154, 1.0)"
2025-02-07 00:00:00+00:00,42.66,43.5,42.29,43.5,66413,0.0,0.0,0.0,0.0,0.0,0.0,0.0,0.0,,,,42.0575264127488,40.903784650224694,,,,,,,,,,,,,,,,,"rgba(38, 166, 154, 1.0)"
2025-02-10 00:00:00+00:00,43.41,44.185,42.42,42.45,55556,0.0,0.0,0.0,0.0,0.0,0.0,0.0,0.0,,,,42.17764814288367,40.985949854850595,,,,,,,,,,,,,,,,,"rgba(38, 166, 154, 1.0)"
2025-02-11 00:00:00+00:00,43.89,44.49,42.96,43.4,76160,0.0,0.0,0.0,0.0,0.0,0.0,0.0,0.0,,,,42.36019061283712,41.1095040150653,,,,,,,,,,,,,,,,,"rgba(38, 166, 154, 1.0)"
2025-02-12 00:00:00+00:00,43.88,44.67,43.16,43.72,99695,0.0,0.0,0.0,0.0,0.0,0.0,0.0,0.0,,,,42.560449148448264,41.26237703137163,,,,,,,,,,,,,,,,,"rgba(38, 166, 154, 1.0)"
2025-02-13 00:00:00+00:00,45.21,45.4087,43.43,43.49,89679,0.0,0.0,0.0,0.0,0.0,0.0,0.0,0.0,,,,42.78231461348434,41.42283968795259,,,,,,,,,,,,,,,,,"rgba(38, 166, 154, 1.0)"
2025-02-14 00:00:00+00:00,44.2,45.36,43.91,45.06,56967,0.0,0.0,0.0,0.0,0.0,0.0,0.0,0.0,,,,42.88864841728141,41.51159568593108,,,,,,,,,,,,,,,,,"rgba(38, 166, 154, 1.0)"
2025-02-18 00:00:00+00:00,45.13,45.89,43.905,44.32,84639,-1.0,45.89,43.905,0.0,0.0,0.0,0.0,0.0,,,,43.065321698799075,41.6543633226349,,,,44.975,,,,,,,,,,,,44.975,"rgba(38, 166, 154, 1.0)"
2025-02-19 00:00:00+00:00,45.0,45.355,44.83,45.22,58575,0.0,0.0,0.0,0.0,0.0,0.0,0.0,0.0,,,,43.17583825133771,41.748870134661715,,,,45.01044695351013,,,,,,,,,,,,45.01044695351013,"rgba(38, 166, 154, 1.0)"
2025-02-20 00:00:00+00:00,45.12,45.38,43.1,44.83,80231,0.0,0.0,0.0,0.0,0.0,0.0,0.0,0.0,,,,43.27151747215477,41.85078324626174,,,,44.83913274705931,,,,,,,,,,,,44.83913274705931,"rgba(38, 166, 154, 1.0)"
2025-02-21 00:00:00+00:00,43.36,45.21,43.34,44.9,84862,0.0,0.0,0.0,0.0,0.0,0.0,0.0,0.0,,,,43.31997699667042,41.92976728622951,,,,44.59990255383974,,,,,,,,,,,,44.59990255383974,"rgba(38, 166, 154, 0.5)"
2025-02-24 00:00:00+00:00,42.22,43.94,42.22,43.94,89008,0.0,0.0,0.0,0.0,0.0,0.0,0.0,0.0,,,,43.28425378427042,41.962255183924384,,,,44.19518812529102,,,,,,,,,,,,44.19518812529102,"rgba(38, 166, 154, 0.5)"
2025-02-25 00:00:00+00:00,41.84,42.355,40.94,42.18,122585,0.0,0.0,0.0,0.0,0.0,0.0,0.0,0.0,,,,43.14989395136924,41.949911147692404,,,,43.60960921010451,,,,,,,,,,,,43.60960921010451,#000000
2025-02-26 00:00:00+00:00,42.17,42.33,41.21,41.57,86255,0.0,0.0,0.0,0.0,0.0,0.0,0.0,0.0,,,,43.07920345291051,41.948350790839015,,,,43.366808563816186,,,,,,,,,,,,43.366808563816186,#000000
2025-02-27 00:00:00+00:00,42.18,42.865,41.29,42.68,63128,0.0,0.0,0.0,0.0,0.0,0.0,0.0,0.0,,,,43.040647439895366,41.95225912283641,,,,43.248421278193725,,,,,,,,,,,,43.248421278193725,"rgba(239, 83, 80, 1.0)"
2025-02-28 00:00:00+00:00,45.02,45.34,41.45,42.43,98833,0.0,0.0,0.0,0.0,0.0,0.0,0.0,0.0,,,,43.093265949865724,42.023922914709495,,,,43.33697737711491,,,,,,,,,,,,43.33697737711491,#000000
2025-03-03 00:00:00+00:00,42.61,44.7149,42.4301,44.59,73930,0.0,0.0,0.0,0.0,0.0,0.0,0.0,0.0,,,,43.0999313557973,42.05621670674612,,,,43.32948726277028,,,,,,,,,,,,43.32948726277028,#000000
2025-03-04 00:00:00+00:00,41.54,41.98,40.5613,41.98,82430,0.0,0.0,0.0,0.0,0.0,0.0,0.0,0.0,,,,43.021976069496404,42.0363924756642,,,,43.15391849148418,,,,,,,,,,,,43.15391849148418,#000000
2025-03-05 00:00:00+00:00,40.47,41.24,40.1,41.17,64006,0.0,0.0,0.0,0.0,0.0,0.0,0.0,0.0,,,,42.940641893980434,42.00537415013951,,,,42.98876348245761,,,,,,,,,,,,42.98876348245761,"rgba(239, 83, 80, 1.0)"
2025-03-06 00:00:00+00:00,39.3,41.0,39.0,40.65,93680,0.0,0.0,0.0,0.0,0.0,0.0,0.0,0.0,,,,42.79175201619937,41.936630448259784,,,,42.70983479183338,,,,,,,,,,,,42.70983479183338,"rgba(239, 83, 80, 1.0)"
2025-03-07 00:00:00+00:00,39.66,40.035,38.45,39.68,58978,0.0,0.0,0.0,0.0,0.0,0.0,0.0,0.0,,,,,41.88817442417601,,,,42.53782373299215,,,,,,,,,,,,42.53782373299215,"rgba(239, 83, 80, 1.0)"
2025-03-10 00:00:00+00:00,38.71,40.24,37.86,38.87,175244,0.0,0.0,0.0,0.0,0.0,0.0,0.0,0.0,,,,,41.730721383630566,,,,42.05841865899312,,,,,,,,,,,,42.05841865899312,"rgba(239, 83, 80, 1.0)"
2025-03-11 00:00:00+00:00,37.68,39.33,37.1175,38.71,160648,0.0,0.0,0.0,0.0,0.0,0.0,0.0,0.0,,,,,41.55876402494196,,,,41.62163103304464,,,,,,,,,,,,41.62163103304464,"rgba(239, 83, 80, 1.0)"
2025-03-12 00:00:00+00:00,37.62,38.96,37.5,38.4791,62595,0.0,0.0,0.0,0.0,0.0,0.0,0.0,0.0,,,,,41.49574349898676,,,,41.47547433761554,,,,,,,,,,,,41.47547433761554,"rgba(239, 83, 80, 1.0)"
2025-03-13 00:00:00+00:00,36.82,38.125,36.8,37.93,72763,0.0,0.0,0.0,0.0,0.0,0.0,0.0,0.0,,,,,41.40943985292607,,,,41.28471437203985,,,,,,,,,,,,41.28471437203985,"rgba(239, 83, 80, 1.0)"
2025-03-14 00:00:00+00:00,37.44,37.8,37.16,37.33,64524,0.0,0.0,0.0,0.0,0.0,0.0,0.0,0.0,,,,,41.339654897612185,,,,41.13780420840504,,,,,,,,,,,,41.13780420840504,"rgba(239, 83, 80, 1.0)"
2025-03-17 00:00:00+00:00,38.71,39.64,37.46,37.67,111673,-1.0,39.64,37.46,0.0,0.0,0.0,0.0,0.0,,,,,41.2583250276535,,,38.60333333333334,40.979560876639866,,,,,,,,,,,,40.979560876639866,"rgba(239, 83, 80, 0.75)"
2025-03-18 00:00:00+00:00,37.47,38.635,37.46,38.38,81247,0.0,0.0,0.0,0.0,0.0,0.0,0.0,0.0,,,,,41.186288245010026,,,38.28817762976018,40.84379417352913,,,,,,,,,,,,40.84379417352913,"rgba(239, 83, 80, 0.75)"
2025-03-19 00:00:00+00:00,37.93,38.21,37.0,37.16,158611,0.0,0.0,0.0,0.0,0.0,0.0,0.0,0.0,,,,,41.04847494608127,,,38.028807535229234,40.59901281424934,,,,,,,,,,,,40.59901281424934,"rgba(239, 83, 80, 0.75)"
2025-03-20 00:00:00+00:00,37.49,38.3,37.38,37.41,137034,0.0,0.0,0.0,0.0,0.0,0.0,0.0,0.0,,,,,40.93825568293782,,,37.94312732526208,40.41703651155242,,,,,,,,,,,,40.41703651155242,"rgba(239, 83, 80, 0.75)"
2025-03-21 00:00:00+00:00,36.22,37.035,35.83,36.85,301393,0.0,0.0,0.0,0.0,0.0,0.0,0.0,0.0,,,,,,,,37.33975199103413,39.92156691132198,,,,,,,,,,,,39.92156691132198,"rgba(239, 83, 80, 0.75)"
2025-03-24 00:00:00+00:00,36.2,36.88,35.72,36.57,161330,0.0,0.0,0.0,0.0,0.0,0.0,0.0,0.0,,,,,,,,37.15776624604396,39.69721389109361,,,,,,,,,,,,39.69721389109361,"rgba(239, 83, 80, 0.75)"
2025-03-25 00:00:00+00:00,35.7,36.23,35.47,36.0,112784,0.0,0.0,0.0,0.0,0.0,0.0,0.0,0.0,,,,,,,,37.01385276246971,39.53685430826717,,,,,,,,,,,,39.53685430826717,"rgba(239, 83, 80, 1.0)"
2025-03-26 00:00:00+00:00,35.45,36.1,34.84,35.73,97549,0.0,0.0,0.0,0.0,0.0,0.0,0.0,0.0,,,,,,,,36.88364538864226,39.39686382106733,,,,,,,,,,,,39.39686382106733,"rgba(239, 83, 80, 1.0)"
2025-03-27 00:00:00+00:00,35.44,35.71,35.0,35.52,65651,0.0,0.0,0.0,0.0,0.0,0.0,0.0,0.0,,,,,,,,36.80338853706976,39.3061353725278,,,,,,,,,,,,39.3061353725278,"rgba(239, 83, 80, 1.0)"
2025-03-28 00:00:00+00:00,34.21,35.39,34.11,35.39,61637,0.0,0.0,0.0,0.0,0.0,0.0,0.0,0.0,,,,,,,,36.696585520519044,39.207706984874015,,,,,,,,,,,,39.207706984874015,"rgba(239, 83, 80, 1.0)"
2025-03-31 00:00:00+00:00,33.89,34.7881,33.1,34.0,101585,0.0,0.0,0.0,0.0,0.0,0.0,0.0,0.0,,,,,,,,36.494177927292995,39.03279095873998,,,,,,,,,,,,39.03279095873998,"rgba(239, 83, 80, 1.0)"
2025-04-01 00:00:00+00:00,33.25,33.94,32.9,33.89,95582,0.0,0.0,0.0,0.0,0.0,0.0,0.0,0.0,,,,,,,,36.29280707682515,38.861466326429536,,,,,,,,,,,,38.861466326429536,"rgba(239, 83, 80, 1.0)"
2025-04-02 00:00:00+00:00,36.81,37.445,32.69,32.69,169038,0.0,0.0,0.0,0.0,0.0,0.0,0.0,0.0,,,,,,,,36.2269865033466,38.69846002069411,,,,,,,,,,,,38.69846002069411,"rgba(239, 83, 80, 0.75)"
2025-04-03 00:00:00+00:00,31.82,35.2591,31.73,35.22,102222,0.0,0.0,0.0,0.0,0.0,0.0,0.0,0.0,,,,,,,,36.03557533271953,38.52694871346971,,,,,,,,,,,,38.52694871346971,"rgba(239, 83, 80, 0.75)"
2025-04-04 00:00:00+00:00,29.35,31.0,27.785,31.0,250057,0.0,0.0,0.0,0.0,0.0,0.0,0.0,0.0,,,,,,,,35.20629578325388,37.906024529868624,,,,,,,,,,,,37.906024529868624,"rgba(239, 83, 80, 0.75)"
2025-04-07 00:00:00+00:00,26.72,29.8018,25.84,28.11,585023,0.0,0.0,0.0,0.0,0.0,0.0,0.0,0.0,,,,,,,,33.456842633165365,36.47378252747699,,,,,,,,,,,,36.47378252747699,"rgba(239, 83, 80, 1.0)"
2025-04-08 00:00:00+00:00,27.39,29.48,26.78,27.98,387306,0.0,0.0,0.0,0.0,0.0,0.0,0.0,0.0,,,,,,,,32.73239465013851,35.75928980878758,,,,,,,,,,,,35.75928980878758,"rgba(239, 83, 80, 1.0)"
2025-04-09 00:00:00+00:00,29.1,29.979,25.8,27.0,313046,0.0,0.0,0.0,0.0,0.0,0.0,0.0,0.0,,,,,,,,32.31033796784347,35.28897960393308,,,,,,,,,,,,35.28897960393308,"rgba(239, 83, 80, 1.0)"
2025-04-10 00:00:00+00:00,27.09,28.63,26.935,28.63,109683,0.0,0.0,0.0,0.0,0.0,0.0,0.0,0.0,,,,,,,,32.15693521661297,35.1219012988894,,,,,,,,,,,,35.1219012988894,"rgba(239, 83, 80, 1.0)"
2025-04-11 00:00:00+00:00,26.41,27.14,25.72,26.99,103936,0.0,0.0,0.0,0.0,0.0,0.0,0.0,0.0,,,,,,,,31.98698031849689,34.94747686163059,,,,,,,,,,,,34.94747686163059,"rgba(239, 83, 80, 1.0)"
2025-04-14 00:00:00+00:00,27.22,27.56,26.335,26.89,145875,0.0,0.0,0.0,0.0,0.0,0.0,0.0,0.0,,,,,,,,31.78932640457704,34.730980669312984,,,,,,,,,,,,34.730980669312984,"rgba(239, 83, 80, 1.0)"
2025-04-15 00:00:00+00:00,27.84,28.76,27.13,27.13,102349,0.0,0.0,0.0,0.0,0.0,0.0,0.0,0.0,,,,,,,,31.68357771897897,34.60244944640164,,,,,,,,,,,,34.60244944640164,"rgba(239, 83, 80, 0.75)"
2025-04-16 00:00:00+00:00,27.85,29.05,27.15,28.05,106692,0.0,0.0,0.0,0.0,0.0,0.0,0.0,0.0,,,,,,,,31.582256979841613,34.47557642276687,,,,,,,,,,,,34.47557642276687,"rgba(239, 83, 80, 0.75)"
2025-04-17 00:00:00+00:00,29.11,29.29,27.57,28.37,72797,0.0,0.0,0.0,0.0,0.0,0.0,0.0,0.0,,,,,,,,31.528121549113315,34.400082194180946,,,,,,,,,,,,34.400082194180946,"rgba(239, 83, 80, 0.75)"
2025-04-21 00:00:00+00:00,27.7,28.92,27.0799,28.92,53736,0.0,0.0,0.0,0.0,0.0,0.0,0.0,0.0,,,,,,,,31.479232244045814,34.33842189002163,,,,,,,,,,,,34.33842189002163,"rgba(239, 83, 80, 0.75)"
2025-04-22 00:00:00+00:00,28.71,29.02,27.705,28.08,43160,0.0,0.0,0.0,0.0,0.0,0.0,0.0,0.0,,,,,,,,31.447101525735413,34.29411120150225,,,,,,,,,,,,34.29411120150225,"rgba(239, 83, 80, 0.75)"
2025-04-23 00:00:00+00:00,28.56,29.74,27.45,29.58,101929,0.0,0.0,0.0,0.0,0.0,0.0,0.0,0.0,,,,,,,,31.376473331881577,34.19392015019694,,,,,,,,,,,,34.19392015019694,"rgba(239, 83, 80, 0.75)"
2025-04-24 00:00:00+00:00,29.68,29.9799,28.57,28.57,81189,0.0,0.0,0.0,0.0,0.0,0.0,0.0,0.0,,,,,,,,31.33858667061847,34.127988635463964,,,,,,,,,,,,34.127988635463964,"rgba(239, 83, 80, 0.5)"
2025-04-25 00:00:00+00:00,29.85,30.1201,29.03,29.59,35820,0.0,0.0,0.0,0.0,0.0,0.0,0.0,0.0,,,,,,,,31.324495397544215,34.10102601402972,,,,,,,,,,,,34.10102601402972,"rgba(239, 83, 80, 0.5)"
2025-04-28 00:00:00+00:00,29.94,30.0,28.63,29.8,29535,0.0,0.0,0.0,0.0,0.0,0.0,0.0,0.0,,,,,,,,31.31206457456911,34.078327313606266,,,,,,,,,,,,34.078327313606266,#000000
2025-04-29 00:00:00+00:00,29.15,29.93,29.03,29.89,59072,0.0,0.0,0.0,0.0,0.0,0.0,0.0,0.0,,,,,,,,31.285622128007248,34.032091357877334,,,,,,,,,,,,34.032091357877334,#000000
2025-04-30 00:00:00+00:00,27.84,29.11,27.16,28.95,72464,0.0,0.0,0.0,0.0,0.0,0.0,0.0,0.0,,,,,,,,31.232248280425893,33.96072831004048,,,,,,,,,,,,33.96072831004048,"rgba(239, 83, 80, 0.5)"
2025-05-01 00:00:00+00:00,27.25,28.3713,26.865,27.53,59040,0.0,0.0,0.0,0.0,0.0,0.0,0.0,0.0,,,,,,,,31.182892724838343,33.89863077279893,,,,,,,,,,,,33.89863077279893,"rgba(239, 83, 80, 0.5)"
2025-05-02 00:00:00+00:00,28.08,28.59,26.98,27.53,65006,0.0,0.0,0.0,0.0,0.0,0.0,0.0,0.0,,,,,,,,31.135596419283196,33.83568282873455,,,,,,,,,,,,33.83568282873455,"rgba(239, 83, 80, 0.5)"
2025-05-05 00:00:00+00:00,27.35,27.66,26.735,27.66,46174,0.0,0.0,0.0,0.0,0.0,0.0,0.0,0.0,,,,,,,,31.096416836151903,33.78707983739788,,,,,,,,,,,,33.78707983739788,"rgba(239, 83, 80, 0.5)"
2025-05-06 00:00:00+00:00,26.64,27.4825,26.49,27.12,50041,0.0,0.0,0.0,0.0,0.0,0.0,0.0,0.0,,,,,,,,31.050759250501557,33.732215218552206,,,,,,,,,,,,33.732215218552206,"rgba(239, 83, 80, 0.5)"
2025-05-07 00:00:00+00:00,27.61,28.3022,26.51,26.7,74508,0.0,0.0,0.0,0.0,0.0,0.0,0.0,0.0,,,,,,,,30.994128351729884,33.65916102378288,,,,,,,,,,,,33.65916102378288,"rgba(239, 83, 80, 0.5)"
2025-05-08 00:00:00+00:00,28.29,29.38,25.0,25.0,76357,0.0,0.0,0.0,0.0,0.0,0.0,0.0,0.0,,,,,,,,30.939241887539264,33.587019064464386,,,,,,,,,,,,33.587019064464386,"rgba(239, 83, 80, 0.5)"
2025-05-09 00:00:00+00:00,28.34,28.77,27.715,28.32,40797,0.0,0.0,0.0,0.0,0.0,0.0,0.0,0.0,,,,,,,,30.916705147142988,33.55367757065993,,,,,,,,,,,,33.55367757065993,"rgba(239, 83, 80, 0.5)"
2025-05-12 00:00:00+00:00,28.96,30.24,28.19,29.43,54674,0.0,0.0,0.0,0.0,0.0,0.0,0.0,0.0,,,,,,,,30.896677617792523,33.51677779842682,,,,,,,,,,,,33.51677779842682,#000000
2025-05-13 00:00:00+00:00,29.52,29.72,29.03,29.62,47836,0.0,0.0,0.0,0.0,0.0,0.0,0.0,0.0,,,,,,,,30.882368454385855,33.48711957823011,,,,,,,,,,,,33.48711957823011,#000000
2025-05-14 00:00:00+00:00,29.35,30.2,28.1138,29.34,39516,0.0,0.0,0.0,0.0,0.0,0.0,0.0,0.0,,,,,,,,30.86914776830427,33.46173975381123,,,,,,,,,,,,33.46173975381123,#000000
2025-05-15 00:00:00+00:00,29.46,29.57,28.38,28.96,48519,0.0,0.0,0.0,0.0,0.0,0.0,0.0,0.0,,,,,,,,30.852381297123443,33.430374121133305,,,,,,,,,,,,33.430374121133305,"rgba(38, 166, 154, 1.0)"
2025-05-16 00:00:00+00:00,28.83,29.42,28.67,29.42,49077,0.0,0.0,0.0,0.0,0.0,0.0,0.0,0.0,,,,,,,,30.83416556850468,33.39791780253841,,,,,,,,,,,,33.39791780253841,#000000
2025-05-19 00:00:00+00:00,27.91,28.39,27.31,28.23,64796,0.0,0.0,0.0,0.0,0.0,0.0,0.0,0.0,,,,,,,,30.79670640889719,33.345276227711274,,,,,,,,,,,,33.345276227711274,#000000
2025-05-20 00:00:00+00:00,27.29,27.895,27.0,27.47,86101,0.0,0.0,0.0,0.0,0.0,0.0,0.0,0.0,,,,,,,,30.740526625442513,33.27092239726869,,,,,,,,,,,,33.27092239726869,"rgba(239, 83, 80, 0.5)"
2025-05-21 00:00:00+00:00,26.69,27.5499,25.7301,27.08,42754,0.0,0.0,0.0,0.0,0.0,0.0,0.0,0.0,,,,,,,,30.707308461091966,33.230134686476916,,,,,,,,,,,,33.230134686476916,"rgba(239, 83, 80, 0.5)"
2025-05-22 00:00:00+00:00,26.95,27.1,25.68,26.5,74616,0.0,0.0,0.0,0.0,0.0,0.0,0.0,0.0,,,,,,,,30.64949143827298,33.159290761422405,,,,,,,,,,,,33.159290761422405,"rgba(239, 83, 80, 0.5)"
2025-05-23 00:00:00+00:00,26.94,26.96,26.37,26.86,67468,0.0,0.0,0.0,0.0,0.0,0.0,0.0,0.0,,,,,,,,30.6008387454843,33.09823633137387,,,,,,,,,,,,33.09823633137387,"rgba(239, 83, 80, 0.5)"
2025-05-27 00:00:00+00:00,26.87,27.39,26.0,27.27,150177,0.0,0.0,0.0,0.0,0.0,0.0,0.0,0.0,,,,,,,,30.496700550020297,32.966359665365516,,,,,,,,,,,,32.966359665365516,"rgba(239, 83, 80, 0.5)"
2025-05-28 00:00:00+00:00,26.79,27.59,26.705,27.07,47343,0.0,0.0,0.0,0.0,0.0,0.0,0.0,0.0,,,,,,,,30.467356620212232,32.92770507405828,,,,,,,,,,,,32.92770507405828,"rgba(239, 83, 80, 0.5)"
2025-05-29 00:00:00+00:00,26.4,26.8816,25.77,26.65,49853,0.0,0.0,0.0,0.0,0.0,0.0,0.0,0.0,,,,,,,,30.43100372896009,32.88292685367473,,,,,,,,,,,,32.88292685367473,"rgba(239, 83, 80, 0.5)"
2025-05-30 00:00:00+00:00,25.14,26.25,25.0,26.16,114366,0.0,0.0,0.0,0.0,0.0,0.0,0.0,0.0,,,,,,,,30.33237000929742,32.768827578872745,,,,,,,,,,,,32.768827578872745,"rgba(239, 83, 80, 1.0)"
2025-06-02 00:00:00+00:00,25.94,26.61,25.51,25.51,74833,0.0,0.0,0.0,0.0,0.0,0.0,0.0,0.0,,,,,,,,30.27706315517816,32.70159509611871,,,,,,,,,,,,32.70159509611871,"rgba(239, 83, 80, 1.0)"
2025-06-03 00:00:00+00:00,25.66,26.65,25.45,26.0,49102,0.0,0.0,0.0,0.0,0.0,0.0,0.0,0.0,,,,,,,,30.240703194980348,32.65755390108612,,,,,,,,,,,,32.65755390108612,"rgba(239, 83, 80, 1.0)"
2025-06-04 00:00:00+00:00,25.04,26.2405,24.77,25.74,127545,0.0,0.0,0.0,0.0,0.0,0.0,0.0,0.0,,,,,,,,30.136941560370477,32.53632991133764,,,,,,,,,,,,32.53632991133764,"rgba(239, 83, 80, 1.0)"
2025-06-05 00:00:00+00:00,24.54,25.285,24.39,25.24,41503,0.0,0.0,0.0,0.0,0.0,0.0,0.0,0.0,,,,,,,,30.099925505829866,32.494461404275675,,,,,,,,,,,,32.494461404275675,"rgba(239, 83, 80, 1.0)"
2025-06-06 00:00:00+00:00,25.05,25.16,24.58,24.63,42814,0.0,0.0,0.0,0.0,0.0,0.0,0.0,0.0,,,,,,,,30.063614533016427,32.45279462281939,,,,,,,,,,,,32.45279462281939,"rgba(239, 83, 80, 1.0)"
2025-06-09 00:00:00+00:00,24.8,25.48,24.475,25.43,69891,0.0,0.0,0.0,0.0,0.0,0.0,0.0,0.0,,,,,,,,30.005290555456813,32.38564988915704,,,,,,,,,,,,32.38564988915704,"rgba(239, 83, 80, 1.0)"
2025-06-10 00:00:00+00:00,25.43,25.6,24.655,24.74,72805,0.0,0.0,0.0,0.0,0.0,0.0,0.0,0.0,,,,,,,,29.949542311033227,32.319817917171335,,,,,,,,,,,,32.319817917171335,"rgba(239, 83, 80, 0.75)"
2025-06-11 00:00:00+00:00,26.22,26.34,25.34,25.67,54075,0.0,0.0,0.0,0.0,0.0,0.0,0.0,0.0,,,,,,,,29.915315715622445,32.276710269862825,,,,,,,,,,,,32.276710269862825,"rgba(239, 83, 80, 0.5)"
2025-06-12 00:00:00+00:00,26.11,26.85,25.82,25.82,57944,0.0,0.0,0.0,0.0,0.0,0.0,0.0,0.0,,,,,,,,29.8819636310384,32.23328025661118,,,,,,,,,,,,32.23328025661118,"rgba(239, 83, 80, 0.5)"
2025-06-13 00:00:00+00:00,26.29,26.88,26.0,26.42,56985,0.0,0.0,0.0,0.0,0.0,0.0,0.0,0.0,,,,,,,,29.850908009447036,32.19209255141929,,,,,,,,,,,,32.19209255141929,"rgba(239, 83, 80, 0.5)"
2025-06-16 00:00:00+00:00,26.47,27.005,26.24,26.24,55695,0.0,0.0,0.0,0.0,0.0,0.0,0.0,0.0,,,,,,,,29.822650042115267,32.1536374383374,,,,,,,,,,,,32.1536374383374,#000000
2025-06-17 00:00:00+00:00,26.34,26.88,26.22,26.66,92639,0.0,0.0,0.0,0.0,0.0,0.0,0.0,0.0,,,,,,,,29.775415965514807,32.08979499375403,,,,,,,,,,,,32.08979499375403,#000000
2025-06-18 00:00:00+00:00,26.36,26.39,25.66,26.3,87316,0.0,0.0,0.0,0.0,0.0,0.0,0.0,0.0,,,,,,,,29.727589252371608,32.027319267483456,,,,,,,,,,,,32.027319267483456,#000000
2025-06-20 00:00:00+00:00,26.07,26.5,25.64,26.5,189416,0.0,0.0,0.0,0.0,0.0,0.0,0.0,0.0,,,,,,,,29.626191944759245,31.894713185602786,,,,,,,,,,,,31.894713185602786,#000000
2025-06-23 00:00:00+00:00,24.97,26.12,24.5,25.96,166775,0.0,0.0,0.0,0.0,0.0,0.0,0.0,0.0,,,,,,,,29.52064888551272,31.7659636266681,,,,,,,,,,,,31.7659636266681,"rgba(239, 83, 80, 0.5)"
2025-06-24 00:00:00+00:00,25.07,25.22,24.46,24.77,103255,0.0,0.0,0.0,0.0,0.0,0.0,0.0,0.0,,,,,,,,29.45371803678373,31.685409875265556,,,,,,,,,,,,31.685409875265556,"rgba(239, 83, 80, 0.5)"
2025-06-25 00:00:00+00:00,24.74,25.26,24.671,25.26,64735,0.0,0.0,0.0,0.0,0.0,0.0,0.0,0.0,,,,,,,,29.412501879299366,31.635673777330243,,,,,,,,,,,,31.635673777330243,"rgba(239, 83, 80, 0.5)"
2025-06-26 00:00:00+00:00,25.84,25.85,24.74,24.74,117134,0.0,0.0,0.0,0.0,0.0,0.0,0.0,0.0,,,,,,,,29.34921393807791,31.555169711124016,,,,,,,,,,,,31.555169711124016,"rgba(239, 83, 80, 0.5)"
2025-06-27 00:00:00+00:00,25.77,26.125,25.35,25.83,1383509,0.0,0.0,0.0,0.0,0.0,0.0,0.0,0.0,,,,,,,,28.774473098403966,30.77857415187832,,,,,,,,,,,,30.77857415187832,"rgba(239, 83, 80, 0.5)"
2025-06-30 00:00:00+00:00,24.53,25.8075,24.47,25.62,297488,0.0,0.0,0.0,0.0,0.0,0.0,0.0,0.0,,,,,,,,28.64710134760913,30.61525142668518,,,,,,,,,,,,30.61525142668518,"rgba(239, 83, 80, 0.5)"
2025-07-01 00:00:00+00:00,23.66,24.52,23.555,24.49,113132,0.0,0.0,0.0,0.0,0.0,0.0,0.0,0.0,,,,,,,,28.588091333821303,30.544739790198456,,,,,,,,,,,,30.544739790198456,"rgba(239, 83, 80, 1.0)"
2025-07-02 00:00:00+00:00,25.27,25.29,23.53,23.68,120343,0.0,0.0,0.0,0.0,0.0,0.0,0.0,0.0,,,,,,,,28.53718277236039,30.480030067253466,,,,,,,,,,,,30.480030067253466,"rgba(239, 83, 80, 0.5)"
2025-07-03 00:00:00+00:00,25.29,25.46,24.9,25.11,39608,0.0,0.0,0.0,0.0,0.0,0.0,0.0,0.0,,,,,,,,28.52294690481186,30.4609313837718,,,,,,,,,,,,30.4609313837718,"rgba(239, 83, 80, 0.5)"
2025-07-07 00:00:00+00:00,24.53,25.09,24.02,25.09,99415,0.0,0.0,0.0,0.0,0.0,0.0,0.0,0.0,,,,,,,,28.48061420999537,30.407552152571593,,,,,,,,,,,,30.407552152571593,"rgba(239, 83, 80, 0.5)"
2025-07-08 00:00:00+00:00,25.06,25.29,24.31,24.55,99359,0.0,0.0,0.0,0.0,0.0,0.0,0.0,0.0,,,,,,,,28.44277610794992,30.358196643781348,,,,,,,,,,,,30.358196643781348,"rgba(239, 83, 80, 0.5)"
2025-07-09 00:00:00+00:00,24.26,24.91,24.17,24.88,73738,0.0,0.0,0.0,0.0,0.0,0.0,0.0,0.0,,,,,,,,28.41179485451247,30.31923483567025,,,,,,,,,,,,30.31923483567025,"rgba(239, 83, 80, 0.5)"
2025-07-10 00:00:00+00:00,24.33,24.7884,23.96,23.96,75136,0.0,0.0,0.0,0.0,0.0,0.0,0.0,0.0,,,,,,,,28.38003302124628,30.279477395184248,,,,,,,,,,,,30.279477395184248,"rgba(239, 83, 80, 0.5)"
2025-07-11 00:00:00+00:00,24.44,24.5,23.965,24.21,45181,0.0,0.0,0.0,0.0,0.0,0.0,0.0,0.0,,,,,,,,28.36090135129959,30.255593765321894,,,,,,,,,,,,30.255593765321894,"rgba(239, 83, 80, 0.5)"
2025-07-14 00:00:00+00:00,24.81,24.83,24.235,24.46,76762,0.0,0.0,0.0,0.0,0.0,0.0,0.0,0.0,,,,,,,,28.33136173224229,30.217630397450613,,,,,,,,,,,,30.217630397450613,"rgba(239, 83, 80, 0.5)"
2025-07-15 00:00:00+00:00,24.22,25.0,24.19,25.0,86984,0.0,0.0,0.0,0.0,0.0,0.0,0.0,0.0,,,,,,,,28.297071599112265,30.174050421370318,,,,,,,,,,,,30.174050421370318,"rgba(239, 83, 80, 0.5)"
2025-07-16 00:00:00+00:00,24.44,24.53,23.945,24.13,79443,0.0,0.0,0.0,0.0,0.0,0.0,0.0,0.0,,,,,,,,28.26495458597548,30.133687260451715,,,,,,,,,,,,30.133687260451715,"rgba(239, 83, 80, 0.5)"
2025-07-17 00:00:00+00:00,25.96,26.01,24.27,24.57,114361,0.0,0.0,0.0,0.0,0.0,0.0,0.0,0.0,,,,,,,,28.23230706833739,30.08741339451015,,,,,,,,,,,,30.08741339451015,#000000
2025-07-18 00:00:00+00:00,26.18,26.88,26.18,26.27,83135,0.0,0.0,0.0,0.0,0.0,0.0,0.0,0.0,,,,,,,,28.217293249795482,30.061415879668797,,,,,,,,,,,,30.061415879668797,"rgba(38, 166, 154, 1.0)"
2025-07-21 00:00:00+00:00,25.55,26.17,25.37,26.17,49626,0.0,0.0,0.0,0.0,0.0,0.0,0.0,0.0,,,,,,,,28.204934798086413,30.043057372958312,,,,,,,,,,,,30.043057372958312,"rgba(38, 166, 154, 1.0)"
2025-07-22 00:00:00+00:00,24.97,25.78,24.86,25.52,64326,0.0,0.0,0.0,0.0,0.0,0.0,0.0,0.0,,,,,,,,28.18597932888882,30.016814305800043,,,,,,,,,,,,30.016814305800043,#000000
2025-07-23 00:00:00+00:00,25.27,25.64,25.16,25.16,52175,0.0,0.0,0.0,0.0,0.0,0.0,0.0,0.0,,,,,,,,28.171560848372508,29.996408033545503,,,,,,,,,,,,29.996408033545503,#000000
2025-07-24 00:00:00+00:00,25.67,26.045,25.05,25.3292,43438,0.0,0.0,0.0,0.0,0.0,0.0,0.0,0.0,,,,,,,,28.160647202083585,29.980396242423527,,,,,,,,,,,,29.980396242423527,"rgba(38, 166, 154, 1.0)"
2025-07-25 00:00:00+00:00,25.43,25.85,25.11,25.85,39555,0.0,0.0,0.0,0.0,0.0,0.0,0.0,0.0,,,,,,,,28.150310007757493,29.965504533329156,,,,,,,,,,,,29.965504533329156,#000000
2025-07-28 00:00:00+00:00,25.55,25.615,25.2,25.56,40389,0.0,0.0,0.0,0.0,0.0,0.0,0.0,0.0,,,,,,,,28.139803812626294,29.950371857148685,,,,,,,,,,,,29.950371857148685,"rgba(38, 166, 154, 1.0)"
2025-07-29 00:00:00+00:00,26.05,26.1665,25.36,25.74,44233,0.0,0.0,0.0,0.0,0.0,0.0,0.0,0.0,,,,,,,,28.130107878253153,29.935393376817416,,,,,,,,,,,,29.935393376817416,"rgba(38, 166, 154, 1.0)"
2025-07-30 00:00:00+00:00,25.54,26.43,25.43,26.17,47609,0.0,0.0,0.0,0.0,0.0,0.0,0.0,0.0,,,,,,,,28.119495658592854,29.9191628455937,,,,,,,,,,,,29.9191628455937,"rgba(38, 166, 154, 1.0)"
2025-07-31 00:00:00+00:00,25.48,25.815,25.11,25.27,41070,0.0,0.0,0.0,0.0,0.0,0.0,0.0,0.0,,,,,,,,28.10912039285145,29.9041444136309,,,,,,,,,,,,29.9041444136309,"rgba(38, 166, 154, 1.0)"
2025-08-01 00:00:00+00:00,24.32,25.44,24.14,25.44,65989,0.0,0.0,0.0,0.0,0.0,0.0,0.0,0.0,,,,,,,,28.087401352137384,29.875722082197065,,,,,,,,,,,,29.875722082197065,#000000
2025-08-04 00:00:00+00:00,24.56,24.695,24.14,24.14,54574,0.0,0.0,0.0,0.0,0.0,0.0,0.0,0.0,,,,,,,,28.068777919307255,29.851699524809327,,,,,,,,,,,,29.851699524809327,"rgba(239, 83, 80, 0.5)"
2025-08-05 00:00:00+00:00,25.02,26.22,24.0203,24.81,86390,0.0,0.0,0.0,0.0,0.0,0.0,0.0,0.0,,,,,,,,28.044704933326503,29.818444531128822,,,,,,,,,,,,29.818444531128822,"rgba(239, 83, 80, 0.5)"
2025-08-06 00:00:00+00:00,24.91,25.46,24.6,25.02,61684,0.0,0.0,0.0,0.0,0.0,0.0,0.0,0.0,,,,,,,,28.027198289900834,29.79450268808362,,,,,,,,,,,,29.79450268808362,"rgba(239, 83, 80, 0.5)"
2025-08-07 00:00:00+00:00,24.84,25.39,24.64,25.27,40892,0.0,0.0,0.0,0.0,0.0,0.0,0.0,0.0,,,,,,,,28.015576683968852,29.77865222111672,,,,,,,,,,,,29.77865222111672,"rgba(239, 83, 80, 0.5)"
2025-08-08 00:00:00+00:00,24.44,25.34,24.095,24.82,51506,0.0,0.0,0.0,0.0,0.0,0.0,0.0,0.0,,,,,,,,27.99948949650206,29.75747168488471,,,,,,,,,,,,29.75747168488471,"rgba(239, 83, 80, 0.5)"
2025-08-11 00:00:00+00:00,24.3,24.745,23.75,24.59,73193,0.0,0.0,0.0,0.0,0.0,0.0,0.0,0.0,,,,,,,,27.974478492046053,29.725580373982776,,,,,,,,,,,,29.725580373982776,"rgba(239, 83, 80, 0.5)"
2025-08-12 00:00:00+00:00,20.26,24.73,20.05,24.01,184992,0.0,0.0,0.0,0.0,0.0,0.0,0.0,0.0,,,,,,,,27.869704567525133,29.60921648708085,,,,,,,,,,,,29.60921648708085,"rgba(239, 83, 80, 1.0)"
2025-08-13 00:00:00+00:00,21.64,22.078,20.51,20.51,291906,0.0,0.0,0.0,0.0,0.0,0.0,0.0,0.0,,,,,,,,27.704363273663077,29.426255463539793,,,,,,,,,,,,29.426255463539793,"rgba(239, 83, 80, 1.0)"
2025-08-14 00:00:00+00:00,20.09,21.67,19.94,21.67,89563,0.0,0.0,0.0,0.0,0.0,0.0,0.0,0.0,,,,,,,,27.648751011385343,29.366015174561333,,,,,,,,,,,,29.366015174561333,"rgba(239, 83, 80, 1.0)"
2025-08-15 00:00:00+00:00,20.86,21.74,20.1,20.1,123285,0.0,0.0,0.0,0.0,0.0,0.0,0.0,0.0,,,,,,,,27.577139223397793,29.287511816683214,,,,,,,,,,,,29.287511816683214,"rgba(239, 83, 80, 1.0)"
2025-08-18 00:00:00+00:00,19.96,20.985,19.83,20.83,88574,0.0,0.0,0.0,0.0,0.0,0.0,0.0,0.0,,,,,,,,27.521766096241105,29.22775743339747,,,,,,,,,,,,29.22775743339747,"rgba(239, 83, 80, 1.0)"
2025-08-19 00:00:00+00:00,19.84,20.525,19.78,19.91,51129,0.0,0.0,0.0,0.0,0.0,0.0,0.0,0.0,,,,,,,,27.489268787241812,29.192823934258637,,,,,,,,,,,,29.192823934258637,"rgba(239, 83, 80, 1.0)"
2025-08-20 00:00:00+00:00,19.29,20.0045,19.225,19.86,91530,0.0,0.0,0.0,0.0,0.0,0.0,0.0,0.0,,,,,,,,27.42760795753223,29.127279910798624,,,,,,,,,,,,29.127279910798624,"rgba(239, 83, 80, 1.0)"
2025-08-21 00:00:00+00:00,20.03,20.29,19.13,19.33,80018,0.0,0.0,0.0,0.0,0.0,0.0,0.0,0.0,,,,,,,,27.376557975310305,29.072526007515453,,,,,,,,,,,19.816666666666666,29.072526007515453,"rgba(239, 83, 80, 1.0)"
2025-08-22 00:00:00+00:00,20.68,20.92,19.54,20.31,101562,0.0,0.0,0.0,0.0,0.0,0.0,0.0,0.0,,,,,,,,27.317496599579922,29.008124394059855,,,,,,,,,,,20.131752358923524,29.008124394059855,"rgba(239, 83, 80, 0.75)"
2025-08-25 00:00:00+00:00,19.96,20.54,19.84,20.54,75021,0.0,0.0,0.0,0.0,0.0,0.0,0.0,0.0,,,,,,,,27.272853469093405,28.959710745077555,,,,,,,,,,,20.126367291371945,28.959710745077555,"rgba(239, 83, 80, 0.75)"
2025-08-26 00:00:00+00:00,20.75,20.87,19.35,19.72,155578,0.0,0.0,0.0,0.0,0.0,0.0,0.0,0.0,,,,,,,,27.184678423630885,28.8633157735901,,,,,,,,,,,20.200712619193762,28.8633157735901,"rgba(239, 83, 80, 0.75)"
2025-08-27 00:00:00+00:00,20.51,20.82,20.31,20.64,117042,0.0,0.0,0.0,0.0,0.0,0.0,0.0,0.0,,,,,,,,27.121916437350922,28.79406363092085,,,,,,,,,,,20.277223478786112,28.79406363092085,"rgba(239, 83, 80, 0.75)"
2025-08-28 00:00:00+00:00,20.92,21.04,20.3074,20.6,66104,0.0,0.0,0.0,0.0,0.0,0.0,0.0,0.0,,,,,,,,27.08810168081515,28.756436993527405,,,,,,,,,,,20.33036390184633,28.756436993527405,"rgba(239, 83, 80, 0.75)"
2025-08-29 00:00:00+00:00,23.02,23.88,21.925,22.55,132007,0.0,0.0,0.0,0.0,0.0,0.0,0.0,0.0,,,,,,,,27.04458123030273,28.70258594373884,,,,,,,,,,,20.80430186150662,28.70258594373884,#000000
2025-09-02 00:00:00+00:00,22.35,23.72,22.1567,23.44,84821,0.0,0.0,0.0,0.0,0.0,0.0,0.0,0.0,,,,,,,,27.015760075895106,28.66732748764568,,,,,,,,,,,21.006698805643765,28.66732748764568,#000000
2025-09-03 00:00:00+00:00,22.23,23.6155,22.11,22.16,69008,0.0,0.0,0.0,0.0,0.0,0.0,0.0,0.0,,,,,,,,26.992105299724628,28.6385154753742,,,,,,,,,,,21.135537285202894,28.6385154753742,#000000
2025-09-04 00:00:00+00:00,23.25,23.58,22.41,22.41,47710,0.0,0.0,0.0,0.0,0.0,0.0,0.0,0.0,,,,,,,,26.97749909477415,28.620169731418592,,,,,,,,,,,21.235411558512073,28.620169731418592,"rgba(38, 166, 154, 1.0)"
2025-09-05 00:00:00+00:00,23.04,23.8599,22.81,23.22,72618,0.0,0.0,0.0,0.0,0.0,0.0,0.0,0.0,,,,,,,,26.956360659975875,28.593260407408323,23.236633333333337,,,,,,,,,,21.38052021456718,28.593260407408323,"rgba(38, 166, 154, 1.0)"
2025-09-08 00:00:00+00:00,22.53,23.34,22.15,23.34,70880,0.0,0.0,0.0,0.0,0.0,0.0,0.0,0.0,,,,,,,,26.932867457071076,28.564518391538154,22.958394584361223,,,,,,,,,,21.465970832645606,28.564518391538154,"rgba(38, 166, 154, 1.0)"
2025-09-09 00:00:00+00:00,22.96,23.0,22.05,22.59,96780,0.0,0.0,0.0,0.0,0.0,0.0,0.0,0.0,,,,,,,,26.90117801517189,28.525699639535755,22.842234020870265,,,,,,,,,,21.56563814863062,28.525699639535755,"rgba(38, 166, 154, 1.0)"
2025-09-10 00:00:00+00:00,22.87,23.45,22.67,22.67,49657,0.0,0.0,0.0,0.0,0.0,0.0,0.0,0.0,,,,,,,,26.886341873891197,28.507079956856234,22.868683610924283,,,,,,,,,,21.623941589145446,28.507079956856234,"rgba(38, 166, 154, 1.0)"
2025-09-11 00:00:00+00:00,23.39,23.59,22.56,22.56,57409,0.0,0.0,0.0,0.0,0.0,0.0,0.0,0.0,,,,,,,,26.870131403919814,28.486420245934394,22.92013796908348,,,,,,,,,,21.693939009101136,28.486420245934394,"rgba(38, 166, 154, 1.0)"
2025-09-12 00:00:00+00:00,23.35,23.73,23.24,23.32,54383,0.0,0.0,0.0,0.0,0.0,0.0,0.0,0.0,,,,,,,,26.855978406550907,28.46794845429136,22.990513265808204,,,,,,,,,,21.765302437325175,28.46794845429136,"rgba(38, 166, 154, 1.0)"
2025-09-15 00:00:00+00:00,22.65,23.68,22.6,23.5,53141,0.0,0.0,0.0,0.0,0.0,0.0,0.0,0.0,,,,,,,,26.840400416540504,28.448377351655004,22.988895605025338,,,,,,,,,,21.811823570654102,28.448377351655004,"rgba(38, 166, 154, 1.0)"
2025-09-16 00:00:00+00:00,23.77,23.82,22.43,22.66,66102,-1.0,23.82,22.43,322.0,-1.0,23.82,22.43,322.0,,,,,,,23.34,26.823002573325358,28.425830375129298,23.033444624578507,,,,,,,,,,21.881497085427533,28.425830375129298,"rgba(38, 166, 154, 1.0)"
2025-09-17 00:00:00+00:00,22.84,23.76,22.78,23.7,69202,0.0,0.0,0.0,0.0,0.0,0.0,0.0,0.0,,,,,,,23.230889453871775,26.80386886087813,28.401457060493286,23.044375593442812,,,,,,,,,,21.938222421945927,28.401457060493286,"rgba(38, 166, 154, 1.0)"
2025-09-18 00:00:00+00:00,23.26,23.28,22.68,22.68,65987,0.0,0.0,0.0,0.0,0.0,0.0,0.0,0.0,,,,,,,23.179239575208694,26.78554570133039,28.378191113104865,23.047287744891097,,,,,,,,,,21.985478665493186,28.378191113104865,"rgba(38, 166, 154, 0.75)"
2025-09-19 00:00:00+00:00,22.04,23.23,21.5,23.23,239435,0.0,0.0,0.0,0.0,0.0,0.0,0.0,0.0,,,,,,,22.678029652588382,26.706244953002525,28.282712062935136,22.83591701455496,,,,,,,,,,22.021068221369006,28.282712062935136,#000000
2025-09-22 00:00:00+00:00,22.01,22.285,20.99,21.99,84824,0.0,0.0,0.0,0.0,0.0,0.0,0.0,0.0,,,,,,,22.530128265626487,26.675761705672784,28.246877368455937,22.74297480877204,,,,,,,,,,22.009543786107464,28.246877368455937,#000000
2025-09-23 00:00:00+00:00,21.95,22.51,21.67,22.1,77013,0.0,0.0,0.0,0.0,0.0,0.0,0.0,0.0,,,,,,,22.467911471497587,26.649977017295214,28.216080238477293,22.692019721444392,,,,,,,,,,22.01085387611417,28.216080238477293,#000000
2025-09-24 00:00:00+00:00,22.69,23.22,22.1,22.1,63565,0.0,0.0,0.0,0.0,0.0,0.0,0.0,0.0,,,,,,,22.48719568911681,26.63177593998858,28.193447629141595,22.690771114318576,,,,,,,,,,22.031293555061534,28.193447629141595,#000000
2025-09-25 00:00:00+00:00,22.44,22.84,22.275,22.69,39624,0.0,0.0,0.0,0.0,0.0,0.0,0.0,0.0,,,,,,,22.488943892472143,26.620082940279907,28.179047712282827,22.68488402411355,,,,,,,,,,22.04052951931036,28.179047712282827,#000000
2025-09-26 00:00:00+00:00,22.55,22.615,21.985,22.25,68104,0.0,0.0,0.0,0.0,0.0,0.0,0.0,0.0,,,,,,,22.479649525665412,26.599483714630868,28.153881563914442,22.66817009303961,,,,,,,,,,22.051350044455358,28.153881563914442,#000000
2025-09-29 00:00:00+00:00,21.81,22.42,21.71,22.42,115848,0.0,0.0,0.0,0.0,0.0,0.0,0.0,0.0,,,,,,,22.41459036188815,26.561591465983767,28.108613912710705,22.608877523405216,,,,,,,,,,22.047714255060125,28.108613912710705,#000000
2025-09-30 00:00:00+00:00,20.54,21.97,20.3,21.5,87998,0.0,0.0,0.0,0.0,0.0,0.0,0.0,0.0,,,,,,,22.281569943261513,26.5267609162168,28.068891196747323,22.50615918435632,,,,,,,,,,22.006311583689786,28.068891196747323,"rgba(239, 83, 80, 1.0)"
2025-10-01 00:00:00+00:00,21.08,21.195,20.01,20.21,92340,0.0,0.0,0.0,0.0,0.0,0.0,0.0,0.0,,,,,,,22.150408859340725,26.48954280789348,28.02666766126404,22.40052249820208,,,,,,,,,,21.95947345443623,28.02666766126404,"rgba(239, 83, 80, 1.0)"
2025-10-02 00:00:00+00:00,21.01,21.2589,20.6,21.0,61102,0.0,0.0,0.0,0.0,0.0,0.0,0.0,0.0,,,,,,,22.085905631172217,26.46600630747743,27.999736671631922,22.34488301811924,,,,,,,,,,21.935100191579483,27.999736671631922,"rgba(239, 83, 80, 1.0)"
2025-10-03 00:00:00+00:00,22.0,22.125,21.04,21.04,53914,0.0,0.0,0.0,0.0,0.0,0.0,0.0,0.0,,,,,,,22.06933464516786,26.448266165389555,27.978707342339675,22.324394236081385,,,,,,,,,,21.9306206414001,27.978707342339675,"rgba(239, 83, 80, 0.5)"
2025-10-06 00:00:00+00:00,21.29,22.35,21.29,22.35,29237,0.0,0.0,0.0,0.0,0.0,0.0,0.0,0.0,,,,,,,22.05907766448845,26.438542720631833,27.967220131083735,22.312464797426415,,,,,,,,,,21.927387650982755,27.967220131083735,"rgba(239, 83, 80, 0.5)"
2025-10-07 00:00:00+00:00,21.51,21.67,21.0,21.35,41907,0.0,0.0,0.0,0.0,0.0,0.0,0.0,0.0,,,,,,,22.036868379926158,26.42395095310223,27.950179287335235,22.28995371239439,,,,,,,,,,21.91890995610634,27.950179287335235,"rgba(239, 83, 80, 0.5)"
2025-10-08 00:00:00+00:00,21.83,21.9,21.1,21.53,37459,0.0,0.0,0.0,0.0,0.0,0.0,0.0,0.0,,,,,,,22.02450806092168,26.411537898229078,27.935522631356598,22.27538696164986,,,,,,,,,,21.91458805499116,27.935522631356598,"rgba(239, 83, 80, 0.5)"
2025-10-09 00:00:00+00:00,22.37,22.505,21.46,21.61,73538,0.0,0.0,0.0,0.0,0.0,0.0,0.0,0.0,,,,,,,22.029196090644692,26.389881053002735,27.909211886998637,22.268779266624115,,,,,,,,,,21.91985635509294,27.909211886998637,#000000
2025-10-10 00:00:00+00:00,20.11,22.3521,20.09,22.27,178689,0.0,0.0,0.0,0.0,0.0,0.0,0.0,0.0,,,,,,,21.89297387536053,26.322909790548774,27.8325675417061,22.142129557177388,,,,,,,,,,21.854644476606293,27.8325675417061,"rgba(239, 83, 80, 0.5)"
2025-10-13 00:00:00+00:00,20.41,20.79,20.16,20.49,92708,0.0,0.0,0.0,0.0,0.0,0.0,0.0,0.0,,,,,,,21.811522318436026,26.286320554342588,27.791228740415495,22.067342066052564,,,,,,,,,,21.811660243068133,27.791228740415495,"rgba(239, 83, 80, 0.5)"
2025-10-14 00:00:00+00:00,20.26,20.42,19.8301,20.01,79657,0.0,0.0,0.0,0.0,0.0,0.0,0.0,0.0,,,,,,,21.73542404415027,26.253735290381705,27.754720492491646,21.997795123327233,,,,,20.170033333333336,,,,,21.76950440425593,27.754720492491646,"rgba(239, 83, 80, 1.0)"
2025-10-15 00:00:00+00:00,20.92,21.12,20.32,20.32,69309,0.0,0.0,0.0,0.0,0.0,0.0,0.0,0.0,,,,,,,21.698637949415648,26.228509484362878,27.725797802968277,21.96036157926892,,,,,20.456932623775447,,,,,21.74802441835911,27.725797802968277,"rgba(239, 83, 80, 0.5)"
2025-10-16 00:00:00+00:00,20.17,21.01,20.09,21.0,43386,0.0,0.0,0.0,0.0,0.0,0.0,0.0,0.0,,,,,,,21.668418431399108,26.211790368030055,27.70687307471199,21.931187967972924,,,,,20.44935412802224,,,,,21.730146146721797,27.70687307471199,"rgba(239, 83, 80, 1.0)"
2025-10-17 00:00:00+00:00,20.03,20.39,19.84,20.17,59165,0.0,0.0,0.0,0.0,0.0,0.0,0.0,0.0,,,,,,,21.61890586619248,26.187828222623075,27.680037551373065,21.884649807198155,,,,,20.364038210405926,,,,,21.700445212337026,27.680037551373065,"rgba(239, 83, 80, 1.0)"
2025-10-20 00:00:00+00:00,21.07,21.09,20.11,20.11,50725,0.0,0.0,0.0,0.0,0.0,0.0,0.0,0.0,,,,,,,21.596370712101336,26.16967279256981,27.659197017229072,21.86076668263969,,,,,20.42993268716239,,,,,21.68604543554463,27.659197017229072,"rgba(239, 83, 80, 0.5)"
2025-10-21 00:00:00+00:00,21.22,21.6,20.54,21.1,37532,0.0,0.0,0.0,0.0,0.0,0.0,0.0,0.0,,,,,,,21.58733340079628,26.157213773423656,27.64466489267509,21.849340568493506,,,,,20.50615866791848,,,,,21.679726539492524,27.64466489267509,"rgba(239, 83, 80, 0.5)"
2025-10-22 00:00:00+00:00,21.58,21.78,20.88,21.345,35847,0.0,0.0,0.0,0.0,0.0,0.0,0.0,0.0,,,,,,,21.584236723318956,26.146060990798336,27.631466658579818,21.84301046995142,,,,,20.592733939884443,,,,,21.6769162037315,27.631466658579818,#000000
2025-10-23 00:00:00+00:00,21.92,22.23,21.67,21.83,63576,0.0,0.0,0.0,0.0,0.0,0.0,0.0,0.0,,,,,,,21.595122314943467,26.128596400500555,27.610167070391135,21.845445144928593,,,,,20.787757555796908,,,,,21.681748114986853,27.610167070391135,#000000
2025-10-24 00:00:00+00:00,22.3,22.5,21.72,21.87,35318,0.0,0.0,0.0,0.0,0.0,0.0,0.0,0.0,,,,,,,21.60478638689591,26.11949390461801,27.598887462216883,21.849954665854614,,,,,20.890885518687504,,,,,21.686713099684955,27.598887462216883,"rgba(38, 166, 154, 1.0)"
2025-10-27 00:00:00+00:00,21.65,22.7,21.51,22.54,59049,0.0,0.0,0.0,0.0,0.0,0.0,0.0,0.0,,,,,,,21.614261447959638,26.10352519818705,27.579372524945242,21.85227835899224,,,,,21.008465567204688,,,,,21.691140575880624,27.579372524945242,"rgba(38, 166, 154, 1.0)"
2025-10-28 00:00:00+00:00,22.0,22.065,21.3,21.5,58692,0.0,0.0,0.0,0.0,0.0,0.0,0.0,0.0,,,,,,,21.618841145356125,26.087147653952293,27.55954384232902,21.85088094546962,,,,,21.08574971279312,,,,,21.692718745394245,27.55954384232902,"rgba(38, 166, 154, 1.0)"
2025-10-29 00:00:00+00:00,22.1,22.2,21.9,22.15,43962,0.0,0.0,0.0,0.0,0.0,0.0,0.0,0.0,,,,,,,21.6274956136194,26.07575060658747,27.54549232022369,21.85435621177363,,,,,21.15353005086307,,,,,21.697212188161092,27.54549232022369,"rgba(38, 166, 154, 1.0)"
2025-10-30 00:00:00+00:00,22.13,22.48,21.98,21.98,44327,0.0,0.0,0.0,0.0,0.0,0.0,0.0,0.0,,,,,,,21.638374488715144,26.064694687546545,27.531731191507074,21.859826127528784,,,,,21.22147429667889,,,,,21.70319113391918,27.531731191507074,"rgba(38, 166, 154, 1.0)"
2025-10-31 00:00:00+00:00,21.92,22.24,21.895,22.1,54273,0.0,0.0,0.0,0.0,0.0,0.0,0.0,0.0,,,,,,,21.647063030357675,26.05062342941352,27.514418501313138,21.862867783764138,,,,,21.280329592134834,,,,,21.70774344056967,27.514418501313138,"rgba(38, 166, 154, 1.0)"
2025-11-03 00:00:00+00:00,21.96,22.07,21.7,21.9,49332,0.0,0.0,0.0,0.0,0.0,0.0,0.0,0.0,,,,,,,21.6524169579202,26.037576500634614,27.49846768686846,21.863675788761103,,,,,21.319943059661203,,,,,21.710364683156943,27.49846768686846,"rgba(38, 166, 154, 1.0)"
2025-11-04 00:00:00+00:00,21.79,21.97,21.53,21.74,31520,0.0,0.0,0.0,0.0,0.0,0.0,0.0,0.0,,,,,,,21.653841450682197,26.028988623954735,27.48805736047196,21.862588594360613,,,,,21.337077024899777,,,,,21.71079969349527,27.48805736047196,"rgba(38, 166, 154, 1.0)"
2025-11-05 00:00:00+00:00,22.21,22.21,21.61,21.61,27435,0.0,0.0,0.0,0.0,0.0,0.0,0.0,0.0,,,,,,,21.657778754088426,26.0219724028604,27.479416032969535,21.863965790644343,,,,,21.35897422847688,,,,,21.712923270735885,27.479416032969535,"rgba(38, 166, 154, 1.0)"
2025-11-06 00:00:00+00:00,21.22,22.46,20.795,22.46,42889,1.0,22.46,20.795,0.0,0.0,0.0,0.0,0.0,,,21.491666666666667,,,,21.654956758708014,26.009642168915676,27.464686505907977,21.858606581980123,,,,,21.365397574438052,,,,,21.71049525751286,27.464686505907977,#000000
2025-11-07 00:00:00+00:00,21.2,21.36,20.92,21.15,78959,0.0,0.0,0.0,0.0,0.0,0.0,0.0,0.0,,,21.276742594598737,,,,21.639945982759173,25.985463158198275,27.436262713515532,21.84057069050209,,,,,21.34859055162963,,,,,21.69959397447588,27.436262713515532,#000000
2025-11-10 00:00:00+00:00,23.39,23.63,20.97,20.97,141264,0.0,0.0,0.0,0.0,0.0,0.0,0.0,0.0,,,22.021198773399412,,,,21.692615432623885,25.956092166139083,27.3980731665894,21.876895168466273,,,,,21.516483310748857,,,,,21.73256962230341,27.3980731665894,"rgba(38, 166, 154, 1.0)"
2025-11-11 00:00:00+00:00,23.37,23.7,22.06,22.06,137609,0.0,0.0,0.0,0.0,0.0,0.0,0.0,0.0,,,22.372203374251242,,,,21.75709972382022,25.931220914689746,27.36439370263401,21.92499179459981,,,,,21.68540428905115,,,,,21.774849527705744,27.36439370263401,"rgba(38, 166, 154, 1.0)"
2025-11-12 00:00:00+00:00,22.75,24.0,22.27,23.81,79690,0.0,0.0,0.0,0.0,0.0,0.0,0.0,0.0,,,22.47744738359446,,,,21.790716950203095,25.916830690306323,27.344963416321857,21.95021836032598,,,,,21.764958596571557,,,,,21.797437395491315,27.344963416321857,"rgba(38, 166, 154, 1.0)"
2025-11-13 00:00:00+00:00,23.5,23.87,22.71,22.94,141210,0.0,0.0,0.0,0.0,0.0,0.0,0.0,0.0,,,22.677931689888208,,,,,25.89473023324666,27.31372512462888,22.006166824387304,,,,,21.91873192795103,,,,,21.846612003410097,27.31372512462888,"rgba(38, 166, 154, 1.0)"
2025-11-14 00:00:00+00:00,23.76,23.91,22.74,23.62,59211,0.0,0.0,0.0,0.0,0.0,0.0,0.0,0.0,,,22.746816755087888,,,,,25.885973775758863,27.301132188027008,22.030127404417332,,,,,21.979004848560013,,,,,21.867755134895873,27.301132188027008,"rgba(38, 166, 154, 1.0)"
2025-11-17 00:00:00+00:00,23.52,24.4,23.39,24.0,54393,0.0,0.0,0.0,0.0,0.0,0.0,0.0,0.0,,,22.822513319051986,,,,,25.878977328834235,27.290536621624636,22.055901423899776,,,,,22.0407267947134,,,,,21.890245102095747,27.290536621624636,"rgba(38, 166, 154, 1.0)"
2025-11-18 00:00:00+00:00,23.9,23.97,23.145,23.24,49613,0.0,0.0,0.0,0.0,0.0,0.0,0.0,0.0,,,22.876191969977665,,,,,25.872340274482667,27.280659085021842,22.077442459585846,,,,,22.09043112703168,,,,,21.909250776182983,27.280659085021842,"rgba(38, 166, 154, 1.0)"
2025-11-19 00:00:00+00:00,23.5,23.65,23.035,23.65,214334,0.0,0.0,0.0,0.0,0.0,0.0,0.0,0.0,,,22.987482318693207,,,,,25.840572410136947,27.235375073392763,22.1491944823605,,,,,22.242207143786377,,,,,21.974712641206875,27.235375073392763,"rgba(38, 166, 154, 1.0)"
2025-11-20 00:00:00+00:00,24.09,24.58,23.66,23.66,96603,0.0,0.0,0.0,0.0,0.0,0.0,0.0,0.0,,,23.086442940688855,,,,,25.830627775536186,27.219044303697263,22.196169565691815,,,,,22.335268289029404,,,,,22.01629019120652,27.219044303697263,"rgba(38, 166, 154, 1.0)"
2025-11-21 00:00:00+00:00,24.87,24.94,24.03,24.21,57797,0.0,0.0,0.0,0.0,0.0,0.0,0.0,0.0,,,23.162944176869754,,,,,25.826456980901145,27.21092367126409,22.230326044472957,,,,,22.40121051472021,,,,,22.04619673506127,27.21092367126409,"rgba(38, 166, 154, 1.0)"
2025-11-24 00:00:00+00:00,24.54,25.16,24.44,25.0,42443,0.0,0.0,0.0,0.0,0.0,0.0,0.0,0.0,,,23.21796285721054,,,,,25.823663305092232,27.20522080987005,22.255827347861125,,,,,22.44933589664496,,,,,22.0685620981121,27.20522080987005,"rgba(38, 166, 154, 1.0)"
2025-11-25 00:00:00+00:00,25.21,25.25,24.14,24.59,51362,0.0,0.0,0.0,0.0,0.0,0.0,0.0,0.0,,,23.285849891412138,,,,,25.820765548930172,27.198776795224372,22.287877935773228,,,,,22.50872839225595,,,,,22.096671112545845,27.198776795224372,"rgba(38, 166, 154, 1.0)"
2025-11-26 00:00:00+00:00,25.21,25.51,24.4,25.0,35732,0.0,0.0,0.0,0.0,0.0,0.0,0.0,0.0,,,23.334699437070427,,,,,25.819124303325143,27.194646315645524,22.311182753249575,,,,,22.551267570855995,,,,,22.117098426689406,27.194646315645524,"rgba(38, 166, 154, 1.0)"
2025-11-28 00:00:00+00:00,25.04,25.42,24.825,24.98,24114,0.0,0.0,0.0,0.0,0.0,0.0,0.0,0.0,,,23.367171240102106,,,,,25.818098504189972,27.191938678896015,22.327000910475032,,,,,22.579793248704384,,,,,22.130980854084893,27.191938678896015,"rgba(38, 166, 154, 1.0)"
2025-12-01 00:00:00+00:00,25.18,25.6399,24.7775,24.87,26948,0.0,0.0,0.0,0.0,0.0,0.0,0.0,0.0,,,23.404173779123262,,,,,25.81712017341768,27.189070930830923,22.345123817636598,,,,,22.612212646429146,,,,,22.14688215381881,27.189070930830923,"rgba(38, 166, 154, 1.0)"
2025-12-02 00:00:00+00:00,25.13,25.4,24.5001,24.93,36343,0.0,0.0,0.0,0.0,0.0,0.0,0.0,0.0,,,23.446757622687542,,,,,25.81540341482623,27.184850147746243,22.3676102212023,,,,,22.651579853353265,,,,,22.166755419190718,27.184850147746243,"rgba(38, 166, 154, 1.0)"
2025-12-03 00:00:00+00:00,25.8,25.8,24.9,24.9,31886,0.0,0.0,0.0,0.0,0.0,0.0,0.0,0.0,,,23.49344165466343,,,,,25.814815891818544,27.181991692324054,22.390629371716336,,,,,22.692027202522375,,,,,22.186931399612234,27.181991692324054,"rgba(38, 166, 154, 1.0)"
2025-12-04 00:00:00+00:00,26.36,26.41,25.72,25.85,35229,0.0,0.0,0.0,0.0,0.0,0.0,0.0,0.0,,,23.558867167050742,,,,,25.8155316896714,27.180085855668057,22.421014047458904,,,,,22.74564618820082,,,,,22.213347172011776,27.180085855668057,"rgba(38, 166, 154, 1.0)"
2025-12-05 00:00:00+00:00,26.35,26.95,25.93,25.93,22763,0.0,0.0,0.0,0.0,0.0,0.0,0.0,0.0,,,23.60330752051503,,,,,25.816319547412583,27.17915603166039,22.44166496686385,,,,,22.781857082253637,,,,,22.231283976688207,27.17915603166039,"rgba(38, 166, 154, 1.0)"
2025-12-08 00:00:00+00:00,26.3,26.5735,26.03,26.36,57021,0.0,0.0,0.0,0.0,0.0,0.0,0.0,0.0,,,23.704687056852677,,,,,25.81792386307913,27.17650847896095,22.491075280247347,,,,,22.866870012387114,,,,,22.274396575316715,27.17650847896095,"rgba(38, 166, 154, 1.0)"
2025-12-09 00:00:00+00:00,27.67,27.93,26.5,26.5,79090,0.0,0.0,0.0,0.0,0.0,0.0,0.0,0.0,,,23.88609978663783,,,,,25.824999448668034,27.177300514118198,22.57614132877954,,,,,23.012749562457028,,,,,22.34813363949422,27.177300514118198,"rgba(38, 166, 154, 1.0)"
2025-12-10 00:00:00+00:00,27.22,27.49,26.5272,27.43,50051,0.0,0.0,0.0,0.0,0.0,0.0,0.0,0.0,,,23.98315775455891,,,,,25.82861472315714,27.17704226518357,22.625316512619595,,,,,23.09449699750046,,,,,22.39109230906879,27.17704226518357,"rgba(38, 166, 154, 1.0)"
2025-12-11 00:00:00+00:00,27.19,27.5106,26.26,27.21,58181,0.0,0.0,0.0,0.0,0.0,0.0,0.0,0.0,,,24.085671510782216,,,,,25.832483190949105,27.176462869251502,22.67999066227939,,,,,23.18338089904913,,,,,22.43909560302264,27.176462869251502,"rgba(38, 166, 154, 1.0)"
2025-12-12 00:00:00+00:00,27.08,27.47,26.8101,27.4,37045,0.0,0.0,0.0,0.0,0.0,0.0,0.0,0.0,,,24.150207751706105,,,,,25.835215475519714,27.1763536161199,22.71514865941667,,,,,23.239798607932915,,,,,22.47002097035607,27.1763536161199,"rgba(38, 166, 154, 0.75)"
2025-12-15 00:00:00+00:00,26.68,27.43,26.57,27.43,123997,0.0,0.0,0.0,0.0,0.0,0.0,0.0,0.0,,,24.332512144323783,,,,,25.842678304694818,27.174531310615905,22.82302975857355,,,,,23.407036363341042,,,,,22.56572096968817,27.174531310615905,"rgba(38, 166, 154, 0.75)"
2025-12-16 00:00:00+00:00,26.5,26.74,26.35,26.66,105797,0.0,0.0,0.0,0.0,0.0,0.0,0.0,0.0,,,24.45043194985326,,,,,25.846789669898513,27.17100978815653,22.902934995774704,,,,,23.524421039841492,,,,,22.63757428862314,27.17100978815653,"rgba(38, 166, 154, 0.75)"
2025-12-17 00:00:00+00:00,26.59,26.85,26.37,26.63,35075,0.0,0.0,0.0,0.0,0.0,0.0,0.0,0.0,,,24.48806335226871,,,,,25.848287021944415,27.16998336677972,22.929191469126653,,,,,23.562316538433382,,,,,22.6612624511311,27.16998336677972,"rgba(38, 166, 154, 0.75)"
2025-12-18 00:00:00+00:00,26.55,27.95,26.54,27.03,58838,0.0,0.0,0.0,0.0,0.0,0.0,0.0,0.0,,,24.559998849875754,,,,,25.852142283293038,27.169509670186798,22.977232262553635,27.013333333333332,,,,23.6321272668471,,,,,22.704437345471735,27.169509670186798,"rgba(38, 166, 154, 0.75)"
2025-12-19 00:00:00+00:00,26.52,26.99,26.2992,26.55,200125,0.0,0.0,0.0,0.0,0.0,0.0,0.0,0.0,,,24.740466179160418,,,,,25.860500035814212,27.163742995753218,,26.696281798300657,,,,23.823382774308506,,,,,22.831693351929378,27.163742995753218,"rgba(38, 166, 154, 0.75)"
2025-12-22 00:00:00+00:00,26.59,27.0,26.25,26.52,42420,0.0,0.0,0.0,0.0,0.0,0.0,0.0,0.0,,,24.774888156273395,,,,,25.8622719311446,27.16255780456175,,26.68460670752276,,,,23.860940551934114,,,,,22.857678270628472,27.16255780456175,"rgba(38, 166, 154, 0.75)"
2025-12-23 00:00:00+00:00,27.56,27.74,26.6,26.74,57243,0.0,0.0,0.0,0.0,0.0,0.0,0.0,0.0,,,24.835999433934738,,,,,25.86682380848981,27.16295601630423,,26.782834271172007,,,,23.92229926878986,,,,,22.898490893698927,27.16295601630423,"rgba(38, 166, 154, 1.0)"
2025-12-24 00:00:00+00:00,27.32,27.74,26.9801,27.7,33877,0.0,0.0,0.0,0.0,0.0,0.0,0.0,0.0,,,24.87145154496255,,,,,25.869591443217058,27.163270534399764,,26.831501617142628,,,,23.958079413168054,,,,,22.922545449828707,27.163270534399764,"rgba(38, 166, 154, 1.0)"
2025-12-26 00:00:00+00:00,26.79,27.3725,26.43,27.045,32294,0.0,0.0,0.0,0.0,0.0,0.0,0.0,0.0,,,24.89791840548107,,,,,25.871361406895424,27.162783271484212,,26.83398488587882,,,,23.986739581161917,,,,,22.942760317237227,27.162783271484212,"rgba(38, 166, 154, 0.75)"
2025-12-29 00:00:00+00:00,26.93,27.06,26.706,27.04,27987,0.0,0.0,0.0,0.0,0.0,0.0,0.0,0.0,,,24.920685824469835,,,,,25.872943352157616,27.16241091507382,,26.837982926884926,,,,24.01141639134306,,,,,22.960264850688173,27.16241091507382,"rgba(38, 166, 154, 0.75)"
2025-12-30 00:00:00+00:00,26.99,27.15,26.7796,27.15,14932,0.0,0.0,0.0,0.0,0.0,0.0,0.0,0.0,,,24.933072089903195,,,,,25.87384656667829,27.162268700402613,,26.842299780137232,,,,24.02474743965532,,,,,22.969716426509436,27.162268700402613,"rgba(38, 166, 154, 0.5)"
2025-12-31 00:00:00+00:00,26.68,27.0,26.58,27.0,16721,0.0,0.0,0.0,0.0,0.0,0.0,0.0,0.0,,,24.945290290419514,,,,,25.874654306391246,27.161924800720694,,26.839228982578398,,,,24.038431324210283,,,,,22.97966932504222,27.161924800720694,"rgba(38, 166, 154, 0.5)"
2026-01-02 00:00:00+00:00,26.77,27.15,25.38,26.07,46866,0.0,0.0,0.0,0.0,0.0,0.0,0.0,0.0,,,24.972768597830054,,,,,25.876088750473443,27.160211496971357,,26.803425108898935,,,,24.07162788894124,,,,,23.004946462130277,27.160211496971357,"rgba(38, 166, 154, 0.5)"
2026-01-05 00:00:00+00:00,26.47,26.9,26.18,26.89,26180,0.0,0.0,0.0,0.0,0.0,0.0,0.0,0.0,,,24.988531924929497,,,,,25.877006200714693,27.159367247629156,,26.789958624687507,,,,24.090414699251426,,,,,23.019245521998457,27.159367247629156,"rgba(38, 166, 154, 0.5)"
2026-01-06 00:00:00+00:00,26.08,26.62,25.88,26.26,48027,0.0,0.0,0.0,0.0,0.0,0.0,0.0,0.0,,,25.010683331961538,,,,,25.87783514100572,27.157047951576494,,26.742636329650487,,,,24.119644556431382,,,,,23.04277922874921,27.157047951576494,#000000
2026-01-07 00:00:00+00:00,25.81,26.13,25.2801,26.13,53464,0.0,0.0,0.0,0.0,0.0,0.0,0.0,0.0,,,25.0253117953539,,,,,25.877434318001864,27.15327088211161,,26.661292958599276,,,,24.14433511824418,,,,,23.064859247491565,27.15327088211161,"rgba(239, 83, 80, 1.0)"
2026-01-08 00:00:00+00:00,27.06,27.06,25.7,25.7,40333,0.0,0.0,0.0,0.0,0.0,0.0,0.0,0.0,,,25.048882313878465,,,,,25.879030971943926,27.15217394868158,,26.658142350593753,,,,24.17231807439583,,,,,23.086597660248547,27.15217394868158,#000000
2026-01-09 00:00:00+00:00,25.74,27.25,25.13,27.12,116238,1.0,27.25,25.13,0.0,1.0,27.25,25.13,0.0,,26.039999999999996,25.089703581870456,,,,,25.880040324734804,27.145778616820397,,26.570039755950518,,,,24.231548061272306,26.039999999999996,,,,23.13793084941052,27.145778616820397,"rgba(239, 83, 80, 0.75)"
2026-01-12 00:00:00+00:00,26.44,26.53,25.68,25.73,52195,0.0,0.0,0.0,0.0,0.0,0.0,0.0,0.0,,26.094746496628726,25.11016770075309,,,,,25.880985491465808,27.143385746048978,,26.54878418585444,,,,,26.094746496628726,,,,23.16177338547214,27.143385746048978,#000000
2026-01-13 00:00:00+00:00,26.57,26.9133,26.09,26.68,45997,0.0,0.0,0.0,0.0,0.0,0.0,0.0,0.0,,26.186917859907663,25.132442830240013,,,,,25.88257367618766,27.141984144719206,,26.54755837781185,,,,,26.186917859907663,,,,23.184566818375046,27.141984144719206,#000000
2026-01-14 00:00:00+00:00,26.21,27.15,25.97,26.51,47042,0.0,0.0,0.0,0.0,0.0,0.0,0.0,0.0,,26.233050129140658,25.153224096389188,,,,,25.883985647202337,27.14036986403392,,26.54245527445264,,,,,26.233050129140658,,,,23.20700233072457,27.14036986403392,#000000
2026-01-15 00:00:00+00:00,26.48,26.565,25.73,26.06,28452,0.0,0.0,0.0,0.0,0.0,0.0,0.0,0.0,,26.235531323266322,25.16371936589582,,,,,25.884554880510404,27.13913895493228,,26.534283434438805,,,,,26.235531323266322,,,,23.21965535808464,27.13913895493228,#000000
2026-01-16 00:00:00+00:00,26.81,27.18,25.6801,26.42,33801,0.0,0.0,0.0,0.0,0.0,0.0,0.0,0.0,,26.26906541066234,25.179260321664216,,,,,25.88576690422019,27.138174932462913,,26.535024078262783,,,,,26.26906541066234,,,,23.23601409144717,27.138174932462913,#000000
2026-01-20 00:00:00+00:00,26.7,27.14,26.45,26.66,32084,0.0,0.0,0.0,0.0,0.0,0.0,0.0,0.0,,26.31363452507759,25.195859700945903,,,,,25.88726639677851,27.137586953603677,,26.541966513160638,,,,,26.31363452507759,,,,23.252351201516337,27.137586953603677,#000000
2026-01-21 00:00:00+00:00,27.6,27.645,26.8,26.8,43171,0.0,0.0,0.0,0.0,0.0,0.0,0.0,0.0,,26.425592473474023,25.225787673433512,,,,,25.89061790789387,27.13803082991958,,26.573662838432334,,,,,26.425592473474023,,,,23.277719652890077,27.13803082991958,"rgba(38, 166, 154, 0.5)"
2026-01-22 00:00:00+00:00,28.57,29.11,26.89,27.76,80577,0.0,0.0,0.0,0.0,0.0,0.0,0.0,0.0,,26.722054969621265,25.300766911200785,,,,,25.900420597378414,27.142150096636747,,26.68414173970308,,,,,26.722054969621265,,,,23.33385629335968,27.142150096636747,"rgba(38, 166, 154, 0.5)"
2026-01-23 00:00:00+00:00,28.2,29.39,28.1,28.66,46586,0.0,0.0,0.0,0.0,0.0,0.0,0.0,0.0,,26.88508630112599,25.347792054719434,,,,,25.90696795767393,27.145360275332735,,26.75558000285609,,,,,26.88508630112599,,,,23.368180925796953,27.145360275332735,"rgba(38, 166, 154, 0.5)"
2026-01-26 00:00:00+00:00,27.99,28.4,27.7,28.21,37152,0.0,0.0,0.0,0.0,0.0,0.0,0.0,0.0,,26.960598836725573,25.378272855851883,,,,,25.911122678949887,27.146950984260613,,26.79307974682441,,,,,26.960598836725573,,,,23.392456104952544,27.146950984260613,"rgba(38, 166, 154, 0.5)"
2026-01-27 00:00:00+00:00,27.92,28.04,26.5,27.92,28140,0.0,0.0,0.0,0.0,0.0,0.0,0.0,0.0,,26.9856287195268,25.396265930326923,,,,,25.913454603571545,27.147413036075267,,26.808200922027787,,,,,26.9856287195268,,,,23.40854067894384,27.147413036075267,"rgba(38, 166, 154, 0.5)"
2026-01-28 00:00:00+00:00,27.76,28.08,27.391,27.391,37326,0.0,0.0,0.0,0.0,0.0,0.0,0.0,0.0,,27.030629163916547,25.422540747615653,,,,,25.917040691738947,27.148486804605124,,26.83449264382546,,,,,27.030629163916547,,,,23.431014204537483,27.148486804605124,"rgba(38, 166, 154, 0.5)"
2026-01-29 00:00:00+00:00,28.55,29.3491,27.97,27.99,64166,0.0,0.0,0.0,0.0,0.0,0.0,0.0,0.0,,27.178087995705173,25.482961423247957,,,,,25.926124737058352,27.15303761999915,,26.916923831314747,,,,,27.178087995705173,,,,23.47687547742118,27.15303761999915,"rgba(38, 166, 154, 0.5)"
2026-01-30 00:00:00+00:00,28.71,28.83,28.08,28.15,74002,0.0,0.0,0.0,0.0,0.0,0.0,0.0,0.0,,27.309500697717777,25.548102356148643,,,,,25.936205603461293,27.15795677891409,,26.998841668985524,,,,,27.309500697717777,,,,23.52793363318832,27.15795677891409,"rgba(38, 166, 154, 0.5)"
2026-02-02 00:00:00+00:00,28.26,29.12,28.15,28.49,37829,0.0,0.0,0.0,0.0,0.0,0.0,0.0,0.0,,27.36593218159993,25.580017694729133,,,,,25.941269827277456,27.160403652143295,,27.036849074585643,,,,,27.36593218159993,,,,23.55348442681195,27.160403652143295,"rgba(38, 166, 154, 0.5)"
2026-02-03 00:00:00+00:00,28.07,28.7764,27.71,28.24,53327,0.0,0.0,0.0,0.0,0.0,0.0,0.0,0.0,,27.41686340110051,25.619001751682042,,,,,25.947477364578642,27.163012130226047,,27.07617914070445,,,,,27.41686340110051,,,,23.586731663988374,27.163012130226047,"rgba(38, 166, 154, 0.5)"
2026-02-04 00:00:00+00:00,28.0,29.7,27.75,28.31,36368,0.0,0.0,0.0,0.0,0.0,0.0,0.0,0.0,,27.460225521296252,25.647934578747382,,,,,25.952251962063542,27.16529949513486,,27.108288983891335,,,,,27.460225521296252,,,,23.61058422375897,27.16529949513486,"rgba(38, 166, 154, 0.5)"
2026-02-05 00:00:00+00:00,27.65,28.0,27.4,28.0,26632,0.0,0.0,0.0,0.0,0.0,0.0,0.0,0.0,,27.46667639960843,25.662879747448844,,,,,25.954635464731194,27.165955863638256,,27.117740142076723,,,,,27.46667639960843,,,,23.625060797578268,27.165955863638256,"rgba(38, 166, 154, 0.5)"
2026-02-06 00:00:00+00:00,28.48,28.5599,27.98,27.98,61610,0.0,0.0,0.0,0.0,0.0,0.0,0.0,0.0,,27.521427276893302,25.707594014288677,,,,,25.962209252490553,27.169387000221477,,27.162509040199307,,,,,27.521427276893302,,,,23.663514841962236,27.169387000221477,"rgba(38, 166, 154, 0.5)"
2026-02-09 00:00:00+00:00,28.86,28.99,27.92,28.21,48201,0.0,0.0,0.0,0.0,0.0,0.0,0.0,0.0,,27.57138990535094,25.74477366467817,,,,,25.96872077530675,27.172627818334625,,27.202276912381564,,,,,27.57138990535094,,,,23.694750357659682,27.172627818334625,"rgba(38, 166, 154, 0.5)"
2026-02-10 00:00:00+00:00,28.93,29.27,28.545,28.96,46038,0.0,0.0,0.0,0.0,0.0,0.0,0.0,0.0,,27.628828078477106,25.78335551083958,,,,,25.97567741386425,27.176416036154407,,27.246668605573976,,,,,27.628828078477106,,,,23.72617288428106,27.176416036154407,"rgba(38, 166, 154, 0.5)"
2026-02-11 00:00:00+00:00,29.08,29.36,28.61,29.14,51317,0.0,0.0,0.0,0.0,0.0,0.0,0.0,0.0,,27.69195207555765,25.826630125012365,,,,,25.9836600018057,27.180865058335648,,27.296369348587927,,,,,27.69195207555765,,,,23.761433237051865,27.180865058335648,"rgba(38, 166, 154, 0.5)"
2026-02-12 00:00:00+00:00,28.48,29.25,27.8,29.17,39427,0.0,0.0,0.0,0.0,0.0,0.0,0.0,0.0,,27.719573710560613,25.85394226241645,,,,,25.98874485124191,27.183329299494037,,27.32199880768547,,,,,27.719573710560613,,,,23.785624986835206,27.183329299494037,"rgba(38, 166, 154, 0.5)"
2026-02-13 00:00:00+00:00,29.11,29.37,28.5,28.74,22960,0.0,0.0,0.0,0.0,0.0,0.0,0.0,0.0,,27.744136609560023,25.872440576325534,,,,,25.992262404733527,27.185281404531427,,27.342303017971414,,,,,27.744136609560023,,,,23.801029323332006,27.185281404531427,"rgba(38, 166, 154, 0.5)"
2026-02-17 00:00:00+00:00,29.1,29.42,28.71,29.2,43408,0.0,0.0,0.0,0.0,0.0,0.0,0.0,0.0,,27.791008820740874,25.9077423467636,,,,,25.999074248967837,27.189130129692707,,27.381243272163257,,,,,27.791008820740874,,,,23.83036845182716,27.189130129692707,"rgba(38, 166, 154, 0.5)"
2026-02-18 00:00:00+00:00,29.94,30.63,29.0,29.11,55702,0.0,0.0,0.0,0.0,0.0,0.0,0.0,0.0,,27.880221033773,25.962792215939906,,,,,26.009975635313324,27.196077424710918,,27.4505656558684,,,,,27.880221033773,,,,23.873069216901936,27.196077424710918,"rgba(38, 166, 154, 1.0)"
2026-02-19 00:00:00+00:00,29.79,30.9,29.54,29.82,46466,0.0,0.0,0.0,0.0,0.0,0.0,0.0,0.0,,27.956601046838298,26.01008248087866,,,,,26.019539831499408,27.202322083242034,,27.510513162952705,,,,,27.956601046838298,,,,23.909522248740984,27.202322083242034,"rgba(38, 166, 154, 1.0)"
2026-02-20 00:00:00+00:00,29.58,29.82,29.31,29.55,33018,0.0,0.0,0.0,0.0,0.0,0.0,0.0,0.0,,27.995506949297116,26.0389256548982,,,,,26.025463383976916,27.205963722923666,,27.543386672413064,,,,,27.995506949297116,,,,23.933059134537807,27.205963722923666,"rgba(38, 166, 154, 1.0)"
2026-02-23 00:00:00+00:00,28.93,29.82,28.62,29.51,39400,0.0,0.0,0.0,0.0,0.0,0.0,0.0,0.0,,28.027052703994602,26.068460972293366,,,,,26.03161858826227,27.209476327752878,,27.57291783932077,,,,,28.027052703994602,,,,23.95868521046543,27.209476327752878,"rgba(38, 166, 154, 0.5)"
2026-02-24 00:00:00+00:00,29.12,29.17,28.52,29.1,30777,0.0,0.0,0.0,0.0,0.0,0.0,0.0,0.0,,28.04650178964653,26.089755783885526,,,,,26.03612041883981,27.21194448409582,,27.592542744010885,,,,,28.04650178964653,,,,23.977810296555717,27.21194448409582,"rgba(38, 166, 154, 0.5)"
2026-02-25 00:00:00+00:00,28.84,29.4686,28.67,28.99,37303,0.0,0.0,0.0,0.0,0.0,0.0,0.0,0.0,,28.070407770641797,26.115647091840255,,,,,26.041663514890285,27.21502372263908,,27.616548179297446,,,,,28.070407770641797,,,,24.00105509493246,27.21502372263908,"rgba(38, 166, 154, 0.5)"
2026-02-26 00:00:00+00:00,29.9,29.9,28.6804,28.93,63044,0.0,0.0,0.0,0.0,0.0,0.0,0.0,0.0,,28.12867370695962,26.165803875266768,,,,,26.05256562421326,27.221662213130905,,27.66939548601356,,,,,28.12867370695962,,,,24.043744912005103,27.221662213130905,"rgba(38, 166, 154, 0.5)"
2026-02-27 00:00:00+00:00,29.51,29.85,28.95,29.85,52823,0.0,0.0,0.0,0.0,0.0,0.0,0.0,0.0,,28.172057496467463,26.205998217113496,,,,,26.06149743198525,27.22705640215434,,27.710127252591672,,,,,28.172057496467463,,,,24.07863849091078,27.22705640215434,"rgba(38, 166, 154, 0.5)"
2026-03-02 00:00:00+00:00,29.77,30.2,29.49,29.51,48618,0.0,0.0,0.0,0.0,0.0,0.0,0.0,0.0,,28.220875321894113,26.246416748202783,,,,,26.07060560346826,27.232855311261222,,27.753954476656872,,,,,28.220875321894113,,,,24.112626966152266,27.232855311261222,"rgba(38, 166, 154, 0.5)"
2026-03-03 00:00:00+00:00,30.95,31.16,29.43,29.55,103294,0.0,0.0,0.0,0.0,0.0,0.0,0.0,0.0,,28.356615292942173,26.345451043352117,,,,,26.09336253764891,27.248368808213975,,27.87058738969696,,,,,28.356615292942173,,,,24.19213196225089,27.248368808213975,"rgba(38, 166, 154, 1.0)"
2026-03-04 00:00:00+00:00,31.8,31.85,30.04,30.8,63894,0.0,0.0,0.0,0.0,0.0,0.0,0.0,0.0,,28.4581379457361,26.414584804190312,,,,,26.109586393526804,27.259981958185147,,27.956182554223826,,,,,28.4581379457361,,,,24.24579416898445,27.259981958185147,"rgba(38, 166, 154, 1.0)"
2026-03-05 00:00:00+00:00,32.05,32.455,31.4,31.8,65245,0.0,0.0,0.0,0.0,0.0,0.0,0.0,0.0,,28.58037269756212,26.493708620793807,,,,,26.128421523077538,27.27396344858002,,28.057923396530885,,,,,28.58037269756212,,,,24.305457344417885,27.27396344858002,"rgba(38, 166, 154, 1.0)"
2026-03-06 00:00:00+00:00,31.62,32.76,31.46,32.12,82538,0.0,0.0,0.0,0.0,0.0,0.0,0.0,0.0,,28.722409154360285,26.590247505471748,,,,,26.151988284990598,27.291451084633078,,28.178794085213877,,,,,28.722409154360285,,,,24.379416347837825,27.291451084633078,"rgba(38, 166, 154, 1.0)"
2026-03-09 00:00:00+00:00,31.7,32.03,31.07,31.54,75379,0.0,0.0,0.0,0.0,0.0,0.0,0.0,0.0,,28.829179965152985,26.669958301071254,,,,,26.172067133207666,27.306127112322343,,28.273228676243154,,,,,28.829179965152985,,,,24.442683113073436,27.306127112322343,"rgba(38, 166, 154, 1.0)"
2026-03-10 00:00:00+00:00,31.35,32.02,31.26,31.36,75142,0.0,0.0,0.0,0.0,0.0,0.0,0.0,0.0,,28.9259891820767,26.746048506493477,,,,,26.19172865672409,27.320466060810123,,28.360799080528505,,,,,28.9259891820767,,,,24.50416638488407,27.320466060810123,"rgba(38, 166, 154, 1.0)"
2026-03-11 00:00:00+00:00,31.5,31.74,31.06,31.06,43951,0.0,0.0,0.0,0.0,0.0,0.0,0.0,0.0,,28.977229874517963,26.788467281994762,,,,,26.20292720980455,27.328590803861797,,28.408182752205565,,,,,28.977229874517963,,,,24.539082981943665,27.328590803861797,"rgba(38, 166, 154, 1.0)"
2026-03-12 00:00:00+00:00,30.87,31.345,30.66,31.3,70490,0.0,0.0,0.0,0.0,0.0,0.0,0.0,0.0,,29.040102368614164,26.848124015804334,,,,,26.219166177817776,27.340054527786315,,28.469735223450005,,,,,29.040102368614164,,,,24.590546344948727,27.340054527786315,"rgba(38, 166, 154, 0.75)"
2026-03-13 00:00:00+00:00,30.29,30.96,29.965,30.95,85973,0.0,0.0,0.0,0.0,0.0,0.0,0.0,0.0,,29.090964572886424,26.90912375647949,,,,,26.23652748124332,27.351815346086855,,28.525077149080353,,,,,29.090964572886424,,,,24.64684933310987,27.351815346086855,"rgba(38, 166, 154, 0.5)"
2026-03-16 00:00:00+00:00,30.09,30.55,29.73,30.41,77112,0.0,0.0,0.0,0.0,0.0,0.0,0.0,0.0,,29.12435418743695,26.95781644851093,,,,,26.25093338258357,27.361321398934567,,28.56504596748999,,,,,29.12435418743695,,,,24.694004422162447,27.361321398934567,"rgba(38, 166, 154, 0.5)"
2026-03-17 00:00:00+00:00,30.73,32.7,29.08,29.89,162090,0.0,0.0,0.0,0.0,0.0,0.0,0.0,0.0,,29.23335477054005,27.077521625359694,,,,,26.286383709708726,27.38619821748404,,28.67849360051869,,,,,29.23335477054005,,,,24.803205647691964,27.38619821748404,"rgba(38, 166, 154, 0.5)"
2026-03-18 00:00:00+00:00,30.45,31.0731,29.94,30.43,101381,0.0,0.0,0.0,0.0,0.0,0.0,0.0,0.0,,29.281384171952407,27.14209958813707,,,,,26.306600041392986,27.400022074165427,,28.733294776973437,,,,,29.281384171952407,,,,24.865717264567845,27.400022074165427,#000000
2026-03-19 00:00:00+00:00,31.37,31.64,30.255,30.27,98485,0.0,0.0,0.0,0.0,0.0,0.0,0.0,0.0,,29.346186177420606,27.213382746140482,,,,,26.328848016309774,27.415922981584778,,28.800610827815472,,,,,29.346186177420606,,,,24.93148919231812,27.415922981584778,"rgba(38, 166, 154, 0.5)"
2026-03-20 00:00:00+00:00,31.34,31.53,30.99,31.47,252689,0.0,0.0,0.0,0.0,0.0,0.0,0.0,0.0,,29.509694335302967,27.393804698503857,,,,,26.38733486703184,27.458270451707783,,28.97047848491789,,,,,29.509694335302967,,,,25.09928861595064,27.458270451707783,"rgba(38, 166, 154, 0.5)"
2026-03-23 00:00:00+00:00,31.84,32.44,31.275,31.31,107959,0.0,0.0,0.0,0.0,0.0,0.0,0.0,0.0,,29.591075642331695,27.47659928804515,,,,,26.4147375940277,27.478710442816997,,29.052202052375563,,,,,29.591075642331695,,,,25.174610354719334,27.478710442816997,"rgba(38, 166, 154, 0.5)"
2026-03-24 00:00:00+00:00,31.66,32.05,31.53,31.64,77828,0.0,0.0,0.0,0.0,0.0,0.0,0.0,0.0,,29.643755056484018,27.53301639915302,,,,,26.433944210630166,27.492977129941938,,29.106194656819657,,,,,29.643755056484018,,,,25.227038372784264,27.492977129941938,"rgba(38, 166, 154, 0.5)"
2026-03-25 00:00:00+00:00,32.13,32.39,31.71,31.8,316261,0.0,0.0,0.0,0.0,0.0,0.0,0.0,0.0,,29.863536627078837,27.76453095743143,,,,,26.515349742506917,27.554405443949705,,29.329860456857567,,,,,29.863536627078837,,,,25.4421103457759,27.554405443949705,"rgba(38, 166, 154, 1.0)"
2026-03-26 00:00:00+00:00,32.63,33.5,31.3,31.3,137122,0.0,0.0,0.0,0.0,0.0,0.0,0.0,0.0,,29.962028837777584,27.866381351288187,,,,,26.55240594332036,27.58284110869817,,29.42934462447042,32.476666666666674,,,,29.962028837777584,,,,25.53659092008372,27.58284110869817,"rgba(38, 166, 154, 1.0)"
2026-03-27 00:00:00+00:00,31.13,32.7203,30.37,32.56,133609,0.0,0.0,0.0,0.0,0.0,0.0,0.0,0.0,,30.013208172963175,27.939406500529905,,,,,26.581631095068637,27.6042453069183,,,31.948658167085906,,,,30.013208172963175,,,,25.612420530186096,27.6042453069183,"rgba(38, 166, 154, 0.5)"
2026-03-30 00:00:00+00:00,31.08,31.93,30.97,31.45,55217,0.0,0.0,0.0,0.0,0.0,0.0,0.0,0.0,,30.03215982352092,27.968036490891418,,,,,26.593407753654724,27.612836405045762,,,31.84329011856697,,,,30.03215982352092,,,,25.64276443115311,27.612836405045762,"rgba(38, 166, 154, 0.5)"
2026-03-31 00:00:00+00:00,30.24,31.4,30.035,31.38,49770,0.0,0.0,0.0,0.0,0.0,0.0,0.0,0.0,,30.03891509358911,27.987621370175617,,,,,26.602257728342757,27.618951089464886,,,31.673076556264718,,,,30.03891509358911,,,,25.666180142209374,27.618951089464886,#000000
2026-04-01 00:00:00+00:00,29.86,30.52,29.26,30.09,57999,0.0,0.0,0.0,0.0,0.0,0.0,0.0,0.0,,30.036572578987826,28.004149452304453,,,,,26.61076139977364,27.62440777501388,,,31.433296591018262,,,,30.036572578987826,,,,25.689442739717222,27.62440777501388,"rgba(239, 83, 80, 1.0)"
2026-04-02 00:00:00+00:00,29.67,30.02,29.21,29.68,32852,0.0,0.0,0.0,0.0,0.0,0.0,0.0,0.0,,30.033233626878403,28.012169604579835,,,,,26.615196586316337,27.627150175385943,,,31.30655779581013,,,,30.033233626878403,,,,25.70173671970744,27.627150175385943,"rgba(239, 83, 80, 1.0)"
2026-04-06 00:00:00+00:00,28.97,29.87,28.89,29.66,27081,0.0,0.0,0.0,0.0,0.0,0.0,0.0,0.0,,30.027878518791475,28.01714551313527,,,,,26.618371713209577,27.628966828619717,,,31.193371972517642,,,,30.027878518791475,,,,25.710813985981133,27.628966828619717,"rgba(239, 83, 80, 1.0)"
2026-04-07 00:00:00+00:00,29.3,29.32,28.75,28.82,52450,0.0,0.0,0.0,0.0,0.0,0.0,0.0,0.0,,30.016155439672957,28.02573722947929,,,,,26.624219344598256,27.632213026125253,,,30.99455577287432,,,,30.016155439672957,,,,25.727670251740903,27.632213026125253,"rgba(239, 83, 80, 1.0)"
2026-04-08 00:00:00+00:00,29.19,29.46,28.63,29.46,56239,0.0,0.0,0.0,0.0,0.0,0.0,0.0,0.0,,30.00350726313412,28.034554786730066,,,,,26.630384250375673,27.635608383556242,,,30.817043028759553,,,,30.00350726313412,,,,25.74540213523768,27.635608383556242,"rgba(239, 83, 80, 1.0)"
2026-04-09 00:00:00+00:00,28.83,29.285,28.645,28.95,36197,0.0,0.0,0.0,0.0,0.0,0.0,0.0,0.0,,29.99403263021152,28.039236830202285,,,,,26.634057796837805,27.637526535025255,,,30.709504430290536,,,,29.99403263021152,,,,25.756130604611773,27.637526535025255,"rgba(239, 83, 80, 1.0)"
2026-04-10 00:00:00+00:00,28.78,28.88,28.51,28.55,44734,0.0,0.0,0.0,0.0,0.0,0.0,0.0,0.0,,29.980447294609988,28.043678307388515,,,,,26.638192301855245,27.639526868162978,,,30.579468898434484,,,,29.980447294609988,,,,25.76847163326042,27.639526868162978,"rgba(239, 83, 80, 1.0)"
2026-04-13 00:00:00+00:00,28.63,29.92,28.3001,29.13,50229,0.0,0.0,0.0,0.0,0.0,0.0,0.0,0.0,,29.968224411249704,28.05023780674009,,,,,26.6433178301724,27.6422321237731,,,30.467887397983272,,,,29.968224411249704,28.95003333333333,,,25.783260600136177,27.6422321237731,"rgba(239, 83, 80, 1.0)"
2026-04-14 00:00:00+00:00,29.29,29.42,28.62,29.07,63408,0.0,0.0,0.0,0.0,0.0,0.0,0.0,0.0,,29.955562560176887,28.059832266803134,,,,,26.650202285503415,27.646047046817365,,,30.359843518168784,,,,,29.03929269780089,,,25.802667886632552,27.646047046817365,"rgba(239, 83, 80, 1.0)"
2026-04-15 00:00:00+00:00,29.93,30.02,28.8,29.39,45219,0.0,0.0,0.0,0.0,0.0,0.0,0.0,0.0,,29.95168696689149,28.069605467606003,,,,,26.656028697768697,27.649631268502667,,,30.318147840742753,,,,,29.19415605516946,,,25.81833136249289,27.649631268502667,"rgba(239, 83, 80, 0.75)"
2026-04-16 00:00:00+00:00,30.03,30.25,29.77,29.77,33460,0.0,0.0,0.0,0.0,0.0,0.0,0.0,0.0,,29.952183761986944,28.07880407369861,,,,,26.660961101017467,27.652867329120443,,,30.30662691637372,,,,,29.337260139388647,,,25.831162720798254,27.652867329120443,"rgba(239, 83, 80, 0.75)"
2026-04-17 00:00:00+00:00,29.2,29.8,28.6573,29.8,49505,0.0,0.0,0.0,0.0,0.0,0.0,0.0,0.0,,29.943984186786597,28.0867192035377,,,,,26.666504064875692,27.656028978713657,,,30.248429376893732,,,,,29.31307068644438,,,25.846413590209313,27.656028978713657,"rgba(239, 83, 80, 0.75)"
2026-04-20 00:00:00+00:00,28.92,29.51,28.9,29.51,34518,0.0,0.0,0.0,0.0,0.0,0.0,0.0,0.0,,29.93753034608618,28.091647932988334,,,,,26.670190193261817,27.658072592948493,,,30.207479046882636,,,,,29.28770476286976,,,25.85662509891983,27.658072592948493,"rgba(239, 83, 80, 0.75)"
2026-04-21 00:00:00+00:00,28.95,29.38,28.67,28.67,21793,0.0,0.0,0.0,0.0,0.0,0.0,0.0,0.0,,29.932972071707063,28.09440182615205,,,,,26.67240704814285,27.65926235022032,,,30.180665782930948,,,,,29.266673978193108,,,25.862822438456387,27.65926235022032,"rgba(239, 83, 80, 0.75)"
2026-04-22 00:00:00+00:00,29.12,29.9399,28.82,28.82,45601,0.0,0.0,0.0,0.0,0.0,0.0,0.0,0.0,,29.926529876588404,28.10195946518877,,,,,26.677614911726437,27.662288175189914,,,30.141264956382795,,,,,29.27020629315971,,,25.876916400113988,27.662288175189914,"rgba(239, 83, 80, 0.75)"
2026-04-23 00:00:00+00:00,29.62,29.81,28.93,29.31,24969,0.0,0.0,0.0,0.0,0.0,0.0,0.0,0.0,,29.923934762179826,28.106607931432354,,,,,26.680631668126594,27.664102332489726,,,30.124936608578935,,,,,29.282607904938583,,,25.88494384876822,27.664102332489726,"rgba(239, 83, 80, 0.75)"
2026-04-24 00:00:00+00:00,29.68,29.73,29.15,29.42,32751,0.0,0.0,0.0,0.0,0.0,0.0,0.0,0.0,,29.921049822812453,28.11295634414932,,,,,26.684673621590967,27.666564792740584,,,30.106671780721896,,,,,29.301974626585594,,,25.895614408587512,27.666564792740584,#000000
2026-04-27 00:00:00+00:00,29.96,30.17,29.69,29.69,26500,0.0,0.0,0.0,0.0,0.0,0.0,0.0,0.0,,29.921158705169756,28.119572370561695,,,,,26.688418911778292,27.669002901591824,,,30.102697059006157,,,,,29.341482872574012,,,25.905197809081155,27.669002901591824,#000000
2026-04-28 00:00:00+00:00,30.8,30.87,30.08,30.23,32713,0.0,0.0,0.0,0.0,0.0,0.0,0.0,0.0,,29.92582231036535,28.13053675707407,,,,,26.69394282674907,27.672855992289804,,,30.116441756648392,,,,,29.429669658928592,,,25.918841940038128,27.672855992289804,"rgba(38, 166, 154, 0.5)"
2026-04-29 00:00:00+00:00,30.82,31.0,29.765,30.65,71217,0.0,0.0,0.0,0.0,0.0,0.0,0.0,0.0,,29.93492079902415,28.15354450264666,,,,,26.705745214323667,27.68105128052908,,,30.140581665299212,,,,,29.576776317535998,,,25.94792503187682,27.68105128052908,"rgba(38, 166, 154, 0.5)"
2026-04-30 00:00:00+00:00,31.65,31.74,30.45,31.11,43625,0.0,0.0,0.0,0.0,0.0,0.0,0.0,0.0,,29.947249150126,28.171813744738905,,,,,26.714353715803778,27.687367396365318,,,30.18007006186423,,,,,29.705885092996102,,,25.968453677815873,27.687367396365318,"rgba(38, 166, 154, 1.0)"
2026-05-01 00:00:00+00:00,32.2,32.38,31.1,31.31,59823,0.0,0.0,0.0,0.0,0.0,0.0,0.0,0.0,,29.971405261068426,28.20139762644568,,,,,26.727684779733092,27.69746524838118,,,30.257798312251648,,,,,29.9118560216643,,,25.999570088288266,27.69746524838118,"rgba(38, 166, 154, 1.0)"
2026-05-04 00:00:00+00:00,31.97,32.41,31.51,31.97,47574,0.0,0.0,0.0,0.0,0.0,0.0,0.0,0.0,,29.990875647357285,28.225030190508733,,,,,26.73838036304703,27.705594372644427,,,30.317189768758272,31.963333333333335,,,,30.054770455773497,,,26.02437409174185,27.705594372644427,"rgba(38, 166, 154, 1.0)"
2026-05-05 00:00:00+00:00,31.87,32.35,31.22,32.0,64658,0.0,0.0,0.0,0.0,0.0,0.0,0.0,0.0,,30.01476913021858,28.255407476306893,,,,,26.752431597881703,27.716205668810733,,,,31.876916803288427,,,,30.20687156101448,,,26.05691326141729,27.716205668810733,"rgba(38, 166, 154, 1.0)"
2026-05-06 00:00:00+00:00,31.22,31.775,30.9901,31.44,41931,0.0,0.0,0.0,0.0,0.0,0.0,0.0,0.0,,30.025843535265956,28.2721859259676,,,,,26.760633152509506,27.72224680615732,,,,31.727715919946206,,,,30.26643554918298,,,26.076058866513378,27.72224680615732,"rgba(38, 166, 154, 1.0)"
2026-05-07 00:00:00+00:00,30.44,31.325,28.49,31.3,54948,1.0,31.325,28.49,455.0,1.0,31.325,28.49,455.0,30.084999999999997,30.02648994112367,28.285064525614168,,,,,26.768422894919095,27.727413775271742,,,,31.29606022335825,,,,30.254629503822247,,,26.09504877975167,27.727413775271742,"rgba(38, 166, 154, 0.75)"
2026-05-08 00:00:00+00:00,29.78,30.415,29.44,30.1,33794,0.0,0.0,0.0,0.0,0.0,0.0,0.0,0.0,30.006298896426344,30.0255009259219,28.29199557113441,,,,,26.77289821728586,27.730302762851334,,,,31.098819892687814,,,,30.240149850533722,,,26.106038500075773,27.730302762851334,"rgba(38, 166, 154, 0.5)"
2026-05-11 00:00:00+00:00,29.82,31.0,29.0,30.0,39448,0.0,0.0,0.0,0.0,0.0,0.0,0.0,0.0,29.985896689809397,30.024839826008623,28.300321902346266,,,,,26.778209445092955,27.733761832363214,,,,30.93691926784321,,,,30.22724746659344,,,26.11899478984929,27.733761832363214,#000000
2026-05-12 00:00:00+00:00,29.65,30.18,28.63,28.68,68263,0.0,0.0,0.0,0.0,0.0,0.0,0.0,0.0,29.81242548260059,30.017734134293978,28.3106041039446,,,,,26.786046570293863,27.738497381893076,,,,30.65456309095991,,,,30.17597263422882,29.48666666666667,,26.138573802255532,27.738497381893076,"rgba(239, 83, 80, 1.0)"
2026-05-13 00:00:00+00:00,30.35,30.54,28.9,29.35,42295,0.0,0.0,0.0,0.0,0.0,0.0,0.0,0.0,29.833254198289968,30.01702223555789,28.319253901507086,,,,,26.791673048609557,27.742159491700612,,,,30.57656732109816,,,,,29.6562679920645,,26.152182158923154,27.742159491700612,"rgba(239, 83, 80, 1.0)"
2026-05-14 00:00:00+00:00,31.25,31.48,29.9,30.46,65118,0.0,0.0,0.0,0.0,0.0,0.0,0.0,0.0,30.056855828994795,30.027629137121636,28.340113640919636,,,,,26.802897599553052,27.75020317114627,,,,30.619232456241853,,,,,30.10863439893137,,26.178146434036442,27.75020317114627,#000000
2026-05-15 00:00:00+00:00,32.13,32.39,31.0801,31.39,66676,0.0,0.0,0.0,0.0,0.0,0.0,0.0,0.0,30.38252247392558,30.050573931033945,28.369322797009264,,,,,26.817104608643028,27.760991200378953,,,,30.777752283473568,,,,,30.59231426134988,,26.209977787829004,27.760991200378953,"rgba(38, 166, 154, 0.5)"
2026-05-18 00:00:00+00:00,31.89,32.35,31.4,31.92,64843,0.0,0.0,0.0,0.0,0.0,0.0,0.0,0.0,30.60554562636134,30.07250482852494,28.397374858278116,,,,,26.830880987487543,27.771462369166198,,,,30.898985921248144,,,,,30.864120138240096,,26.240666214243582,27.771462369166198,"rgba(38, 166, 154, 1.0)"
2026-05-19 00:00:00+00:00,32.11,32.28,31.78,32.04,124298,0.0,0.0,0.0,0.0,0.0,0.0,0.0,0.0,30.92781991925191,30.11707586149813,28.45257882535729,,,,,26.857997221185435,27.79224324281548,,,,31.100566375987725,,,,,31.20765096815012,,26.300387989952583,27.79224324281548,"rgba(38, 166, 154, 1.0)"
2026-05-20 00:00:00+00:00,32.44,32.45,30.02,32.11,217175,0.0,0.0,0.0,0.0,0.0,0.0,0.0,0.0,31.125981993105558,30.174464855749527,28.534350884926287,,,,,26.90093215627598,27.824543419099072,,,,31.225620032809857,,,,,31.35128605470492,,26.39444035819561,27.824543419099072,"rgba(38, 166, 154, 1.0)"
2026-05-21 00:00:00+00:00,32.04,33.27,31.12,32.45,76032,-1.0,33.27,31.12,0.0,-1.0,33.27,31.12,0.0,31.216675115431066,30.2001570234614,28.566509991243702,,,32.14333333333334,,26.91737044960673,27.837209631425715,,,,31.294906929989452,32.14333333333334,,,,31.43438380368888,,26.429696150374102,27.837209631425715,"rgba(38, 166, 154, 1.0)"
2026-05-22 00:00:00+00:00,30.86,32.17,30.61,31.9,63265,0.0,0.0,0.0,0.0,0.0,0.0,0.0,0.0,31.21644434897297,30.21103995758562,28.585990622471513,,,31.720952018588576,,26.92854995119961,27.845428491666,,,,,31.720952018588576,,,,31.416635860560643,,26.45398243482467,27.845428491666,"rgba(38, 166, 154, 0.75)"
2026-05-26 00:00:00+00:00,30.96,31.35,30.26,30.67,72883,0.0,0.0,0.0,0.0,0.0,0.0,0.0,0.0,31.18993204426928,30.218931539003794,28.605081643180938,,,31.424073381091524,,26.940291056613773,27.853849901532545,,,,,31.424073381091524,,,,31.369226521445523,,26.479583050845417,27.853849901532545,"rgba(38, 166, 154, 0.5)"
2026-05-27 00:00:00+00:00,28.55,30.59,28.51,30.59,54549,0.0,0.0,0.0,0.0,0.0,0.0,0.0,0.0,31.086788125187454,30.209845583667462,28.608906076196302,,,30.972634546674715,,26.945372166717295,27.856696522371426,,,,,30.972634546674715,,,,31.240954320948543,,26.491443346815036,27.856696522371426,"rgba(239, 83, 80, 1.0)"
2026-05-28 00:00:00+00:00,27.51,29.03,27.35,28.39,83748,0.0,0.0,0.0,0.0,0.0,0.0,0.0,0.0,,30.179007902618913,28.60276713521639,,,30.25354896327006,,26.94884871128484,27.857037398401904,,,,,30.25354896327006,,,,30.966225225100793,,26.50117061342666,27.857037398401904,"rgba(239, 83, 80, 1.0)"
2026-05-29 00:00:00+00:00,26.65,27.605,26.125,27.51,89617,0.0,0.0,0.0,0.0,0.0,0.0,0.0,0.0,,30.12999604244526,28.584540352674857,,,29.54894007492339,,26.94828244378725,27.853411270920716,,,,,29.54894007492339,,,,30.622750661638324,26.793333333333333,26.503222228019794,27.853411270920716,"rgba(239, 83, 80, 1.0)"
2026-06-01 00:00:00+00:00,29.83,30.5499,28.53,28.56,191355,0.0,0.0,0.0,0.0,0.0,0.0,0.0,0.0,,30.115203229557267,28.606693157719555,,,29.575514736476475,,26.969022985778302,27.866297543443824,,,,,29.575514736476475,,,,,28.729752875138207,26.54951085025587,27.866297543443824,"rgba(239, 83, 80, 1.0)"
2026-06-02 00:00:00+00:00,29.75,30.37,28.965,29.97,71474,0.0,0.0,0.0,0.0,0.0,0.0,0.0,0.0,,30.11054934804153,28.61518558809854,,,29.587664132249667,,26.976855747628672,27.871220234144456,,,,,29.587664132249667,,,,,28.92549938099264,26.566771756043632,27.871220234144456,"rgba(239, 83, 80, 0.75)"
2026-06-03 00:00:00+00:00,29.23,30.14,29.07,30.07,38895,0.0,0.0,0.0,0.0,0.0,0.0,0.0,0.0,,30.1067717906937,28.61884245316311,,,29.58201908666726,,26.98076366836547,27.8735734732459,,,,,29.58201908666726,,,,,28.980610656264822,26.57544538073719,27.8735734732459,"rgba(239, 83, 80, 0.75)"
2026-06-04 00:00:00+00:00,30.06,30.13,28.74,29.32,31356,0.0,0.0,0.0,0.0,0.0,0.0,0.0,0.0,,30.10454428676817,28.62232296447541,,,29.584505680265156,,26.984110558604705,27.87565795862115,,,,,29.584505680265156,,,,,29.02977195209176,26.582791387613167,27.87565795862115,"rgba(239, 83, 80, 0.75)"
2026-06-05 00:00:00+00:00,29.18,30.05,29.005,30.05,46177,0.0,0.0,0.0,0.0,0.0,0.0,0.0,0.0,,30.099674334045524,28.62625247769735,,,29.57476481568949,,26.988596066414896,27.878317645989526,,,,,29.57476481568949,,,,,29.067382807534642,26.592731743771925,27.878317645989526,"rgba(239, 83, 80, 0.75)"
2026-06-08 00:00:00+00:00,29.53,29.58,28.92,28.92,55192,0.0,0.0,0.0,0.0,0.0,0.0,0.0,0.0,,30.093373426491553,28.63049393130169,,,29.56015928300076,,26.993784988430253,27.881343386754914,,,,,29.56015928300076,,,,,29.096444531477584,26.60423566977903,27.881343386754914,"rgba(239, 83, 80, 0.75)"
2026-06-09 00:00:00+00:00,29.3,29.85,29.24,29.5,50955,0.0,0.0,0.0,0.0,0.0,0.0,0.0,0.0,,30.08856462506848,28.63501721035765,,,29.554828351691015,,26.998798941256197,27.88435414940647,,,,,29.554828351691015,,,,,29.128956072618795,26.615232926411444,27.88435414940647,"rgba(239, 83, 80, 0.5)"
2026-06-10 00:00:00+00:00,29.78,30.1,29.51,29.74,45588,0.0,0.0,0.0,0.0,0.0,0.0,0.0,0.0,,30.086584886248584,28.64063448651467,,,29.56618154296667,,27.003871948228635,27.887604697234114,,,,,29.56618154296667,,,,,29.17800400869683,26.62614356136391,27.887604697234114,#000000
2026-06-11 00:00:00+00:00,29.94,30.12,29.66,29.91,39936,0.0,0.0,0.0,0.0,0.0,0.0,0.0,0.0,,30.08552222873782,28.645974884552523,,,29.57963091785672,,27.008475355028757,27.890606728123338,,,,,29.57963091785672,,,,,29.222058345507623,26.635969668143396,27.890606728123338,#000000
2026-06-12 00:00:00+00:00,29.88,30.55,29.75,30.18,49369,0.0,0.0,0.0,0.0,0.0,0.0,0.0,0.0,,30.085337230716174,28.65331016963864,,,29.601995631642794,,27.01444597055397,27.894586847013915,,,,,29.601995631642794,,,,,29.2803306736215,26.64860133375507,27.894586847013915,#000000
2026-06-15 00:00:00+00:00,28.92,29.75,28.55,28.82,107710,0.0,0.0,0.0,0.0,0.0,0.0,0.0,0.0,,30.069582243958372,28.658010703278322,,,29.553247949592258,,27.023197552125165,27.89928627454253,,,,,29.553247949592258,,,,,29.25306180245035,26.667961404989516,27.89928627454253,#000000
2026-06-16 00:00:00+00:00,28.6,29.3,28.39,28.59,160413,0.0,0.0,0.0,0.0,0.0,0.0,0.0,0.0,,30.03998229988399,28.65973733782661,,,29.45786877154977,,27.03414417098679,27.904386324755528,,,,,29.45786877154977,,,,,29.17273885667584,26.692585145846323,27.904386324755528,"rgba(239, 83, 80, 0.5)"
2026-06-17 00:00:00+00:00,28.93,29.4399,28.37,28.79,67601,0.0,0.0,0.0,0.0,0.0,0.0,0.0,0.0,,30.029324872496108,28.661477090560492,,,29.4315003180015,,27.039112649564903,27.90688969847537,,,,,29.4315003180015,,,,,29.155966009715282,26.70352858484433,27.90688969847537,"rgba(239, 83, 80, 0.5)"
