date,Close,High,Low,Open,Volume,OB_c0,OB_High_c0,OB_Low_c0,OB_Mitigated_Index_c0,OB,OB_High,OB_Low,OB_Mitigated_Index,aVWAP_OB_bull_c0_386,aVWAP_OB_bull_c0_318,aVWAP_OB_bull_c0_155,aVWAP_OB_bear_c0_378,aVWAP_OB_bear_c0_310,aVWAP_QQEMOD_bull_dot_c0_196,aVWAP_QQEMOD_bull_dot_c0_251,aVWAP_QQEMOD_bull_dot_c0_310,aVWAP_QQEMOD_bull_dot_c0_371,aVWAP_QQEMOD_bull_dot_c0_423,aVWAP_QQEMOD_bear_dot_c0_180,aVWAP_QQEMOD_bear_dot_c0_202,aVWAP_QQEMOD_bear_dot_c0_272,aVWAP_QQEMOD_bear_dot_c0_318,aVWAP_QQEMOD_bear_dot_c0_386,aVWAP_price_maxima_minima_valley_c0_1,aVWAP_price_maxima_minima_peak_c0_1,color
2024-10-03 00:00:00+00:00,19.9648386259,20.5470344584,19.9648386259,20.5112070226,12594,0.0,0.0,0.0,0.0,0.0,0.0,0.0,0.0,,,,,,,,,,,,,,,,,,#000000
2024-10-04 00:00:00+00:00,19.7767445877,20.421638433,18.9168861274,19.8842268953,836763,0.0,0.0,0.0,0.0,0.0,0.0,0.0,0.0,,,,,,,,,,,,,,,,19.705089716033335,,"rgba(239, 83, 80, 0.5)"
2024-10-07 00:00:00+00:00,20.1260620872,20.1529326641,19.6513485623,19.705089716,381346,0.0,0.0,0.0,0.0,0.0,0.0,0.0,0.0,,,,,,,,,,,,,,,,19.790146491936742,,"rgba(239, 83, 80, 0.5)"
2024-10-08 00:00:00+00:00,21.0934028551,21.6487281107,19.6871759981,19.8125720236,1926381,0.0,0.0,0.0,0.0,0.0,0.0,0.0,0.0,,,,,,,,,,,,,,,,20.414788772091747,,"rgba(239, 83, 80, 0.5)"
2024-10-09 00:00:00+00:00,21.594986957,22.2891435265,20.6634736249,21.0307048424,3025508,0.0,0.0,0.0,0.0,0.0,0.0,0.0,0.0,,,,,,,,,,,,,,,,20.954711819391264,,"rgba(38, 166, 154, 0.5)"
2024-10-10 00:00:00+00:00,20.645559907,21.7741241362,20.6186893301,21.586030098,2684518,0.0,0.0,0.0,0.0,0.0,0.0,0.0,0.0,,,,,,,,,,,,,,,,20.972320341394376,,"rgba(38, 166, 154, 0.5)"
2024-10-11 00:00:00+00:00,20.7530422146,21.1471440089,20.412681574,20.5291207405,1911087,0.0,0.0,0.0,0.0,0.0,0.0,0.0,0.0,,,,,,,,,,,,,,,,20.936574558821796,,"rgba(38, 166, 154, 0.5)"
2024-10-14 00:00:00+00:00,20.3320698434,20.9948774065,19.8663131773,20.6903442018,1934606,0.0,0.0,0.0,0.0,0.0,0.0,0.0,0.0,,,,,,,,,,,,,,,,20.854496657562894,,"rgba(38, 166, 154, 0.5)"
2024-10-15 00:00:00+00:00,21.3352380471,21.5233320853,20.3410267023,20.421638433,1320763,0.0,0.0,0.0,0.0,0.0,0.0,0.0,0.0,,,,,,,,,,,,,,,,20.874470223052047,,"rgba(38, 166, 154, 0.5)"
2024-10-16 00:00:00+00:00,21.8099515721,22.0965710588,21.2367125985,21.3038890407,592569,0.0,0.0,0.0,0.0,0.0,0.0,0.0,0.0,,,,,,,,,,,,,,,,20.908529271889904,,"rgba(38, 166, 154, 0.5)"
2024-10-17 00:00:00+00:00,21.7472535593,21.7741241362,21.1740145858,21.6218575339,497426,0.0,0.0,0.0,0.0,0.0,0.0,0.0,0.0,,,,,,,,,,,,,,,,20.930143418227473,,"rgba(38, 166, 154, 0.5)"
2024-10-18 00:00:00+00:00,22.9833000961,23.1266098394,21.7293398414,21.8009947131,1001164,0.0,0.0,0.0,0.0,0.0,0.0,0.0,0.0,,,,,,,,,,,,,,,,21.034716722821,,"rgba(38, 166, 154, 0.5)"
2024-10-21 00:00:00+00:00,23.234092147,23.3684450314,22.5712845838,23.1086961215,403896,0.0,0.0,0.0,0.0,0.0,0.0,0.0,0.0,,,,,,,,,,,,,,,,21.08419424099217,,"rgba(38, 166, 154, 0.5)"
2024-10-22 00:00:00+00:00,23.0997392626,23.3863587493,22.9474726602,23.1624372753,610846,0.0,0.0,0.0,0.0,0.0,0.0,0.0,0.0,,,,,,,,,,,,,,,,21.157677819786155,,"rgba(38, 166, 154, 0.5)"
2024-10-23 00:00:00+00:00,22.0428299051,23.1977272996,21.8816064438,22.9474726602,428045,0.0,0.0,0.0,0.0,0.0,0.0,0.0,0.0,,,,,,,,,,,,,,,,21.187336971556068,,"rgba(38, 166, 154, 0.5)"
2024-10-24 00:00:00+00:00,21.9622181744,22.1045426633,21.7024692645,22.0338730461,431640,0.0,0.0,0.0,0.0,0.0,0.0,0.0,0.0,,,,,,,,,,,,,,,,21.204993195537444,,"rgba(38, 166, 154, 0.5)"
2024-10-25 00:00:00+00:00,21.344194906,21.8995201617,21.2456694575,21.8547358669,414562,0.0,0.0,0.0,0.0,0.0,0.0,0.0,0.0,,,,,,,,,,,,,,,,21.211559735330507,,"rgba(38, 166, 154, 0.5)"
2024-10-28 00:00:00+00:00,21.5591595211,21.7382967004,21.0954629327,21.2187988806,213545,0.0,0.0,0.0,0.0,0.0,0.0,0.0,0.0,,,,,,,,,,,,,,,,21.214459211804925,,"rgba(38, 166, 154, 0.5)"
2024-10-29 00:00:00+00:00,21.2098420216,21.9263907386,21.2098420216,21.4516772136,291667,0.0,0.0,0.0,0.0,0.0,0.0,0.0,0.0,,,,,,,,,,,,,,,,21.218072702576073,,#000000
2024-10-30 00:00:00+00:00,21.7741241362,21.8368221489,21.2187988806,21.2725400343,400561,0.0,0.0,0.0,0.0,0.0,0.0,0.0,0.0,,,,,,,,,,,,,,,,21.22620227394847,,#000000
2024-10-31 00:00:00+00:00,22.3563199687,22.4011042635,21.594986957,21.7472535593,427456,0.0,0.0,0.0,0.0,0.0,0.0,0.0,0.0,,,,,,,,,,,,,,,,21.245507593143476,,"rgba(38, 166, 154, 0.5)"
2024-11-01 00:00:00+00:00,22.1323984947,22.7145943272,22.1323984947,22.4011042635,605327,0.0,0.0,0.0,0.0,0.0,0.0,0.0,0.0,,,,,,,,,,,,,,,,21.277677818519717,,"rgba(38, 166, 154, 0.5)"
2024-11-04 00:00:00+00:00,21.586030098,22.3473631098,21.1740145858,22.1503122126,529916,0.0,0.0,0.0,0.0,0.0,0.0,0.0,0.0,,,,,,,,,,,,,,,,21.288464027656232,,"rgba(38, 166, 154, 0.5)"
2024-11-05 00:00:00+00:00,21.2367125985,21.7562104183,21.1381871499,21.4158497777,464373,0.0,0.0,0.0,0.0,0.0,0.0,0.0,0.0,,,,,,,,,,,,,,,,21.290391975316165,,#000000
2024-11-06 00:00:00+00:00,20.6813873429,21.7293398414,20.645559907,21.4695909315,1083745,0.0,0.0,0.0,0.0,0.0,0.0,0.0,0.0,,,,,,,,,,,,,,,,21.27726051660032,,"rgba(239, 83, 80, 0.5)"
2024-11-07 00:00:00+00:00,21.1650577268,21.474069361,20.5828618943,20.7978265094,979646,0.0,0.0,0.0,0.0,0.0,0.0,0.0,0.0,,,,,,,,,,,,,,,,21.268749856253656,,"rgba(239, 83, 80, 0.5)"
2024-11-08 00:00:00+00:00,21.1829714447,21.6039438159,21.030794411,21.3262811881,824074,0.0,0.0,0.0,0.0,0.0,0.0,0.0,0.0,,,,,,,,,,,,,,,,21.268879823432677,,"rgba(239, 83, 80, 0.5)"
2024-11-11 00:00:00+00:00,22.3384062508,22.4369316994,21.1605792973,21.2008851627,899398,0.0,0.0,0.0,0.0,0.0,0.0,0.0,0.0,,,,,,,,,,,,,,,,21.294291249285624,,#000000
2024-11-12 00:00:00+00:00,21.9443044565,22.5891983017,21.7562104183,22.2309239433,323970,0.0,0.0,0.0,0.0,0.0,0.0,0.0,0.0,,,,,,,,,,,,,,,,21.304506091230888,,#000000
2024-11-13 00:00:00+00:00,22.3204925329,22.4279748404,22.0070024692,22.1234416357,419545,0.0,0.0,0.0,0.0,0.0,0.0,0.0,0.0,,,,,,,,,,,,,,,,21.319872504764447,,"rgba(38, 166, 154, 0.5)"
2024-11-14 00:00:00+00:00,22.6339825965,22.7325080451,21.82786529,22.302578815,453391,0.0,0.0,0.0,0.0,0.0,0.0,0.0,0.0,,,,,,,,,,,,,,,,21.338448081797548,,"rgba(38, 166, 154, 0.5)"
2024-11-15 00:00:00+00:00,22.8937315064,23.1086961215,22.4996297121,22.5981551607,484473,0.0,0.0,0.0,0.0,0.0,0.0,0.0,0.0,,,,,,,,,,,,,,,,21.365481817652256,,"rgba(38, 166, 154, 0.5)"
2024-11-18 00:00:00+00:00,22.7952060579,23.1176529805,22.5712845838,23.0818255446,657173,0.0,0.0,0.0,0.0,0.0,0.0,0.0,0.0,,,,,,,,,,,,,,,,21.40048475373428,,"rgba(38, 166, 154, 0.5)"
2024-11-19 00:00:00+00:00,23.7267193899,23.7311978194,22.3295389604,22.7325080451,964248,0.0,0.0,0.0,0.0,0.0,0.0,0.0,0.0,,,,,,,,,,,,,,,,21.463651580622866,,"rgba(38, 166, 154, 0.5)"
2024-11-20 00:00:00+00:00,23.8162879795,24.4522249658,23.6819350951,23.8700291333,550451,0.0,0.0,0.0,0.0,0.0,0.0,0.0,0.0,,,,,,,,,,,,,,,,21.511523457708467,,"rgba(38, 166, 154, 0.5)"
2024-11-21 00:00:00+00:00,23.8789859922,24.2999583634,23.7625468257,24.1297780432,550641,0.0,0.0,0.0,0.0,0.0,0.0,0.0,0.0,,,,,,,,,,,,,,,,21.55757023117755,,"rgba(38, 166, 154, 0.5)"
2024-11-22 00:00:00+00:00,23.3594881725,24.174562338,23.2296137175,23.932727146,610474,0.0,0.0,0.0,0.0,0.0,0.0,0.0,0.0,,,,,,,,,,,,,,,,21.59870008937591,,"rgba(38, 166, 154, 0.5)"
2024-11-25 00:00:00+00:00,22.9474726602,23.4778082793,22.9026883654,23.3147038776,919609,0.0,0.0,0.0,0.0,0.0,0.0,0.0,0.0,,,,,,,,,,,,,,,,21.64343334747061,,"rgba(38, 166, 154, 0.5)"
2024-11-26 00:00:00+00:00,22.4548454173,22.880296218,22.1413553536,22.8399903527,916504,0.0,0.0,0.0,0.0,0.0,0.0,0.0,0.0,,,,,,,,,,,,,,,,21.667763493312986,,"rgba(38, 166, 154, 0.5)"
2024-11-27 00:00:00+00:00,22.6877237503,23.0280843909,22.4100611225,22.4100611225,559811,0.0,0.0,0.0,0.0,0.0,0.0,0.0,0.0,,,,,,,,,,,,,,,,21.685675101838253,,"rgba(38, 166, 154, 0.5)"
2024-11-29 00:00:00+00:00,23.3326175956,23.5386253517,22.768335481,22.7952060579,2130222,0.0,0.0,0.0,0.0,0.0,0.0,0.0,0.0,,,,,,,,,,,,,,,,21.779553521602423,,"rgba(38, 166, 154, 0.5)"
2024-12-02 00:00:00+00:00,22.2309239433,23.5475822107,21.9711750334,23.5117547748,904924,0.0,0.0,0.0,0.0,0.0,0.0,0.0,0.0,,,,,,,,,,,,,,,,21.80000164838046,,#000000
2024-12-03 00:00:00+00:00,22.6787668914,22.8579040706,22.293621956,22.293621956,743880,0.0,0.0,0.0,0.0,0.0,0.0,0.0,0.0,,,,,,,,,,,,,,,,21.816597952866335,,#000000
2024-12-04 00:00:00+00:00,22.535457148,22.8758177885,22.1861396485,22.6518963145,438159,0.0,0.0,0.0,0.0,0.0,0.0,0.0,0.0,,,,,,,,,,,,,,,,21.82513348850598,,#000000
2024-12-05 00:00:00+00:00,22.768335481,22.8131197758,22.2130102253,22.4638022763,467424,0.0,0.0,0.0,0.0,0.0,0.0,0.0,0.0,,,,,,,,,,,,,,,,21.834842525819795,,#000000
2024-12-06 00:00:00+00:00,22.4190179815,22.8399903527,22.3339278213,22.8399903527,539613,0.0,0.0,0.0,0.0,0.0,0.0,0.0,0.0,,,,,,,,,,,,,,,,21.844791956531868,,#000000
2024-12-09 00:00:00+00:00,21.4158497777,22.6250257376,21.2904537523,22.5533708659,1219797,0.0,0.0,0.0,0.0,0.0,0.0,0.0,0.0,,,,,,,,,,,,,,,,21.842673720351588,,"rgba(239, 83, 80, 0.5)"
2024-12-10 00:00:00+00:00,21.4964615084,21.9084770206,21.3173243292,21.4068929188,732231,0.0,0.0,0.0,0.0,0.0,0.0,0.0,0.0,,,,,,,,,,,,,,,,21.83772080911139,,"rgba(239, 83, 80, 0.5)"
2024-12-11 00:00:00+00:00,21.9263907386,21.9443044565,21.4248066367,21.4427203546,507028,0.0,0.0,0.0,0.0,0.0,0.0,0.0,0.0,,,,,,,,,,,,,,,,21.83680604535007,,"rgba(239, 83, 80, 0.5)"
2024-12-12 00:00:00+00:00,21.8009947131,21.9263907386,21.4785477905,21.9263907386,1042601,0.0,0.0,0.0,0.0,0.0,0.0,0.0,0.0,,,,,,,,,,,,,,,,21.834241177344666,,"rgba(239, 83, 80, 0.5)"
2024-12-13 00:00:00+00:00,21.6487281107,21.8995201617,21.4427203546,21.7114261235,1063145,0.0,0.0,0.0,0.0,0.0,0.0,0.0,0.0,,,,,,,,,,,,,,,,21.82995582886519,,"rgba(239, 83, 80, 0.5)"
2024-12-16 00:00:00+00:00,21.2277557395,21.6666418287,20.7709559325,21.5591595211,900041,0.0,0.0,0.0,0.0,0.0,0.0,0.0,0.0,,,,,,,,,,,,,,,,21.81729093268016,,"rgba(239, 83, 80, 0.5)"
2024-12-17 00:00:00+00:00,20.9321793938,21.2546263164,20.8426108042,21.0754891372,978275,0.0,0.0,0.0,0.0,0.0,0.0,0.0,0.0,,,,,,,,,,,,,,,,21.799418299952574,,"rgba(239, 83, 80, 0.5)"
2024-12-18 00:00:00+00:00,20.421638433,20.9769636886,20.403724715,20.8426108042,626053,0.0,0.0,0.0,0.0,0.0,0.0,0.0,0.0,,,,,,,,,,,,,,,,21.782677150214308,,"rgba(239, 83, 80, 0.5)"
2024-12-19 00:00:00+00:00,20.9769636886,21.2814968933,20.3768541382,20.5380775995,647306,0.0,0.0,0.0,0.0,0.0,0.0,0.0,0.0,,,,,,,,,,,,,,,,21.769805017306275,,"rgba(239, 83, 80, 0.5)"
2024-12-20 00:00:00+00:00,21.2994106112,21.3800223419,20.7440853556,20.7619990735,1331062,0.0,0.0,0.0,0.0,0.0,0.0,0.0,0.0,,,,,,,,,,,,,,,,21.75192687572997,,"rgba(239, 83, 80, 0.5)"
2024-12-23 00:00:00+00:00,21.2187988806,21.2814968933,20.654516766,21.2814968933,594444,0.0,0.0,0.0,0.0,0.0,0.0,0.0,0.0,,,,,,,,,,,,,,,,21.74314362388766,,"rgba(239, 83, 80, 0.5)"
2024-12-24 00:00:00+00:00,21.4337634957,21.4337634957,21.120273432,21.3979360598,222263,0.0,0.0,0.0,0.0,0.0,0.0,0.0,0.0,,,,,,,,,,,,,,,,21.74121186616986,,"rgba(239, 83, 80, 0.5)"
2024-12-26 00:00:00+00:00,21.7114261235,21.7203829824,21.2666285074,21.3889792008,189486,0.0,0.0,0.0,0.0,0.0,0.0,0.0,0.0,,,,,,,,,,,,,,,,21.740518011347874,,"rgba(239, 83, 80, 0.5)"
2024-12-27 00:00:00+00:00,21.0396617013,21.6487281107,20.8515676631,21.5412458032,4621042,0.0,0.0,0.0,0.0,0.0,0.0,0.0,0.0,,,,,,,,,,,,,,,,21.691114289370244,,"rgba(239, 83, 80, 0.5)"
2024-12-30 00:00:00+00:00,21.4785477905,21.5054183674,20.9769636886,20.9769636886,382322,0.0,0.0,0.0,0.0,0.0,0.0,0.0,0.0,,,,,,,,,,,,,,,,21.688429947048245,,"rgba(239, 83, 80, 0.5)"
2024-12-31 00:00:00+00:00,21.5591595211,21.7832577003,21.5225720633,21.5225720633,324489,0.0,0.0,0.0,0.0,0.0,0.0,0.0,0.0,,,,,,,,,,,,,,,,21.688022224751805,,#000000
2025-01-02 00:00:00+00:00,21.9524746927,22.1628525752,21.523669687,21.7420968102,798292,0.0,0.0,0.0,0.0,0.0,0.0,0.0,0.0,,,,,,,,,,,,,,,,21.690858727931758,,#000000
2025-01-03 00:00:00+00:00,22.1354119818,22.3823773221,21.9890621505,22.0439433373,541571,0.0,0.0,0.0,0.0,0.0,0.0,0.0,0.0,,,,,,,,,,,,,,,,21.6956115894782,,"rgba(38, 166, 154, 1.0)"
2025-01-06 00:00:00+00:00,21.6414813012,22.4555522377,21.6140407079,22.2726149486,452369,0.0,0.0,0.0,0.0,0.0,0.0,0.0,0.0,,,,,,,,,,,,,,,,21.69732523061169,,#000000
2025-01-07 00:00:00+00:00,21.6323344368,21.7785927994,21.3487816387,21.6414813012,778145,0.0,0.0,0.0,0.0,0.0,0.0,0.0,0.0,,,,,,,,,,,,,,,,21.695778145801253,,#000000
2025-01-08 00:00:00+00:00,21.2939004519,21.6231875723,21.1109631628,21.5317189278,796126,0.0,0.0,0.0,0.0,0.0,0.0,0.0,0.0,,,,,,,,,,,,,,,,21.690803091090054,,#000000
2025-01-10 00:00:00+00:00,21.7878311325,22.0759573628,21.636907869,21.7146562169,1113067,0.0,0.0,0.0,0.0,0.0,0.0,0.0,0.0,,,,,,,,,,,,,,,,21.693561052605247,,#000000
2025-01-13 00:00:00+00:00,21.2664598586,22.1171182529,21.174991214,21.8792997771,1304505,0.0,0.0,0.0,0.0,0.0,0.0,0.0,0.0,,,,,,,,,,,,,,,,21.689707870068037,,#000000
2025-01-14 00:00:00+00:00,21.4036628254,21.4585440121,21.0194945183,21.2115786718,1465378,0.0,0.0,0.0,0.0,0.0,0.0,0.0,0.0,,,,,,,,,,,,,,,,21.680102930974467,,#000000
2025-01-15 00:00:00+00:00,20.9920539249,21.6597750301,20.8914384159,21.4951314699,1862298,0.0,0.0,0.0,0.0,0.0,0.0,0.0,0.0,,,,,,,,,,,,,,,,21.665173899947625,,"rgba(239, 83, 80, 0.5)"
2025-01-16 00:00:00+00:00,21.2390192652,21.3487816387,20.7359417201,20.9097321448,450755,0.0,0.0,0.0,0.0,0.0,0.0,0.0,0.0,,,,,,,,,,,,,,,,21.66116768189369,,"rgba(239, 83, 80, 1.0)"
2025-01-17 00:00:00+00:00,22.0622370662,22.0713839306,21.174991214,21.1932849429,766467,0.0,0.0,0.0,0.0,0.0,0.0,0.0,0.0,,,,,,,,,,,,,,,,21.662476444837328,,#000000
2025-01-21 00:00:00+00:00,22.6933707136,23.1781545297,22.4921396956,22.5836083401,876809,0.0,0.0,0.0,0.0,0.0,0.0,0.0,0.0,,,,,,,,,,,,,,,,21.67781262356979,,"rgba(38, 166, 154, 1.0)"
2025-01-22 00:00:00+00:00,22.6201957979,22.9128954605,22.3457898643,22.9128954605,535379,0.0,0.0,0.0,0.0,0.0,0.0,0.0,0.0,,,,,,,,,,,,,,,,21.68563956307397,,"rgba(38, 166, 154, 1.0)"
2025-01-23 00:00:00+00:00,21.9707684216,22.7207198383,21.9341809638,22.6384895268,739627,0.0,0.0,0.0,0.0,0.0,0.0,0.0,0.0,,,,,,,,,,,,,,,,21.691533755350807,,"rgba(38, 166, 154, 1.0)"
2025-01-24 00:00:00+00:00,22.2634680842,22.2909086775,21.7786842681,22.0896776595,417224,0.0,0.0,0.0,0.0,0.0,0.0,0.0,0.0,,,,,,,,,,,,,,,,21.694184168603364,,"rgba(38, 166, 154, 1.0)"
2025-01-27 00:00:00+00:00,21.7786842681,22.50128656,21.6872156235,22.0805307951,411653,0.0,0.0,0.0,0.0,0.0,0.0,0.0,0.0,,,,,,,,,,,,,,,,21.696011010370494,,"rgba(38, 166, 154, 0.75)"
2025-01-28 00:00:00+00:00,21.7786842681,21.9616215572,21.3853690965,21.7146562169,398331,0.0,0.0,0.0,0.0,0.0,0.0,0.0,0.0,,,,,,,,,,,,,,,,21.696085780109843,,#000000
2025-01-29 00:00:00+00:00,22.5470208823,22.6110489335,21.6506281657,21.6506281657,640436,0.0,0.0,0.0,0.0,0.0,0.0,0.0,0.0,,,,,,,,,,,,,,,,21.701528107015758,,"rgba(38, 166, 154, 0.75)"
2025-01-30 00:00:00+00:00,22.2085868975,23.0043641051,22.0165027439,22.7208113069,848028,0.0,0.0,0.0,0.0,0.0,0.0,0.0,0.0,,,,,,,,,,,,,,,,21.710318094365416,,"rgba(38, 166, 154, 0.75)"
2025-01-31 00:00:00+00:00,21.8610060481,22.4464053733,21.8427123192,22.1811463041,553395,0.0,0.0,0.0,0.0,0.0,0.0,0.0,0.0,,,,,,,,,,,,,,,,21.713047226050456,,#000000
2025-02-03 00:00:00+00:00,21.678068759,21.9799152861,20.8274103647,21.1201100273,933101,0.0,0.0,0.0,0.0,0.0,0.0,0.0,0.0,,,,,,,,,,,,,,,,21.710134912150227,,#000000
2025-02-04 00:00:00+00:00,22.6842238491,22.7711190615,21.8610060481,21.8610060481,564002,0.0,0.0,0.0,0.0,0.0,0.0,0.0,0.0,,,,,,,,,,,,,,,,21.71597373424362,,"rgba(38, 166, 154, 0.75)"
2025-02-05 00:00:00+00:00,23.0043641051,23.0866858852,22.4646991022,22.6750769847,1205417,0.0,0.0,0.0,0.0,0.0,0.0,0.0,0.0,,,,,,,,,,,,,,,,21.735100678593316,,"rgba(38, 166, 154, 1.0)"
2025-02-06 00:00:00+00:00,22.50128656,23.0500984273,22.2497477875,23.0500984273,410045,0.0,0.0,0.0,0.0,0.0,0.0,0.0,0.0,,,,,,,,,,,,,,,,21.740028535531373,,"rgba(38, 166, 154, 1.0)"
2025-02-07 00:00:00+00:00,22.6110489335,23.0043641051,22.2543212197,22.4646991022,432060,0.0,0.0,0.0,0.0,0.0,0.0,0.0,0.0,,,,,,,,,,,,,,,,21.745297001589964,,"rgba(38, 166, 154, 1.0)"
2025-02-10 00:00:00+00:00,22.6842238491,23.0135109695,22.5653146112,22.7848393581,411972,0.0,0.0,0.0,0.0,0.0,0.0,0.0,0.0,,,,,,,,,,,,,,,,21.75100378675945,,"rgba(38, 166, 154, 1.0)"
2025-02-11 00:00:00+00:00,23.0043641051,23.0043641051,22.5104334245,22.702517578,316374,0.0,0.0,0.0,0.0,0.0,0.0,0.0,0.0,,,,,,,,,,,,,,,,21.755711862865944,,"rgba(38, 166, 154, 1.0)"
2025-02-12 00:00:00+00:00,22.8397205449,23.0775390207,22.601902069,22.7939862226,246961,0.0,0.0,0.0,0.0,0.0,0.0,0.0,0.0,,,,,,,,,,,,,,,,21.759358775536757,,"rgba(38, 166, 154, 1.0)"
2025-02-13 00:00:00+00:00,22.9677766472,23.1690076653,22.8671611382,23.022657834,380267,0.0,0.0,0.0,0.0,0.0,0.0,0.0,0.0,,,,,,,,,,,,,,,,21.765759295399977,,"rgba(38, 166, 154, 1.0)"
2025-02-14 00:00:00+00:00,22.6659301202,23.1873013942,22.6201957979,23.0866858852,240834,0.0,0.0,0.0,0.0,0.0,0.0,0.0,0.0,,,,,,,,,,,,,,,,21.769203607926524,,"rgba(38, 166, 154, 1.0)"
2025-02-18 00:00:00+00:00,22.5927552046,22.9266157572,22.5104334245,22.6750769847,386526,0.0,0.0,0.0,0.0,0.0,0.0,0.0,0.0,,,,,,,,,,,,,,,,21.773916850934462,,"rgba(38, 166, 154, 0.75)"
2025-02-19 00:00:00+00:00,22.5836083401,22.6384895268,22.3549367287,22.50128656,379159,0.0,0.0,0.0,0.0,0.0,0.0,0.0,0.0,,,,,,,,,,,,,,,,21.777727838365404,,"rgba(38, 166, 154, 0.75)"
2025-02-20 00:00:00+00:00,23.3610918188,23.4800010567,22.3915241866,22.4646991022,483482,0.0,0.0,0.0,0.0,0.0,0.0,0.0,0.0,,,,,,,,,,,,,,,,21.786076144979955,,"rgba(38, 166, 154, 1.0)"
2025-02-21 00:00:00+00:00,23.2330357164,23.8458756349,23.1050710827,23.42511987,360923,0.0,0.0,0.0,0.0,0.0,0.0,0.0,0.0,,,,,,,,,,,,,,,,21.793751862847678,,"rgba(38, 166, 154, 1.0)"
2025-02-24 00:00:00+00:00,23.0409515629,23.5673536123,22.862587706,23.2970637676,352282,0.0,0.0,0.0,0.0,0.0,0.0,0.0,0.0,,,,,,,,,,,,,,,,21.800071563235,,"rgba(38, 166, 154, 1.0)"
2025-02-25 00:00:00+00:00,23.6172040236,23.9510645762,22.8671611382,22.8671611382,838161,0.0,0.0,0.0,0.0,0.0,0.0,0.0,0.0,,,,,,,,,,,,,,,,21.818382169930842,,"rgba(38, 166, 154, 1.0)"
2025-02-26 00:00:00+00:00,24.248337671,24.3672469089,23.4982947856,23.6537914814,598168,0.0,0.0,0.0,0.0,0.0,0.0,0.0,0.0,,,,,,,,,,,,,,,,21.835529788186577,,"rgba(38, 166, 154, 1.0)"
2025-02-27 00:00:00+00:00,24.3215125866,24.6050653847,24.0928409752,24.3398063155,788576,0.0,0.0,0.0,0.0,0.0,0.0,0.0,0.0,,,,,,,,,,,,,,,,21.860778271143033,,"rgba(38, 166, 154, 1.0)"
2025-02-28 00:00:00+00:00,24.3581000444,24.5410373335,24.147722162,24.2666313999,767938,0.0,0.0,0.0,0.0,0.0,0.0,0.0,0.0,,,,,,,,,,,,,,,,21.88497035533525,,"rgba(38, 166, 154, 1.0)"
2025-03-03 00:00:00+00:00,24.1111347042,24.8383104283,24.0059457629,24.449568689,981418,0.0,0.0,0.0,0.0,0.0,0.0,0.0,0.0,,,,,,,,,,,,,,,,21.914837055148332,,"rgba(38, 166, 154, 1.0)"
2025-03-04 00:00:00+00:00,24.1934564842,24.4678624179,23.6995258037,23.8824630928,1201754,0.0,0.0,0.0,0.0,0.0,0.0,0.0,0.0,,,,,,,,,,,,,,,,21.947491063415548,,"rgba(38, 166, 154, 1.0)"
2025-03-05 00:00:00+00:00,25.0349680141,25.2453458966,24.2574845354,24.2574845354,1972484,0.0,0.0,0.0,0.0,0.0,0.0,0.0,0.0,,,,,,,,,,,,,,,,22.016257246684162,,"rgba(38, 166, 154, 1.0)"
2025-03-06 00:00:00+00:00,22.5287271534,24.2849251288,22.3640835932,23.9099036861,1429959,0.0,0.0,0.0,0.0,0.0,0.0,0.0,0.0,,,,,,,,,,,,,,,,22.03389298126732,,"rgba(38, 166, 154, 0.75)"
2025-03-07 00:00:00+00:00,21.998209015,22.5470208823,21.6048938434,22.50128656,928510,0.0,0.0,0.0,0.0,0.0,0.0,0.0,0.0,,,,,,,,,,,,,,,,22.03406835349431,,#000000
2025-03-10 00:00:00+00:00,22.7391050359,22.8488674093,21.7329499458,21.9158872349,1444253,0.0,0.0,0.0,0.0,0.0,0.0,0.0,0.0,,,,,,,,,,,,,,,,22.04081671518498,,#000000
2025-03-11 00:00:00+00:00,23.0500984273,23.6629383458,22.8122799515,22.8122799515,1398336,0.0,0.0,0.0,0.0,0.0,0.0,0.0,0.0,,,,,,,,,,,,,,,,22.058771453459993,,#000000
2025-03-12 00:00:00+00:00,23.4891479212,23.8550224994,23.0135109695,23.2330357164,1083634,0.0,0.0,0.0,0.0,0.0,0.0,0.0,0.0,,,,,,,,,,,,,,,,22.075661412523505,,#000000
2025-03-13 00:00:00+00:00,23.4068261411,23.8092881771,23.4068261411,23.626350888,929100,0.0,0.0,0.0,0.0,0.0,0.0,0.0,0.0,,,,,,,,,,,,,,,,22.090729374157117,,#000000
2025-03-14 00:00:00+00:00,23.6629383458,23.8001413127,23.1186999108,23.4434135989,523972,0.0,0.0,0.0,0.0,0.0,0.0,0.0,0.0,,,,,,,,,,,,,,,,22.099012067488825,,#000000
2025-03-17 00:00:00+00:00,23.5989102947,24.3672469089,23.5348822435,23.7452601259,621976,0.0,0.0,0.0,0.0,0.0,0.0,0.0,0.0,,,,,,,,,,,,,,,,22.110803764659057,,#000000
2025-03-18 00:00:00+00:00,24.2026033487,24.2849251288,23.6354977525,23.7544069904,508978,0.0,0.0,0.0,0.0,0.0,0.0,0.0,0.0,,,,,,,,,,,,,,,,22.121481512843225,,"rgba(38, 166, 154, 0.5)"
2025-03-19 00:00:00+00:00,23.7909944482,24.1568690264,23.4982947856,24.1568690264,721793,0.0,0.0,0.0,0.0,0.0,0.0,0.0,0.0,,,,,,,,,,,,,,,,22.134666664122733,,"rgba(38, 166, 154, 0.5)"
2025-03-20 00:00:00+00:00,24.3763937734,24.4541421212,23.6446446169,23.6446446169,628633,0.0,0.0,0.0,0.0,0.0,0.0,0.0,0.0,,,,,,,,,,,,,,,,22.148293603627238,,"rgba(38, 166, 154, 1.0)"
2025-03-21 00:00:00+00:00,24.147722162,24.4953030113,24.1065612719,24.2391908065,553175,0.0,0.0,0.0,0.0,0.0,0.0,0.0,0.0,,,,,,,,,,,,,,,,22.160672719413643,,"rgba(38, 166, 154, 1.0)"
2025-03-24 00:00:00+00:00,24.2666313999,24.5959185203,24.1111347042,24.3672469089,337254,0.0,0.0,0.0,0.0,0.0,0.0,0.0,0.0,,,,,,,,,,,,,,,,22.16841588818962,,"rgba(38, 166, 154, 1.0)"
2025-03-25 00:00:00+00:00,23.9830786018,24.5135967402,23.9739317373,24.2666313999,362285,0.0,0.0,0.0,0.0,0.0,0.0,0.0,0.0,,,,,,,,,,,,,,,,22.176030121550514,,"rgba(38, 166, 154, 0.5)"
2025-03-26 00:00:00+00:00,24.3215125866,24.4129812312,23.7086726681,23.827581906,338908,0.0,0.0,0.0,0.0,0.0,0.0,0.0,0.0,,,,,,,,,,,,,,,,22.18306778428614,,"rgba(38, 166, 154, 1.0)"
2025-03-27 00:00:00+00:00,23.8092881771,24.3946875023,23.7909944482,24.3946875023,611021,0.0,0.0,0.0,0.0,0.0,0.0,0.0,0.0,,,,,,,,,,,,,,,,22.194674668128556,,"rgba(38, 166, 154, 0.5)"
2025-03-28 00:00:00+00:00,23.9556380084,24.1111347042,23.6080571591,23.7818475838,8839059,0.0,0.0,0.0,0.0,0.0,0.0,0.0,0.0,,,,,,,,,,,,,,,,22.338346877568377,,"rgba(38, 166, 154, 0.5)"
2025-03-31 00:00:00+00:00,23.8001413127,24.3970100603,23.7441848676,24.0053149447,958571,0.0,0.0,0.0,0.0,0.0,0.0,0.0,0.0,,,,,,,,,,,,,,,,22.353287048478617,,#000000
2025-04-01 00:00:00+00:00,23.8094673869,24.1358799832,23.6229459032,23.8001413127,1105172,0.0,0.0,0.0,0.0,0.0,0.0,0.0,0.0,,,,,,,,,,,,,,,,22.368887398443484,,#000000
2025-04-02 00:00:00+00:00,24.1172278349,24.2338037621,23.7908152385,23.8094673869,1204469,0.0,0.0,0.0,0.0,0.0,0.0,0.0,0.0,,,,,,,,,,,,,,,,22.387663445616337,,#000000
2025-04-03 00:00:00+00:00,23.5296851614,24.1638582058,23.4457504938,23.9400324254,1435428,0.0,0.0,0.0,0.0,0.0,0.0,0.0,0.0,,,,,,,,,,,,,,,,22.405101672251014,,#000000
2025-04-04 00:00:00+00:00,22.279991221,23.2778811585,21.972230773,23.0820336007,1832444,0.0,0.0,0.0,0.0,0.0,0.0,0.0,0.0,,,,,,,,,,,,,,,,22.406834959798815,,"rgba(239, 83, 80, 1.0)"
2025-04-07 00:00:00+00:00,21.7390789184,22.7183167075,21.3287316544,21.7763832152,1596451,0.0,0.0,0.0,0.0,0.0,0.0,0.0,0.0,,,,,,,,,,,,,,,,22.400051964059024,,"rgba(239, 83, 80, 1.0)"
2025-04-08 00:00:00+00:00,20.3588199395,22.6343820399,20.2748852718,22.4758387788,2451154,0.0,0.0,0.0,0.0,0.0,0.0,0.0,0.0,,,,,,,,,,,,,,,,22.372111348429982,,"rgba(239, 83, 80, 1.0)"
2025-04-09 00:00:00+00:00,22.0934697374,22.2613390726,19.7339729693,20.3588199395,3222351,0.0,0.0,0.0,0.0,0.0,0.0,0.0,0.0,,,,,,,,,,,,,,,,22.34460041677686,,"rgba(239, 83, 80, 1.0)"
2025-04-10 00:00:00+00:00,21.3660359511,22.0188611439,20.9650147613,21.7577310668,1584386,0.0,0.0,0.0,0.0,0.0,0.0,0.0,0.0,,,,,,,,,,,,,,,,22.332767714149018,,"rgba(239, 83, 80, 0.75)"
2025-04-11 00:00:00+00:00,21.7297528442,22.1027958115,21.1795144675,21.5898617315,1376397,0.0,0.0,0.0,0.0,0.0,0.0,0.0,0.0,,,,,,,,,,,,,,,,22.325246773623636,,"rgba(239, 83, 80, 0.75)"
2025-04-14 00:00:00+00:00,21.972230773,22.382578037,21.7577310668,22.1867304792,1223821,0.0,0.0,0.0,0.0,0.0,0.0,0.0,0.0,,,,,,,,,,,,,,,,22.322369628625967,,"rgba(239, 83, 80, 0.75)"
2025-04-15 00:00:00+00:00,22.690338485,22.7183167075,21.9162743279,21.9162743279,636799,0.0,0.0,0.0,0.0,0.0,0.0,0.0,0.0,,,,,,,,,,,,,,,,22.322986999534386,,"rgba(239, 83, 80, 0.75)"
2025-04-16 00:00:00+00:00,22.5970777432,23.1333270087,22.5038170014,22.8582078203,504943,0.0,0.0,0.0,0.0,0.0,0.0,0.0,0.0,,,,,,,,,,,,,,,,22.324710938798955,,"rgba(239, 83, 80, 0.75)"
2025-04-17 00:00:00+00:00,22.9514685621,23.1986095279,22.7323058188,22.7369688559,706222,0.0,0.0,0.0,0.0,0.0,0.0,0.0,0.0,,,,,,,,,,,,,,,,22.328326706937666,,#000000
2025-04-21 00:00:00+00:00,22.5131430755,23.0447293039,22.3452737403,22.8488817461,439876,0.0,0.0,0.0,0.0,0.0,0.0,0.0,0.0,,,,,,,,,,,,,,,,22.32940649952758,,#000000
2025-04-22 00:00:00+00:00,22.7089906334,22.9701207105,22.4758387788,22.6157298915,429098,0.0,0.0,0.0,0.0,0.0,0.0,0.0,0.0,,,,,,,,,,,,,,,,22.33074040125212,,#000000
2025-04-23 00:00:00+00:00,23.1286639716,23.2499029359,22.6950015221,22.9701207105,628611,0.0,0.0,0.0,0.0,0.0,0.0,0.0,0.0,,,,,,,,,,,,,,,,22.334208940210306,,#000000
2025-04-24 00:00:00+00:00,23.0633814523,23.4457504938,23.0074250072,23.100685749,371191,0.0,0.0,0.0,0.0,0.0,0.0,0.0,0.0,,,,,,,,,,,,,,,,22.336675493418422,,#000000
2025-04-25 00:00:00+00:00,23.2405768617,23.2405768617,22.895512117,22.9887728588,282845,0.0,0.0,0.0,0.0,0.0,0.0,0.0,0.0,,,,,,,,,,,,,,,,22.338440911004774,,"rgba(38, 166, 154, 0.5)"
2025-04-28 00:00:00+00:00,23.4177722712,23.5669894581,23.151979157,23.2778811585,340998,0.0,0.0,0.0,0.0,0.0,0.0,0.0,0.0,,,,,,,,,,,,,,,,22.341240540109897,,"rgba(38, 166, 154, 0.5)"
2025-04-29 00:00:00+00:00,23.4270983454,23.6602501999,23.3991201228,23.4270983454,290625,0.0,0.0,0.0,0.0,0.0,0.0,0.0,0.0,,,,,,,,,,,,,,,,22.343881462566973,,"rgba(38, 166, 154, 1.0)"
2025-04-30 00:00:00+00:00,23.0260771556,23.2965333068,22.8675338945,23.2405768617,405631,0.0,0.0,0.0,0.0,0.0,0.0,0.0,0.0,,,,,,,,,,,,,,,,22.346171805041966,,"rgba(38, 166, 154, 0.5)"
2025-05-01 00:00:00+00:00,23.2312507876,23.5603679454,23.0307401926,23.0354032297,298295,0.0,0.0,0.0,0.0,0.0,0.0,0.0,0.0,,,,,,,,,,,,,,,,22.3483389730396,,"rgba(38, 166, 154, 0.5)"
2025-05-02 00:00:00+00:00,23.7908152385,23.9307063512,23.203272565,23.4364244196,620013,0.0,0.0,0.0,0.0,0.0,0.0,0.0,0.0,,,,,,,,,,,,,,,,22.35458647341443,,"rgba(38, 166, 154, 1.0)"
2025-05-05 00:00:00+00:00,23.408446197,23.7814891643,23.1473161199,23.7814891643,581916,0.0,0.0,0.0,0.0,0.0,0.0,0.0,0.0,,,,,,,,,,,,,,,,22.35951146689775,,"rgba(38, 166, 154, 1.0)"
2025-05-06 00:00:00+00:00,23.6322719774,23.7441848676,23.2778811585,23.511033013,405906,0.0,0.0,0.0,0.0,0.0,0.0,0.0,0.0,,,,,,,,,,,,,,,,22.36325229749882,,"rgba(38, 166, 154, 1.0)"
2025-05-07 00:00:00+00:00,24.2664450218,24.3130753927,23.7255327192,23.7348587934,525266,0.0,0.0,0.0,0.0,0.0,0.0,0.0,0.0,,,,,,,,,,,,,,,,22.37028410446593,,"rgba(38, 166, 154, 1.0)"
2025-05-08 00:00:00+00:00,23.9773367221,24.5648793956,23.8467716836,24.480944728,555929,0.0,0.0,0.0,0.0,0.0,0.0,0.0,0.0,,,,,,,,,,,,,,,,22.37778396638974,,"rgba(38, 166, 154, 1.0)"
2025-05-09 00:00:00+00:00,23.6229459032,24.1638582058,23.5996307178,24.1638582058,532131,0.0,0.0,0.0,0.0,0.0,0.0,0.0,0.0,,,,,,,,,,,,,,,,22.38354509226213,,"rgba(38, 166, 154, 1.0)"
2025-05-12 00:00:00+00:00,23.4550765679,23.9773367221,23.4364244196,23.9773367221,593508,0.0,0.0,0.0,0.0,0.0,0.0,0.0,0.0,,,,,,,,,,,,,,,,22.38913726517621,,"rgba(38, 166, 154, 0.75)"
2025-05-13 00:00:00+00:00,23.5669894581,23.8234564981,23.4830547905,23.5949676807,736868,0.0,0.0,0.0,0.0,0.0,0.0,0.0,0.0,,,,,,,,,,,,,,,,22.396019039919857,,"rgba(38, 166, 154, 0.75)"
2025-05-14 00:00:00+00:00,24.0053149447,24.1638582058,23.4457504938,23.5949676807,516974,0.0,0.0,0.0,0.0,0.0,0.0,0.0,0.0,,,,,,,,,,,,,,,,22.40176372219471,,"rgba(38, 166, 154, 0.75)"
2025-05-15 00:00:00+00:00,24.1825103541,24.1825103541,23.8467716836,24.023967093,520059,0.0,0.0,0.0,0.0,0.0,0.0,0.0,0.0,,,,,,,,,,,,,,,,22.408273862173495,,"rgba(38, 166, 154, 1.0)"
2025-05-16 00:00:00+00:00,23.1193378974,23.7535109418,22.9514685621,23.6602501999,952997,0.0,0.0,0.0,0.0,0.0,0.0,0.0,0.0,,,,,,,,,,,,,,,,22.41442408031925,,"rgba(38, 166, 154, 0.75)"
2025-05-19 00:00:00+00:00,23.0633814523,23.3524897519,22.8582078203,22.9794467846,355918,1.0,23.35249,22.858208,0.0,0.0,0.0,0.0,0.0,,,23.091359674833335,,,,,,,,,,,,,22.41621377400751,,#000000
2025-05-20 00:00:00+00:00,24.0146410189,24.1545321316,23.0260771556,23.1566421941,758775,0.0,0.0,0.0,0.0,0.0,0.0,0.0,0.0,,,23.52727543495624,,,,,,,,,,,,,22.42358697917897,,#000000
2025-05-21 00:00:00+00:00,24.0426192414,24.17318428,23.6089567919,24.0332931672,660234,0.0,0.0,0.0,0.0,0.0,0.0,0.0,0.0,,,23.681390184862877,,,,,,,,,,,,,22.430954090316025,,"rgba(38, 166, 154, 1.0)"
2025-05-22 00:00:00+00:00,24.1918364283,24.2384667992,23.6882284225,23.8840759803,483396,0.0,0.0,0.0,0.0,0.0,0.0,0.0,0.0,,,23.758046160126746,,,,,,,,,,,,,22.436649520681822,,"rgba(38, 166, 154, 1.0)"
2025-05-23 00:00:00+00:00,24.8726398436,24.9565745112,24.1638582058,24.229140725,856229,0.0,0.0,0.0,0.0,0.0,0.0,0.0,0.0,,,24.00720240138525,,,,,,,,,,,,,22.450533698728098,,"rgba(38, 166, 154, 1.0)"
2025-05-27 00:00:00+00:00,24.7700530276,25.0498352531,24.6954444342,24.9099441403,528238,0.0,0.0,0.0,0.0,0.0,0.0,0.0,0.0,,,24.1277401006345,,,,,,,,,,,,,22.459680157662664,,"rgba(38, 166, 154, 1.0)"
2025-05-28 00:00:00+00:00,24.2664450218,24.7700530276,24.1079017607,24.7234226567,711403,0.0,0.0,0.0,0.0,0.0,0.0,0.0,0.0,,,24.169194807677382,,,,,,,,,,,,,22.469542761252136,,"rgba(38, 166, 154, 1.0)"
2025-05-29 00:00:00+00:00,24.2664450218,24.42965132,24.2384667992,24.3130753927,353598,0.0,0.0,0.0,0.0,0.0,0.0,0.0,0.0,,,24.17988480508211,,,,,,,,,,,,,22.474229369658044,,"rgba(38, 166, 154, 1.0)"
2025-05-30 00:00:00+00:00,24.2477928734,24.3550427265,24.0146410189,24.229140725,1327132,0.0,0.0,0.0,0.0,0.0,0.0,0.0,0.0,,,24.185589397979516,,,,,,,,,,,,,22.490608751255188,,"rgba(38, 166, 154, 0.75)"
2025-06-02 00:00:00+00:00,24.1545321316,24.5462272472,24.1079017607,24.378357912,579783,0.0,0.0,0.0,0.0,0.0,0.0,0.0,0.0,,,24.192948921222445,,,,,,,,,,,,,22.49792980798617,,"rgba(38, 166, 154, 0.75)"
2025-06-03 00:00:00+00:00,24.7980312502,24.9285962887,24.0659344269,24.1358799832,670389,0.0,0.0,0.0,0.0,0.0,0.0,0.0,0.0,,,24.230178420661254,,,,,,,,,,,,,22.50787345347919,,"rgba(38, 166, 154, 0.75)"
2025-06-04 00:00:00+00:00,24.9845527338,25.1337699207,24.6674662116,24.8539876952,524484,0.0,0.0,0.0,0.0,0.0,0.0,0.0,0.0,,,24.27708350953998,,,,,,,,,,,,,22.516809701251166,,"rgba(38, 166, 154, 1.0)"
2025-06-05 00:00:00+00:00,24.9099441403,25.096465624,24.8260094727,25.0684874014,635161,0.0,0.0,0.0,0.0,0.0,0.0,0.0,0.0,,,24.327255345025083,,,,,,,,,,,,,22.52761292408864,,"rgba(38, 166, 154, 1.0)"
2025-06-06 00:00:00+00:00,24.5555533214,25.0125309563,24.5462272472,24.9006180662,384386,0.0,0.0,0.0,0.0,0.0,0.0,0.0,0.0,,,24.343690895220043,,,,,,,,,,,,,22.5334612279498,,"rgba(38, 166, 154, 1.0)"
2025-06-09 00:00:00+00:00,24.6488140632,25.0078679193,24.3410536152,24.6208358407,556599,0.0,0.0,0.0,0.0,0.0,0.0,0.0,0.0,,,24.362799474478383,,,,,,,,,,,,,22.541723660322294,,"rgba(38, 166, 154, 1.0)"
2025-06-10 00:00:00+00:00,24.8819659178,24.993878808,24.6767922858,24.788705176,1228773,0.0,0.0,0.0,0.0,0.0,0.0,0.0,0.0,,,24.41930134084691,,,,,,,,,,,,,22.56130814989607,,"rgba(38, 166, 154, 1.0)"
2025-06-11 00:00:00+00:00,24.9285962887,25.3482696269,24.7327487309,25.0871395498,1302905,0.0,0.0,0.0,0.0,0.0,0.0,0.0,0.0,,,24.48313830629175,,,,,,,,,,,,,22.583072182974643,,"rgba(38, 166, 154, 1.0)"
2025-06-12 00:00:00+00:00,25.4601825171,25.4601825171,24.9285962887,24.9285962887,879725,0.0,0.0,0.0,0.0,0.0,0.0,0.0,0.0,,,24.53812306433748,,,,,,,,,,,,,22.59922285620972,,"rgba(38, 166, 154, 1.0)"
2025-06-13 00:00:00+00:00,25.2643349593,25.6467040007,25.0405091789,25.609399704,1292394,0.0,0.0,0.0,0.0,0.0,0.0,0.0,0.0,,,24.609584112876277,,,,,,,,,,,,,22.62290012987062,,"rgba(38, 166, 154, 1.0)"
2025-06-16 00:00:00+00:00,25.1710742174,25.5720954073,25.0871395498,25.301639256,994068,0.0,0.0,0.0,0.0,0.0,0.0,0.0,0.0,,,24.65355427295799,,,,,,,,,,,,,22.640564131388963,,"rgba(38, 166, 154, 1.0)"
2025-06-17 00:00:00+00:00,24.9285962887,25.3202914044,24.8679768065,25.1151177723,948082,0.0,0.0,0.0,0.0,0.0,0.0,0.0,0.0,,,24.676346114879117,,,,,,,,,,,,,22.655693160236822,,"rgba(38, 166, 154, 0.75)"
2025-06-18 00:00:00+00:00,24.3503796894,24.9379223629,24.1918364283,24.9379223629,1107854,0.0,0.0,0.0,0.0,0.0,0.0,0.0,0.0,,,24.664519632435884,,,,,,,,,,,,,22.6691396733409,,"rgba(38, 166, 154, 0.75)"
2025-06-20 00:00:00+00:00,24.3970100603,24.6115097665,24.2850971701,24.6115097665,1381400,0.0,0.0,0.0,0.0,0.0,0.0,0.0,0.0,,,24.647117699414768,,,,,,,,,,,,,22.68507103661612,,#000000
2025-06-23 00:00:00+00:00,24.7607269534,24.7700530276,24.2571189476,24.2850971701,1123288,0.0,0.0,0.0,0.0,0.0,0.0,0.0,0.0,,,24.6441927800244,,,,,,,,,,,,,22.69901730743566,,#000000
2025-06-24 00:00:00+00:00,24.4995968763,24.788705176,24.3597057636,24.5275750989,987646,0.0,0.0,0.0,0.0,0.0,0.0,0.0,0.0,,,24.63965198825999,,,,,,,,,,,,,22.71081507837826,,#000000
2025-06-25 00:00:00+00:00,24.0053149447,24.4249882829,23.8374456094,24.4249882829,793025,0.0,0.0,0.0,0.0,0.0,0.0,0.0,0.0,,,24.619279284081216,,,,,,,,24.089249612333333,,,,,22.71783621454044,,"rgba(239, 83, 80, 1.0)"
2025-06-26 00:00:00+00:00,24.1358799832,24.3597057636,24.0332931672,24.0612713898,1417807,0.0,0.0,0.0,0.0,0.0,0.0,0.0,0.0,,,24.591783877886613,,,,,,,,24.14507053572042,,,,,22.730997794948706,,"rgba(239, 83, 80, 1.0)"
2025-06-27 00:00:00+00:00,24.1825103541,24.3597057636,23.9680106479,24.1358799832,6119596,0.0,0.0,0.0,0.0,0.0,0.0,0.0,0.0,,,24.502678888643597,,,,,,,,24.163439438395493,,,,,22.78495000880224,,"rgba(239, 83, 80, 1.0)"
2025-06-30 00:00:00+00:00,24.6301619149,24.6776921386,23.8791843806,24.2404140806,798517,0.0,0.0,0.0,0.0,0.0,0.0,0.0,0.0,,,24.499807970052437,,,,,,,,24.18375368278315,,,,,22.79279133694626,,"rgba(239, 83, 80, 1.0)"
2025-07-01 00:00:00+00:00,24.4115228859,24.6586800491,24.3259684833,24.5826316912,378231,0.0,0.0,0.0,0.0,0.0,0.0,0.0,0.0,,,24.499376046336764,,,,,,,,24.19495824707356,,,,,22.796639305914603,,#000000
2025-07-02 00:00:00+00:00,24.8773190781,24.9058372123,24.1263415438,24.7157163175,678316,0.0,0.0,0.0,0.0,0.0,0.0,0.0,0.0,,,24.50239424472234,,,,,,,,24.22436324252976,,,,,22.804199122376478,,#000000
2025-07-03 00:00:00+00:00,24.8678130333,24.9438613912,24.7014572504,24.7537404965,194865,0.0,0.0,0.0,0.0,0.0,0.0,0.0,0.0,,,24.5045012019078,,,,,,,,24.235877290137907,,,,,22.806596644054302,,#000000
2025-07-07 00:00:00+00:00,24.6111498254,24.8011756597,24.4495470649,24.7062102728,485434,0.0,0.0,0.0,0.0,0.0,0.0,0.0,0.0,,,24.506290860551406,,,,,,,,24.25306602709699,,,,,22.811908942564433,,#000000
2025-07-08 00:00:00+00:00,24.8583069886,25.0294157939,24.4875712438,24.5636196017,381604,0.0,0.0,0.0,0.0,0.0,0.0,0.0,0.0,,,24.509708065553664,,,,,,,,24.271343108945704,,,,,22.81645627007116,,"rgba(38, 166, 154, 0.5)"
2025-07-09 00:00:00+00:00,24.915343257,25.1625004202,24.8488009438,24.9438613912,405534,0.0,0.0,0.0,0.0,0.0,0.0,0.0,0.0,,,24.51555955233034,,,,,,,,24.2958501758157,,,,,22.821713408718246,,"rgba(38, 166, 154, 0.5)"
2025-07-10 00:00:00+00:00,24.8678130333,25.0246627715,24.6919512057,24.915343257,766287,0.0,0.0,0.0,0.0,0.0,0.0,0.0,0.0,,,24.52357959452771,,,,,,,,24.33075024222808,,,,,22.83105516371044,,"rgba(38, 166, 154, 0.5)"
2025-07-11 00:00:00+00:00,24.9058372123,25.0721929952,24.7348234674,24.8012707202,712909,0.0,0.0,0.0,0.0,0.0,0.0,0.0,0.0,,,24.531617982029008,,,,,,,,24.361885932433324,,,,,22.839851309218876,,"rgba(38, 166, 154, 1.0)"
2025-07-14 00:00:00+00:00,25.276572957,25.2813259794,24.8915781452,24.9058372123,1233136,0.0,0.0,0.0,0.0,0.0,0.0,0.0,0.0,,,24.55340075053001,,,,,,,,24.429523888030158,,,,,22.856680124797514,,"rgba(38, 166, 154, 1.0)"
2025-07-15 00:00:00+00:00,25.4191636281,25.4476817623,24.9818855702,25.2670669123,430227,0.0,0.0,0.0,0.0,0.0,0.0,0.0,0.0,,,24.56225985885588,,,,,,,,24.454338877880655,,,,,22.862831363889942,,"rgba(38, 166, 154, 1.0)"
2025-07-16 00:00:00+00:00,25.2290427333,25.5047180307,25.0294157939,25.4381757176,797003,0.0,0.0,0.0,0.0,0.0,0.0,0.0,0.0,,,24.57748805552128,,,,,,,,24.495233234446548,,,,,22.874011300796948,,"rgba(38, 166, 154, 1.0)"
2025-07-17 00:00:00+00:00,25.457187807,25.5712603439,24.8535539662,25.1244762412,683684,0.0,0.0,0.0,0.0,0.0,0.0,0.0,0.0,,,24.590760727304666,,,,,,,,24.528785622511705,,,,,22.883676899781644,,"rgba(38, 166, 154, 1.0)"
2025-07-18 00:00:00+00:00,25.5427422097,25.7898993729,25.4381757176,25.6378026571,691230,0.0,0.0,0.0,0.0,0.0,0.0,0.0,0.0,,,24.609135886409618,,,25.5902724334,,,,,24.572029213873513,,,,,22.89456258110726,,"rgba(38, 166, 154, 1.0)"
2025-07-21 00:00:00+00:00,25.276572957,25.6948389255,25.1425377262,25.6187905676,696317,0.0,0.0,0.0,0.0,0.0,0.0,0.0,0.0,,,24.62299438694222,,,25.4803931187192,,,,,24.603537711937715,,,,,22.90455667781725,,"rgba(38, 166, 154, 1.0)"
2025-07-22 00:00:00+00:00,25.2385487781,25.5427422097,25.2052776215,25.2670669123,464017,0.0,0.0,0.0,0.0,0.0,0.0,0.0,0.0,,,24.631444729329615,,,25.44241673498368,,,,,24.622103739963254,,,,,22.911058088652354,,"rgba(38, 166, 154, 0.75)"
2025-07-23 00:00:00+00:00,24.9818855702,25.5237301202,24.8202828096,25.2480548228,682879,0.0,0.0,0.0,0.0,0.0,0.0,0.0,0.0,,,24.639706424633697,,,25.352482174618704,,,,,24.63976613153122,,,,,22.919697103294663,,"rgba(38, 166, 154, 0.75)"
2025-07-24 00:00:00+00:00,25.0008976596,25.0864520623,24.7252223623,24.8773190781,808006,0.0,0.0,0.0,0.0,0.0,0.0,0.0,0.0,,,24.645684946792073,,,25.252169896955554,,,,,24.652029487358217,,,,,22.929039533592256,,"rgba(38, 166, 154, 0.5)"
2025-07-25 00:00:00+00:00,24.6681860938,25.0579339281,24.6206558701,24.9058372123,627767,0.0,0.0,0.0,0.0,0.0,0.0,0.0,0.0,,,24.647782307851013,,,25.177867948168792,,,,,24.65606741977824,,,,,22.935681966753158,,#000000
2025-07-28 00:00:00+00:00,24.4780651991,24.8107767649,24.4115228859,24.8107767649,259868,0.0,0.0,0.0,0.0,0.0,0.0,0.0,0.0,,,24.64727067154669,,,25.140327310595136,,,,,24.654936019329316,24.5667882833,,,,22.93809850191902,,"rgba(239, 83, 80, 1.0)"
2025-07-29 00:00:00+00:00,24.6681860938,24.7157163175,24.4115228859,24.4970772886,396410,0.0,0.0,0.0,0.0,0.0,0.0,0.0,0.0,,,24.646804961368854,,,25.093900008371897,,,,,,24.585927993358947,,,,22.94184244179606,,"rgba(239, 83, 80, 1.0)"
2025-07-30 00:00:00+00:00,24.5826316912,24.7632465412,24.4447940425,24.5731256465,285134,0.0,0.0,0.0,0.0,0.0,0.0,0.0,0.0,,,24.64646463733569,,,25.06504720528705,,,,,,24.58924838551318,,,,22.944522433986478,,"rgba(239, 83, 80, 1.0)"
2025-07-31 00:00:00+00:00,24.9628734807,25.0579339281,24.4970772886,24.4970772886,505955,0.0,0.0,0.0,0.0,0.0,0.0,0.0,0.0,,,24.648769705512315,,,25.043963908905624,,,,,,24.676656958320688,,,,22.94995114494875,,"rgba(239, 83, 80, 1.0)"
2025-08-01 00:00:00+00:00,25.0484278833,25.1054641518,24.5731256465,25.0104037044,428662,0.0,0.0,0.0,0.0,0.0,0.0,0.0,0.0,,,24.651378879727677,,,25.034068433665936,,,,,,24.729747373985376,,,,22.954695054380256,,#000000
2025-08-04 00:00:00+00:00,25.0484278833,25.314597136,25.0294157939,25.0294157939,244400,0.0,0.0,0.0,0.0,0.0,0.0,0.0,0.0,,,24.654103936559885,,,25.03795053806168,,,,,,24.775974145413862,,,,22.957695317875466,,#000000
2025-08-05 00:00:00+00:00,25.3906454939,25.5427422097,25.0769460175,25.0769460175,345190,0.0,0.0,0.0,0.0,0.0,0.0,0.0,0.0,,,24.659540742914917,,,25.053978329248885,,,,,,24.854487431721857,,,,22.962319111998685,,"rgba(38, 166, 154, 0.5)"
2025-08-06 00:00:00+00:00,25.6282966123,25.6282966123,25.3050910912,25.4857059413,764413,0.0,0.0,0.0,0.0,0.0,0.0,0.0,0.0,,,24.674462552794726,,,25.10351303893783,,,,,,25.012119191970594,,,,22.973282262436953,,"rgba(38, 166, 154, 1.0)"
2025-08-07 00:00:00+00:00,25.8374295965,26.654949444,25.5665073215,25.713851015,1019170,0.0,0.0,0.0,0.0,0.0,0.0,0.0,0.0,,,24.704842132853337,,,25.217107175078887,,,,,,25.253770107673315,,,,22.990589080452843,,"rgba(38, 166, 154, 1.0)"
2025-08-08 00:00:00+00:00,26.037056536,26.3364969453,25.8849598202,25.9324900439,650907,0.0,0.0,0.0,0.0,0.0,0.0,0.0,0.0,,,24.724482781717647,,,25.280879335907724,,,,,,25.36434226699423,,,,23.001780356944682,,"rgba(38, 166, 154, 1.0)"
2025-08-11 00:00:00+00:00,26.436310415,26.8260582492,26.0085384018,26.1416230281,1110992,0.0,0.0,0.0,0.0,0.0,0.0,0.0,0.0,,,24.764742354645783,,,25.408076294572034,,,,,,25.560124456834444,,,,23.022765856376065,,"rgba(38, 166, 154, 1.0)"
2025-08-12 00:00:00+00:00,26.0655746702,26.5789010861,25.8659477308,26.5218648176,466254,0.0,0.0,0.0,0.0,0.0,0.0,0.0,0.0,,,24.77857963540395,,,25.4420857110066,,,,,,25.604034776559278,,,,23.030845672915515,,"rgba(38, 166, 154, 1.0)"
2025-08-13 00:00:00+00:00,26.5028527282,26.5598889966,26.1439995393,26.3127318334,612262,0.0,0.0,0.0,0.0,0.0,0.0,0.0,0.0,,,24.79930413126609,,,25.495239345878044,,,,,,25.67296869305261,,,,23.042172717030386,,"rgba(38, 166, 154, 1.0)"
2025-08-14 00:00:00+00:00,26.3507560124,26.5218648176,26.2604485874,26.3697681018,393434,0.0,0.0,0.0,0.0,0.0,0.0,0.0,0.0,,,24.812144782030096,,,25.525552619309014,,,,,,25.7100205915727,,,,23.04935838712719,,"rgba(38, 166, 154, 1.0)"
2025-08-15 00:00:00+00:00,26.3032257887,26.5028527282,26.217671386,26.4458164597,339096,0.0,0.0,0.0,0.0,0.0,0.0,0.0,0.0,,,24.822791788488182,,,25.549008453226897,,,,,,25.73738486336466,,,,23.055459299323562,,"rgba(38, 166, 154, 1.0)"
2025-08-18 00:00:00+00:00,26.5503829519,26.6787145558,26.1748941847,26.1891532518,509690,0.0,0.0,0.0,0.0,0.0,0.0,0.0,0.0,,,24.83983188729662,,,25.58708334934718,,,,,,25.782079186784344,,,,23.06493916224398,,"rgba(38, 166, 154, 1.0)"
2025-08-19 00:00:00+00:00,26.3032257887,26.5693950413,26.255695565,26.4268043703,430180,0.0,0.0,0.0,0.0,0.0,0.0,0.0,0.0,,,24.85314515481678,,,25.613741794390677,,,,,,25.811243501845915,,,,23.072684361788074,,"rgba(38, 166, 154, 0.75)"
2025-08-20 00:00:00+00:00,26.7024796677,26.8070461598,26.2081653413,26.2081653413,454096,0.0,0.0,0.0,0.0,0.0,0.0,0.0,0.0,,,24.868731361163416,,,25.646760627946513,,,,,,25.848755245366736,,,,23.081304835522136,,"rgba(38, 166, 154, 0.75)"
2025-08-21 00:00:00+00:00,25.9419960887,26.5028527282,25.9039719097,26.2747076545,482375,0.0,0.0,0.0,0.0,0.0,0.0,0.0,0.0,,,24.88062977904395,,,25.663329960934643,,,,,,25.86206084047745,,,,23.089225006602337,,"rgba(38, 166, 154, 0.75)"
2025-08-22 00:00:00+00:00,26.1606351176,26.3697681018,26.037056536,26.0940928045,363218,0.0,0.0,0.0,0.0,0.0,0.0,0.0,0.0,,,24.889959965143785,,,25.67694096048706,,,,,,25.873868564878837,,,,23.09530442454392,,"rgba(38, 166, 154, 0.75)"
2025-08-25 00:00:00+00:00,25.9039719097,26.3317439229,25.8659477308,26.0655746702,400483,0.0,0.0,0.0,0.0,0.0,0.0,0.0,0.0,,,24.89888321692931,,,25.686845835172992,,,,,,25.879993956529855,,,,23.101644975872755,,"rgba(38, 166, 154, 0.5)"
2025-08-26 00:00:00+00:00,25.5047180307,26.0275504913,25.3906454939,25.9705142229,739780,0.0,0.0,0.0,0.0,0.0,0.0,0.0,0.0,,,24.909424300486066,,,25.684609042314868,,,,,,25.86420886086788,,,,23.111725856697024,,#000000
2025-08-27 00:00:00+00:00,25.7233570597,25.8184175071,25.4381757176,25.4381757176,476565,0.0,0.0,0.0,0.0,0.0,0.0,0.0,0.0,,,24.916230086088575,,,25.68385909705902,,,,,,25.85587505001875,,,,23.11822615954695,,#000000
2025-08-28 00:00:00+00:00,26.1416230281,26.1416230281,25.7043449702,25.7043449702,514787,0.0,0.0,0.0,0.0,0.0,0.0,0.0,0.0,,,24.92670238445153,,,25.693796024904994,,,,,,25.86178519742883,,,,23.126133614784408,,#000000
2025-08-29 00:00:00+00:00,26.3697681018,26.4172983255,25.9895263123,25.9895263123,695477,0.0,0.0,0.0,0.0,0.0,0.0,0.0,0.0,,,24.94393390361776,,,25.717106519313116,,,,,,25.883211504663535,,,,23.137720577685723,,"rgba(38, 166, 154, 0.5)"
2025-09-02 00:00:00+00:00,26.1035988492,26.3840271689,25.9705142229,26.3127318334,498048,0.0,0.0,0.0,0.0,0.0,0.0,0.0,0.0,,,24.95502814744489,,,25.72960593554606,,,,,,25.89323812981297,,,,23.145685333668727,,"rgba(38, 166, 154, 0.5)"
2025-09-03 00:00:00+00:00,26.0845867597,26.2937197439,25.9507416498,26.0180444466,398363,0.0,0.0,0.0,0.0,0.0,0.0,0.0,0.0,,,24.96344275673984,,,25.73813338713953,,,,,,25.899492914590212,,,,23.151934975315395,,#000000
2025-09-04 00:00:00+00:00,26.1796472071,26.2271774308,25.9990323571,26.1321169834,539330,0.0,0.0,0.0,0.0,0.0,0.0,0.0,0.0,,,24.974891635242393,,,25.74984144980659,,,,,,25.908370694467003,,,,23.160427155461846,,"rgba(38, 166, 154, 0.5)"
2025-09-05 00:00:00+00:00,26.3032257887,26.3589312108,25.9610081781,26.2652016097,942306,0.0,0.0,0.0,0.0,0.0,0.0,0.0,0.0,,,24.995582724476186,,,25.77227020497938,,,,,,25.92684735241395,,,,23.175507530620926,,"rgba(38, 166, 154, 0.5)"
2025-09-08 00:00:00+00:00,26.4933466834,26.6644554887,26.2889667216,26.3507560124,1060287,0.0,0.0,0.0,0.0,0.0,0.0,0.0,0.0,,,25.02313783521017,,,25.8093582533542,,,,,,25.96291571301657,,,,23.193818813763635,,"rgba(38, 166, 154, 0.5)"
2025-09-09 00:00:00+00:00,26.3127318334,26.6929736229,26.2842136992,26.4172983255,768570,0.0,0.0,0.0,0.0,0.0,0.0,0.0,0.0,,,25.041788475480296,,,25.832000794527442,,,,,,25.9839131695056,,,,23.20675680975871,,"rgba(38, 166, 154, 0.5)"
2025-09-10 00:00:00+00:00,26.3982862361,26.5741480637,26.3222378782,26.3887801913,1006793,0.0,0.0,0.0,0.0,0.0,0.0,0.0,0.0,,,25.065511634516646,,,25.85934810977614,,,,,,26.008809465312833,,,,23.223557568476807,,"rgba(38, 166, 154, 0.5)"
2025-09-11 00:00:00+00:00,26.3032257887,26.4553225045,26.037056536,26.4553225045,1045356,0.0,0.0,0.0,0.0,0.0,0.0,0.0,0.0,,,25.08640426408857,,,25.877700050329874,,,,,,26.022806914244455,,,,23.239922549329368,,"rgba(38, 166, 154, 0.5)"
2025-09-12 00:00:00+00:00,26.4838406387,26.4933466834,26.2842136992,26.3032257887,672447,0.0,0.0,0.0,0.0,0.0,0.0,0.0,0.0,,,25.10118363697522,,,25.89304154365697,,,,,,26.036298403447113,,,,23.250892430732513,,"rgba(38, 166, 154, 0.5)"
2025-09-15 00:00:00+00:00,26.8450703387,26.8735884729,26.3745211242,26.4648285492,725805,0.0,0.0,0.0,0.0,0.0,0.0,0.0,0.0,,,25.120048774704355,,,25.916864225609096,,,,,,26.059663803934683,,,,23.263676496323313,,"rgba(38, 166, 154, 1.0)"
2025-09-16 00:00:00+00:00,26.8830945177,27.0351912335,26.7024796677,26.7595159361,740301,0.0,0.0,0.0,0.0,0.0,0.0,0.0,0.0,,,25.140931174713867,,,25.944906929543475,,,,,,26.087970569436692,,,,23.277281346044848,,"rgba(38, 166, 154, 1.0)"
2025-09-17 00:00:00+00:00,26.9496368308,26.9686489203,26.7690219808,26.9021066071,1107478,0.0,0.0,0.0,0.0,0.0,0.0,0.0,0.0,,,25.171646822553015,,,25.984849850945633,,,,,,26.12791984042379,,,,23.297567950603554,,"rgba(38, 166, 154, 1.0)"
2025-09-18 00:00:00+00:00,26.9116126519,27.0256851887,26.7880340703,26.978154965,910783,0.0,0.0,0.0,0.0,0.0,0.0,0.0,0.0,,,25.19629271612096,,,26.015691188908132,,,,,,26.158423952307874,,,,23.314140023959116,,"rgba(38, 166, 154, 1.0)"
2025-09-19 00:00:00+00:00,26.5408769071,26.9686489203,26.474334594,26.9686489203,916139,0.0,0.0,0.0,0.0,0.0,0.0,0.0,0.0,,,25.216909577940935,,,26.036671462913304,,,,,,26.17744447173229,,,,23.329521045715392,,"rgba(38, 166, 154, 0.75)"
2025-09-22 00:00:00+00:00,26.5884071308,26.7500098913,26.3745211242,26.6074192203,373527,0.0,0.0,0.0,0.0,0.0,0.0,0.0,0.0,,,25.224634668601606,,,26.043658390944408,,,,,,26.183421292751124,,,,23.335582803498255,,"rgba(38, 166, 154, 0.5)"
2025-09-23 00:00:00+00:00,26.7595159361,27.0922275019,26.5408769071,26.5979131755,591258,0.0,0.0,0.0,0.0,0.0,0.0,0.0,0.0,,,25.238711854070182,,,26.05894655055521,,,,,,26.197838373353246,,,,23.345800457621355,,"rgba(38, 166, 154, 0.5)"
2025-09-24 00:00:00+00:00,27.2633363072,27.3726558216,26.7405038466,26.7690219808,578755,0.0,0.0,0.0,0.0,0.0,0.0,0.0,0.0,,,25.25509758000085,,,26.079705975453855,,,,,,26.218676785862833,,,,23.356688541852677,,"rgba(38, 166, 154, 1.0)"
2025-09-25 00:00:00+00:00,27.1302516808,27.6530841414,26.9401307861,27.0637093677,399435,0.0,0.0,0.0,0.0,0.0,0.0,0.0,0.0,,,25.26693047139293,,,26.095101332267873,,,,,,26.23428667920435,,,,23.36439606017556,,"rgba(38, 166, 154, 1.0)"
2025-09-26 00:00:00+00:00,26.9116126519,27.3743726133,26.9021066071,27.1302516808,5553254,0.0,0.0,0.0,0.0,0.0,0.0,0.0,0.0,,,25.40429957752873,,,26.24566788691929,,,,,,26.379330969516776,,,,23.46367766006443,,"rgba(38, 166, 154, 1.0)"
2025-09-29 00:00:00+00:00,27.0542033229,27.1509637068,26.7687601906,27.0251752078,390010,0.0,0.0,0.0,0.0,0.0,0.0,0.0,0.0,,,25.412780047217563,,,26.253728574654808,,,,,,26.386764777118074,,,,23.470316005680623,,"rgba(38, 166, 154, 1.0)"
2025-09-30 00:00:00+00:00,27.3735125896,27.4412448583,26.8993867088,26.8993867088,794408,0.0,0.0,0.0,0.0,0.0,0.0,0.0,0.0,,,25.43243325082265,,,26.27493594961684,,,,,,26.40731907559013,,,,23.48470276715874,,"rgba(38, 166, 154, 1.0)"
2025-10-01 00:00:00+00:00,27.0735553997,27.3735125896,26.7348940563,27.3154563593,779292,0.0,0.0,0.0,0.0,0.0,0.0,0.0,0.0,,,25.44945144470967,,,26.291198584594195,,,,,,26.422435686638718,,,,23.49804742705808,,"rgba(38, 166, 154, 1.0)"
2025-10-02 00:00:00+00:00,27.8766665856,27.9153707392,26.9864710542,26.9864710542,1040681,0.0,0.0,0.0,0.0,0.0,0.0,0.0,0.0,,,25.478956594220655,,,26.326208459041872,,,,,,26.457515281875995,,,,23.518352562861523,,"rgba(38, 166, 154, 1.0)"
2025-10-03 00:00:00+00:00,28.1088915068,28.2346800058,27.8379624321,27.8766665856,668247,0.0,0.0,0.0,0.0,0.0,0.0,0.0,0.0,,,25.50157575247476,,,26.355653225499626,,,,,,26.487783924104406,,,,23.532769580869115,,"rgba(38, 166, 154, 1.0)"
2025-10-06 00:00:00+00:00,27.9927790462,28.2443560442,27.9153707392,28.1185675452,930332,0.0,0.0,0.0,0.0,0.0,0.0,0.0,0.0,,,25.532297402106064,,,26.394796276767288,28.050835276533334,,,,,26.52782127461916,,,,23.552646622131924,,"rgba(38, 166, 154, 1.0)"
2025-10-07 00:00:00+00:00,27.7024978947,27.9589129119,27.3638365512,27.9347228159,843899,0.0,0.0,0.0,0.0,0.0,0.0,0.0,0.0,,,25.55546813858391,,,,27.87211140553541,,,,,26.553872698413056,,,,23.569032733959897,,"rgba(38, 166, 154, 1.0)"
2025-10-08 00:00:00+00:00,27.508977127,27.8476384705,27.3154563593,27.6637937412,751162,0.0,0.0,0.0,0.0,0.0,0.0,0.0,0.0,,,25.574552791647307,,,,27.778489815073968,,,,,26.573753438018805,,,,23.583093914849194,,"rgba(38, 166, 154, 0.75)"
2025-10-09 00:00:00+00:00,26.6574857492,27.9927790462,26.5510493269,27.5670333573,1036864,0.0,0.0,0.0,0.0,0.0,0.0,0.0,0.0,,,25.593938610005665,,,,27.57142738014895,,,,,26.586885988751856,,,,23.599966848404094,,"rgba(38, 166, 154, 0.5)"
2025-10-10 00:00:00+00:00,26.376880636,26.8600313579,26.299472329,26.7058659411,792464,0.0,0.0,0.0,0.0,0.0,0.0,0.0,0.0,,,25.602963768385155,,,,27.378658075595382,,,,,26.58539539029201,,,,23.6107062412866,,#000000
2025-10-13 00:00:00+00:00,26.6671617876,28.0411592382,26.1930359067,26.7058659411,378189,0.0,0.0,0.0,0.0,0.0,0.0,0.0,0.0,,,25.609332943634858,,,,27.345773537336765,,,,,26.588993455474373,,,,23.616602891527297,,"rgba(239, 83, 80, 1.0)"
2025-10-14 00:00:00+00:00,26.17368383,26.4703511668,26.1446557148,26.4446129047,1448336,0.0,0.0,0.0,0.0,0.0,0.0,0.0,0.0,,,25.620813716999443,,,,27.092043268097594,,,,,26.577632210420063,,,,23.63428835141111,,"rgba(239, 83, 80, 1.0)"
2025-10-15 00:00:00+00:00,26.0285432542,26.5123451734,25.9704870239,26.2704442138,819346,0.0,0.0,0.0,0.0,0.0,0.0,0.0,0.0,,,25.62622211471777,,,,26.98418141775011,,,,,26.569762097319234,,,,23.643840824058767,,"rgba(239, 83, 80, 1.0)"
2025-10-16 00:00:00+00:00,25.6124736037,26.1059515613,25.5544173733,26.1059515613,897777,0.0,0.0,0.0,0.0,0.0,0.0,0.0,0.0,,,25.627623635116052,,,,26.84476227241589,,,,,26.552918467501947,,,,23.65252859403628,,"rgba(239, 83, 80, 1.0)"
2025-10-17 00:00:00+00:00,25.3996007592,25.6802058723,25.2544601834,25.5544173733,1006549,0.0,0.0,0.0,0.0,0.0,0.0,0.0,0.0,,,25.625462551455122,,,,26.6865154125218,,,,,26.527736605646947,,,,23.660749368045327,,"rgba(239, 83, 80, 1.0)"
2025-10-20 00:00:00+00:00,25.2738122602,25.4576569895,25.1964039531,25.3899247208,1416779,0.0,0.0,0.0,0.0,0.0,0.0,0.0,0.0,,,25.620289354899946,,,,26.497474547422392,,,,,26.489972081711706,,,,23.671324648030318,,"rgba(239, 83, 80, 1.0)"
2025-10-21 00:00:00+00:00,25.2254320683,25.4770090663,24.9786930895,25.3512205673,643719,0.0,0.0,0.0,0.0,0.0,0.0,0.0,0.0,,,25.61738749380896,,,,26.422894631409683,,,,,26.472434193699556,,,,23.675845847216532,,"rgba(239, 83, 80, 1.0)"
2025-10-22 00:00:00+00:00,25.544741335,25.6027975653,25.1480237612,25.1480237612,636482,0.0,0.0,0.0,0.0,0.0,0.0,0.0,0.0,,,25.61604358996504,,,,26.368525994242162,,,,,26.45833995431585,,,,23.680877288426387,,"rgba(239, 83, 80, 1.0)"
2025-10-23 00:00:00+00:00,25.4770090663,25.8253464481,25.418952836,25.7285860643,494360,0.0,0.0,0.0,0.0,0.0,0.0,0.0,0.0,,,25.61580708413466,,,,26.33604521835712,,,,,26.44913098897271,,,,23.685080521299994,,"rgba(239, 83, 80, 1.0)"
2025-10-24 00:00:00+00:00,25.2834882986,25.6415017188,25.1383477228,25.5157132198,424456,0.0,0.0,0.0,0.0,0.0,0.0,0.0,0.0,,,25.614557641389695,,,,26.302768704367192,,,,,26.439432764914667,,,,23.688257184157113,,"rgba(239, 83, 80, 1.0)"
2025-10-27 00:00:00+00:00,25.2254320683,25.3367065097,25.0800012114,25.2834882986,319825,0.0,0.0,0.0,0.0,0.0,0.0,0.0,0.0,,,25.61312014102772,,,,26.27565141994796,,,,,26.431306963029833,,,,23.690441783439784,,"rgba(239, 83, 80, 1.0)"
2025-10-28 00:00:00+00:00,24.9641790319,25.3899247208,24.9061228016,25.1770518764,897055,0.0,0.0,0.0,0.0,0.0,0.0,0.0,0.0,,,25.607873907257407,,,,26.19801650265709,,,,,26.406755452638098,,,,23.696026769852633,,"rgba(239, 83, 80, 1.0)"
2025-10-29 00:00:00+00:00,25.167375838,25.2349145859,24.8819327056,24.9641790319,781188,0.0,0.0,0.0,0.0,0.0,0.0,0.0,0.0,,,25.603458577499058,,,,26.13865439158962,,,,,26.38621925384015,,,,23.700881875070674,,"rgba(239, 83, 80, 1.0)"
2025-10-30 00:00:00+00:00,24.9932071471,25.2351081067,24.9835311087,25.0996435693,531527,0.0,0.0,0.0,0.0,0.0,0.0,0.0,0.0,,,25.600357110204804,,,,26.10093479843764,,,,,26.37235566902451,,,,23.704109261811784,,"rgba(239, 83, 80, 1.0)"
2025-10-31 00:00:00+00:00,25.0899675309,25.2301733271,24.9641790319,24.9932071471,700450,0.0,0.0,0.0,0.0,0.0,0.0,0.0,0.0,,,25.59650858533608,,,,26.056189918274164,,,,,26.35485713464102,,,,23.70841395823346,,"rgba(239, 83, 80, 1.0)"
2025-11-03 00:00:00+00:00,24.790010341,25.1576997996,24.6061656117,25.1576997996,974925,0.0,0.0,0.0,0.0,0.0,0.0,0.0,0.0,,,25.58869589378441,,,,25.985957503057556,,,,,26.326729852012203,,,,23.713316791711023,,"rgba(239, 83, 80, 1.0)"
2025-11-04 00:00:00+00:00,24.4416729591,24.5813949534,24.2046100187,24.538433343,540447,0.0,0.0,0.0,0.0,0.0,0.0,0.0,0.0,,,25.581880825286518,,,,25.936604244760883,,,,,26.307049034754826,24.409225977066665,,,23.71496780356071,,"rgba(239, 83, 80, 1.0)"
2025-11-05 00:00:00+00:00,24.7996863794,24.9254748784,24.4803771127,24.4803771127,744723,0.0,0.0,0.0,0.0,0.0,0.0,0.0,0.0,,,25.575192596928332,,,,25.88692705164501,,,,,,24.59810764510457,,,23.718292194463515,,"rgba(239, 83, 80, 1.0)"
2025-11-06 00:00:00+00:00,24.9061228016,25.1093196077,24.7319541107,24.7319541107,933140,0.0,0.0,0.0,0.0,0.0,0.0,0.0,0.0,,,25.568730100255753,,,,25.839091385131685,,,,,,24.73174557740651,,,23.723161669966444,,"rgba(239, 83, 80, 0.75)"
2025-11-07 00:00:00+00:00,25.1480237612,25.1576997996,24.6061656117,24.9448269551,1529878,0.0,0.0,0.0,0.0,0.0,0.0,0.0,0.0,,,25.55927172069365,,,,25.774196948507587,,,,,,24.82924965155571,,,23.731423151841064,,"rgba(239, 83, 80, 0.75)"
2025-11-10 00:00:00+00:00,25.3899247208,25.3996007592,25.0319113006,25.1383477228,1031163,0.0,0.0,0.0,0.0,0.0,0.0,0.0,0.0,,,25.556261121007477,,,,25.75020358247264,,,,,,24.92516571070631,,,23.73827738271356,,"rgba(239, 83, 80, 0.75)"
2025-11-11 00:00:00+00:00,25.418952836,25.5640934117,25.3560585865,25.418952836,805717,0.0,0.0,0.0,0.0,0.0,0.0,0.0,0.0,,,25.555362929460127,,,,25.73923105810591,,,,,,25.000355801313244,,,23.744187900985615,,"rgba(239, 83, 80, 0.75)"
2025-11-12 00:00:00+00:00,25.7866422946,25.8930787168,25.3850867016,25.496361143,676633,0.0,0.0,0.0,0.0,0.0,0.0,0.0,0.0,,,25.556268964580653,,,,25.73773099842321,,,,,,25.07469102303337,,,23.749820897285225,,#000000
2025-11-13 00:00:00+00:00,25.2544601834,25.8350224865,25.0996435693,25.7189100259,623494,0.0,0.0,0.0,0.0,0.0,0.0,0.0,0.0,,,25.5552708281492,,,,25.72871679953056,,,,,,25.103821394370623,,,23.754205419258042,,#000000
2025-11-14 00:00:00+00:00,26.5316972502,26.5897534805,25.4866851047,25.496361143,943364,0.0,0.0,0.0,0.0,0.0,0.0,0.0,0.0,,,25.561328748467442,,,,25.746927499674584,,,,,,25.236240883772147,,,23.764030772708278,,"rgba(38, 166, 154, 0.5)"
2025-11-17 00:00:00+00:00,26.7058659411,26.9477669007,26.6187815956,26.6381336724,718605,0.0,0.0,0.0,0.0,0.0,0.0,0.0,0.0,,,25.569793862007256,,,,25.775661180831488,,,,,,25.36413873526763,,,23.7731530446297,,"rgba(38, 166, 154, 1.0)"
2025-11-18 00:00:00+00:00,27.005823131,27.0977454957,26.628457634,26.7058659411,1159063,0.0,0.0,0.0,0.0,0.0,0.0,0.0,0.0,,,25.58492695576333,,,,25.82543257304614,,,,,,25.54881744200779,,,23.78849944551414,,"rgba(38, 166, 154, 1.0)"
2025-11-19 00:00:00+00:00,27.0638793613,27.1703157836,26.5800774421,26.8413304785,973481,0.0,0.0,0.0,0.0,0.0,0.0,0.0,0.0,,,25.597633015810096,,,,25.86495587941277,,,,,,25.67545304651045,,,23.80138531996403,,"rgba(38, 166, 154, 1.0)"
2025-11-20 00:00:00+00:00,26.1833598683,27.1993438987,26.1156275996,27.0735553997,1188494,0.0,0.0,0.0,0.0,0.0,0.0,0.0,0.0,,,25.607854055417896,,,,25.8913281281326,,,,,,25.7579683300678,,,23.81479494636983,,"rgba(38, 166, 154, 1.0)"
2025-11-21 00:00:00+00:00,26.5220212118,26.5365352694,26.1930359067,26.1930359067,674845,0.0,0.0,0.0,0.0,0.0,0.0,0.0,0.0,,,25.61302933183719,,,,25.903453023162765,,,,,,25.793436385315157,,,23.822118518048423,,"rgba(38, 166, 154, 0.75)"
2025-11-24 00:00:00+00:00,26.4349368663,26.5800774421,26.275282233,26.5800774421,643126,0.0,0.0,0.0,0.0,0.0,0.0,0.0,0.0,,,25.617978284020396,,,,25.914776279428228,,,,,,25.82448816830172,,,23.829094119202445,,"rgba(38, 166, 154, 0.75)"
2025-11-25 00:00:00+00:00,26.3962327128,26.5800774421,26.3188244057,26.5123451734,483582,0.0,0.0,0.0,0.0,0.0,0.0,0.0,0.0,,,25.6216675240943,,,,25.923000558656536,,,,,,25.845969334786243,,,23.83431795058577,,"rgba(38, 166, 154, 0.75)"
2025-11-26 00:00:00+00:00,26.0672474077,26.4833170583,25.9779375734,26.4833170583,617791,0.0,0.0,0.0,0.0,0.0,0.0,0.0,0.0,,,25.624860675858397,,,,25.928043701954024,,,,,,25.860247039287355,,,23.840307539894777,,"rgba(38, 166, 154, 0.75)"
2025-11-28 00:00:00+00:00,26.6671617876,26.6865138643,26.17368383,26.1930359067,496059,0.0,0.0,0.0,0.0,0.0,0.0,0.0,0.0,,,25.62893059663604,,,,25.937191735781855,,,,,,25.882019752123554,,,23.845777156510312,,"rgba(38, 166, 154, 0.75)"
2025-12-01 00:00:00+00:00,26.7348940563,26.9913090734,26.5994295189,26.5994295189,706077,0.0,0.0,0.0,0.0,0.0,0.0,0.0,0.0,,,25.636391304737558,,,,25.955558935003378,,,,,,25.92273470766762,,,23.854297874896833,,"rgba(38, 166, 154, 0.75)"
2025-12-02 00:00:00+00:00,26.5800774421,26.7735982098,26.4349368663,26.7445700946,425820,0.0,0.0,0.0,0.0,0.0,0.0,0.0,0.0,,,25.640144044273814,,,,25.963916460833786,,,,,,25.940753414687624,,,23.859099165408093,,"rgba(38, 166, 154, 0.75)"
2025-12-03 00:00:00+00:00,26.1930359067,26.7832742482,26.1446557148,26.7155419795,543521,0.0,0.0,0.0,0.0,0.0,0.0,0.0,0.0,,,25.643786522023106,,,,25.97062743339452,,,,,,25.9550489934785,,,23.86470689904003,,"rgba(38, 166, 154, 0.75)"
2025-12-04 00:00:00+00:00,26.5704014037,26.6574857492,26.1833598683,26.1833598683,941116,0.0,0.0,0.0,0.0,0.0,0.0,0.0,0.0,,,25.650833605358677,,,,25.984410506394536,,,,,,25.9829234735993,,,23.8747300659036,,"rgba(38, 166, 154, 0.75)"
2025-12-05 00:00:00+00:00,26.8413304785,27.0154991694,26.628457634,26.628457634,557023,0.0,0.0,0.0,0.0,0.0,0.0,0.0,0.0,,,25.656745666930444,,,,25.997965846279424,,,,,,26.009150673486115,,,23.881439527235912,,"rgba(38, 166, 154, 0.75)"
2025-12-08 00:00:00+00:00,26.4833170583,26.9187387856,26.4784790391,26.7832742482,557918,0.0,0.0,0.0,0.0,0.0,0.0,0.0,0.0,,,25.661599422071536,,,,26.007922014594243,,,,,,26.027763758684838,,,23.887671681086207,,"rgba(38, 166, 154, 0.75)"
2025-12-09 00:00:00+00:00,26.5607253653,26.8606825553,26.4446129047,26.4542889431,628466,0.0,0.0,0.0,0.0,0.0,0.0,0.0,0.0,,,25.666981968903766,,,,26.018681417509786,,,,,,26.047272246626346,,,23.89464574220388,,"rgba(38, 166, 154, 0.75)"
2025-12-10 00:00:00+00:00,26.299472329,26.5994295189,26.1543317532,26.5704014037,1087937,0.0,0.0,0.0,0.0,0.0,0.0,0.0,0.0,,,25.673555187310537,,,,26.028466431499233,,,,,,26.063609228707627,,,23.905443843901402,,#000000
2025-12-11 00:00:00+00:00,26.5897534805,26.6381336724,26.125303638,26.1640077916,372166,0.0,0.0,0.0,0.0,0.0,0.0,0.0,0.0,,,25.676102451280855,,,,26.03267964089902,,,,,,26.07060785998976,,,23.909266071510615,,"rgba(38, 166, 154, 0.5)"
2025-12-12 00:00:00+00:00,26.3478525209,26.6768378259,26.2317400603,26.5897534805,511083,0.0,0.0,0.0,0.0,0.0,0.0,0.0,0.0,,,25.67942898532849,,,,26.037894824888394,,,,,,26.0790361111121,,,23.91442997371111,,#000000
2025-12-15 00:00:00+00:00,27.1412876684,27.2477240906,26.6865138643,27.0348512462,1241368,0.0,0.0,0.0,0.0,0.0,0.0,0.0,0.0,,,25.69391160825477,,,,26.069254147541955,,,,,,26.131572412083013,,,23.92990001810575,,"rgba(38, 166, 154, 1.0)"
2025-12-16 00:00:00+00:00,26.5123451734,27.1993438987,26.4591269623,27.1219355916,1181385,0.0,0.0,0.0,0.0,0.0,0.0,0.0,0.0,,,25.70435057973019,,,,26.08845384563757,,,,,,26.161287516573484,,,23.943059780204365,,"rgba(38, 166, 154, 1.0)"
2025-12-17 00:00:00+00:00,26.7445700946,26.880034632,26.4736410199,26.5413732886,757675,0.0,0.0,0.0,0.0,0.0,0.0,0.0,0.0,,,25.710778609019567,,,,26.099738600801707,,,,,,26.17806970403551,,,23.951361806831123,,"rgba(38, 166, 154, 1.0)"
2025-12-18 00:00:00+00:00,26.5994295189,26.8413304785,26.4736410199,26.7348940563,888970,0.0,0.0,0.0,0.0,0.0,0.0,0.0,0.0,,,25.717754464697855,,,,26.111158767611048,,,,,,26.194309417934168,,,23.96082312817169,,"rgba(38, 166, 154, 1.0)"
2025-12-19 00:00:00+00:00,26.4349368663,26.9090627472,26.425260828,26.5510493269,890526,0.0,0.0,0.0,0.0,0.0,0.0,0.0,0.0,,,25.72427625129743,,,,26.12111665662058,,,,,,26.20781499282116,,,23.97006436828809,,#000000
2025-12-22 00:00:00+00:00,26.8606825553,26.9090627472,26.5220212118,26.5220212118,1168553,0.0,0.0,0.0,0.0,0.0,0.0,0.0,0.0,,,25.734380322657874,,,,26.138200377894865,,,,,,26.231668302902538,,,23.98289235878771,,"rgba(38, 166, 154, 0.75)"
2025-12-23 00:00:00+00:00,27.4025407048,27.4412448583,26.9477669007,26.9477669007,1050197,0.0,0.0,0.0,0.0,0.0,0.0,0.0,0.0,,,25.74762366423865,,,,26.164459343117795,,,,,,26.26998093957267,,,23.99637543578125,,"rgba(38, 166, 154, 1.0)"
2025-12-24 00:00:00+00:00,27.4218927815,27.6154135492,27.2864282442,27.3251323977,370688,0.0,0.0,0.0,0.0,0.0,0.0,0.0,0.0,,,25.752784086087694,,,,26.174886560211732,,,,,,26.28512788541736,,,24.00136507679753,,"rgba(38, 166, 154, 1.0)"
2025-12-26 00:00:00+00:00,27.4218927815,27.6057375109,27.3928646664,27.4025407048,484610,0.0,0.0,0.0,0.0,0.0,0.0,0.0,0.0,,,25.759611166111824,,,,26.18860489569595,,,,,,26.30488506556881,,,24.007927363132143,,"rgba(38, 166, 154, 1.0)"
2025-12-29 00:00:00+00:00,27.4993010886,27.6057375109,27.4218927815,27.4896250502,692364,0.0,0.0,0.0,0.0,0.0,0.0,0.0,0.0,,,25.769471557927123,,,,26.208236460284233,,,,,,26.33282206822638,,,24.017355547552416,,"rgba(38, 166, 154, 1.0)"
2025-12-30 00:00:00+00:00,27.4799490119,27.7895822402,27.3154563593,27.5767093957,5580714,-1.0,27.789581,27.315456,328.0,-1.0,27.789581,27.315456,328.0,,,25.84590851490871,,27.528329203800006,,26.349510056493816,27.528329203800006,,,,,26.521174630742735,,,24.09194657480062,,"rgba(38, 166, 154, 1.0)"
2025-12-31 00:00:00+00:00,27.0638793613,27.4579657008,26.9407273802,27.300331165,780401,0.0,0.0,0.0,0.0,0.0,0.0,0.0,0.0,,,25.853811131723653,,27.482428764417875,,,27.482428764417875,,,,,26.53482039521247,,,24.101017228039716,,"rgba(38, 166, 154, 0.75)"
2026-01-02 00:00:00+00:00,27.4776700177,27.625452395,26.935801301,27.1032879953,834445,0.0,0.0,0.0,0.0,0.0,0.0,0.0,0.0,,,25.863388953983165,,27.466643284080202,,,27.466643284080202,,,,,26.553103422888288,,,24.11126333549364,,"rgba(38, 166, 154, 0.75)"
2026-01-05 00:00:00+00:00,26.6008279125,27.4284092253,25.6353163808,27.3692962744,2895046,0.0,0.0,0.0,0.0,0.0,0.0,0.0,0.0,,,25.87844865467313,,27.205045506464042,,,27.205045506464042,,,,,26.553230134745746,,,24.137739783480054,,"rgba(38, 166, 154, 0.5)"
2026-01-06 00:00:00+00:00,25.9604376109,26.6353104672,25.9210289769,26.6008279125,1240580,0.0,0.0,0.0,0.0,0.0,0.0,0.0,0.0,,,25.88116540587161,,27.091972235806836,,,27.091972235806836,,,,,26.541750919942523,,,24.147142451423566,,#000000
2026-01-07 00:00:00+00:00,25.7338379657,26.0786635127,25.7042814902,26.0096984033,819358,0.0,0.0,0.0,0.0,0.0,0.0,0.0,0.0,,,25.88090902344242,,27.007474611613425,,,27.007474611613425,,,,,26.5280371367295,,,24.15229070385262,,"rgba(239, 83, 80, 1.0)"
2026-01-08 00:00:00+00:00,25.7633944412,26.0294027203,25.6254642224,25.7042814902,576090,0.0,0.0,0.0,0.0,0.0,0.0,0.0,0.0,,,25.880591055532545,,26.953092021884352,,,26.953092021884352,,,,,26.518266626201395,,,24.155821601075345,,"rgba(239, 83, 80, 1.0)"
2026-01-09 00:00:00+00:00,25.6944293318,25.9702897694,25.6648728563,25.7830987581,789776,0.0,0.0,0.0,0.0,0.0,0.0,0.0,0.0,,,25.879988314384807,,26.884344482259042,,,26.884344482259042,,,,,26.50475557119109,,,24.16055150561135,,"rgba(239, 83, 80, 1.0)"
2026-01-12 00:00:00+00:00,25.7535422827,25.9505854524,25.6057599054,25.8126552336,817204,1.0,25.950586,25.60576,0.0,0.0,0.0,0.0,0.0,,25.76996254683333,25.87933281668445,,26.820810095526035,,,26.820810095526035,,,,,26.49116235961625,25.76996254683333,,24.165396924775155,,"rgba(239, 83, 80, 1.0)"
2026-01-13 00:00:00+00:00,26.1771850976,26.1771850976,25.6500946186,25.7535422827,1079763,0.0,0.0,0.0,0.0,0.0,0.0,0.0,0.0,,25.901748134453626,25.880286891184248,,26.76341362809857,,,26.76341362809857,,,,,,25.901748134453626,,24.17267191528544,,"rgba(239, 83, 80, 1.0)"
2026-01-14 00:00:00+00:00,25.9308811354,26.1279243051,25.679651094,25.9604376109,1452296,0.0,0.0,0.0,0.0,0.0,0.0,0.0,0.0,,25.9065485781338,25.880625086666015,,26.690169269491772,,,26.690169269491772,,,,,,25.9065485781338,,24.181896407203656,,"rgba(239, 83, 80, 1.0)"
2026-01-15 00:00:00+00:00,25.7830987581,26.0195505618,25.6648728563,25.9308811354,1140262,0.0,0.0,0.0,0.0,0.0,0.0,0.0,0.0,,25.885203564817854,25.88015455903091,,26.635222838346902,,,26.635222838346902,,,,,,25.885203564817854,,24.18869639074326,,"rgba(239, 83, 80, 1.0)"
2026-01-16 00:00:00+00:00,26.1377764636,26.265854524,25.7633944412,25.7633944412,1324509,0.0,0.0,0.0,0.0,0.0,0.0,0.0,0.0,,25.924039103010124,25.881789830722973,,26.595512620697246,,,26.595512620697246,,,,,,25.924039103010124,,24.197641918839516,,"rgba(239, 83, 80, 0.75)"
2026-01-20 00:00:00+00:00,26.4924541691,26.6796451804,26.0096984033,26.1771850976,1725833,0.0,0.0,0.0,0.0,0.0,0.0,0.0,0.0,,26.031595068710505,25.88793248846923,,26.57899054136608,,,26.57899054136608,,,,,,26.031595068710505,,24.211268826133455,,"rgba(239, 83, 80, 0.75)"
2026-01-21 00:00:00+00:00,26.3643761088,26.9456534595,26.206741573,26.7781667652,1511043,0.0,0.0,0.0,0.0,0.0,0.0,0.0,0.0,,26.110728249552167,25.894351297512845,,26.57407587718015,,,26.57407587718015,,,,,,26.110728249552167,,24.223664980688557,,#000000
2026-01-22 00:00:00+00:00,26.7190538143,26.8126493199,26.3643761088,26.3643761088,401995,0.0,0.0,0.0,0.0,0.0,0.0,0.0,0.0,,26.132897017327917,25.896385135617138,,26.57509009228334,,,26.57509009228334,,,,,,26.132897017327917,,24.227121781730588,,#000000
2026-01-23 00:00:00+00:00,27.260922531,27.3151094027,26.8569840331,26.955505618,744214,0.0,0.0,0.0,0.0,0.0,0.0,0.0,0.0,,26.206714830710794,25.902722603166435,,26.59295511567569,,,26.59295511567569,,,,,,26.206714830710794,,24.234852967869283,,"rgba(38, 166, 154, 0.5)"
2026-01-26 00:00:00+00:00,27.1525487877,27.3791484329,27.0047664104,27.3495919574,560412,0.0,0.0,0.0,0.0,0.0,0.0,0.0,0.0,,26.25735657001111,25.907583915827423,,26.606480994717714,,,26.606480994717714,,,,,,26.25735657001111,,24.240716432134402,,"rgba(38, 166, 154, 1.0)"
2026-01-27 00:00:00+00:00,27.7830869308,27.8421998817,27.2707746895,27.3101833235,690360,0.0,0.0,0.0,0.0,0.0,0.0,0.0,0.0,,26.34025506993283,25.915638653965555,,26.634841150018154,,,26.634841150018154,,,,,,26.34025506993283,,24.249016694916133,,"rgba(38, 166, 154, 1.0)"
2026-01-28 00:00:00+00:00,27.6550088705,27.9210171496,27.5663394441,27.8027912478,692065,0.0,0.0,0.0,0.0,0.0,0.0,0.0,0.0,,26.41857537795982,25.924020757379136,,,,,26.66395409523572,,,,,,26.41857537795982,,24.257497723570488,,"rgba(38, 166, 154, 1.0)"
2026-01-29 00:00:00+00:00,28.2067297457,28.2953991721,27.8421998817,27.8421998817,608091,0.0,0.0,0.0,0.0,0.0,0.0,0.0,0.0,,26.499485378881,25.93295560964395,,,,,26.697544430072885,,,,,,26.499485378881,,24.2657752738651,,"rgba(38, 166, 154, 1.0)"
2026-01-30 00:00:00+00:00,27.9801301005,28.3052513306,27.5170786517,28.1968775872,723856,0.0,0.0,0.0,0.0,0.0,0.0,0.0,0.0,,26.576571223903528,25.942624212763292,,,,,26.73071163078887,,,,,,26.576571223903528,,24.27512223707561,,"rgba(38, 166, 154, 1.0)"
2026-02-02 00:00:00+00:00,27.8914606742,28.1574689533,27.6550088705,27.8027912478,517427,0.0,0.0,0.0,0.0,0.0,0.0,0.0,0.0,,26.625569787551502,25.949365436560445,,,,,26.75273251326955,,,,,,26.625569787551502,,24.28171479107483,,"rgba(38, 166, 154, 1.0)"
2026-02-03 00:00:00+00:00,28.354512123,28.5022945003,27.8323477232,27.9604257836,562036,0.0,0.0,0.0,0.0,0.0,0.0,0.0,0.0,,26.687528857899043,25.957858607468275,,,,,26.78230803360772,,,,,,26.687528857899043,,24.289495852366915,,"rgba(38, 166, 154, 1.0)"
2026-02-04 00:00:00+00:00,28.2658426966,28.7091898285,28.0392430514,28.5121466588,946315,0.0,0.0,0.0,0.0,0.0,0.0,0.0,0.0,,26.788315067540932,25.97269211914857,,,,,26.833051018130945,,,,,,26.788315067540932,,24.302886407073604,,"rgba(38, 166, 154, 1.0)"
2026-02-05 00:00:00+00:00,28.5811117682,28.6451507983,28.1180603193,28.1180603193,585663,0.0,0.0,0.0,0.0,0.0,0.0,0.0,0.0,,26.848755178172624,25.982202826752705,,,,,26.865006651939833,,,,,,26.848755178172624,,24.3113541143036,,"rgba(38, 166, 154, 1.0)"
2026-02-06 00:00:00+00:00,28.7485984624,29.2412063868,28.6205204021,28.6205204021,676696,0.0,0.0,0.0,0.0,0.0,0.0,0.0,0.0,,26.930368447077065,25.994966328909253,,,,,26.909821824923352,,,,,,26.930368447077065,,24.322088724511826,,"rgba(38, 166, 154, 1.0)"
2026-02-09 00:00:00+00:00,28.7288941455,29.0047545831,28.5219988173,28.7584506209,467129,0.0,0.0,0.0,0.0,0.0,0.0,0.0,0.0,,26.979760314375454,26.00335186186119,,,,,26.937810757774496,,,,,,26.979760314375454,,24.329277608194086,,"rgba(38, 166, 154, 1.0)"
2026-02-10 00:00:00+00:00,28.6303725606,29.063867534,28.5712596097,28.9357894737,828174,0.0,0.0,0.0,0.0,0.0,0.0,0.0,0.0,,27.061195781913902,26.01811148966169,,,,,26.98548270145341,,,,,,27.061195781913902,,24.3419750282121,,"rgba(38, 166, 154, 1.0)"
2026-02-11 00:00:00+00:00,29.0146067416,29.0244589001,28.5958900059,28.7584506209,903903,0.0,0.0,0.0,0.0,0.0,0.0,0.0,0.0,,27.14782911747578,26.03475783727899,,,,,27.038166471760796,,,,,,27.14782911747578,,24.35613503268363,,"rgba(38, 166, 154, 1.0)"
2026-02-12 00:00:00+00:00,29.0343110585,29.3692844471,28.8077114134,29.1032761679,1153886,0.0,0.0,0.0,0.0,0.0,0.0,0.0,0.0,,27.258128634699887,26.057145231702044,,,,,27.107897036068756,,,,,,27.258128634699887,,24.374845675055855,,"rgba(38, 166, 154, 1.0)"
2026-02-13 00:00:00+00:00,29.8421880544,30.0786398581,29.083571851,29.1229804849,1119158,0.0,0.0,0.0,0.0,0.0,0.0,0.0,0.0,,27.38516043156618,26.082790488755737,,,,,27.190355051641916,,,,,,27.38516043156618,,24.3951438422191,,"rgba(38, 166, 154, 1.0)"
2026-02-17 00:00:00+00:00,29.3791366056,29.8618923714,29.1870195151,29.8618923714,615934,0.0,0.0,0.0,0.0,0.0,0.0,0.0,0.0,,27.444104771148265,26.096001691064387,,,,,27.230163646624113,,,,,,27.444104771148265,,24.405844163126506,,"rgba(38, 166, 154, 0.75)"
2026-02-18 00:00:00+00:00,29.5269189829,29.7830751035,29.408693081,29.5564754583,697504,0.0,0.0,0.0,0.0,0.0,0.0,0.0,0.0,,27.509963820086867,26.111264096042525,,,,,27.275476129035127,,,,,,27.509963820086867,,24.418137770045313,,"rgba(38, 166, 154, 0.75)"
2026-02-19 00:00:00+00:00,30.2165700769,30.2412004731,29.5170668244,29.6944056771,1128678,0.0,0.0,0.0,0.0,0.0,0.0,0.0,0.0,,27.628276491648425,26.138632634821118,,,,,27.357906246181624,,,,,,27.628276491648425,,24.43951331019567,,"rgba(38, 166, 154, 0.75)"
2026-02-20 00:00:00+00:00,30.807699586,31.0737078652,30.098344175,30.2756830278,1356081,0.0,0.0,0.0,0.0,0.0,0.0,0.0,0.0,,27.792522212287626,26.176624755410124,,,,,27.474071091515558,,,,,,27.792522212287626,,24.46804507369134,,"rgba(38, 166, 154, 1.0)"
2026-02-23 00:00:00+00:00,31.0441513897,31.5860201064,30.7091780012,30.7682909521,686505,0.0,0.0,0.0,0.0,0.0,0.0,0.0,0.0,,27.881164172469756,26.197535266277804,,,,,27.537747008978283,,,,,,27.881164172469756,,24.483439392665545,,"rgba(38, 166, 154, 1.0)"
2026-02-24 00:00:00+00:00,31.3200118273,31.3889769367,30.8766646954,30.9259254879,796638,0.0,0.0,0.0,0.0,0.0,0.0,0.0,0.0,,27.98073941243131,26.221980977913493,,,,,27.61053435147885,,,,,,27.98073941243131,,24.50143430784986,,"rgba(38, 166, 154, 1.0)"
2026-02-25 00:00:00+00:00,32.2067060911,32.265819042,31.1328208161,31.2608988764,1637360,0.0,0.0,0.0,0.0,0.0,0.0,0.0,0.0,,28.20686217389685,26.27818270280561,,,,,27.777853131997674,,,,,,28.20686217389685,,24.541808164113036,,"rgba(38, 166, 154, 1.0)"
2026-02-26 00:00:00+00:00,31.6451330574,32.7190183323,31.4786315789,32.2067060911,902897,0.0,0.0,0.0,0.0,0.0,0.0,0.0,0.0,,28.323111536163196,26.30913035034347,,,,,27.86629148167637,,,,,,28.323111536163196,,24.56412144510567,,"rgba(38, 166, 154, 1.0)"
2026-02-27 00:00:00+00:00,31.7338024837,32.1475931402,31.5860201064,31.7239503253,1198597,0.0,0.0,0.0,0.0,0.0,0.0,0.0,0.0,,28.461755452018817,26.348795014989182,,,,,27.974630202617487,,,,,,28.461755452018817,,24.59303700425978,,"rgba(38, 166, 154, 0.75)"
2026-03-02 00:00:00+00:00,32.3643406268,32.59670477,31.7732111177,32.1475931402,1329091,0.0,0.0,0.0,0.0,0.0,0.0,0.0,0.0,,28.620960523105108,26.395458145554535,,,,,28.100475751542657,,,,,,28.620960523105108,,24.62668968938716,,"rgba(38, 166, 154, 0.75)"
2026-03-03 00:00:00+00:00,32.5810881135,32.7387226493,31.8717327025,32.3150798344,836541,0.0,0.0,0.0,0.0,0.0,0.0,0.0,0.0,,28.71840490832816,26.425206982238766,,,,,28.17872561168048,,,,,,28.71840490832816,,24.64814038531905,,"rgba(38, 166, 154, 0.75)"
2026-03-04 00:00:00+00:00,32.8372442342,32.935765819,32.2953755174,32.3347841514,596322,0.0,0.0,0.0,0.0,0.0,0.0,0.0,0.0,,28.79013196973282,26.447262905730373,,,,,28.236533525673412,,,,,,28.79013196973282,,24.66393322215048,,"rgba(38, 166, 154, 0.75)"
2026-03-05 00:00:00+00:00,32.8175399172,32.8569485512,32.2165582496,32.7879834418,1261766,0.0,0.0,0.0,0.0,0.0,0.0,0.0,0.0,,28.931496957606218,26.49298600067997,,,,,28.352534020167667,,,,,,28.931496957606218,,24.69690122768015,,"rgba(38, 166, 154, 0.75)"
2026-03-06 00:00:00+00:00,32.955470136,33.5071910112,32.5121230041,33.4973388527,1369865,0.0,0.0,0.0,0.0,0.0,0.0,0.0,0.0,,29.087524984632395,26.544743930820353,,,,,28.481796966440236,,,,,,29.087524984632395,,24.734001929225432,,"rgba(38, 166, 154, 0.75)"
2026-03-09 00:00:00+00:00,32.8865050266,33.3446303962,32.6254228267,33.1032525133,1475382,0.0,0.0,0.0,0.0,0.0,0.0,0.0,0.0,,29.241124891620885,26.599239155771166,,,,,28.612045983787436,,,,,,29.241124891620885,,24.77340202092448,,"rgba(38, 166, 154, 0.75)"
2026-03-10 00:00:00+00:00,32.5613837966,33.0342874039,32.4628622117,32.8273920757,623404,0.0,0.0,0.0,0.0,0.0,0.0,0.0,0.0,,29.298024295945797,26.62103530979347,,,,,28.661592753132464,,,,,,29.298024295945797,,24.789398943544057,,"rgba(38, 166, 154, 0.75)"
2026-03-11 00:00:00+00:00,32.955470136,33.1328089888,32.5121230041,32.7584269663,541052,0.0,0.0,0.0,0.0,0.0,0.0,0.0,0.0,,29.348457830566737,26.640385642399202,,,,,28.7055142668223,,,,,,29.348457830566737,,24.80354669260572,,"rgba(38, 166, 154, 0.75)"
2026-03-12 00:00:00+00:00,32.5712359551,33.32,32.5515316381,32.955470136,1228018,0.0,0.0,0.0,0.0,0.0,0.0,0.0,0.0,,29.456168273655138,26.683496115627452,,,,,28.80065997237317,,,,,,29.456168273655138,,24.83526640787282,,"rgba(38, 166, 154, 0.75)"
2026-03-13 00:00:00+00:00,32.99487877,33.0539917209,32.3150798344,32.5515316381,1364147,0.0,0.0,0.0,0.0,0.0,0.0,0.0,0.0,,29.567354673692147,26.730482843209064,,,,,28.90065716232348,,,,,,29.567354673692147,,24.87009405896297,,"rgba(38, 166, 154, 0.75)"
2026-03-16 00:00:00+00:00,33.4480780603,33.4530041396,32.8865050266,32.9259136606,622798,0.0,0.0,0.0,0.0,0.0,0.0,0.0,0.0,,29.62280766123427,26.75335661680493,,,,,28.95003374189598,,,,,,29.62280766123427,,24.8868402186233,,"rgba(38, 166, 154, 0.75)"
2026-03-17 00:00:00+00:00,33.2510348906,33.7324113542,33.1328089888,33.4973388527,538256,0.0,0.0,0.0,0.0,0.0,0.0,0.0,0.0,,29.67081225260391,26.77332727722703,,,,,28.992877278927,,,,,,29.67081225260391,,24.90144802435064,,"rgba(38, 166, 154, 0.75)"
2026-03-18 00:00:00+00:00,32.8470963927,33.4086694264,32.8470963927,33.4086694264,569222,0.0,0.0,0.0,0.0,0.0,0.0,0.0,0.0,,29.715746265360984,26.793241713730403,,,,,29.03386559916486,,,,,,29.715746265360984,,24.916227725141624,,"rgba(38, 166, 154, 0.75)"
2026-03-19 00:00:00+00:00,33.0835481963,33.300295683,32.7091661739,32.9456179775,867250,0.0,0.0,0.0,0.0,0.0,0.0,0.0,0.0,,29.78187891999585,26.823324561947445,,,,,29.094690227687103,,,,,,29.78187891999585,,24.938633594363527,,"rgba(38, 166, 154, 0.5)"
2026-03-20 00:00:00+00:00,32.9850266115,33.4973388527,32.8569485512,33.1131046718,1042355,0.0,0.0,0.0,0.0,0.0,0.0,0.0,0.0,,29.859877111388922,26.859572799098203,,,,,29.166864956095743,,,,,,29.859877111388922,,24.96567177210038,,"rgba(38, 166, 154, 0.5)"
2026-03-23 00:00:00+00:00,33.2608870491,33.5268953282,32.3938971023,32.7584269663,970438,0.0,0.0,0.0,0.0,0.0,0.0,0.0,0.0,,29.92815967897236,26.892666127424903,,,,,29.230903634281905,,,,,,29.92815967897236,,24.990522860899347,,"rgba(38, 166, 154, 0.5)"
2026-03-24 00:00:00+00:00,33.3495564755,33.9505381431,33.1919219397,33.3495564755,762294,0.0,0.0,0.0,0.0,0.0,0.0,0.0,0.0,,29.986986134604493,26.92023816255941,,,,,29.285319495859913,,,,,,29.986986134604493,,25.010987791439156,,"rgba(38, 166, 154, 0.5)"
2026-03-25 00:00:00+00:00,33.6254169131,33.8224600828,33.2411827321,33.3298521585,680169,0.0,0.0,0.0,0.0,0.0,0.0,0.0,0.0,,30.03881360223429,26.94488987820158,,,,,29.333453340470843,,,,,,30.03881360223429,,25.029305690595013,,"rgba(38, 166, 154, 0.5)"
2026-03-26 00:00:00+00:00,33.4973388527,33.9357599054,33.4283737433,33.7633471319,1296158,0.0,0.0,0.0,0.0,0.0,0.0,0.0,0.0,,30.135075414952684,26.99176777851,,,,,29.423449614782925,,,,,,30.135075414952684,,25.064230291468977,,"rgba(38, 166, 154, 0.5)"
2026-03-27 00:00:00+00:00,33.704234181,33.9554642224,33.2805913661,33.4874866943,860692,0.0,0.0,0.0,0.0,0.0,0.0,0.0,0.0,,30.196648505267053,27.022656145661873,,,,,29.48151244855958,,,,,,30.196648505267053,,25.08733566093107,,"rgba(38, 166, 154, 0.5)"
2026-03-30 00:00:00+00:00,33.7534949734,34.3840331165,33.6155647546,34.009651094,2838846,0.0,0.0,0.0,0.0,0.0,0.0,0.0,0.0,,30.400079801598043,27.12661942838823,,,,,29.673949442768517,33.91769761483334,,,,,30.400079801598043,,25.16505528415178,,"rgba(38, 166, 154, 0.5)"
2026-03-31 00:00:00+00:00,33.32,34.0,32.74,33.71,1236833,0.0,0.0,0.0,0.0,0.0,0.0,0.0,0.0,,30.468786516996808,27.16725698688763,,,,,,33.74643182884271,,,,,30.468786516996808,,25.196334209743494,,"rgba(38, 166, 154, 0.5)"
2026-04-01 00:00:00+00:00,32.4,33.28,32.02,33.11,1590842,0.0,0.0,0.0,0.0,0.0,0.0,0.0,0.0,,30.529738815254362,27.212203973126506,,,,,,33.41521979060506,,,,,30.529738815254362,,25.2323699712591,,"rgba(38, 166, 154, 0.5)"
2026-04-02 00:00:00+00:00,33.17,33.205,32.55,32.78,1449366,0.0,0.0,0.0,0.0,0.0,0.0,0.0,0.0,,30.59279667969384,27.255580747158536,,,,,,33.32555569152225,,,,,30.59279667969384,,25.266706460741624,,"rgba(38, 166, 154, 0.5)"
2026-04-06 00:00:00+00:00,33.2,33.36,32.98,33.29,1641985,0.0,0.0,0.0,0.0,0.0,0.0,0.0,0.0,,30.6662361600768,27.30567330563445,,,,,,33.29826592727996,,,,,30.6662361600768,,25.3062649136824,,"rgba(38, 166, 154, 0.5)"
2026-04-07 00:00:00+00:00,33.85,33.95,33.15,33.15,1146652,0.0,0.0,0.0,0.0,0.0,0.0,0.0,0.0,,30.724232592667473,27.34291407327715,,,,,,33.338986367550746,,,,,30.724232592667473,,25.33529120261866,,"rgba(38, 166, 154, 0.5)"
2026-04-08 00:00:00+00:00,33.49,33.58,32.81,32.91,1287930,0.0,0.0,0.0,0.0,0.0,0.0,0.0,0.0,,30.779123323327564,27.38188917916396,,,,,,33.33373301450059,,,,,30.779123323327564,,25.36626569499213,,"rgba(38, 166, 154, 0.5)"
2026-04-09 00:00:00+00:00,33.45,34.15,33.45,33.63,512340,-1.0,34.15,33.45,393.0,-1.0,34.15,33.45,393.0,,30.803599089342743,27.398265476404752,33.68333333333333,,,,,33.349035652663275,,,,,30.803599089342743,,25.37912336542414,,"rgba(38, 166, 154, 0.5)"
2026-04-10 00:00:00+00:00,33.25,33.67,33.25,33.45,450592,0.0,0.0,0.0,0.0,0.0,0.0,0.0,0.0,,30.82262836365165,27.41192897461324,33.54607166445814,,,,,33.35055417352268,,,,,30.82262836365165,,25.39000031809877,,"rgba(38, 166, 154, 0.5)"
2026-04-13 00:00:00+00:00,33.11,33.57,32.93,33.5,1187016,0.0,0.0,0.0,0.0,0.0,0.0,0.0,0.0,,30.867893942574288,27.44651217454413,33.35684109569162,,,,,33.337456569894925,,,,,30.867893942574288,,25.417847804023697,,#000000
2026-04-14 00:00:00+00:00,32.63,33.25,32.4,32.95,1327995,0.0,0.0,0.0,0.0,0.0,0.0,0.0,0.0,,30.90730395235063,27.481774350364624,33.12894719666194,,,,,33.28518399420815,,,,,30.90730395235063,,25.447007611114838,,#000000
2026-04-15 00:00:00+00:00,32.4,32.74,32.342,32.5,930268,0.0,0.0,0.0,0.0,0.0,0.0,0.0,0.0,,30.93012184962757,27.504967375718884,32.99495382412503,,,,,33.23800567508367,,,,,30.93012184962757,,25.466558663296663,,"rgba(239, 83, 80, 1.0)"
2026-04-16 00:00:00+00:00,32.31,32.66,32.13,32.48,956848,0.0,0.0,0.0,0.0,0.0,0.0,0.0,0.0,,30.95106099946836,27.527997041213325,32.882900012593836,,,,,33.18765155562589,,,,,30.95106099946836,,25.486193149062682,,"rgba(239, 83, 80, 1.0)"
2026-04-17 00:00:00+00:00,32.07,32.16,31.56,32.145,1402551,0.0,0.0,0.0,0.0,0.0,0.0,0.0,0.0,,30.971539114028932,27.55835136028219,32.68541657818147,,,,,33.089438072255525,,,,,30.971539114028932,,25.512958577176708,,"rgba(239, 83, 80, 1.0)"
2026-04-20 00:00:00+00:00,31.47,32.03,31.38,31.85,867299,0.0,0.0,0.0,0.0,0.0,0.0,0.0,0.0,,30.97990532047433,27.575625126785543,32.56514628556804,,,,,33.02205422368917,,,,,30.97990532047433,,25.528621488931456,,"rgba(239, 83, 80, 1.0)"
2026-04-21 00:00:00+00:00,31.3,31.6,31.04,31.56,808935,1.0,31.6,31.04,0.0,1.0,31.6,31.04,0.0,31.31333333333333,30.983830027734278,27.590368814315013,32.44522041880452,,,,,32.95166192604528,,,,,30.983830027734278,31.31333333333333,25.542411283338435,,"rgba(239, 83, 80, 1.0)"
2026-04-22 00:00:00+00:00,31.38,31.58,31.18,31.54,1385411,0.0,0.0,0.0,0.0,0.0,0.0,0.0,0.0,31.355423656980253,30.99165862326747,27.615798360435846,32.2950800383142,,,,,32.84808339583994,,,,,,31.355423656980253,25.566147150445524,,"rgba(239, 83, 80, 1.0)"
2026-04-23 00:00:00+00:00,31.86,32.105,31.51,31.58,1050892,0.0,0.0,0.0,0.0,0.0,0.0,0.0,0.0,31.507484622083183,31.00396536908703,27.637114859499928,32.24967593195203,,,,,32.799373678483974,,,,,,31.507484622083183,25.585391728236385,,"rgba(239, 83, 80, 1.0)"
2026-04-24 00:00:00+00:00,32.0,32.08,31.59,31.82,881952,0.0,0.0,0.0,0.0,0.0,0.0,0.0,0.0,31.5892255166348,31.01481233651065,27.655113709834755,32.22270651879396,,,,,32.7644340334172,,,,,,31.5892255166348,25.601618770696717,,"rgba(239, 83, 80, 0.75)"
2026-04-27 00:00:00+00:00,32.12,32.49,32.06,32.16,603712,0.0,0.0,0.0,0.0,0.0,0.0,0.0,0.0,31.670144229014532,31.02485554521276,27.668309537076116,32.22273712054416,,,,,32.750567605399304,,,,,,31.670144229014532,25.613264644952515,,"rgba(239, 83, 80, 0.75)"
2026-04-28 00:00:00+00:00,32.72,33.02,32.29,32.51,1194247,0.0,0.0,0.0,0.0,0.0,0.0,0.0,0.0,31.873014469340767,31.05157093938716,27.69676559342546,32.262715120540044,,,,,32.747002069328516,,,,,,31.873014469340767,25.637753675222232,,"rgba(239, 83, 80, 0.75)"
2026-04-29 00:00:00+00:00,33.33,33.44,32.56,32.91,847797,0.0,0.0,0.0,0.0,0.0,0.0,0.0,0.0,32.02785294316535,31.074936535982967,27.71851191415669,32.312571645258785,,,,,32.75902335222121,,,,,,32.02785294316535,25.656099572864015,,#000000
2026-04-30 00:00:00+00:00,34.24,34.35,33.16,33.3,1305599,0.0,0.0,0.0,0.0,0.0,0.0,0.0,0.0,32.333110054265134,31.123758534559517,27.756621199668214,32.44585264483119,,,,,32.815197555808645,,,,,,32.333110054265134,25.6872150607457,,"rgba(38, 166, 154, 0.5)"
2026-05-01 00:00:00+00:00,34.72,34.8,34.18,34.34,1070164,0.0,0.0,0.0,0.0,0.0,0.0,0.0,0.0,32.59437881672704,31.171569276902176,27.79077001900134,,,,,,32.88219621057163,,,,,,32.59437881672704,25.714546003075466,,"rgba(38, 166, 154, 0.5)"
2026-05-04 00:00:00+00:00,35.17,35.29,34.505,34.71,1078176,0.0,0.0,0.0,0.0,0.0,0.0,0.0,0.0,32.84676302803835,31.224231685480184,27.82694946878074,,,,,,32.96035299158591,,,,,,32.84676302803835,25.74321551070299,,"rgba(38, 166, 154, 0.5)"
2026-05-05 00:00:00+00:00,35.31,35.49,34.97,35.32,592103,0.0,0.0,0.0,0.0,0.0,0.0,0.0,0.0,32.97865255172973,31.25455676971045,27.847402568713505,,,,,,33.00621543907418,,,,,,32.97865255172973,25.759339485215982,,"rgba(38, 166, 154, 1.0)"
2026-05-06 00:00:00+00:00,34.7,34.99,34.54,34.67,1026273,0.0,0.0,0.0,0.0,0.0,0.0,0.0,0.0,33.13154443311409,31.299446720392183,27.880150064498686,,,,,,33.06433753494361,,,,,,33.13154443311409,25.785653987742474,,"rgba(38, 166, 154, 1.0)"
2026-05-07 00:00:00+00:00,35.11,35.225,33.965,34.32,1658531,0.0,0.0,0.0,0.0,0.0,0.0,0.0,0.0,33.33236957268497,31.370075218940837,27.932597620434862,,,,,,33.15166400494339,,,,,,33.33236957268497,25.827965720998137,,"rgba(38, 166, 154, 1.0)"
2026-05-08 00:00:00+00:00,34.71,35.56,33.97,34.35,986277,0.0,0.0,0.0,0.0,0.0,0.0,0.0,0.0,33.42863472469777,31.41048840973138,27.963319304950666,,,,,,33.19887996204947,,,,,,33.42863472469777,25.852882814914018,,"rgba(38, 166, 154, 1.0)"
2026-05-11 00:00:00+00:00,35.39,35.47,35.11,35.11,597323,0.0,0.0,0.0,0.0,0.0,0.0,0.0,0.0,33.503647494101926,31.438647000410008,27.983361405020485,,,,,,33.23629685806111,,,,,,33.503647494101926,25.868879962213963,,"rgba(38, 166, 154, 1.0)"
2026-05-12 00:00:00+00:00,36.18,36.26,35.3801,35.45,852682,0.0,0.0,0.0,0.0,0.0,0.0,0.0,0.0,33.63397702395025,31.484419400949285,28.014171210388966,,,,,,33.30260682002949,,,,,,33.63397702395025,25.893106035218636,,"rgba(38, 166, 154, 1.0)"
2026-05-13 00:00:00+00:00,36.02,36.54,35.76,36.29,508058,0.0,0.0,0.0,0.0,0.0,0.0,0.0,0.0,33.71035467914533,31.51225582404801,28.03279917139195,,,,,,33.34299250526403,,,,,,33.71035467914533,25.907723941184482,,"rgba(38, 166, 154, 1.0)"
2026-05-14 00:00:00+00:00,36.6,36.74,35.875,36.25,649851,0.0,0.0,0.0,0.0,0.0,0.0,0.0,0.0,33.8127713183713,31.549656607756944,28.057377150590114,,,,,,33.39838093861305,,,,,,33.8127713183713,25.92690580432763,,"rgba(38, 166, 154, 1.0)"
2026-05-15 00:00:00+00:00,37.28,37.3,36.41,36.6,653357,0.0,0.0,0.0,0.0,0.0,0.0,0.0,0.0,33.929957982199284,31.591199638166277,28.083683849913886,,,,,,33.46265235819904,,,,,,33.929957982199284,25.947205616606613,,"rgba(38, 166, 154, 1.0)"
2026-05-18 00:00:00+00:00,37.53,37.53,36.94,37.07,374177,0.0,0.0,0.0,0.0,0.0,0.0,0.0,0.0,34.000216103871686,31.616171276662552,28.099246510718057,,,,,,33.50184605014491,,,,,,34.000216103871686,25.959151011422687,,"rgba(38, 166, 154, 1.0)"
2026-05-19 00:00:00+00:00,37.48,37.69,37.26,37.3,458050,0.0,0.0,0.0,0.0,0.0,0.0,0.0,0.0,34.08590407649224,31.64720529175915,28.118521057443903,,,,,,33.55051275218621,,,,,,34.08590407649224,25.97392377233409,,"rgba(38, 166, 154, 1.0)"
2026-05-20 00:00:00+00:00,37.5,37.93,37.31,37.4,475282,0.0,0.0,0.0,0.0,0.0,0.0,0.0,0.0,34.17303845164347,31.67962593767467,28.138657050435178,,,,,,33.60106261338942,,,,,,34.17303845164347,25.989349623723015,,"rgba(38, 166, 154, 1.0)"
2026-05-21 00:00:00+00:00,37.75,37.93,37.27,37.66,626832,0.0,0.0,0.0,0.0,0.0,0.0,0.0,0.0,34.28375195763188,31.72234727966864,28.16527890956675,,,,,,33.66696245552924,,,,,,34.28375195763188,26.00975411029457,,"rgba(38, 166, 154, 1.0)"
2026-05-22 00:00:00+00:00,38.18,38.39,37.54,37.79,639630,0.0,0.0,0.0,0.0,0.0,0.0,0.0,0.0,34.40185479184386,31.768118027721254,28.1933923369199,,,,,,33.73834950573607,,,,,,34.40185479184386,26.031190909402383,,"rgba(38, 166, 154, 1.0)"
2026-05-26 00:00:00+00:00,37.59,38.1449,37.57,37.9,691370,0.0,0.0,0.0,0.0,0.0,0.0,0.0,0.0,34.51259821624864,31.814764426824695,28.22277675051349,,,,,,33.80827681716107,,,,,,34.51259821624864,26.05375993102577,,"rgba(38, 166, 154, 0.75)"
2026-05-27 00:00:00+00:00,37.32,37.56,36.96,37.25,827808,0.0,0.0,0.0,0.0,0.0,0.0,0.0,0.0,34.617470311714165,31.86516759202483,28.25593592366744,,,,,,33.87893797673992,,,,,,34.617470311714165,26.0795472539086,,"rgba(38, 166, 154, 0.75)"
2026-05-28 00:00:00+00:00,37.06,37.57,36.92,37.31,816913,0.0,0.0,0.0,0.0,0.0,0.0,0.0,0.0,34.70996621547952,31.913132353493168,28.28807352398838,,,,,,33.944001458960734,,,,,,34.70996621547952,26.104660673425418,,"rgba(38, 166, 154, 0.75)"
2026-05-29 00:00:00+00:00,35.96,37.24,35.66,37.24,1431314,0.0,0.0,0.0,0.0,0.0,0.0,0.0,0.0,34.80363574736586,31.981168998740078,28.338207326523925,,,,,,34.022125488254865,,,,,,34.80363574736586,26.144849898949875,,"rgba(38, 166, 154, 0.5)"
2026-06-01 00:00:00+00:00,36.36,36.76,35.93,35.95,498211,0.0,0.0,0.0,0.0,0.0,0.0,0.0,0.0,34.83496501285752,32.00469828119899,28.35564861903071,,,,,,34.048837104220645,,,,,,34.83496501285752,26.1588515036223,,"rgba(38, 166, 154, 0.5)"
2026-06-02 00:00:00+00:00,36.82,37.0,36.43,36.43,1113619,0.0,0.0,0.0,0.0,0.0,0.0,0.0,0.0,34.91793163468957,32.061144339727235,28.396297750909124,,,,,,34.116385664127094,,,,,,34.91793163468957,26.191232853334867,,"rgba(38, 166, 154, 0.5)"
2026-06-03 00:00:00+00:00,36.73,37.43,36.66,36.88,1313365,0.0,0.0,0.0,0.0,0.0,0.0,0.0,0.0,35.01622620004683,32.128641624646015,28.444813845824378,,,,,,34.19727592649598,,,,,,35.01622620004683,26.22985142364804,,"rgba(38, 166, 154, 0.5)"
2026-06-04 00:00:00+00:00,37.43,37.43,36.44,36.44,1151771,0.0,0.0,0.0,0.0,0.0,0.0,0.0,0.0,35.101425253175854,32.18823345859398,28.48770220896235,,,,,,34.268413875889685,,,,,,35.101425253175854,26.26399330922128,,"rgba(38, 166, 154, 0.5)"
2026-06-05 00:00:00+00:00,36.86,37.51,36.79,37.31,469191,0.0,0.0,0.0,0.0,0.0,0.0,0.0,0.0,35.13340338667424,32.21187476287766,28.50495781368849,,,,,,34.295942057082684,,,,,,35.13340338667424,26.27778047879782,,"rgba(38, 166, 154, 0.5)"
2026-06-08 00:00:00+00:00,36.28,37.26,36.15,36.97,1433983,0.0,0.0,0.0,0.0,0.0,0.0,0.0,0.0,35.20158764009865,32.27555523924859,28.554269166718104,,,,,,34.36243256798391,,,,,,35.20158764009865,26.31779424053971,,#000000
2026-06-09 00:00:00+00:00,36.09,36.405,35.6213,36.21,753219,0.0,0.0,0.0,0.0,0.0,0.0,0.0,0.0,35.222043671209086,32.304261838045555,28.5782489716582,,,,,,34.387861757670144,,,,,,35.222043671209086,26.33761782444494,,#000000
2026-06-10 00:00:00+00:00,37.69,37.83,36.27,36.27,916609,0.0,0.0,0.0,0.0,0.0,0.0,0.0,0.0,35.280988418159595,32.349873238248875,28.61198002453031,,,,,,34.439981209437654,,,,,,35.280988418159595,26.36466418178468,,"rgba(38, 166, 154, 0.5)"
2026-06-11 00:00:00+00:00,37.76,38.24,37.695,38.04,1293686,0.0,0.0,0.0,0.0,0.0,0.0,0.0,0.0,35.383482199223664,32.4209763880393,28.6626058047202,,,,,,34.526246147708754,,,,,,35.383482199223664,26.404820735232345,,"rgba(38, 166, 154, 0.5)"
2026-06-12 00:00:00+00:00,38.17,38.45,37.56,37.64,1360357,0.0,0.0,0.0,0.0,0.0,0.0,0.0,0.0,35.4893358673913,32.495953914517784,28.71617010882328,,,,,,34.616565527321285,38.06000000000001,,,,,35.4893358673913,26.447335993324614,38.06000000000001,"rgba(38, 166, 154, 0.5)"
2026-06-15 00:00:00+00:00,37.63,37.89,36.9514,37.38,784485,0.0,0.0,0.0,0.0,0.0,0.0,0.0,0.0,35.53395789732789,32.533958393189316,28.744916735843685,,,,,,,37.85169078328381,,,,,35.53395789732789,26.47051726255492,37.85169078328381,"rgba(38, 166, 154, 0.5)"
2026-06-16 00:00:00+00:00,36.95,37.635,36.88,37.28,540709,0.0,0.0,0.0,0.0,0.0,0.0,0.0,0.0,35.55849498911233,32.558067920438184,28.763865209714833,,,,,,,37.7114190190393,,,,,35.55849498911233,26.48595378790426,37.7114190190393,"rgba(38, 166, 154, 0.5)"
2026-06-17 00:00:00+00:00,36.12,37.3591,35.98,36.73,1376125,0.0,0.0,0.0,0.0,0.0,0.0,0.0,0.0,35.59291371327572,32.60954558791914,28.80789463681933,,,,,,,37.296362483656175,,,,,35.59291371327572,26.52259031560021,37.296362483656175,#000000
