date,Close,High,Low,Open,Volume,aVWAP_peak_105,aVWAP_peak_101,aVWAP_peak_92,aVWAP_peak_86,aVWAP_peak_85,aVWAP_peak_77,aVWAP_peak_76,aVWAP_peak_71,aVWAP_peak_62,aVWAP_peak_45,aVWAP_peak_44,aVWAP_peak_43,aVWAP_peak_37,aVWAP_peak_33,aVWAP_peak_32,aVWAP_peak_26,aVWAP_peak_25,aVWAP_peak_24,aVWAP_peak_19,aVWAP_valley_105,aVWAP_valley_99,aVWAP_valley_81,aVWAP_valley_73,aVWAP_valley_57,aVWAP_valley_43,aVWAP_valley_35,aVWAP_valley_26,aVWAP_valley_22,aVWAP_valley_15,aVWAP_valley_5,aVWAP_OB_bull_105,Peaks_Valleys_avg,color,StDev,StDev_Mean,StdDev_ZScore,QQEMOD,QQE1_Value,QQE1_Above_Upper,QQE1_Below_Lower,QQE2_Above_Threshold,QQE2_Below_Threshold,QQE2_Above_TL,banker_RSI,OB,OB_High,OB_Low,OB_Mitigated_Index,TTM_squeeze_Active,VI_plus,VI_minus,VI_Regular_Bullish,VI_Regular_Bearish,VI_Hidden_Bullish,VI_Hidden_Bearish,Fisher,Fisher_Signal,Fisher_Regular_Bullish,Fisher_Regular_Bearish,Fisher_Hidden_Bullish,Fisher_Hidden_Bearish,OBV,OBV_Smoothed,OBV_Regular_Bullish,OBV_Regular_Bearish,OBV_Hidden_Bullish,OBV_Hidden_Bearish,Volume_MA,Vol_Regular_Bullish,Vol_Regular_Bearish,Vol_Hidden_Bullish,Vol_Hidden_Bearish
2021-12-31 00:00:00+00:00,47.0,47.0,40.25,40.25,933,,,,,,,,,,,,,,,,,,,,,,,,,,,,,,,,,#000000,,,,,,False,False,False,False,False,,0.0,0.0,0.0,0.0,0,,,False,False,False,False,,,False,False,False,False,0,0.0,False,False,False,False,933.0,False,False,False,False
2022-01-07 00:00:00+00:00,47.0,47.0,47.0,47.0,41164,,,,,,,,,,,,,,,,,,,,,,,,,,,,,,,,,#000000,,,,,,False,False,False,False,False,,0.0,0.0,0.0,0.0,0,,,False,False,False,False,,,False,False,False,False,0,0.0,False,False,False,False,3913.074074074074,False,False,False,False
2022-01-14 00:00:00+00:00,48.0,48.25,47.0,47.0,52197,,,,,,,,,,,,,,,,,,,,,,,,,,,,,,,,,#000000,,,,100.0,,False,False,True,False,False,,0.0,0.0,0.0,0.0,0,,,False,False,False,False,,,False,False,False,False,52197,3866.4444444444443,False,False,False,False,7489.661179698216,False,False,False,False
2022-01-21 00:00:00+00:00,49.5,50.0,47.0,48.0,1235330,,,,,,,,,,,,,,,,,,,,,,,,,,,,,,,,,#000000,,,,100.0,50.0,False,False,True,False,True,,0.0,0.0,0.0,0.0,0,,,False,False,False,False,,,False,False,False,False,1287527,98952.41152263375,False,False,False,False,98440.79738860946,False,False,False,False
2022-01-28 00:00:00+00:00,49.5,49.5,49.5,49.5,2054,,,,,,,,,,,,,,,,,,,,,,,,,,,,,,,,,#000000,,,,100.0,50.0,False,False,True,False,True,,0.0,0.0,0.0,0.0,0,,,False,False,False,False,,,False,False,False,False,1287527,186994.97363206826,False,False,False,False,91301.03461908283,False,False,False,False
2022-02-04 00:00:00+00:00,46.55,49.5,46.55,49.5,1824545,,,,,,,,,,,,,,,,,,,,,,,,,,,,,,47.53333333333334,,47.53333333333334,#000000,,47.53333333333334,,83.37462715540184,34.28382723284081,False,False,True,False,False,,0.0,0.0,0.0,0.0,0,,,False,False,False,False,,,False,False,False,False,-537018,133364.3829926558,False,False,False,False,219689.47649915074,False,False,False,False
2022-02-11 00:00:00+00:00,47.5,49.0,46.7,46.7,313237,,,,,,,,,,,,,,,,,,,,,,,,,,,,,,47.562638192294635,,47.562638192294635,#000000,,47.562638192294635,,74.27916952132071,26.367677496202703,False,False,True,False,False,,0.0,0.0,0.0,0.0,0,,,False,False,False,False,,,False,False,False,False,-223781,106909.16943764426,False,False,False,False,226618.92268439883,False,False,False,False
2022-02-18 00:00:00+00:00,50.8,50.8,47.5,47.5,890800,,,,,,,,,,,,,,,,,,,,,,,,,,,,,,48.191302662434104,,48.191302662434104,#000000,,48.191302662434104,,73.09343003246967,26.117057807520496,False,False,True,False,False,,0.0,0.0,0.0,0.0,0,,,False,False,False,False,,,False,False,False,False,667019,148398.78651633728,False,False,False,False,275817.521004073,False,False,False,False
2022-02-25 00:00:00+00:00,50.5,50.8,49.5,50.8,832390,,,,,,,,,,,,,,,,,,,,,,,,,,,,,,48.63873202568335,,48.63873202568335,#000000,,48.63873202568335,,71.52480601104152,25.3029248252833,False,False,True,False,False,,0.0,0.0,0.0,0.0,0,,,False,False,False,False,,,False,False,False,False,-165371,125156.5801077197,False,False,False,False,317045.1120408083,False,False,False,False
2022-03-04 00:00:00+00:00,53.75,53.75,50.0,50.0,1025189,,,,,,,,,,,,,,,,,,,,,,,,,,,,,,49.44888327803089,,49.44888327803089,#000000,,49.44888327803089,,73.1331681046417,25.3029248252833,False,False,True,False,False,,0.0,0.0,0.0,0.0,0,,,False,False,False,False,,,False,False,False,False,859818,179575.9445441849,False,False,False,False,369500.21485260024,False,False,False,False
2022-03-11 00:00:00+00:00,55.25,55.4,54.0,54.2,306257,,,,,,,,,,,,,,,,,,,,,,,,,,,,,,49.76941571024008,,49.76941571024008,#000000,,49.76941571024008,,75.11251512634229,25.3029248252833,False,False,True,False,True,,0.0,0.0,0.0,0.0,0,,,False,False,False,False,,,False,False,False,False,1166075,252649.94865202304,False,False,False,False,364815.53227092617,False,False,False,False
2022-03-18 00:00:00+00:00,55.25,55.25,55.25,55.25,50000,,,,,,,,,,,,,,,,,,,,,,,,,,,,,,49.821687241142044,,49.821687241142044,#000000,,49.821687241142044,,76.526334427557,21.250567070486056,False,False,True,False,True,,0.0,0.0,0.0,0.0,0,,,False,False,False,False,,,False,False,False,False,1166075,320311.063566688,False,False,False,False,341495.86321382056,False,False,False,False
2022-03-25 00:00:00+00:00,54.1,55.0,53.75,54.5,204557,,,,,,,,,,,,,,,,,,,,,,,,,,,,,,49.98924096402133,,49.98924096402133,#000000,,49.98924096402133,,75.23266345357014,21.250567070486056,False,False,True,False,True,,0.0,0.0,0.0,0.0,0,,,False,False,False,False,,,False,False,False,False,961518,367807.8736728593,False,False,False,False,331352.2437165005,False,False,False,False
2022-04-01 00:00:00+00:00,61.375,61.5,54.0,54.1,1261418,,,,,,,,,,,,,,,,,,,,,,,,,,,,,,51.675751363503416,,51.675751363503416,#000000,,51.675751363503416,,77.55413459525123,21.735886005629524,False,False,True,False,True,,0.0,0.0,0.0,0.0,0,,,False,False,False,False,,,False,False,False,False,2222936,505224.77191931417,False,False,False,False,400246.0034412042,False,False,False,False
2022-04-08 00:00:00+00:00,62.5,63.0,61.5,61.5,53412,,,,,,,,,,,,,,,,,,,,,,,,,,,,,,51.759936395188376,,51.759936395188376,#000000,,51.759936395188376,,79.51179255796148,23.479914833489616,False,False,True,False,True,,0.0,0.0,0.0,0.0,0,,,False,False,False,False,,,False,False,False,False,2276348,636419.0851104761,False,False,False,False,374554.59577889275,False,False,False,False
2022-04-15 00:00:00+00:00,63.5,63.5,52.0,63.0,294000,,,,,,,,,,,,,,,,,,,,,,,,,,,,,59.666666666666664,52.089392594702765,,55.878029630684715,#000000,,55.878029630684715,,81.16223923397291,24.97079098998188,False,False,True,False,True,,0.0,0.0,0.0,0.0,0,,,False,False,False,False,,,False,False,False,False,2570348,779673.0788059963,False,False,False,False,368587.5886841599,False,False,False,False
2022-04-22 00:00:00+00:00,63.25,63.5,62.0,63.0,241765,,,,,,,,,,,,,,,,,,,,,,,,,,,,,61.13323549815061,52.44809500057327,,56.790665249361936,#000000,,56.790665249361936,,81.97729264253408,25.71584136506786,False,False,True,False,True,,0.0,0.0,0.0,0.0,0,,,False,False,False,False,,,False,False,False,False,2328583,894407.1470425893,False,False,False,False,359193.32285570365,False,False,False,False
2022-04-29 00:00:00+00:00,63.1,63.75,62.0,63.25,197461,,,,,,,,,,,,,,,,,,,,,,,,,,,,,61.62249820200957,52.72477386462223,,57.1736360333159,#000000,,57.1736360333159,,82.33126112697357,26.09469130172053,False,False,True,False,True,,0.0,0.0,0.0,0.0,0,,,False,False,False,False,,,False,False,False,False,2131122,986015.6546690641,False,False,False,False,347213.15079231816,False,False,False,False
2022-05-06 00:00:00+00:00,66.2,66.5,63.0,63.0,111362,,,,,,,,,,,,,,,,,,,,,,,,,,,,,62.09859994853507,52.90790642161141,,57.503253185073234,#000000,,57.503253185073234,,83.41803990366225,27.238533129429342,False,False,True,False,True,,0.0,0.0,0.0,0.0,0,,,False,False,False,False,,,False,False,False,False,2242484,1079087.3839528372,False,False,False,False,329742.6951780724,False,False,False,False
2022-05-13 00:00:00+00:00,67.0,68.0,66.0,66.2,504935,,,,,,,,,,,,,,,,,,,67.0,,,,,,,,,,63.932498618647735,53.78514764166855,,61.57254875343876,#000000,,61.57254875343876,,84.37605512906191,28.28440058897465,False,False,True,False,True,,0.0,0.0,0.0,0.0,0,,,False,False,False,False,,,False,False,False,False,2747419,1202667.5036600344,False,False,False,False,342719.9029426596,False,False,False,False
2022-05-20 00:00:00+00:00,63.55,67.5,63.0,67.5,66540,,,,,,,,,,,,,,,,,,,66.7302576665646,,,,,,,,,,63.96777991751309,53.87382176503706,,61.52395311637159,#000000,,61.52395311637159,,80.72412339888665,28.28440058897465,False,False,True,False,False,,0.0,0.0,0.0,0.0,0,,,False,False,False,False,,,False,False,False,False,2680879,1312164.651537069,False,False,False,False,322262.13235431444,False,False,False,False
2022-05-27 00:00:00+00:00,63.55,63.55,63.55,63.55,5000,,,,,,,,,,,,,,,,,,,66.70267401014789,,,,,,,,,,63.96630996186189,53.87973422643504,,61.516239399481606,#000000,,61.516239399481606,,78.11560073447575,34.319951088774474,False,False,True,False,False,,0.0,0.0,0.0,0.0,0,,,False,False,False,False,,,False,False,False,False,2680879,1413550.89957136,False,False,False,False,298761.2336614023,False,False,False,False
2022-06-03 00:00:00+00:00,66.0,66.25,63.0,63.55,430691,,,,,,,,,,,,,,,,,,,66.0102008176077,,,,,,,,,65.08333333333334,64.22611332282798,54.439931155828475,,62.43989465739937,#000000,,62.43989465739937,,77.26517794659694,33.47683990980673,False,False,True,False,False,,0.0,0.0,0.0,0.0,0,,,False,False,False,False,,,False,False,False,False,3111570,1539330.0921957039,False,False,False,False,308533.80894574284,False,False,False,False
2022-06-10 00:00:00+00:00,67.75,67.75,65.5,66.0,260600,,,,,,,,,,,,,,,,,,,66.21366239248148,,,,,,,,,65.80587034500185,64.56832626065517,54.80877218524784,,62.84915779584659,#000000,,62.84915779584659,,77.27697285937997,33.39782058927997,False,False,True,False,False,,0.0,0.0,0.0,0.0,0,,,False,False,False,False,,,False,False,False,False,3372170,1675096.0112923183,False,False,False,False,304983.1564312434,False,False,False,False
2022-06-17 00:00:00+00:00,67.75,67.75,67.75,67.75,66,,,,,,,,,,,,,,,,,,67.75,66.21374237017733,,,,,,,,,65.80605594022578,64.56842566819098,54.808868432642484,,63.82941848224732,#000000,,66.08455599464853,,77.28539779708214,33.241538372605234,False,False,True,False,False,,0.0,0.0,0.0,0.0,0,,,False,False,False,False,,,False,False,False,False,3372170,1800805.1956410354,False,False,False,False,282396.70039929944,False,False,False,False
2022-06-24 00:00:00+00:00,67.75,67.75,67.75,67.75,64,,,,,,,,,,,,,,,,,67.75,67.75,66.21381991635486,,,,,,,,,65.8062358775141,64.56852205744516,54.808961762082205,,64.48292326889938,#000000,,66.88001394846724,,77.29141560972654,33.02871667281626,False,False,True,False,False,,0.0,0.0,0.0,0.0,0,,,False,False,False,False,0.3428282513453104,0.3428282513453104,False,False,False,False,3372170,1917202.5885565144,False,False,False,False,261483.16703638836,False,False,False,False
2022-07-01 00:00:00+00:00,60.0,67.75,58.0,67.75,890673,,,,,,,,,,,,,,,,61.916666666666664,61.91708579524596,61.91751795851608,64.44072006346181,,,,,,,,61.916666666666664,63.616521310786005,63.78203770232459,55.45726339914756,,61.870559945351914,#000000,,61.91698427177384,,70.18421315063486,26.052995017388582,False,False,True,False,False,,0.0,0.0,0.0,0.0,0,1.248665955176094,0.7008182141586622,False,False,False,False,0.17675787415949598,0.2597930627524032,False,False,False,False,2481497,1959002.1745893653,False,False,False,False,308089.82132998924,False,False,False,False
2022-07-08 00:00:00+00:00,60.5,60.5,60.0,60.0,25000,,,,,,,,,,,,,,,,61.87343798859782,61.873848696004785,61.87427217789561,64.3936939936407,,,,,,,,61.87343798859782,63.56544794517309,63.75356572771271,55.46971510716794,,61.83467745309881,#000000,,61.87374921277401,,65.4036295582727,21.542814863870944,False,False,True,False,False,,0.0,0.0,0.0,0.0,0,1.179795125397386,0.8053691275167784,False,False,False,False,0.08423593861498714,0.17201450068369517,False,False,False,False,2506497,1999557.346842005,False,False,False,False,287120.20493517525,False,False,False,False
2022-07-15 00:00:00+00:00,60.5,61.0,59.05,60.5,124214,,,,,,,,,,,,,,,,61.671555803659444,61.67192987938856,61.67231559676429,64.16707574614541,,,,,,,,61.671555803659444,63.322795578063904,63.61288658600146,55.528771691834685,,61.66486083568965,#000000,,61.671839270867935,,61.988926992299724,18.425956706939985,False,False,True,False,False,,0.0,0.0,0.0,0.0,0,1.1647429171038826,0.8177684505071704,False,False,False,False,0.07392835675993183,0.12297142872181349,False,False,False,False,2506497,2037108.4322611156,False,False,False,False,275053.0786436808,False,False,False,False
2022-07-22 00:00:00+00:00,60.5,60.5,60.5,60.5,0,,,,,,,,,,,,,,,,61.671555803659444,61.67192987938856,61.67231559676429,64.16707574614541,,,,,,,,61.671555803659444,63.322795578063904,63.61288658600146,55.528771691834685,,61.66486083568965,#000000,,61.671839270867935,,59.549853730890455,16.247728800895572,False,False,True,False,False,,0.0,0.0,0.0,0.0,0,1.1931361810879884,0.8426433004746258,False,False,False,False,0.08978824987067928,0.10637983929624639,False,False,False,False,2506497,2071877.9557973293,False,False,False,False,254678.77652192666,False,False,False,False
2022-07-29 00:00:00+00:00,69.0,70.0,58.25,60.5,470348,,,,,,,,,,,,,,,,62.94174757570842,62.94195132884283,62.94216143117723,64.43507076040211,,,,,,,,62.94174757570842,63.84132833043248,63.8903541511224,55.991723512475566,,62.49076058323368,#000000,,62.941901977859224,,61.96797066805951,16.247728800895572,False,False,True,False,False,,0.0,0.0,0.0,0.0,0,1.1056403864132127,0.7410408226861951,False,False,False,False,0.21293479238928747,0.15965731584276693,False,False,False,False,2976845,2138912.5516641936,False,False,False,False,270654.2745573395,False,False,False,False
2022-08-05 00:00:00+00:00,74.083,74.083,67.0,69.0,1260491,,,,,,,,,,,,,,,,66.93616245417266,66.93618125227823,66.93620063691509,66.70938826873788,,,,,,,,66.93616245417266,66.71050624617229,65.9119176529373,57.69441534585115,,65.59636678890465,#000000,,66.93617669938466,,65.22109194720919,16.247728800895572,False,False,True,False,True,,0.0,0.0,0.0,0.0,0,1.2391592972806371,0.7053272955736266,False,False,False,False,0.3428282511513626,0.25124278349706475,False,False,False,False,4237336,2294351.325614994,False,False,False,False,343975.51347901806,False,False,False,False
2022-08-12 00:00:00+00:00,77.25,77.25,73.0,75.5,618228,,,,,,,,,,,,,,,75.83333333333333,68.55922377583173,68.55920849402393,68.55919273526416,67.92065303126935,,,,,,,,68.55922377583173,68.09272899394459,67.02684378193483,58.60885429071794,,67.96880691246128,#000000,,70.37774734475518,,68.30820996844426,10.89590262562708,False,False,True,False,True,,0.0,0.0,0.0,0.0,0,1.3038023166740176,0.6706632001671349,False,False,False,False,0.3428282515639689,0.2970355175305168,False,False,False,False,4855564,2484070.782976846,False,False,False,False,364290.5124805723,False,False,False,False
2022-08-19 00:00:00+00:00,75.0,77.25,75.0,77.25,805,,,,,,,,,,,,,,75.75,75.83322496538956,68.56093144143875,68.56091613101923,68.56090034275459,67.92200620669988,,,,,,,,68.56093144143875,68.0942393667191,67.0281200143287,58.60997941859546,,68.74812493283841,#000000,,72.17627196206676,,68.97278148301501,11.45358449041779,False,False,True,False,True,,0.0,0.0,0.0,0.0,0,1.3216501386473656,0.6877496827560275,False,False,False,False,0.3428282515639689,0.31993188454724286,False,False,False,False,4854759,2659677.317571154,False,False,False,False,337365.6597042336,False,False,False,False
2022-08-26 00:00:00+00:00,65.0,75.0,65.0,75.0,323,,,,,,,,,,,,,,73.62625591016548,75.8293137011132,68.56090975636184,68.56089444781041,68.5608786614721,67.92203472951856,,,,,,,,68.56090975636184,68.09425828802118,67.02819663020247,58.610235497224714,,68.53538873782517,#000000,,71.64434728100059,,64.35258378158969,11.45358449041779,False,False,True,False,False,,0.0,0.0,0.0,0.0,0,1.1638986013986015,0.7406937574620502,False,False,False,False,0.1647741834981363,0.2423530340226896,False,False,False,False,4854436,2822252.034788105,False,False,False,False,312399.53676317923,False,False,False,False
2022-09-02 00:00:00+00:00,76.5,76.5,65.0,65.0,30087,,,,,,,,,,,,,,72.70134283731112,75.68279651434639,68.59702782776719,68.59701197803386,68.59699563361761,67.95248476404089,,,,,,,72.66666666666667,68.59702782776719,68.12771737584082,67.05885907152802,58.64463439830641,,69.85779304969198,#000000,,72.41195846152284,,64.25192689931092,11.45358449041779,False,False,True,False,False,,0.0,0.0,0.0,0.0,0,1.1464680281218613,0.7747592508714232,False,False,False,False,0.1684725784856632,0.2054128062541764,False,False,False,False,4884523,2975012.8470260235,False,False,False,False,291487.49700294377,False,False,False,False
2022-09-09 00:00:00+00:00,77.25,77.25,75.25,76.5,53145,,,,,,,,,,,,,,75.14691401928243,75.75091471341193,68.71922588014405,68.71920802131719,68.71918960509127,68.04922936029692,,,,,,,75.16752270761246,68.71922588014405,68.23561708856225,67.14947784876337,58.72184389029461,,70.43765251246259,#000000,,73.69614433011272,,64.34777115807591,11.45358449041779,False,False,True,False,False,,0.0,0.0,0.0,0.0,0,1.2097480080072223,0.7819111355340111,False,False,False,False,0.34282825102953046,0.27412052864185343,False,False,False,False,4937668,3120394.710209281,False,False,False,False,273832.49722494796,False,False,False,False
2022-09-16 00:00:00+00:00,77.5,77.5,76.0,77.0,370906,,,,,,,,,,,,,77.0,76.65662638252508,76.18248976395458,69.51818868812572,69.51815925115487,69.51812889530522,68.69864626220011,,,,,,,76.66415329701545,69.51818868812572,68.95233214783386,67.76284016608291,59.25488418377763,,72.22269133762407,#000000,,76.62581736087378,,64.47482096034102,11.45358449041779,False,False,True,False,False,,0.0,0.0,0.0,0.0,0,1.2018702614884729,0.7812064830574037,False,False,False,False,0.34282825110519227,0.3084743898735228,False,False,False,False,5308574,3282482.0650085937,False,False,False,False,281023.127060137,False,False,False,False
2022-09-23 00:00:00+00:00,77.0,77.0,77.0,77.0,27000,,,,,,,,,,,,,77.0,76.67585039514846,76.20254691680887,69.57037092148384,69.57034082714331,69.5703097933968,68.74226009596464,,,,,,,76.68299999168637,69.57037092148384,68.99995523104565,67.80452058936517,59.29247531701821,,72.25850050941618,#000000,,76.64034932591093,,64.33867610576412,11.45358449041779,False,False,True,False,False,,0.0,0.0,0.0,0.0,0,1.2209300054683228,0.7790699945316771,False,False,False,False,0.34282825056782174,0.3256513202206723,False,False,False,False,5281574,3430562.9490820314,False,False,False,False,262206.59912975645,False,False,False,False
2022-09-30 00:00:00+00:00,76.0,77.0,75.25,77.0,391747,,,,,,,,,,,,,76.54524149637034,76.41027450392615,76.1712506558927,70.16888211942528,70.16884580524983,70.16880835739839,69.26222296930274,,,,,,,76.41387219775036,70.16888211942528,69.5600429999965,68.31322186493159,59.79317106773795,,72.50383232247376,#000000,,76.3851597134849,,63.7734763327855,11.45358449041779,False,False,True,False,False,,0.0,0.0,0.0,0.0,0,1.2133811996937656,0.8331746984212377,False,False,False,False,0.309519600606708,0.3175854604136902,False,False,False,False,4889827,3538656.5824833624,False,False,False,False,271802.1843794041,False,False,False,False
2022-10-07 00:00:00+00:00,74.0,76.0,74.0,76.0,3739,,,,,,,,,,,,,76.5363883805231,76.40284717855005,76.16749015138348,70.17282361818853,70.1727872767144,70.17274980071105,69.26587403851865,,,,,,,76.40641997024949,70.17282361818853,69.56389398362191,68.31694577503832,59.79740301516996,,72.50340980166492,#000000,,76.37828642017652,,62.443465154351,11.45358449041779,False,False,True,False,False,,0.0,0.0,0.0,0.0,0,1.1236692671565345,0.8608720744488988,False,False,False,False,0.2676411597500255,0.29261331008185787,False,False,False,False,4886088,3638466.3171142247,False,False,False,False,251945.65220315196,False,False,False,False
2022-10-14 00:00:00+00:00,77.0,77.0,73.5,74.0,27314,,,,,,,,,,,,,76.51298993386993,76.38565981191795,76.16149842599874,70.2088297761383,70.20879312918271,70.20875533815385,69.29812615868346,,,,,,,76.38910319808069,70.2088297761383,69.59824269347486,68.34899174110144,59.83066509921661,,72.51808282416387,#000000,,76.36231284246682,,62.39414141358533,11.45358449041779,False,False,True,False,False,,0.0,0.0,0.0,0.0,0,1.235867599654061,0.8427549335639594,False,False,False,False,0.26821032959549096,0.2804118198386744,False,False,False,False,4913402,3732905.9973279857,False,False,False,False,235306.27055847403,False,False,False,False
2022-10-21 00:00:00+00:00,77.0,77.05,77.0,77.0,45594,,,,,,,,,,,,,76.53949880718764,76.415923130597,76.18635076776248,70.28035607206847,70.28031875529322,70.28028027352151,69.36088469784272,,,,,,,76.41923712593852,70.28035607206847,69.66547252245313,68.41024220111557,59.889964653289795,,72.57086782247332,#000000,,76.3902524578714,,62.35891017018129,11.45358449041779,False,False,True,False,False,,0.0,0.0,0.0,0.0,0,1.165557242843931,0.8395807405546737,False,False,False,False,0.34282825005858436,0.3116200349486294,False,False,False,False,4913402,3820350.145674061,False,False,False,False,221253.50977636487,False,False,False,False
2022-10-28 00:00:00+00:00,81.0,81.0,51.0,77.0,287802,,,,,,,,,,,,71.0,75.15809678578381,75.15733505213187,75.38242435911937,70.32511430468611,70.32507868976924,70.32504196291801,69.44090432397812,,,,,,71.0,75.15873084120105,70.32511430468611,69.73768373650104,68.52082803681559,60.12678588385689,,72.41569363002955,#000000,,73.07920690674621,,63.47172732684818,11.45358449041779,False,False,True,False,False,,0.0,0.0,0.0,0.0,0,0.9007191387601116,0.8467621489558244,False,False,False,False,-0.09834524944208375,0.10663739275327282,False,False,False,False,5201204,3922635.616364871,False,False,False,False,226183.0275707082,False,True,False,False
2022-11-04 00:00:00+00:00,81.0,81.0,81.0,81.0,60101,,,,,,,,,,,81.0,72.72752175175265,75.44726113892543,75.4277493531953,75.55856349666361,70.46198235341511,70.46194532645588,70.4619071434631,69.55755672226259,,,,,,72.72752175175265,75.42931558549496,70.46198235341511,69.86352204691707,68.63112371385436,60.21928838990913,,73.97038431110707,#000000,,75.47557616060769,,64.26659672446739,11.45358449041779,False,False,True,False,False,,0.0,0.0,0.0,0.0,0,1.1557868124237758,0.8664684464939065,False,False,False,False,0.34282825088424906,0.22473282181876095,False,False,False,False,5201204,4017344.3855230287,False,False,False,False,213880.65515806313,False,True,False,False
2022-11-11 00:00:00+00:00,60.0,81.0,60.0,81.0,882,,,,,,,,,,67.0,80.79751734089828,72.71303811803833,75.44112948202526,75.42202900725566,75.55462713576993,70.46133107172264,70.46129406061931,70.46125589397727,69.55717800276851,,,,,,72.71303811803833,75.42358920561516,70.46133107172264,69.86305258391545,68.63091217498277,60.21972934878396,,73.59876305510862,#000000,,73.30589839424374,,57.473796676396674,13.181946631549366,False,False,True,False,False,,0.0,0.0,0.0,0.0,0,0.9505074885976867,0.8972078609336572,False,False,False,False,-0.0003933269790756481,0.11216974741984265,False,False,False,False,5200322,4104972.356965767,True,False,False,False,198102.9769982066,False,False,False,False
2022-11-18 00:00:00+00:00,77.0,77.0,60.0,60.0,140939,,,,,,,,,,71.30638386886756,74.1916367046021,72.31596913091182,75.01418373371956,75.0219574432929,75.26562419241704,70.48677951346542,70.48674324522996,70.48670584461892,69.59823425157485,,,,,,72.31596913091182,75.02305130799061,70.48677951346542,69.90058725958997,68.685779115627,60.33403049197607,,73.14283345396443,#000000,,72.53248970882332,,56.909800778236104,12.621982744384063,False,False,True,False,False,,0.0,0.0,0.0,0.0,0,0.9756662240236942,0.9304749257819833,False,False,False,False,-0.06341024003815447,0.024379753690844087,False,False,False,False,5341261,4196549.293486821,False,False,False,False,193868.6083316728,False,False,False,False
2022-11-25 00:00:00+00:00,76.0,77.0,76.0,77.0,969,,,,,,,,,,71.34049770058594,74.20186536941839,72.32390245360473,75.01512571054776,75.02283906163169,75.2661265325326,70.48795238108055,70.48791610458079,70.48787869544724,69.59930445389678,,,,,,72.32390245360473,75.02393288085774,70.48795238108055,69.90171613282412,68.68684647888725,60.335161741992735,,73.14940969249446,#000000,,72.54754199430344,,56.25884166761009,11.920457125317597,False,False,True,False,False,,0.0,0.0,0.0,0.0,0,1.0825088205036146,0.9036821718807179,False,False,False,False,0.1906807310762708,0.10753024238355743,False,False,False,False,5340292,4281270.975450761,False,False,False,False,179579.7484552526,False,False,False,False
2022-12-02 00:00:00+00:00,79.5,79.5,76.0,76.0,45687,,,,,,,,,,73.03556755819896,74.96120198354909,72.83576506705445,75.12320378370929,75.12454886889391,75.3326888310657,70.5614618890015,70.56142498756168,70.56138693396642,69.66425216250074,,,,,,72.83576506705445,75.12568626764798,70.5614618890015,69.97090718379475,68.74991014524193,60.394962872303545,,73.54973512051768,#000000,,73.41707491896425,,56.51227356869467,11.920457125317597,False,False,True,False,False,,0.0,0.0,0.0,0.0,0,1.0861575787652584,0.9052266633582157,False,False,False,False,0.23179968432232326,0.16966496335294035,False,False,False,False,5385979,4363101.199491445,False,False,False,False,169661.76708819682,False,False,False,False
2022-12-09 00:00:00+00:00,78.95,80.99,70.0,80.99,37935,,,,,,,,,,73.6406019410043,75.18436150075796,73.08748503289425,75.16332037590428,75.16241279365235,75.35594642691338,70.60843901122708,70.60840178282713,70.60836339205534,69.7071000098946,,,,,,73.08748503289425,75.16354990581951,70.60843901122708,70.01608633157014,68.79254405512458,60.43967556711582,,73.70620410322945,#000000,,73.74998337688768,,56.5423502629676,11.918841005310014,False,False,True,False,False,14.065352343393009,0.0,0.0,0.0,0.0,1,1.0260039135889951,0.9106765568218018,False,False,False,False,0.1580833171655748,0.16387414025925756,False,False,False,False,5348044,4436059.925455041,False,False,False,False,159904.22878536742,False,False,False,False
2022-12-16 00:00:00+00:00,79.25,79.75,71.0,78.95,296068,,,,,,,,,,75.35534878528046,75.93766984047426,74.30497336613115,75.41960936451845,75.406976725243,75.51503589255424,70.95270933335792,70.95266999151579,70.9526294212534,70.02518259954795,,,,,,74.30497336613115,75.40808043232788,70.95270933335792,70.34973902633797,69.11091643920507,60.78078570935958,,74.35580864393765,#000000,,74.97574133950425,,56.63044262340934,11.796203860625113,False,False,True,False,False,14.246682835211175,0.0,0.0,0.0,0.0,1,1.0169154779698966,0.9231114637731973,False,False,False,False,0.15421457184752874,0.15904435605339315,False,False,False,False,5644112,4525545.264310224,False,False,False,False,169990.43406052538,False,False,False,False
2022-12-23 00:00:00+00:00,73.5,79.25,72.5,79.25,428,,,,,,,,,,75.35512614073603,75.93704265285784,74.30535592683141,75.41952651077949,75.4069006771633,75.51496015833648,70.9530486352521,70.95300929247398,70.95296872124628,70.02551677386782,,,,,,74.30535592683141,75.4080040776198,70.9530486352521,70.35008230509574,69.11126550737329,60.781220328790475,,74.35583693416599,#000000,,74.97572016181417,,55.079000045045646,10.087551001571605,False,False,True,False,False,9.33815620220075,0.0,0.0,0.0,0.0,1,1.0250999568871328,0.9291295334951543,False,False,False,False,0.1703659400518637,0.16470514805262843,False,False,False,False,5643684,4608370.3558428,False,False,False,False,157430.25375974574,False,False,False,False
2022-12-30 00:00:00+00:00,79.0,79.0,73.5,73.5,13109,,,,,,,,,,75.39942974445462,75.96408283818528,74.34779067487253,75.43261244300717,75.41947509330019,75.5237876819819,70.9686423537526,70.96860291865238,70.96856225221735,70.03993783886347,,,,,,74.34779067487253,75.4205783407474,70.9686423537526,70.36518953826925,69.12565999956199,60.79645649795243,,74.37928321989267,#000000,,75.01477348309623,,55.25971517669326,10.07952626213234,False,False,True,False,False,12.683427880391964,0.0,0.0,0.0,0.0,1,1.0908688883100204,0.9288193708238174,False,False,False,False,0.1825370539810363,0.17362110101683237,False,False,False,False,5656793,4686031.292447037,False,False,False,False,146739.79051828312,False,False,False,False
2023-01-06 00:00:00+00:00,78.5,79.0,78.5,79.0,3000,,,,,,,,,,75.41761416306598,75.97761565056189,74.36239923931507,75.43814635356658,75.42477639975766,75.52762700368541,70.973060974762,70.97302150819075,70.97298080930145,70.04392282083776,,,,,,74.36239923931507,75.42588110116681,70.973060974762,70.36939782160111,69.12956011535422,60.80025844841349,,74.38825810999585,#000000,,75.0300070730645,,55.246753868313206,9.847460263293442,False,False,True,False,False,12.270979682387,0.0,0.0,0.0,0.0,1,1.1090426659720245,0.8848994081406408,False,False,False,False,0.2652521274423125,0.21943661422957245,False,False,False,False,5653793,4757717.344858368,False,False,False,False,136092.39862803993,False,False,False,False
2023-01-13 00:00:00+00:00,78.0,78.0,74.0,74.0,140900,,,,,,,,,,75.67645678320541,76.108811497378,74.67828264352381,75.52953365327082,75.51321921373984,75.58943244677492,71.12252327685819,71.12248306417628,71.12244159585244,70.1845555561919,,,,,,74.67828264352381,75.51429565061422,71.12252327685819,70.5158421877841,69.27153738209431,60.95723221612066,,74.55333610857471,#000000,,75.28545839190775,,55.08809282754879,9.457837932141715,False,False,True,False,False,11.85409483149338,0.0,0.0,0.0,0.0,1,1.0891882378909814,0.892616168425574,False,False,False,False,0.17066218824347665,0.19504940123652453,False,False,False,False,5512893,4813656.282276266,False,False,False,False,136448.51724818512,False,False,False,False
2023-01-20 00:00:00+00:00,78.0,78.0,78.0,78.0,250000,,,,,,,,,,76.30112092441225,76.58637566859053,75.32816239115576,75.81758496881393,75.79219645229036,75.80113027047383,71.42860060340719,71.42855869321183,71.42851547432305,70.46832715623896,,,,,,75.32816239115576,75.7932933516271,71.42860060340719,70.81241572657268,69.55383218191966,61.25124086822986,,74.96052276253337,#000000,,75.88595534382857,,54.97476351271707,9.105599309002798,False,False,True,False,False,11.85409483149338,0.0,0.0,0.0,0.0,1,1.1044009473640253,0.8896332842151733,False,False,False,False,0.21596267779224645,0.2055060395143855,False,False,False,False,5512893,4865451.594700246,False,False,False,False,144859.738192764,False,False,False,False
2023-01-27 00:00:00+00:00,77.75,78.0,77.5,78.0,379501,,,,,,,,,,76.72104111648585,76.90882216067588,75.8827259273651,76.10818067900581,76.0770867195735,76.0303770462484,71.82863451946703,71.82859099226131,71.82854610580343,70.8487079422311,,,,,,75.8827259273651,76.0781472078914,71.82863451946703,71.20605807595568,69.93739281470103,61.67227518183215,,75.33463758235453,#000000,,76.34882878297299,,54.809331131026454,8.70175476219623,False,False,True,False,False,11.638630347646245,0.0,0.0,0.0,0.0,1,1.1231030932449975,0.9424453070542869,False,False,False,False,0.18922663895936817,0.19736633923687685,False,False,False,False,5133392,4885299.032129858,False,False,False,False,162240.5724007074,False,False,False,False
2023-02-03 00:00:00+00:00,73.1,77.75,70.0,77.75,43858,,,,,,,,,,76.62043218333388,76.80666445211244,75.8243047811743,76.06562032250314,76.03639454230317,75.9980044649442,71.84161617831744,71.84157282959465,71.84152812718631,70.86531791615889,,,,,73.61666666666666,75.8243047811743,76.03742016764559,71.84161617831744,71.22176234078913,69.95718431603227,61.70739782626292,,75.46714285401751,#000000,,75.71701702082183,,53.179516025135285,6.9177167367545565,False,False,False,False,False,7.742779094257777,0.0,0.0,0.0,0.0,1,1.0191034131431482,0.9702814569536423,False,False,False,False,0.016501495309014708,0.10693391727294578,False,False,False,False,5089534,4900427.548268387,False,False,False,False,153471.49296361796,False,False,False,False
2023-02-10 00:00:00+00:00,74.0,74.25,72.25,72.41,3435,,,,,,,,,,76.61253169122483,76.79864758580061,75.81962103052851,76.06219239538935,76.03311333092807,75.99538322159776,71.8425586557401,71.84251532167319,71.84247063437783,70.86655560481925,,,,,73.60819289676414,75.81962103052851,76.0341362344046,71.8425586557401,71.22292418077802,69.95867628631079,61.71011308197277,,75.46259980729064,#000000,,75.70974830107951,,52.30286482276658,5.912521088115483,False,False,False,False,False,8.334822177348258,0.0,0.0,0.0,0.0,1,0.9951547257574779,1.0129207313133923,False,False,False,False,-0.01100044582580372,0.04796673572357103,False,False,False,False,5092969,4914689.878026284,False,False,False,False,142357.6786700166,False,False,False,False
2023-02-17 00:00:00+00:00,75.0,78.25,74.0,74.0,403876,,,,,,,,,,76.41466822334446,76.56603024973711,75.8062852957962,76.01980721328229,75.99573605958084,75.96843347805603,72.0873006419665,72.08725759295767,72.08721319956234,71.12216809685503,,,,,75.52548882273975,75.8062852957962,75.9966100799798,72.0873006419665,71.47901646612812,70.231902454442,62.08018408647613,,75.61866453602792,#000000,,76.07811814790438,,52.0044681110581,5.475625225756737,False,False,False,False,False,8.993589313626156,0.0,0.0,0.0,0.0,1,0.9936220422220805,0.987244084444161,False,False,False,False,0.11601774712621735,0.0819922414248942,False,False,False,False,5496845,4957812.479653967,False,False,False,False,161729.4061759413,False,False,False,False
2023-02-24 00:00:00+00:00,78.05,78.25,75.25,75.25,5134,,,,,,,,,,76.41690318949973,76.56776603451304,75.809630150238,76.02181180907074,75.99772579826153,75.97012723923237,72.0913548906766,72.0913118357083,72.09126743616667,71.12619833675555,,,,,75.54414172161918,75.809630150238,75.99859908647595,72.0913548906766,71.48311546690566,70.23606890370712,62.08524293049143,,75.62276900698251,#000000,,76.08461027396748,,52.764696440045945,5.475625225756737,False,False,False,False,False,10.963005873560274,0.0,0.0,0.0,0.0,1,1.0666488936283658,0.9700079978672353,False,False,False,False,0.14398686937935343,0.11298955540212381,False,False,False,False,5501979,4998121.11079071,False,False,False,False,150129.74645920488,False,False,False,False
2023-03-03 00:00:00+00:00,76.0,78.25,76.0,77.0,325242,,,,,,,,,,76.46871523631296,76.59531990525,75.93503588006337,76.09346853783845,76.06991027654014,76.03341639731381,72.31488391969881,72.31484082009352,72.31479637447796,71.35351762938579,,,,,76.04596280444504,75.93503588006337,76.07072377074161,72.31488391969881,71.71243738955398,70.47435622301474,62.389955465302435,,75.75624726082675,#000000,,76.26125845651784,,52.55923783154953,5.475625225756737,False,False,False,False,False,9.239179416695158,0.0,0.0,0.0,0.0,1,1.0763548547482065,0.978691668442361,False,False,False,False,0.1608735985749376,0.1369315769885307,False,False,False,False,5176737,5011351.917398806,False,False,False,False,163101.0244992638,False,False,False,False
2023-03-10 00:00:00+00:00,78.0,85.0,78.0,78.25,431726,,,,,,,,,80.33333333333333,77.13009526078456,77.22014715998333,76.59652290654098,76.58330337082259,76.55159287235352,76.451570311538,72.79500516610298,72.79496038548719,72.79491420630977,71.81079213665197,,,,,77.57156535239584,76.59652290654098,76.55245666109268,72.79500516610298,72.18346252427929,70.93091723190052,62.87157597955878,,77.15871101353858,#000000,,78.06378527662426,,53.06607599420175,5.475625225756737,False,True,False,False,False,10.526286535988941,0.0,0.0,0.0,0.0,1,1.0033831788348333,0.9255700656336694,False,True,False,False,0.3428282496369577,0.2398799133127442,False,False,False,False,5608463,5055582.367961857,False,False,False,False,182999.17083265167,False,False,False,False
2023-03-17 00:00:00+00:00,78.25,78.5,77.0,78.0,493222,,,,,,,,,79.04466287113797,77.25873112634955,77.3318303212081,76.79009007335125,76.73877060208464,76.70764536611725,76.59806563083143,73.12292620705138,73.12288156920697,73.12283553720675,72.14647855790294,,,,,77.67130883826263,76.79009007335125,76.70845119233807,73.12292620705138,72.52030508255717,71.28193151439552,63.31919911843107,,77.16396460950321,#000000,,77.82663328923957,,53.510933319079655,5.475625225756737,False,True,False,False,False,10.686844268495044,0.0,0.0,0.0,0.0,1,0.991542052912917,0.9712429799039177,False,False,False,False,0.17199885961443306,0.20593938646358861,False,False,False,False,6101685,5133071.451816535,False,False,False,False,205978.63965986267,False,False,False,False
2023-03-24 00:00:00+00:00,77.25,78.25,77.0,78.25,91212,,,,,,,,,78.90601168451163,77.26581376083277,77.33667339285127,76.80883155437903,76.75483818315644,76.7240496788317,76.61444075940261,73.17414623194058,73.1741016958865,73.17405576884673,72.20036031878935,,,,,77.6626169662616,76.80883155437903,76.72484301867898,73.17414623194058,72.57382908301037,71.33917945665496,63.39679613801221,,77.1606950553285,#000000,,77.79277895111431,,53.41532839172848,5.475625225756737,False,True,False,False,False,9.82465117560039,0.0,0.0,0.0,0.0,1,0.9882186616399623,0.9730712266056281,False,False,False,False,0.16652231729154676,0.1862308518775677,False,False,False,False,6010473,5198064.159089384,False,False,False,False,197477.40709246544,False,False,False,False
2023-03-31 00:00:00+00:00,78.2,80.0,76.5,76.5,92648,,,,,,,,,78.84980510602375,77.29382787601571,77.3621571388897,76.84603261648805,76.78587135613698,76.7551349899763,76.643754810359,73.23357395495131,73.23352945982379,73.2334835749798,72.26141238326468,,,,,77.69058831868968,76.84603261648805,76.75591978293485,73.23357395495131,72.63495037174785,71.40305386982823,63.47880366618645,,77.18291246120023,#000000,,77.79909460990471,,53.698236861601266,5.475625225756737,False,True,False,False,False,10.45423803126599,0.0,0.0,0.0,0.0,1,0.9966730986758933,0.9617406347727726,False,False,False,False,0.19401100915807534,0.19012093051782153,False,False,False,False,6103121,5265105.406564244,False,False,False,False,189712.2658263569,False,False,False,False
2023-04-07 00:00:00+00:00,80.0,80.0,78.0,78.25,38760,,,,,,,,,78.86613664724007,77.3182374714544,77.38531910096872,76.87291385166063,76.80804641223422,76.77716031450969,76.66397625599333,73.26340302910101,73.26335851070488,73.26331260186184,72.29122631904944,,,,,77.72359457429398,76.87291385166063,76.77794387862109,73.26340302910101,72.66507862908084,71.43367364889606,63.51538159732549,,77.20662423586369,#000000,,77.8233219484893,,54.559429942502334,5.475625225756737,False,True,True,False,True,11.637624403873005,0.0,0.0,0.0,0.0,1,1.0149710559584804,0.9550868321245591,False,False,False,False,0.22738804819377492,0.2087544893557982,False,True,False,False,6141881,5330051.746818745,False,False,False,False,178530.61650588602,False,True,False,False
2023-04-14 00:00:00+00:00,78.15,79.0,78.15,79.0,133487,,,,,,,,,78.82103818077027,77.36238041532795,77.42608000577292,76.92890851266284,76.85535217339068,76.824494375896,76.70863397915613,73.34903061016135,73.34898614914547,73.34894029946241,72.37912741839992,,,,,77.76952732796794,76.92890851266284,76.82526697452572,73.34903061016135,72.75306753174549,71.52552990401085,63.63297775418789,,77.24505904581332,#000000,,77.84475648245977,,54.31941709015197,5.475625225756737,False,True,True,False,True,10.003191077347331,0.0,0.0,0.0,0.0,1,1.0127825618945103,0.961315931108719,False,False,False,False,0.20841783214582066,0.20858616075080944,False,False,False,False,6008394,5380299.321128467,False,False,False,False,175194.05232026483,False,False,False,False
2023-04-21 00:00:00+00:00,78.0,78.35,77.15,78.15,567002,,,,,,,,,78.51800065329874,77.43017170514493,77.48382105717731,77.04853060108614,76.9629580879125,76.93370767266761,76.81753551016818,73.64377328762785,73.64372956223816,73.64368447110957,72.69168152455022,,,,,77.78328535395596,77.04853060108614,76.93442014047037,73.64377328762785,73.0622040260323,71.85857117099717,64.09304918247858,,77.2960961382968,#000000,,77.80381969239423,,54.07793197839251,5.475625225756737,False,True,True,False,True,9.870722757127936,0.0,0.0,0.0,0.0,1,0.9826423659790373,0.9662861339208226,False,False,False,False,0.17199885961443306,0.19029251018262125,False,False,False,False,5441392,5384824.70474858,False,False,False,False,204216.86325950446,False,False,False,False
2023-04-28 00:00:00+00:00,78.05,78.25,77.75,77.75,636895,,,,,,,,,78.38950838889443,77.51180252838321,77.55702328608587,77.17375883240743,77.07886275950393,77.05111915475726,76.93516298905266,73.9444257810712,73.94438298478242,73.94433885172896,73.01371654350397,,,,,77.82878957182571,77.17375883240743,77.05177691323237,73.9444257810712,73.37918233636063,72.20333991144096,64.58196851019301,,77.37515632565504,#000000,,77.82178094379731,,53.92707423475123,5.475625225756737,False,True,False,False,True,9.905227244878454,0.0,0.0,0.0,0.0,1,1.1995178319062267,0.9916867570039072,False,False,False,False,0.15350208338398486,0.17189729678330307,False,False,False,False,6078287,5436192.282174611,False,False,False,False,236267.0956106523,False,False,False,False
2023-05-05 00:00:00+00:00,75.0,78.0,75.0,78.0,322395,,,,,,,,,78.11509786641979,77.41229931683921,77.45578590937029,77.10162794889698,77.0219598196901,76.99643422577807,76.89092419173247,74.0135598109584,74.01351799243284,74.01347486766318,73.10242001004325,,,,,77.66450694253267,77.10162794889698,76.99704780189201,74.0135598109584,73.46139680765381,72.30797247158156,64.78137767220241,,77.27573119720486,#000000,,77.6619225087905,,52.34852077622659,4.623941020846793,False,True,False,False,False,7.1947415525445635,0.0,0.0,0.0,0.0,1,0.9286525052699853,0.9935138641154532,False,False,False,False,0.07630157315026394,0.1240994349667835,False,False,False,False,5755892,5459873.74275427,False,False,False,False,242646.94038023363,False,False,False,False
2023-05-12 00:00:00+00:00,77.125,79.49,75.25,79.49,117211,,,,,,,,77.28833333333333,78.08196263788693,77.40940227445962,77.45191893821092,77.10570816422494,77.02697158359932,77.00185287182327,76.89764355504101,74.05311850168302,74.05307692739223,74.05303405447926,73.1471413698232,,,,,77.65260989463414,77.10570816422494,77.00245602403481,74.05311850168302,73.50455047799986,72.35737808201222,64.86028852843037,,77.31269238864323,#000000,,77.60807703507851,,52.208058277870315,4.430483124153099,False,True,False,False,False,8.699485511055055,0.0,0.0,0.0,0.0,1,1.114200131049331,0.9762239071421885,False,False,False,False,0.12090883500270022,0.12250413498474186,False,False,False,False,5873103,5490483.317365065,False,False,False,False,233355.38924095707,False,False,False,False
2023-05-19 00:00:00+00:00,77.25,77.375,75.15,77.125,93599,,,,,,,,76.97901544835001,78.03574562114119,77.3944213706731,77.43634236441687,77.09689131112941,77.02052811947136,76.99586115553262,76.89356733904924,74.07737229098788,74.07733095545802,74.07728832875853,73.17627989046923,,,,,77.62647541745817,77.09689131112941,76.99645444080322,74.07737229098788,73.53210095380224,72.39065721128088,64.91909896249031,,77.26786265601054,#000000,,77.50891446440562,,52.165529308529926,4.314979967748265,False,True,False,False,False,8.787684379259563,0.0,0.0,0.0,0.0,1,1.1314431589810443,0.9519309108685027,False,False,False,False,-0.08923611578103656,0.01663400960185265,False,False,False,False,5966702,5525758.775338024,False,False,False,False,223003.0641119973,False,False,False,False
2023-05-26 00:00:00+00:00,77.375,77.375,74.5,77.25,25649,,,,,,,,76.91801678092185,78.02210225618846,77.38953732809921,77.43130784729294,77.09370908868279,77.01808859975023,76.99355196964808,76.8918326838317,74.08348090576878,74.08343963837575,74.08339708193992,73.18377414804073,,,,76.41666666666666,77.61836364297027,77.09370908868279,76.99414248418324,74.08348090576878,73.5391380745789,72.39930950340894,64.93487196444624,,77.19956437834384,#000000,,77.24378733668681,,52.19654487836605,4.258235673038293,False,True,False,False,False,8.87744165990777,0.0,0.0,0.0,0.0,1,0.951559672096242,0.9528904503353562,True,False,False,False,-0.11551102208413241,-0.04943850624113988,False,False,False,False,5992351,5560321.162350022,False,False,False,False,208384.24454814562,False,False,False,False
2023-06-02 00:00:00+00:00,77.25,77.375,77.0,77.375,20004,,,,,,,,76.94066134296175,78.01678905676266,77.38883413424153,77.43045252803168,77.0941257847394,77.01868612997339,76.99421774722408,76.89272799906784,74.08983202405132,74.0897907992336,74.08974828670185,73.19102040673906,,,,76.7635551515417,77.61623061589891,77.0941257847394,76.99480654736074,74.08983202405132,73.54610604455226,72.40735647382375,64.94798965658556,,77.23582670762512,#000000,10.578442262884892,77.33430904179126,-0.007969891945911654,52.147317377063516,4.112295235753393,False,True,False,False,False,8.761577349475466,0.0,0.0,0.0,0.0,1,0.9774241506524973,0.9788007268322231,False,False,False,False,-0.0150011289709404,-0.03221981760604014,False,False,False,False,5972347,5590841.594768539,False,False,False,False,194430.1523593941,False,False,False,False
2023-06-09 00:00:00+00:00,77.1,77.25,77.0,77.25,77305,,,,,,,,76.9814264598963,77.9946364258127,77.38481280541562,77.42586893098917,77.09443806588828,77.01986113078225,76.99566720887992,76.89514958193622,74.11342063347008,74.11337957773212,74.11333723955721,73.21814642490736,,,,76.98556010995624,77.60638556404751,77.09443806588828,76.9962492884232,74.11342063347008,73.57211884001808,72.4376133583121,64.99804315144934,,77.25836768470995,#000000,10.29952543589678,77.3920021399282,-0.02835102857365545,52.0213751449823,3.888491848835585,False,True,False,False,False,8.620137900596397,0.0,0.0,0.0,0.0,1,1.049334915381253,0.9961281458814712,False,False,False,False,-0.020002671065928866,-0.026111244335984503,False,False,False,False,5895042,5613374.958119018,False,False,False,False,185754.21514758712,False,False,False,False
2023-06-16 00:00:00+00:00,78.0,78.0,77.05,77.25,31368,,,,,,,77.68333333333334,77.04172567664286,77.99155840919137,77.38659186649457,77.42738599158294,77.09773004910822,77.02307399335778,76.99895442031043,76.89859288720787,74.12467391836012,74.12463291966414,74.12459064031123,73.23063111545775,,,,77.12738812643366,77.60699600424343,77.09773004910822,76.99953428205755,74.12467391836012,73.58423647984635,72.45125355121687,65.0191803018272,,77.34835134994964,#000000,10.005930208622281,77.46100138640031,0.05386791656164296,52.4526846477976,3.888491848835585,False,True,False,False,False,9.299373429161559,0.0,0.0,0.0,0.0,1,1.0415138725524113,0.9681726977098178,False,False,False,False,0.012000571903720468,-0.007055336216132017,False,False,False,False,5926410,5636562.73899909,False,False,False,False,174318.1992107288,False,False,False,False
2023-06-23 00:00:00+00:00,77.625,78.0,77.5,78.0,40004,,,,,,77.70833333333333,77.69734583123167,77.10754730052163,77.98803150435576,77.38901876702901,77.42948143496726,77.10205230145773,77.0272799728164,77.00325280536913,76.90307928271832,74.13902295096493,74.13898202451111,74.13893981965477,73.24654089245067,,,,77.24697919346815,77.60801099323524,77.10205230145773,77.00382988745703,74.13902295096493,73.5996806268411,72.46862910960958,65.046087801936,,77.43788529610576,#000000,9.713294206386418,77.4400514146387,0.01904076839757363,52.50709447328717,3.888491848835585,False,True,False,False,False,8.934211288036192,0.0,0.0,0.0,0.0,1,1.0295387411951828,0.9575853972581987,False,False,False,False,0.030009000495559376,0.01147683213971368,False,False,False,False,5886406,5655069.647221379,False,False,False,False,164368.99926919336,False,False,False,False
2023-06-30 00:00:00+00:00,77.25,77.75,76.5,77.625,227200,,,,,,77.2477613858076,77.29352261207794,77.12878891102888,77.93377828564051,77.3798845066433,77.41880102452546,77.10454957991648,77.03197520588417,77.00868939510309,76.91112057551044,74.20634232949999,74.2063018913939,74.20626019012755,73.32408291671972,,,,77.2036916312797,77.584256451671,77.10454957991648,77.00924817329214,74.20634232949999,73.67396567117534,72.55519340641462,65.19032254669942,,77.33995839685073,#000000,9.438101204152241,77.21844113504854,0.0033437726793583873,52.283345504708265,3.888491848835585,False,True,False,False,False,8.564843577841511,0.0,0.0,0.0,0.0,1,0.9991904800453332,0.9546668825386546,False,False,False,False,-0.020002671065928866,-0.0042629194631075935,False,False,False,False,5659206,5655376.0437234985,False,False,False,False,169023.14747147533,False,False,False,False
2023-07-07 00:00:00+00:00,76.0,77.25,76.0,77.25,965,,,,,,77.24477071050967,77.29069769900434,77.12770381306532,77.93335278119767,77.37971647159104,77.41862807946613,77.10443667831275,77.03188718501845,77.00860575131914,76.91105651508973,74.20655105202019,74.20651061642552,74.20646891774898,73.32434271789012,,,,77.20189402635928,77.5839895943589,77.10443667831275,77.0091644367323,74.20655105202019,73.67420825342215,72.5554955826822,65.19088993701024,,77.33896265321778,#000000,9.128973651260344,77.21626656223467,-0.13323146814721584,51.25608728596851,2.8446486666370134,False,True,False,False,False,7.332466228396431,0.0,0.0,0.0,0.0,1,0.9112213068863473,0.9632088298808287,False,False,False,False,-0.06007215920558328,-0.032167539334345435,False,False,False,False,5658241,5655588.262706943,False,False,False,False,156574.39580692162,False,False,False,False
2023-07-14 00:00:00+00:00,75.375,76.125,75.25,76.0,1422970,,,,,,75.84679245762767,75.88023709047336,76.05897863693654,77.24579787382051,77.01216049028567,77.04632782755114,76.80803298318784,76.77955493275137,76.76286680508659,76.69808952372966,74.37482993179982,74.37479351339489,74.37475595733417,73.57333391649892,,,,75.95388156914382,77.07968673852636,76.80803298318784,76.76329556035978,74.37482993179982,73.89447197814714,72.86873818293525,65.91168606434402,,76.57399286507408,#000000,8.684186611109691,75.93497243854534,-0.0644818523163667,50.09824435708855,1.7016871673868437,False,True,False,False,False,6.717601412533824,0.0,0.0,0.0,0.0,1,0.9609441331295636,0.9715571404313127,False,False,False,False,-0.13582921389932512,-0.08399837661683528,False,False,False,False,4235271,5550379.576580503,False,False,False,False,250381.4775990015,False,False,False,False
2023-07-21 00:00:00+00:00,76.875,77.0,75.0,75.375,871783,,,,,,75.99811730191814,76.01849353451875,76.1282578208264,77.10076969077744,76.93190432714128,76.96290636595415,76.75296270517579,76.73250782740014,76.71784901040165,76.66172426092332,74.50836685332598,74.50833228905866,74.50829664502825,73.74528529781455,,,76.29166666666666,76.06225419677064,76.97427201195856,76.75296270517579,76.71823123226869,74.50836685332598,74.05272908912522,73.07275675120279,66.33477457248104,,76.52216046217077,#000000,8.246536675576111,76.09263292496856,0.09487219978643797,50.36778051191985,1.7016871673868437,False,True,False,False,False,7.9439991278462685,0.0,0.0,0.0,0.0,1,0.892428970274265,0.9581212021678437,False,False,False,False,-0.11044691848942562,-0.09722264755313045,False,False,False,False,5107054,5517540.644981948,False,False,False,False,296411.21999907546,False,False,False,False
2023-07-28 00:00:00+00:00,77.15,77.375,77.0,77.0,125323,,,,,,76.05298226786125,76.07178672725372,76.17122031719374,77.10235699615019,76.93573564792696,76.96622400207094,76.75933542411833,76.7385579133543,76.72404251962523,76.66824251321869,74.5348076291911,74.53477327375604,74.53473784507806,73.77619195786555,,,76.40268995138598,76.11131282795282,76.97805924467924,76.75933542411833,76.72442031784048,74.5348076291911,74.08208196942543,73.10760735889369,66.3979223522796,,76.55517034065932,#000000,7.8972845548213675,76.15969294361344,0.1253984264479843,50.757233336858164,1.7016871673868437,False,True,False,False,False,8.16855209277984,0.0,0.0,0.0,0.0,1,0.9314337329610773,0.9499096731811464,False,False,False,False,-0.0150011289709404,-0.05611188826203543,False,False,False,False,5232377,5496417.412020322,False,False,False,False,283738.0185176624,False,False,False,False
2023-08-04 00:00:00+00:00,77.75,77.75,77.15,77.15,490703,,,,,,76.28406220129007,76.29773448055165,76.36212192299429,77.13694129139296,76.97143895203185,76.99991536366679,76.80347289517066,76.77979159704674,76.7656503219687,76.71001037855133,74.6474941464061,74.64746052565471,74.64742585459811,73.90481008197983,,,76.78109099801566,76.32310703130516,77.01740510038633,76.80347289517066,76.76601390503536,74.6474941464061,74.20520452963576,73.25062263937743,66.64661841748394,,76.69772902368054,#000000,7.5088989252452905,76.42149867779062,0.1769235856595285,51.474820994714115,1.7016871673868437,False,True,False,False,True,8.663123092400394,0.0,0.0,0.0,0.0,1,1.0646631931522146,0.9316151842203201,False,False,False,False,0.006000067928681612,-0.02505591016667691,False,False,False,False,5723080,5513207.23335215,False,False,False,False,299068.75788672443,False,False,False,False
2023-08-11 00:00:00+00:00,76.5,79.0,76.5,78.0,120022,,,,,,76.3222364253085,76.33505641169155,76.39393506810846,77.14058365202786,76.97651173609567,77.00455640891556,76.81061011545528,76.78658711462522,76.7725598235902,76.7171495129991,74.6718233102512,74.67178987653104,74.6717553983454,73.9331544176015,,,76.82231500076811,76.35821823556394,77.0226330541752,76.81061011545528,76.77291977130284,74.6718233102512,74.23213478872519,73.28251964509663,66.70459292603977,,76.718665610811,#000000,7.197085540464078,76.45945651833303,0.005633319409506174,50.9768413122218,1.7016871673868437,False,True,False,False,True,7.367330613091642,0.0,0.0,0.0,0.0,1,1.0106010324483776,0.8446718289085545,False,False,False,False,-0.0961012125643596,-0.06057856136551826,False,False,False,False,5603058,5519862.845696434,False,False,False,False,285806.0350803004,False,False,False,False
2023-08-18 00:00:00+00:00,79.875,79.875,79.0,79.5,154732,,,,,79.58333333333334,76.46833937419423,76.47927514607551,76.52316337587506,77.197625757506,77.0227836038423,77.05001704368496,76.85793792518837,76.83016085760471,76.81598326169755,76.75885469438936,74.72851758563156,74.72848426715676,74.72844990781283,73.99273934513998,,,77.06469946511604,76.49652883329435,77.07612073199213,76.85793792518837,76.81634253900872,74.72851758563156,74.29087461573847,73.34534932493074,66.79403847454718,,77.0961886664914,"rgba(38, 166, 154, 0.5)",6.945980489566741,77.39891182967978,0.35647784701374413,52.935319030638034,1.2203189467551994,False,True,False,False,True,10.13521566006942,0.0,0.0,0.0,0.0,1,0.9779818232924201,0.8538367844092569,False,False,False,False,0.09610120110433086,0.0177613198694063,False,False,False,False,5757790,5537487.07934855,False,False,False,False,276096.84729657444,False,False,False,False
2023-08-25 00:00:00+00:00,78.0,79.875,78.0,79.875,400,,,,78.625,79.58086231940112,76.46858912485311,76.47952139405399,76.52338350739073,77.19771191797885,77.02285712067966,77.05008881611315,76.85801589426347,76.83023314452139,76.81605550597433,76.75892488757412,74.72863385459152,74.72860053655582,74.7285661776647,73.99286562532718,,,77.06505348287702,76.49676477771854,77.07620436331436,76.85801589426347,76.81641477707286,74.72863385459152,74.29099760030029,73.34548541989457,66.79425088576026,,77.25359480082673,#000000,6.647934252555956,77.93487623178281,0.00979609089728176,52.888177391511505,1.2203189467551994,False,True,False,False,True,8.20484131781894,0.0,0.0,0.0,0.0,1,0.9389305635699173,0.8547797653394883,False,False,False,False,0.03905209195032877,0.028406705909867536,False,False,False,False,5757390,5553776.18458199,False,False,False,False,255674.8586079393,False,False,False,False
2023-09-01 00:00:00+00:00,79.0,79.375,78.0,78.0,200817,,,,78.7913353493989,79.13561903062893,76.59622901583683,76.6054795945984,76.63669285743602,77.24459552183977,77.06268583666028,77.08904184430466,76.8999216482479,76.86910672480397,76.85488677761066,76.79659938952426,74.78860248141208,74.78856937305204,74.78853523038198,74.05765621375191,,,77.24161770072682,76.61774815175536,77.12147922110643,76.8999216482479,76.85524327398085,74.78860248141208,74.35421307946447,73.41506553906429,66.90142467215514,,77.30534822799879,#000000,6.284605058810432,77.94120027414786,0.1684751413882088,53.49719821619216,1.6971130733904474,False,True,False,False,True,9.019027375981068,0.0,0.0,0.0,0.0,1,0.9232123642766311,0.8620757116306368,False,False,False,False,0.010645557557743995,0.019526131733805765,False,False,False,False,5958207,5583734.022761103,False,False,False,False,251611.31352586974,False,False,False,False
2023-09-08 00:00:00+00:00,79.125,79.125,79.0,79.125,754612,,,,79.02186317671189,79.10009156783524,77.02185223137487,77.02652455992958,77.02337202538591,77.42759882642439,77.22032136590423,77.24366058763735,77.06434120606175,77.02257915471837,77.00815719473597,76.9454890717686,75.01428102963123,75.01424865526347,75.01421526949896,74.30031948633223,,,77.75286873330508,77.02542090860135,77.29848982811426,77.06434120606175,77.00850492868152,75.01428102963123,74.59130257226406,73.67472368325465,67.29706488358423,,77.59184032235869,#000000,6.146977586418255,78.22416892730676,0.14654861841104194,54.013668993215276,2.1826994845515486,False,True,True,False,True,9.12145253050073,0.0,0.0,0.0,0.0,1,0.9307528409090909,1.046164772727273,False,False,False,False,0.2704032109622715,0.14496467134803862,False,False,False,False,6712819,5667369.947001021,False,False,False,False,288870.6236350646,False,False,False,False
2023-09-15 00:00:00+00:00,79.0,79.0,79.0,79.0,81008,,,,79.02015500829286,79.09328691134687,77.05753743407342,77.06187851534025,77.05634842495292,77.44422112951435,77.23510180762018,77.25815786666227,77.0798634379039,77.03718383762813,77.02275610911923,76.95974963347197,75.03663847710115,75.03660618525257,75.03657288458349,74.32455413358295,,,77.78895775582863,77.0598582287465,77.31481226785617,77.0798634379039,77.02310278422745,75.03663847710115,74.61490275586547,73.70078326696259,67.33772536848524,,77.6132157483572,#000000,6.026279336134163,78.23998427738545,0.12611690899514483,54.27599372701158,2.435641390428131,False,True,True,False,True,8.98841284386484,0.0,0.0,0.0,0.0,1,0.9498348219747951,0.8886577756025938,False,False,False,False,0.2586153682717796,0.20179001980990913,False,False,False,False,6631811,5738810.025000946,False,False,False,False,273473.3922546894,False,False,False,False
2023-09-22 00:00:00+00:00,80.0,80.0,79.37,79.37,251286,,,,79.17033575080434,79.21462567733187,77.20234024487758,77.20550118791901,77.19085667157694,77.51870160073797,77.29926899981022,77.321366308667,77.14564223927852,77.09883950545871,77.0842723741638,77.01940393602496,75.11793368149961,75.11790158781517,75.11786849149591,74.41060245268936,,,77.9537842575954,77.19997776450658,77.38633831877488,77.14564223927852,77.08461748112947,75.11793368149961,74.6994329053252,73.79183415361162,67.47049882541648,,77.73417304739347,"rgba(38, 166, 154, 0.5)",5.932502816193572,78.38527148265229,0.2721833545430596,55.16715022751207,3.2996345474405757,False,True,True,False,True,9.82978381343434,0.0,0.0,0.0,0.0,1,0.9495260371783824,0.8663055521359104,False,False,False,False,0.34282823588737416,0.27230912784864164,False,False,False,False,6883097,5823572.023149024,False,False,False,False,271829.881717305,False,False,False,False
2023-09-29 00:00:00+00:00,80.0,80.25,79.0,79.0,5120,,,,79.17263066440981,79.21651874629511,77.20508812123727,77.20822763842945,77.19341977921188,77.52014416045368,77.30052247159978,77.3226010650721,77.14692954698913,77.10004880904083,77.08547925195677,77.02057610325167,75.11954725667988,75.11951516714913,75.11948207511324,74.41231471944663,,,77.95679381533601,77.20264158657349,77.3877291917046,77.14692954698913,77.0858243230544,75.11954725667988,74.70111321923133,73.79364885306262,67.47316599496432,,77.73637161752511,"rgba(38, 166, 154, 0.5)",5.822302640925072,78.38775783681956,0.2769079971638644,55.80369058501242,3.9097471017832106,False,False,True,False,True,9.82978381343434,0.0,0.0,0.0,0.0,0,0.949954385507624,0.8975628828359182,False,False,False,False,0.33175160458806374,0.30203036621835266,False,False,False,False,6883097,5902055.354767615,False,False,False,False,252073.59418268982,False,False,False,False
2023-10-06 00:00:00+00:00,80.52,81.15,80.5,80.625,429212,,,80.72333333333334,79.5590443552952,79.56104643721342,77.49682445457766,77.4979479077553,77.46683633675389,77.68482334547903,77.44124731483245,77.46161785052863,77.28922707358558,77.23349510094243,77.21849923361113,77.14919516770024,75.27854726656494,75.27851541483199,75.27848256801467,74.57753352260627,,,78.29751858622633,77.4861286825853,77.5445366742295,77.28922707358558,77.21884446981714,75.27854726656494,74.86451698318237,73.9661762345005,67.71011586835033,,78.33180401134489,"rgba(38, 166, 154, 0.5)",5.703670787601078,79.53523567801707,0.1726544814128564,56.642967006177415,4.712484673798578,False,False,True,False,True,10.276447746120631,0.0,0.0,0.0,0.0,0,0.9354924696787951,0.8712514994002398,False,True,False,False,0.342828239998701,0.3224293031085268,False,False,False,False,7312309,6006518.587747792,False,False,False,False,265194.95757656463,False,False,False,False
2023-10-13 00:00:00+00:00,80.85,81.0,80.52,80.52,30815,,,80.72779901324634,79.58067929925225,79.5808945317318,77.51631355581196,77.51731369638729,77.48521417298444,77.69624246743972,77.451102873034,77.47135755053164,77.29919870575729,77.24287441230089,77.22785057814268,77.15825220394684,75.28975165660756,75.28971982231954,75.28968699349157,74.58918816306257,,,78.319364281049,77.505118262095,77.5554534903395,77.29919870575729,77.22819580668909,75.28975165660756,74.87603756226224,73.97835174276892,67.72688737603588,,78.34843927703372,"rgba(38, 166, 154, 0.5)",5.654761927202058,79.55218428131985,0.22950846302424133,57.49037164816879,5.515735604494282,False,False,True,False,True,10.562440695534445,0.0,0.0,0.0,0.0,0,0.957117166966385,0.8705215105823767,False,False,False,False,0.33348600679749907,0.32795765495301293,False,False,False,False,7343124,6105526.39606277,False,False,False,False,247833.47923755983,False,False,False,False
2023-10-20 00:00:00+00:00,80.85,80.85,80.85,80.85,2,,,80.72779954452149,79.58068074719723,79.58089586202824,77.51631483628175,77.51731496880758,77.48521538070855,77.69624322017526,77.45110352227198,77.47135819221737,77.29919936219939,77.24287502971501,77.2278511936843,77.1582528000048,75.28975239024939,75.28972055596248,75.28968772713564,74.58918892537542,,,78.31936572061355,77.50511950988256,77.55545420959413,77.29919936219939,77.22819642223104,75.28975239024939,74.87603831610508,73.97835253853971,67.72688846816214,,78.34844039998103,"rgba(38, 166, 154, 0.5)",5.615135667233879,79.55218546859012,0.23112790292548663,58.09566067816263,6.084971393632003,False,False,True,False,True,10.562440695534445,0.0,0.0,0.0,0.0,0,0.9937043926169692,0.8517670625268281,False,False,False,False,0.3428282400685155,0.3353929475107642,False,False,False,False,7343124,6197200.292650713,False,False,False,False,229475.59188662947,False,False,False,False
2023-10-27 00:00:00+00:00,79.75,80.85,79.75,80.85,54136,,,80.6634538782946,79.59673475035336,79.5956779307287,77.54307205038481,77.54390336530452,77.51053532704873,77.71178013827165,77.46481459249527,77.4848878152909,77.31322805708751,77.2561281839929,77.24107857593812,77.17112573836796,75.30693018260341,75.30689838933651,75.3068656028102,74.60734645558695,,,78.3466204753484,77.53122612749925,77.57050051683078,77.31322805708751,77.24142348568868,75.30693018260341,74.89387758189069,73.99753362199485,67.75473547272655,,78.36135045600648,#000000,5.470246421578597,79.55062175868127,0.036447762304132145,57.25948833104877,6.084971393632003,False,False,True,False,True,9.27005291754076,0.0,0.0,0.0,0.0,0,0.9459839639893093,0.851455900970601,False,False,False,False,0.26577083310476457,0.3005818903077644,False,False,False,False,7288988,6278073.456158068,False,False,False,False,216487.47396910135,False,False,False,False
2023-11-03 00:00:00+00:00,79.75,79.75,79.75,79.75,79340,,,80.54134297661072,79.60317973659792,79.60167549767816,77.57585911205985,77.57648669314561,77.54167658530896,77.73077621915581,77.48191270532394,77.50174022070088,77.33088118293018,77.27287062200108,77.25780266847943,77.18746732441015,75.32998319669126,75.32995147189943,75.32991875598599,74.63198625983324,,,78.37713147632526,77.56326337870735,77.58910527214836,77.33088118293018,77.25814686399364,75.32998319669126,74.91798374182783,74.02375767298933,67.79411791183773,,78.3700496947738,#000000,5.312520145013274,79.53083242180301,0.041254917104213654,56.662222368824594,6.084971393632003,False,False,True,False,False,9.27005291754076,0.0,0.0,0.0,0.0,0,1.0270810893983688,0.8652100323126636,False,False,False,False,0.19168412223580975,0.24613300627178708,False,False,False,False,7288988,6352956.014961175,False,False,False,False,206328.40182324202,False,False,False,False
2023-11-10 00:00:00+00:00,79.75,80.0,79.6,79.75,61894,,,80.46975872204058,79.60890188911046,79.60702097122686,77.60114987648572,77.60162430918926,77.56573303678556,77.7455917915312,77.4952679399901,77.51490620608273,77.34466330609241,77.28594997137908,77.27086774562738,77.20023644791162,75.34793604902187,75.34790437728626,75.34787171608545,74.65116883499144,,,78.40058355125447,77.5879920398968,77.60362046581733,77.34466330609241,77.27121139227371,75.34793604902187,74.93675227113022,74.04416803836709,67.824746641956,,78.37919766533382,#000000,5.211563029465423,79.52156628340809,0.04383209323198764,56.23560382437876,6.084971393632003,False,False,True,False,False,9.27005291754076,0.0,0.0,0.0,0.0,0,1.0256997007569086,0.8982573490582644,False,False,False,False,0.19832256603133264,0.22222778615155986,False,False,False,False,7288988,6422291.717556643,False,False,False,False,195629.5572437426,False,False,False,False
2023-11-17 00:00:00+00:00,79.9,79.9,78.75,79.75,358210,,,80.13293544486419,79.59457952294584,79.59387260195061,77.72026294606387,77.72006294197334,77.6798171539315,77.8166109456019,77.56095056316524,77.57959802137617,77.4130804675641,77.35124264771554,77.33615186156216,77.26435683040295,75.44297976724123,75.44294843043909,75.44291611462926,74.75381490280806,,,78.49882669744915,77.70479416234987,77.67416104899489,77.4130804675641,77.33649149429432,75.44297976724123,75.03676917881012,74.15414916626554,67.99509544695557,,78.41359234661249,#000000,5.145561363994348,79.45505356680243,0.086471893292547,56.0889142015237,6.084971393632003,False,False,True,False,False,9.413583328524357,0.0,0.0,0.0,0.0,0,0.9992682034394434,0.8205268935236005,False,False,False,False,0.13586619632635957,0.17904699123895973,False,False,False,False,7647198,6513025.516256151,False,False,False,False,207672.55300346538,False,False,False,False
2023-11-24 00:00:00+00:00,79.9,80.0,76.5,76.5,119206,,,79.99267079208286,79.55553732089945,79.55720383874704,77.7421534884077,77.74184135329165,77.70119981848643,77.82956087145105,77.57420546728953,77.59258340491192,77.42746803710011,77.36521811530234,77.3501771566139,77.27837351659934,75.46825826866319,75.4682270656327,75.46819488777177,74.78202358683663,,78.80000000000001,78.5073979347857,77.72643043122025,77.68780856285154,77.42746803710011,77.35051480667276,75.46825826866319,75.06392060015536,74.18501395506757,68.04723099953698,,78.51539958493721,"rgba(38, 166, 154, 0.5)",5.073462032367508,79.47635298793234,0.08350254902173151,55.98413589948437,8.03580993498084,False,False,True,False,False,9.413583328524357,0.0,0.0,0.0,0.0,0,0.9420497227687353,0.8209622607762478,False,False,False,False,-0.002397105368147726,0.088324942935406,False,False,False,False,7647198,6597038.292829769,False,False,False,False,201119.47500320867,False,False,False,False
2023-12-01 00:00:00+00:00,80.625,80.625,79.5,79.9,883266,,,80.10540938748659,79.74089096796405,79.73385320416298,78.06968373254813,78.0679000503945,78.01702717217519,78.04473772724343,77.77072513937034,77.78678284641424,77.62893651665911,77.55765768172697,77.5423954077169,77.4666175909948,75.72095377373208,75.72092325204822,75.72089177680657,75.05060931378067,,80.07757752834992,78.8108710121105,78.04866113434737,77.89897635037266,77.62893651665911,77.54272694750874,75.72095377373208,75.32709668202779,74.46955986889664,68.4684508629433,,78.87166119167827,"rgba(38, 166, 154, 0.5)",5.002734694775159,79.91443277199089,0.14203576071128168,56.719854402396706,8.03580993498084,False,False,True,False,False,10.126506170747088,0.0,0.0,0.0,0.0,0,0.9609824072461243,0.8038669221390005,False,False,False,False,0.23347373933348856,0.1608993411344473,False,False,False,False,8530464,6740255.011879415,False,False,False,False,251648.84722519323,False,False,False,False
2023-12-08 00:00:00+00:00,80.84,81.0,79.5,80.625,561813,,80.44666666666669,80.1797812490868,79.84331926296244,79.83332685067498,78.25199762547683,78.24957275332248,78.19453139726288,78.17328812354872,77.89015195066949,77.9049289330934,77.75130930752812,77.67525117681683,77.65989200225039,77.58204134412443,75.87463502902305,75.87460493058157,75.87457389179735,75.21409208672041,,80.21013590234516,78.97399848855991,78.22879229633256,78.0258796589823,77.75130930752812,77.66021967280057,75.87463502902305,75.48717934876933,74.64275807225386,68.72579288731092,,79.24121224926907,"rgba(38, 166, 154, 0.5)",4.650289508104849,80.16997577026527,0.14408226166714372,57.48159974123635,8.03580993498084,True,False,True,False,True,10.339194721829141,0.0,0.0,0.0,0.0,0,0.9626105825404773,0.7953597062260059,False,False,False,False,0.2589284115249162,0.20991387632968173,False,False,False,False,9092277,6914478.8628513105,False,False,False,False,274623.9696529567,False,False,False,False
2023-12-15 00:00:00+00:00,79.0,80.5,79.0,80.5,107743,,80.2943318258667,80.1525096293108,79.83402261482293,79.82463865379721,78.27008871681471,78.26762281834688,78.21256938012718,78.18676695820974,77.90381369262367,77.91840149533871,77.7657535100679,77.68938494012072,77.67405881541424,77.5961828057726,75.89710499691901,75.89707500230054,75.89704407058154,75.23885031190528,,80.16437579992679,78.98386934869858,78.24684493801692,78.03982816059097,77.7657535100679,77.67438510503085,75.89710499691901,75.51109935699648,74.66960117025197,68.77000237530382,,79.22508737257287,#000000,4.258979436734042,80.1113099674818,-0.2609333958968347,55.40165370422251,7.506152086213007,False,False,True,False,False,7.96389060048001,0.0,0.0,0.0,0.0,1,0.9348354676608849,0.8307667369103584,False,False,False,False,0.19168412223580975,0.20079899928274575,False,False,False,False,8984534,7067816.28041788,False,False,False,False,262262.4163453303,False,False,False,False
2023-12-22 00:00:00+00:00,79.0,79.0,79.0,79.0,233839,,79.95930090381286,80.06019796132367,79.78772780754345,79.78048642904065,78.29235226385299,78.28987055049186,78.23549544399256,78.20431168425024,77.9236384216739,77.93787189840141,77.78749021472231,77.71105288400017,77.69585016981262,77.61829331770605,75.93829033207578,75.93826058596379,75.93822991051215,75.28542115871902,,80.02151353688373,78.98450061185397,78.2693641457779,78.05914975674922,77.78749021472231,77.69617282426425,75.93829033207578,75.55565939450081,74.72092518985258,68.86030140679803,,79.16808096545736,#000000,3.811730032744117,79.95718505239093,-0.25111564674527476,53.91597796349834,6.128573317899047,False,True,False,False,False,7.96389060048001,0.0,0.0,0.0,0.0,1,0.9189322787938703,0.8774097874443896,False,False,False,False,0.09376046206210936,0.14727973067242756,False,False,False,False,8984534,7209795.370757297,False,False,False,False,260156.97809752807,False,False,False,False
2023-12-29 00:00:00+00:00,80.5,80.5,79.0,79.0,5002,,79.95952500943972,80.06009499928992,79.78797955143705,79.78073754823666,78.29346570186523,78.29098106582408,78.23659368165735,78.20513998661245,77.92444136452666,77.93866564896521,77.78832339727984,77.71186207583087,77.69665990828261,77.61909547024825,75.9394432220283,75.93941348017253,75.93938280911004,75.28666954258983,,80.02145722181898,78.98534999090344,78.27047031983776,78.05998483255976,77.78832339727984,77.69698251351295,75.9394432220283,75.55687326509083,74.72226322411377,68.862404341312,,79.16866550903102,"rgba(38, 166, 154, 0.5)",3.300554592382664,79.9572641954964,0.164437760174054,54.65364835066532,6.128573317899047,False,False,True,False,False,9.5111367777149,0.0,0.0,0.0,0.0,1,0.9522797842784766,0.821212616440595,False,False,False,False,0.19168412223580975,0.16948192645411864,False,False,False,False,8989536,7341628.00996046,False,False,False,False,241256.60934956302,False,False,False,False
2024-01-05 00:00:00+00:00,81.0,82.95,75.05,80.5,130523,79.66666666666667,79.92273223475662,80.04328602074654,79.78433805347629,79.77743109630904,78.31643872802164,78.31390349835759,78.25944852947478,78.22252247155639,77.94184615981418,77.95584929889239,77.80660130726021,77.72973001673603,77.71456104986406,77.63693366747692,75.96684652734939,75.96681690537127,75.96678635793003,75.31672559776867,79.66666666666667,79.99877254017521,78.99990248723832,78.29337498370259,78.0778233317801,77.80660130726021,77.7148821292865,75.96684652734939,75.58595659661623,74.7547497885896,68.91536540508943,79.66666666666667,79.44901379924147,"rgba(38, 166, 154, 1.0)",3.1784517854504983,79.8137095270663,0.3732290287881674,55.717535743066556,6.128573317899047,False,False,True,False,True,10.021259391973896,1.0,82.95,75.05,0.0,1,0.8681702241911664,0.7739293864948316,False,False,False,False,0.09376046206210936,0.131621194258114,False,False,False,False,9120059,7473363.638852278,False,False,False,False,233054.11976811392,False,False,False,False
2024-01-12 00:00:00+00:00,79.5,81.0,79.5,81.0,2334,79.67252258694185,79.92290543261619,80.04325297576703,79.78445375189227,79.77754639932287,78.31694222507822,78.31440573496073,78.25994580457159,78.2229004183656,77.94221376249142,77.95621272901195,77.80698290640468,77.73010103175373,77.71493235065786,77.63730174052326,75.96737670202542,75.96734708203017,75.96731653663372,75.31730020127942,79.67252258694185,79.99877394197331,79.00028432492124,78.29387548125054,78.0782048799028,77.80698290640468,77.71525340706823,75.96737670202542,75.58651509203325,74.755365984594,68.91633694064419,79.67252258694185,79.45036099604155,"rgba(38, 166, 154, 0.5)",3.1608105757062597,79.8166811371183,-0.10018984989239174,54.4436837332283,6.128573317899047,False,True,True,False,True,8.041121165278483,0.0,0.0,0.0,0.0,1,1.0076577766041719,0.7994454713493532,False,False,False,False,0.25365412076537575,0.1926376575117449,False,False,False,False,9117725,7595168.1841224795,False,False,False,False,215963.74052603138,False,False,False,False
2024-01-19 00:00:00+00:00,79.5,79.5,79.5,79.5,6,79.67251479594269,79.92290299572954,80.0432519096387,79.78445335959493,79.77754602969766,78.31694313462287,78.31440664280653,78.25994671532453,78.22290111643964,77.94221447774311,77.95621343459098,77.80698366358855,77.73010177530801,77.71493309618103,77.63730248637212,75.96737789579858,75.96734827580904,75.96731773041847,75.31730152052494,79.67251479594269,79.99877247766995,79.00028481538777,78.29387639054818,78.07820560541249,77.80698366358855,77.71525415251584,75.96737789579858,75.58651636494102,74.75536741746023,68.91633932528858,79.67251479594269,79.45035909570333,"rgba(38, 166, 154, 0.5)",3.16819485364011,79.81667626632122,-0.09995479474924893,53.533789440486686,6.114448156121796,False,True,False,False,False,8.041121165278483,0.0,0.0,0.0,0.0,1,1.0150543629774182,0.8544744912182883,False,False,False,False,0.08694193961774005,0.13978979856474247,False,False,False,False,9117725,7707950.170483777,False,False,False,False,199966.87085743647,False,False,False,False
2024-01-26 00:00:00+00:00,79.0,79.5,79.0,79.5,35827,79.56508091765961,79.8977484084387,80.03309875290749,79.77940744760731,79.7727265437358,78.32082612010822,78.31828569934936,78.26390577320281,78.22597144503138,77.94556230473977,77.95950787610235,77.81060508131633,77.73369645793807,77.71854445696731,77.64095037277208,75.9738205032493,75.9737909197312,75.97376041195108,75.32453754590401,79.56508091765961,79.98443681569024,79.00125423932514,78.29778779161364,78.08151201784571,77.81060508131633,77.71886499744394,75.9738205032493,75.59345623052629,74.76330788731596,68.93011144045218,79.56508091765961,79.42379458624816,#000000,3.1571173817524145,79.75308676486205,-0.23853619419244806,52.23099115020289,4.910185722494617,False,True,False,False,False,7.375248319347801,0.0,0.0,0.0,0.0,1,0.9488430443267353,0.8684137161973795,False,False,False,False,0.019414193201716112,0.07960199588322929,False,False,False,False,9081898,7809724.083781276,False,False,False,False,187808.3619050338,False,False,False,False
2024-02-02 00:00:00+00:00,79.5,80.3,79.0,79.0,126797,79.58006511284762,79.86638857232094,80.01604402635847,79.7743670581251,79.76803470802966,78.34118475481714,78.33860476405049,78.28423844295466,78.24161167773386,77.96141809399033,77.97515891653188,77.82731487507593,77.75007921425642,77.73496432402624,77.65734960726711,75.99948139958725,75.99945193376149,75.99942154734914,75.35279368788049,79.58006511284762,79.96234362904264,79.01335142486876,78.31811925364563,78.09766340800253,77.82731487507593,77.73528334176892,75.99948139958725,75.62075537096321,74.79392531714069,68.98060791997052,79.58006511284762,79.42404491633086,"rgba(38, 166, 154, 0.5)",2.7934874519398223,79.74721560676471,-0.08849712447895311,51.96500582622009,4.692325570977793,False,True,False,False,False,7.924079361497114,0.0,0.0,0.0,0.0,1,0.9457205359584355,0.8593109105824448,False,False,False,False,0.07465449798439178,0.07712824693381054,False,False,False,False,9208695,7913351.5590567365,False,False,False,False,183289.00176392018,False,False,False,False
2024-02-09 00:00:00+00:00,80.0,80.0,79.5,79.5,13591,79.59120200510336,79.8660195678214,80.01527607274056,79.77454409506583,79.76822427712928,78.34372592251206,78.34114035917631,78.28676116814091,78.24355134598957,77.96333906211396,77.97705716949208,77.82932076808285,77.75203752197436,77.73692539767896,77.6593002903289,76.00238723491846,76.00235778105468,76.00232740697787,75.35596540893376,79.59120200510336,79.96155379985798,79.01512336518924,78.32065074872932,78.09963998285984,77.82932076808285,77.73724426937781,76.00238723491846,75.62382971455102,74.7973423382958,68.98611044739786,79.59120200510336,79.42680114696994,"rgba(38, 166, 154, 0.5)",2.799551296093816,79.75249434447153,0.08840904464719505,52.42296524798056,4.692325570977793,False,True,False,False,False,8.475003458967489,0.0,0.0,0.0,0.0,1,0.9758461093433611,0.8960080995082442,False,False,False,False,0.05081290314988707,0.0639705750418488,False,False,False,False,9222286,8010309.6657932745,False,False,False,False,170718.7794110372,False,False,False,False
2024-02-16 00:00:00+00:00,80.0,80.0,80.0,80.0,3975,79.59639273009151,79.86645558421003,80.01525731696984,79.77474189509341,79.76842090658582,78.34455048375541,78.34196297586799,78.28757678979574,78.24417713330308,77.96395015623332,77.97766140633112,77.82995540775694,77.75265538766493,77.73754380972449,77.65991383846172,76.003273218849,76.00324376835151,76.00321339774611,75.35692670224554,79.59639273009151,79.96162251793604,79.01574543335806,78.32147094478198,78.10027271968082,77.82995540775694,77.73786264223928,76.003273218849,75.62476359588608,74.7983738947421,68.98774344460587,79.59639273009151,79.42815425739596,"rgba(38, 166, 154, 0.5)",2.808720345990874,79.75521589058226,0.08715147087076061,52.7500791206666,4.692325570977793,False,True,False,False,False,8.475003458967489,0.0,0.0,0.0,0.0,1,0.9892610995351817,0.9929475877544479,False,False,False,False,0.11473153166264094,0.08935105335224487,False,False,False,False,9222286,8100085.690549329,False,False,False,False,158367.38834355294,False,False,False,False
2024-02-23 00:00:00+00:00,83.54,85.625,83.375,83.5,115225,80.8295780622244,80.23829477871087,80.15838806542041,79.8839963019794,79.87430565643717,78.42756461853759,78.42469352656256,78.36778559528081,78.30485350177038,78.01754863443969,78.03090220650523,77.88331994863026,77.80345959988158,77.78817446703012,77.709081376181,76.05546871389329,76.05543926632764,76.05540889874428,75.4095516712253,80.8295780622244,80.1694173018341,79.10859796914399,78.40325514664944,78.1583905499286,77.88331994863026,77.78849468925134,76.05546871389329,75.67736057827433,74.85198644909018,69.05275851674342,80.8295780622244,79.79444143430749,"rgba(0, 255, 255, 0.75)",2.8812553570333823,80.51671705124843,1.049293649509922,56.62615942091696,3.7284753969696993,True,False,True,False,True,12.273051004910219,0.0,0.0,0.0,0.0,1,1.0190299041350692,0.9293174989268852,False,False,False,False,0.34282824256487215,0.2160896479585585,False,False,False,False,9337511,8191746.824582712,False,False,False,False,155171.65587366014,False,False,False,False
2024-03-01 00:00:00+00:00,84.0,84.55,83.54,83.54,103265,81.45133692539144,80.51021613632051,80.27407081342002,79.97414439058345,79.96181343099246,78.49809221668522,78.49498846152386,78.43602808008121,78.35682571430809,78.0636541442269,78.0767009155772,77.92926771480647,77.84725774419762,77.8318292726537,77.75151269959842,76.10083024269842,76.10080080272147,76.10077044296264,75.45538622058774,81.45133692539144,80.33264245480832,79.18664190070365,78.47278075461927,78.20826568763628,77.92926771480647,77.83215059044798,76.10083024269842,75.72312971017607,74.89875188159837,69.10998111431788,81.45133692539144,80.01352836558203,"rgba(0, 255, 0, 1.0)",2.959682841542937,80.93638311047793,1.0351166167267256,59.74912576742122,6.602392340349326,True,False,True,False,True,12.744335232335196,0.0,0.0,0.0,0.0,1,1.0240023134759977,0.9451995373048006,False,False,False,False,0.2898013774134797,0.2529455126860191,False,False,False,False,9440776,8284267.504243252,False,False,False,False,151326.7184015372,False,False,False,False
