date,Close,High,Low,Open,Volume,aVWAP_peak_83,aVWAP_peak_74,aVWAP_peak_63,aVWAP_peak_56,aVWAP_peak_45,aVWAP_peak_33,aVWAP_peak_32,aVWAP_peak_22,aVWAP_peak_18,aVWAP_peak_13,aVWAP_peak_5,aVWAP_valley_91,aVWAP_valley_81,aVWAP_valley_72,aVWAP_valley_60,aVWAP_valley_52,aVWAP_valley_42,aVWAP_valley_30,aVWAP_valley_19,aVWAP_valley_11,aVWAP_valley_4,aVWAP_OB_bear_74,aVWAP_OB_bear_22,Peaks_Valleys_avg,color,StDev,StDev_Mean,StdDev_ZScore,QQEMOD,QQE1_Value,QQE1_Above_Upper,QQE1_Below_Lower,QQE2_Above_Threshold,QQE2_Below_Threshold,QQE2_Above_TL,banker_RSI,OB,OB_High,OB_Low,OB_Mitigated_Index,TTM_squeeze_Active,VI_plus,VI_minus,VI_Regular_Bullish,VI_Regular_Bearish,VI_Hidden_Bullish,VI_Hidden_Bearish,Fisher,Fisher_Signal,Fisher_Regular_Bullish,Fisher_Regular_Bearish,Fisher_Hidden_Bullish,Fisher_Hidden_Bearish,OBV,OBV_Smoothed,OBV_Regular_Bullish,OBV_Regular_Bearish,OBV_Hidden_Bullish,OBV_Hidden_Bearish,Volume_MA,Vol_Regular_Bullish,Vol_Regular_Bearish,Vol_Hidden_Bullish,Vol_Hidden_Bearish
2021-12-31 00:00:00+00:00,2.65,5.7,2.57,3.3,68147256,,,,,,,,,,,,,,,,,,,,,,,,,#000000,,,,,,False,False,False,False,False,,0.0,0.0,0.0,0.0,0,,,False,False,False,False,,,False,False,False,False,0,0.0,False,False,False,False,68147256.0,False,False,False,False
2022-01-07 00:00:00+00:00,2.76,3.0678,2.57,2.66,1967001,,,,,,,,,,,,,,,,,,,,,,,,,#000000,,,,100.0,,False,False,True,False,False,,0.0,0.0,0.0,0.0,0,,,False,False,False,False,,,False,False,False,False,1967001,145703.77777777778,False,False,False,False,63245014.88888889,False,False,False,False
2022-01-14 00:00:00+00:00,2.86,2.92,2.56,2.69,1183436,,,,,,,,,,,,,,,,,,,,,,,,,#000000,,,,100.0,50.0,False,False,True,False,True,,0.0,0.0,0.0,0.0,0,,,False,False,False,False,,,False,False,False,False,3150437,368276.6090534979,False,False,False,False,58647860.89711934,False,False,False,False
2022-01-21 00:00:00+00:00,2.41,2.8599,2.3218,2.79,658511,,,,,,,,,,,,,,,,,,,,,,,,,#000000,,,,79.88417256896501,30.984256881599734,False,False,True,False,False,,0.0,0.0,0.0,0.0,0,,,False,False,False,False,,,False,False,False,False,2491926,525583.9713458314,False,False,False,False,54352353.49733272,False,False,False,False
2022-01-28 00:00:00+00:00,2.22,2.64,1.72,2.3,2440797,,,,,,,,,,,,,,,,,,,,,2.1933333333333334,,,2.1933333333333334,#000000,,2.1933333333333334,,63.473166332344256,16.295790783020223,False,False,True,False,False,,0.0,0.0,0.0,0.0,0,,,False,False,False,False,,,False,False,False,False,51129,490439.1586535476,False,False,False,False,50507053.01604882,False,False,False,False
2022-02-04 00:00:00+00:00,2.61,3.09,2.21,2.21,1525394,,,,,,,,,,,2.6366666666666667,,,,,,,,,,2.3638389914488065,,,2.500252829057737,#000000,,2.500252829057737,,59.4386823875021,13.756658965057639,False,False,True,False,False,,0.0,0.0,0.0,0.0,0,,,False,False,False,False,,,False,False,False,False,1576523,570889.8135680996,False,False,False,False,46878781.97782298,False,False,False,False
2022-02-11 00:00:00+00:00,2.42,2.81,2.4,2.67,889121,,,,,,,,,,,2.6022976001391585,,,,,,,,,,2.396708596687504,,,2.4995030984133315,#000000,,2.4995030984133315,,54.39486580160697,10.066086686821514,False,False,True,False,False,,0.0,0.0,0.0,0.0,0,,,False,False,False,False,,,False,False,False,False,687402,579520.3458963885,False,False,False,False,43472140.42391017,False,False,False,False
2022-02-18 00:00:00+00:00,2.17,2.4726,2.15,2.45,454826,,,,,,,,,,,2.548704953227936,,,,,,,,,,2.3853589189584152,,,2.467031936093176,#000000,,2.467031936093176,,48.67017379547415,5.601928621494025,False,False,False,False,False,,0.0,0.0,0.0,0.0,0,,,False,False,False,False,,,False,False,False,False,232576,553820.7647188782,False,False,False,False,40285672.688805714,False,False,False,False
2022-02-25 00:00:00+00:00,1.96,2.15,1.73,2.11,697415,,,,,,,,,,,2.430987191872204,,,,,,,,,,2.334431268859939,,,2.3827092303660713,#000000,,2.3827092303660713,,43.227335542494764,1.3135332147469825,False,False,False,True,False,,0.0,0.0,0.0,0.0,0,,,False,False,False,False,,,False,False,False,False,-464839,478364.4858508131,False,False,False,False,37353209.15630159,False,False,False,False
2022-03-04 00:00:00+00:00,1.83,2.09,1.79,1.94,285755,,,,,,,,,,,2.3918491522022913,,,,,,,,,,2.3148567635971418,,,2.3533529578997165,#000000,,2.3533529578997165,,38.630380101527535,-2.27450276002466,False,False,False,True,False,,0.0,0.0,0.0,0.0,0,,,False,False,False,False,,,False,False,False,False,-750594,387330.5239359381,False,False,False,False,34607471.81139036,False,False,False,False
2022-03-11 00:00:00+00:00,1.7,1.89,1.62,1.8,594500,,,,,,,,,,,2.304260885015426,,,,,,,,,,2.264952060587829,,,2.2846064728016273,#000000,,2.2846064728016273,,34.708007419110544,-5.352027925354221,False,False,False,True,False,,0.0,0.0,0.0,0.0,0,,,False,False,False,False,,,False,False,False,False,-1345094,259002.78142216487,False,False,False,False,32087992.41795404,False,False,False,False
2022-03-18 00:00:00+00:00,1.93,1.95,1.58,1.67,352941,,,,,,,,,,,2.268653128725732,,,,,,,,,1.82,2.2432634445046133,,,2.1106388577434485,#000000,,2.1106388577434485,,34.80472304795359,-5.352027925354221,False,False,False,True,False,,0.0,0.0,0.0,0.0,0,,,False,False,False,False,,,False,False,False,False,-992153,166324.57539089338,False,False,False,False,29737247.86847596,False,False,False,False
2022-03-25 00:00:00+00:00,2.2,2.24,1.8594,1.99,457140,,,,,,,,,,,2.2539701976935795,,,,,,,,,1.977895040125617,2.2347438517927882,,,2.155536363203995,#000000,,2.155536363203995,,37.56896219151398,-5.352027925354221,False,False,False,True,False,,0.0,0.0,0.0,0.0,0,,,False,False,False,False,,,False,False,False,False,-535013,114373.64388045686,False,False,False,False,27568350.98932959,False,False,False,False
2022-04-01 00:00:00+00:00,2.35,2.62,2.08,2.26,446793,,,,,,,,,,2.35,2.261492341541482,,,,,,,,,2.110170742652008,2.2410664608554804,,,2.2406823862622427,#000000,,2.2406823862622427,,40.805587286905684,-5.352027925354221,False,False,False,True,True,,0.0,0.0,0.0,0.0,0,,,False,False,False,False,,,False,False,False,False,-88220,99366.70729671931,False,False,False,False,25559346.693823695,False,False,False,False
2022-04-08 00:00:00+00:00,2.21,2.43,2.09,2.42,450016,,,,,,,,,,2.2964749944897225,2.260164428687863,,,,,,,,,2.1452786268203186,2.24118515366877,,,2.2357758009166684,#000000,,2.2357758009166684,,42.08779144789956,-5.352027925354221,False,False,False,True,True,,0.0,0.0,0.0,0.0,0,,,False,False,False,False,,,False,False,False,False,-538236,52136.877126591964,False,False,False,False,23699396.27205898,False,False,False,False
2022-04-15 00:00:00+00:00,1.94,2.33,1.93,2.33,445735,,,,,,,,,,2.220176850814573,2.2470957192992667,,,,,,,,,2.1290007790488352,2.232580588179055,,,2.2072134843354325,#000000,,2.2072134843354325,,41.293302920134884,-5.352027925354221,False,False,False,True,True,,0.0,0.0,0.0,0.0,0,,,False,False,False,False,,,False,False,False,False,-983971,-24611.854512414837,False,False,False,False,21976902.844499055,False,False,False,False
2022-04-22 00:00:00+00:00,1.9,2.1,1.82,1.92,447816,,,,,,,,,,2.1500972709399226,2.2275819465720854,,,,,,,,,2.0964533869447526,2.2187716895428586,,,2.173226073499905,#000000,,2.173226073499905,,40.495049141693855,-5.352027925354221,False,False,False,True,True,,0.0,0.0,0.0,0.0,0,,,False,False,False,False,,,False,False,False,False,-1431787,-128847.05047445817,False,False,False,False,20382155.67083246,False,False,False,False
2022-04-29 00:00:00+00:00,2.28,2.45,1.82,1.87,588148,,,,,,,,,,2.158315752283925,2.224173604938272,,,,,,,,,2.112478740701085,2.2167031924076306,,,2.177917822582728,#000000,,2.177917822582728,,42.96421981793438,-5.352027925354221,False,False,False,True,True,,0.0,0.0,0.0,0.0,0,,,False,False,False,False,,,False,False,False,False,-843639,-181794.60229116498,False,False,False,False,18915932.880400427,False,False,False,False
2022-05-06 00:00:00+00:00,2.18,2.56,2.1134,2.38,372038,,,,,,,,,2.2844666666666673,2.1753788858890806,2.2269748442174833,,,,,,,,,2.1304491835473547,2.219116050164451,,,2.207277126097007,#000000,,2.2043173950801465,,44.07506647408728,-5.352027925354221,False,False,False,True,True,,0.0,0.0,0.0,0.0,0,,,False,False,False,False,,,False,False,False,False,-1215677,-258378.48360293053,False,False,False,False,17542311.0374078,False,False,False,False
2022-05-13 00:00:00+00:00,1.85,2.085,1.67,2.08,383626,,,,,,,,,2.0732093272495007,2.137796182340982,2.2105787198368843,,,,,,,,1.8683333333333332,2.1049552674232612,2.206692803053208,,,2.1002609388728612,#000000,,2.046073527586769,,42.97836317549164,-5.352027925354221,False,False,False,True,True,,0.0,0.0,0.0,0.0,1,,,False,False,False,False,,,False,False,False,False,-1599303,-357706.22555826895,False,False,False,False,16271297.330933148,False,False,False,False
2022-05-20 00:00:00+00:00,2.06,2.24,1.69,1.9,443763,,,,,,,,,2.044890137596258,2.1202922150346497,2.199834411477558,,,,,,,,1.937163816938989,2.0940039686272796,2.1984271695738897,,,2.0991019532081037,#000000,,2.049087534549294,,43.69453268504733,-5.352027925354221,False,False,False,True,True,,0.0,0.0,0.0,0.0,1,,,False,False,False,False,,,False,False,False,False,-1155540,-416805.02366506384,False,False,False,False,15098887.380493656,False,False,False,False
2022-05-27 00:00:00+00:00,2.44,2.46,1.97,2.19,384213,,,,,,,,,2.1043571853872516,2.136748929217182,2.2035920738513513,,,,,,,,2.0490522492809795,2.1097836437438353,2.2014446104187604,,,2.1341631153165603,#000000,,2.0999855019073124,,46.472191185367905,-13.258936338819844,False,False,False,False,True,,0.0,0.0,0.0,0.0,1,,,False,False,False,False,,,False,False,False,False,-771327,-443065.910800985,False,False,False,False,14008911.50045709,False,False,False,False
2022-06-03 00:00:00+00:00,2.97,3.08,2.28,2.49,587272,,,,,,,,2.776666666666667,2.28622938181434,2.219354133728402,2.2379111734733,,,,,,,,2.286593941543432,2.182857933055086,2.229027143644371,,2.776666666666667,2.316948624846514,#000000,,2.3922110309382103,,50.83315623540683,-8.782128819265111,False,False,False,False,True,,-1.0,3.08,2.28,0.0,1,,,False,False,False,False,,,False,False,False,False,-184055,-423879.9174083195,False,False,False,False,13014715.981904712,False,False,False,False
2022-06-10 00:00:00+00:00,2.2,2.98,2.19,2.95,373603,,,,,,,,2.652245737825766,2.3112541432846734,2.2373635304432526,2.245939344915717,,,,,,,,2.315841514854549,2.200700931246552,2.235765706493054,,2.652245737825766,2.3141587012947946,#000000,,2.37917623160206,,50.11134207580014,-8.782128819265111,False,False,False,False,True,,0.0,0.0,0.0,0.0,1,,,False,False,False,False,,,False,False,False,False,-557658,-433789.40500770323,False,False,False,False,12078337.242504364,False,False,False,False
2022-06-17 00:00:00+00:00,1.83,2.11,1.77,2.11,317663,,,,,,,,2.46617245635249,2.265980457213586,2.2171163653765937,2.235572079246992,,,,,,,,2.263218535236305,2.18508924379339,2.227603952593955,,2.46617245635249,2.26582186997333,#000000,,2.3031219535447436,,48.20576115283156,-8.782128819265111,False,False,False,False,True,,0.0,0.0,0.0,0.0,1,,,False,False,False,False,,,False,False,False,False,-875321,-466495.4490812067,False,False,False,False,11207176.187504042,False,False,False,False
2022-06-24 00:00:00+00:00,2.04,2.12,1.94,2.01,219741,,,,,,,,2.4026912878042075,2.2493927040479216,2.2097204845701626,2.231425583750617,,,,,,,,2.244577419943286,2.17977117458426,2.224359675731555,,2.4026912878042075,2.2488483329188584,#000000,,2.276595474091394,,47.77717267824178,-8.782128819265111,False,False,False,False,True,,0.0,0.0,0.0,0.0,1,,,False,False,False,False,-0.2594056136369615,-0.2594056136369615,False,False,False,False,-655580,-480501.7121122284,False,False,False,False,10393292.099540781,False,False,False,False
2022-07-01 00:00:00+00:00,1.99,2.13,1.8265,2.13,176656,,,,,,,,2.3583384039778656,2.2349056712622337,2.202589358905424,2.2273836913396377,,,,,,,,2.228517887697264,2.1743566974667723,2.221151206436729,,2.3583384039778656,2.235320416726561,#000000,,2.2560878304606966,,47.277436317311796,-8.782128819265111,False,False,False,False,True,,0.0,0.0,0.0,0.0,1,0.9325983041483511,1.2606150865140562,False,False,False,False,-0.19389884723591896,-0.22665223043644023,False,False,False,False,-832236,-506556.1038076189,False,False,False,False,9636504.240315538,False,False,False,False
2022-07-08 00:00:00+00:00,1.8257,1.99,1.794,1.99,225484,,,,,,,,2.30038537094539,2.2112829545462156,2.189793577227632,2.2201346513593623,,,,,,,,2.202533938427793,2.1640684110216313,2.2153105822695047,,2.30038537094539,2.2147870693996468,#000000,,2.2259989602867574,,46.28139772037633,-8.782128819265111,False,False,False,False,True,,0.0,0.0,0.0,0.0,1,0.9282625641025641,1.0625805128205128,False,False,False,False,-0.24286820729293387,-0.23476021886468706,False,False,False,False,-1057720,-547383.0590811286,False,False,False,False,8939391.629921794,False,False,False,False
2022-07-15 00:00:00+00:00,1.48,1.83,1.4509,1.83,355396,,,,,,,,2.1879886744849792,2.1534936299032026,2.155338198077623,2.2005246913994454,,,,,,,,2.1394408215298784,2.1348853763768885,2.1992633496437493,,2.1879886744849792,2.167276391630824,#000000,,2.1590653309989207,,44.33456478237347,-8.782128819265111,False,False,False,True,False,,0.0,0.0,0.0,0.0,1,0.9010862975767207,1.063482050693887,False,False,False,False,-0.34282825441539394,-0.2887942366400405,False,False,False,False,-1413116,-611511.425075119,False,False,False,False,8303540.101779439,False,False,False,False
2022-07-22 00:00:00+00:00,1.35,1.5595,1.35,1.54,412925,,,,,,,,2.0691346294131314,2.0822519539567645,2.1095361356276867,2.1734076387942554,,,,,,,,2.0628640862669663,2.0952046755335223,2.176801827667032,,2.0691346294131314,2.1098858496084794,#000000,,2.080946701316137,,42.51253429700498,-8.782128819265111,False,False,False,True,False,,0.0,0.0,0.0,0.0,1,0.9099167361233889,1.082960792732722,False,False,False,False,-0.34282825441539394,-0.3158112455277172,False,False,False,False,-1826041,-701476.5787732584,False,False,False,False,7719050.094240221,False,False,False,False
2022-07-29 00:00:00+00:00,1.5054,1.5768,1.2,1.36,379840,,,,,,,,1.98917724543886,2.0285543821249137,2.072578120745806,2.150309521808547,,,,,,,1.4273999999999998,2.0062057842207994,2.0627708278389103,2.157449036699598,,1.98917724543886,1.986805614859679,#000000,,1.862834352946143,,42.039141574099986,-8.782128819265111,False,False,False,True,False,,0.0,0.0,0.0,0.0,1,0.945459518116933,1.0660096870671478,False,False,False,False,-0.34282825441539394,-0.32931974997155555,False,False,False,False,-1446201,-756641.3507159799,False,False,False,False,7175404.902074279,False,False,False,False
2022-08-05 00:00:00+00:00,1.67,1.82,1.4834,1.56,330197,,,,,,,,1.956792813938298,2.003884551936419,2.053921276937171,2.1374007309589538,,,,,,,1.534545668183489,1.9811441183469454,2.0463654721760722,2.1464785829809006,,1.956792813938298,1.982566651932281,#000000,,1.8690917881012878,,42.55173547064277,-8.782128819265111,False,False,False,True,False,,0.0,0.0,0.0,0.0,1,0.923568059455302,1.0884972153494017,False,False,False,False,-0.19800289243816435,-0.26366132120485997,False,False,False,False,-1116004,-783260.8062184999,False,False,False,False,6668352.464883592,False,False,False,False
2022-08-12 00:00:00+00:00,1.84,1.88,1.58,1.67,357330,,,,,,,1.7666666666666666,1.9386087051307686,1.9879505109108888,2.0405877760479485,2.127175269364327,,,,,,,1.6122544566208248,1.96565427692561,2.034618783496561,2.137663506163188,,1.9386087051307686,1.9567977723696428,#000000,,1.8207960263359675,,43.76470494577278,-8.782128819265111,False,False,False,True,False,,0.0,0.0,0.0,0.0,1,0.9140366809283516,1.0575772611947984,False,False,False,False,-0.15671489363399121,-0.2101881074194256,False,False,False,False,-758674,-781439.5613134258,False,False,False,False,6200869.319336659,False,False,False,False
2022-08-19 00:00:00+00:00,1.41,1.88,1.39,1.84,335580,,,,,,1.56,1.6665769003189448,1.9074045606894636,1.9625564651817071,2.020513223124448,2.112854772615434,,,,,,,1.5997553739378607,1.939888231901252,2.0166095021594503,2.1253411237340125,,1.9074045606894636,1.8911500153662577,#000000,,1.6834342087365672,,42.958215707374464,-8.782128819265111,False,False,False,True,False,,0.0,0.0,0.0,0.0,1,0.9208937476379658,1.0255883193378008,False,False,False,False,-0.20689109713460696,-0.2085396022770163,False,False,False,False,-1094254,-804611.001216135,False,False,False,False,5766403.4438302405,False,False,False,False
2022-08-26 00:00:00+00:00,1.43,1.53,1.34,1.53,231998,,,,,,1.508224890088528,1.6080715775695167,1.8818488853544502,1.9417017122773645,2.0040327836972596,2.1011969681929017,,,,,,,1.576140157171444,1.91858023408392,2.001699829743502,2.11528429467138,,1.8818488853544502,1.865678133285027,#000000,,1.6435713775459846,,42.48670913906291,-8.782128819265111,False,False,False,True,False,,0.0,0.0,0.0,0.0,0,0.9558247709624765,1.030664138054667,False,False,False,False,-0.3163332525508239,-0.2624364274139201,False,False,False,False,-862256,-808881.001126051,False,False,False,False,5356447.485028001,False,False,False,False
2022-09-02 00:00:00+00:00,1.39,1.53,1.3301,1.41,368290,,,,,,1.47220730879426,1.5535708450420327,1.8451813768623904,1.9107930197483918,1.9789800028985767,2.083049283601182,,,,,,,1.546827462712396,1.8871644012647408,1.9788869397110294,2.0995310849698128,,1.8451813768623904,1.835619172560481,#000000,,1.6044467483527698,,41.99526045591274,-8.782128819265111,False,False,False,True,False,,0.0,0.0,0.0,0.0,0,0.9487455470253175,1.0252414607661975,False,False,False,False,-0.3191267347471151,-0.2907815810805176,False,False,False,False,-1230546,-840115.4454870842,False,False,False,False,4986954.33798889,False,False,False,False
2022-09-09 00:00:00+00:00,1.5,1.53,1.34,1.39,217888,,,,,,1.4692724426424073,1.5395979423628656,1.8278695026493244,1.8955078360047106,1.9661235109438224,2.073376007019487,,,,,,,1.5379828577405812,1.8717909966158404,1.9671104496038052,2.0910674421456728,,1.8278695026493244,1.8239698987728516,#000000,,1.5936806863487947,,42.27336852067972,-8.782128819265111,False,False,False,True,False,,0.0,0.0,0.0,0.0,0,0.9656191810799916,1.0062388420709116,False,False,False,False,-0.3163332525508239,-0.3035574168156707,False,False,False,False,-1012658,-852896.3754510039,False,False,False,False,4633690.164804528,False,False,False,False
2022-09-16 00:00:00+00:00,1.44,1.6,1.43,1.6,190837,,,,,,1.4722142881402278,1.5340365141862076,1.8151787312443826,1.8838958986036132,1.9560755722349126,2.065590678755761,,,,,,,1.5341863998297371,1.860211792626398,1.9578695094862988,2.0842155390629857,,1.8151787312443826,1.8163474924170526,#000000,,1.5889039833501388,,42.210968177956346,-8.782128819265111,False,False,False,True,False,,0.0,0.0,0.0,0.0,0,0.9776681737224276,1.0053823420037968,False,False,False,False,-0.2718099043075625,-0.28768366056161665,False,False,False,False,-1203495,-878866.6439361147,False,False,False,False,4304589.930374562,False,False,False,False
2022-09-23 00:00:00+00:00,1.3,1.46,1.27,1.38,105816,,,,,,1.4628116526671675,1.5228737037444748,1.8055520777017433,1.8754470285322826,1.9489884245648692,2.060285411662301,,,,,,,1.5261653097548524,1.8516633396205993,1.951339795148217,2.079561934762955,,1.8055520777017433,1.8084688678159466,#000000,,1.5793506859670596,,41.55989252282397,-8.782128819265111,False,False,False,True,False,,0.0,0.0,0.0,0.0,0,0.9334264060630235,1.048364579178301,False,False,False,False,-0.34282825441539394,-0.3152559574885053,False,False,False,False,-1309311,-910751.4110519581,False,False,False,False,3993569.639235705,False,False,False,False
2022-09-30 00:00:00+00:00,1.11,1.33,1.1,1.32,251372,,,,,,1.4210372229642554,1.4810163931586655,1.7766352855802354,1.8505498963900742,1.928424443931208,2.045188381432342,,,,,,,1.4947418299539545,1.8262723160974255,1.932349491022809,2.066336664289185,,1.7766352855802354,1.7822551924820158,#000000,,1.5433576829142779,,40.314705944419444,-4.759577750749855,False,False,False,True,False,,0.0,0.0,0.0,0.0,0,0.891109281745215,1.1023873224943403,False,False,False,False,-0.34282825441539394,-0.3290421059519496,False,False,False,False,-1560683,-958894.491714776,False,False,False,False,3716369.8141071345,False,False,False,False
2022-10-07 00:00:00+00:00,1.01,1.24,1.0,1.13,266063,,,,,,1.3753778566796961,1.435510659847392,1.7442959479315305,1.8225395510761608,1.905162994182038,2.0280396335765807,,,,,,,1.458678248596226,1.7976891247646192,1.9107870717093443,2.0512744092793276,,1.7442959479315305,1.7529355497642913,#000000,,1.5034656782637112,,39.03065984276948,-6.233137515403023,False,False,False,True,False,,0.0,0.0,0.0,0.0,0,0.8785402370555209,1.093054689124558,False,False,False,False,-0.34282825441539394,-0.33593518018367174,False,False,False,False,-1826746,-1023179.7886247926,False,False,False,False,3460791.53158068,False,False,False,False
2022-10-14 00:00:00+00:00,0.8396,1.02,0.8301,1.0,384453,,,,,,1.297122262920031,1.3590430740836283,1.690765980904027,1.7761382200449671,1.866582239224274,1.9996225775915175,,,,,,,1.3954833019559814,1.7502317346771135,1.8748849214958279,2.0262620233593096,,1.690765980904027,1.7036136336256678,#000000,,1.435603654965917,,37.46379517322378,-7.93341383784832,False,False,False,True,False,,0.0,0.0,0.0,0.0,0,0.8747754546710744,1.10788805153116,False,False,False,False,-0.34282825441539394,-0.3393817172995328,False,False,False,False,-2211199,-1111181.2116896228,False,False,False,False,3232914.6033154447,False,False,False,False
2022-10-21 00:00:00+00:00,0.85,0.9098,0.6894,0.83,501560,,,,,,1.2126362293906108,1.274286857694678,1.6242182726946615,1.71724543521642,1.8166652743640328,1.9620838681146329,,,,,,0.8164,1.3214133123483889,1.690196013022685,1.8281603413707193,1.9930117020888563,,1.6242182726946615,1.5263305604216828,#000000,,1.1561840998584194,,36.423096808858446,-9.091260916365684,False,False,False,True,False,,0.0,0.0,0.0,0.0,0,0.8706930671886867,1.0957607265492122,False,False,False,False,-0.34282825441539394,-0.3411049858574634,False,False,False,False,-1709639,-1155511.4182311322,False,False,False,False,3030592.0401068935,False,False,False,False
2022-10-28 00:00:00+00:00,0.826,0.87,0.7749,0.82,269557,,,,,,1.179064485890546,1.2393871890990353,1.592757872690139,1.6887159073124396,1.7919298374431276,1.9429979876289385,,,,,,0.8189285341048549,1.2893953954485649,1.661254806668994,1.8048811884740756,1.97599109474247,,1.592757872690139,1.5009313204760715,#000000,,1.1316939011357503,,35.581968350828745,-10.046170306662901,False,False,False,True,False,,0.0,0.0,0.0,0.0,0,0.8725463498763248,1.1458007125513423,False,False,False,False,-0.3338544393970201,-0.33747971262724175,False,False,False,False,-1979196,-1216525.090954752,False,False,False,False,2826070.926024901,False,False,False,False
2022-11-04 00:00:00+00:00,0.86,0.93,0.810082,0.821,421134,,,,,,1.141951197481127,1.1991620017666704,1.5507602525637234,1.6496624491508918,1.7572722641346055,1.9155270125999384,,,,,,0.835800536488821,1.2507966941561872,1.6218522578818175,1.7721004429337683,1.951326593429779,,1.5507602525637234,1.4694885109157547,#000000,,1.1069276074732013,,35.268634183295944,-10.497792871652763,False,False,False,True,False,,0.0,0.0,0.0,0.0,0,0.8372141032611192,1.1573046258871802,False,False,False,False,-0.3153275455222051,-0.3264036290747234,False,False,False,False,-1558062,-1241824.1212544,False,False,False,False,2647927.4500230565,False,False,False,False
2022-11-11 00:00:00+00:00,1.02,1.04,0.8401,0.8649,409213,,,,,0.9667,1.1238127545467047,1.1770964798073928,1.5196797388107748,1.619525297955855,1.7295077598699946,1.8925646926297153,,,,,,0.8692485329232086,1.2276433189572806,1.5917339941675555,1.7456538239213937,1.9305036487084906,,1.5196797388107748,1.357060170096016,#000000,,1.0342144418193264,,36.371187309291976,-10.497792871652763,False,False,False,True,False,,0.0,0.0,0.0,0.0,0,0.8936112705766615,1.1033434605848043,False,False,False,False,-0.2884456650026057,-0.30742464703866457,False,False,False,False,-1148849,-1234937.0752355554,False,False,False,False,2482096.7500213487,False,False,False,False
2022-11-18 00:00:00+00:00,0.8763,1.02,0.841,1.02,139534,,,,,0.9529012091789719,1.1166071619472009,1.1687988794748303,1.5088575176575005,1.609043737351787,1.71983900020461,1.8845428426144437,,,,,,0.8727096212992012,1.2191206700928419,1.5812500326065562,1.7364278286566766,1.9232148076399735,,1.5088575176575005,1.3485555658470179,#000000,,1.0277542179750512,,36.445116879310575,-10.497792871652763,False,False,False,True,False,,0.0,0.0,0.0,0.0,0,0.8861076727044546,1.1306751111827404,False,False,False,False,-0.29208805333675514,-0.29975635018770985,False,False,False,False,-1288383,-1238896.0326255143,False,False,False,False,2308573.5833531003,False,False,False,False
2022-11-25 00:00:00+00:00,0.8494,0.88,0.8084,0.88,117014,,,,,0.9341005599607065,1.109084524681997,1.160527694073313,1.4990957067348774,1.5996739497224366,1.7112519700888649,1.8774629003670271,,,,,,0.8710233025025313,1.210846546591593,1.5718547302334054,1.7282351066429897,1.9167854440812249,,1.4990957067348774,1.3395694091232715,#000000,,1.0186840203046368,,36.3656275868883,-10.497792871652763,False,False,False,True,False,,0.0,0.0,0.0,0.0,0,0.8373406605842688,1.1868091614461629,False,False,False,False,-0.32536054963611566,-0.31255844991191273,False,False,False,False,-1405397,-1251229.437616217,False,False,False,False,2146235.836438056,False,False,False,False
2022-12-02 00:00:00+00:00,0.8101,0.850899,0.7101,0.85,439250,,,,,0.8769651476923457,1.0789747948022599,1.1280537611171326,1.4619717171475712,1.5640156631276712,1.6784932148999006,1.8503393720125132,,,,,,0.8556012158151747,1.1785396855838257,1.5360873870334077,1.6969262340097708,1.892102867750726,,1.4619717171475712,1.305562882122906,#000000,,0.9848987298567282,,36.108348665961444,-10.497792871652763,False,False,False,True,False,,0.0,0.0,0.0,0.0,0,0.7607170136460712,1.3015897551982998,False,False,False,False,-0.34282825441539394,-0.32769335216365336,False,False,False,False,-1844647,-1295186.2940890896,False,False,False,False,2019792.4411463484,False,False,False,False
2022-12-09 00:00:00+00:00,0.73,0.82,0.7201,0.82,236591,,,,,0.8557564348567359,1.0633700106722062,1.1112979123875746,1.4426193665006743,1.5453006378775596,1.6611631958400892,1.8358369324098378,,,,,,0.8463666084599224,1.1617759015798559,1.517336249632961,1.6803187236558381,1.8788585029917884,,1.4426193665006743,1.2885305041463417,#000000,,0.9691977415941098,,35.51268229086009,-11.014309582114336,False,False,False,True,False,0.0,0.0,0.0,0.0,0.0,0,0.7499303153720066,1.3246152605277615,False,False,False,False,-0.34282825441539394,-0.3352608032895237,False,False,False,False,-2081238,-1353412.3463787867,False,False,False,False,1887703.4455058782,False,False,False,False
2022-12-16 00:00:00+00:00,0.7082,0.8158,0.7001,0.73,260649,,,,,0.8371478780894295,1.0470628167033529,1.093779752971996,1.4220426751612598,1.5252802237254461,1.6424988877311064,1.8200778848198067,,,,,,0.8365730460189328,1.1441421198831827,1.4973000382761934,1.6623960217050944,1.8644259988639083,,1.4220426751612598,1.2708223460265993,#000000,,0.9536408734459277,,34.97332976249112,-11.699612305605257,False,False,False,True,False,0.0,0.0,0.0,0.0,0.0,0,0.7938541310503481,1.206897142139315,False,False,False,False,-0.34282825441539394,-0.33904452885245884,False,False,False,False,-2341887,-1426632.691091469,False,False,False,False,1767180.893986924,False,False,False,False
2022-12-23 00:00:00+00:00,0.6871,0.75,0.6311,0.69,387534,,,,,0.8083722434417118,1.0220179735382746,1.0671809975461934,1.3914158714199116,1.4954359617869661,1.6145861147831397,1.7963794690865025,,,,,,0.8186491258571555,1.1174477786245964,1.4674309790381816,1.6355443569485255,1.8426700434003167,,1.3914158714199116,1.2438081402984658,#000000,,0.9290550850958339,,34.472769332198105,-12.336526735692857,False,False,False,True,False,0.0,0.0,0.0,0.0,0.0,0,0.7642690693247766,1.2467349492131226,False,False,False,False,-0.34282825441539394,-0.3409363916339264,False,False,False,False,-2729421,-1523135.528788397,False,False,False,False,1664984.8277656704,False,False,False,False
2022-12-30 00:00:00+00:00,0.75391,0.799799,0.63,0.69,250509,,,,,0.7993741968882953,1.009281506767687,1.0533435159700835,1.3739579535267972,1.478121145837966,1.5981119990513306,1.7820966370513298,,,,,0.727903,0.812026424263338,1.1032064627294642,1.4501696201589296,1.6196366051044067,1.8294856157596406,,1.3739579535267972,1.140549582519389,#000000,,0.8371462819798301,,34.861720813267304,-12.336526735692857,False,False,False,True,False,0.0,0.0,0.0,0.0,0.0,0,0.7791953076096328,1.2454781634954941,False,False,False,False,-0.3278904035920304,-0.3344133976129784,False,False,False,False,-2478912,-1593933.7859151824,False,False,False,False,1560208.840523769,False,False,False,False
2023-01-06 00:00:00+00:00,0.7781,0.8401,0.75,0.75,87945,,,,,0.7989974397145939,1.0059887806543981,1.049617660980203,1.36860781133323,1.4727095401041153,1.5928712683280324,1.7774598150622003,,,,,0.7438825826463862,0.8114611958769943,1.0992299357871596,1.4447991284324064,1.6145594523510434,1.8251849609934006,,1.36860781133323,1.138816534385752,#000000,,0.8400824997230931,,35.413643209156284,-12.336526735692857,False,False,False,True,False,0.0,0.0,0.0,0.0,0.0,0,0.8034977402240125,1.2164348165865975,False,False,False,False,-0.2700244740545717,-0.302218935833775,False,False,False,False,-2390967,-1652973.2832547987,False,False,False,False,1451152.2597442304,False,False,False,False
2023-01-13 00:00:00+00:00,0.82,0.8799,0.7326,0.7793,201335,,,,,0.7999394875225366,0.9995200890498522,1.0421425771878055,1.3571606244706083,1.46101387763071,1.5814388476469723,1.767232743424054,,,,,0.7688544316272964,0.8114272311674156,1.0910993722653168,1.4332185205137882,1.6034626812736001,1.8156729929090305,,1.3571606244706083,1.1345815059082303,#000000,,0.8449353098417752,,36.29542657223592,-12.336526735692857,False,False,False,True,False,0.0,0.0,0.0,0.0,0.0,0,0.8586334183277848,1.186986480922695,False,False,False,False,-0.26239699823009627,-0.2823079670319356,False,False,False,False,-2189632,-1692725.7807914803,False,False,False,False,1358573.20346688,False,False,False,False
2023-01-20 00:00:00+00:00,0.7739,0.98,0.74,0.81,143816,,,,,0.8016265378453323,0.9956292911154255,1.0375309725990889,1.3495629923955208,1.45316456201624,1.5736865860540785,1.7602124491224633,,,,,0.7819916554057778,0.8121665709360145,1.08597078718594,1.4254656769977598,1.595921782050209,1.8091231618152,,1.3495629923955208,1.1316795632551178,#000000,,0.8478535138256376,,36.585988104954225,-12.336526735692857,False,False,False,True,True,0.0,0.0,0.0,0.0,0.0,0,0.8806639622381651,1.1133692358737433,False,False,False,False,-0.2261875082200705,-0.25424773762600306,False,False,False,False,-2333448,-1740186.6859180373,False,False,False,False,1268591.1883952592,False,False,False,False
2023-01-27 00:00:00+00:00,1.22,1.3,0.7735,0.7999,621645,,,,1.0978333333333332,0.8575092442145025,1.0049185462972914,1.0427396865349998,1.3347661816051408,1.4349982747574366,1.5533388703010491,1.73941092744824,,,,,0.9324160184590436,0.8517413416349362,1.0869034214507065,1.4081868136017166,1.5757474383035028,1.7892376071208735,,1.3347661816051408,1.1052012861889107,#000000,,0.9348749844104538,,41.13338159962887,-11.750500378556957,False,False,False,True,True,0.0,0.0,0.0,0.0,0.0,0,0.9189366310634068,1.0526104115396224,False,False,False,False,-0.11062904716738882,-0.18243839239669593,False,False,False,True,-1711803,-1738084.1906648495,False,False,False,False,1220669.2485141288,False,False,False,False
2023-02-03 00:00:00+00:00,1.0285,1.27,1.01,1.27,390418,,,,1.099762155946155,0.883497620738527,1.0102059169802329,1.045831899250606,1.3265088528649367,1.4246647467773594,1.5415568194886928,1.7270984644112317,,,,,0.9716536447152391,0.8718390829523479,1.0876529753257898,1.398397165543139,1.5640159460223142,1.7773935840332649,,1.3265088528649367,1.1120014061094334,#000000,,0.9566881260880673,,42.877410189570696,-10.157487972522254,False,False,False,True,True,0.0,0.0,0.0,0.0,0.0,0,0.9086931666073899,1.106081027388964,False,False,False,False,-0.044650871195550626,-0.11354463179612329,False,False,False,False,-2102221,-1765057.2876526385,False,False,False,False,1159169.156031601,False,False,False,False
2023-02-10 00:00:00+00:00,0.914,1.169,0.9015,1.06,523600,,,,1.0639856011160436,0.8973476195659689,1.009167807745889,1.0425396940630283,1.311393995113395,1.4074495905618827,1.5230306037803052,1.7085840510942256,,,,,0.9771225132612795,0.8837620907111196,1.0821433345984626,1.3817606121053398,1.545689468924048,1.759693667802374,,1.311393995113395,1.1056672858842411,#000000,,0.9555544561636029,,43.30852722842515,-9.818149128751344,False,False,False,True,True,0.0,0.0,0.0,0.0,0.0,0,0.8683090926312095,1.1379988727180694,False,False,False,False,-0.08935401988223876,-0.10144932583918102,False,False,False,False,-2625821,-1828817.562641332,False,False,False,False,1112089.9592885193,False,False,False,False
2023-02-17 00:00:00+00:00,0.706,0.9498,0.7014,0.915,607359,,,,0.9851254591724521,0.8832728391543332,0.9929370233688875,1.0246492987622955,1.2850020826045137,1.3798483149644976,1.4951460444863793,1.6822895485291922,,,,,0.9359986080088859,0.8738532893601011,1.0630490369613115,1.3545601060286099,1.5183281493671297,1.7347940177952528,,1.2850020826045137,1.0778296058385888,#000000,,0.9195625489239431,,42.28325861502528,-9.818149128751344,False,False,False,True,True,0.0,0.0,0.0,0.0,0.0,0,0.8597731934242057,1.1894263367365723,False,False,False,False,-0.22564094011526598,-0.1635451329772235,False,False,False,False,-3233180,-1932844.4098530852,False,False,False,False,1074702.480822703,False,False,False,False
2023-02-24 00:00:00+00:00,0.7831,0.85,0.6572,0.71,747702,,,,0.9277835455639025,0.8671688847455319,0.9740977725495065,1.0040163107159115,1.2546412410068517,1.3479047573209912,1.462593788914786,1.6511514797487463,,,,0.7634333333333335,0.8999002519243006,0.8616335200076274,1.0410342352312805,1.3231162383192412,1.4862888448421419,1.7051554103117432,,1.2546412410068517,0.9916825333397487,#000000,,0.8645715038917672,,42.24118274348302,-9.818149128751344,False,False,False,True,True,0.0,0.0,0.0,0.0,0.0,1,0.8610335457042514,1.1383965860004526,False,False,False,False,-0.28716821082998795,-0.22535667190360573,False,False,False,False,-2485478,-1973780.231345449,False,False,False,False,1050480.2229839843,False,False,False,False
2023-03-03 00:00:00+00:00,0.9626,0.9957,0.76,0.7616,375639,,,,0.9252898896621919,0.8696309475961375,0.9714046257079286,1.000279004872905,1.2447379397448504,1.3366943709972439,1.4504279172962584,1.6386793414691558,,,,0.8111402753927793,0.9004898433253974,0.8639755467476369,1.0362305813266994,1.3122620632773725,1.4741760257213172,1.6930914630923872,,1.2447379397448504,0.9935440717653898,#000000,,0.8766377389941266,,43.713714518283226,-9.541136506035066,False,False,False,True,True,0.0,0.0,0.0,0.0,0.0,1,0.884810038600053,1.1079564925030552,False,False,False,False,-0.1820447585515433,-0.20370071522757452,False,False,False,False,-2109839,-1983858.6586531936,False,False,False,False,1000491.9842444299,False,False,False,False
2023-03-10 00:00:00+00:00,0.9559,1.0797,0.8366,0.963,250097,,,,0.9275736188287842,0.8731772010108485,0.971044817646282,0.9992163612422305,1.2394031466753723,1.3303930908977566,1.4433547080129645,1.6311699613741653,,,,0.8377735259254513,0.9038786145596159,0.867140658615526,1.0344053896197827,1.306217294809231,1.4670913347037964,1.6857699247091316,,1.2394031466753723,0.9959830628933124,#000000,,0.885600740081175,,44.71648166588956,-8.572312470009606,False,False,False,True,True,0.0,0.0,0.0,0.0,0.0,1,0.8993666133846802,1.0900183035218085,False,False,False,False,-0.11629871809606192,-0.15999971666181823,False,False,False,False,-2359936,-2011716.2394936979,False,False,False,False,944907.1705966943,False,False,False,False
2023-03-17 00:00:00+00:00,0.9663,1.08,0.85,0.95,184899,,,0.9654333333333333,0.929464876432323,0.8758530815216412,0.9709402177096151,0.9986085306692879,1.235693498501131,1.3259649460473377,1.4383388474520369,1.6257887175485508,,,,0.8529205517163488,0.9064741674413594,0.869542431743932,1.0332446310642003,1.3019790094616006,1.4620578036585774,1.6805087279790885,,1.235693498501131,0.9638175320133172,#000000,,0.9135732322308412,,45.52302233305526,-7.784479782010209,True,False,False,True,True,0.0,0.0,0.0,0.0,0.0,1,0.8854279345659178,1.10271978280297,False,False,False,False,-0.06150754139380405,-0.11075362902781113,False,False,False,False,-2175037,-2023814.073605276,False,False,False,False,888610.2690710133,False,False,False,False
2023-03-24 00:00:00+00:00,0.8999,1.03,0.8858,0.995,126180,,,0.9545356642524889,0.9297649292578513,0.8770703229610723,0.9705335775201449,0.99788025777142,1.2329730954153266,1.3227836116982743,1.434784845747576,1.6220186926842124,,,,0.859335937719833,0.9073718181375574,0.8706745354984978,1.0321696168241299,1.2989205954984933,1.4584976669004006,1.6768289998164687,,1.2329730954153266,0.9632309755358321,#000000,,0.9127520873419326,,45.56472836438272,-7.707698125272273,True,False,False,True,True,0.0,0.0,0.0,0.0,0.0,1,0.9234129822370747,1.085716860067824,False,False,False,False,0.006449639157248441,-0.052151994935281346,False,False,False,False,-2301217,-2044362.4385234036,False,False,False,False,832133.9528435308,False,False,False,False
2023-03-31 00:00:00+00:00,0.81,0.9499,0.7834,0.92,385846,,,0.8954240085614186,0.9222558358263804,0.8754285242139707,0.9659925311461449,0.9925115867544353,1.222482105891683,1.311147361705565,1.4222915259181983,1.6092446616985796,,,,0.8571798148762639,0.9026753802697167,0.8695804791658054,1.025981856243885,1.287601551567507,1.446055620635672,1.6644433336186755,,1.222482105891683,0.9529512122949704,#000000,,0.894383759883445,,44.89002043212835,-7.707698125272273,True,False,False,True,True,0.0,0.0,0.0,0.0,0.0,1,0.9360793504402166,1.0767411209654885,False,False,False,False,-0.07152572008860283,-0.06183885751194209,False,False,False,False,-2687063,-2091969.88752167,False,False,False,False,799075.5859662322,False,False,False,False
2023-04-07 00:00:00+00:00,0.8499,0.8691,0.78,0.81,148430,,,0.8844634114267577,0.9192185122095581,0.8745333597021931,0.9641266953938337,0.9903468134943291,1.2184438693500081,1.3066836104619437,1.4175060733025722,1.604349080412079,,,,0.8555622642881362,0.900625616980747,0.8689205375602131,1.023522510335001,1.2832559277753404,1.4412884673721393,1.6596923471942597,,1.2184438693500081,0.9499763590740777,#000000,,0.8899674512262998,,44.81429433971337,-7.707698125272273,True,False,False,True,True,0.0,0.0,0.0,0.0,0.0,1,0.9541868626247263,1.077236784784041,False,False,False,False,-0.1340229317434436,-0.09793089462769285,False,False,False,False,-2538633,-2125056.044001546,False,False,False,False,750879.6166354002,False,False,False,False
2023-04-14 00:00:00+00:00,0.764344,0.8882,0.76,0.8167,113488,,,0.8749612797131543,0.9163013154619177,0.8734164966940113,0.9624291857941228,0.988434916994817,1.2151856606847613,1.3031222527423993,1.413721443814594,1.60050912864496,,,,0.8530620856680647,0.8985039918495027,0.8680396872860355,1.0214059028011417,1.2797798462346388,1.4375229425703069,1.6559709013287842,,1.2151856606847613,0.9471740522947529,#000000,,0.8857071681731599,,44.066842333465196,-7.707698125272273,True,False,False,True,True,0.0,0.0,0.0,0.0,0.0,1,0.9852122682903779,1.027803467037492,False,False,False,False,-0.13469574041287025,-0.11631331752028154,False,False,False,False,-2652121,-2164097.892594024,False,False,False,False,703665.4228105558,False,False,False,False
2023-04-21 00:00:00+00:00,0.751,0.79,0.7462,0.76,107162,,,0.8636458620025235,0.9127022977350981,0.8717768898084377,0.9604444887779032,0.9862640141980752,1.2118477606681617,1.299527690778126,1.4099483642451431,1.596728425007152,,,,0.8490794017421189,0.8957343408622244,0.866699675670539,1.0190671659907742,1.2762592045804395,1.4337760627366876,1.6523155781700414,,1.2118477606681617,0.9437261897455856,#000000,,0.8802904755854912,,43.424369016422006,-7.707698125272273,True,False,False,True,False,0.0,0.0,0.0,0.0,0.0,1,1.0124457252439625,1.0262499627504704,False,False,False,False,-0.21958327803523833,-0.16794829777775994,False,False,False,False,-2759283,-2208185.6783278002,False,False,False,False,659479.984083848,False,False,False,False
2023-04-28 00:00:00+00:00,0.7426,0.78,0.7201,0.755,98922,,,0.8537887755404416,0.9092128304262533,0.8701062580960649,0.9585124150101343,0.9841663733791549,1.2087096493790097,1.296161216517012,1.4064251035688693,1.5932070695486258,,,,0.8451233738347321,0.8930023623864367,0.8653208483732983,1.0168228220739977,1.2729589451605692,1.430278412717036,1.6489119662464915,,1.2087096493790097,0.9404765708499525,#000000,,0.875281835546966,,42.89332490558816,-7.707698125272273,True,False,False,True,False,0.0,0.0,0.0,0.0,0.0,1,0.9878991727273851,1.0198736214331265,False,False,False,False,-0.24756308539115351,-0.20775569158445673,False,False,False,False,-2858205,-2256335.2577109262,False,False,False,False,617957.1704480073,False,False,False,False
2023-05-05 00:00:00+00:00,0.75,0.78,0.69,0.78,179642,,,0.8385859535092658,0.9029594772198781,0.8670041544810558,0.9549693042438281,0.9803309941784768,1.2030262529387525,1.2900686708907176,1.400049403347861,1.5868298613458929,,,,0.8381754251641,0.8880452001312141,0.8627410684751841,1.0127286644950098,1.2669850419739983,1.4239476281972216,1.6427447111426148,,1.2030262529387525,0.9348566494836765,#000000,,0.8669415140061146,,42.608608310726844,-7.707698125272273,True,False,False,True,False,0.0,0.0,0.0,0.0,0.0,1,0.9733073880487196,1.0333429805690446,False,False,False,False,-0.27118475001400855,-0.23947022079923264,False,False,False,False,-2678563,-2287611.386769376,False,False,False,False,585489.3800444512,False,False,False,False
2023-05-12 00:00:00+00:00,0.7069,0.7873,0.7001,0.7873,74252,,,0.8329782719530278,0.9003788421484681,0.8656811370169204,0.9534811246508293,0.9787254105427116,1.2006744528998161,1.2875506185202878,1.3974158649608512,1.5841953246008214,,,,0.8353369299519373,0.8859756183077928,0.8616332456868725,1.0110195205202923,1.264515259768278,1.4213323431181812,1.640195998677269,,1.2006744528998161,0.9325884553678669,#000000,,0.8636674155903065,,41.99642601978781,-5.208386499365261,False,False,False,True,False,0.0,0.0,0.0,0.0,0.0,1,0.9680802408026633,1.0576151653511925,False,False,False,False,-0.2574952757106681,-0.24848274825495037,False,False,False,False,-2752815,-2322070.9136753483,False,False,False,False,547619.944485603,False,False,False,False
2023-05-19 00:00:00+00:00,0.6628,0.7455,0.6463,0.7108,251751,,,0.8106582254405478,0.8899190251105707,0.8598900708724887,0.9475517834590532,0.9724358895621603,1.192098106184719,1.278478639152081,1.3880255670807937,1.5749012382815182,,,0.6848666666666666,0.8228924769927387,0.8773514469130013,0.8567174420303265,1.0044362068148893,1.2555915162665605,1.412021685685792,1.6312223002458155,,1.192098106184719,0.8726719233862443,#000000,,0.802084098552631,,41.14190379728549,-6.1169865871046625,False,False,False,True,False,0.0,0.0,0.0,0.0,0.0,1,0.9547861013357957,1.063745327084356,False,False,False,False,-0.3340372342290662,-0.2912599912420083,False,False,False,False,-3004566,-2372626.1052549523,False,False,False,False,525703.7263755583,False,False,False,False
2023-05-26 00:00:00+00:00,0.67,0.7,0.6471,0.6798,113887,,,0.8018322391029065,0.8852450458541247,0.8572119105535458,0.9448310267558375,0.9695583680489088,1.1882180147959491,1.2743792331555714,1.3837843343091127,1.5707014304039055,,,0.6809732324503106,0.8174638854457043,0.8734505348825851,0.8544270346415306,1.0014314610135386,1.251557783401652,1.4078155500006246,1.6271650389608752,,1.1882180147959491,0.8686424738748993,#000000,,0.7963786007132615,,40.64085580119483,-6.674866724225147,False,False,False,True,False,0.0,0.0,0.0,0.0,0.0,1,0.9623789911971969,1.0419825268723155,False,False,False,False,-0.34282825441539394,-0.3170441228287011,False,False,False,False,-2890679,-2411000.3937545856,False,False,False,False,495198.7836810725,False,False,False,False
2023-06-02 00:00:00+00:00,0.81,0.99,0.69,0.72,428887,,0.8300000000000001,0.8072903945236458,0.8811098479117793,0.8558230538992945,0.9407089485984691,0.9646941331977091,1.1784222669460245,1.2633418174609352,1.371694803927439,1.5579448928969093,,,0.7614183326725613,0.8189628819179893,0.8705448471675474,0.85333522124229,0.9957822794568303,1.24085664073032,1.395700932840684,1.614661560228633,0.8300000000000001,1.1784222669460245,0.8583887661131285,#000000,0.6705816415445158,0.8044179022785491,0.00832426266337079,42.284669509389275,-6.674866724225147,True,False,False,True,True,0.0,-1.0,0.99,0.69,0.0,1,0.991022453046422,0.9643806309760296,False,False,False,False,-0.09476551135392212,-0.20590481709131161,False,False,False,False,-2461792,-2414762.7349579497,False,False,False,False,490286.7997046968,False,False,False,False
2023-06-09 00:00:00+00:00,0.7688,0.8546,0.722,0.8,137023,,0.8183294011415243,0.8058043426191093,0.8787904120989379,0.8546353957239662,0.9389071612025012,0.9626799467777551,1.174987161345427,1.2595507145060378,1.367609019878948,1.553697719674798,,,0.7644163072291141,0.8175954185749511,0.8686884686140899,0.8523280801341969,0.9935529458841937,1.2371636181725432,1.3916161405915202,1.6105088161814212,0.8183294011415243,1.174987161345427,0.8562174934116147,#000000,0.6599903905251003,0.8015363673911747,-0.04960127883851315,42.99270740684064,-6.674866724225147,True,False,False,True,True,0.0,0.0,0.0,0.0,0.0,1,0.9959772405158999,0.9878650459761404,False,False,False,False,-0.16923266006943716,-0.18756873858037437,False,False,False,False,-2598815,-2428396.2360721757,False,False,False,False,464119.1108376822,False,False,False,False
2023-06-16 00:00:00+00:00,0.77,0.8,0.75,0.75,87545,,0.8123011654462309,0.8046383152252294,0.8772399149416323,0.853810432378656,0.9377163306716368,0.96135697607564,1.1727768358332993,1.2571172731007256,1.3649907823128715,1.5509789228222037,,,0.7651823227451601,0.8165787388632695,0.8674308772119246,0.8516238454554637,0.9920967832400115,1.2347917739857721,1.3889988353522735,1.607850323894224,0.8123011654462309,1.1727768358332993,0.8547878919014844,#000000,0.6452142448033724,0.7996751355699724,-0.04599268507938134,43.515748188550106,-9.15975746172392,True,False,False,True,True,0.0,0.0,0.0,0.0,0.0,1,1.006743804665134,0.9990527097125896,False,False,False,False,-0.1886610196823492,-0.18811487913136177,False,False,False,False,-2511270,-2434535.0334001626,False,False,False,False,436224.73225711315,False,False,False,False
2023-06-23 00:00:00+00:00,0.7301,0.777799,0.725,0.7432,88189,,0.8042150969607162,0.8025318274542513,0.8752997005731399,0.8527023900432539,0.9363250969706702,0.9598399112917267,1.1704146492327627,1.2545447910803462,1.3622482201613166,1.548157671800977,,,0.7635191325579211,0.8149441313292171,0.8658164634288054,0.8506685954421206,0.990457137655775,1.232278089619277,1.3862613024327741,1.605096711917419,0.8042150969607162,1.1704146492327627,0.8525862346051823,"rgba(239, 83, 80, 0.5)",0.6263775216487033,0.7963025470755264,-0.10569112841289884,43.408041134677745,-9.15975746172392,True,False,False,True,True,0.0,0.0,0.0,0.0,0.0,1,1.0169200553713964,0.9890559982855566,False,False,False,False,-0.22349580113132012,-0.20580534013134094,False,False,False,False,-2599459,-2446751.623518669,False,False,False,False,410444.30764547514,False,False,False,False
2023-06-30 00:00:00+00:00,0.7039,0.82,0.69,0.82,94741,,0.7967108464845736,0.8001978587410519,0.8731797031010684,0.8514686419221159,0.9348040684027611,0.9581863912118388,1.1678685262000514,1.2517758429307841,1.3592988563341677,1.5451250159422996,,,0.7615051393389867,0.8131182907952752,0.8640406564806343,0.8496011604583119,0.9886749804230062,1.2295715247956263,1.3833174122674767,1.6021363996787044,0.7967108464845736,1.1678685262000514,0.8502812756936619,"rgba(239, 83, 80, 0.5)",0.6188392059720983,0.7928830338399718,-0.14379023336149754,43.01360744895476,-9.15975746172392,True,False,False,True,True,0.0,0.0,0.0,0.0,0.0,1,1.0092425734189596,0.9907109826496104,False,False,False,False,-0.21814880555868615,-0.21197707284501355,False,False,False,False,-2694200,-2465081.1328876563,False,False,False,False,387058.87744951405,False,False,False,False
2023-07-07 00:00:00+00:00,0.713023,0.7456,0.69,0.71,68940,,0.7905805736912158,0.7980451640110631,0.8714360313743706,0.8504184982299197,0.933591108391737,0.9568812237738905,1.1659417351843566,1.249695014605127,1.357095608953362,1.5428733759666695,,,0.7590480986808166,0.8114740246371803,0.8625614359174878,0.8486881091812176,0.9872827091122499,1.2275342506508937,1.3811203260945795,1.599941029040206,0.7905805736912158,1.1659417351843566,0.8482724267888899,"rgba(239, 83, 80, 0.5)",0.6143954160129305,0.789786965255069,-0.1249422818829323,42.889537140732706,-9.15975746172392,True,False,False,True,True,0.0,0.0,0.0,0.0,0.0,1,0.9813663106156829,1.0173526232391457,False,False,False,False,-0.2740494319661113,-0.24301325240556243,False,False,False,False,-2625260,-2476946.2341552377,False,False,False,False,363494.5161569575,False,False,False,False
2023-07-14 00:00:00+00:00,0.7,0.72,0.6899,0.71,113829,,0.7808322329863789,0.7941984322138373,0.8684077821254597,0.8485564400288671,0.9315003615757449,0.9546428264239516,1.1627057966177134,1.2462121810871967,1.3534180085318437,1.5391246427549479,,,0.7544656412975138,0.808526169547447,0.8599730002428249,0.8470633450183922,0.9849067760220014,1.22412157673656,1.3774543402634507,1.5962873029226767,0.7808322329863789,1.1627057966177134,0.8448166231460418,"rgba(239, 83, 80, 0.5)",0.599691465146081,0.7845056190112942,-0.14091516041621377,42.62634119251659,-9.15975746172392,True,False,False,True,True,0.0,0.0,0.0,0.0,0.0,1,0.9849859881195344,1.0335001636694916,False,False,False,False,-0.2937371105883623,-0.2683751814969624,False,False,False,False,-2739089,-2496364.2168104053,False,False,False,False,345000.7742194051,False,False,False,False
2023-07-21 00:00:00+00:00,0.63,0.7103,0.597,0.71,287373,,0.7511243149793307,0.7803985373710308,0.8587246087370218,0.8422772313950311,0.9250980465178015,0.947909564315866,1.1537359310064939,1.2367026422023262,1.343509439731456,1.5291665480189056,,0.6457666666666667,0.73578497854199,0.7980494122722961,0.8515301685168115,0.841539927677548,0.9778916275718658,1.2147701607747174,1.367598240069742,1.5866083809733478,0.7511243149793307,1.1537359310064939,0.8030293892675529,"rgba(239, 83, 80, 0.5)",0.5899113654385357,0.7282686243897545,-0.16658201578588389,41.52303340398183,-9.15975746172392,False,False,False,True,False,0.0,0.0,0.0,0.0,0.0,1,0.9597471130901153,1.06166347154232,False,False,False,False,-0.34282825441539394,-0.3056017179561782,False,False,False,False,-3026462,-2535630.719268894,False,False,False,False,340732.0502031528,False,False,False,False
2023-07-28 00:00:00+00:00,0.6928,0.72,0.6101,0.63,180551,,0.7417968238229603,0.7745431253671693,0.8538191782349049,0.839071733395044,0.9216164177001244,0.9442128269955484,1.1485655559244605,1.2311616555447888,1.3376735952210959,1.5232212711211255,,0.6567764072798147,0.7297931404185352,0.7932392507245642,0.8472474077172027,0.8387056530211247,0.9739967511633493,1.2093349172109018,1.3617799769018737,1.580808869237143,0.7417968238229603,1.1485655559244605,0.7996609137681444,"rgba(239, 83, 80, 0.5)",0.5841758276944798,0.72572737422212,-0.05636551986766012,41.93093102029242,-9.15975746172392,True,False,False,True,False,0.0,0.0,0.0,0.0,0.0,1,0.9495155113178572,1.1541511104798257,False,False,False,False,-0.32556449183306513,-0.31558310489462166,False,False,False,False,-2845911,-2558614.443767494,False,False,False,False,328866.7872251415,False,False,False,False
2023-08-04 00:00:00+00:00,0.68,0.7976,0.6634,0.7,251206,0.7136666666666667,0.7377316283436233,0.7702020389795677,0.8488175961209908,0.8358282632740816,0.9176760337849114,0.9399589284230973,1.142136578346137,1.2241638286657057,1.330193217160264,1.5154629471510168,,0.6766492737984323,0.727867656980788,0.7891566584856645,0.8429023192938805,0.8358252318425954,0.9694313951171888,1.2024952652200194,1.3542997846593172,1.5732065533372759,0.7377316283436233,1.142136578346137,0.7778647333786292,"rgba(239, 83, 80, 0.5)",0.5819315104970494,0.7139788064473775,-0.05838970022151736,42.041789927538986,-9.15975746172392,True,False,False,True,False,0.0,0.0,0.0,0.0,0.0,1,0.8954661806290791,1.1289991813513491,False,False,False,False,-0.19969623152145363,-0.25763966820803763,False,False,False,False,-3097117,-2598503.522006939,False,False,False,False,323114.1363195754,False,False,False,False
2023-08-11 00:00:00+00:00,0.66,0.72,0.65,0.676,164709,0.6990140741898385,0.7324462968826827,0.7660240543879621,0.8448815669968854,0.8331741632561201,0.9147184376376828,0.9368116725528902,1.1376682675977878,1.2193521944140622,1.3250965708791376,1.5102251921097098,,0.6766525150696752,0.7241503208808896,0.7854956198022481,0.839430946983865,0.8334570379226094,0.9661033349702287,1.1977804703444797,1.3492103488820077,1.5680823872279477,0.7324462968826827,1.1376682675977878,0.7734726596372776,"rgba(239, 83, 80, 0.5)",0.5814698716102654,0.7080658017557715,-0.08266258339862521,41.830403672372555,-9.15975746172392,True,False,False,True,False,0.0,0.0,0.0,0.0,0.0,1,0.9179634137976775,1.1296268710158246,False,False,False,False,-0.26991341288898785,-0.26377654054851274,False,False,False,False,-3261826,-2647638.5203767954,False,False,False,False,311380.4225181254,False,False,False,False
2023-08-18 00:00:00+00:00,0.6474,0.7098,0.641,0.662,160921,0.6898226753069042,0.7272707534860143,0.7618443028957084,0.8409744760178993,0.8304952921592466,0.9117725518801723,0.9336862606859161,1.1332863092963645,1.2146419616074784,1.320113176224398,1.5051064103606493,,0.6750220111157905,0.7203031590503106,0.7818151674519943,0.8359646901334148,0.8310585081781945,0.9628076526565141,1.1931630013419694,1.3442340403391277,1.563073460159131,0.7272707534860143,1.1332863092963645,0.7694571035795478,"rgba(239, 83, 80, 0.5)",0.5824353067562923,0.703104649739755,-0.09564092199352778,41.491047000186136,-9.15975746172392,False,False,False,True,False,0.0,0.0,0.0,0.0,0.0,1,0.9743122701403465,1.0702898080736791,False,False,False,False,-0.29191273908750764,-0.2778446398180102,False,False,False,False,-3422747,-2705053.9633118478,False,False,False,False,300235.28010937537,False,False,False,False
2023-08-25 00:00:00+00:00,0.689,0.69,0.63,0.672,245061,0.6838128570043854,0.7211569951646656,0.7563259181576315,0.8354578600088692,0.8266625842624465,0.9074818785239798,0.9291250927746895,1.1268176525080167,1.2076670750824774,1.3127082506529864,1.4974622954096424,,0.6740045163889666,0.7156635983138496,0.7767879373008305,0.8310508220629196,0.8276119720408679,0.9579847950922977,1.1863302536053335,1.3368330324688633,1.5555816951022454,0.7211569951646656,1.1268176525080167,0.7648535060705433,"rgba(239, 83, 80, 0.5)",0.5792132770150651,0.6986594917179668,-0.01667691695146628,42.155087473704256,-9.15975746172392,True,False,False,True,False,0.0,0.0,0.0,0.0,0.0,1,0.9842514378070262,1.0467118370130584,False,False,False,False,-0.32779630235979956,-0.30282047108890486,False,False,False,False,-3177686,-2740063.7438072665,False,False,False,False,296148.2963975698,False,False,False,False
2023-09-01 00:00:00+00:00,0.6051,0.69,0.549,0.68,238251,0.6682808677970749,0.7111996982640463,0.748536220470248,0.8287561768843892,0.8218628760769857,0.9025227455983303,0.9239313086974629,1.1199638585181937,1.2003795357506317,1.3050672572202284,1.4896788805554455,,0.6647579885197381,0.7074055133974673,0.7700190011797583,0.8250091776514784,0.8232814771649405,0.9525803469515541,1.1791674804167067,1.3292116218306211,1.547973105135852,0.7111996982640463,1.1199638585181937,0.7569108997406127,"rgba(239, 83, 80, 0.5)",0.5708343716735809,0.6879110169945817,-0.1450701308538852,41.333260181629406,-9.15975746172392,False,False,False,True,False,0.0,0.0,0.0,0.0,0.0,1,0.920410667175671,1.0984358112030772,False,False,False,False,-0.34282825441539394,-0.32282436275214943,False,False,False,False,-3415937,-2790128.4294511727,False,False,False,False,291859.60777552763,False,False,False,False
2023-09-08 00:00:00+00:00,0.6109,0.62,0.5768,0.5869,74849,0.6639472508444222,0.7080986909389193,0.7460567944332211,0.8266193510013597,0.8203138474670227,0.9009350558652947,0.9222722255541618,1.1177975790569867,1.198080248277771,1.3026595912799925,1.4872283794332302,,0.6618539413150534,0.7047790620485748,0.767850540885146,0.823074662112332,0.8218801034816442,0.9508577234053152,1.1769065549632722,1.3268102794009644,1.5455773796241943,0.7080986909389193,1.1177975790569867,0.7544474244527695,"rgba(239, 83, 80, 0.5)",0.5573493351032904,0.6846697362867424,-0.13235816684534324,40.878273066496014,-9.15975746172392,False,False,False,True,False,0.0,0.0,0.0,0.0,0.0,1,0.8964661966572419,1.1627012627941768,False,False,False,False,-0.34282825441539394,-0.3328263085837717,False,False,False,False,-3341088,-2830940.2494918266,False,False,False,False,275784.7479403034,False,False,False,False
2023-09-15 00:00:00+00:00,0.58,0.6125,0.56,0.6,103566,0.6572761683230217,0.7033896540460269,0.7423392908363451,0.8234910052709589,0.8180281527743588,0.8986319606635019,0.9198741531818709,1.1147239328102327,1.1948304129790852,1.2992684289116925,1.4837898859659189,,0.6571391323031858,0.70073822867827,0.7646172135713238,0.8202339873999327,0.8198099206957007,0.9483775078350893,1.1737079807049116,1.3234299256218949,1.5422181587983377,0.7033896540460269,1.1147239328102327,0.7507062753899123,"rgba(239, 83, 80, 0.5)",0.5469497436368393,0.6796357958376261,-0.18216627212422973,40.08056469098443,-7.917064037519864,False,True,False,True,False,0.0,0.0,0.0,0.0,0.0,1,0.877227674149574,1.177227792961502,False,False,False,False,-0.34282825441539394,-0.33782728149958285,False,False,False,False,-3444654,-2876400.527307247,False,False,False,False,263027.80364842905,False,False,False,False
2023-09-22 00:00:00+00:00,0.5026,0.5899,0.4811,0.56,208440,0.6381546346943764,0.690683525111838,0.73271778211078,0.8159239455091278,0.8124199869346439,0.8932367172963264,0.9143101187910531,1.1079605580121077,1.1877642647406765,1.2919782670083424,1.476494740143014,,0.6427049775091512,0.6896075389481146,0.7564026264541663,0.8133230585793781,0.8147236238730934,0.9426852176556666,1.166733266743149,1.3161776274394583,1.5351115340445203,0.690683525111838,1.1079605580121077,0.7406661699724669,"rgba(239, 83, 80, 0.5)",0.5431209059986557,0.66528766906587,-0.29954226999737815,38.41712068761746,-9.527816624358302,False,True,False,True,False,0.0,0.0,0.0,0.0,0.0,1,0.8294102785227663,1.1687420343597503,False,False,False,False,-0.34282825441539394,-0.3403277679574884,False,False,False,False,-3653094,-2933933.3771363394,False,False,False,False,258984.2626374343,False,False,False,False
2023-09-29 00:00:00+00:00,0.42,0.51,0.26,0.4843,368173,0.5891735168013092,0.657903166961213,0.7083946195249597,0.7979818199557691,0.7988458910702372,0.8809013609758404,0.9017539977309922,1.0938485717295559,1.173303074657528,1.2773406631862547,1.4621817726186446,0.39666666666666667,0.6030288078197772,0.660202932768195,0.7359007732431744,0.7968047748668055,0.8023794438969095,0.9300326975103592,1.1523916049570655,1.3016663915340123,1.5212404970440676,0.657903166961213,1.0938485717295559,0.6744902969678106,"rgba(239, 83, 80, 1.0)",0.5407004219215423,0.5616930395622415,-0.26205461253145035,36.220067221598185,-11.596487217675374,False,True,False,True,False,0.0,0.0,0.0,0.0,0.0,1,0.7888149659224151,1.1631884354235884,False,False,False,False,-0.34282825441539394,-0.34157801118644116,False,False,False,False,-4021267,-3014476.6084595737,False,False,False,False,267072.3172568836,False,False,False,False
2023-10-06 00:00:00+00:00,0.44,0.4708,0.39,0.442,138960,0.5781105734367176,0.6488455587796438,0.7010873386581339,0.792189812707532,0.794399790000394,0.876746501208049,0.89750688821648,1.0889412510179355,1.1682345311797508,1.2721661325277955,1.45706160128096,0.40678680477639334,0.5933082281749145,0.6519313363054303,0.7295351104364916,0.7914501877230198,0.7983148412538169,0.9257285605892843,1.1473743061208903,1.296526438670251,1.5162616640943984,0.6488455587796438,1.0889412510179355,0.6687644740998671,"rgba(239, 83, 80, 1.0)",0.527303352720669,0.5567627912919173,-0.2214338116559836,35.16619136060385,-12.528552442495311,False,True,False,True,False,0.0,0.0,0.0,0.0,0.0,0,0.8401434186460617,1.1474969383565732,False,False,False,False,-0.27055917205911545,-0.30606859162277833,False,False,False,False,-3882307,-3078760.341166272,False,False,False,False,257582.51597859594,False,False,False,False
2023-10-13 00:00:00+00:00,0.42,0.4999,0.405,0.45,196475,0.565642318717797,0.6376538318358166,0.6916858568660119,0.7844844088812264,0.7884309817407248,0.8711061092837817,0.8917334917618694,1.0822095430292755,1.1612626163733513,1.265026322746834,1.4499647377241367,0.416517324750903,0.5819276947988092,0.6416103457558343,0.7212112511466021,0.7843073125376323,0.7928417362502608,0.9198660655318271,1.1404772359420434,1.2894287855794362,1.5093510581449294,0.6376538318358166,1.0822095430292755,0.6613471327031358,"rgba(239, 83, 80, 1.0)",0.5158248054735343,0.5504352925258315,-0.25286742929334327,34.16111042112168,-13.421426377855099,False,True,False,True,False,0.0,0.0,0.0,0.0,0.0,0,0.8518664238066063,1.145486922965405,False,False,False,False,-0.23647180117042715,-0.27127019639660277,False,False,False,False,-4078782,-3152836.0195983998,False,False,False,False,253056.03331351475,False,False,False,False
2023-10-20 00:00:00+00:00,0.4,0.455,0.3901,0.4509,79063,0.5603018078577108,0.6329182335303333,0.6877098271394546,0.7812452232438214,0.7859058098785615,0.8687393852568674,0.8893164140944819,1.0794291433718493,1.1583923607667352,1.262096027366954,1.4470622188586768,0.41636741653474657,0.5770362436261197,0.6372222646726551,0.7176900030485435,0.7812978209390189,0.790523181381775,0.917417826001461,1.137635494496363,1.2865172084324652,1.506526536731585,0.6329182335303333,1.0794291433718493,0.6577694650470964,"rgba(239, 83, 80, 1.0)",0.5120840548045337,0.5466559253872276,-0.2863903377018979,33.18763213652499,-14.293531943747695,False,True,False,True,False,0.0,0.0,0.0,0.0,0.0,0,0.8526599751860752,1.1234036368422928,False,False,False,False,-0.2828403867900401,-0.27705529159332143,False,False,False,False,-4157845,-3227281.1292577777,False,False,False,False,240167.66047547662,False,False,False,False
2023-10-27 00:00:00+00:00,0.3352,0.4326,0.3101,0.41,412980,0.5288903076730186,0.6055559596386239,0.6647774107849521,0.7627677142897489,0.7713503678271303,0.8552948326953949,0.875641086942524,1.0640871986939597,1.1426539081232137,1.2461265582865932,1.4313572459086517,0.396656228503691,0.5481282034185715,0.6116901423190974,0.697380530178974,0.7640670270881023,0.7771294811345899,0.9036291141992714,1.1220289523635434,1.2706657636505472,1.4912652808161482,0.6055559596386239,1.0640871986939597,0.635126389172191,"rgba(239, 83, 80, 1.0)",0.5032744986703931,0.5198076748084762,-0.3668130916551374,31.70721956707847,-15.65472777429052,False,True,False,True,False,0.0,0.0,0.0,0.0,0.0,0,0.8355765660662916,1.1251912378369677,False,False,False,False,-0.34282825441539394,-0.30994177300435766,False,False,False,False,-4570825,-3326802.8974609054,False,False,False,False,252968.5745143302,False,False,False,False
2023-11-03 00:00:00+00:00,0.38,0.4196,0.3,0.3177,300298,0.512323447363962,0.5893533568042806,0.6503655902844144,0.7505398840819808,0.7615501079483558,0.8460920525430603,0.8662652740121961,1.053445893410348,1.1316956370669602,1.2349564944257252,1.4202943514102697,0.39060933440912754,0.5321403527031374,0.5963387669893608,0.6842869999541376,0.7526043592516141,0.7680609424794991,0.8941506009611357,1.1111719772177573,1.2595643740708962,1.4804898965338613,0.5893533568042806,1.053445893410348,0.6220112199790371,"rgba(239, 83, 80, 1.0)",0.47892764031613616,0.5061066228201269,-0.2633103880512825,31.926626730155512,-15.65472777429052,False,True,False,True,False,0.0,0.0,0.0,0.0,0.0,0,0.8449787677626921,1.128705432813609,False,False,False,False,-0.34282825441539394,-0.3263850137098758,False,False,False,False,-4270527,-3396708.3865378755,False,False,False,False,256474.45788363906,False,False,False,False
2023-11-10 00:00:00+00:00,0.4,0.4135,0.3303,0.4135,240337,0.5024287147454515,0.5786452195534812,0.6403460439782058,0.7416393252920771,0.7543220713084832,0.8391914908629343,0.8592207189771355,1.0453381466021323,1.1233104917497299,1.2263673397420465,1.4117261416854388,0.3893161207696581,0.5222092615613861,0.5860747217044067,0.6749839159189912,0.7442282822910156,0.7613426172425423,0.8870075339372646,1.1028726060354803,1.2510174797175913,1.4721257700371684,0.5786452195534812,1.0453381466021323,0.6134193677123155,"rgba(239, 83, 80, 1.0)",0.4222469342079009,0.49814982915749423,-0.23244651696906904,32.63965351821879,-15.65472777429052,False,True,False,True,False,0.0,0.0,0.0,0.0,0.0,0,0.8523931582827774,1.1339746038982899,False,False,False,False,-0.324277400302513,-0.32533120700619444,False,False,False,False,-4030190,-3443632.9504980333,False,False,False,False,255279.0906329991,False,False,False,False
2023-11-17 00:00:00+00:00,0.3799,0.3866,0.3501,0.3866,100744,0.49843369958016054,0.5742860425821854,0.6362252573716193,0.7379440627295921,0.7513016525265284,0.8363034194587734,0.8562734289536955,1.0419518300402855,1.1198088317148411,1.2227800696689373,1.4081451913137994,0.388377460828983,0.5181813547792081,0.5818801241168295,0.6711368189271175,0.7407436328703978,0.7585298242133853,0.8840195308711847,1.0994065545919802,1.2474472521658737,1.468628625238317,0.5742860425821854,1.0419518300402855,0.6098510106312622,"rgba(239, 83, 80, 1.0)",0.4001389767423361,0.49481963944263424,-0.2871993135440917,32.85278909414592,-15.65472777429052,False,True,False,True,False,0.0,0.0,0.0,0.0,0.0,0,0.8728149229461406,1.1256029811317698,False,False,False,False,-0.3296971749159621,-0.32751419096107826,False,False,False,False,-4130934,-3494544.1393500306,False,False,False,False,243832.04688240658,False,False,False,False
