date,Close,High,Low,Open,Volume,aVWAP_peak_887,aVWAP_valley_903
2022-01-03 00:00:00+00:00,9.6442627624,9.8658522689,9.6442627624,9.8453753509,298934,,
2022-01-04 00:00:00+00:00,9.8453753509,9.9458402302,9.6168383186,9.7356775754,386116,,
2022-01-05 00:00:00+00:00,10.1287612709,10.4030057096,9.8088094257,9.9276486825,618259,,
2022-01-06 00:00:00+00:00,9.6945409095,10.2018931212,9.4157257302,10.1470442335,540680,,
2022-01-07 00:00:00+00:00,9.4340086927,9.6808286876,9.0774909224,9.6076968373,776336,,
2022-01-10 00:00:00+00:00,9.004359072,9.4797160992,8.8215294462,9.4797160992,677723,,
2022-01-11 00:00:00+00:00,9.095773885,9.2648912888,8.784963521,9.0135005533,431789,,
2022-01-12 00:00:00+00:00,9.3517353611,9.3974427676,9.0683494411,9.1871886979,340919,,
2022-01-13 00:00:00+00:00,9.1780472166,9.5420610016,9.1414812914,9.2877449921,639488,,
2022-01-14 00:00:00+00:00,9.159764254,9.2603205482,8.876378334,9.2328961043,336567,,
2022-01-18 00:00:00+00:00,9.1140568475,9.2420375856,8.9312272217,9.0683494411,474166,,
2022-01-19 00:00:00+00:00,9.0774909224,9.4157257302,9.004359072,9.1871886979,349902,,
2022-01-20 00:00:00+00:00,8.5655679701,9.3974427676,8.5564264888,9.095773885,839498,,
2022-01-21 00:00:00+00:00,7.7885420603,8.5290020449,7.7702590977,8.5290020449,1246601,,
2022-01-24 00:00:00+00:00,7.7611176164,7.8525324293,7.3771754022,7.560005028,716886,,
2022-01-25 00:00:00+00:00,7.6331368783,7.6971272474,7.3131850331,7.6697028035,561112,,
2022-01-26 00:00:00+00:00,7.7976835416,8.2090501997,7.7336931725,7.7885420603,907390,,
2022-01-27 00:00:00+00:00,7.6422783596,8.1450598306,7.6331368783,7.9073813171,1146560,,
2022-01-28 00:00:00+00:00,7.9165227984,7.9348057609,7.4503072525,7.6971272474,910706,,
2022-01-31 00:00:00+00:00,8.2090501997,8.295894272,7.8708153919,7.8708153919,422234,,
2022-02-01 00:00:00+00:00,8.5198605636,8.5472850075,8.1816257558,8.2090501997,393495,,
2022-02-02 00:00:00+00:00,8.2456161249,8.6204168578,8.1816257558,8.5472850075,342031,,
2022-02-03 00:00:00+00:00,8.2547576061,8.3644553816,8.0170790926,8.1907672371,460713,,
2022-02-04 00:00:00+00:00,8.0993524242,8.3370309378,7.9204536353,8.3370309378,376389,,
2022-02-07 00:00:00+00:00,8.0079376113,8.3370309378,7.9073813171,8.0993524242,445433,,
2022-02-08 00:00:00+00:00,8.3644553816,8.4193042694,7.9896546487,7.9896546487,665731,,
2022-02-09 00:00:00+00:00,8.720973152,8.7575390772,8.2913235313,8.4193042694,259158,,
2022-02-10 00:00:00+00:00,8.5564264888,8.9129442591,8.4832946384,8.6204168578,318910,,
2022-02-11 00:00:00+00:00,8.643270561,9.3608768424,8.501577601,9.1323398101,1322751,,
2022-02-14 00:00:00+00:00,8.28218205,8.7392561146,8.2456161249,8.6204168578,407650,,
2022-02-15 00:00:00+00:00,8.3553139004,8.4832946384,8.1267768681,8.3461724191,742807,,
2022-02-16 00:00:00+00:00,8.28218205,8.5381435262,8.1724842745,8.3461724191,345365,,
2022-02-17 00:00:00+00:00,8.0902109429,8.3187479752,8.0719279803,8.2638990874,403930,,
2022-02-18 00:00:00+00:00,8.062786499,8.1816257558,7.9530887235,8.1084939055,251600,,
2022-02-22 00:00:00+00:00,8.0170790926,8.28218205,7.9530887235,8.0079376113,535570,,
2022-02-23 00:00:00+00:00,7.8525324293,8.1267768681,7.8251079854,8.0993524242,262857,,
2022-02-24 00:00:00+00:00,7.9439472422,8.0079376113,7.4640194744,7.6605613222,740272,,
2022-02-25 00:00:00+00:00,8.2730405687,8.4752704493,7.9880802825,7.9880802825,763555,,
2022-02-28 00:00:00+00:00,8.3649632417,8.5028472512,8.0983874901,8.1443488265,568334,,
2022-03-01 00:00:00+00:00,8.5947699242,8.649923528,8.3190019052,8.3925400436,889197,,
2022-03-02 00:00:00+00:00,9.1003446256,9.265805437,8.3190019052,8.3190019052,1331718,,
2022-03-03 00:00:00+00:00,9.0635755564,9.2841899716,8.8567495422,9.173882764,657311,,
2022-03-04 00:00:00+00:00,9.35772811,9.3761126446,8.8521534085,8.8613456758,1316357,,
2022-03-07 00:00:00+00:00,8.9716528834,9.8265337422,8.9073070123,9.5783425251,2150492,,
2022-03-08 00:00:00+00:00,9.1371136948,9.3117667735,8.9440760815,8.9716528834,1345804,,
2022-03-09 00:00:00+00:00,9.5507657232,9.5921309261,9.0543832891,9.2014595659,1328396,,
2022-03-10 00:00:00+00:00,9.8265337422,9.8633028114,9.4312662483,9.513996654,716596,,
2022-03-11 00:00:00+00:00,9.4772275848,9.9919945536,9.4680353175,9.9919945536,817133,,
2022-03-14 00:00:00+00:00,9.2014595659,9.5875347924,9.0451910218,9.4036894465,993543,,
2022-03-15 00:00:00+00:00,9.5691502578,9.605919327,9.0268064872,9.1279214275,963714,,
2022-03-16 00:00:00+00:00,9.8724950787,10.0011868209,9.5967270597,9.6610729308,1000138,,
2022-03-17 00:00:00+00:00,10.0839172265,10.1023017611,9.7621878711,9.7621878711,870291,,
2022-03-18 00:00:00+00:00,9.8357260095,10.1114940284,9.5783425251,10.0471481574,914253,,
2022-03-21 00:00:00+00:00,10.5527228588,10.6722223337,9.9460332171,9.9460332171,1548460,,
2022-03-22 00:00:00+00:00,10.5435305915,10.7733372739,10.2999355081,10.7089914029,1345208,,
2022-03-23 00:00:00+00:00,11.1226434313,11.2329506389,10.5159537896,10.5159537896,1483793,,
2022-03-24 00:00:00+00:00,11.0858743621,11.4903341232,10.7089914029,10.8192986104,2602902,,
2022-03-25 00:00:00+00:00,10.9663748872,11.113451164,10.7227798038,11.0491052929,1191141,,
2022-03-28 00:00:00+00:00,10.6170687299,10.9571826199,10.5527228588,10.9387980853,740574,,
2022-03-29 00:00:00+00:00,10.2769548398,10.5328675614,9.8449182768,10.5159537896,1427867,,
2022-03-30 00:00:00+00:00,10.5527228588,10.5527228588,10.2493780379,10.3780697801,1026415,,
2022-03-31 00:00:00+00:00,10.3413007109,10.8192986104,10.313723909,10.6170687299,968971,,
2022-04-01 00:00:00+00:00,10.837683145,10.8836444815,10.3504929782,10.3504929782,1216737,,
2022-04-04 00:00:00+00:00,10.4791847204,10.8928367488,10.3826659138,10.8928367488,626596,,
2022-04-05 00:00:00+00:00,10.3045316417,10.5802996607,10.2539741716,10.4699924531,780590,,
2022-04-06 00:00:00+00:00,9.9000718806,10.2953393744,9.8173414749,10.2126089687,753001,,
2022-04-07 00:00:00+00:00,9.8908796133,9.9828022863,9.6105154607,9.7162265346,556994,,
2022-04-08 00:00:00+00:00,10.1114940284,10.2309935033,9.8449182768,9.9092641479,499786,,
2022-04-11 00:00:00+00:00,9.8265337422,10.2585703052,9.7162265346,10.2585703052,896876,,
2022-04-12 00:00:00+00:00,9.7438033365,10.1574553649,9.7162265346,9.8908796133,1127048,,
2022-04-13 00:00:00+00:00,10.0287636228,10.0886972055,9.7254188019,9.7989569403,897944,,
2022-04-14 00:00:00+00:00,9.9460332171,10.0563404247,9.6610729308,10.0379558901,1261613,,
2022-04-18 00:00:00+00:00,9.9460332171,10.2401857706,9.8724950787,10.0103790882,1132020,,
2022-04-19 00:00:00+00:00,9.8449182768,9.973610019,9.7536390625,9.9368409498,758274,,
2022-04-20 00:00:00+00:00,9.6334961289,9.8633028114,9.3853049119,9.8633028114,1570616,,
2022-04-21 00:00:00+00:00,9.5507657232,9.8173414749,9.265805437,9.6426883962,1652927,,
2022-04-22 00:00:00+00:00,9.3209590408,9.7713801384,9.2474209024,9.4864198521,1079146,,
2022-04-25 00:00:00+00:00,8.9992296853,9.1646904967,8.5580927777,9.1646904967,1218954,,
2022-04-26 00:00:00+00:00,8.6407312607,9.1003446256,8.6131544588,9.0084219526,1132846,,
2022-04-27 00:00:00+00:00,8.8153843393,8.9302876806,8.649923528,8.741846201,891825,,
2022-04-28 00:00:00+00:00,9.0543832891,9.1095368929,8.5763853896,8.8705379431,950609,,
2022-04-29 00:00:00+00:00,8.7969998047,9.2382286351,8.7694230029,9.0268064872,352914,,
2022-05-02 00:00:00+00:00,8.5947699242,8.806192072,8.4109245782,8.7234616664,1073407,,
2022-05-03 00:00:00+00:00,8.7510384683,8.8245766066,8.5304240531,8.5763853896,501135,,
2022-05-04 00:00:00+00:00,8.9256915469,8.9716528834,8.4293091128,8.8153843393,783920,,
2022-05-05 00:00:00+00:00,8.5304240531,8.9073070123,8.2638483014,8.9073070123,902861,,
2022-05-06 00:00:00+00:00,8.3833477763,8.5763853896,8.1811178957,8.5488085877,738120,,
2022-05-09 00:00:00+00:00,8.0248493517,8.3649632417,7.9696957479,8.190310163,1256899,,
2022-05-10 00:00:00+00:00,7.7490813327,8.3190019052,7.6020050559,8.282232836,1307165,,
2022-05-11 00:00:00+00:00,7.6203895905,7.9513112133,7.5376591848,7.7950426692,1460350,,
2022-05-12 00:00:00+00:00,7.7215045308,7.7398890654,7.3170447697,7.4916978483,1604956,,
2022-05-13 00:00:00+00:00,8.1075797574,8.5028472512,7.8226194711,7.8226194711,1948282,,
2022-05-16 00:00:00+00:00,8.374155509,8.4385013801,8.0983874901,8.1811178957,1188180,,
2022-05-17 00:00:00+00:00,8.6407312607,8.7326539337,8.4017323109,8.6683080626,862691,,
2022-05-18 00:00:00+00:00,8.4476936474,8.6591157953,8.3511748408,8.6315389934,1031773,,
2022-05-19 00:00:00+00:00,8.558000855,8.6958848645,8.2914251033,8.3833477763,1086701,,
2022-05-20 00:00:00+00:00,8.1719256284,8.6591157953,8.0110609507,8.649923528,1306343,,
2022-05-23 00:00:00+00:00,8.5488085877,8.6131544588,8.2546560341,8.2546560341,508632,,
2022-05-24 00:00:00+00:00,8.3925400436,8.5396163204,8.1995024303,8.4568859147,853176,,
2022-05-25 00:00:00+00:00,8.6683080626,8.7142693991,8.2914251033,8.3557709744,439659,,
2022-05-26 00:00:00+00:00,8.7786152701,8.8521534085,8.6545196616,8.6591157953,523801,,
2022-05-27 00:00:00+00:00,9.0176142199,9.0773639574,8.806192072,8.9256915469,394321,,
2022-05-31 00:00:00+00:00,8.8245766066,9.2474209024,8.7142693991,9.0176142199,594710,,
2022-06-01 00:00:00+00:00,8.8705379431,8.990037418,8.7050771318,8.8705379431,655429,,
2022-06-02 00:00:00+00:00,9.0268064872,9.1187291602,8.9256915469,8.9532683488,465479,,
2022-06-03 00:00:00+00:00,8.7142693991,9.0451910218,8.6729041962,8.9624606161,854825,,
2022-06-06 00:00:00+00:00,8.558000855,8.9256915469,8.5028472512,8.8429611412,609380,,
2022-06-07 00:00:00+00:00,8.7786152701,8.7969998047,8.4385013801,8.4476936474,654215,,
2022-06-08 00:00:00+00:00,8.3373864398,8.7234616664,8.2914251033,8.7234616664,843037,,
2022-06-09 00:00:00+00:00,8.1351565592,8.4063284446,8.125964292,8.2914251033,906967,,
2022-06-10 00:00:00+00:00,7.9053498768,8.1443488265,7.8134272038,8.1443488265,855516,,
2022-06-13 00:00:00+00:00,7.326237037,7.8042349365,7.2894679678,7.6203895905,1384313,,
2022-06-14 00:00:00+00:00,7.2618911659,7.5836205213,7.1240071564,7.3538138389,1540525,,
2022-06-15 00:00:00+00:00,8.6866925972,8.9486722152,8.3006173706,8.6407312607,6230498,,
2022-06-16 00:00:00+00:00,8.4476936474,8.6591157953,8.2454637668,8.4201168455,2786853,,
2022-06-17 00:00:00+00:00,8.4936549839,8.5488085877,8.1811178957,8.4844627166,2180677,,
2022-06-21 00:00:00+00:00,8.7694230029,8.8429611412,8.5901737905,8.6407312607,2854087,,
2022-06-22 00:00:00+00:00,8.6683080626,8.9164992796,8.5028472512,8.5488085877,1920254,,
2022-06-23 00:00:00+00:00,8.4476936474,8.7234616664,8.2178869649,8.6866925972,3323844,,
2022-06-24 00:00:00+00:00,8.6039621915,8.7056201766,8.4376127614,8.4745793014,1505907,,
2022-06-27 00:00:00+00:00,8.6594120015,8.7841740741,8.5115458414,8.6409287315,1227236,,
2022-06-28 00:00:00+00:00,8.5392707464,8.8534863367,8.5300291114,8.6963785415,1386502,,
2022-06-29 00:00:00+00:00,8.5392707464,8.608583009,8.3544380463,8.5762372865,1654296,,
2022-06-30 00:00:00+00:00,8.2989882362,8.4376127614,8.1788469812,8.4006462213,1738091,,
2022-07-01 00:00:00+00:00,8.5023042064,8.590099739,8.2342967912,8.2712633312,1700152,,
2022-07-05 00:00:00+00:00,8.1973302512,8.3082298713,8.0956722661,8.3082298713,2256420,,
2022-07-06 00:00:00+00:00,8.3451964113,8.3729213163,8.1511220761,8.1511220761,1771149,,
2022-07-07 00:00:00+00:00,8.4468543964,8.5392707464,8.3405755938,8.4930625714,1716830,,
2022-07-08 00:00:00+00:00,8.4745793014,8.5115458414,8.3590588638,8.4283711263,1596598,,
2022-07-11 00:00:00+00:00,8.3451964113,8.4514752139,8.3220923238,8.3729213163,2025348,,
2022-07-12 00:00:00+00:00,8.2712633312,8.4191294913,8.2158135212,8.3174715063,2392957,,
2022-07-13 00:00:00+00:00,8.3451964113,8.4237503088,8.1788469812,8.2065718862,2439132,,
2022-07-14 00:00:00+00:00,8.3174715063,8.3914045863,8.1511220761,8.2805049662,2363785,,
2022-07-15 00:00:00+00:00,8.4376127614,8.4976833889,8.2250551562,8.4006462213,1687527,,
2022-07-18 00:00:00+00:00,8.6501703665,8.9181777817,8.4098878563,8.4098878563,4406612,,
2022-07-19 00:00:00+00:00,8.7425867166,8.8719696067,8.6501703665,8.6871369065,5302450,,
2022-07-20 00:00:00+00:00,8.7425867166,8.8996945117,8.7241034466,8.7425867166,3174488,,
2022-07-21 00:00:00+00:00,8.8257614316,8.8904528767,8.6963785415,8.7518283516,4098212,,
2022-07-22 00:00:00+00:00,8.7518283516,8.8904528767,8.7333450816,8.8534863367,3809882,,
2022-07-25 00:00:00+00:00,8.8350030667,8.9828692268,8.7980365266,8.8165197966,7374955,,
2022-07-26 00:00:00+00:00,8.6224454615,8.8812112417,8.6224454615,8.8165197966,5081195,,
2022-07-27 00:00:00+00:00,8.7056201766,8.7795532566,8.5485123814,8.6778952715,2071743,,
2022-07-28 00:00:00+00:00,8.5023042064,8.7887948916,8.3914045863,8.6132038265,3810391,,
2022-07-29 00:00:00+00:00,8.5023042064,8.5762372865,8.3636796813,8.5577540164,2005482,,
2022-08-01 00:00:00+00:00,8.6132038265,8.7194826291,8.5115458414,8.6686536365,2077191,,
2022-08-02 00:00:00+00:00,8.3359547763,8.6409287315,8.3174715063,8.5854789215,1520127,,
2022-08-03 00:00:00+00:00,8.2250551562,8.44676198,8.0679473611,8.4376127614,2310229,,
2022-08-04 00:00:00+00:00,8.5300291114,8.5947205565,8.2527800612,8.3359547763,3282226,,
2022-08-05 00:00:00+00:00,8.6871369065,8.7934157091,8.4098878563,8.5023042064,2667941,,
2022-08-08 00:00:00+00:00,8.4191294913,8.7980365266,8.3914045863,8.7887948916,2383491,,
2022-08-09 00:00:00+00:00,8.3174715063,8.4191294913,8.1233971711,8.4006462213,2300997,,
2022-08-10 00:00:00+00:00,8.6594120015,8.7472075341,8.2250551562,8.4098878563,2741368,,
2022-08-11 00:00:00+00:00,8.6224454615,8.8442447017,8.590099739,8.6871369065,1429290,,
2022-08-12 00:00:00+00:00,8.7610699866,8.7841740741,8.6224454615,8.6224454615,2433133,,
2022-08-15 00:00:00+00:00,8.7795532566,8.7934157091,8.5161666589,8.6686536365,1820993,,
2022-08-16 00:00:00+00:00,9.0013524968,9.0013524968,8.7980365266,8.7980365266,2039534,,
2022-08-17 00:00:00+00:00,8.7333450816,8.9181777817,8.5762372865,8.9181777817,1766993,,
2022-08-18 00:00:00+00:00,8.6409287315,8.8534863367,8.6039621915,8.7795532566,947050,,
2022-08-19 00:00:00+00:00,8.3729213163,8.5762372865,8.3267131413,8.5762372865,892973,,
2022-08-22 00:00:00+00:00,8.1233971711,8.2805049662,8.0725681786,8.2712633312,1079933,,
2022-08-23 00:00:00+00:00,8.6132038265,8.636307914,8.1696053461,8.1880886162,1609176,,
2022-08-24 00:00:00+00:00,9.0475606718,9.0568023068,8.6224454615,8.7241034466,2091675,,
2022-08-25 00:00:00+00:00,9.1030104819,9.1880335239,8.9274194167,9.0845272118,1176509,,
2022-08-26 00:00:00+00:00,8.8996945117,9.1677019269,8.8026573441,9.1677019269,1193555,,
2022-08-29 00:00:00+00:00,8.8257614316,8.9274194167,8.7934157091,8.8442447017,1006645,,
2022-08-30 00:00:00+00:00,8.6778952715,8.9287551991,8.492073103,8.9287551991,1735007,,
2022-08-31 00:00:00+00:00,8.4734908861,8.6500219462,8.427035344,8.6500219462,883553,,
2022-09-01 00:00:00+00:00,8.1111376574,8.3805798018,7.9996443563,8.361997585,1986621,,
2022-09-02 00:00:00+00:00,8.2412131754,8.3712886934,8.1622387538,8.1854665249,1088517,,
2022-09-06 00:00:00+00:00,8.3712886934,8.5524653078,8.2412131754,8.3155420428,1162647,,
2022-09-07 00:00:00+00:00,8.4177442356,8.4409720066,8.1854665249,8.3248331513,881489,,
2022-09-08 00:00:00+00:00,8.5199464283,8.557110862,8.3062509344,8.3805798018,772864,,
2022-09-09 00:00:00+00:00,8.8451352232,8.8730085485,8.5756930788,8.5849841873,930357,,
2022-09-12 00:00:00+00:00,8.68718638,8.9845018496,8.6593130547,8.9566285244,1019322,,
2022-09-13 00:00:00+00:00,8.4827819945,8.7057685968,8.4502631151,8.4594613124,583855,,
2022-09-14 00:00:00+00:00,8.1390109827,8.5385286451,7.9996443563,8.4827819945,2065308,,
2022-09-15 00:00:00+00:00,7.8974421636,8.1483020911,7.8602777299,8.101846549,1542538,,
2022-09-16 00:00:00+00:00,7.6837466698,7.8324044046,7.5165067181,7.7487844288,1993409,,
2022-09-19 00:00:00+00:00,7.6651644529,7.8138221878,7.5490255976,7.5815444771,974184,,
2022-09-20 00:00:00+00:00,7.4421778506,7.6001266939,7.3957223085,7.6001266939,824309,,
2022-09-21 00:00:00+00:00,7.2284823568,7.4700511759,7.2191912484,7.4328867422,1172435,,
2022-09-22 00:00:00+00:00,7.2656467905,7.4143045254,7.2377734652,7.2935201158,1748358,,
2022-09-23 00:00:00+00:00,6.9683313208,7.2099001399,6.8614835739,7.2099001399,1463282,,
2022-09-26 00:00:00+00:00,7.0240779714,7.2238368026,6.8986480076,6.9172302245,1609745,,
2022-09-27 00:00:00+00:00,6.8940024534,7.1541534894,6.7406991643,7.0984068388,1326734,,
2022-09-28 00:00:00+00:00,6.234333755,6.3179537309,5.7697783336,6.0485115865,4784594,,
2022-09-29 00:00:00+00:00,6.0856760202,6.299371514,6.0113471528,6.234333755,1780020,,
2022-09-30 00:00:00+00:00,5.9834738275,6.1600048876,5.9370182853,6.0485115865,1569790,,
2022-10-03 00:00:00+00:00,6.1135493455,6.1925237671,6.0067015986,6.0856760202,1071999,,
2022-10-04 00:00:00+00:00,6.4480292489,6.5130670079,6.2250426466,6.234333755,1256127,,
2022-10-05 00:00:00+00:00,6.3086626225,6.4015737067,6.1971693213,6.3829914899,1089933,,
2022-10-06 00:00:00+00:00,6.4108648152,6.4526748031,6.2436248635,6.3086626225,1200530,,
2022-10-07 00:00:00+00:00,6.1600048876,6.4015737067,6.0624482491,6.3737003814,1126135,,
2022-10-10 00:00:00+00:00,6.3086626225,6.364409273,6.1878782129,6.1971693213,733368,,
2022-10-11 00:00:00+00:00,6.2714981887,6.4480292489,6.2203970924,6.2529159719,867665,,
2022-10-12 00:00:00+00:00,6.0856760202,6.2436248635,5.9881193817,6.2436248635,1714649,,
2022-10-13 00:00:00+00:00,6.2529159719,6.3040170682,5.9091449601,5.9463093938,2098334,,
2022-10-14 00:00:00+00:00,6.039220478,6.3179537309,6.0020560443,6.2529159719,790914,,
2022-10-17 00:00:00+00:00,6.2157515382,6.4015737067,6.1181948997,6.1878782129,1991678,,
2022-10-18 00:00:00+00:00,6.2529159719,6.364409273,6.1878782129,6.3272448393,582411,,
2022-10-19 00:00:00+00:00,6.234333755,6.3179537309,6.1600048876,6.2064604297,564246,,
2022-10-20 00:00:00+00:00,6.2714981887,6.4248014778,6.169295996,6.2436248635,810240,,
2022-10-21 00:00:00+00:00,6.494484791,6.5130670079,6.2203970924,6.2250426466,780578,,
2022-10-24 00:00:00+00:00,6.3086626225,6.5223581163,6.2622070803,6.5223581163,854250,,
2022-10-25 00:00:00+00:00,6.3179537309,6.4108648152,6.2529159719,6.3179537309,754270,,
2022-10-26 00:00:00+00:00,6.4201559236,6.5130670079,6.3179537309,6.3365359477,730839,,
2022-10-27 00:00:00+00:00,6.2157515382,6.4480292489,6.1878782129,6.4387381404,960437,,
2022-10-28 00:00:00+00:00,6.2807892972,6.3086626225,6.039220478,6.234333755,1031280,,
2022-10-31 00:00:00+00:00,6.3272448393,6.3690548272,6.1971693213,6.2436248635,666091,,
2022-11-01 00:00:00+00:00,6.3922825983,6.4898392368,6.3458270562,6.4108648152,820873,,
2022-11-02 00:00:00+00:00,6.4851936826,6.7360536101,6.4108648152,6.4108648152,2320491,,
2022-11-03 00:00:00+00:00,6.3365359477,6.4015737067,6.1832326587,6.3551181646,1138703,,
2022-11-04 00:00:00+00:00,6.8289646944,6.8289646944,6.4108648152,6.5223581163,1501555,,
2022-11-07 00:00:00+00:00,6.7267625017,7.0426601882,6.7267625017,6.8475469113,941716,,
2022-11-08 00:00:00+00:00,6.3922825983,6.5316492247,5.8905627432,6.3458270562,2598149,,
2022-11-09 00:00:00+00:00,6.0020560443,6.3272448393,5.9695371648,6.3272448393,1597480,,
2022-11-10 00:00:00+00:00,6.1600048876,6.3272448393,6.039220478,6.2250426466,1231142,,
2022-11-11 00:00:00+00:00,6.3179537309,6.5037758994,6.2157515382,6.2529159719,1492331,,
2022-11-14 00:00:00+00:00,6.1228404539,6.3365359477,6.104258237,6.3272448393,736070,,
2022-11-15 00:00:00+00:00,6.2529159719,6.4851936826,6.1321315623,6.1414226708,1183067,,
2022-11-16 00:00:00+00:00,6.0670938033,6.2250426466,6.039220478,6.2250426466,1006222,,
2022-11-17 00:00:00+00:00,5.9927649359,6.015992707,5.8998538516,5.9741827191,801986,,
2022-11-18 00:00:00+00:00,6.0485115865,6.0949671286,5.9370182853,6.039220478,667878,,
2022-11-21 00:00:00+00:00,6.0485115865,6.104258237,5.9370182853,6.015992707,986330,,
2022-11-22 00:00:00+00:00,6.2064604297,6.4248014778,6.1135493455,6.1135493455,1540397,,
2022-11-23 00:00:00+00:00,6.2064604297,6.2064604297,6.0578026949,6.1785871045,581103,,
2022-11-25 00:00:00+00:00,6.1971693213,6.2622070803,6.1785871045,6.1785871045,278052,,
2022-11-28 00:00:00+00:00,5.9648916106,6.1971693213,5.8719805263,6.1971693213,1522378,,
2022-11-29 00:00:00+00:00,6.0485115865,6.1795938809,6.0157410129,6.0578746075,1240695,,
2022-11-30 00:00:00+00:00,6.198319923,6.207682944,6.0344670549,6.0859636706,1155416,,
2022-12-01 00:00:00+00:00,6.188956902,6.2825871123,6.1046897127,6.2264089861,789008,,
2022-12-02 00:00:00+00:00,6.4043063857,6.4277139383,6.1140527337,6.1140527337,1010778,,
2022-12-05 00:00:00+00:00,6.1327787758,6.4417584698,6.1093712232,6.3762173226,815866,,
2022-12-06 00:00:00+00:00,5.9455183551,6.2357720071,5.9033847605,6.2357720071,763973,,
2022-12-07 00:00:00+00:00,5.9361553341,6.0391485654,5.8799772079,5.917429292,1036922,,
2022-12-08 00:00:00+00:00,5.9267923131,6.0906451811,5.8893402289,5.9923334603,996286,,
2022-12-09 00:00:00+00:00,5.7395318924,5.9455183551,5.7208058504,5.9267923131,986677,,
2022-12-12 00:00:00+00:00,5.7676209555,5.7863469976,5.5967458217,5.7395318924,1289417,,
2022-12-13 00:00:00+00:00,5.6365386611,6.0485115865,5.599086577,5.9361553341,1760305,,
2022-12-14 00:00:00+00:00,5.5616344928,5.6646277242,5.5054563666,5.617812619,1042594,,
2022-12-15 00:00:00+00:00,5.4118261563,5.5054563666,5.3837370932,5.5054563666,617221,,
2022-12-16 00:00:00+00:00,5.4867303246,5.5195008982,5.3369219881,5.3837370932,712411,,
2022-12-19 00:00:00+00:00,5.318195946,5.5429084508,5.2807438619,5.5429084508,726282,,
2022-12-20 00:00:00+00:00,5.6552647031,5.6739907452,5.318195946,5.3369219881,839608,,
2022-12-21 00:00:00+00:00,5.9642443972,5.9642443972,5.7114428293,5.7114428293,1144301,,
2022-12-22 00:00:00+00:00,5.7582579345,5.9642443972,5.5803605349,5.917429292,1308104,,
2022-12-23 00:00:00+00:00,6.0016964813,6.0016964813,5.7488949135,5.8050730397,1481691,,
2022-12-27 00:00:00+00:00,5.917429292,6.0485115865,5.8612511658,6.0485115865,786590,,
2022-12-28 00:00:00+00:00,5.7020798083,5.9923334603,5.6037680875,5.917429292,2381933,,
2022-12-29 00:00:00+00:00,5.9455183551,5.9736074182,5.7208058504,5.7208058504,1345647,,
2022-12-30 00:00:00+00:00,5.9361553341,5.9736074182,5.8050730397,5.917429292,861926,,
2023-01-03 00:00:00+00:00,5.8612511658,6.0578746075,5.8237990817,5.9267923131,978299,,
2023-01-04 00:00:00+00:00,5.7395318924,5.9455183551,5.7114428293,5.9455183551,948792,,
2023-01-05 00:00:00+00:00,5.6646277242,5.8050730397,5.6037680875,5.7301688714,1332140,,
2023-01-06 00:00:00+00:00,5.9267923131,6.0391485654,5.7114428293,5.7114428293,979399,,
2023-01-09 00:00:00+00:00,5.9455183551,6.1608678389,5.9267923131,5.9361553341,903294,,
2023-01-10 00:00:00+00:00,5.5803605349,5.7114428293,5.4165076668,5.7020798083,3655335,,
2023-01-11 00:00:00+00:00,5.7863469976,5.8097545502,5.5522714718,5.6459016821,2169101,,
2023-01-12 00:00:00+00:00,5.9736074182,6.0016964813,5.7254873609,5.917429292,1179598,,
2023-01-13 00:00:00+00:00,5.9736074182,5.9829704393,5.8752956974,5.8893402289,565685,,
2023-01-17 00:00:00+00:00,6.0391485654,6.1468233073,5.9642443972,5.9642443972,871911,,
2023-01-18 00:00:00+00:00,6.3106761754,6.5447517012,6.2357720071,6.3106761754,2204245,,
2023-01-19 00:00:00+00:00,6.4511214908,6.4511214908,6.1702308599,6.3481282595,1169403,,
2023-01-20 00:00:00+00:00,6.797553269,6.80691629,6.4230324277,6.4604845119,925212,,
2023-01-23 00:00:00+00:00,6.9660876476,6.9660876476,6.7601011849,6.80691629,963094,,
2023-01-24 00:00:00+00:00,6.9099095214,6.9567246265,6.8022347795,6.8911834793,800177,,
2023-01-25 00:00:00+00:00,6.9286355635,6.9473616055,6.7226491008,6.8818204583,884272,,
2023-01-26 00:00:00+00:00,7.2657043206,7.2937933837,7.0035397317,7.0129027527,1384295,,
2023-01-27 00:00:00+00:00,7.4529647412,7.4904168254,7.2001631734,7.2095261944,1992301,,
2023-01-30 00:00:00+00:00,7.668314225,7.687040267,7.3499715099,7.396786615,1643523,,
2023-01-31 00:00:00+00:00,7.8743006877,7.8836637087,7.5653209936,7.6121360988,1484043,,
2023-02-01 00:00:00+00:00,7.8274855825,7.8555746456,7.5559579726,7.7900334984,1497638,,
2023-02-02 00:00:00+00:00,7.8836637087,8.0053829821,7.8087595404,7.8836637087,1066636,,
2023-02-03 00:00:00+00:00,7.9960199611,8.0990131924,7.7900334984,7.7900334984,757713,,
2023-02-06 00:00:00+00:00,7.7900334984,7.9492048559,7.7057663091,7.8649376666,1085010,,
2023-02-07 00:00:00+00:00,7.8836637087,7.9304788138,7.7432183932,7.7993965194,1076490,,
2023-02-08 00:00:00+00:00,7.6402251619,7.8836637087,7.5746840146,7.8836637087,934492,,
2023-02-09 00:00:00+00:00,7.6402251619,7.7525814142,7.5372319305,7.6964032881,1716112,,
2023-02-10 00:00:00+00:00,7.7432183932,7.7759889668,7.5559579726,7.5934100567,1619767,,
2023-02-13 00:00:00+00:00,7.6121360988,7.7806704773,7.5746840146,7.7525814142,1755124,,
2023-02-14 00:00:00+00:00,7.7619444353,8.2441400184,7.4061496361,7.4342386992,3086450,,
2023-02-15 00:00:00+00:00,7.7432183932,7.841530114,7.5185058885,7.5746840146,1885558,,
2023-02-16 00:00:00+00:00,7.4623277623,7.7432183932,7.4623277623,7.687040267,1267675,,
2023-02-17 00:00:00+00:00,7.2469782785,7.4529647412,7.2282522365,7.4529647412,930044,,
2023-02-21 00:00:00+00:00,6.9848136896,7.3218824468,6.9286355635,7.2188892154,1075226,,
2023-02-22 00:00:00+00:00,7.087806921,7.1720741103,6.9286355635,6.9286355635,1109716,,
2023-02-23 00:00:00+00:00,7.0690808789,7.2657043206,6.9099095214,7.0690808789,2246412,,
2023-02-24 00:00:00+00:00,6.9848136896,7.0269472843,6.8256423321,6.9379985845,1159843,,
2023-02-27 00:00:00+00:00,7.1533480682,7.337129738,7.0308269551,7.0308269551,1552657,,
2023-02-28 00:00:00+00:00,7.5586102117,7.6811313249,7.1434521322,7.1816221713,1768517,,
2023-03-01 00:00:00+00:00,7.72825483,7.8507759431,7.5633225622,7.6622819229,1674355,,
2023-03-02 00:00:00+00:00,7.9544476542,8.0392699634,7.5538978612,7.6905560259,1379392,,
2023-03-03 00:00:00+00:00,8.538779117,8.6707249312,8.0109958603,8.0392699634,2656893,,
2023-03-06 00:00:00+00:00,8.1617910765,8.5717655705,8.0769687674,8.557628519,1386000,,
2023-03-07 00:00:00+00:00,8.0486946644,8.1523663755,7.8649129946,8.0769687674,976505,,
2023-03-08 00:00:00+00:00,7.9167488502,8.1335169735,7.8677404049,8.1335169735,1133537,,
2023-03-09 00:00:00+00:00,7.765953634,8.1005305199,7.7494604072,7.9073241492,1253225,,
2023-03-10 00:00:00+00:00,7.4360890986,7.794227737,7.3418420885,7.775378335,1657404,,
2023-03-13 00:00:00+00:00,7.3795408925,7.5586102117,7.2531556519,7.3229926864,730371,,
2023-03-14 00:00:00+00:00,7.6434325208,7.7141177784,7.5114867067,7.5491855107,1479906,,
2023-03-15 00:00:00+00:00,7.2004715733,7.5256237582,7.1344986662,7.4455137996,2045328,,
2023-03-16 00:00:00+00:00,7.4172396966,7.4832126036,7.0166899035,7.1439233672,1466041,,
2023-03-17 00:00:00+00:00,7.2475950783,7.4737879026,7.2334580268,7.3983902945,2986441,,
2023-03-20 00:00:00+00:00,7.2758691814,7.5586102117,7.1769098207,7.3512667895,1099617,,
2023-03-21 00:00:00+00:00,7.4266643976,7.4455137996,7.2711568309,7.3983902945,1199047,,
2023-03-22 00:00:00+00:00,7.1533480682,7.4266643976,7.1439233672,7.4078149955,953999,,
2023-03-23 00:00:00+00:00,7.1062245632,7.2523074288,7.0449640066,7.1910468723,1171433,,
2023-03-24 00:00:00+00:00,7.021402254,7.0402516561,6.8753193884,7.002552852,1255489,,
2023-03-27 00:00:00+00:00,7.0873751611,7.1769098207,6.8894564399,7.0779504601,704635,,
2023-03-28 00:00:00+00:00,7.2193209753,7.2523074288,7.0030240871,7.0685257591,655175,,
2023-03-29 00:00:00+00:00,7.2664444804,7.35597914,7.2051839238,7.3512667895,506402,,
2023-03-30 00:00:00+00:00,7.2947185834,7.3418420885,7.2287456763,7.2570197793,438881,,
2023-03-31 00:00:00+00:00,7.6151584178,7.794227737,7.3229926864,7.3418420885,953763,,
2023-04-03 00:00:00+00:00,7.5680349127,7.7094054279,7.4643632016,7.6717066239,483900,,
2023-04-04 00:00:00+00:00,7.1910468723,7.607995645,7.0496763571,7.5868843148,917166,,
2023-04-05 00:00:00+00:00,6.993128151,7.1439233672,6.9365799449,7.1439233672,781105,,
2023-04-06 00:00:00+00:00,7.0967998621,7.1250739652,6.8894564399,6.974278749,469606,,
2023-04-10 00:00:00+00:00,7.1910468723,7.2193209753,6.98370345,7.0873751611,360579,,
2023-04-11 00:00:00+00:00,7.4455137996,7.5114867067,7.2570197793,7.2664444804,491784,,
2023-04-12 00:00:00+00:00,7.3418420885,7.5209114077,7.3229926864,7.5209114077,448079,,
2023-04-13 00:00:00+00:00,7.5491855107,7.5821719643,7.3606914905,7.3701161915,445388,,
2023-04-14 00:00:00+00:00,7.3041432844,7.5774596138,7.2664444804,7.5397608097,305547,,
2023-04-17 00:00:00+00:00,7.4266643976,7.4832126036,7.2475950783,7.3324173874,479294,,
2023-04-18 00:00:00+00:00,7.5774596138,7.5774596138,7.4313767481,7.4360890986,673655,,
2023-04-19 00:00:00+00:00,7.3324173874,7.5114867067,7.2617321299,7.4926373047,394824,,
2023-04-20 00:00:00+00:00,7.2098962743,7.4353351225,7.1439233672,7.2664444804,502596,,
2023-04-21 00:00:00+00:00,7.0779504601,7.1816221713,6.9460046459,7.1816221713,486482,,
2023-04-24 00:00:00+00:00,7.2475950783,7.2617321299,7.0308269551,7.0496763571,499439,,
2023-04-25 00:00:00+00:00,6.8140588318,7.1439233672,6.7292365227,7.1156492642,893939,,
2023-04-26 00:00:00+00:00,6.7952094298,6.9356374748,6.7480859247,6.8234835328,488995,,
2023-04-27 00:00:00+00:00,6.8423329348,6.8847440894,6.7386612237,6.8046341308,443306,,
2023-04-28 00:00:00+00:00,6.964854048,7.002552852,6.7575106257,6.8423329348,426789,,
2023-05-01 00:00:00+00:00,6.7575106257,6.964854048,6.6839979578,6.964854048,439672,,
2023-05-02 00:00:00+00:00,6.6255648115,6.7575106257,6.4323584408,6.7575106257,834470,,
2023-05-03 00:00:00+00:00,6.6255648115,6.7292365227,6.583153657,6.5972907085,637962,,
2023-05-04 00:00:00+00:00,6.5784413065,6.61142776,6.4794819458,6.5878660075,525136,,
2023-05-05 00:00:00+00:00,6.7480859247,6.7669353267,6.6444142136,6.6821130176,371808,,
2023-05-08 00:00:00+00:00,6.8706070379,6.9601416975,6.7669353267,6.7952094298,614721,,
2023-05-09 00:00:00+00:00,6.8234835328,6.8894564399,6.7669353267,6.8234835328,320563,,
2023-05-10 00:00:00+00:00,6.8046341308,6.9271552439,6.7245241722,6.9083058419,386300,,
2023-05-11 00:00:00+00:00,6.7009624196,6.7386612237,6.6255648115,6.7292365227,384407,,
2023-05-12 00:00:00+00:00,6.7103871206,6.7763600277,6.6821130176,6.7103871206,525280,,
2023-05-15 00:00:00+00:00,6.8800317389,6.9224428934,6.7198118217,6.7198118217,373368,,
2023-05-16 00:00:00+00:00,6.9365799449,7.0732381096,6.8517576358,6.8517576358,742293,,
2023-05-17 00:00:00+00:00,6.9177305429,7.011977553,6.8706070379,6.993128151,408365,,
2023-05-18 00:00:00+00:00,6.9365799449,6.955429347,6.8423329348,6.8423329348,360615,,
2023-05-19 00:00:00+00:00,7.0496763571,7.3606914905,6.9460046459,7.021402254,1248571,,
2023-05-22 00:00:00+00:00,7.0967998621,7.1156492642,7.0166899035,7.0685257591,627510,,
2023-05-23 00:00:00+00:00,6.993128151,7.0873751611,6.9460046459,7.0873751611,688588,,
2023-05-24 00:00:00+00:00,6.7292365227,6.964854048,6.6255648115,6.964854048,669171,,
2023-05-25 00:00:00+00:00,6.6632636156,6.7480859247,6.583153657,6.7386612237,517587,,
2023-05-26 00:00:00+00:00,6.7480859247,6.7999217803,6.6726883166,6.6726883166,471035,,
2023-05-30 00:00:00+00:00,6.4747695953,6.8517576358,6.3239743791,6.8517576358,961668,,
2023-05-31 00:00:00+00:00,6.4559201933,6.4841942964,6.229727369,6.4276460903,706021,,
2023-06-01 00:00:00+00:00,6.6726883166,6.9365799449,6.5030436984,6.5030436984,782690,,
2023-06-02 00:00:00+00:00,6.9365799449,7.1156492642,6.8140588318,6.8140588318,882072,,
2023-06-05 00:00:00+00:00,7.0873751611,7.1062245632,6.8894564399,6.9365799449,539317,,
2023-06-06 00:00:00+00:00,7.3512667895,7.3889655935,7.0402516561,7.0685257591,583960,,
2023-06-07 00:00:00+00:00,7.2381703773,7.4737879026,7.1062245632,7.4360890986,845079,,
2023-06-08 00:00:00+00:00,7.3512667895,7.4455137996,7.2004715733,7.2758691814,620247,,
2023-06-09 00:00:00+00:00,7.3889655935,7.3983902945,7.2664444804,7.3229926864,557506,,
2023-06-12 00:00:00+00:00,7.3041432844,7.3983902945,7.2570197793,7.3983902945,495840,,
2023-06-13 00:00:00+00:00,7.4737879026,7.6575695724,7.3229926864,7.3512667895,620521,,
2023-06-14 00:00:00+00:00,7.3041432844,7.5775538608,7.2523074288,7.4549385006,482833,,
2023-06-15 00:00:00+00:00,7.2947185834,7.3606914905,7.2381703773,7.3512667895,314866,,
2023-06-16 00:00:00+00:00,7.3324173874,7.3795408925,7.1910468723,7.2947185834,688220,,
2023-06-20 00:00:00+00:00,7.0402516561,7.3324173874,7.0402516561,7.3324173874,636934,,
2023-06-21 00:00:00+00:00,7.2193209753,7.346554439,6.964854048,6.993128151,926576,,
2023-06-22 00:00:00+00:00,6.5595919045,6.8140588318,6.1637544619,6.5972907085,3427739,,
2023-06-23 00:00:00+00:00,6.5595919045,6.6161401105,6.2862755751,6.4747695953,1454624,,
2023-06-26 00:00:00+00:00,6.8140588318,6.9271552439,6.5501672034,6.5595919045,889142,,
2023-06-27 00:00:00+00:00,6.6821130176,6.9271552439,6.6632636156,6.8423329348,507325,,
2023-06-28 00:00:00+00:00,6.6538389146,6.6726883166,6.4370707913,6.6161401105,1091939,,
2023-06-29 00:00:00+00:00,6.6915377186,6.7150994712,6.5548795539,6.6632636156,1053949,,
2023-06-30 00:00:00+00:00,6.6915377186,6.7575106257,6.5501672034,6.7575106257,1607722,,
2023-07-03 00:00:00+00:00,6.8423329348,6.9467235899,6.690491982,6.690491982,1164234,,
2023-07-05 00:00:00+00:00,6.9277434708,7.0416241853,6.6525317438,6.6715118629,1159433,,
2023-07-06 00:00:00+00:00,6.775902518,6.8393910164,6.5766112674,6.8328428753,771222,,
2023-07-07 00:00:00+00:00,6.8043726966,6.8850382028,6.690491982,6.775902518,626010,,
2023-07-10 00:00:00+00:00,6.9087633517,6.9751937685,6.7569223989,6.7948826371,794304,,
2023-07-11 00:00:00+00:00,6.8423329348,6.965703709,6.8138627562,6.9372335303,490477,,
2023-07-12 00:00:00+00:00,6.8992732921,7.070094364,6.8518229944,6.9372335303,614522,,
2023-07-13 00:00:00+00:00,6.8708031135,7.0321341258,6.775902518,6.9562136494,733313,,
2023-07-14 00:00:00+00:00,6.984683828,6.9989189174,6.7284522202,6.8613130539,564793,,
2023-07-17 00:00:00+00:00,6.8043726966,6.9562136494,6.7711574882,6.9562136494,484432,,
2023-07-18 00:00:00+00:00,6.7474323393,6.9182534112,6.7284522202,6.8138627562,447760,,
2023-07-19 00:00:00+00:00,6.7569223989,6.7853925775,6.6715118629,6.7664124584,454015,,
2023-07-20 00:00:00+00:00,6.8043726966,6.8423329348,6.6145715056,6.7379422798,596194,,
2023-07-21 00:00:00+00:00,6.7948826371,6.9087633517,6.7379422798,6.8328428753,552380,,
2023-07-24 00:00:00+00:00,6.8233528157,6.8779206581,6.7189621607,6.7948826371,347710,,
2023-07-25 00:00:00+00:00,6.9182534112,7.0226440662,6.8613130539,6.8613130539,475524,,
2023-07-26 00:00:00+00:00,6.9182534112,6.9277434708,6.8043726966,6.9087633517,209269,,
2023-07-27 00:00:00+00:00,6.7948826371,6.9277434708,6.7853925775,6.9277434708,230327,,
2023-07-28 00:00:00+00:00,6.9372335303,6.9467235899,6.7284522202,6.8328428753,311389,,
2023-07-31 00:00:00+00:00,7.3358160314,7.3690312398,6.9467235899,6.9751937685,774133,,
2023-08-01 00:00:00+00:00,7.1460148404,7.2883657336,7.1033095724,7.2788756741,410338,,
2023-08-02 00:00:00+00:00,6.7948826371,7.0577572866,6.7948826371,7.0511142449,382272,,
2023-08-03 00:00:00+00:00,6.6430416843,6.8043726966,6.5671212079,6.8043726966,490285,,
2023-08-04 00:00:00+00:00,6.6715118629,6.8138627562,6.6155205116,6.6620218034,375922,,
2023-08-07 00:00:00+00:00,6.6050814461,6.7259848047,6.5149258804,6.6810019225,465932,,
2023-08-08 00:00:00+00:00,6.5481410888,6.6003364163,6.3773200169,6.5291609697,505903,,
2023-08-09 00:00:00+00:00,6.481710672,6.5636098859,6.4627305529,6.5481410888,353132,,
2023-08-10 00:00:00+00:00,6.4912007315,6.5196709101,6.3488498383,6.481710672,1196153,,
2023-08-11 00:00:00+00:00,6.5955913865,6.9941738876,6.5766112674,6.6999820416,1210096,,
2023-08-14 00:00:00+00:00,7.3737762696,7.4259715971,6.8613130539,6.9704487387,3732214,,
2023-08-15 00:00:00+00:00,7.2124452572,7.3785212993,7.1270347213,7.2788756741,1003322,,
2023-08-16 00:00:00+00:00,7.0890744831,7.2883657336,7.0890744831,7.1839750786,1024889,,
2023-08-17 00:00:00+00:00,7.070094364,7.1887201084,7.0131540067,7.1365247808,937618,,
2023-08-18 00:00:00+00:00,6.8897832326,7.1365247808,6.8233528157,7.0321341258,543798,,
2023-08-21 00:00:00+00:00,6.8423329348,6.9182534112,6.8067452115,6.9087633517,376154,,
2023-08-22 00:00:00+00:00,6.8613130539,6.9040183219,6.7948826371,6.880293173,258079,,
2023-08-23 00:00:00+00:00,6.8043726966,6.880293173,6.7711574882,6.8328428753,306441,,
2023-08-24 00:00:00+00:00,6.7379422798,6.7952864694,6.6710407252,6.7570570096,221628,,
2023-08-25 00:00:00+00:00,6.8717453889,6.9099748486,6.6805980902,6.7379422798,391581,,
2023-08-28 00:00:00+00:00,7.1871384318,7.2397039389,6.8335159291,6.8717453889,872482,,
2023-08-29 00:00:00+00:00,7.3209415409,7.3209415409,7.1297942421,7.158466337,484941,,
2023-08-30 00:00:00+00:00,7.2827120811,7.4257858342,7.2540399863,7.2827120811,450323,,
2023-08-31 00:00:00+00:00,7.3209415409,7.4069578253,7.2349252564,7.3113841759,410105,,
2023-09-01 00:00:00+00:00,7.2444826214,7.445187285,7.148908972,7.3209415409,476333,,
2023-09-05 00:00:00+00:00,7.2922694461,7.3591710006,7.1966957967,7.2158105266,378279,,
2023-09-06 00:00:00+00:00,7.0151058629,7.3209415409,7.005548498,7.2635973512,210006,,
2023-09-07 00:00:00+00:00,6.8144011993,6.9577616733,6.7618356921,6.9482043084,247596,,
2023-09-08 00:00:00+00:00,6.852630659,6.8908601187,6.7570570096,6.8239585642,298974,,
2023-09-11 00:00:00+00:00,6.7761717395,6.968465922,6.7570570096,6.9195322136,386530,,
2023-09-12 00:00:00+00:00,6.7188275499,6.8765240713,6.7188275499,6.7570570096,265092,,
2023-09-13 00:00:00+00:00,6.5945818057,6.7952864694,6.5850244408,6.7188275499,543446,,
2023-09-14 00:00:00+00:00,6.6614833603,6.7474996447,6.6423686304,6.6805980902,314494,,
2023-09-15 00:00:00+00:00,6.6136965356,6.7379422798,6.5181228863,6.6710407252,615553,,
2023-09-18 00:00:00+00:00,6.4607786966,6.6423686304,6.4225492369,6.6423686304,420853,,
2023-09-19 00:00:00+00:00,6.6041391707,6.6232539005,6.4321066018,6.4703360616,525476,,
2023-09-20 00:00:00+00:00,6.4990081564,6.709270185,6.4894507914,6.6041391707,304091,,
2023-09-21 00:00:00+00:00,6.412991872,6.5659097109,6.3365329525,6.4225492369,422898,,
2023-09-22 00:00:00+00:00,6.4798934265,6.5754670759,6.375909296,6.4225492369,348834,,
2023-09-25 00:00:00+00:00,6.6232539005,6.6375899479,6.403434507,6.4607786966,243389,,
2023-09-26 00:00:00+00:00,6.4512213317,6.5945818057,6.4512213317,6.5085655213,283309,,
2023-09-27 00:00:00+00:00,6.6136965356,6.6328112655,6.4607786966,6.4607786966,557803,,
2023-09-28 00:00:00+00:00,6.6901554551,6.7236062324,6.5945818057,6.6136965356,359774,,
2023-09-29 00:00:00+00:00,6.4990081564,6.709270185,6.4321066018,6.69971282,694887,,
2023-10-02 00:00:00+00:00,6.3652050473,6.475114744,6.33175427,6.4607786966,342090,,
2023-10-03 00:00:00+00:00,6.2791887629,6.4703360616,6.2361806206,6.3269755875,552394,,
2023-10-04 00:00:00+00:00,6.2122872083,6.2887461278,6.1310496063,6.2887461278,441768,,
2023-10-05 00:00:00+00:00,6.2122872083,6.2409593031,6.1358282888,6.2027298434,237218,,
2023-10-06 00:00:00+00:00,6.2122872083,6.2457379856,6.0641480518,6.1645003836,297167,,
2023-10-09 00:00:00+00:00,6.3556476823,6.3652050473,6.1262709239,6.1262709239,288274,,
2023-10-10 00:00:00+00:00,6.3269755875,6.4416639668,6.2887461278,6.3938771421,273791,,
2023-10-11 00:00:00+00:00,6.3747624122,6.3843197771,6.2887461278,6.3269755875,352357,,
2023-10-12 00:00:00+00:00,6.2696313979,6.3556476823,6.1167135589,6.3556476823,323165,,
2023-10-13 00:00:00+00:00,6.2983034927,6.3269755875,6.2122872083,6.3174182226,223490,,
2023-10-16 00:00:00+00:00,6.3556476823,6.3699837297,6.2696313979,6.3365329525,258995,,
2023-10-17 00:00:00+00:00,6.403434507,6.4607786966,6.3078608577,6.3078608577,257583,,
2023-10-18 00:00:00+00:00,6.3078608577,6.4607786966,6.260074033,6.403434507,206929,,
2023-10-19 00:00:00+00:00,6.2887461278,6.4225492369,6.250516668,6.3365329525,405586,,
2023-10-20 00:00:00+00:00,6.2314019382,6.4703360616,6.1836151135,6.2696313979,199154,,
2023-10-23 00:00:00+00:00,6.2983034927,6.3890984596,6.1262709239,6.2122872083,667099,,
2023-10-24 00:00:00+00:00,6.4894507914,6.5085655213,6.3174182226,6.3174182226,441813,,
2023-10-25 00:00:00+00:00,6.4321066018,6.4990081564,6.3460903174,6.4607786966,424078,,
2023-10-26 00:00:00+00:00,6.6041391707,6.6232539005,6.4703360616,6.4798934265,2053001,,
2023-10-27 00:00:00+00:00,6.6614833603,6.69971282,6.5945818057,6.6614833603,391753,,
2023-10-30 00:00:00+00:00,6.8144011993,6.8717453889,6.6805980902,6.7570570096,633362,,
2023-10-31 00:00:00+00:00,6.69971282,6.8621880239,6.6710407252,6.852630659,686227,,
2023-11-01 00:00:00+00:00,6.8430732941,6.852630659,6.6232539005,6.7283849148,517856,,
2023-11-02 00:00:00+00:00,6.8717453889,6.9529829908,6.7952864694,6.8813027538,722248,,
2023-11-03 00:00:00+00:00,7.0628926876,7.2540399863,6.6614833603,6.8335159291,992119,,
2023-11-06 00:00:00+00:00,6.9386469434,7.1011221473,6.9290895785,7.0628926876,512940,,
2023-11-07 00:00:00+00:00,6.8144011993,6.9195322136,6.7522783272,6.8239585642,380084,,
2023-11-08 00:00:00+00:00,6.9004174837,6.995991133,6.8144011993,6.8239585642,596813,,
2023-11-09 00:00:00+00:00,6.8908601187,7.0820074175,6.8908601187,6.9099748486,376997,,
2023-11-10 00:00:00+00:00,7.0151058629,7.0533353227,6.8908601187,6.9290895785,315626,,
2023-11-13 00:00:00+00:00,6.8335159291,7.0198845454,6.8335159291,6.9673190382,589090,,
2023-11-14 00:00:00+00:00,7.1202368772,7.1871384318,7.0151058629,7.0437779577,628905,,
2023-11-15 00:00:00+00:00,7.1680237019,7.1871384318,7.0485566402,7.0724500525,912318,,
2023-11-16 00:00:00+00:00,7.1775810668,7.2253678915,6.9720977207,7.1202368772,641812,,
2023-11-17 00:00:00+00:00,7.4069578253,7.4069578253,7.1297942421,7.1966957967,689412,,
2023-11-20 00:00:00+00:00,7.4929741097,7.526424887,7.3400562707,7.3782857305,797253,,
2023-11-21 00:00:00+00:00,7.4643020149,7.4881954272,7.373507048,7.4643020149,497197,,
2023-11-22 00:00:00+00:00,7.5694330292,7.5742117117,7.3782857305,7.4643020149,346853,,
2023-11-24 00:00:00+00:00,7.5216462045,7.5885477591,7.4738593798,7.4834167448,162329,,
2023-11-27 00:00:00+00:00,7.7988097877,7.7988097877,7.4738593798,7.4738593798,644682,,
2023-11-28 00:00:00+00:00,8.0281865461,8.0998667831,7.7223508682,7.7223508682,752535,,
2023-11-29 00:00:00+00:00,7.9995144513,8.0860476605,7.874522038,8.0283588544,474348,,
2023-11-30 00:00:00+00:00,8.0956624615,8.1533512677,8.0091292523,8.0283588544,547105,,
2023-12-01 00:00:00+00:00,8.297573283,8.3168028851,8.0475884564,8.0668180585,657266,,
2023-12-04 00:00:00+00:00,8.3071880841,8.3744916912,8.2110400738,8.278343681,546242,,
2023-12-05 00:00:00+00:00,8.0283588544,8.287958482,8.0283588544,8.278343681,495238,,
2023-12-06 00:00:00+00:00,7.8937516401,8.1437364667,7.8937516401,8.0475884564,372036,,
2023-12-07 00:00:00+00:00,7.9225960431,7.9514404462,7.7591444257,7.9129812421,554307,,
2023-12-08 00:00:00+00:00,7.8360628339,8.0235514539,7.7879888288,7.9418256452,156813,,
2023-12-11 00:00:00+00:00,7.8168332319,7.864907237,7.7687592268,7.8072184308,292569,,
2023-12-12 00:00:00+00:00,7.7110704206,7.8168332319,7.5812706068,7.8168332319,677980,,
2023-12-13 00:00:00+00:00,8.0956624615,8.1533512677,7.677418617,7.7495296247,1550751,,
2023-12-14 00:00:00+00:00,8.4225656963,8.4706397014,8.2014252728,8.2014252728,940235,,
2023-12-15 00:00:00+00:00,8.3744916912,8.5187137066,8.3456472881,8.3937212933,1204644,,
2023-12-18 00:00:00+00:00,8.7879281352,9.3071273905,8.7590837321,8.8456169414,2086590,,
2023-12-19 00:00:00+00:00,8.9994537577,9.0859869669,8.7783133342,8.7879281352,864048,,
2023-12-20 00:00:00+00:00,8.9802241557,9.3455865946,8.9033057475,9.0090685587,1304097,,
2023-12-21 00:00:00+00:00,9.3648161966,9.4465420053,9.105216569,9.105216569,708436,,
2023-12-22 00:00:00+00:00,9.6628750283,9.7109490334,9.3552013956,9.3648161966,689713,,
2023-12-26 00:00:00+00:00,9.7494082375,9.7782526406,9.6148010232,9.7205638345,359815,,
2023-12-27 00:00:00+00:00,9.8263266457,9.8551710488,9.715756434,9.7974822426,573506,,
2023-12-28 00:00:00+00:00,9.7397934365,9.8359414467,9.6628750283,9.8263266457,760793,,
2023-12-29 00:00:00+00:00,9.6436454263,9.7494082375,9.5571122171,9.6724898293,568842,,
2024-01-02 00:00:00+00:00,9.1629053751,9.6051862222,9.11483137,9.5571122171,697896,,
2024-01-03 00:00:00+00:00,9.2782829874,9.3263569925,8.9706093547,9.1629053751,1002994,,
2024-01-04 00:00:00+00:00,9.1821349772,9.4225050027,9.1076202692,9.2878977884,876572,,
2024-01-05 00:00:00+00:00,9.321549592,9.3840457986,9.1436757731,9.1532905741,764485,,
2024-01-08 00:00:00+00:00,9.2302089823,9.350105551,9.1725201761,9.3263569925,738165,,
2024-01-09 00:00:00+00:00,9.095601768,9.2013645792,8.9754167552,9.2013645792,604675,,
2024-01-10 00:00:00+00:00,9.134060972,9.1869423777,8.9994537577,9.0763721659,883005,,
2024-01-11 00:00:00+00:00,8.9706093547,9.0859869669,8.9417649516,9.0859869669,534713,,
2024-01-12 00:00:00+00:00,9.105216569,9.1436757731,8.9946463572,9.0282981608,789755,,
2024-01-16 00:00:00+00:00,8.9802241557,9.0571425639,8.9129205485,9.0475277628,706133,,
2024-01-17 00:00:00+00:00,8.9129205485,8.9225353495,8.7302393291,8.8648465434,411078,,
2024-01-18 00:00:00+00:00,8.7398541301,8.9609945536,8.617265417,8.9321501506,418914,,
2024-01-19 00:00:00+00:00,8.720624528,8.7590837321,8.5744795525,8.7590837321,339368,,
2024-01-22 00:00:00+00:00,8.3360324871,8.4610249004,8.1052772626,8.1918104718,1553457,,
2024-01-23 00:00:00+00:00,8.0956624615,8.5283285076,8.0764328595,8.4658323009,990610,,
2024-01-24 00:00:00+00:00,8.1148920636,8.2302696759,8.090855061,8.1725808697,504481,,
2024-01-25 00:00:00+00:00,8.0475884564,8.2206548748,7.9177886426,8.2206548748,449185,,
2024-01-26 00:00:00+00:00,8.26872888,8.3168028851,8.0475884564,8.1245068646,348958,,
2024-01-29 00:00:00+00:00,8.3264176861,8.3504546887,8.1437364667,8.2206548748,476756,,
2024-01-30 00:00:00+00:00,8.3841064922,8.4706397014,8.2014252728,8.278343681,469448,,
2024-01-31 00:00:00+00:00,8.0187440534,8.4225656963,7.9947070508,8.4225656963,566768,,
2024-02-01 00:00:00+00:00,8.0860476605,8.1245068646,7.9562478467,8.0860476605,484839,,
2024-02-02 00:00:00+00:00,7.9995144513,8.0764328595,7.9033664411,8.0379736554,287933,,
2024-02-05 00:00:00+00:00,7.9802848493,8.0187440534,7.7687592268,7.9033664411,449794,,
2024-02-06 00:00:00+00:00,8.0283588544,8.1052772626,7.9129812421,7.9802848493,682664,,
2024-02-07 00:00:00+00:00,7.9995144513,8.0283588544,7.6437668134,7.9322108441,1803391,,
2024-02-08 00:00:00+00:00,7.6341520124,8.0187440534,7.4803151961,8.0187440534,1395395,,
2024-02-09 00:00:00+00:00,7.8937516401,7.9514404462,7.5684829214,7.6918408186,1982552,,
2024-02-12 00:00:00+00:00,7.7495296247,7.9081738416,7.7206852216,7.8360628339,407461,,
2024-02-13 00:00:00+00:00,7.6053076094,7.6726112165,7.5283892012,7.6341520124,702361,,
2024-02-14 00:00:00+00:00,7.8360628339,7.8913479398,7.5572336042,7.6437668134,474722,,
2024-02-15 00:00:00+00:00,8.1437364667,8.1725808697,7.7687592268,7.8456776349,565830,,
2024-02-16 00:00:00+00:00,8.0764328595,8.2591140789,8.0091292523,8.1052772626,460530,,
2024-02-20 00:00:00+00:00,7.9129812421,8.090855061,7.884136839,8.0187440534,292671,,
2024-02-21 00:00:00+00:00,7.9995144513,8.0139366528,7.864907237,7.9322108441,272890,,
2024-02-22 00:00:00+00:00,7.9995144513,8.1052772626,7.9802848493,8.0764328595,269378,,
2024-02-23 00:00:00+00:00,8.0572032574,8.071625459,7.9610552472,8.0283588544,178570,,
2024-02-26 00:00:00+00:00,7.9898996503,8.1004698621,7.9706700482,8.0668180585,327584,,
2024-02-27 00:00:00+00:00,8.4417952984,8.4994841045,8.0187440534,8.0572032574,596455,,
2024-02-28 00:00:00+00:00,8.1245068646,8.463027984,8.0809827207,8.3759796961,383432,,
2024-02-29 00:00:00+00:00,7.8246738732,8.1922110885,7.8004937932,8.1245068646,762277,,
2024-03-01 00:00:00+00:00,7.6312332335,7.902050129,7.6312332335,7.902050129,964282,,
2024-03-04 00:00:00+00:00,7.6312332335,7.7279535534,7.4813167378,7.6312332335,2062007,,
2024-03-05 00:00:00+00:00,7.3410722741,7.6022171376,7.2878760982,7.5635290097,1172521,,
2024-03-06 00:00:00+00:00,7.6118891696,7.6844294094,7.3314002421,7.4668086899,1696220,,
2024-03-07 00:00:00+00:00,7.7956577772,7.8435343355,7.6795933935,7.7666416813,742777,,
2024-03-08 00:00:00+00:00,7.7763137133,7.9455742729,7.7037734734,7.8827060651,632731,,
2024-03-11 00:00:00+00:00,7.4861527538,7.7666416813,7.4861527538,7.7376255853,283966,,
2024-03-12 00:00:00+00:00,7.5345129137,7.5538569777,7.389432434,7.4764807218,502267,,
2024-03-13 00:00:00+00:00,7.6892654254,7.7086094894,7.5345129137,7.5345129137,524792,,
2024-03-14 00:00:00+00:00,7.389432434,7.6602493295,7.3410722741,7.6118891696,505850,,
2024-03-15 00:00:00+00:00,7.5151688498,7.6022171376,7.37008837,7.37008837,488016,,
2024-03-18 00:00:00+00:00,7.379760402,7.5683650257,7.379760402,7.5151688498,267257,,
2024-03-19 00:00:00+00:00,7.4764807218,7.5877090896,7.3217282101,7.3217282101,311012,,
2024-03-20 00:00:00+00:00,7.7376255853,7.8246738732,7.48499211,7.4861527538,364063,,
2024-03-21 00:00:00+00:00,7.7569696493,7.8585259851,7.7182815214,7.7956577772,300201,,
2024-03-22 00:00:00+00:00,7.6312332335,7.7666416813,7.6312332335,7.7569696493,207180,,
2024-03-25 00:00:00+00:00,7.8827060651,8.0181145128,7.6409052655,7.6409052655,560343,,
2024-03-26 00:00:00+00:00,8.1148348326,8.2889314083,7.911722161,7.911722161,502117,,
2024-03-27 00:00:00+00:00,8.1535229606,8.2067191365,7.9600823209,8.1535229606,421989,,
2024-03-28 00:00:00+00:00,8.2115551524,8.3663076642,8.1486869446,8.2599153124,354462,,
2024-04-01 00:00:00+00:00,8.3469636002,8.5500762718,8.2405712484,8.2792593763,548820,,
2024-04-02 00:00:00+00:00,8.2018831205,8.3131114883,8.1172528406,8.2792593763,271435,,
2024-04-03 00:00:00+00:00,8.3372915682,8.5210601759,8.2018831205,8.2018831205,395013,,
2024-04-04 00:00:00+00:00,8.1051628006,8.463027984,8.0761467047,8.3663076642,325341,,
2024-04-05 00:00:00+00:00,7.9600823209,8.1099988166,7.9504102889,8.0664746727,251988,,
2024-04-08 00:00:00+00:00,8.0374585768,8.2115551524,7.9890984169,7.9987704488,504906,,
2024-04-09 00:00:00+00:00,8.0374585768,8.1535229606,7.911722161,8.1051628006,805506,,
2024-04-10 00:00:00+00:00,7.8633620011,7.9794263849,7.6215612016,7.9794263849,1398091,,
2024-04-11 00:00:00+00:00,7.8150018412,7.902050129,7.7086094894,7.8730340331,428888,,
2024-04-12 00:00:00+00:00,7.4861527538,7.9600823209,7.4571366579,7.8246738732,752446,,
2024-04-15 00:00:00+00:00,7.4764807218,7.5441849457,7.3507443061,7.5441849457,621834,,
2024-04-16 00:00:00+00:00,7.399104466,7.5151688498,7.2444486746,7.3604163381,422024,,
2024-04-17 00:00:00+00:00,7.5925451056,7.6602493295,7.4861527538,7.4861527538,251448,,
2024-04-18 00:00:00+00:00,7.6022171376,7.6650853455,7.5248408817,7.5925451056,207800,,
2024-04-19 00:00:00+00:00,7.5441849457,7.8150018412,7.5006608018,7.8150018412,397731,,
2024-04-22 00:00:00+00:00,7.5635290097,7.5732010417,7.399104466,7.5441849457,274752,,
2024-04-23 00:00:00+00:00,7.6215612016,7.7956577772,7.4281205619,7.5248408817,431421,,
2024-04-24 00:00:00+00:00,7.4571366579,7.6989374574,7.401522474,7.5828730736,240004,,
2024-04-25 00:00:00+00:00,7.5248408817,7.6892654254,7.2733680502,7.3507443061,565556,,
2024-04-26 00:00:00+00:00,7.6022171376,7.6602493295,7.4813167378,7.5828730736,239853,,
2024-04-29 00:00:00+00:00,7.6215612016,7.6505772975,7.5441849457,7.6409052655,166141,,
2024-04-30 00:00:00+00:00,7.399104466,7.5828730736,7.399104466,7.5635290097,180144,,
2024-05-01 00:00:00+00:00,7.399104466,7.5441849457,7.3605130584,7.4184485299,230141,,
2024-05-02 00:00:00+00:00,7.4377925939,7.4958247858,7.3555803221,7.4668086899,110272,,
2024-05-03 00:00:00+00:00,7.5538569777,7.5538569777,7.4523006419,7.5151688498,222046,,
2024-05-06 00:00:00+00:00,7.5054968178,7.6989374574,7.4329565779,7.6409052655,559179,,
2024-05-07 00:00:00+00:00,7.5828730736,7.6505772975,7.408776498,7.4958247858,279552,,
2024-05-08 00:00:00+00:00,7.4764807218,7.5296768977,7.4209632583,7.5248408817,139980,,
2024-05-09 00:00:00+00:00,7.6409052655,7.6699213615,7.4523006419,7.4668086899,160839,,
2024-05-10 00:00:00+00:00,7.5151688498,7.7182815214,7.4571366579,7.6892654254,270314,,
2024-05-13 00:00:00+00:00,7.4668086899,7.6070531536,7.4571366579,7.5248408817,218475,,
2024-05-14 00:00:00+00:00,7.4571366579,7.5393489297,7.3507443061,7.5248408817,439209,,
2024-05-15 00:00:00+00:00,7.4861527538,7.5973811216,7.384596418,7.5925451056,275123,,
2024-05-16 00:00:00+00:00,7.5006608018,7.5683650257,7.3459082901,7.4377925939,516431,,
2024-05-17 00:00:00+00:00,7.6892654254,7.7086094894,7.5103328338,7.5925451056,345151,,
2024-05-20 00:00:00+00:00,7.9504102889,8.0568026407,7.6409052655,7.6795933935,588358,,
2024-05-21 00:00:00+00:00,7.931066225,7.9987704488,7.7472976173,7.7763137133,290956,,
2024-05-22 00:00:00+00:00,7.8440179371,7.9745903689,7.7521336333,7.911722161,154896,,
2024-05-23 00:00:00+00:00,7.5925451056,7.8536899691,7.4861527538,7.8536899691,553668,,
2024-05-24 00:00:00+00:00,7.6505772975,7.6699213615,7.5441849457,7.6022171376,181575,,
2024-05-28 00:00:00+00:00,7.6699213615,7.7376255853,7.5828730736,7.5828730736,153790,,
2024-05-29 00:00:00+00:00,7.4764807218,7.6409052655,7.384596418,7.5828730736,431265,,
2024-05-30 00:00:00+00:00,7.5151688498,7.5538569777,7.4281205619,7.4571366579,178553,,
2024-05-31 00:00:00+00:00,7.408776498,7.5732010417,7.3168921941,7.5732010417,727808,,
2024-06-03 00:00:00+00:00,7.389432434,7.4764807218,7.3168921941,7.4764807218,572726,,
2024-06-04 00:00:00+00:00,7.1766477304,7.2830400822,7.0992714746,7.2830400822,428540,,
2024-06-05 00:00:00+00:00,7.2153358583,7.2878760982,7.1186155385,7.2346799223,188307,,
2024-06-06 00:00:00+00:00,7.3410722741,7.389432434,7.1708445112,7.1766477304,302029,,
2024-06-07 00:00:00+00:00,7.2153358583,7.3023841462,7.1524676505,7.2443519543,191137,,
2024-06-10 00:00:00+00:00,7.1669756984,7.2153358583,7.1186155385,7.1863197624,186074,,
2024-06-11 00:00:00+00:00,7.0509113146,7.0992714746,7.0122231867,7.0895994426,296768,,
2024-06-12 00:00:00+00:00,6.9928791228,7.3314002421,6.9300109149,7.2153358583,474047,,
2024-06-13 00:00:00+00:00,6.9928791228,7.0378540715,6.8961588029,7.0025511547,494648,,
2024-06-14 00:00:00+00:00,6.9541909948,7.0122231867,6.9058308349,6.9638630268,211738,,
2024-06-17 00:00:00+00:00,7.1186155385,7.1427956185,6.9155028669,6.9251748989,223188,,
2024-06-18 00:00:00+00:00,7.0605833466,7.1959917944,7.0325344539,7.1476316345,246400,,
2024-06-20 00:00:00+00:00,6.8961588029,7.1282875705,6.857470675,7.0605833466,827337,,
2024-06-21 00:00:00+00:00,6.7704223872,7.3023841462,6.4512453318,6.9638630268,1471558,,
2024-06-24 00:00:00+00:00,6.876814739,6.9155028669,6.7414062912,6.7800944192,654860,,
2024-06-25 00:00:00+00:00,6.7607503552,6.9300109149,6.6978821473,6.9155028669,581806,,
2024-06-26 00:00:00+00:00,6.6446859714,6.7220622273,6.5721457316,6.7220622273,446704,,
2024-06-27 00:00:00+00:00,6.6930461313,6.6930461313,6.4947694757,6.6253419074,625482,,
2024-06-28 00:00:00+00:00,6.7317342592,6.8091105151,6.6640300354,6.6833740993,301446,,
2024-07-01 00:00:00+00:00,6.7027181633,6.7897664511,6.6059978435,6.7220622273,415344,,
2024-07-02 00:00:00+00:00,6.7414062912,6.833954499,6.6488580835,6.6634709584,393275,,
2024-07-03 00:00:00+00:00,6.8972769569,6.931373665,6.7414062912,6.7414062912,253619,,
2024-07-05 00:00:00+00:00,6.7316643746,6.8972769569,6.6829547916,6.8972769569,225595,,
2024-07-08 00:00:00+00:00,6.9265027067,6.9411155816,6.6780838333,6.6926967082,314155,,
2024-07-09 00:00:00+00:00,6.7901158743,6.9265027067,6.7414062912,6.9265027067,282740,,
2024-07-10 00:00:00+00:00,6.8583092905,6.9070188735,6.7511482078,6.8290835407,200414,,
2024-07-11 00:00:00+00:00,7.1505667887,7.1846634968,6.8777931237,6.9557284566,298925,,
2024-07-12 00:00:00+00:00,7.1603087053,7.2674697879,7.1359539138,7.1895344551,182988,,
2024-07-15 00:00:00+00:00,8.1442422825,8.2514033651,7.5597272861,7.5597272861,2362706,,
2024-07-16 00:00:00+00:00,8.2806291149,8.3585644478,7.9981135334,8.2124356987,590184,,
2024-07-17 00:00:00+00:00,8.329338698,8.4511126556,8.1832099489,8.2026937821,473286,,
2024-07-18 00:00:00+00:00,8.650821946,8.6800476958,8.2514033651,8.3098548648,793621,,
2024-07-19 00:00:00+00:00,8.4559836139,8.7384991954,8.4121449891,8.5436608633,487852,,
2024-07-22 00:00:00+00:00,8.6313381128,8.650821946,8.2708871983,8.2708871983,346271,,
2024-07-23 00:00:00+00:00,8.6410800294,8.6703057792,8.4852093637,8.5631446965,435969,,
2024-07-24 00:00:00+00:00,8.378048281,8.6800476958,8.3390806146,8.6313381128,416127,,
2024-07-25 00:00:00+00:00,8.4072740308,8.5728866131,8.2757581566,8.2903710316,456326,,
2024-07-26 00:00:00+00:00,8.4462416972,8.5436608633,8.3683063644,8.5436608633,316298,,
2024-07-29 00:00:00+00:00,8.3098548648,8.6410800294,8.1588551574,8.6410800294,228563,,
2024-07-30 00:00:00+00:00,8.3390806146,8.3829192393,8.2436098318,8.3098548648,381311,,
2024-07-31 00:00:00+00:00,8.6215961962,8.6800476958,8.2903710316,8.426757864,681847,,
2024-08-01 00:00:00+00:00,9.2255950257,9.5665621069,8.7677249452,8.7677249452,2064052,,
2024-08-02 00:00:00+00:00,9.2061111925,9.2255950257,8.9138536943,8.9430794441,1479608,,
2024-08-05 00:00:00+00:00,8.9041117777,9.0356276519,8.5290479884,8.6410800294,676873,,
2024-08-06 00:00:00+00:00,8.6021123629,9.0307566936,8.5534027799,8.9235956109,930004,,
2024-08-07 00:00:00+00:00,8.7774668618,8.8700150696,8.5826285297,8.6118542795,886667,,
2024-08-08 00:00:00+00:00,8.7384991954,9.7419166058,8.7141444039,8.8651441113,1050372,,
2024-08-09 00:00:00+00:00,8.8261764449,8.9138536943,8.5144351135,8.6800476958,488087,,
2024-08-12 00:00:00+00:00,8.6703057792,8.8943698611,8.5826285297,8.8554021947,672894,,
2024-08-13 00:00:00+00:00,8.8359183615,8.8894989028,8.6605638626,8.748241112,672951,,
2024-08-14 00:00:00+00:00,9.1184339431,9.1574016095,8.2611452817,8.5144351135,1304935,,
2024-08-15 00:00:00+00:00,9.6932070228,9.9270130213,9.1476596929,9.1574016095,1746364,,
2024-08-16 00:00:00+00:00,9.4691429409,9.6932070228,9.391207608,9.6932070228,889785,,
2024-08-19 00:00:00+00:00,9.4106914412,9.5568201903,9.3035303586,9.4496591076,843227,,
2024-08-20 00:00:00+00:00,9.2645626921,9.4204333578,9.2061111925,9.4204333578,648578,,
2024-08-21 00:00:00+00:00,9.4788848575,9.5081106073,9.2548207755,9.3327561084,456155,,
2024-08-22 00:00:00+00:00,9.5178525239,9.5470782737,9.3522399416,9.4886267741,751254,,
2024-08-23 00:00:00+00:00,9.5178525239,9.605980788,9.4532251302,9.5961887587,356823,,
2024-08-26 00:00:00+00:00,9.7528612282,9.8116134043,9.605980788,9.605980788,401284,,
2024-08-27 00:00:00+00:00,9.9095336977,9.9389097857,9.6549409347,9.7136931108,679770,,
2024-08-28 00:00:00+00:00,9.7528612282,9.9487018151,9.635356876,9.8214054336,800544,,
2024-08-29 00:00:00+00:00,10.1935025487,10.2424626955,9.7822373162,9.8409894923,977538,,
2024-08-30 00:00:00+00:00,10.369759077,10.4872634291,10.1935025487,10.2424626955,652504,,
2024-09-03 00:00:00+00:00,9.8997416684,10.2816308128,9.8116134043,10.2326706661,1089451,,
2024-09-04 00:00:00+00:00,9.9976619618,10.1641264607,9.7430691988,9.8214054336,694699,,
2024-09-05 00:00:00+00:00,9.9291177564,10.0759981966,9.8165094189,10.0564141379,514539,,
2024-09-06 00:00:00+00:00,10.0759981966,10.1935025487,9.7528612282,9.9095336977,1865217,,
2024-09-09 00:00:00+00:00,10.3501750183,10.428511253,10.0759981966,10.0759981966,929039,,
2024-09-10 00:00:00+00:00,10.1053742846,10.428511253,9.9878699325,10.3305909596,586409,,
2024-09-11 00:00:00+00:00,9.9193257271,10.1886065341,9.8409894923,10.144542402,531450,,
2024-09-12 00:00:00+00:00,9.8214054336,10.0857902259,9.7920293456,9.9291177564,690322,,
2024-09-13 00:00:00+00:00,10.0759981966,10.1347503727,9.860573551,9.860573551,595088,,
2024-09-16 00:00:00+00:00,9.9780779031,10.1641264607,9.8654695657,10.1249583433,457979,,
2024-09-17 00:00:00+00:00,9.9193257271,10.0074539912,9.7724452869,10.0074539912,622290,,
2024-09-18 00:00:00+00:00,9.7332771695,10.1494384167,9.7136931108,9.9291177564,735582,,
2024-09-19 00:00:00+00:00,9.7479652135,9.9242217417,9.7234851401,9.889949639,881104,,
2024-09-20 00:00:00+00:00,9.5570206413,9.7234851401,9.4982684652,9.7234851401,1161223,,
2024-09-23 00:00:00+00:00,9.635356876,9.7177078428,9.5178525239,9.5961887587,535215,,
2024-09-24 00:00:00+00:00,9.9976619618,10.2914228422,9.7039010815,9.7626532575,845781,,
2024-09-25 00:00:00+00:00,9.9095336977,10.0466221085,9.8850536243,9.9976619618,465174,,
2024-09-26 00:00:00+00:00,10.0857902259,10.144542402,9.9976619618,10.115166314,407698,,
2024-09-27 00:00:00+00:00,10.0955822553,10.2914228422,9.9829739178,10.1837105194,436845,,
2024-09-30 00:00:00+00:00,10.0172460205,10.1543344314,9.7871333309,10.1543344314,569710,,
2024-10-01 00:00:00+00:00,9.8703655803,10.0975406611,9.7136931108,10.0955822553,373684,,
2024-10-02 00:00:00+00:00,9.8507815216,9.9927659471,9.7822373162,9.8801576097,290992,,
2024-10-03 00:00:00+00:00,9.7724452869,9.8214054336,9.6941090521,9.7920293456,265065,,
2024-10-04 00:00:00+00:00,9.7626532575,9.8801576097,9.7234851401,9.8507815216,478266,,
2024-10-07 00:00:00+00:00,9.8018213749,9.8948456537,9.6745249934,9.7234851401,316785,,
2024-10-08 00:00:00+00:00,9.6647329641,9.7332771695,9.4688923772,9.7332771695,434417,,
2024-10-09 00:00:00+00:00,9.7822373162,9.8360934776,9.5766047,9.6941090521,862823,,
2024-10-10 00:00:00+00:00,9.7430691988,9.8214054336,9.6598369494,9.7528612282,456698,,
2024-10-11 00:00:00+00:00,9.7724452869,9.8801576097,9.4493083185,9.7332771695,350111,,
2024-10-14 00:00:00+00:00,9.8214054336,9.8409894923,9.6157728173,9.7136931108,316710,,
2024-10-15 00:00:00+00:00,9.6255648467,9.7577572429,9.5766047,9.7528612282,345552,,
2024-10-16 00:00:00+00:00,9.7332771695,9.8409894923,9.6549409347,9.6843170228,441073,,
2024-10-17 00:00:00+00:00,9.860573551,9.860573551,9.6892130374,9.7528612282,256657,,
2024-10-18 00:00:00+00:00,9.8018213749,9.9291177564,9.7920293456,9.8703655803,510450,,
2024-10-21 00:00:00+00:00,9.5668126706,9.8116134043,9.5521246266,9.8116134043,161375,,
2024-10-22 00:00:00+00:00,9.4199322304,9.5374365826,9.2926358489,9.5374365826,237314,,
2024-10-23 00:00:00+00:00,9.3709720837,9.5433118002,9.3024278783,9.3905561424,281894,,
2024-10-24 00:00:00+00:00,9.5276445532,9.5521246266,9.3024278783,9.3905561424,262838,,
2024-10-25 00:00:00+00:00,9.5766047,9.635356876,9.4493083185,9.5276445532,179702,,
2024-10-28 00:00:00+00:00,10.3305909596,10.4725753851,9.5325405679,9.5961887587,1420096,,
2024-10-29 00:00:00+00:00,10.3599670476,10.3795511063,10.0662061672,10.3403829889,661280,,
2024-10-30 00:00:00+00:00,10.3893431356,10.4480953117,10.2914228422,10.3501750183,588117,,
2024-10-31 00:00:00+00:00,10.1347503727,10.428511253,9.9976619618,10.3893431356,476548,,
2024-11-01 00:00:00+00:00,10.369759077,10.4383032824,10.0270380499,10.2032945781,496202,,
2024-11-04 00:00:00+00:00,10.2032945781,10.5019514731,10.1543344314,10.4187192237,305179,,
2024-11-05 00:00:00+00:00,10.3305909596,10.4480953117,10.1396463873,10.1935025487,454751,,
2024-11-06 00:00:00+00:00,11.0552011311,11.1727054833,10.5704956785,10.5753916932,1407008,,
2024-11-07 00:00:00+00:00,11.760227244,11.8875236255,10.5362235758,10.6145598106,2518065,,
2024-11-08 00:00:00+00:00,11.3685460702,11.8483555081,11.2608337474,11.7112670973,1128850,,
2024-11-11 00:00:00+00:00,11.4566743343,11.730851156,11.3048978795,11.3685460702,721575,,
2024-11-12 00:00:00+00:00,10.9279047497,11.3783380995,10.908320691,11.3783380995,816166,,
2024-11-13 00:00:00+00:00,10.7712322801,11.0062409844,10.5753916932,11.0062409844,974823,,
2024-11-14 00:00:00+00:00,10.5949757519,10.8789446029,10.5411195905,10.7712322801,364115,,
2024-11-15 00:00:00+00:00,10.6145598106,10.7810243095,10.5411195905,10.6145598106,355582,,
2024-11-18 00:00:00+00:00,10.8985286616,10.9768648964,10.5949757519,10.6635199573,449049,,
2024-11-19 00:00:00+00:00,11.1335373659,11.1433293953,10.8691525736,10.8789446029,279152,,
2024-11-20 00:00:00+00:00,11.0160330138,11.446882305,11.0013449697,11.1335373659,1030523,,
2024-11-21 00:00:00+00:00,11.1335373659,11.3587540409,10.967072867,11.0160330138,343343,,
2024-11-22 00:00:00+00:00,11.0258250431,11.22166563,10.967072867,11.1335373659,214428,,
2024-11-25 00:00:00+00:00,10.8397764855,11.1727054833,10.7222721334,11.0943692485,350584,,
2024-11-26 00:00:00+00:00,10.4872634291,10.683104016,10.1249583433,10.6439358986,825708,,
2024-11-27 00:00:00+00:00,10.4970554584,10.7626791673,10.4773796282,10.5954346099,344541,,
2024-11-29 00:00:00+00:00,10.5954346099,10.6839758462,10.467541713,10.4773796282,205804,,
2024-12-02 00:00:00+00:00,10.3888383919,10.605272525,10.3691625616,10.605272525,296713,,
2024-12-03 00:00:00+00:00,10.4478658827,10.536407119,10.3494867313,10.3888383919,316617,,
2024-12-04 00:00:00+00:00,10.1822421738,10.5757587796,10.1625663436,10.467541713,504182,,
2024-12-05 00:00:00+00:00,10.054349277,10.2215938344,9.9953217861,10.1625663436,408520,,
2024-12-06 00:00:00+00:00,9.985483871,10.1379715557,9.9067805498,10.1133767678,459498,,
2024-12-09 00:00:00+00:00,10.2019180041,10.5462450342,10.123214683,10.123214683,444890,,
2024-12-10 00:00:00+00:00,9.985483871,10.2019180041,9.9362942952,10.2019180041,199216,,
2024-12-11 00:00:00+00:00,9.9362942952,10.054349277,9.9067805498,10.0445113618,274993,,
2024-12-12 00:00:00+00:00,9.8280772287,9.916618465,9.8084013984,9.8575909741,396769,,
2024-12-13 00:00:00+00:00,9.916618465,9.9264563801,9.6903464167,9.8280772287,579506,,
2024-12-16 00:00:00+00:00,9.4935881138,10.0248355315,9.4640743683,9.8772668044,387168,,
2024-12-17 00:00:00+00:00,9.3952089623,9.4542364532,9.2082885746,9.3952089623,999162,,
2024-12-18 00:00:00+00:00,9.3460193866,9.6509947561,9.3165056412,9.4443985381,921152,,
2024-12-19 00:00:00+00:00,9.1984506595,9.4640743683,9.1984506595,9.4050468775,496675,,
2024-12-20 00:00:00+00:00,9.2673160655,9.3607762593,9.0705577626,9.0705577626,797567,,
2024-12-23 00:00:00+00:00,9.4542364532,9.4640743683,9.2082885746,9.2476402352,625201,,
2024-12-24 00:00:00+00:00,9.6411568409,9.6411568409,9.4148847926,9.4935881138,124283,,
2024-12-26 00:00:00+00:00,9.7985634832,9.8280772287,9.5526156046,9.6116430955,305613,,
2024-12-27 00:00:00+00:00,9.6608326712,9.8182393135,9.5722914349,9.7788876529,325805,,
2024-12-30 00:00:00+00:00,9.5132639441,9.6608326712,9.4443985381,9.5624535198,262954,,
2024-12-31 00:00:00+00:00,9.6214810106,9.7001843318,9.5181829016,9.5722914349,262769,,
2025-01-02 00:00:00+00:00,9.5427776895,9.6903464167,9.4640743683,9.6903464167,297786,,
2025-01-03 00:00:00+00:00,8.7950961386,9.2180281106,8.7459065628,9.1492610837,2559878,,
2025-01-06 00:00:00+00:00,8.6770411568,8.962340696,8.6111271254,8.8737994597,978969,,
2025-01-07 00:00:00+00:00,8.4704449388,8.7459065628,8.411417448,8.6770411568,682654,,
2025-01-08 00:00:00+00:00,8.1949833148,8.4409311934,8.1262162879,8.411417448,659956,,
2025-01-10 00:00:00+00:00,8.0966041634,8.1556316542,7.9982250119,8.1261179088,829534,,
2025-01-13 00:00:00+00:00,8.1654695694,8.5688240903,8.0474145876,8.0966041634,2008540,,
2025-01-14 00:00:00+00:00,8.0375766725,8.2244970602,7.870332115,8.1949833148,596977,,
2025-01-15 00:00:00+00:00,8.2638487208,8.3277951692,8.1064420785,8.1949833148,409757,,
2025-01-16 00:00:00+00:00,8.1162799936,8.2835245511,7.9982250119,8.2736866359,361705,,
2025-01-17 00:00:00+00:00,8.1851453997,8.2982814238,8.1261179088,8.1457937391,282903,,
2025-01-21 00:00:00+00:00,8.3228762117,8.7163928174,8.1556316542,8.342552042,391576,,
2025-01-22 00:00:00+00:00,8.3622278722,8.5737430478,8.2441728905,8.3622278722,364467,,
2025-01-23 00:00:00+00:00,8.4901207691,8.6573653266,8.2943462577,8.3819037025,291024,,
2025-01-24 00:00:00+00:00,8.7065549023,8.8147719689,8.4852018115,8.5393103448,381375,,
2025-01-27 00:00:00+00:00,8.4704449388,8.6672032417,8.3523899571,8.5884999205,366744,,
2025-01-28 00:00:00+00:00,8.3228762117,8.4753638964,8.1064420785,8.4507691085,426278,,
2025-01-29 00:00:00+00:00,8.411417448,8.5294724297,8.2540108057,8.3622278722,318382,,
2025-01-30 00:00:00+00:00,8.5097965994,8.5294724297,8.3819037025,8.480282854,341507,,
2025-01-31 00:00:00+00:00,8.0277387573,8.5392119657,8.0179008422,8.5196345145,638419,,
2025-02-03 00:00:00+00:00,8.0277387573,8.1359558239,7.6047084062,7.6145463213,476630,,
2025-02-04 00:00:00+00:00,8.2835245511,8.3917416177,8.0080629271,8.0572525028,585297,,
2025-02-05 00:00:00+00:00,8.2244970602,8.3130382965,8.1359558239,8.2736866359,239364,,
2025-02-06 00:00:00+00:00,8.4409311934,8.480282854,8.2638487208,8.3032003814,578331,,
2025-02-07 00:00:00+00:00,8.1851453997,8.480282854,8.1556316542,8.2835245511,409871,,
2025-02-10 00:00:00+00:00,8.0769283331,8.2343349754,7.7621150485,7.9883870968,660025,,
2025-02-11 00:00:00+00:00,7.9883870968,8.1851453997,7.9244406483,8.0867662482,533073,,
2025-02-12 00:00:00+00:00,7.9293596059,8.0670904179,7.870332115,7.8900079453,468077,,
2025-02-13 00:00:00+00:00,7.9883870968,8.0080629271,7.767034006,8.0080629271,496131,,
2025-02-14 00:00:00+00:00,7.8604941999,8.1457937391,7.8211425393,8.0572525028,230708,,
2025-02-18 00:00:00+00:00,7.9391975211,8.0670904179,7.7375202606,7.870332115,280397,,
2025-02-19 00:00:00+00:00,7.7424392182,8.0996539171,7.732601303,7.9588733513,345321,,
2025-02-20 00:00:00+00:00,7.663735897,7.8162235818,7.6342221516,7.732601303,591560,,
2025-02-21 00:00:00+00:00,7.4473017639,7.6932496425,7.3981121881,7.6932496425,585271,,
2025-02-24 00:00:00+00:00,7.2407055458,7.5456809153,7.2308676307,7.5456809153,774702,,
2025-02-25 00:00:00+00:00,6.9258922612,7.250543461,6.8029183219,7.250543461,3193149,,
2025-02-26 00:00:00+00:00,7.112812649,7.1423263944,6.8324320674,6.9849197521,2794843,,
2025-02-27 00:00:00+00:00,6.9160543461,7.2603813761,6.8816216431,7.0242714127,1395466,,
2025-02-28 00:00:00+00:00,7.2210297156,7.2308676307,6.8471889401,6.8963785158,933894,,
2025-03-03 00:00:00+00:00,6.6897822978,7.3784363579,6.6405927221,7.2800572064,1272530,,
2025-03-04 00:00:00+00:00,6.4339965041,6.6405927221,6.3454552678,6.5520514858,1769681,,
2025-03-05 00:00:00+00:00,6.7291339584,6.8176751947,6.399563801,6.4733481646,883000,,
2025-03-06 00:00:00+00:00,6.6307548069,6.7094581281,6.4635102495,6.7094581281,1481162,,
2025-03-07 00:00:00+00:00,6.2765898618,6.6799443826,6.2667519466,6.6012410615,1403365,,
2025-03-10 00:00:00+00:00,5.4108533291,6.2077244557,5.401015414,6.1880486255,4058060,,
2025-03-11 00:00:00+00:00,5.7158286986,5.7551803591,5.1107969172,5.4403670745,2783623,,
2025-03-12 00:00:00+00:00,5.7256666137,6.0404798983,5.7059907834,5.7945320197,2532564,,
2025-03-13 00:00:00+00:00,6.1388590497,6.1880486255,5.4503033688,5.710909741,3735355,,
2025-03-14 00:00:00+00:00,6.4438344192,6.6307548069,6.2864277769,6.2864277769,2182652,,
2025-03-17 00:00:00+00:00,6.227400286,6.5618894009,6.0995073892,6.4241585889,917326,,
2025-03-18 00:00:00+00:00,6.2470761163,6.3159415223,6.1044263467,6.2372382012,554582,,
2025-03-19 00:00:00+00:00,6.4044827586,6.4930239949,6.2470761163,6.2765898618,672528,,
2025-03-20 00:00:00+00:00,6.2077244557,6.4438344192,6.1880486255,6.3454552678,514284,,
2025-03-21 00:00:00+00:00,6.0995073892,6.1490968801,5.9705747126,6.1094252874,1286443,,
2025-03-24 00:00:00+00:00,6.1689326765,6.3077832512,6.1590147783,6.1986863711,642971,,
2025-03-25 00:00:00+00:00,6.089589491,6.243316913,6.0796715928,6.1788505747,478504,,
2025-03-26 00:00:00+00:00,5.8912315271,6.1689326765,5.8614778325,6.1094252874,613488,,
2025-03-27 00:00:00+00:00,5.7424630542,5.8713957307,5.7027914614,5.8713957307,692564,,
2025-03-28 00:00:00+00:00,5.6631198686,5.8069293924,5.6234482759,5.7226272578,808425,,
2025-03-31 00:00:00+00:00,5.375500821,5.6036124795,5.3358292282,5.5441050903,1044011,,
2025-04-01 00:00:00+00:00,5.3953366174,5.5044334975,5.2068965517,5.3655829228,762041,,
2025-04-02 00:00:00+00:00,5.5837766831,5.6135303777,5.2664039409,5.3060755337,1016537,,
2025-04-03 00:00:00+00:00,5.068045977,5.5044334975,5.018456486,5.32591133,1221779,,
2025-04-04 00:00:00+00:00,4.6415763547,4.8994417077,4.4779310345,4.8002627258,1935124,,
2025-04-07 00:00:00+00:00,4.711001642,4.9192775041,4.3440394089,4.4630541872,2874215,,
2025-04-08 00:00:00+00:00,4.2944499179,4.9490311987,4.2200656814,4.9490311987,1962052,,
2025-04-09 00:00:00+00:00,4.8696880131,4.9192775041,4.1357635468,4.2746141215,1486253,,
2025-04-10 00:00:00+00:00,4.5622331691,4.8300164204,4.3638752053,4.8300164204,851559,,
2025-04-11 00:00:00+00:00,4.6118226601,4.7209195402,4.4828899836,4.5820689655,543821,,
2025-04-14 00:00:00+00:00,4.5523152709,4.8002627258,4.5126436782,4.6812479475,771219,,
2025-04-15 00:00:00+00:00,4.5126436782,4.6911658456,4.50272578,4.5523152709,531523,,
2025-04-16 00:00:00+00:00,4.6713300493,4.6986042693,4.4729720854,4.4729720854,740641,,
2025-04-17 00:00:00+00:00,4.760591133,4.8498522167,4.711001642,4.8300164204,661052,,
2025-04-21 00:00:00+00:00,4.810180624,4.8349753695,4.606863711,4.711001642,906336,,
2025-04-22 00:00:00+00:00,4.810180624,5.0531691297,4.7903448276,4.8300164204,751783,,
2025-04-23 00:00:00+00:00,4.8895238095,5.1077175698,4.8498522167,4.9986206897,987428,,
2025-04-24 00:00:00+00:00,5.2068965517,5.2961576355,4.9093596059,4.9093596059,1216472,,
2025-04-25 00:00:00+00:00,5.0878817734,5.5143513957,4.9994141215,5.2763218391,1122012,,
2025-04-28 00:00:00+00:00,5.068045977,5.2664039409,5.018456486,5.0779638752,965708,,
2025-04-29 00:00:00+00:00,5.0283743842,5.117635468,4.9986206897,5.0382922824,1522921,,
2025-04-30 00:00:00+00:00,5.0730049261,5.1573070608,4.2349425287,4.3837110016,1420868,,
2025-05-01 00:00:00+00:00,5.2961576355,5.3705418719,5.0283743842,5.0482101806,1136553,,
2025-05-02 00:00:00+00:00,5.7127093596,5.7672577997,5.4151724138,5.4845977011,816933,,
2025-05-05 00:00:00+00:00,5.5936945813,5.732545156,5.5242692939,5.682955665,914139,,
2025-05-06 00:00:00+00:00,5.4151724138,5.5639408867,5.3655829228,5.5540229885,851428,,
2025-05-07 00:00:00+00:00,5.2267323481,5.425090312,5.1920197044,5.425090312,426358,,
2025-05-08 00:00:00+00:00,5.7622988506,5.8168472906,5.2366502463,5.2763218391,1326801,,
2025-05-09 00:00:00+00:00,5.9309031199,5.990410509,5.6928735632,5.782134647,767846,,
2025-05-12 00:00:00+00:00,6.2086042693,6.3375369458,6.0102463054,6.2185221675,1011217,,
2025-05-13 00:00:00+00:00,6.04,6.28,6.04,6.21,960598,,
2025-05-14 00:00:00+00:00,5.82,6.04,5.755,6.01,478164,,
2025-05-15 00:00:00+00:00,5.75,5.8,5.6451,5.76,427269,,
2025-05-16 00:00:00+00:00,5.75,5.835,5.575,5.76,549641,,
2025-05-19 00:00:00+00:00,5.75,5.84,5.62,5.66,601773,,
2025-05-20 00:00:00+00:00,5.59,5.77,5.565,5.77,454277,,
2025-05-21 00:00:00+00:00,5.47,5.615,5.42,5.54,389142,,
2025-05-22 00:00:00+00:00,5.37,5.455,5.31,5.44,569790,,
2025-05-23 00:00:00+00:00,5.4,5.425,5.28,5.29,481439,,
2025-05-27 00:00:00+00:00,5.51,5.55,5.39,5.49,335430,,
2025-05-28 00:00:00+00:00,5.34,5.54,5.33,5.51,549776,,
2025-05-29 00:00:00+00:00,5.43,5.625,5.35,5.55,735785,,
2025-05-30 00:00:00+00:00,5.27,5.4,5.18,5.4,555264,,
2025-06-02 00:00:00+00:00,4.94,5.01,4.71,4.76,2130725,,
2025-06-03 00:00:00+00:00,5.11,5.135,4.84,4.99,1407801,,
2025-06-04 00:00:00+00:00,5.31,5.37,5.06,5.12,968048,,
2025-06-05 00:00:00+00:00,5.3,5.64,5.28,5.34,1282387,,
2025-06-06 00:00:00+00:00,5.88,5.915,5.35,5.37,1681633,,
2025-06-09 00:00:00+00:00,5.86,6.13,5.8,5.97,1623377,,
2025-06-10 00:00:00+00:00,6.09,6.135,5.855,5.88,924822,,
2025-06-11 00:00:00+00:00,6.34,6.52,6.11,6.11,2138949,,
2025-06-12 00:00:00+00:00,6.22,6.3,6.06,6.22,1375972,,
2025-06-13 00:00:00+00:00,6.15,6.36,5.975,6.12,1035420,,
2025-06-16 00:00:00+00:00,6.55,6.71,6.14,6.22,1718058,,
2025-06-17 00:00:00+00:00,6.8,6.84,6.405,6.46,1510241,,
2025-06-18 00:00:00+00:00,6.66,6.9891,6.645,6.8,1263283,,
2025-06-20 00:00:00+00:00,6.8,6.94,6.64,6.71,2067522,,
2025-06-23 00:00:00+00:00,6.87,7.005,6.625,6.74,1153132,,
2025-06-24 00:00:00+00:00,6.89,7.03,6.885,6.94,1053508,,
2025-06-25 00:00:00+00:00,6.69,7.01,6.68,6.91,725031,,
2025-06-26 00:00:00+00:00,6.88,7.01,6.74,6.76,1053059,,
2025-06-27 00:00:00+00:00,6.67,6.91,6.39,6.85,2258032,,
2025-06-30 00:00:00+00:00,6.89,6.98,6.52,6.71,1025502,,
2025-07-01 00:00:00+00:00,6.91,6.985,6.71,6.87,284222,,
2025-07-02 00:00:00+00:00,7.11,7.245,6.95,6.97,720955,,
2025-07-03 00:00:00+00:00,7.09,7.17,6.97,7.17,303199,,
2025-07-07 00:00:00+00:00,6.99,7.0284,6.85,6.96,815281,,
2025-07-08 00:00:00+00:00,7.01,7.11,6.99,7.03,733198,,
2025-07-09 00:00:00+00:00,6.94,7.07,6.88,7.05,421869,,
2025-07-10 00:00:00+00:00,6.99,7.14,6.965,6.97,539627,,
2025-07-11 00:00:00+00:00,6.98,7.0,6.78,6.91,513604,,
2025-07-14 00:00:00+00:00,6.7,6.98,6.69,6.98,516575,,
2025-07-15 00:00:00+00:00,6.63,6.835,6.62,6.73,556900,,
2025-07-16 00:00:00+00:00,6.96,7.03,6.59,6.59,1269789,,
2025-07-17 00:00:00+00:00,6.9,7.03,6.72,7.03,1179676,,
2025-07-18 00:00:00+00:00,7.02,7.24,6.92,6.95,857884,7.06,
2025-07-21 00:00:00+00:00,6.93,7.19,6.9,7.08,573722,7.0386264470345425,
2025-07-22 00:00:00+00:00,6.92,7.07,6.875,6.94,471049,7.0179226650829145,
2025-07-23 00:00:00+00:00,6.77,6.97,6.63,6.95,1131911,6.9329061679111055,
2025-07-24 00:00:00+00:00,6.015,6.72,5.97,6.72,1749435,6.677692701847958,
2025-07-25 00:00:00+00:00,6.23,6.23,5.91,5.99,1104210,6.5737342740152025,
2025-07-28 00:00:00+00:00,6.12,6.32,6.03,6.19,773876,6.525287201543099,
2025-07-29 00:00:00+00:00,5.85,6.18,5.815,6.15,1337518,6.428821665569737,
2025-07-30 00:00:00+00:00,5.64,5.68,5.05,5.25,2883745,6.17123120699662,
2025-07-31 00:00:00+00:00,5.35,5.56,5.3,5.54,1626686,6.071381077027543,
2025-08-01 00:00:00+00:00,5.14,5.24,5.075,5.2,1547548,5.970133081900845,
2025-08-04 00:00:00+00:00,5.01,5.18,5.0,5.18,760347,5.923602802577499,
2025-08-05 00:00:00+00:00,4.96,5.15,4.94,5.12,645747,5.885730099268752,
2025-08-06 00:00:00+00:00,4.8,5.005,4.77,4.96,1039650,5.821007817332359,
2025-08-07 00:00:00+00:00,4.72,4.87,4.66,4.87,830581,5.769688824949988,
2025-08-08 00:00:00+00:00,4.54,4.76,4.53,4.76,1247404,5.691836389064648,
2025-08-11 00:00:00+00:00,4.37,4.57,4.3,4.53,1461961,5.598582083113435,4.413333333333334
2025-08-12 00:00:00+00:00,4.6,4.62,4.37,4.37,1277370,5.534560813610196,4.46773584986018
2025-08-13 00:00:00+00:00,4.7,4.72,4.605,4.61,1032219,5.494867687791642,4.524461067288869
2025-08-14 00:00:00+00:00,4.67,4.72,4.5615,4.62,1375694,5.44591437125036,4.558147250321403
2025-08-15 00:00:00+00:00,4.55,4.73,4.55,4.7,691255,5.422252027383886,4.5642864091153115
2025-08-18 00:00:00+00:00,4.53,4.64,4.48,4.56,916823,5.390689007255042,4.562347477342063
2025-08-19 00:00:00+00:00,4.41,4.55,4.4,4.52,834944,5.360784831591552,4.550355709799894
2025-08-20 00:00:00+00:00,4.36,4.47,4.34,4.41,1571244,5.305803410200902,4.522853917312757
2025-08-21 00:00:00+00:00,4.58,4.62,4.31,4.33,1132628,5.274326842848851,4.520706135731488
2025-08-22 00:00:00+00:00,4.93,4.965,4.51,4.58,1399650,5.252475262053351,4.554334794565
2025-08-25 00:00:00+00:00,5.05,5.1488,4.89,4.92,1318092,5.243176736896036,4.602478741877935
2025-08-26 00:00:00+00:00,4.96,5.17,4.9328,5.06,1015759,5.236253922039568,4.632779565656059
2025-08-27 00:00:00+00:00,4.93,4.96,4.83,4.95,975157,5.226683940022547,4.6505817755748105
2025-08-28 00:00:00+00:00,5.08,5.11,4.855,4.97,804806,5.2217298870949165,4.669135252156948
2025-08-29 00:00:00+00:00,4.87,5.1,4.84,5.1,1009050,5.213603910288817,4.685187946463224
2025-09-02 00:00:00+00:00,4.83,4.8877,4.64,4.8,749854,5.204731577273491,4.689486999228342
2025-09-03 00:00:00+00:00,4.8,4.87,4.695,4.8,790955,5.195815410401367,4.693745921646427
2025-09-04 00:00:00+00:00,4.98,5.025,4.66,4.79,1404263,5.184554286145878,4.70757325282956
2025-09-05 00:00:00+00:00,5.13,5.21,4.98,5.03,1487346,5.1816458069760465,4.735508122106049
2025-09-08 00:00:00+00:00,4.98,5.17,4.94,5.17,724651,5.1789361486468,4.745219897085249
2025-09-09 00:00:00+00:00,4.68,5.08,4.65,4.97,1155040,5.168534913784457,4.748122056150493
2025-09-10 00:00:00+00:00,4.65,4.81,4.64,4.7,1224689,5.155170229437003,4.74570208884299
2025-09-11 00:00:00+00:00,4.61,4.76,4.545,4.63,1051670,5.142813195200439,4.741257453308624
2025-09-12 00:00:00+00:00,4.55,4.64,4.53,4.62,1241320,5.127183262355159,4.733434735954721
