date,Close,High,Low,Open,Volume,aVWAP_peak_902,aVWAP_valley_901
2022-01-03 00:00:00+00:00,67.0,68.0346,65.5101,67.33,54039,,
2022-01-04 00:00:00+00:00,63.55,67.26,63.44,66.82,101859,,
2022-01-05 00:00:00+00:00,55.43,63.36,55.06,62.16,294062,,
2022-01-06 00:00:00+00:00,54.72,56.35,53.24,55.0,157829,,
2022-01-07 00:00:00+00:00,53.21,55.8695,52.36,54.56,82137,,
2022-01-10 00:00:00+00:00,51.88,52.35,48.335,52.35,149178,,
2022-01-11 00:00:00+00:00,54.25,55.52,50.74,51.27,235546,,
2022-01-12 00:00:00+00:00,56.08,56.68,54.97,55.08,119794,,
2022-01-13 00:00:00+00:00,55.07,56.485,54.42,56.08,98777,,
2022-01-14 00:00:00+00:00,55.87,56.34,54.08,54.08,151209,,
2022-01-18 00:00:00+00:00,52.14,56.13,52.04,54.2,129830,,
2022-01-19 00:00:00+00:00,51.83,54.6,51.5701,52.99,114930,,
2022-01-20 00:00:00+00:00,53.18,56.0956,52.41,52.41,131441,,
2022-01-21 00:00:00+00:00,52.45,53.4,51.81,52.81,219787,,
2022-01-24 00:00:00+00:00,53.07,53.45,48.44,51.02,197374,,
2022-01-25 00:00:00+00:00,51.52,52.94,50.27,51.66,131289,,
2022-01-26 00:00:00+00:00,52.2,54.38,51.54,53.08,134377,,
2022-01-27 00:00:00+00:00,52.0,53.3,51.58,53.08,140650,,
2022-01-28 00:00:00+00:00,53.82,53.82,50.85,51.97,112931,,
2022-01-31 00:00:00+00:00,56.69,56.7,54.09,54.09,86640,,
2022-02-01 00:00:00+00:00,57.2,57.36,55.61,57.0,80056,,
2022-02-02 00:00:00+00:00,53.37,57.99,53.25,57.99,91692,,
2022-02-03 00:00:00+00:00,52.54,52.97,51.03,51.3,75940,,
2022-02-04 00:00:00+00:00,53.53,53.9671,52.31,52.42,73741,,
2022-02-07 00:00:00+00:00,53.97,55.58,53.0,53.68,53905,,
2022-02-08 00:00:00+00:00,54.57,54.82,53.33,53.33,71237,,
2022-02-09 00:00:00+00:00,55.33,56.03,54.77,55.42,58156,,
2022-02-10 00:00:00+00:00,55.53,56.78,53.84,54.06,75824,,
2022-02-11 00:00:00+00:00,54.49,56.64,53.9763,55.68,110930,,
2022-02-14 00:00:00+00:00,55.56,57.24,54.45,54.6,64547,,
2022-02-15 00:00:00+00:00,56.31,56.88,55.49,56.67,63747,,
2022-02-16 00:00:00+00:00,56.01,56.4,54.21,55.59,44207,,
2022-02-17 00:00:00+00:00,52.49,55.52,52.38,55.52,97655,,
2022-02-18 00:00:00+00:00,49.58,52.63,49.25,52.37,88119,,
2022-02-22 00:00:00+00:00,49.85,51.39,48.87,49.1935,168545,,
2022-02-23 00:00:00+00:00,47.82,51.44,47.69,50.56,81240,,
2022-02-24 00:00:00+00:00,50.6,50.7,45.35,45.68,129916,,
2022-02-25 00:00:00+00:00,51.27,51.42,48.96,50.62,52559,,
2022-02-28 00:00:00+00:00,52.62,52.62,50.97,50.97,50635,,
2022-03-01 00:00:00+00:00,51.46,53.3601,51.08,52.71,38374,,
2022-03-02 00:00:00+00:00,49.8,51.86,49.42,51.81,100180,,
2022-03-03 00:00:00+00:00,44.49,50.07,44.33,50.07,198222,,
2022-03-04 00:00:00+00:00,43.43,44.79,42.8571,44.36,180022,,
2022-03-07 00:00:00+00:00,40.51,43.99,40.27,43.33,83446,,
2022-03-08 00:00:00+00:00,41.92,42.75,39.71,40.34,128369,,
2022-03-09 00:00:00+00:00,45.38,45.55,42.87,42.93,104851,,
2022-03-10 00:00:00+00:00,43.51,46.05,41.64,46.0,90499,,
2022-03-11 00:00:00+00:00,40.71,44.02,40.36,43.76,108586,,
2022-03-14 00:00:00+00:00,38.52,41.06,38.31,40.52,105418,,
2022-03-15 00:00:00+00:00,41.49,41.69,38.63,38.63,80761,,
2022-03-16 00:00:00+00:00,45.63,45.72,42.11,42.11,62548,,
2022-03-17 00:00:00+00:00,47.52,47.61,45.27,45.27,41489,,
2022-03-18 00:00:00+00:00,49.05,49.85,47.18,47.31,69620,,
2022-03-21 00:00:00+00:00,49.19,49.61,47.51,49.01,50476,,
2022-03-22 00:00:00+00:00,50.4,51.32,49.5,49.5,77900,,
2022-03-23 00:00:00+00:00,49.45,51.68,48.8,49.76,37459,,
2022-03-24 00:00:00+00:00,49.93,50.25,48.68,49.91,30580,,
2022-03-25 00:00:00+00:00,48.87,49.94,47.8723,49.34,45872,,
2022-03-28 00:00:00+00:00,49.52,50.44,48.37,48.54,47960,,
2022-03-29 00:00:00+00:00,52.3,52.84,50.42,50.82,66957,,
2022-03-30 00:00:00+00:00,51.07,52.06,50.715,51.66,39744,,
2022-03-31 00:00:00+00:00,51.82,52.53,50.43,51.21,41058,,
2022-04-01 00:00:00+00:00,50.91,52.555,50.54,51.99,35304,,
2022-04-04 00:00:00+00:00,51.7,52.12,50.6,51.1,60104,,
2022-04-05 00:00:00+00:00,49.53,51.81,48.985,51.81,42323,,
2022-04-06 00:00:00+00:00,48.63,49.3,47.36,48.19,59189,,
2022-04-07 00:00:00+00:00,48.97,49.94,47.86,48.86,34237,,
2022-04-08 00:00:00+00:00,49.05,49.63,48.32,48.48,48215,,
2022-04-11 00:00:00+00:00,48.16,49.35,47.6843,48.06,30475,,
2022-04-12 00:00:00+00:00,49.13,51.0201,48.7,49.62,50874,,
2022-04-13 00:00:00+00:00,50.17,51.19,48.93,49.1,38677,,
2022-04-14 00:00:00+00:00,48.89,50.25,48.22,50.24,50920,,
2022-04-18 00:00:00+00:00,48.48,49.13,47.37,48.89,46762,,
2022-04-19 00:00:00+00:00,49.38,50.06,48.03,48.03,35321,,
2022-04-20 00:00:00+00:00,48.57,49.19,48.0,48.81,48878,,
2022-04-21 00:00:00+00:00,46.6,49.765,46.1301,49.27,64881,,
2022-04-22 00:00:00+00:00,45.48,47.14,44.8583,46.49,41793,,
2022-04-25 00:00:00+00:00,46.07,46.18,44.49,44.95,56727,,
2022-04-26 00:00:00+00:00,43.76,45.63,43.7,45.5,58461,,
2022-04-27 00:00:00+00:00,43.7,45.15,43.58,43.9,30097,,
2022-04-28 00:00:00+00:00,45.67,46.03,43.6,44.35,34993,,
2022-04-29 00:00:00+00:00,42.88,46.08,42.82,45.01,33820,,
2022-05-02 00:00:00+00:00,44.69,44.91,42.74,42.76,46194,,
2022-05-03 00:00:00+00:00,44.66,45.15,43.22,45.0,64782,,
2022-05-04 00:00:00+00:00,47.23,47.24,44.1507,44.9,45958,,
2022-05-05 00:00:00+00:00,41.7,46.3191,41.41,46.3191,37220,,
2022-05-06 00:00:00+00:00,40.37,41.505,38.43,41.46,45799,,
2022-05-09 00:00:00+00:00,36.79,39.82,36.72,38.99,52887,,
2022-05-10 00:00:00+00:00,36.22,37.79,35.29,37.79,102170,,
2022-05-11 00:00:00+00:00,34.22,36.9,34.05,35.69,148052,,
2022-05-12 00:00:00+00:00,29.72,33.29,28.72,33.29,304240,,
2022-05-13 00:00:00+00:00,32.68,32.85,30.24,30.24,94175,,
2022-05-16 00:00:00+00:00,30.56,32.36,30.48,32.33,52063,,
2022-05-17 00:00:00+00:00,33.24,33.37,31.4,31.4,108580,,
2022-05-18 00:00:00+00:00,32.71,33.43,31.87,32.38,80976,,
2022-05-19 00:00:00+00:00,34.38,34.81,32.35,32.35,178633,,
2022-05-20 00:00:00+00:00,35.35,35.38,33.83,34.92,100021,,
2022-05-23 00:00:00+00:00,36.22,36.74,35.22,35.37,50290,,
2022-05-24 00:00:00+00:00,32.79,35.41,32.7,35.41,50820,,
2022-05-25 00:00:00+00:00,33.33,33.62,32.52,32.52,57173,,
2022-05-26 00:00:00+00:00,34.05,34.49,33.26,33.48,44865,,
2022-05-27 00:00:00+00:00,34.74,35.26,34.13,34.75,59598,,
2022-05-31 00:00:00+00:00,34.44,35.54,34.02,34.92,59636,,
2022-06-01 00:00:00+00:00,32.9,35.06,32.9,34.6,67014,,
2022-06-02 00:00:00+00:00,34.7,35.01,32.33,32.44,72415,,
2022-06-03 00:00:00+00:00,33.11,34.13,31.95,34.13,81619,,
2022-06-06 00:00:00+00:00,33.92,34.67,33.23,33.68,53681,,
2022-06-07 00:00:00+00:00,33.59,34.4,33.11,33.11,68682,,
2022-06-08 00:00:00+00:00,33.38,33.93,33.17,33.38,57898,,
2022-06-09 00:00:00+00:00,32.08,33.13,32.03,33.13,49732,,
2022-06-10 00:00:00+00:00,31.1,31.479,30.49,31.06,75669,,
2022-06-13 00:00:00+00:00,28.07,29.75,28.0575,29.6,84357,,
2022-06-14 00:00:00+00:00,27.65,28.48,27.0,28.48,91485,,
2022-06-15 00:00:00+00:00,27.56,28.22,27.06,28.0,81048,,
2022-06-16 00:00:00+00:00,25.29,27.04,25.09,26.45,89218,,
2022-06-17 00:00:00+00:00,25.7,26.38,25.34,25.54,128365,,
2022-06-21 00:00:00+00:00,27.05,27.845,26.06,26.13,46713,,
2022-06-22 00:00:00+00:00,29.04,30.435,26.48,26.48,94357,,
2022-06-23 00:00:00+00:00,29.75,30.12,28.16,29.32,66352,,
2022-06-24 00:00:00+00:00,32.67,33.0461,29.8,30.36,110926,,
2022-06-27 00:00:00+00:00,31.16,33.09,30.74,33.09,35662,,
2022-06-28 00:00:00+00:00,29.76,32.03,29.52,31.28,65889,,
2022-06-29 00:00:00+00:00,28.77,29.7,28.53,29.4,43393,,
2022-06-30 00:00:00+00:00,28.67,29.0,27.43,28.32,65752,,
2022-07-01 00:00:00+00:00,28.38,28.73,28.01,28.4,25564,,
2022-07-05 00:00:00+00:00,29.3,29.46,26.76,27.24,53111,,
2022-07-06 00:00:00+00:00,29.55,29.86,28.88,29.37,57313,,
2022-07-07 00:00:00+00:00,30.27,30.4,29.495,29.52,32783,,
2022-07-08 00:00:00+00:00,30.49,31.68,29.49,29.9,121496,,
2022-07-11 00:00:00+00:00,28.15,30.0,28.11,30.0,46737,,
2022-07-12 00:00:00+00:00,27.21,28.59,26.99,28.13,49028,,
2022-07-13 00:00:00+00:00,27.33,27.71,26.2504,26.39,32498,,
2022-07-14 00:00:00+00:00,26.87,27.18,26.46,26.8,49890,,
2022-07-15 00:00:00+00:00,26.85,29.39,26.72,27.39,41268,,
2022-07-18 00:00:00+00:00,26.67,28.205,26.14,27.32,43878,,
2022-07-19 00:00:00+00:00,27.79,28.07,27.095,27.21,26304,,
2022-07-20 00:00:00+00:00,30.34,30.64,27.99,27.99,53505,,
2022-07-21 00:00:00+00:00,30.94,31.38,30.08,30.28,23309,,
2022-07-22 00:00:00+00:00,29.95,31.34,29.5,30.89,42234,,
2022-07-25 00:00:00+00:00,29.88,30.11,29.04,29.92,30846,,
2022-07-26 00:00:00+00:00,28.95,29.11,28.44,29.09,31585,,
2022-07-27 00:00:00+00:00,30.52,30.75,29.25,29.44,27920,,
2022-07-28 00:00:00+00:00,30.26,30.96,29.3301,30.32,35289,,
2022-07-29 00:00:00+00:00,31.49,31.7499,29.76,30.28,43048,,
2022-08-01 00:00:00+00:00,30.92,31.38,30.63,31.22,16174,,
2022-08-02 00:00:00+00:00,31.33,31.83,30.63,30.63,88097,,
2022-08-03 00:00:00+00:00,34.15,34.5,31.75,31.75,89078,,
2022-08-04 00:00:00+00:00,35.12,35.45,33.37,33.97,133778,,
2022-08-05 00:00:00+00:00,35.18,35.31,32.97,34.16,78652,,
2022-08-08 00:00:00+00:00,35.93,36.49,35.37,35.67,32232,,
2022-08-09 00:00:00+00:00,34.58,35.63,34.44,35.63,62422,,
2022-08-10 00:00:00+00:00,35.68,36.24,35.09,35.47,103859,,
2022-08-11 00:00:00+00:00,36.64,40.555,36.56,39.62,123572,,
2022-08-12 00:00:00+00:00,36.45,37.3,35.33,36.78,72256,,
2022-08-15 00:00:00+00:00,36.47,36.5,35.45,35.97,53114,,
2022-08-16 00:00:00+00:00,36.4,36.505,35.41,36.01,59595,,
2022-08-17 00:00:00+00:00,34.23,35.77,34.18,35.7,42266,,
2022-08-18 00:00:00+00:00,33.72,34.24,33.33,34.01,39184,,
2022-08-19 00:00:00+00:00,31.44,33.01,31.31,33.01,27997,,
2022-08-22 00:00:00+00:00,30.19,30.9,29.89,30.65,80587,,
2022-08-23 00:00:00+00:00,30.77,30.9,29.87,30.15,76269,,
2022-08-24 00:00:00+00:00,31.43,31.64,30.62,30.62,78228,,
2022-08-25 00:00:00+00:00,31.8,32.48,31.62,32.0,68215,,
2022-08-26 00:00:00+00:00,29.39,31.43,29.25,31.37,135190,,
2022-08-29 00:00:00+00:00,29.0,30.225,28.79,29.0,134833,,
2022-08-30 00:00:00+00:00,30.47,30.47,29.07,29.07,139847,,
2022-08-31 00:00:00+00:00,30.05,31.57,29.965,30.78,53943,,
2022-09-01 00:00:00+00:00,29.89,29.98,28.63,29.7,77644,,
2022-09-02 00:00:00+00:00,29.59,30.59,29.43,30.23,49726,,
2022-09-06 00:00:00+00:00,29.14,29.94,28.97,29.94,82073,,
2022-09-07 00:00:00+00:00,30.27,30.28,29.085,29.22,69995,,
2022-09-08 00:00:00+00:00,31.07,31.19,29.38,29.85,39684,,
2022-09-09 00:00:00+00:00,31.55,32.08,31.25,31.78,58173,,
2022-09-12 00:00:00+00:00,31.9,32.125,31.41,31.79,59428,,
2022-09-13 00:00:00+00:00,31.25,31.93,30.35,30.63,102125,,
2022-09-14 00:00:00+00:00,30.83,31.65,30.41,31.65,49129,,
2022-09-15 00:00:00+00:00,30.34,31.51,30.08,30.54,47340,,
2022-09-16 00:00:00+00:00,28.7,29.53,28.39,29.53,80611,,
2022-09-19 00:00:00+00:00,28.37,28.65,27.83,28.4,69190,,
2022-09-20 00:00:00+00:00,27.71,28.27,27.25,28.27,70112,,
2022-09-21 00:00:00+00:00,27.81,28.32,27.01,27.63,66506,,
2022-09-22 00:00:00+00:00,26.77,27.795,26.36,27.41,71557,,
2022-09-23 00:00:00+00:00,26.2,26.73,25.485,26.26,111584,,
2022-09-26 00:00:00+00:00,26.19,26.84,26.03,26.03,48174,,
2022-09-27 00:00:00+00:00,26.82,27.07,26.46,26.54,43883,,
2022-09-28 00:00:00+00:00,28.07,28.14,26.74,26.84,25242,,
2022-09-29 00:00:00+00:00,27.13,27.59,27.09,27.35,32544,,
2022-09-30 00:00:00+00:00,27.01,28.39,26.96,27.22,36372,,
2022-10-03 00:00:00+00:00,27.85,28.1,26.77,26.81,29411,,
2022-10-04 00:00:00+00:00,29.24,29.33,28.35,28.46,30472,,
2022-10-05 00:00:00+00:00,29.06,29.223,28.515,28.77,19357,,
2022-10-06 00:00:00+00:00,28.54,29.41,28.445,28.99,9992,,
2022-10-07 00:00:00+00:00,27.23,27.93,26.645,27.93,45595,,
2022-10-10 00:00:00+00:00,26.9,27.23,26.46,27.19,33298,,
2022-10-11 00:00:00+00:00,26.76,26.92,25.58,26.65,78833,,
2022-10-12 00:00:00+00:00,26.48,26.83,25.91,26.71,67731,,
2022-10-13 00:00:00+00:00,25.95,26.7,24.85,25.57,88676,,
2022-10-14 00:00:00+00:00,26.25,26.98,26.02,26.17,34113,,
2022-10-17 00:00:00+00:00,28.58,28.925,27.05,27.12,43793,,
2022-10-18 00:00:00+00:00,28.47,29.6777,28.33,29.43,25486,,
2022-10-19 00:00:00+00:00,27.51,27.855,27.08,27.56,24583,,
2022-10-20 00:00:00+00:00,27.82,28.88,27.43,27.43,25587,,
2022-10-21 00:00:00+00:00,28.33,28.58,27.3,27.7,32576,,
2022-10-24 00:00:00+00:00,28.21,28.33,26.9,28.33,28791,,
2022-10-25 00:00:00+00:00,29.58,30.02,28.27,28.27,26437,,
2022-10-26 00:00:00+00:00,29.52,30.28,29.14,29.14,33363,,
2022-10-27 00:00:00+00:00,29.67,30.175,29.28,29.6,29898,,
2022-10-28 00:00:00+00:00,29.63,29.73,29.0001,29.46,47460,,
2022-10-31 00:00:00+00:00,29.18,29.72,28.43,29.27,116280,,
2022-11-01 00:00:00+00:00,29.43,30.4,28.95,29.65,92586,,
2022-11-02 00:00:00+00:00,27.69,29.545,27.6,29.32,76569,,
2022-11-03 00:00:00+00:00,26.75,27.4,26.01,27.3,60528,,
2022-11-04 00:00:00+00:00,26.25,27.79,25.29,27.2,78068,,
2022-11-07 00:00:00+00:00,26.61,27.03,25.87,26.59,66083,,
2022-11-08 00:00:00+00:00,25.71,26.7665,25.38,26.52,168266,,
2022-11-09 00:00:00+00:00,23.92,25.27,23.4,25.26,230547,,
2022-11-10 00:00:00+00:00,28.79,29.9899,25.17,26.99,109535,,
2022-11-11 00:00:00+00:00,30.63,31.165,28.31,28.5,72340,,
2022-11-14 00:00:00+00:00,29.77,30.13,29.2,30.0,37568,,
2022-11-15 00:00:00+00:00,31.05,32.02,30.64,30.64,64828,,
2022-11-16 00:00:00+00:00,31.54,31.54,30.26,30.59,56408,,
2022-11-17 00:00:00+00:00,30.82,31.61,30.41,30.76,46304,,
2022-11-18 00:00:00+00:00,30.16,31.41,29.75,31.41,24519,,
2022-11-21 00:00:00+00:00,30.28,30.415,29.63,30.11,49007,,
2022-11-22 00:00:00+00:00,30.69,30.72,29.6,30.54,37068,,
2022-11-23 00:00:00+00:00,31.16,31.45,30.66,30.79,16503,,
2022-11-25 00:00:00+00:00,30.88,31.14,30.565,31.05,22060,,
2022-11-28 00:00:00+00:00,30.25,31.035,29.91,30.49,34863,,
2022-11-29 00:00:00+00:00,30.43,30.62,29.91,30.27,51866,,
2022-11-30 00:00:00+00:00,31.9,32.59,30.75,30.75,139040,,
2022-12-01 00:00:00+00:00,32.86,33.0,31.85,32.32,82360,,
2022-12-02 00:00:00+00:00,32.87,33.31,31.63,31.93,62727,,
2022-12-05 00:00:00+00:00,31.01,32.75,30.435,32.75,42867,,
2022-12-06 00:00:00+00:00,30.14,30.91,29.85,30.82,41147,,
2022-12-07 00:00:00+00:00,31.06,31.37,29.9,29.94,35650,,
2022-12-08 00:00:00+00:00,32.09,32.23,30.91,31.21,32554,,
2022-12-09 00:00:00+00:00,32.22,32.39,31.93,31.94,18407,,
2022-12-12 00:00:00+00:00,32.81,33.04,31.87,32.16,60189,,
2022-12-13 00:00:00+00:00,33.82,35.15,33.35,34.37,46913,,
2022-12-14 00:00:00+00:00,33.51,34.35,33.04,33.42,26492,,
2022-12-15 00:00:00+00:00,34.0,34.11,32.77,32.77,106986,,
2022-12-16 00:00:00+00:00,33.75,34.15,33.21,33.64,198900,,
2022-12-19 00:00:00+00:00,32.81,33.99,32.78,33.82,28270,,
2022-12-20 00:00:00+00:00,32.62,32.79,32.31,32.67,20425,,
2022-12-21 00:00:00+00:00,33.24,33.74,32.65,32.72,24019,,
2022-12-22 00:00:00+00:00,32.92,33.07,32.31,32.82,19170,,
2022-12-23 00:00:00+00:00,31.94,32.9,31.6001,32.9,11941,,
2022-12-27 00:00:00+00:00,31.63,31.95,30.69,31.76,24410,,
2022-12-28 00:00:00+00:00,31.06,31.6,30.395,31.44,33032,,
2022-12-29 00:00:00+00:00,33.15,33.33,31.3,31.3,30229,,
2022-12-30 00:00:00+00:00,33.14,33.79,32.55,32.55,63397,,
2023-01-03 00:00:00+00:00,33.88,34.69,33.1933,33.82,18150,,
2023-01-04 00:00:00+00:00,33.74,34.48,33.35,34.48,20510,,
2023-01-05 00:00:00+00:00,31.8,33.26,31.78,33.26,37008,,
2023-01-06 00:00:00+00:00,32.29,32.4399,31.08,32.19,26052,,
2023-01-09 00:00:00+00:00,33.17,33.96,32.61,32.77,28026,,
2023-01-10 00:00:00+00:00,33.76,33.86,32.81,33.17,22119,,
2023-01-11 00:00:00+00:00,34.27,34.27,33.79,33.807,27585,,
2023-01-12 00:00:00+00:00,35.31,36.0,33.6749,34.36,39562,,
2023-01-13 00:00:00+00:00,35.21,35.605,34.63,34.82,36220,,
2023-01-17 00:00:00+00:00,35.55,35.72,34.61,35.07,55010,,
2023-01-18 00:00:00+00:00,34.71,36.405,34.59,35.82,13392,,
2023-01-19 00:00:00+00:00,33.8,34.54,33.75,34.445,23943,,
2023-01-20 00:00:00+00:00,35.57,35.57,33.9,34.09,23460,,
2023-01-23 00:00:00+00:00,35.83,36.36,35.0,35.19,29608,,
2023-01-24 00:00:00+00:00,35.73,36.6,35.51,35.99,53559,,
2023-01-25 00:00:00+00:00,35.72,36.21,34.5,35.55,35334,,
2023-01-26 00:00:00+00:00,36.84,37.34,36.06,36.06,54875,,
2023-01-27 00:00:00+00:00,36.78,37.295,36.21,36.73,56253,,
2023-01-30 00:00:00+00:00,37.36,37.78,36.14,36.14,29011,,
2023-01-31 00:00:00+00:00,38.09,38.435,37.53,37.53,88670,,
2023-02-01 00:00:00+00:00,39.17,39.255,37.82,38.17,70044,,
2023-02-02 00:00:00+00:00,39.33,40.68,39.22,39.81,66540,,
2023-02-03 00:00:00+00:00,40.28,40.62,37.93,38.39,91845,,
2023-02-06 00:00:00+00:00,39.5,40.66,39.45,39.94,62189,,
2023-02-07 00:00:00+00:00,39.51,39.7,38.5,39.7,118306,,
2023-02-08 00:00:00+00:00,39.13,39.8,39.04,39.8,89915,,
2023-02-09 00:00:00+00:00,38.22,39.76,38.12,39.54,71048,,
2023-02-10 00:00:00+00:00,37.41,38.1599,37.2,37.69,66185,,
2023-02-13 00:00:00+00:00,37.44,38.38,37.265,37.65,61773,,
2023-02-14 00:00:00+00:00,37.53,37.8735,36.64,37.15,73409,,
2023-02-15 00:00:00+00:00,39.75,40.18,37.26,37.37,36379,,
2023-02-16 00:00:00+00:00,38.23,39.08,38.1,39.08,37664,,
2023-02-17 00:00:00+00:00,37.71,38.23,37.44,38.1,33903,,
2023-02-21 00:00:00+00:00,36.33,37.29,36.16,37.13,20376,,
2023-02-22 00:00:00+00:00,36.7,37.0,36.14,36.35,19980,,
2023-02-23 00:00:00+00:00,36.04,37.16,35.77,37.16,25146,,
2023-02-24 00:00:00+00:00,34.39,35.36,34.26,35.36,31478,,
2023-02-27 00:00:00+00:00,34.7,34.9,34.46,34.62,22083,,
2023-02-28 00:00:00+00:00,35.01,35.19,34.6701,34.69,30966,,
2023-03-01 00:00:00+00:00,34.93,35.24,34.5501,34.8,40824,,
2023-03-02 00:00:00+00:00,35.68,35.835,34.52,34.74,13358,,
2023-03-03 00:00:00+00:00,36.13,36.38,35.71,35.71,28732,,
2023-03-06 00:00:00+00:00,36.35,37.02,36.01,36.01,22529,,
2023-03-07 00:00:00+00:00,35.28,36.76,35.275,36.53,31897,,
2023-03-08 00:00:00+00:00,35.75,36.2599,35.29,35.56,42747,,
2023-03-09 00:00:00+00:00,36.75,39.68,36.0036,37.88,59283,,
2023-03-10 00:00:00+00:00,35.42,38.74,35.17,38.74,40991,,
2023-03-13 00:00:00+00:00,36.98,37.28,35.02,35.02,40840,,
2023-03-14 00:00:00+00:00,39.1,39.42,37.59,37.59,41586,,
2023-03-15 00:00:00+00:00,38.21,39.05,37.825,38.84,39001,,
2023-03-16 00:00:00+00:00,38.49,38.905,37.57,37.84,20875,,
2023-03-17 00:00:00+00:00,38.44,39.0,38.15,38.7,22511,,
2023-03-20 00:00:00+00:00,37.45,38.69,37.27,38.31,36353,,
2023-03-21 00:00:00+00:00,38.0,38.18,37.52,38.12,9521,,
2023-03-22 00:00:00+00:00,37.47,38.74,37.47,37.823,14100,,
2023-03-23 00:00:00+00:00,38.86,39.76,37.23,37.81,30863,,
2023-03-24 00:00:00+00:00,38.18,38.83,37.5,38.8,34093,,
2023-03-27 00:00:00+00:00,38.65,39.09,37.91,37.91,64255,,
2023-03-28 00:00:00+00:00,38.33,38.73,38.11,38.64,22948,,
2023-03-29 00:00:00+00:00,38.92,39.46,38.67,38.87,45812,,
2023-03-30 00:00:00+00:00,38.62,39.54,38.62,39.27,29212,,
2023-03-31 00:00:00+00:00,40.74,40.74,38.71,38.71,81576,,
2023-04-03 00:00:00+00:00,39.05,41.48,38.73,40.33,36893,,
2023-04-04 00:00:00+00:00,39.74,39.86,39.02,39.02,27937,,
2023-04-05 00:00:00+00:00,37.81,39.79,37.71,39.79,50611,,
2023-04-06 00:00:00+00:00,37.97,37.97,36.47,37.5,31963,,
2023-04-10 00:00:00+00:00,38.09,38.29,37.1,37.44,20294,,
2023-04-11 00:00:00+00:00,38.56,38.87,37.66,37.66,19613,,
2023-04-12 00:00:00+00:00,38.37,39.45,38.355,39.45,17453,,
2023-04-13 00:00:00+00:00,39.35,39.37,38.61,38.61,25369,,
2023-04-14 00:00:00+00:00,38.93,39.28,38.68,39.1,11378,,
2023-04-17 00:00:00+00:00,38.55,39.38,38.39,39.03,12464,,
2023-04-18 00:00:00+00:00,37.71,38.73,36.88,38.73,21469,,
2023-04-19 00:00:00+00:00,37.73,37.79,37.19,37.19,16244,,
2023-04-20 00:00:00+00:00,37.66,37.85,37.4056,37.65,9403,,
2023-04-21 00:00:00+00:00,37.36,37.69,37.27,37.69,11372,,
2023-04-24 00:00:00+00:00,36.78,37.62,36.67,37.24,13839,,
2023-04-25 00:00:00+00:00,35.77,36.32,35.77,36.11,16305,,
2023-04-26 00:00:00+00:00,36.34,36.52,35.85,36.1,31883,,
2023-04-27 00:00:00+00:00,37.19,37.44,36.72,36.72,22909,,
2023-04-28 00:00:00+00:00,38.68,38.9,37.7575,37.76,43546,,
2023-05-01 00:00:00+00:00,38.21,38.95,37.9,38.42,20132,,
2023-05-02 00:00:00+00:00,38.34,38.5,37.44,38.07,31400,,
2023-05-03 00:00:00+00:00,37.27,38.8599,37.27,38.6784,13826,,
2023-05-04 00:00:00+00:00,35.62,37.5,35.61,37.28,41496,,
2023-05-05 00:00:00+00:00,36.15,36.52,35.8763,35.91,17645,,
2023-05-08 00:00:00+00:00,37.65,37.8,36.2,36.21,25161,,
2023-05-09 00:00:00+00:00,37.64,37.66,37.1565,37.65,11265,,
2023-05-10 00:00:00+00:00,36.88,38.2,36.7,37.66,33857,,
2023-05-11 00:00:00+00:00,30.4,35.19,30.15,35.19,144393,,
2023-05-12 00:00:00+00:00,29.97,31.105,29.4,30.61,62339,,
2023-05-15 00:00:00+00:00,32.29,32.29,29.77,29.77,421091,,
2023-05-16 00:00:00+00:00,32.19,32.99,31.94,32.24,26641,,
2023-05-17 00:00:00+00:00,32.05,32.29,31.89,32.13,40639,,
2023-05-18 00:00:00+00:00,32.1,32.695,31.7533,32.05,21050,,
2023-05-19 00:00:00+00:00,33.5,33.5,32.19,32.19,33454,,
2023-05-22 00:00:00+00:00,33.09,33.72,32.52,33.44,36182,,
2023-05-23 00:00:00+00:00,32.11,33.38,32.0,33.0,20317,,
2023-05-24 00:00:00+00:00,32.16,32.28,31.34,31.9,84153,,
2023-05-25 00:00:00+00:00,31.77,32.86,31.77,32.86,26316,,
2023-05-26 00:00:00+00:00,32.35,32.6467,31.71,31.71,42976,,
2023-05-30 00:00:00+00:00,32.78,33.19,32.41,32.41,19569,,
2023-05-31 00:00:00+00:00,34.12,34.19,32.59,32.59,53728,,
2023-06-01 00:00:00+00:00,34.79,35.1756,33.85,33.85,37405,,
2023-06-02 00:00:00+00:00,34.6,35.26,34.36,35.18,13707,,
2023-06-05 00:00:00+00:00,34.77,35.2,34.2529,34.37,10531,,
2023-06-06 00:00:00+00:00,35.54,35.67,34.51,34.62,34292,,
2023-06-07 00:00:00+00:00,35.8,36.53,35.41,35.5,168217,,
2023-06-08 00:00:00+00:00,36.11,36.36,35.17,35.5,114036,,
2023-06-09 00:00:00+00:00,35.5,36.35,35.24,36.03,28756,,
2023-06-12 00:00:00+00:00,36.95,37.18,35.41,35.41,41528,,
2023-06-13 00:00:00+00:00,37.09,37.57,36.75,36.96,26007,,
2023-06-14 00:00:00+00:00,37.55,38.09,36.9941,37.05,44227,,
2023-06-15 00:00:00+00:00,38.19,38.32,37.16,37.34,28237,,
2023-06-16 00:00:00+00:00,37.79,38.6,37.79,38.3,23102,,
2023-06-20 00:00:00+00:00,38.05,39.069,37.8,38.39,24893,,
2023-06-21 00:00:00+00:00,37.08,37.38,35.961,37.38,33982,,
2023-06-22 00:00:00+00:00,36.43,37.18,36.27,36.96,26004,,
2023-06-23 00:00:00+00:00,36.91,36.94,35.63,36.2,44626,,
2023-06-26 00:00:00+00:00,36.68,37.3,36.61,36.95,23764,,
2023-06-27 00:00:00+00:00,37.99,38.14,36.45,37.17,29125,,
2023-06-28 00:00:00+00:00,38.88,39.08,37.75,37.75,28172,,
2023-06-29 00:00:00+00:00,38.53,39.42,38.36,38.88,18605,,
2023-06-30 00:00:00+00:00,39.43,39.65,38.56,38.65,25780,,
2023-07-03 00:00:00+00:00,38.57,39.46,38.57,39.4,14496,,
2023-07-05 00:00:00+00:00,38.89,39.67,38.27,38.91,41758,,
2023-07-06 00:00:00+00:00,37.25,38.42,37.25,38.38,25281,,
2023-07-07 00:00:00+00:00,37.26,37.93,37.22,37.3,27829,,
2023-07-10 00:00:00+00:00,37.97,38.345,37.16,37.16,35664,,
2023-07-11 00:00:00+00:00,37.98,38.445,37.4201,38.05,25040,,
2023-07-12 00:00:00+00:00,37.22,38.48,37.22,38.36,30748,,
2023-07-13 00:00:00+00:00,38.74,39.43,37.55,37.55,40765,,
2023-07-14 00:00:00+00:00,38.38,39.65,38.05,38.74,56991,,
2023-07-17 00:00:00+00:00,39.25,39.46,38.1961,38.25,8106,,
2023-07-18 00:00:00+00:00,38.96,39.3525,38.41,38.94,20662,,
2023-07-19 00:00:00+00:00,37.99,39.34,37.98,38.9,36696,,
2023-07-20 00:00:00+00:00,38.0,38.05,37.13,37.83,32953,,
2023-07-21 00:00:00+00:00,38.56,38.91,38.11,38.11,25249,,
2023-07-24 00:00:00+00:00,39.26,39.32,38.77,38.9464,21991,,
2023-07-25 00:00:00+00:00,37.91,39.5,37.87,39.2,19520,,
2023-07-26 00:00:00+00:00,37.88,39.08,37.345,37.54,35678,,
2023-07-27 00:00:00+00:00,37.56,38.49,37.38,38.46,18770,,
2023-07-28 00:00:00+00:00,38.11,38.51,37.58,37.78,12823,,
2023-07-31 00:00:00+00:00,38.41,38.85,38.15,38.21,35630,,
2023-08-01 00:00:00+00:00,38.98,39.09,37.68,38.33,87524,,
2023-08-02 00:00:00+00:00,37.82,38.52,36.65,38.47,78748,,
2023-08-03 00:00:00+00:00,37.21,37.8599,36.87,37.5901,22648,,
2023-08-04 00:00:00+00:00,37.31,37.94,36.72,37.21,25244,,
2023-08-07 00:00:00+00:00,37.17,37.3,36.86,37.29,11474,,
2023-08-08 00:00:00+00:00,35.4,36.74,34.94,36.74,70649,,
2023-08-09 00:00:00+00:00,35.31,35.65,35.0,35.165,125601,,
2023-08-10 00:00:00+00:00,36.71,37.31,35.06,36.21,63580,,
2023-08-11 00:00:00+00:00,36.12,36.63,36.0,36.13,28638,,
2023-08-14 00:00:00+00:00,37.45,37.54,35.84,36.1,17813,,
2023-08-15 00:00:00+00:00,37.6,37.95,37.09,37.32,21896,,
2023-08-16 00:00:00+00:00,38.1,38.73,37.6,37.6,37688,,
2023-08-17 00:00:00+00:00,40.66,40.81,37.42,37.64,155994,,
2023-08-18 00:00:00+00:00,40.81,40.83,39.63,40.5,55196,,
2023-08-21 00:00:00+00:00,43.12,43.51,40.83,40.83,66712,,
2023-08-22 00:00:00+00:00,44.17,44.39,43.36,43.36,52036,,
2023-08-23 00:00:00+00:00,45.82,46.515,44.57,44.57,158740,,
2023-08-24 00:00:00+00:00,45.07,46.43,44.4,46.43,56458,,
2023-08-25 00:00:00+00:00,44.97,45.69,44.621,44.94,23552,,
2023-08-28 00:00:00+00:00,43.11,45.16,43.11,45.16,51310,,
2023-08-29 00:00:00+00:00,42.49,43.0,42.13,43.0,84420,,
2023-08-30 00:00:00+00:00,42.5,43.77,42.37,42.45,54303,,
2023-08-31 00:00:00+00:00,43.83,44.31,42.5,42.5,59233,,
2023-09-01 00:00:00+00:00,43.08,44.1,43.05,44.06,25863,,
2023-09-05 00:00:00+00:00,43.19,43.27,42.4,43.0,23658,,
2023-09-06 00:00:00+00:00,41.06,43.27,40.981,43.07,63746,,
2023-09-07 00:00:00+00:00,41.31,41.33,40.09,40.6,46785,,
2023-09-08 00:00:00+00:00,40.37,41.25,39.8,41.25,43878,,
2023-09-11 00:00:00+00:00,41.12,41.3,40.2136,40.5,37282,,
2023-09-12 00:00:00+00:00,40.38,41.51,40.37,41.07,31165,,
2023-09-13 00:00:00+00:00,39.74,40.56,39.61,40.46,33167,,
2023-09-14 00:00:00+00:00,41.22,41.54,39.8201,40.33,44594,,
2023-09-15 00:00:00+00:00,41.33,41.5,40.38,41.06,45448,,
2023-09-18 00:00:00+00:00,41.86,42.36,41.18,41.18,25883,,
2023-09-19 00:00:00+00:00,41.14,41.91,40.55,41.66,26186,,
2023-09-20 00:00:00+00:00,40.81,41.85,40.67,41.43,16144,,
2023-09-21 00:00:00+00:00,39.36,40.52,39.18,40.42,25579,,
2023-09-22 00:00:00+00:00,39.01,40.1512,39.0,39.4,27289,,
2023-09-25 00:00:00+00:00,38.94,39.13,38.5,38.78,7292,,
2023-09-26 00:00:00+00:00,37.98,38.8,37.25,38.52,44845,,
2023-09-27 00:00:00+00:00,37.74,38.505,37.24,38.07,23651,,
2023-09-28 00:00:00+00:00,39.37,39.76,37.61,37.65,21510,,
2023-09-29 00:00:00+00:00,40.52,40.72,39.1,39.79,33173,,
2023-10-02 00:00:00+00:00,39.36,40.56,38.96,40.56,20505,,
2023-10-03 00:00:00+00:00,37.58,39.42,37.58,39.12,23176,,
2023-10-04 00:00:00+00:00,39.05,39.07,37.53,37.53,26879,,
2023-10-05 00:00:00+00:00,38.91,39.1,38.5,39.1,29144,,
2023-10-06 00:00:00+00:00,40.09,40.44,38.44,38.67,29352,,
2023-10-09 00:00:00+00:00,39.93,40.1493,39.12,39.81,8925,,
2023-10-10 00:00:00+00:00,40.4,40.9599,39.75,39.78,23583,,
2023-10-11 00:00:00+00:00,40.51,40.81,40.3,40.5,24057,,
2023-10-12 00:00:00+00:00,40.63,41.4,40.13,40.53,24836,,
2023-10-13 00:00:00+00:00,40.68,40.69,40.2625,40.38,30610,,
2023-10-16 00:00:00+00:00,40.2,40.77,40.18,40.63,17899,,
2023-10-17 00:00:00+00:00,40.45,40.66,39.37,40.04,14880,,
2023-10-18 00:00:00+00:00,40.16,40.41,39.81,40.02,16609,,
2023-10-19 00:00:00+00:00,40.17,40.34,39.81,39.91,15037,,
2023-10-20 00:00:00+00:00,39.48,40.1527,39.212,39.88,22505,,
2023-10-23 00:00:00+00:00,39.69,40.2,38.54,39.18,20985,,
2023-10-24 00:00:00+00:00,41.4,41.63,39.35,39.61,35733,,
2023-10-25 00:00:00+00:00,38.29,41.56,38.05,41.56,27158,,
2023-10-26 00:00:00+00:00,37.63,39.135,37.33,38.1,19875,,
2023-10-27 00:00:00+00:00,37.26,37.95,37.0,37.64,12322,,
2023-10-30 00:00:00+00:00,38.07,38.69,37.86,38.04,14473,,
2023-10-31 00:00:00+00:00,39.28,39.5,37.9,37.9,30201,,
2023-11-01 00:00:00+00:00,38.87,39.64,38.04,39.35,17204,,
2023-11-02 00:00:00+00:00,40.2,40.7228,39.59,39.59,25957,,
2023-11-03 00:00:00+00:00,43.51,43.7,40.51,40.51,49259,,
2023-11-06 00:00:00+00:00,43.38,44.15,42.7233,44.15,12937,,
2023-11-07 00:00:00+00:00,43.95,44.6,43.12,43.37,25154,,
2023-11-08 00:00:00+00:00,43.12,45.0986,42.57,45.09,48489,,
2023-11-09 00:00:00+00:00,44.82,46.02,43.91,44.18,65083,,
2023-11-10 00:00:00+00:00,45.65,45.79,44.9,45.75,107287,,
2023-11-13 00:00:00+00:00,47.22,47.46,44.94,45.32,80148,,
2023-11-14 00:00:00+00:00,51.44,52.28,47.43,48.7,194935,,
2023-11-15 00:00:00+00:00,51.22,52.47,50.4879,52.47,59687,,
2023-11-16 00:00:00+00:00,50.42,51.405,50.31,50.72,60188,,
2023-11-17 00:00:00+00:00,50.62,51.12,50.36,50.79,51004,,
2023-11-20 00:00:00+00:00,50.82,51.12,50.62,50.94,59815,,
2023-11-21 00:00:00+00:00,50.42,50.95,50.025,50.31,49707,,
2023-11-22 00:00:00+00:00,49.45,52.665,49.3254,52.1,155945,,
2023-11-24 00:00:00+00:00,47.93,49.18,47.61,49.18,74611,,
2023-11-27 00:00:00+00:00,46.4,48.37,46.25,48.37,183784,,
2023-11-28 00:00:00+00:00,46.21,46.45,44.51,45.95,208772,,
2023-11-29 00:00:00+00:00,45.01,47.14,44.16,46.5,121624,,
2023-11-30 00:00:00+00:00,44.62,45.55,44.44,45.55,134736,,
2023-12-01 00:00:00+00:00,45.24,45.45,44.5,44.78,93933,,
2023-12-04 00:00:00+00:00,44.74,45.42,44.45,45.18,95105,,
2023-12-05 00:00:00+00:00,44.46,45.03,44.34,44.74,117286,,
2023-12-06 00:00:00+00:00,44.11,45.05,44.06,45.0,109787,,
2023-12-07 00:00:00+00:00,45.3,45.35,43.9,44.44,153465,,
2023-12-08 00:00:00+00:00,46.23,46.665,45.2,45.2,101135,,
2023-12-11 00:00:00+00:00,46.41,46.73,45.82,46.32,163814,,
2023-12-12 00:00:00+00:00,46.42,46.76,46.11,46.5,60780,,
2023-12-13 00:00:00+00:00,47.63,47.91,46.49,46.78,106086,,
2023-12-14 00:00:00+00:00,47.98,48.39,47.1,47.76,173207,,
2023-12-15 00:00:00+00:00,48.88,49.05,47.755,48.2,147819,,
2023-12-18 00:00:00+00:00,49.65,49.76,48.64,48.91,115632,,
2023-12-19 00:00:00+00:00,51.95,52.0,49.7,49.9,145691,,
2023-12-20 00:00:00+00:00,51.09,52.88,50.92,51.99,176020,,
2023-12-21 00:00:00+00:00,52.01,52.18,51.39,51.85,61018,,
2023-12-22 00:00:00+00:00,51.16,52.31,50.52,52.1,110467,,
2023-12-26 00:00:00+00:00,51.6,51.69,50.805,51.0,40471,,
2023-12-27 00:00:00+00:00,50.92,51.66,50.71,51.46,52747,,
2023-12-28 00:00:00+00:00,49.42,50.81,49.3825,50.81,77696,,
2023-12-29 00:00:00+00:00,48.38,49.87,48.24,49.01,67514,,
2024-01-02 00:00:00+00:00,44.94,47.79,44.68,47.61,110001,,
2024-01-03 00:00:00+00:00,44.27,45.37,44.21,44.59,124199,,
2024-01-04 00:00:00+00:00,44.94,45.25,43.635,44.04,110967,,
2024-01-05 00:00:00+00:00,43.77,45.0,42.99,44.66,138858,,
2024-01-08 00:00:00+00:00,45.52,45.71,44.0,44.16,75913,,
2024-01-09 00:00:00+00:00,46.02,46.42,45.12,45.12,65515,,
2024-01-10 00:00:00+00:00,47.14,47.51,45.985,46.01,58603,,
2024-01-11 00:00:00+00:00,46.82,47.44,46.0201,47.0,52183,,
2024-01-12 00:00:00+00:00,46.31,47.43,46.1,46.88,61525,,
2024-01-16 00:00:00+00:00,44.59,45.71,44.445,45.71,86415,,
2024-01-17 00:00:00+00:00,45.44,45.6351,43.91,44.12,71635,,
2024-01-18 00:00:00+00:00,46.05,47.35,45.9,46.1,92927,,
2024-01-19 00:00:00+00:00,46.17,46.3086,45.24,46.27,66959,,
2024-01-22 00:00:00+00:00,45.15,47.2899,45.03,46.63,33833,,
2024-01-23 00:00:00+00:00,44.81,45.605,44.28,45.51,55036,,
2024-01-24 00:00:00+00:00,44.22,45.58,44.14,45.42,52926,,
2024-01-25 00:00:00+00:00,45.22,45.48,43.92,44.22,63777,,
2024-01-26 00:00:00+00:00,44.59,45.41,44.42,45.04,43504,,
2024-01-29 00:00:00+00:00,46.15,46.15,45.01,45.23,66243,,
2024-01-30 00:00:00+00:00,45.53,46.27,45.4,46.1,53359,,
2024-01-31 00:00:00+00:00,43.95,45.53,43.83,45.53,62478,,
2024-02-01 00:00:00+00:00,44.31,44.81,42.96,44.52,98664,,
2024-02-02 00:00:00+00:00,43.56,44.09,43.48,43.77,65733,,
2024-02-05 00:00:00+00:00,41.81,43.59,41.38,43.48,123633,,
2024-02-06 00:00:00+00:00,42.99,42.995,41.25,41.88,89794,,
2024-02-07 00:00:00+00:00,44.55,44.77,42.51,43.37,64191,,
2024-02-08 00:00:00+00:00,45.37,45.37,44.27,44.88,59856,,
2024-02-09 00:00:00+00:00,46.19,46.69,45.23,45.82,65843,,
2024-02-12 00:00:00+00:00,45.47,46.7,45.381,46.0,39824,,
2024-02-13 00:00:00+00:00,44.32,45.35,44.265,44.87,50031,,
2024-02-14 00:00:00+00:00,45.93,46.0,44.42,44.42,29368,,
2024-02-15 00:00:00+00:00,45.8,46.21,45.3984,46.21,60937,,
2024-02-16 00:00:00+00:00,45.55,46.12,45.42,45.77,58536,,
2024-02-20 00:00:00+00:00,45.96,47.78,45.62,47.78,125880,,
2024-02-21 00:00:00+00:00,45.94,46.45,45.51,45.93,101462,,
2024-02-22 00:00:00+00:00,45.88,47.28,45.42,47.03,90315,,
2024-02-23 00:00:00+00:00,53.39,55.0,50.5,51.23,571888,,
2024-02-26 00:00:00+00:00,53.02,54.51,52.05,54.5,115709,,
2024-02-27 00:00:00+00:00,54.28,54.91,53.2032,53.33,125797,,
2024-02-28 00:00:00+00:00,53.84,54.56,52.965,54.0,72281,,
2024-02-29 00:00:00+00:00,54.5,54.72,53.51,54.64,94514,,
2024-03-01 00:00:00+00:00,53.84,56.41,53.61,55.15,247584,,
2024-03-04 00:00:00+00:00,54.22,54.74,53.02,53.85,119702,,
2024-03-05 00:00:00+00:00,52.06,53.88,51.77,53.72,212472,,
2024-03-06 00:00:00+00:00,52.46,53.1,52.0,52.98,168906,,
2024-03-07 00:00:00+00:00,52.77,54.0,52.37,52.5,415524,,
2024-03-08 00:00:00+00:00,52.09,53.24,51.27,52.8,176206,,
2024-03-11 00:00:00+00:00,52.39,52.48,51.44,51.83,107691,,
2024-03-12 00:00:00+00:00,52.47,52.78,52.0,52.5,93032,,
2024-03-13 00:00:00+00:00,51.58,52.73,51.47,52.22,74260,,
2024-03-14 00:00:00+00:00,52.55,52.99,51.33,51.67,135382,,
2024-03-15 00:00:00+00:00,51.93,53.0,51.93,52.92,67611,,
2024-03-18 00:00:00+00:00,51.14,52.22,51.0226,52.0,67057,,
2024-03-19 00:00:00+00:00,50.54,50.97,49.67,50.79,67880,,
2024-03-20 00:00:00+00:00,51.45,51.9,49.8243,50.22,74125,,
2024-03-21 00:00:00+00:00,51.43,52.46,50.95,51.67,66885,,
2024-03-22 00:00:00+00:00,50.35,51.205,50.21,51.12,57241,,
2024-03-25 00:00:00+00:00,50.42,50.6,50.01,50.38,72839,,
2024-03-26 00:00:00+00:00,49.84,50.685,49.81,50.42,61773,,
2024-03-27 00:00:00+00:00,50.0,50.395,49.52,49.92,78673,,
2024-03-28 00:00:00+00:00,48.98,50.4112,48.87,50.2,68443,,
2024-04-01 00:00:00+00:00,48.91,49.3,48.51,48.73,53082,,
2024-04-02 00:00:00+00:00,47.23,48.38,46.35,48.38,147831,,
2024-04-03 00:00:00+00:00,47.47,48.295,47.12,47.29,71035,,
2024-04-04 00:00:00+00:00,47.69,48.62,47.4,47.97,65434,,
2024-04-05 00:00:00+00:00,47.91,48.32,47.45,47.53,58713,,
2024-04-08 00:00:00+00:00,47.95,48.5,47.805,48.34,44037,,
2024-04-09 00:00:00+00:00,47.56,48.035,47.285,47.87,28061,,
2024-04-10 00:00:00+00:00,46.37,47.24,46.31,46.72,33588,,
2024-04-11 00:00:00+00:00,46.5,46.7623,45.53,46.38,37079,,
2024-04-12 00:00:00+00:00,44.94,46.09,44.75,46.09,52376,,
2024-04-15 00:00:00+00:00,43.28,45.25,43.21,45.25,57711,,
2024-04-16 00:00:00+00:00,44.16,44.33,43.05,43.1,93093,,
2024-04-17 00:00:00+00:00,44.14,44.94,43.8,44.29,76301,,
2024-04-18 00:00:00+00:00,44.46,44.9447,43.93,44.41,51079,,
2024-04-19 00:00:00+00:00,44.49,44.72,44.19,44.19,39809,,
2024-04-22 00:00:00+00:00,44.14,44.54,43.72,44.54,97698,,
2024-04-23 00:00:00+00:00,45.03,45.255,44.28,44.28,52284,,
2024-04-24 00:00:00+00:00,44.55,45.23,44.21,45.2,51561,,
2024-04-25 00:00:00+00:00,44.0,44.0994,43.45,43.7,39168,,
2024-04-26 00:00:00+00:00,44.72,44.94,44.14,44.52,41300,,
2024-04-29 00:00:00+00:00,46.48,48.65,46.28,48.29,192415,,
2024-04-30 00:00:00+00:00,44.78,46.5,44.7,46.5,62734,,
2024-05-01 00:00:00+00:00,45.09,45.87,44.36,44.82,118062,,
2024-05-02 00:00:00+00:00,45.14,45.8,44.325,45.8,96426,,
2024-05-03 00:00:00+00:00,45.62,45.97,45.15,45.97,57946,,
2024-05-06 00:00:00+00:00,46.66,47.04,45.785,46.0,99912,,
2024-05-07 00:00:00+00:00,46.95,47.5,46.2,46.63,54815,,
2024-05-08 00:00:00+00:00,45.97,46.92,45.215,46.61,79386,,
2024-05-09 00:00:00+00:00,46.45,46.9,45.7862,46.03,110904,,
2024-05-10 00:00:00+00:00,35.81,45.61,35.47,45.61,630865,,
2024-05-13 00:00:00+00:00,36.26,37.8399,35.5368,36.35,424559,,
2024-05-14 00:00:00+00:00,37.35,37.57,36.12,36.19,164444,,
2024-05-15 00:00:00+00:00,36.8,38.115,36.52,37.65,180622,,
2024-05-16 00:00:00+00:00,36.97,37.47,36.1,36.88,140418,,
2024-05-17 00:00:00+00:00,37.26,37.42,36.59,37.0,71533,,
2024-05-20 00:00:00+00:00,37.47,37.525,36.9425,37.07,43381,,
2024-05-21 00:00:00+00:00,36.63,37.5,36.04,37.47,206818,,
2024-05-22 00:00:00+00:00,36.55,37.23,36.18,36.18,240368,,
2024-05-23 00:00:00+00:00,35.8,36.73,35.75,36.56,174224,,
2024-05-24 00:00:00+00:00,35.78,36.25,35.5,35.75,263699,,
2024-05-28 00:00:00+00:00,36.69,37.12,35.01,35.95,417613,,
2024-05-29 00:00:00+00:00,36.23,36.86,36.2,36.5,119423,,
2024-05-30 00:00:00+00:00,34.63,36.25,34.63,36.12,174814,,
2024-05-31 00:00:00+00:00,34.39,34.87,33.81,34.84,141302,,
2024-06-03 00:00:00+00:00,35.63,35.674,34.54,34.56,364030,,
2024-06-04 00:00:00+00:00,35.92,36.07,35.3,35.54,153913,,
2024-06-05 00:00:00+00:00,37.29,37.4,35.94,36.0,199712,,
2024-06-06 00:00:00+00:00,37.22,37.63,37.025,37.44,79250,,
2024-06-07 00:00:00+00:00,38.01,38.3999,37.41,37.78,137819,,
2024-06-10 00:00:00+00:00,38.0,38.15,37.45,37.57,123525,,
2024-06-11 00:00:00+00:00,38.07,38.39,37.72,37.88,62795,,
2024-06-12 00:00:00+00:00,38.19,38.75,37.92,38.45,109933,,
2024-06-13 00:00:00+00:00,37.78,38.59,37.53,38.27,108468,,
2024-06-14 00:00:00+00:00,37.78,38.03,37.365,37.64,66249,,
2024-06-17 00:00:00+00:00,37.84,37.89,37.0,37.47,63311,,
2024-06-18 00:00:00+00:00,37.37,38.145,37.3,37.9,57776,,
2024-06-20 00:00:00+00:00,36.88,37.555,36.72,37.0,136515,,
2024-06-21 00:00:00+00:00,37.01,37.2,36.5,36.77,164326,,
2024-06-24 00:00:00+00:00,36.87,37.1278,36.55,37.0,60885,,
2024-06-25 00:00:00+00:00,38.03,38.1,36.66,36.8,72530,,
2024-06-26 00:00:00+00:00,38.13,38.64,37.87,37.87,28793,,
2024-06-27 00:00:00+00:00,38.54,38.74,38.05,38.05,46841,,
2024-06-28 00:00:00+00:00,38.63,38.92,38.37,38.62,38206,,
2024-07-01 00:00:00+00:00,38.06,38.52,37.85,38.52,36818,,
2024-07-02 00:00:00+00:00,38.52,38.73,37.635,37.9,47737,,
2024-07-03 00:00:00+00:00,38.72,38.86,38.275,38.47,32152,,
2024-07-05 00:00:00+00:00,38.04,38.81,37.95,38.68,47364,,
2024-07-08 00:00:00+00:00,38.31,38.62,37.63,38.14,92433,,
2024-07-09 00:00:00+00:00,38.02,38.47,37.74,38.28,61030,,
2024-07-10 00:00:00+00:00,37.87,38.31,37.57,38.01,82912,,
2024-07-11 00:00:00+00:00,38.01,38.45,37.905,38.3,31528,,
2024-07-12 00:00:00+00:00,38.31,38.5,37.86,38.01,32850,,
2024-07-15 00:00:00+00:00,37.97,38.695,37.95,38.38,42292,,
2024-07-16 00:00:00+00:00,38.85,38.97,38.0,38.0,72974,,
2024-07-17 00:00:00+00:00,37.52,38.65,37.45,38.18,59684,,
2024-07-18 00:00:00+00:00,37.0,37.58,36.98,37.49,68064,,
2024-07-19 00:00:00+00:00,37.42,37.5,36.98,37.1,31041,,
2024-07-22 00:00:00+00:00,37.87,38.0,37.43,37.88,59576,,
2024-07-23 00:00:00+00:00,38.44,38.54,37.69,37.69,44481,,
2024-07-24 00:00:00+00:00,37.81,38.21,37.65,38.09,40928,,
2024-07-25 00:00:00+00:00,37.82,38.63,37.605,37.77,34568,,
2024-07-26 00:00:00+00:00,38.26,38.65,37.88,38.39,27171,,
2024-07-29 00:00:00+00:00,38.32,38.5,37.82,38.24,54474,,
2024-07-30 00:00:00+00:00,38.23,38.55,37.8896,38.54,40593,,
2024-07-31 00:00:00+00:00,39.77,40.057,38.69,38.69,119902,,
2024-08-01 00:00:00+00:00,37.86,40.18,37.79,39.95,48417,,
2024-08-02 00:00:00+00:00,36.75,37.11,36.0,37.0,282492,,
2024-08-05 00:00:00+00:00,36.25,36.55,34.2,34.5,50545,,
2024-08-06 00:00:00+00:00,36.6,37.08,36.0,36.19,76215,,
2024-08-07 00:00:00+00:00,36.5,37.65,36.06,37.22,90636,,
2024-08-08 00:00:00+00:00,41.74,42.05,37.54,38.99,351187,,
2024-08-09 00:00:00+00:00,41.79,42.2,39.54,41.61,200988,,
2024-08-12 00:00:00+00:00,42.26,42.5,41.62,42.11,89488,,
2024-08-13 00:00:00+00:00,41.93,42.71,41.7074,42.71,121367,,
2024-08-14 00:00:00+00:00,41.16,42.22,40.98,42.13,106632,,
2024-08-15 00:00:00+00:00,42.06,42.45,41.58,41.71,100060,,
2024-08-16 00:00:00+00:00,42.14,42.32,41.87,41.87,54234,,
2024-08-19 00:00:00+00:00,42.42,42.5403,41.98,42.05,58608,,
2024-08-20 00:00:00+00:00,42.53,42.7,42.28,42.38,81812,,
2024-08-21 00:00:00+00:00,43.77,43.87,42.48,42.51,53268,,
2024-08-22 00:00:00+00:00,43.45,43.97,43.23,43.96,94373,,
2024-08-23 00:00:00+00:00,44.2,44.73,43.665,43.72,76204,,
2024-08-26 00:00:00+00:00,44.85,45.3032,44.51,44.53,55556,,
2024-08-27 00:00:00+00:00,45.65,45.72,44.44,44.66,60320,,
2024-08-28 00:00:00+00:00,43.0,45.68,42.99,45.68,80957,,
2024-08-29 00:00:00+00:00,43.16,43.68,42.58,42.58,49560,,
2024-08-30 00:00:00+00:00,43.14,43.65,42.815,43.3925,36559,,
2024-09-03 00:00:00+00:00,42.69,43.25,42.39,42.81,88643,,
2024-09-04 00:00:00+00:00,42.59,43.4962,42.275,42.46,51886,,
2024-09-05 00:00:00+00:00,42.79,43.01,42.365,42.58,44835,,
2024-09-06 00:00:00+00:00,40.12,42.84,39.99,42.84,88428,,
2024-09-09 00:00:00+00:00,40.78,41.04,40.2275,40.23,89638,,
2024-09-10 00:00:00+00:00,41.65,41.67,40.27,40.45,59814,,
2024-09-11 00:00:00+00:00,41.29,41.95,40.94,41.51,50335,,
2024-09-12 00:00:00+00:00,42.17,42.76,40.91,41.66,96967,,
2024-09-13 00:00:00+00:00,42.47,42.72,41.98,41.98,60533,,
2024-09-16 00:00:00+00:00,42.9,43.335,42.3975,42.56,79715,,
2024-09-17 00:00:00+00:00,43.05,43.3,42.465,42.67,70686,,
2024-09-18 00:00:00+00:00,43.48,44.23,42.82,43.0,45933,,
2024-09-19 00:00:00+00:00,45.21,45.25,44.15,44.28,48953,,
2024-09-20 00:00:00+00:00,46.57,46.745,45.12,45.12,58730,,
2024-09-23 00:00:00+00:00,45.5,47.21,45.22,46.69,63574,,
2024-09-24 00:00:00+00:00,45.26,45.48,44.888,45.48,30502,,
2024-09-25 00:00:00+00:00,44.71,45.25,44.58,45.13,21550,,
2024-09-26 00:00:00+00:00,45.12,45.335,44.68,45.18,18180,,
2024-09-27 00:00:00+00:00,44.36,45.46,43.99,45.46,24869,,
2024-09-30 00:00:00+00:00,44.2,44.3,42.93,44.05,49367,,
2024-10-01 00:00:00+00:00,43.64,44.18,43.36,44.12,42612,,
2024-10-02 00:00:00+00:00,42.55,43.88,42.43,43.49,43133,,
2024-10-03 00:00:00+00:00,42.37,42.615,41.1,42.19,32940,,
2024-10-04 00:00:00+00:00,43.36,43.765,42.62,42.78,24351,,
2024-10-07 00:00:00+00:00,42.73,43.28,42.57,43.03,21128,,
2024-10-08 00:00:00+00:00,43.41,43.99,42.75,42.75,25392,,
2024-10-09 00:00:00+00:00,43.75,43.87,43.18,43.44,18959,,
2024-10-10 00:00:00+00:00,43.54,43.6722,42.93,43.54,26875,,
2024-10-11 00:00:00+00:00,44.51,44.68,43.36,43.36,29299,,
2024-10-14 00:00:00+00:00,44.76,44.85,43.9,44.51,25087,,
2024-10-15 00:00:00+00:00,44.87,45.19,44.4,44.64,32800,,
2024-10-16 00:00:00+00:00,45.49,45.86,44.67,44.67,34045,,
2024-10-17 00:00:00+00:00,46.0,46.25,45.565,45.91,27217,,
2024-10-18 00:00:00+00:00,46.15,46.49,45.875,46.15,39999,,
2024-10-21 00:00:00+00:00,46.29,46.41,45.7,46.24,24073,,
2024-10-22 00:00:00+00:00,46.28,46.66,45.98,46.04,66962,,
2024-10-23 00:00:00+00:00,44.96,46.35,44.2601,45.87,45745,,
2024-10-24 00:00:00+00:00,46.06,46.24,45.41,45.41,23469,,
2024-10-25 00:00:00+00:00,46.06,46.39,45.7504,46.14,18786,,
2024-10-28 00:00:00+00:00,46.22,46.7,46.12,46.3,24764,,
2024-10-29 00:00:00+00:00,46.34,46.68,45.87,46.07,32222,,
2024-10-30 00:00:00+00:00,46.23,46.55,45.7,46.19,44397,,
2024-10-31 00:00:00+00:00,45.66,45.9,44.9401,45.9,57629,,
2024-11-01 00:00:00+00:00,48.39,48.58,45.82,45.82,65620,,
2024-11-04 00:00:00+00:00,48.04,48.8,47.495,47.9,51127,,
2024-11-05 00:00:00+00:00,49.49,49.92,48.26,48.26,63998,,
2024-11-06 00:00:00+00:00,50.49,50.8,49.8,50.34,54137,,
2024-11-07 00:00:00+00:00,51.18,51.69,50.42,50.48,73987,,
2024-11-08 00:00:00+00:00,51.45,53.86,50.41,51.7,83814,,
2024-11-11 00:00:00+00:00,50.14,51.57,49.86,51.5,154167,,
2024-11-12 00:00:00+00:00,50.04,50.89,49.55,49.69,100785,,
2024-11-13 00:00:00+00:00,49.84,51.19,49.51,49.85,307992,,
2024-11-14 00:00:00+00:00,47.46,50.46,47.29,49.84,107020,,
2024-11-15 00:00:00+00:00,46.83,47.58,46.5,47.41,83260,,
2024-11-18 00:00:00+00:00,46.98,47.44,46.52,46.91,58858,,
2024-11-19 00:00:00+00:00,47.56,47.84,46.57,46.67,46896,,
2024-11-20 00:00:00+00:00,48.05,48.06,47.09,47.54,65615,,
2024-11-21 00:00:00+00:00,48.52,48.54,47.865,48.24,268089,,
2024-11-22 00:00:00+00:00,49.03,49.28,48.27,48.6,53040,,
2024-11-25 00:00:00+00:00,49.6,49.88,48.85,49.28,66085,,
2024-11-26 00:00:00+00:00,48.86,50.2,48.86,49.6,53132,,
2024-11-27 00:00:00+00:00,49.36,49.71,48.24,48.61,53995,,
2024-11-29 00:00:00+00:00,49.87,50.205,49.675,49.73,34007,,
2024-12-02 00:00:00+00:00,48.81,49.88,48.615,49.88,44732,,
2024-12-03 00:00:00+00:00,49.53,49.8648,48.29,48.48,56600,,
2024-12-04 00:00:00+00:00,50.02,50.5255,49.77,49.99,134029,,
2024-12-05 00:00:00+00:00,49.6,50.3,49.59,50.22,56549,,
2024-12-06 00:00:00+00:00,49.21,50.16,49.12,49.69,36258,,
2024-12-09 00:00:00+00:00,48.71,49.24,47.46,49.24,48963,,
2024-12-10 00:00:00+00:00,49.9,50.76,48.46,48.49,64486,,
2024-12-11 00:00:00+00:00,49.75,50.8,49.47,50.07,42371,,
2024-12-12 00:00:00+00:00,49.97,50.2,49.14,49.45,34639,,
2024-12-13 00:00:00+00:00,50.25,50.56,49.7,50.02,87004,,
2024-12-16 00:00:00+00:00,49.52,50.51,49.28,50.25,101786,,
2024-12-17 00:00:00+00:00,49.57,50.01,48.4,49.2,48612,,
2024-12-18 00:00:00+00:00,46.99,49.73,46.89,49.55,109184,,
2024-12-19 00:00:00+00:00,46.13,48.3,46.06,47.24,96694,,
2024-12-20 00:00:00+00:00,46.19,47.12,45.36,45.36,91216,,
2024-12-23 00:00:00+00:00,45.95,46.61,45.81,46.16,49834,,
2024-12-24 00:00:00+00:00,46.43,46.5456,45.0392,45.82,39567,,
2024-12-26 00:00:00+00:00,46.65,46.7,46.05,46.07,29841,,
2024-12-27 00:00:00+00:00,45.65,46.4,44.82,46.4,50368,,
2024-12-30 00:00:00+00:00,45.03,45.38,44.44,45.06,53601,,
2024-12-31 00:00:00+00:00,44.77,45.36,44.7,45.23,62449,,
2025-01-02 00:00:00+00:00,45.29,45.82,45.1,45.12,55380,,
2025-01-03 00:00:00+00:00,44.08,45.13,42.04,45.08,70045,,
2025-01-06 00:00:00+00:00,44.47,45.33,44.1172,44.35,82073,,
2025-01-07 00:00:00+00:00,43.28,44.6,43.26,44.6,66477,,
2025-01-08 00:00:00+00:00,43.29,43.615,42.93,43.34,48562,,
2025-01-10 00:00:00+00:00,42.22,42.83,41.72,42.83,55812,,
2025-01-13 00:00:00+00:00,41.87,42.0,41.5,41.75,43463,,
2025-01-14 00:00:00+00:00,42.21,42.86,41.8,42.06,46084,,
2025-01-15 00:00:00+00:00,42.68,43.185,42.48,42.96,38899,,
2025-01-16 00:00:00+00:00,42.87,43.04,42.49,42.82,34003,,
2025-01-17 00:00:00+00:00,42.14,43.68,42.04,43.3,60728,,
2025-01-21 00:00:00+00:00,42.47,42.75,42.0436,42.14,57917,,
2025-01-22 00:00:00+00:00,43.06,43.06,42.25,42.49,80538,,
2025-01-23 00:00:00+00:00,42.72,43.16,42.27,43.04,61928,,
2025-01-24 00:00:00+00:00,43.21,43.94,42.7,42.7,60833,,
2025-01-27 00:00:00+00:00,42.71,43.62,41.895,42.4,62037,,
2025-01-28 00:00:00+00:00,43.02,43.74,42.54,42.74,144301,,
2025-01-29 00:00:00+00:00,43.25,43.31,41.83,42.94,97439,,
2025-01-30 00:00:00+00:00,42.84,43.84,42.645,43.3,42064,,
2025-01-31 00:00:00+00:00,41.95,43.15,41.85,42.94,54438,,
2025-02-03 00:00:00+00:00,41.16,41.53,40.13,41.0,65534,,
2025-02-04 00:00:00+00:00,41.74,42.06,41.12,41.31,35631,,
2025-02-05 00:00:00+00:00,42.34,42.43,41.39,41.39,38212,,
2025-02-06 00:00:00+00:00,42.21,43.26,42.18,42.51,30123,,
2025-02-07 00:00:00+00:00,41.9,42.67,41.68,42.25,46607,,
2025-02-10 00:00:00+00:00,42.69,42.83,41.97,41.97,36648,,
2025-02-11 00:00:00+00:00,42.43,43.06,41.98,42.62,68241,,
2025-02-12 00:00:00+00:00,41.51,42.22,41.505,41.83,35247,,
2025-02-13 00:00:00+00:00,42.48,42.54,41.78,41.86,29342,,
2025-02-14 00:00:00+00:00,42.26,43.4,42.14,42.48,53712,,
2025-02-18 00:00:00+00:00,41.935,42.3,41.4561,42.3,67662,,
2025-02-19 00:00:00+00:00,41.42,42.53,40.865,42.53,49050,,
2025-02-20 00:00:00+00:00,40.27,41.28,40.16,41.28,40235,,
2025-02-21 00:00:00+00:00,39.31,41.05,39.25,41.05,73895,,
2025-02-24 00:00:00+00:00,38.65,39.53,38.065,39.32,102388,,
2025-02-25 00:00:00+00:00,38.42,38.96,37.86,38.65,111350,,
2025-02-26 00:00:00+00:00,38.0,38.99,37.7912,38.3,138907,,
2025-02-27 00:00:00+00:00,37.33,38.76,37.29,38.03,102272,,
2025-02-28 00:00:00+00:00,32.09,35.54,27.61,35.54,610609,,
2025-03-03 00:00:00+00:00,33.02,34.03,32.3,32.51,112313,,
2025-03-04 00:00:00+00:00,31.09,32.66,30.84,32.66,354252,,
2025-03-05 00:00:00+00:00,33.16,33.49,31.09,31.09,107620,,
2025-03-06 00:00:00+00:00,31.83,32.755,31.62,32.71,94162,,
2025-03-07 00:00:00+00:00,31.04,31.95,30.57,31.78,99676,,
2025-03-10 00:00:00+00:00,29.67,30.47,29.08,30.47,141401,,
2025-03-11 00:00:00+00:00,29.75,30.46,29.55,29.55,91885,,
2025-03-12 00:00:00+00:00,29.61,30.52,29.44,30.2,81020,,
2025-03-13 00:00:00+00:00,28.91,29.51,28.84,29.51,72010,,
2025-03-14 00:00:00+00:00,29.45,30.095,29.32,29.32,45863,,
2025-03-17 00:00:00+00:00,29.57,30.18,29.33,29.34,48817,,
2025-03-18 00:00:00+00:00,29.71,29.7918,29.09,29.46,43724,,
2025-03-19 00:00:00+00:00,30.1,30.355,29.81,29.81,38429,,
2025-03-20 00:00:00+00:00,30.33,30.81,29.14,29.87,62293,,
2025-03-21 00:00:00+00:00,30.03,30.35,29.65,30.03,62547,,
2025-03-24 00:00:00+00:00,30.92,31.19,30.33,30.33,50021,,
2025-03-25 00:00:00+00:00,31.24,31.5947,30.85,30.92,53215,,
2025-03-26 00:00:00+00:00,30.41,32.29,30.35,31.95,46395,,
2025-03-27 00:00:00+00:00,30.94,31.05,30.18,30.2,120248,,
2025-03-28 00:00:00+00:00,29.29,31.03,29.25,30.99,55959,,
2025-03-31 00:00:00+00:00,28.71,29.3,27.8,28.91,143580,,
2025-04-01 00:00:00+00:00,29.58,29.71,28.62,28.62,81977,,
2025-04-02 00:00:00+00:00,30.69,30.785,29.2,29.2,68505,,
2025-04-03 00:00:00+00:00,28.94,29.92,28.85,29.19,81895,,
2025-04-04 00:00:00+00:00,27.72,28.33,26.875,27.72,153389,,
2025-04-07 00:00:00+00:00,27.15,28.335,26.0,26.04,157163,,
2025-04-08 00:00:00+00:00,27.03,29.67,26.685,28.41,158165,,
2025-04-09 00:00:00+00:00,30.38,30.67,26.52,26.52,128374,,
2025-04-10 00:00:00+00:00,29.32,30.0,28.57,29.4,101423,,
2025-04-11 00:00:00+00:00,29.78,30.15,28.86,29.235,91688,,
2025-04-14 00:00:00+00:00,29.62,30.41,29.53,30.41,62778,,
2025-04-15 00:00:00+00:00,29.4,30.17,29.38,29.54,46948,,
2025-04-16 00:00:00+00:00,29.16,29.74,28.84,29.14,42018,,
2025-04-17 00:00:00+00:00,29.18,29.88,29.0708,29.28,59152,,
2025-04-21 00:00:00+00:00,28.63,29.18,28.2,28.72,41808,,
2025-04-22 00:00:00+00:00,29.47,29.8,28.7,28.7,93010,,
2025-04-23 00:00:00+00:00,30.19,30.95,30.18,30.77,100707,,
2025-04-24 00:00:00+00:00,31.99,32.04,30.33,30.33,64948,,
2025-04-25 00:00:00+00:00,31.87,32.3742,31.7,31.7,44518,,
2025-04-28 00:00:00+00:00,31.54,32.2,31.11,31.87,27448,,
2025-04-29 00:00:00+00:00,31.53,31.8372,31.41,31.56,66315,,
2025-04-30 00:00:00+00:00,31.25,31.54,30.96,31.2004,38132,,
2025-05-01 00:00:00+00:00,31.5,31.97,31.33,31.61,89781,,
2025-05-02 00:00:00+00:00,31.66,32.11,31.66,31.87,35817,,
2025-05-05 00:00:00+00:00,31.7,31.94,31.25,31.36,57723,,
2025-05-06 00:00:00+00:00,31.49,31.77,31.33,31.33,50752,,
2025-05-07 00:00:00+00:00,32.74,32.74,31.65,31.65,65649,,
2025-05-08 00:00:00+00:00,32.03,33.7,31.7,33.23,324576,,
2025-05-09 00:00:00+00:00,26.6,33.4999,26.12,31.0,954686,,
2025-05-12 00:00:00+00:00,25.85,27.08,25.5,26.92,194782,,
2025-05-13 00:00:00+00:00,26.59,26.84,25.77,25.92,185212,,
2025-05-14 00:00:00+00:00,26.48,26.71,26.31,26.54,118812,,
2025-05-15 00:00:00+00:00,26.44,26.555,26.23,26.47,92165,,
2025-05-16 00:00:00+00:00,26.71,26.79,26.36,26.36,116102,,
2025-05-19 00:00:00+00:00,26.77,26.83,26.295,26.44,47358,,
2025-05-20 00:00:00+00:00,26.67,26.785,26.5,26.71,79081,,
2025-05-21 00:00:00+00:00,26.11,26.91,26.08,26.5,101807,,
2025-05-22 00:00:00+00:00,26.34,26.59,25.905,26.16,96925,,
2025-05-23 00:00:00+00:00,26.26,26.53,25.9,26.01,106850,,
2025-05-27 00:00:00+00:00,26.84,27.185,26.3363,26.81,81731,,
2025-05-28 00:00:00+00:00,26.87,27.01,26.48,26.9,55003,,
2025-05-29 00:00:00+00:00,26.99,27.15,26.83,27.05,67558,,
2025-05-30 00:00:00+00:00,27.32,27.335,26.685,26.95,121344,,
2025-06-02 00:00:00+00:00,26.83,27.4,26.805,27.12,56855,,
2025-06-03 00:00:00+00:00,27.05,27.13,26.45,26.83,72874,,
2025-06-04 00:00:00+00:00,27.1,27.56,26.9,27.21,60507,,
2025-06-05 00:00:00+00:00,26.85,27.595,26.79,27.15,76478,,
2025-06-06 00:00:00+00:00,27.0,27.1,26.835,26.98,68083,,
2025-06-09 00:00:00+00:00,28.05,28.13,27.09,27.59,86626,,
2025-06-10 00:00:00+00:00,27.37,28.09,27.285,28.09,49433,,
2025-06-11 00:00:00+00:00,27.62,28.1999,27.31,27.49,64438,,
2025-06-12 00:00:00+00:00,27.37,27.71,27.25,27.51,117436,,
2025-06-13 00:00:00+00:00,26.2,27.15,26.18,26.95,117550,,
2025-06-16 00:00:00+00:00,27.04,27.39,26.35,26.35,98384,,
2025-06-17 00:00:00+00:00,26.69,26.995,26.465,26.58,56055,,
2025-06-18 00:00:00+00:00,26.5,26.73,26.4,26.69,56584,,
2025-06-20 00:00:00+00:00,26.19,26.67,26.13,26.67,80867,,
2025-06-23 00:00:00+00:00,26.79,26.79,26.08,26.11,122670,,
2025-06-24 00:00:00+00:00,27.44,27.47,26.72,27.09,130991,,
2025-06-25 00:00:00+00:00,27.16,27.67,27.08,27.67,63286,,
2025-06-26 00:00:00+00:00,27.84,27.97,26.96,27.21,77928,,
2025-06-27 00:00:00+00:00,28.065,28.12,27.69,27.99,70048,,
2025-06-30 00:00:00+00:00,28.94,29.42,28.03,28.07,109070,,
2025-07-01 00:00:00+00:00,28.68,28.86,28.22,28.86,45628,,
2025-07-02 00:00:00+00:00,28.77,28.8,28.55,28.59,50590,,
2025-07-03 00:00:00+00:00,29.44,29.46,28.925,28.99,24624,,
2025-07-07 00:00:00+00:00,28.98,29.26,27.8,28.65,72545,,
2025-07-08 00:00:00+00:00,29.17,29.23,28.91,29.15,49257,,
2025-07-09 00:00:00+00:00,29.5,29.61,29.09,29.09,49731,,
2025-07-10 00:00:00+00:00,29.08,29.5,28.71,29.46,43109,,
2025-07-11 00:00:00+00:00,28.42,29.08,28.35,29.08,68367,,
2025-07-14 00:00:00+00:00,28.94,29.035,28.355,28.36,40047,,
2025-07-15 00:00:00+00:00,28.74,29.3569,28.61,28.97,80528,,
2025-07-16 00:00:00+00:00,29.56,29.62,28.72,28.72,36357,,
2025-07-17 00:00:00+00:00,29.97,30.0296,29.49,29.49,42194,,
2025-07-18 00:00:00+00:00,30.12,30.16,29.6907,30.14,37363,,
2025-07-21 00:00:00+00:00,30.58,30.68,30.01,30.01,46072,,
2025-07-22 00:00:00+00:00,31.87,31.94,30.2642,30.65,69854,,
2025-07-23 00:00:00+00:00,31.675,31.98,31.06,31.87,69085,,
2025-07-24 00:00:00+00:00,31.38,31.5,31.085,31.4,42603,,
2025-07-25 00:00:00+00:00,31.43,31.91,31.205,31.35,55683,,
2025-07-28 00:00:00+00:00,31.06,31.57,31.04,31.46,30632,,
2025-07-29 00:00:00+00:00,30.18,31.25,30.165,31.25,40971,,
2025-07-30 00:00:00+00:00,30.43,30.62,30.08,30.08,52318,,
2025-07-31 00:00:00+00:00,30.3,30.84,30.18,30.49,126000,,
2025-08-01 00:00:00+00:00,29.99,30.49,29.545,29.86,90003,,
2025-08-04 00:00:00+00:00,30.34,30.605,30.0,30.21,46037,,
2025-08-05 00:00:00+00:00,30.76,30.84,30.09,30.55,81375,,
2025-08-06 00:00:00+00:00,30.16,31.23,30.07,30.81,60378,,
2025-08-07 00:00:00+00:00,29.08,30.555,28.85,30.515,100232,,29.494999999999997
2025-08-08 00:00:00+00:00,30.56,33.42,30.37,32.5,192165,31.45,30.77983731023232
2025-08-11 00:00:00+00:00,31.155,32.85,30.48,30.74,214258,31.4737230914589,31.082270578598852
2025-08-12 00:00:00+00:00,31.65,31.75,30.76,31.43,103550,31.456046287417834,31.133925702564436
2025-08-13 00:00:00+00:00,32.2,32.355,31.41,31.76,80360,31.52850469141993,31.23335182061066
2025-08-14 00:00:00+00:00,31.37,32.0,31.23,31.95,143871,31.529450888308972,31.285073750413453
2025-08-15 00:00:00+00:00,31.54,31.68,31.185,31.55,89977,31.522778598794844,31.302911175344068
2025-08-18 00:00:00+00:00,31.65,32.13,31.475,31.5,87276,31.54469563384047,31.34162424256203
2025-08-19 00:00:00+00:00,31.13,32.24,31.065,31.775,155803,31.535007792540398,31.359868210374604
2025-08-20 00:00:00+00:00,29.75,31.12,29.71,31.1,89846,31.430830575015023,31.276510757913414
2025-08-21 00:00:00+00:00,30.67,30.73,29.45,29.61,105783,31.334713100940252,31.19943668488222
2025-08-22 00:00:00+00:00,31.11,31.27,30.32,30.56,95855,31.304045495938404,31.1797636378757
2025-08-25 00:00:00+00:00,30.59,31.03,30.505,30.87,49238,31.28321307374668,31.16437305979125
2025-08-26 00:00:00+00:00,30.44,31.25,30.27,30.525,140716,31.225981671916234,31.120762071969903
2025-08-27 00:00:00+00:00,30.97,30.98,30.27,30.27,82739,31.2013349110835,31.10256929201443
2025-08-28 00:00:00+00:00,31.29,31.34,30.95,30.95,114623,31.200809634262278,31.108204178970606
2025-08-29 00:00:00+00:00,31.18,31.52,31.07,31.27,63956,31.20278331425431,31.11317477276947
2025-09-02 00:00:00+00:00,30.775,31.455,30.42,30.57,130448,31.181308238648075,31.098482552031268
2025-09-03 00:00:00+00:00,30.62,30.93,30.505,30.75,50181,31.168797095916148,31.088558980274787
2025-09-04 00:00:00+00:00,31.14,31.19,30.1,30.63,68716,31.1568248864575,31.079695523647278
2025-09-05 00:00:00+00:00,31.18,31.5025,30.405,31.43,158083,31.147724050378123,31.076249074144382
2025-09-08 00:00:00+00:00,31.79,31.85,30.9119,31.28,130375,31.168246699028618,31.099737969783575
2025-09-09 00:00:00+00:00,30.99,31.96,30.91,31.89,64561,31.1714158977165,31.104541060590858
2025-09-10 00:00:00+00:00,30.045,31.31,30.0,31.27,55419,31.15525259485612,31.09045180464462
2025-09-11 00:00:00+00:00,30.2,30.55,29.91,29.97,46904,31.13780835284856,31.074838540282386
2025-09-12 00:00:00+00:00,30.25,30.68,30.075,30.1,40544,31.12507022543548,31.06354264459757
