date,Close,High,Low,Open,Volume,aVWAP_peak_521,aVWAP_valley_521
2022-01-03 00:00:00+00:00,47.0,47.0,47.0,47.0,0,,
2022-01-04 00:00:00+00:00,47.0,47.0,47.0,47.0,41164,,
2022-01-05 00:00:00+00:00,47.0,47.0,47.0,47.0,0,,
2022-01-06 00:00:00+00:00,47.0,47.0,47.0,47.0,0,,
2022-01-07 00:00:00+00:00,47.0,47.0,47.0,47.0,0,,
2022-01-10 00:00:00+00:00,47.0,47.0,47.0,47.0,0,,
2022-01-11 00:00:00+00:00,47.0,47.0,47.0,47.0,41164,,
2022-01-12 00:00:00+00:00,47.0,47.0,47.0,47.0,0,,
2022-01-13 00:00:00+00:00,48.25,48.25,47.25,47.25,6533,,
2022-01-14 00:00:00+00:00,48.0,48.0,48.0,48.0,4500,,
2022-01-18 00:00:00+00:00,48.0,48.0,48.0,48.0,0,,
2022-01-19 00:00:00+00:00,48.0,48.0,48.0,48.0,0,,
2022-01-20 00:00:00+00:00,49.5,50.0,47.0,47.0,1225330,,
2022-01-21 00:00:00+00:00,49.5,49.5,49.5,49.5,10000,,
2022-01-24 00:00:00+00:00,49.5,49.5,49.5,49.5,0,,
2022-01-25 00:00:00+00:00,49.5,49.5,49.5,49.5,0,,
2022-01-26 00:00:00+00:00,49.5,49.5,49.5,49.5,2000,,
2022-01-27 00:00:00+00:00,49.5,49.5,49.5,49.5,54,,
2022-01-28 00:00:00+00:00,49.5,49.5,49.5,49.5,0,,
2022-01-31 00:00:00+00:00,49.5,49.5,49.5,49.5,0,,
2022-02-01 00:00:00+00:00,49.5,49.5,49.5,49.5,0,,
2022-02-02 00:00:00+00:00,47.55,49.0,47.55,49.0,1779185,,
2022-02-03 00:00:00+00:00,49.25,49.25,48.5,48.5,44065,,
2022-02-04 00:00:00+00:00,46.55,46.55,46.55,46.55,1295,,
2022-02-07 00:00:00+00:00,46.7,46.7,46.7,46.7,967,,
2022-02-08 00:00:00+00:00,48.5,48.5,48.25,48.25,123290,,
2022-02-09 00:00:00+00:00,49.0,49.0,48.5,48.5,80800,,
2022-02-10 00:00:00+00:00,48.5,49.0,48.45,49.0,106880,,
2022-02-11 00:00:00+00:00,47.5,47.5,47.0,47.0,1300,,
2022-02-14 00:00:00+00:00,47.5,47.5,47.5,47.5,0,,
2022-02-15 00:00:00+00:00,49.0,49.0,48.5,48.75,890700,,
2022-02-16 00:00:00+00:00,50.8,50.8,50.8,50.8,100,,
2022-02-17 00:00:00+00:00,50.8,50.8,50.8,50.8,0,,
2022-02-18 00:00:00+00:00,50.8,50.8,50.8,50.8,0,,
2022-02-22 00:00:00+00:00,50.8,50.8,50.8,50.8,0,,
2022-02-23 00:00:00+00:00,50.8,50.8,50.8,50.8,0,,
2022-02-24 00:00:00+00:00,50.0,50.05,49.5,49.5,312390,,
2022-02-25 00:00:00+00:00,50.5,50.5,50.0,50.0,520000,,
2022-02-28 00:00:00+00:00,50.05,50.5,50.0,50.0,101000,,
2022-03-01 00:00:00+00:00,50.75,50.75,50.0,50.39,816417,,
2022-03-02 00:00:00+00:00,50.3,51.0,50.25,50.89,53373,,
2022-03-03 00:00:00+00:00,51.7,51.7,51.7,51.7,2399,,
2022-03-04 00:00:00+00:00,53.75,53.75,53.0,53.0,52000,,
2022-03-07 00:00:00+00:00,55.4,55.4,54.2,54.2,1020,,
2022-03-08 00:00:00+00:00,55.4,55.4,55.4,55.4,0,,
2022-03-09 00:00:00+00:00,54.5,54.5,54.0,54.0,212368,,
2022-03-10 00:00:00+00:00,54.8,54.8,54.7,54.7,37503,,
2022-03-11 00:00:00+00:00,55.25,55.25,55.15,55.15,55366,,
2022-03-14 00:00:00+00:00,55.25,55.25,55.25,55.25,50000,,
2022-03-15 00:00:00+00:00,55.25,55.25,55.25,55.25,0,,
2022-03-16 00:00:00+00:00,55.25,55.25,55.25,55.25,0,,
2022-03-17 00:00:00+00:00,55.25,55.25,55.25,55.25,0,,
2022-03-18 00:00:00+00:00,55.25,55.25,55.25,55.25,0,,
2022-03-21 00:00:00+00:00,55.0,55.0,54.5,54.5,200000,,
2022-03-22 00:00:00+00:00,55.0,55.0,55.0,55.0,0,,
2022-03-23 00:00:00+00:00,55.0,55.0,55.0,55.0,0,,
2022-03-24 00:00:00+00:00,54.1,54.25,53.75,54.25,4557,,
2022-03-25 00:00:00+00:00,54.1,54.1,54.1,54.1,0,,
2022-03-28 00:00:00+00:00,54.1,54.1,54.1,54.1,50000,,
2022-03-29 00:00:00+00:00,57.75,59.45,54.0,56.5,218896,,
2022-03-30 00:00:00+00:00,58.0,58.25,57.75,57.75,505164,,
2022-03-31 00:00:00+00:00,60.6,60.6,58.25,58.25,425700,,
2022-04-01 00:00:00+00:00,61.375,61.5,61.375,61.5,61658,,
2022-04-04 00:00:00+00:00,61.5,61.5,61.5,61.5,228,,
2022-04-05 00:00:00+00:00,61.52,61.52,61.5,61.5,50804,,
2022-04-06 00:00:00+00:00,62.5,62.5,61.5,61.5,1190,,
2022-04-07 00:00:00+00:00,62.5,62.5,62.5,62.5,0,,
2022-04-08 00:00:00+00:00,62.5,63.0,61.85,62.0,1190,,
2022-04-11 00:00:00+00:00,62.0,63.25,62.0,63.0,230366,,
2022-04-12 00:00:00+00:00,62.0,62.0,62.0,62.0,50000,,
2022-04-13 00:00:00+00:00,62.0,62.0,52.0,52.0,634,,
2022-04-14 00:00:00+00:00,63.5,63.5,63.5,63.5,13000,,
2022-04-18 00:00:00+00:00,62.0,63.5,62.0,63.0,164162,,
2022-04-19 00:00:00+00:00,63.0,63.0,63.0,63.0,52600,,
2022-04-20 00:00:00+00:00,63.25,63.25,63.25,63.25,25003,,
2022-04-21 00:00:00+00:00,63.25,63.25,63.25,63.25,0,,
2022-04-22 00:00:00+00:00,63.25,63.25,63.25,63.25,0,,
2022-04-25 00:00:00+00:00,63.25,63.25,63.25,63.25,0,,
2022-04-26 00:00:00+00:00,63.25,63.25,63.25,63.25,0,,
2022-04-27 00:00:00+00:00,63.05,63.75,62.0,62.0,16477,,
2022-04-28 00:00:00+00:00,63.0001,63.0001,63.0001,63.0001,141192,,
2022-04-29 00:00:00+00:00,63.1,63.1,63.0,63.0,39792,,
2022-05-02 00:00:00+00:00,63.2,63.2,63.0,63.0,15297,,
2022-05-03 00:00:00+00:00,63.3,63.3,63.1,63.2,61686,,
2022-05-04 00:00:00+00:00,64.6,66.5,64.0,64.0,22246,,
2022-05-05 00:00:00+00:00,66.2,66.2,65.25,65.25,12133,,
2022-05-06 00:00:00+00:00,66.2,66.2,66.2,66.2,0,,
2022-05-09 00:00:00+00:00,66.2,66.2,66.2,66.2,157125,,
2022-05-10 00:00:00+00:00,66.0,66.0,66.0,66.0,3200,,
2022-05-11 00:00:00+00:00,66.25,68.0,66.0,66.0,329610,,
2022-05-12 00:00:00+00:00,67.0,67.0,67.0,67.0,15000,,
2022-05-13 00:00:00+00:00,67.0,67.0,67.0,67.0,0,,
2022-05-16 00:00:00+00:00,67.5,67.5,67.5,67.5,50000,,
2022-05-17 00:00:00+00:00,63.0,63.0,63.0,63.0,15290,,
2022-05-18 00:00:00+00:00,65.05,65.05,65.05,65.05,250,,
2022-05-19 00:00:00+00:00,65.05,65.05,65.05,65.05,0,,
2022-05-20 00:00:00+00:00,63.55,63.55,63.55,63.55,1000,,
2022-05-23 00:00:00+00:00,63.55,63.55,63.55,63.55,0,,
2022-05-24 00:00:00+00:00,63.55,63.55,63.55,63.55,0,,
2022-05-25 00:00:00+00:00,63.55,63.55,63.55,63.55,5000,,
2022-05-26 00:00:00+00:00,63.55,63.55,63.55,63.55,0,,
2022-05-27 00:00:00+00:00,63.55,63.55,63.55,63.55,0,,
2022-05-31 00:00:00+00:00,63.55,63.55,63.55,63.55,0,,
2022-06-01 00:00:00+00:00,65.75,65.75,63.0,63.0,350685,,
2022-06-02 00:00:00+00:00,66.0,66.25,66.0,66.25,80000,,
2022-06-03 00:00:00+00:00,66.0,66.0,66.0,66.0,6,,
2022-06-06 00:00:00+00:00,66.0,66.0,66.0,66.0,0,,
2022-06-07 00:00:00+00:00,65.5,65.5,65.5,65.5,25000,,
2022-06-08 00:00:00+00:00,65.5,65.5,65.5,65.5,0,,
2022-06-09 00:00:00+00:00,67.75,67.75,67.0,67.5,235600,,
2022-06-10 00:00:00+00:00,67.75,67.75,67.75,67.75,0,,
2022-06-13 00:00:00+00:00,67.75,67.75,67.75,67.75,0,,
2022-06-14 00:00:00+00:00,67.75,67.75,67.75,67.75,0,,
2022-06-15 00:00:00+00:00,67.75,67.75,67.75,67.75,2,,
2022-06-16 00:00:00+00:00,67.75,67.75,67.75,67.75,0,,
2022-06-17 00:00:00+00:00,67.75,67.75,67.75,67.75,64,,
2022-06-21 00:00:00+00:00,67.75,67.75,67.75,67.75,0,,
2022-06-22 00:00:00+00:00,67.75,67.75,67.75,67.75,0,,
2022-06-23 00:00:00+00:00,67.75,67.75,67.75,67.75,0,,
2022-06-24 00:00:00+00:00,67.75,67.75,67.75,67.75,64,,
2022-06-27 00:00:00+00:00,67.75,67.75,67.75,67.75,0,,
2022-06-28 00:00:00+00:00,65.0,65.0,65.0,65.0,100,,
2022-06-29 00:00:00+00:00,58.0,64.7,58.0,64.7,835573,,
2022-06-30 00:00:00+00:00,60.0,61.0,60.0,61.0,55000,,
2022-07-01 00:00:00+00:00,60.0,60.0,60.0,60.0,0,,
2022-07-05 00:00:00+00:00,60.0,60.0,60.0,60.0,0,,
2022-07-06 00:00:00+00:00,60.5,60.5,60.5,60.5,25000,,
2022-07-07 00:00:00+00:00,60.5,60.5,60.5,60.5,0,,
2022-07-08 00:00:00+00:00,60.5,60.5,60.5,60.5,0,,
2022-07-11 00:00:00+00:00,60.5,60.5,60.5,60.5,25000,,
2022-07-12 00:00:00+00:00,59.05,61.0,59.05,61.0,85214,,
2022-07-13 00:00:00+00:00,59.05,59.05,59.05,59.05,0,,
2022-07-14 00:00:00+00:00,60.5,60.5,60.0,60.0,14000,,
2022-07-15 00:00:00+00:00,60.5,60.5,60.5,60.5,0,,
2022-07-18 00:00:00+00:00,60.5,60.5,60.5,60.5,0,,
2022-07-19 00:00:00+00:00,60.5,60.5,60.5,60.5,0,,
2022-07-20 00:00:00+00:00,60.5,60.5,60.5,60.5,0,,
2022-07-21 00:00:00+00:00,60.5,60.5,60.5,60.5,0,,
2022-07-22 00:00:00+00:00,60.5,60.5,60.5,60.5,0,,
2022-07-25 00:00:00+00:00,60.5,60.5,60.5,60.5,0,,
2022-07-26 00:00:00+00:00,60.5,60.5,60.5,60.5,0,,
2022-07-27 00:00:00+00:00,58.3,58.3,58.25,58.25,648,,
2022-07-28 00:00:00+00:00,69.5,70.0,65.5,66.0,449700,,
2022-07-29 00:00:00+00:00,69.0,69.0,69.0,69.0,20000,,
2022-08-01 00:00:00+00:00,69.0,69.0,69.0,69.0,0,,
2022-08-02 00:00:00+00:00,69.75,69.75,69.0,69.5,115000,,
2022-08-03 00:00:00+00:00,69.75,69.75,69.75,69.75,200000,,
2022-08-04 00:00:00+00:00,67.0,70.0,67.0,69.75,315405,,
2022-08-05 00:00:00+00:00,74.083,74.083,67.0,67.0,630086,,
2022-08-08 00:00:00+00:00,75.0,75.5,75.0,75.5,171070,,
2022-08-09 00:00:00+00:00,75.5,75.5,73.0,73.0,131610,,
2022-08-10 00:00:00+00:00,75.25,76.25,75.25,76.0,113200,,
2022-08-11 00:00:00+00:00,75.25,75.25,75.25,75.25,100000,,
2022-08-12 00:00:00+00:00,77.25,77.25,75.0,75.0,102348,,
2022-08-15 00:00:00+00:00,77.25,77.25,77.25,77.25,0,,
2022-08-16 00:00:00+00:00,77.25,77.25,77.25,77.25,0,,
2022-08-17 00:00:00+00:00,75.0,75.0,75.0,75.0,805,,
2022-08-18 00:00:00+00:00,75.0,75.0,75.0,75.0,0,,
2022-08-19 00:00:00+00:00,75.0,75.0,75.0,75.0,0,,
2022-08-22 00:00:00+00:00,75.0,75.0,75.0,75.0,0,,
2022-08-23 00:00:00+00:00,75.0,75.0,75.0,75.0,0,,
2022-08-24 00:00:00+00:00,75.0,75.0,75.0,75.0,0,,
2022-08-25 00:00:00+00:00,75.0,75.0,75.0,75.0,0,,
2022-08-26 00:00:00+00:00,65.0,65.0,65.0,65.0,323,,
2022-08-29 00:00:00+00:00,65.0,65.0,65.0,65.0,0,,
2022-08-30 00:00:00+00:00,65.0,65.0,65.0,65.0,0,,
2022-08-31 00:00:00+00:00,76.5,76.5,76.25,76.5,30087,,
2022-09-01 00:00:00+00:00,76.5,76.5,76.5,76.5,0,,
2022-09-02 00:00:00+00:00,76.5,76.5,76.5,76.5,0,,
2022-09-06 00:00:00+00:00,76.5,76.5,76.5,76.5,0,,
2022-09-07 00:00:00+00:00,76.5,76.5,76.5,76.5,501,,
2022-09-08 00:00:00+00:00,76.5,76.55,76.5,76.5,1027,,
2022-09-09 00:00:00+00:00,77.25,77.25,75.25,75.5,51617,,
2022-09-12 00:00:00+00:00,76.0,77.25,76.0,77.0,147206,,
2022-09-13 00:00:00+00:00,77.5,77.5,76.15,76.15,123700,,
2022-09-14 00:00:00+00:00,77.5,77.5,77.5,77.5,0,,
2022-09-15 00:00:00+00:00,77.5,77.5,77.5,77.5,0,,
2022-09-16 00:00:00+00:00,77.5,77.5,77.5,77.5,100000,,
2022-09-19 00:00:00+00:00,77.0,77.0,77.0,77.0,2000,,
2022-09-20 00:00:00+00:00,77.0,77.0,77.0,77.0,0,,
2022-09-21 00:00:00+00:00,77.0,77.0,77.0,77.0,25000,,
2022-09-22 00:00:00+00:00,77.0,77.0,77.0,77.0,0,,
2022-09-23 00:00:00+00:00,77.0,77.0,77.0,77.0,0,,
2022-09-26 00:00:00+00:00,77.0,77.0,77.0,77.0,0,,
2022-09-27 00:00:00+00:00,77.0,77.0,77.0,77.0,0,,
2022-09-28 00:00:00+00:00,77.0,77.0,77.0,77.0,50000,,
2022-09-29 00:00:00+00:00,77.0,77.0,77.0,77.0,0,,
2022-09-30 00:00:00+00:00,76.0,76.0,75.25,75.5,341747,,
2022-10-03 00:00:00+00:00,76.0,76.0,76.0,76.0,0,,
2022-10-04 00:00:00+00:00,74.0,74.0,74.0,74.0,1339,,
2022-10-05 00:00:00+00:00,74.0,74.0,74.0,74.0,2400,,
2022-10-06 00:00:00+00:00,74.0,74.0,74.0,74.0,0,,
2022-10-07 00:00:00+00:00,74.0,74.0,74.0,74.0,0,,
2022-10-10 00:00:00+00:00,74.0,74.0,74.0,74.0,0,,
2022-10-11 00:00:00+00:00,75.75,76.0,73.5,76.0,27211,,
2022-10-12 00:00:00+00:00,77.0,77.0,77.0,77.0,102,,
2022-10-13 00:00:00+00:00,77.0,77.0,77.0,77.0,1,,
2022-10-14 00:00:00+00:00,77.0,77.0,77.0,77.0,0,,
2022-10-17 00:00:00+00:00,77.0,77.0,77.0,77.0,0,,
2022-10-18 00:00:00+00:00,77.0,77.0,77.0,77.0,0,,
2022-10-19 00:00:00+00:00,77.0,77.0,77.0,77.0,0,,
2022-10-20 00:00:00+00:00,77.0,77.05,77.0,77.0,45594,,
2022-10-21 00:00:00+00:00,77.0,77.0,77.0,77.0,0,,
2022-10-24 00:00:00+00:00,77.0,77.0,77.0,77.0,0,,
2022-10-25 00:00:00+00:00,79.5,80.0,51.0,75.0,89578,,
2022-10-26 00:00:00+00:00,80.25,80.25,80.25,80.25,146000,,
2022-10-27 00:00:00+00:00,79.8,80.05,79.75,80.0,2224,,
2022-10-28 00:00:00+00:00,81.0,81.0,80.75,80.75,50000,,
2022-10-31 00:00:00+00:00,81.0,81.0,81.0,81.0,60000,,
2022-11-01 00:00:00+00:00,81.0,81.0,81.0,81.0,101,,
2022-11-02 00:00:00+00:00,81.0,81.0,81.0,81.0,0,,
2022-11-03 00:00:00+00:00,81.0,81.0,81.0,81.0,0,,
2022-11-04 00:00:00+00:00,81.0,81.0,81.0,81.0,0,,
2022-11-07 00:00:00+00:00,81.0,81.0,81.0,81.0,0,,
2022-11-08 00:00:00+00:00,60.0,75.0,60.0,60.0,684,,
2022-11-09 00:00:00+00:00,60.0,60.0,60.0,60.0,107,,
2022-11-10 00:00:00+00:00,60.0,60.0,60.0,60.0,0,,
2022-11-11 00:00:00+00:00,60.0,60.0,60.0,60.0,91,,
2022-11-14 00:00:00+00:00,60.0,60.0,60.0,60.0,0,,
2022-11-15 00:00:00+00:00,60.0,60.0,60.0,60.0,0,,
2022-11-16 00:00:00+00:00,75.35,75.35,75.0,75.0,139255,,
2022-11-17 00:00:00+00:00,75.12,75.12,75.12,75.12,484,,
2022-11-18 00:00:00+00:00,77.0,77.0,77.0,77.0,1200,,
2022-11-21 00:00:00+00:00,77.0,77.0,77.0,77.0,100,,
2022-11-22 00:00:00+00:00,76.0,76.0,76.0,76.0,869,,
2022-11-23 00:00:00+00:00,76.0,76.0,76.0,76.0,0,,
2022-11-25 00:00:00+00:00,76.0,76.0,76.0,76.0,0,,
2022-11-28 00:00:00+00:00,76.0,76.0,76.0,76.0,0,,
2022-11-29 00:00:00+00:00,76.0,76.0,76.0,76.0,0,,
2022-11-30 00:00:00+00:00,76.0,76.0,76.0,76.0,40456,,
2022-12-01 00:00:00+00:00,76.0,76.0,76.0,76.0,0,,
2022-12-02 00:00:00+00:00,79.5,79.5,79.0,79.0,5231,,
2022-12-05 00:00:00+00:00,80.99,80.99,80.99,80.99,100,,
2022-12-06 00:00:00+00:00,80.99,80.99,80.99,80.99,0,,
2022-12-07 00:00:00+00:00,70.0,80.0,70.0,80.0,35058,,
2022-12-08 00:00:00+00:00,78.95,78.95,78.85,78.85,2775,,
2022-12-09 00:00:00+00:00,78.95,78.95,78.95,78.95,2,,
2022-12-12 00:00:00+00:00,78.95,78.95,78.95,78.95,0,,
2022-12-13 00:00:00+00:00,79.0,79.0,79.0,79.0,46000,,
2022-12-14 00:00:00+00:00,79.75,79.75,71.0,71.0,15226,,
2022-12-15 00:00:00+00:00,79.2,79.5,79.0,79.5,208678,,
2022-12-16 00:00:00+00:00,79.25,79.25,79.0,79.0,26164,,
2022-12-19 00:00:00+00:00,79.25,79.25,79.25,79.25,0,,
2022-12-20 00:00:00+00:00,79.25,79.25,79.25,79.25,0,,
2022-12-21 00:00:00+00:00,79.25,79.25,79.25,79.25,0,,
2022-12-22 00:00:00+00:00,73.5,73.5,72.5,72.5,428,,
2022-12-23 00:00:00+00:00,73.5,73.5,73.5,73.5,0,,
2022-12-27 00:00:00+00:00,73.5,73.5,73.5,73.5,0,,
2022-12-28 00:00:00+00:00,73.5,73.5,73.5,73.5,25,,
2022-12-29 00:00:00+00:00,79.0,79.0,74.0,74.25,13084,,
2022-12-30 00:00:00+00:00,79.0,79.0,79.0,79.0,0,,
2023-01-03 00:00:00+00:00,79.0,79.0,79.0,79.0,0,,
2023-01-04 00:00:00+00:00,79.0,79.0,79.0,79.0,0,,
2023-01-05 00:00:00+00:00,78.5,78.5,78.5,78.5,3000,,
2023-01-06 00:00:00+00:00,78.5,78.5,78.5,78.5,0,,
2023-01-09 00:00:00+00:00,77.5,77.5,74.0,74.0,92500,,
2023-01-10 00:00:00+00:00,77.5,77.5,75.05,75.1,18400,,
2023-01-11 00:00:00+00:00,77.5,77.5,77.5,77.5,12500,,
2023-01-12 00:00:00+00:00,77.5,77.5,77.5,77.5,0,,
2023-01-13 00:00:00+00:00,78.0,78.0,78.0,78.0,17500,,
2023-01-17 00:00:00+00:00,78.0,78.0,78.0,78.0,0,,
2023-01-18 00:00:00+00:00,78.0,78.0,78.0,78.0,0,,
2023-01-19 00:00:00+00:00,78.0,78.0,78.0,78.0,0,,
2023-01-20 00:00:00+00:00,78.0,78.0,78.0,78.0,250000,,
2023-01-23 00:00:00+00:00,78.0,78.0,78.0,78.0,0,,
2023-01-24 00:00:00+00:00,78.0,78.0,78.0,78.0,0,,
2023-01-25 00:00:00+00:00,77.5,78.0,77.5,78.0,275000,,
2023-01-26 00:00:00+00:00,77.75,77.75,77.5,77.5,104501,,
2023-01-27 00:00:00+00:00,77.75,77.75,77.75,77.75,0,,
2023-01-30 00:00:00+00:00,77.75,77.75,77.75,77.75,0,,
2023-01-31 00:00:00+00:00,76.5,76.5,76.5,76.5,41445,,
2023-02-01 00:00:00+00:00,76.5,76.5,76.5,76.5,0,,
2023-02-02 00:00:00+00:00,70.0,72.1,70.0,72.0,1628,,
2023-02-03 00:00:00+00:00,73.1,73.1,72.0,72.0,785,,
2023-02-06 00:00:00+00:00,72.25,72.41,72.25,72.41,1561,,
2023-02-07 00:00:00+00:00,72.25,72.25,72.25,72.25,0,,
2023-02-08 00:00:00+00:00,72.25,72.25,72.25,72.25,0,,
2023-02-09 00:00:00+00:00,74.25,74.25,74.25,74.25,100,,
2023-02-10 00:00:00+00:00,74.0,74.0,74.0,74.0,1774,,
2023-02-13 00:00:00+00:00,74.0,74.0,74.0,74.0,0,,
2023-02-14 00:00:00+00:00,78.0,78.0,78.0,78.0,162,,
2023-02-15 00:00:00+00:00,77.0,78.25,77.0,78.25,193162,,
2023-02-16 00:00:00+00:00,75.0,78.25,75.0,78.0,210552,,
2023-02-17 00:00:00+00:00,75.0,75.0,75.0,75.0,0,,
2023-02-21 00:00:00+00:00,75.25,75.25,75.25,75.25,1144,,
2023-02-22 00:00:00+00:00,78.05,78.25,78.0,78.0,3989,,
2023-02-23 00:00:00+00:00,78.05,78.05,78.05,78.05,1,,
2023-02-24 00:00:00+00:00,78.05,78.05,78.05,78.05,0,,
2023-02-27 00:00:00+00:00,77.25,77.25,77.0,77.0,262300,,
2023-02-28 00:00:00+00:00,77.0,78.25,76.75,78.25,60842,,
2023-03-01 00:00:00+00:00,77.0,77.0,77.0,77.0,0,,
2023-03-02 00:00:00+00:00,77.0,77.0,77.0,77.0,0,,
2023-03-03 00:00:00+00:00,76.0,78.25,76.0,78.25,2100,,
2023-03-06 00:00:00+00:00,82.5,85.0,78.25,78.25,131570,,
2023-03-07 00:00:00+00:00,82.5,82.5,82.5,82.5,25000,,
2023-03-08 00:00:00+00:00,78.75,78.75,78.25,78.5,190444,,
2023-03-09 00:00:00+00:00,79.0,79.0,78.75,78.75,81378,,
2023-03-10 00:00:00+00:00,78.0,78.0,78.0,78.0,3334,,
2023-03-13 00:00:00+00:00,78.0,78.0,78.0,78.0,0,,
2023-03-14 00:00:00+00:00,78.25,78.5,77.0,77.0,362432,,
2023-03-15 00:00:00+00:00,78.25,78.25,77.75,77.75,130200,,
2023-03-16 00:00:00+00:00,78.25,78.25,78.25,78.25,590,,
2023-03-17 00:00:00+00:00,78.25,78.25,78.25,78.25,0,,
2023-03-20 00:00:00+00:00,78.25,78.25,78.25,78.25,110,,
2023-03-21 00:00:00+00:00,77.25,77.25,77.0,77.0,40001,,
2023-03-22 00:00:00+00:00,77.25,77.25,77.25,77.25,50050,,
2023-03-23 00:00:00+00:00,77.25,77.25,77.25,77.25,0,,
2023-03-24 00:00:00+00:00,77.25,77.25,77.25,77.25,1051,,
2023-03-27 00:00:00+00:00,77.25,80.0,76.5,76.5,2622,,
2023-03-28 00:00:00+00:00,78.25,78.25,78.0,78.0,200,,
2023-03-29 00:00:00+00:00,78.25,78.25,78.25,78.25,0,,
2023-03-30 00:00:00+00:00,78.25,78.25,78.25,78.25,0,,
2023-03-31 00:00:00+00:00,78.2,78.25,77.25,77.5,89826,,
2023-04-03 00:00:00+00:00,78.25,78.25,78.25,78.25,823,,
2023-04-04 00:00:00+00:00,78.25,78.25,78.25,78.25,15605,,
2023-04-05 00:00:00+00:00,78.0,78.25,78.0,78.25,21622,,
2023-04-06 00:00:00+00:00,80.0,80.0,80.0,80.0,710,,
2023-04-10 00:00:00+00:00,78.15,79.0,78.15,79.0,83390,,
2023-04-11 00:00:00+00:00,78.15,78.15,78.15,78.15,97,,
2023-04-12 00:00:00+00:00,78.15,78.15,78.15,78.15,0,,
2023-04-13 00:00:00+00:00,78.15,78.15,78.15,78.15,50000,,
2023-04-14 00:00:00+00:00,78.15,78.15,78.15,78.15,0,,
2023-04-17 00:00:00+00:00,78.15,78.15,78.15,78.15,0,,
2023-04-18 00:00:00+00:00,78.35,78.35,77.5,77.5,75101,,
2023-04-19 00:00:00+00:00,77.25,77.25,77.15,77.15,3600,,
2023-04-20 00:00:00+00:00,77.25,77.25,77.25,77.25,153301,,
2023-04-21 00:00:00+00:00,78.0,78.0,77.625,77.625,335000,,
2023-04-24 00:00:00+00:00,77.875,77.875,77.75,77.75,150000,,
2023-04-25 00:00:00+00:00,77.85,78.0,77.75,77.75,150842,,
2023-04-26 00:00:00+00:00,77.85,77.85,77.85,77.85,10,,
2023-04-27 00:00:00+00:00,78.25,78.25,78.05,78.05,146043,,
2023-04-28 00:00:00+00:00,78.05,78.2,77.875,78.0,190000,,
2023-05-01 00:00:00+00:00,77.9,78.0,77.625,78.0,322000,,
2023-05-02 00:00:00+00:00,77.9,77.9,77.9,77.9,0,,
2023-05-03 00:00:00+00:00,77.9,77.9,77.9,77.9,0,,
2023-05-04 00:00:00+00:00,77.0,77.0,77.0,77.0,100,,
2023-05-05 00:00:00+00:00,75.0,75.0,75.0,75.0,295,,
2023-05-08 00:00:00+00:00,79.49,79.49,79.49,79.49,100,,
2023-05-09 00:00:00+00:00,77.75,77.75,75.25,75.25,1809,,
2023-05-10 00:00:00+00:00,77.75,77.75,77.75,77.75,0,,
2023-05-11 00:00:00+00:00,77.0,77.0,77.0,77.0,45302,,
2023-05-12 00:00:00+00:00,77.125,77.125,77.125,77.125,70000,,
2023-05-15 00:00:00+00:00,77.125,77.125,77.125,77.125,20000,,
2023-05-16 00:00:00+00:00,77.125,77.125,77.125,77.125,0,,
2023-05-17 00:00:00+00:00,75.15,75.15,75.15,75.15,1451,,
2023-05-18 00:00:00+00:00,77.375,77.375,77.125,77.375,55000,,
2023-05-19 00:00:00+00:00,77.25,77.25,77.125,77.125,17148,,
2023-05-22 00:00:00+00:00,77.25,77.25,77.25,77.25,0,,
2023-05-23 00:00:00+00:00,77.25,77.25,77.25,77.25,4,,
2023-05-24 00:00:00+00:00,77.25,77.25,77.25,77.25,0,,
2023-05-25 00:00:00+00:00,77.375,77.375,74.5,76.5,25645,,
2023-05-26 00:00:00+00:00,77.375,77.375,77.375,77.375,0,,
2023-05-30 00:00:00+00:00,77.375,77.375,77.375,77.375,3,,
2023-05-31 00:00:00+00:00,77.375,77.375,77.375,77.375,1,,
2023-06-01 00:00:00+00:00,77.25,77.25,77.0,77.0,20000,,
2023-06-02 00:00:00+00:00,77.25,77.25,77.25,77.25,0,,
2023-06-05 00:00:00+00:00,77.25,77.25,77.25,77.25,0,,
2023-06-06 00:00:00+00:00,77.25,77.25,77.25,77.25,0,,
2023-06-07 00:00:00+00:00,77.25,77.25,77.25,77.25,25000,,
2023-06-08 00:00:00+00:00,77.25,77.25,77.25,77.25,50500,,
2023-06-09 00:00:00+00:00,77.1,77.1,77.0,77.0,1805,,
2023-06-12 00:00:00+00:00,77.15,77.25,77.15,77.25,3000,,
2023-06-13 00:00:00+00:00,77.15,77.15,77.15,77.15,25045,,
2023-06-14 00:00:00+00:00,77.15,77.15,77.15,77.15,1,,
2023-06-15 00:00:00+00:00,77.05,77.05,77.05,77.05,3122,,
2023-06-16 00:00:00+00:00,78.0,78.0,78.0,78.0,200,,
2023-06-20 00:00:00+00:00,78.0,78.0,78.0,78.0,0,,
2023-06-21 00:00:00+00:00,78.0,78.0,78.0,78.0,0,,
2023-06-22 00:00:00+00:00,77.5,77.5,77.5,77.5,5004,,
2023-06-23 00:00:00+00:00,77.625,77.625,77.625,77.625,35000,,
2023-06-26 00:00:00+00:00,77.625,77.625,77.625,77.625,100000,,
2023-06-27 00:00:00+00:00,77.25,77.75,77.25,77.75,27000,,
2023-06-28 00:00:00+00:00,77.25,77.25,76.5,76.5,100200,,
2023-06-29 00:00:00+00:00,77.25,77.25,77.25,77.25,0,,
2023-06-30 00:00:00+00:00,77.25,77.25,77.25,77.25,0,,
2023-07-03 00:00:00+00:00,77.25,77.25,77.25,77.25,0,,
2023-07-05 00:00:00+00:00,77.25,77.25,77.25,77.25,0,,
2023-07-06 00:00:00+00:00,76.0,76.0,76.0,76.0,965,,
2023-07-07 00:00:00+00:00,76.0,76.0,76.0,76.0,0,,
2023-07-10 00:00:00+00:00,76.0,76.0,76.0,76.0,100000,,
2023-07-11 00:00:00+00:00,75.875,76.125,75.875,76.125,617000,,
2023-07-12 00:00:00+00:00,76.0,76.0,75.25,75.25,100000,,
2023-07-13 00:00:00+00:00,75.5,75.5,75.25,75.25,454370,,
2023-07-14 00:00:00+00:00,75.375,75.375,75.375,75.375,151600,,
2023-07-17 00:00:00+00:00,75.0,75.625,75.0,75.375,30773,,
2023-07-18 00:00:00+00:00,75.625,75.625,75.375,75.375,346000,,
2023-07-19 00:00:00+00:00,75.91,75.91,75.875,75.875,100000,,
2023-07-20 00:00:00+00:00,76.75,76.75,76.5,76.5,125010,,
2023-07-21 00:00:00+00:00,76.875,77.0,76.8125,76.875,270000,,
2023-07-24 00:00:00+00:00,77.0,77.0,77.0,77.0,50000,,
2023-07-25 00:00:00+00:00,77.0,77.0,77.0,77.0,0,,
2023-07-26 00:00:00+00:00,77.0,77.0,77.0,77.0,0,,
2023-07-27 00:00:00+00:00,77.15,77.375,77.15,77.25,75323,,
2023-07-28 00:00:00+00:00,77.15,77.15,77.15,77.15,0,,
2023-07-31 00:00:00+00:00,77.15,77.15,77.15,77.15,50000,,
2023-08-01 00:00:00+00:00,77.5,77.5,77.5,77.5,25001,,
2023-08-02 00:00:00+00:00,77.5,77.5,77.5,77.5,0,,
2023-08-03 00:00:00+00:00,77.75,77.75,77.375,77.5,290702,,
2023-08-04 00:00:00+00:00,77.75,77.75,77.75,77.75,125000,,
2023-08-07 00:00:00+00:00,78.0,78.0,78.0,78.0,77772,,
2023-08-08 00:00:00+00:00,78.0,78.0,78.0,78.0,0,,
2023-08-09 00:00:00+00:00,78.75,79.0,78.75,78.75,41928,,
2023-08-10 00:00:00+00:00,78.0,78.0,78.0,78.0,161,,
2023-08-11 00:00:00+00:00,76.5,76.5,76.5,76.5,161,,
2023-08-14 00:00:00+00:00,79.0,79.5,79.0,79.5,14464,,
2023-08-15 00:00:00+00:00,79.0,79.0,79.0,79.0,0,,
2023-08-16 00:00:00+00:00,79.0,79.0,79.0,79.0,40045,,
2023-08-17 00:00:00+00:00,79.875,79.875,79.875,79.875,100223,,
2023-08-18 00:00:00+00:00,79.875,79.875,79.875,79.875,0,,
2023-08-21 00:00:00+00:00,79.875,79.875,79.875,79.875,0,,
2023-08-22 00:00:00+00:00,79.875,79.875,79.875,79.875,100,,
2023-08-23 00:00:00+00:00,79.875,79.875,79.875,79.875,0,,
2023-08-24 00:00:00+00:00,79.875,79.875,79.875,79.875,0,,
2023-08-25 00:00:00+00:00,78.0,78.0,78.0,78.0,300,,
2023-08-28 00:00:00+00:00,78.0,78.0,78.0,78.0,0,,
2023-08-29 00:00:00+00:00,79.25,79.375,79.125,79.125,200000,,
2023-08-30 00:00:00+00:00,79.0,79.0,79.0,79.0,814,,
2023-08-31 00:00:00+00:00,79.0,79.0,79.0,79.0,0,,
2023-09-01 00:00:00+00:00,79.0,79.0,79.0,79.0,3,,
2023-09-05 00:00:00+00:00,79.125,79.125,79.125,79.125,400013,,
2023-09-06 00:00:00+00:00,79.0,79.125,79.0,79.125,290880,,
2023-09-07 00:00:00+00:00,79.0,79.0,79.0,79.0,13,,
2023-09-08 00:00:00+00:00,79.125,79.125,79.0,79.0,63706,,
2023-09-11 00:00:00+00:00,79.0,79.0,79.0,79.0,4007,,
2023-09-12 00:00:00+00:00,79.0,79.0,79.0,79.0,50001,,
2023-09-13 00:00:00+00:00,79.0,79.0,79.0,79.0,0,,
2023-09-14 00:00:00+00:00,79.0,79.0,79.0,79.0,25000,,
2023-09-15 00:00:00+00:00,79.0,79.0,79.0,79.0,2000,,
2023-09-18 00:00:00+00:00,79.375,79.75,79.37,79.37,51005,,
2023-09-19 00:00:00+00:00,79.375,79.375,79.375,79.375,1,,
2023-09-20 00:00:00+00:00,80.0,80.0,79.6,79.6,100280,,
2023-09-21 00:00:00+00:00,80.0,80.0,80.0,80.0,100000,,
2023-09-22 00:00:00+00:00,80.0,80.0,80.0,80.0,0,,
2023-09-25 00:00:00+00:00,79.0,79.0,79.0,79.0,407,,
2023-09-26 00:00:00+00:00,79.25,79.35,79.0,79.0,2071,,
2023-09-27 00:00:00+00:00,80.0,80.25,80.0,80.25,2608,,
2023-09-28 00:00:00+00:00,80.0,80.0,80.0,80.0,6,,
2023-09-29 00:00:00+00:00,80.0,80.0,80.0,80.0,28,,
2023-10-02 00:00:00+00:00,80.625,80.625,80.625,80.625,25001,,
2023-10-03 00:00:00+00:00,81.15,81.15,81.0,81.0,9107,,
2023-10-04 00:00:00+00:00,81.15,81.15,81.15,81.15,75101,,
2023-10-05 00:00:00+00:00,80.75,80.8,80.75,80.8,285002,,
2023-10-06 00:00:00+00:00,80.52,80.52,80.5,80.52,35001,,
2023-10-09 00:00:00+00:00,80.52,80.52,80.52,80.52,0,,
2023-10-10 00:00:00+00:00,80.85,81.0,80.75,80.75,30815,,
2023-10-11 00:00:00+00:00,80.85,80.85,80.85,80.85,0,,
2023-10-12 00:00:00+00:00,80.85,80.85,80.85,80.85,0,,
2023-10-13 00:00:00+00:00,80.85,80.85,80.85,80.85,0,,
2023-10-16 00:00:00+00:00,80.85,80.85,80.85,80.85,0,,
2023-10-17 00:00:00+00:00,80.85,80.85,80.85,80.85,0,,
2023-10-18 00:00:00+00:00,80.85,80.85,80.85,80.85,2,,
2023-10-19 00:00:00+00:00,80.85,80.85,80.85,80.85,0,,
2023-10-20 00:00:00+00:00,80.85,80.85,80.85,80.85,0,,
2023-10-23 00:00:00+00:00,80.85,80.85,80.85,80.85,0,,
2023-10-24 00:00:00+00:00,80.0,80.0,80.0,80.0,3218,,
2023-10-25 00:00:00+00:00,80.0,80.0,80.0,80.0,725,,
2023-10-26 00:00:00+00:00,79.75,79.75,79.75,79.75,193,,
2023-10-27 00:00:00+00:00,79.75,79.75,79.75,79.75,50000,,
2023-10-30 00:00:00+00:00,79.75,79.75,79.75,79.75,50000,,
2023-10-31 00:00:00+00:00,79.75,79.75,79.75,79.75,29167,,
2023-11-01 00:00:00+00:00,79.75,79.75,79.75,79.75,151,,
2023-11-02 00:00:00+00:00,79.75,79.75,79.75,79.75,22,,
2023-11-03 00:00:00+00:00,79.75,79.75,79.75,79.75,0,,
2023-11-06 00:00:00+00:00,79.75,79.75,79.75,79.75,359,,
2023-11-07 00:00:00+00:00,79.75,79.75,79.75,79.75,3,,
2023-11-08 00:00:00+00:00,79.75,79.75,79.75,79.75,2,,
2023-11-09 00:00:00+00:00,79.6,79.625,79.6,79.625,50000,,
2023-11-10 00:00:00+00:00,79.75,80.0,79.75,79.75,11530,,
2023-11-13 00:00:00+00:00,79.75,79.75,79.75,79.75,0,,
2023-11-14 00:00:00+00:00,79.25,79.25,79.0,79.0,10000,,
2023-11-15 00:00:00+00:00,79.875,79.875,78.75,78.75,45808,,
2023-11-16 00:00:00+00:00,79.9,79.9,79.7,79.75,302393,,
2023-11-17 00:00:00+00:00,79.9,79.9,79.9,79.9,9,,
2023-11-20 00:00:00+00:00,79.7,79.7,76.5,76.5,14537,,
2023-11-21 00:00:00+00:00,79.7,80.0,79.7,79.75,29600,,
2023-11-22 00:00:00+00:00,79.9,79.9,79.65,79.75,75066,,
2023-11-24 00:00:00+00:00,79.9,79.9,79.9,79.9,3,,
2023-11-27 00:00:00+00:00,79.9,79.9,79.9,79.9,24,,
2023-11-28 00:00:00+00:00,79.6162,79.75,79.5,79.5,872502,,
2023-11-29 00:00:00+00:00,79.85,79.85,79.85,79.85,109,,
2023-11-30 00:00:00+00:00,80.625,80.625,79.9,79.9,10631,,
2023-12-01 00:00:00+00:00,80.625,80.625,80.625,80.625,0,,
2023-12-04 00:00:00+00:00,80.625,80.625,80.625,80.625,31,,
2023-12-05 00:00:00+00:00,79.5,80.0,79.5,80.0,910,,
2023-12-06 00:00:00+00:00,80.0,80.375,80.0,80.375,144356,,
2023-12-07 00:00:00+00:00,80.84,81.0,80.62,81.0,316516,,
2023-12-08 00:00:00+00:00,80.84,80.84,80.84,80.84,100000,,
2023-12-11 00:00:00+00:00,80.15,80.5,80.0,80.5,7418,,
2023-12-12 00:00:00+00:00,80.15,80.15,80.15,80.15,100002,,
2023-12-13 00:00:00+00:00,80.15,80.15,80.15,80.15,0,,
2023-12-14 00:00:00+00:00,79.0,80.0,79.0,80.0,323,,
2023-12-15 00:00:00+00:00,79.0,79.0,79.0,79.0,0,,
2023-12-18 00:00:00+00:00,79.0,79.0,79.0,79.0,0,,
2023-12-19 00:00:00+00:00,79.0,79.0,79.0,79.0,323,,
2023-12-20 00:00:00+00:00,79.0,79.0,79.0,79.0,233514,,
2023-12-21 00:00:00+00:00,79.0,79.0,79.0,79.0,1,,
2023-12-22 00:00:00+00:00,79.0,79.0,79.0,79.0,1,,
2023-12-26 00:00:00+00:00,79.0,79.0,79.0,79.0,0,,
2023-12-27 00:00:00+00:00,79.0,79.0,79.0,79.0,0,,
2023-12-28 00:00:00+00:00,80.5,80.5,80.5,80.5,5000,,
2023-12-29 00:00:00+00:00,80.5,80.5,80.5,80.5,2,,
2024-01-02 00:00:00+00:00,80.5,80.5,80.5,80.5,126150,,
2024-01-03 00:00:00+00:00,80.5,80.5,80.5,80.5,0,,
2024-01-04 00:00:00+00:00,80.5,80.5,75.05,76.5,3907,,
2024-01-05 00:00:00+00:00,81.0,82.95,81.0,82.95,466,,
2024-01-08 00:00:00+00:00,81.0,81.0,81.0,81.0,47,,
2024-01-09 00:00:00+00:00,81.0,81.0,81.0,81.0,0,,
2024-01-10 00:00:00+00:00,81.0,81.0,81.0,81.0,0,,
2024-01-11 00:00:00+00:00,81.0,81.0,81.0,81.0,0,,
2024-01-12 00:00:00+00:00,79.5,80.0,79.5,80.0,2287,,
2024-01-16 00:00:00+00:00,79.5,79.5,79.5,79.5,0,,
2024-01-17 00:00:00+00:00,79.5,79.5,79.5,79.5,0,,
2024-01-18 00:00:00+00:00,79.5,79.5,79.5,79.5,4,,
2024-01-19 00:00:00+00:00,79.5,79.5,79.5,79.5,2,,
2024-01-22 00:00:00+00:00,79.5,79.5,79.5,79.5,1,,
2024-01-23 00:00:00+00:00,79.5,79.5,79.5,79.5,1,,
2024-01-24 00:00:00+00:00,79.0,79.0,79.0,79.0,816,,
2024-01-25 00:00:00+00:00,79.0,79.0,79.0,79.0,35000,,
2024-01-26 00:00:00+00:00,79.0,79.0,79.0,79.0,9,,
2024-01-29 00:00:00+00:00,79.0,79.0,79.0,79.0,0,,
2024-01-30 00:00:00+00:00,80.3,80.3,79.55,80.0,58736,,
2024-01-31 00:00:00+00:00,80.3,80.3,79.0,79.0,14840,79.86666666666667,79.86666666666667
2024-02-01 00:00:00+00:00,79.25,79.25,79.25,79.25,53000,79.38489583333335,79.38489583333335
2024-02-02 00:00:00+00:00,79.5,79.5,79.5,79.5,221,79.38526958659635,79.38526958659635
2024-02-05 00:00:00+00:00,79.5,79.5,79.5,79.5,273,79.38572794411763,79.38572794411763
2024-02-06 00:00:00+00:00,79.5,79.5,79.5,79.5,391,79.38637807687645,79.38637807687645
2024-02-07 00:00:00+00:00,80.0,80.0,79.5,79.5,10427,79.445257226602,79.445257226602
2024-02-08 00:00:00+00:00,80.0,80.0,80.0,80.0,2500,79.46224219859894,79.46224219859894
2024-02-09 00:00:00+00:00,80.0,80.0,80.0,80.0,0,79.46224219859894,79.46224219859894
2024-02-12 00:00:00+00:00,80.0,80.0,80.0,80.0,974,79.46858131822914,79.46858131822914
2024-02-13 00:00:00+00:00,80.0,80.0,80.0,80.0,1,79.46858774976704,79.46858774976704
2024-02-14 00:00:00+00:00,80.0,80.0,80.0,80.0,3000,79.4872061382508,79.4872061382508
2024-02-15 00:00:00+00:00,80.0,80.0,80.0,80.0,0,79.4872061382508,79.4872061382508
2024-02-16 00:00:00+00:00,80.0,80.0,80.0,80.0,0,79.4872061382508,79.4872061382508
2024-02-20 00:00:00+00:00,85.625,85.625,83.375,83.5,36400,81.09435616707778,81.09435616707778
2024-02-21 00:00:00+00:00,85.0,85.0,84.0,84.0,3501,81.1939885921866,81.1939885921866
2024-02-22 00:00:00+00:00,83.54,83.54,83.54,83.54,324,81.20002828719448,81.20002828719448
2024-02-23 00:00:00+00:00,83.54,83.54,83.54,83.54,75000,82.07379543146197,82.07379543146197
2024-02-26 00:00:00+00:00,83.54,83.54,83.54,83.54,0,82.07379543146197,82.07379543146197
2024-02-27 00:00:00+00:00,83.75,83.75,83.655,83.655,30015,82.287601671092,82.287601671092
2024-02-28 00:00:00+00:00,83.6,84.55,83.6,84.5,70076,82.66693715531954,82.66693715531954
2024-02-29 00:00:00+00:00,84.0,84.0,83.8,83.8,3173,82.68015012363702,82.68015012363702
2024-03-01 00:00:00+00:00,84.0,84.0,84.0,84.0,1,82.68015446357815,82.68015446357815
