date,Close,High,Low,Open,Volume,aVWAP_peak_906,aVWAP_valley_903
2022-01-03 00:00:00+00:00,47.32,47.38,46.3402,46.35,54347,,
2022-01-04 00:00:00+00:00,48.18,48.69,47.06,47.44,58066,,
2022-01-05 00:00:00+00:00,45.7,48.0,45.57,48.0,56358,,
2022-01-06 00:00:00+00:00,45.74,46.26,44.65,45.6,83727,,
2022-01-07 00:00:00+00:00,50.66,51.1,48.35,48.57,149857,,
2022-01-10 00:00:00+00:00,51.25,51.9999,50.1101,51.12,109633,,
2022-01-11 00:00:00+00:00,51.21,52.52,50.75,51.36,83293,,
2022-01-12 00:00:00+00:00,49.96,52.5,49.91,51.78,55644,,
2022-01-13 00:00:00+00:00,50.99,51.63,49.3237,50.14,68565,,
2022-01-14 00:00:00+00:00,49.78,51.16,49.28,50.22,31953,,
2022-01-18 00:00:00+00:00,48.01,49.18,47.179,49.18,65960,,
2022-01-19 00:00:00+00:00,47.83,48.6,47.28,48.46,49542,,
2022-01-20 00:00:00+00:00,46.38,48.3802,46.1501,47.8,36661,,
2022-01-21 00:00:00+00:00,45.33,46.83,45.33,46.24,42783,,
2022-01-24 00:00:00+00:00,46.14,46.4,43.63,44.43,55985,,
2022-01-25 00:00:00+00:00,45.06,45.975,44.2434,45.46,39257,,
2022-01-26 00:00:00+00:00,44.61,46.51,44.2,46.26,47708,,
2022-01-27 00:00:00+00:00,43.96,45.47,43.61,45.11,29885,,
2022-01-28 00:00:00+00:00,44.76,44.79,42.94,43.67,41525,,
2022-01-31 00:00:00+00:00,46.81,46.91,44.5113,44.52,48707,,
2022-02-01 00:00:00+00:00,46.44,47.38,45.44,46.99,48135,,
2022-02-02 00:00:00+00:00,46.33,46.5,45.51,46.46,45743,,
2022-02-03 00:00:00+00:00,45.57,46.8354,45.45,45.68,31720,,
2022-02-04 00:00:00+00:00,46.63,46.69,45.0592,45.31,54055,,
2022-02-07 00:00:00+00:00,46.25,47.38,45.9,46.26,90324,,
2022-02-08 00:00:00+00:00,47.2,47.34,46.08,46.27,41503,,
2022-02-09 00:00:00+00:00,47.0,47.83,46.59,47.35,62632,,
2022-02-10 00:00:00+00:00,46.25,47.73,45.915,46.24,45893,,
2022-02-11 00:00:00+00:00,45.22,46.73,44.7601,46.08,31235,,
2022-02-14 00:00:00+00:00,45.98,46.23,45.4,45.41,31754,,
2022-02-15 00:00:00+00:00,47.86,48.64,46.47,46.5,69384,,
2022-02-16 00:00:00+00:00,47.6,47.92,46.72,47.38,42306,,
2022-02-17 00:00:00+00:00,46.8,47.59,46.59,47.06,32345,,
2022-02-18 00:00:00+00:00,46.69,47.16,46.0968,46.5,44752,,
2022-02-22 00:00:00+00:00,44.89,46.63,44.22,46.46,71241,,
2022-02-23 00:00:00+00:00,44.52,45.37,44.2928,45.37,25790,,
2022-02-24 00:00:00+00:00,45.68,45.85,43.52,43.66,42243,,
2022-02-25 00:00:00+00:00,46.37,46.39,44.91,46.0,20780,,
2022-02-28 00:00:00+00:00,46.1,46.685,45.5101,45.85,40910,,
2022-03-01 00:00:00+00:00,45.53,46.565,45.13,46.26,33257,,
2022-03-02 00:00:00+00:00,46.4,47.31,45.7,45.7,65015,,
2022-03-03 00:00:00+00:00,45.65,46.84,45.33,46.84,25871,,
2022-03-04 00:00:00+00:00,44.03,45.5,43.65,45.04,46703,,
2022-03-07 00:00:00+00:00,42.4,44.4,42.16,43.8,54690,,
2022-03-08 00:00:00+00:00,42.43,43.0945,41.62,42.45,36881,,
2022-03-09 00:00:00+00:00,43.73,44.265,43.06,43.06,19498,,
2022-03-10 00:00:00+00:00,43.19,43.48,42.31,42.95,16482,,
2022-03-11 00:00:00+00:00,42.18,43.585,42.16,43.2,31214,,
2022-03-14 00:00:00+00:00,42.28,42.82,42.0,42.66,21095,,
2022-03-15 00:00:00+00:00,42.93,43.16,41.71,42.42,45440,,
2022-03-16 00:00:00+00:00,45.92,46.13,43.45,43.45,47955,,
2022-03-17 00:00:00+00:00,46.76,47.092,45.33,45.33,47737,,
2022-03-18 00:00:00+00:00,47.54,48.19,46.94,46.94,104150,,
2022-03-21 00:00:00+00:00,46.93,48.232,46.59,48.01,38939,,
2022-03-22 00:00:00+00:00,46.8,47.4836,46.58,47.35,43556,,
2022-03-23 00:00:00+00:00,45.77,46.8955,45.61,46.6,31655,,
2022-03-24 00:00:00+00:00,46.02,46.08,45.1498,45.56,25567,,
2022-03-25 00:00:00+00:00,46.19,47.28,45.88,46.5,64554,,
2022-03-28 00:00:00+00:00,47.39,47.43,45.93,46.31,56780,,
2022-03-29 00:00:00+00:00,48.5,48.81,47.54,47.54,55071,,
2022-03-30 00:00:00+00:00,49.3,49.325,48.51,48.8,75365,,
2022-03-31 00:00:00+00:00,45.22,49.5064,44.65,48.28,268360,,
2022-04-01 00:00:00+00:00,47.16,47.76,45.45,45.85,85507,,
2022-04-04 00:00:00+00:00,46.67,47.99,46.45,47.38,64864,,
2022-04-05 00:00:00+00:00,44.79,46.91,44.73,46.37,66740,,
2022-04-06 00:00:00+00:00,43.81,44.75,43.31,44.75,90210,,
2022-04-07 00:00:00+00:00,42.85,44.52,42.66,43.96,35276,,
2022-04-08 00:00:00+00:00,42.23,42.78,41.921,42.78,91444,,
2022-04-11 00:00:00+00:00,44.11,44.8575,41.83,41.83,89400,,
2022-04-12 00:00:00+00:00,43.97,45.255,43.91,44.3,106814,,
2022-04-13 00:00:00+00:00,44.96,45.345,43.89,44.0,99679,,
2022-04-14 00:00:00+00:00,44.11,45.2699,44.01,45.0,88414,,
2022-04-18 00:00:00+00:00,43.97,44.24,43.101,44.02,56469,,
2022-04-19 00:00:00+00:00,44.27,45.18,44.04,44.12,155489,,
2022-04-20 00:00:00+00:00,43.96,45.08,43.74,44.52,157514,,
2022-04-21 00:00:00+00:00,43.5,45.37,43.45,44.5,93827,,
2022-04-22 00:00:00+00:00,41.95,43.6,41.75,43.31,98346,,
2022-04-25 00:00:00+00:00,41.99,42.796,41.305,41.63,106298,,
2022-04-26 00:00:00+00:00,40.34,41.98,40.28,41.72,94947,,
2022-04-27 00:00:00+00:00,40.26,41.08,40.095,40.33,77063,,
2022-04-28 00:00:00+00:00,40.76,41.2,39.87,40.93,122371,,
2022-04-29 00:00:00+00:00,40.07,41.12,39.75,40.5,123570,,
2022-05-02 00:00:00+00:00,38.86,40.69,38.11,40.36,98743,,
2022-05-03 00:00:00+00:00,39.25,39.51,38.495,39.12,104069,,
2022-05-04 00:00:00+00:00,40.0,40.255,38.5,39.14,199129,,
2022-05-05 00:00:00+00:00,39.38,40.21,39.07,39.42,109652,,
2022-05-06 00:00:00+00:00,38.62,39.51,38.4,39.16,80523,,
2022-05-09 00:00:00+00:00,36.86,38.25,36.57,38.18,96981,,
2022-05-10 00:00:00+00:00,36.66,37.33,35.605,37.11,58691,,
2022-05-11 00:00:00+00:00,35.47,37.0699,35.46,36.68,50989,,
2022-05-12 00:00:00+00:00,36.42,36.68,35.32,35.32,96373,,
2022-05-13 00:00:00+00:00,37.27,38.27,36.9,36.9,96555,,
2022-05-16 00:00:00+00:00,38.23,38.43,36.96,37.11,74282,,
2022-05-17 00:00:00+00:00,39.06,39.57,38.76,38.76,71032,,
2022-05-18 00:00:00+00:00,37.58,38.96,37.35,38.4,75753,,
2022-05-19 00:00:00+00:00,37.17,37.75,37.07,37.16,50887,,
2022-05-20 00:00:00+00:00,36.82,38.25,36.02,37.66,74413,,
2022-05-23 00:00:00+00:00,36.76,37.32,36.4,37.32,30601,,
2022-05-24 00:00:00+00:00,35.99,36.38,35.31,36.38,106505,,
2022-05-25 00:00:00+00:00,37.58,37.82,35.85,35.93,89646,,
2022-05-26 00:00:00+00:00,38.14,38.89,37.65,37.65,59476,,
2022-05-27 00:00:00+00:00,38.51,39.14,38.3,38.64,43698,,
2022-05-31 00:00:00+00:00,38.31,38.37,36.97,38.37,368615,,
2022-06-01 00:00:00+00:00,37.94,38.54,37.65,38.48,64268,,
2022-06-02 00:00:00+00:00,39.48,39.61,38.05,38.05,45584,,
2022-06-03 00:00:00+00:00,39.26,40.02,38.88,39.33,64347,,
2022-06-06 00:00:00+00:00,39.08,39.79,38.88,39.75,39272,,
2022-06-07 00:00:00+00:00,38.67,39.3,38.53,38.53,33836,,
2022-06-08 00:00:00+00:00,38.04,38.65,37.81,38.43,37151,,
2022-06-09 00:00:00+00:00,37.95,38.45,37.6,37.65,50168,,
2022-06-10 00:00:00+00:00,37.63,37.88,37.5,37.6,169223,,
2022-06-13 00:00:00+00:00,34.78,37.02,34.0,36.71,181800,,
2022-06-14 00:00:00+00:00,35.72,35.85,34.77,34.78,59074,,
2022-06-15 00:00:00+00:00,36.75,37.6057,36.03,36.03,75458,,
2022-06-16 00:00:00+00:00,36.68,36.85,35.41,36.1,85235,,
2022-06-17 00:00:00+00:00,36.75,37.91,36.49,37.06,112411,,
2022-06-21 00:00:00+00:00,36.91,37.94,36.78,37.04,78573,,
2022-06-22 00:00:00+00:00,37.41,37.7,36.605,36.63,59760,,
2022-06-23 00:00:00+00:00,38.85,38.91,37.37,37.42,93346,,
2022-06-24 00:00:00+00:00,40.51,40.66,38.795,38.85,196118,,
2022-06-27 00:00:00+00:00,40.65,41.55,39.7,40.61,94439,,
2022-06-28 00:00:00+00:00,38.81,41.0,38.47,40.97,171970,,
2022-06-29 00:00:00+00:00,38.03,39.1,37.615,39.1,148146,,
2022-06-30 00:00:00+00:00,46.18,46.18,40.72,40.87,470330,,
2022-07-01 00:00:00+00:00,47.13,47.5,46.0016,46.04,180323,,
2022-07-05 00:00:00+00:00,47.49,47.59,45.8,46.81,139353,,
2022-07-06 00:00:00+00:00,47.84,48.35,46.17,47.74,125837,,
2022-07-07 00:00:00+00:00,49.2,49.3,47.0,47.0,198761,,
2022-07-08 00:00:00+00:00,49.37,49.605,48.55,49.0,139490,,
2022-07-11 00:00:00+00:00,49.06,49.46,47.98,49.3,127864,,
2022-07-12 00:00:00+00:00,47.96,49.6,47.91,49.06,118504,,
2022-07-13 00:00:00+00:00,48.11,48.43,47.2295,47.84,112041,,
2022-07-14 00:00:00+00:00,48.84,49.32,47.38,47.7,83697,,
2022-07-15 00:00:00+00:00,49.34,49.92,48.4,49.86,124940,,
2022-07-18 00:00:00+00:00,49.21,50.5,49.14,49.46,65673,,
2022-07-19 00:00:00+00:00,50.48,50.92,49.21,49.67,76593,,
2022-07-20 00:00:00+00:00,51.33,51.56,50.399,50.67,65228,,
2022-07-21 00:00:00+00:00,51.11,51.51,50.42,51.51,91099,,
2022-07-22 00:00:00+00:00,50.45,51.41,50.235,51.25,48755,,
2022-07-25 00:00:00+00:00,50.75,51.31,50.385,50.94,48283,,
2022-07-26 00:00:00+00:00,50.53,51.3799,50.01,50.87,63377,,
2022-07-27 00:00:00+00:00,51.51,51.65,50.64,50.64,83789,,
2022-07-28 00:00:00+00:00,52.3,52.3,51.0,51.68,96971,,
2022-07-29 00:00:00+00:00,52.33,52.98,52.06,52.06,62757,,
2022-08-01 00:00:00+00:00,52.15,52.77,51.4313,52.25,61098,,
2022-08-02 00:00:00+00:00,51.59,52.3526,50.85,51.78,81121,,
2022-08-03 00:00:00+00:00,52.35,52.48,51.34,52.2,57107,,
2022-08-04 00:00:00+00:00,52.45,52.49,51.83,52.22,46587,,
2022-08-05 00:00:00+00:00,52.34,52.67,51.63,51.63,47305,,
2022-08-08 00:00:00+00:00,52.88,53.32,50.8144,52.25,120158,,
2022-08-09 00:00:00+00:00,51.87,52.79,51.54,52.79,43093,,
2022-08-10 00:00:00+00:00,52.61,52.85,51.78,51.99,30442,,
2022-08-11 00:00:00+00:00,52.9,53.2508,52.36,53.15,36775,,
2022-08-12 00:00:00+00:00,53.6,53.76,53.0,53.01,47118,,
2022-08-15 00:00:00+00:00,53.83,54.1,53.11,53.11,41935,,
2022-08-16 00:00:00+00:00,53.14,53.87,52.85,53.65,44707,,
2022-08-17 00:00:00+00:00,52.78,53.13,52.21,52.81,34579,,
2022-08-18 00:00:00+00:00,53.42,54.03,52.4,52.64,50278,,
2022-08-19 00:00:00+00:00,53.01,53.255,52.57,52.91,39703,,
2022-08-22 00:00:00+00:00,51.69,52.57,51.33,52.57,42108,,
2022-08-23 00:00:00+00:00,50.74,51.8,50.67,51.72,74266,,
2022-08-24 00:00:00+00:00,50.37,50.95,50.07,50.86,36928,,
2022-08-25 00:00:00+00:00,50.2,50.595,49.78,50.58,34648,,
2022-08-26 00:00:00+00:00,48.32,50.08,48.3,50.08,48680,,
2022-08-29 00:00:00+00:00,47.54,48.23,46.51,47.85,56818,,
2022-08-30 00:00:00+00:00,47.12,48.0913,46.67,47.77,68229,,
2022-08-31 00:00:00+00:00,47.57,47.94,47.06,47.19,58219,,
2022-09-01 00:00:00+00:00,47.1,47.47,46.32,47.2,79245,,
2022-09-02 00:00:00+00:00,47.46,48.33,47.135,47.32,51252,,
2022-09-06 00:00:00+00:00,47.14,47.56,46.4682,47.49,75968,,
2022-09-07 00:00:00+00:00,48.22,48.49,46.8999,47.29,65573,,
2022-09-08 00:00:00+00:00,47.61,48.44,47.43,47.87,52474,,
2022-09-09 00:00:00+00:00,48.77,49.1,47.73,48.13,57202,,
2022-09-12 00:00:00+00:00,49.46,49.71,48.72,49.01,52048,,
2022-09-13 00:00:00+00:00,48.63,49.23,48.06,48.53,70685,,
2022-09-14 00:00:00+00:00,49.47,50.41,48.59,48.59,64043,,
2022-09-15 00:00:00+00:00,49.5,49.96,48.96,49.47,59606,,
2022-09-16 00:00:00+00:00,49.46,49.52,48.315,48.96,153209,,
2022-09-19 00:00:00+00:00,48.55,49.422,48.19,48.89,70326,,
2022-09-20 00:00:00+00:00,46.83,48.23,46.5,48.23,51218,,
2022-09-21 00:00:00+00:00,47.24,48.34,46.83,47.27,59957,,
2022-09-22 00:00:00+00:00,45.68,46.75,45.435,46.75,46599,,
2022-09-23 00:00:00+00:00,44.33,45.1642,43.85,45.03,87387,,
2022-09-26 00:00:00+00:00,43.73,45.57,43.48,44.48,93020,,
2022-09-27 00:00:00+00:00,43.31,44.76,43.29,44.43,203406,,
2022-09-28 00:00:00+00:00,45.02,45.48,43.2996,43.88,154185,,
2022-09-29 00:00:00+00:00,45.58,46.33,44.08,44.65,78504,,
2022-09-30 00:00:00+00:00,45.39,46.74,45.03,45.32,148246,,
2022-10-03 00:00:00+00:00,46.74,46.77,45.39,45.8,70914,,
2022-10-04 00:00:00+00:00,47.85,48.49,47.44,47.44,79504,,
2022-10-05 00:00:00+00:00,47.88,48.2,46.9,47.27,72056,,
2022-10-06 00:00:00+00:00,47.15,47.82,47.02,47.72,24638,,
2022-10-07 00:00:00+00:00,45.83,47.1,45.6,46.85,93973,,
2022-10-10 00:00:00+00:00,46.82,47.39,45.98,45.98,46837,,
2022-10-11 00:00:00+00:00,47.13,47.48,45.72,46.45,33178,,
2022-10-12 00:00:00+00:00,47.66,47.77,47.105,47.51,39443,,
2022-10-13 00:00:00+00:00,47.9,48.485,45.93,46.96,46444,,
2022-10-14 00:00:00+00:00,47.05,48.28,46.84,48.24,33735,,
2022-10-17 00:00:00+00:00,48.5,48.61,47.35,47.35,40272,,
2022-10-18 00:00:00+00:00,48.78,49.69,48.41,49.37,38058,,
2022-10-19 00:00:00+00:00,48.31,48.58,47.69,48.36,30293,,
2022-10-20 00:00:00+00:00,47.83,48.9,47.7,48.64,42470,,
2022-10-21 00:00:00+00:00,48.95,48.95,47.59,47.9,54986,,
2022-10-24 00:00:00+00:00,49.56,50.26,48.59,49.12,63359,,
2022-10-25 00:00:00+00:00,50.03,51.15,49.77,49.77,47631,,
2022-10-26 00:00:00+00:00,49.43,50.96,49.33,50.49,92132,,
2022-10-27 00:00:00+00:00,49.75,50.63,49.53,49.99,65533,,
2022-10-28 00:00:00+00:00,51.11,51.19,49.8,50.09,73851,,
2022-10-31 00:00:00+00:00,50.6,51.06,50.17,50.91,127285,,
2022-11-01 00:00:00+00:00,50.95,51.08,50.6655,50.97,39351,,
2022-11-02 00:00:00+00:00,49.9,52.44,49.9,50.33,68671,,
2022-11-03 00:00:00+00:00,50.66,54.7,49.27,49.75,145000,,
2022-11-04 00:00:00+00:00,48.99,50.74,48.15,50.66,59127,,
2022-11-07 00:00:00+00:00,47.97,49.61,47.66,49.61,53430,,
2022-11-08 00:00:00+00:00,47.13,48.54,46.45,48.54,50021,,
2022-11-09 00:00:00+00:00,47.34,48.0,46.99,47.01,38268,,
2022-11-10 00:00:00+00:00,50.09,50.305,47.8389,48.73,50524,,
2022-11-11 00:00:00+00:00,48.39,50.61,48.28,50.55,36258,,
2022-11-14 00:00:00+00:00,48.51,49.11,48.06,48.13,24906,,
2022-11-15 00:00:00+00:00,49.15,50.235,47.8622,49.18,48506,,
2022-11-16 00:00:00+00:00,49.49,50.24,48.53,48.92,33153,,
2022-11-17 00:00:00+00:00,50.5,51.63,49.43,49.84,93868,,
2022-11-18 00:00:00+00:00,51.99,52.18,50.52,51.5,60187,,
2022-11-21 00:00:00+00:00,51.24,52.21,51.145,51.7,52514,,
2022-11-22 00:00:00+00:00,51.6,51.79,50.57,51.5,38661,,
2022-11-23 00:00:00+00:00,51.97,52.21,50.77,51.4,24337,,
2022-11-25 00:00:00+00:00,52.34,52.72,51.69,51.69,7049,,
2022-11-28 00:00:00+00:00,51.78,52.43,51.18,52.0,38601,,
2022-11-29 00:00:00+00:00,51.3,52.06,50.99,51.8,30494,,
2022-11-30 00:00:00+00:00,51.96,52.54,50.785,51.24,72651,,
2022-12-01 00:00:00+00:00,52.21,52.375,51.36,52.35,39657,,
2022-12-02 00:00:00+00:00,50.79,52.0,50.61,52.0,44751,,
2022-12-05 00:00:00+00:00,50.15,50.59,49.8401,50.52,29354,,
2022-12-06 00:00:00+00:00,49.06,50.18,48.44,50.09,45511,,
2022-12-07 00:00:00+00:00,48.5,49.1,48.275,48.71,23553,,
2022-12-08 00:00:00+00:00,49.5,49.8,48.14,48.51,50190,,
2022-12-09 00:00:00+00:00,47.42,49.51,47.14,49.14,43627,,
2022-12-12 00:00:00+00:00,47.11,48.16,47.03,47.37,49765,,
2022-12-13 00:00:00+00:00,47.51,49.5532,47.1,48.36,54832,,
2022-12-14 00:00:00+00:00,46.95,47.995,46.5919,47.85,48971,,
2022-12-15 00:00:00+00:00,45.97,46.59,45.82,46.59,55674,,
2022-12-16 00:00:00+00:00,45.89,46.11,45.225,45.54,74925,,
2022-12-19 00:00:00+00:00,46.67,46.83,45.71,46.29,99418,,
2022-12-20 00:00:00+00:00,47.2,47.42,46.3908,46.58,72247,,
2022-12-21 00:00:00+00:00,47.87,48.04,47.2295,47.52,23979,,
2022-12-22 00:00:00+00:00,47.06,48.25,46.66,47.29,27585,,
2022-12-23 00:00:00+00:00,47.43,47.69,46.03,46.76,30536,,
2022-12-27 00:00:00+00:00,46.94,47.58,46.88,47.32,24985,,
2022-12-28 00:00:00+00:00,46.85,47.63,46.45,47.11,34005,,
2022-12-29 00:00:00+00:00,47.47,48.115,47.03,47.37,22894,,
2022-12-30 00:00:00+00:00,46.77,47.14,46.49,47.14,22875,,
2023-01-03 00:00:00+00:00,48.22,48.82,46.89,47.38,46442,,
2023-01-04 00:00:00+00:00,48.07,48.88,47.99,48.68,61301,,
2023-01-05 00:00:00+00:00,46.09,47.86,46.065,47.86,57335,,
2023-01-06 00:00:00+00:00,44.03,45.29,41.05,43.0,264014,,
2023-01-09 00:00:00+00:00,44.13,44.7,43.55,43.55,108256,,
2023-01-10 00:00:00+00:00,44.37,44.82,43.88,43.88,48643,,
2023-01-11 00:00:00+00:00,44.89,45.66,44.29,44.5,84563,,
2023-01-12 00:00:00+00:00,45.52,45.57,44.71,45.1,54902,,
2023-01-13 00:00:00+00:00,46.18,46.5,45.52,45.52,35370,,
2023-01-17 00:00:00+00:00,45.01,46.45,45.01,46.09,32811,,
2023-01-18 00:00:00+00:00,44.92,46.13,44.79,45.14,65194,,
2023-01-19 00:00:00+00:00,45.11,45.87,44.64,44.64,50133,,
2023-01-20 00:00:00+00:00,45.34,45.68,44.97,45.46,34242,,
2023-01-23 00:00:00+00:00,45.18,45.6,44.97,45.29,26666,,
2023-01-24 00:00:00+00:00,45.05,45.63,45.0,45.56,65087,,
2023-01-25 00:00:00+00:00,45.28,45.49,44.76,44.88,55431,,
2023-01-26 00:00:00+00:00,45.33,45.87,44.91,45.44,36376,,
2023-01-27 00:00:00+00:00,45.0,45.83,44.98,45.35,34726,,
2023-01-30 00:00:00+00:00,45.02,45.72,44.77,44.77,54768,,
2023-01-31 00:00:00+00:00,46.4,46.6799,45.15,45.26,42564,,
2023-02-01 00:00:00+00:00,47.24,47.69,46.01,46.17,50089,,
2023-02-02 00:00:00+00:00,47.83,48.71,47.0,47.33,53864,,
2023-02-03 00:00:00+00:00,48.57,48.7,47.57,47.57,62253,,
2023-02-06 00:00:00+00:00,48.16,48.71,47.72,48.71,67669,,
2023-02-07 00:00:00+00:00,48.83,49.04,47.44,47.93,53971,,
2023-02-08 00:00:00+00:00,49.14,49.3,48.02,48.68,56657,,
2023-02-09 00:00:00+00:00,46.86,49.77,46.8,49.35,83964,,
2023-02-10 00:00:00+00:00,47.27,47.73,46.56,46.82,49604,,
2023-02-13 00:00:00+00:00,48.06,48.27,46.96,47.3,38214,,
2023-02-14 00:00:00+00:00,48.07,48.45,47.33,48.15,78885,,
2023-02-15 00:00:00+00:00,48.8,49.13,47.09,47.83,29627,,
2023-02-16 00:00:00+00:00,48.35,49.7,48.0,48.43,53952,,
2023-02-17 00:00:00+00:00,49.08,49.42,48.42,48.53,57824,,
2023-02-21 00:00:00+00:00,48.38,49.26,48.03,48.51,67130,,
2023-02-22 00:00:00+00:00,47.71,49.43,47.71,48.54,58147,,
2023-02-23 00:00:00+00:00,47.74,48.77,47.69,47.99,87601,,
2023-02-24 00:00:00+00:00,47.4,48.15,47.02,47.31,56374,,
2023-02-27 00:00:00+00:00,46.9,48.2,46.9,47.81,45552,,
2023-02-28 00:00:00+00:00,46.87,47.88,46.78,46.78,95327,,
2023-03-01 00:00:00+00:00,47.65,47.84,46.97,46.97,38829,,
2023-03-02 00:00:00+00:00,47.43,48.04,46.9,47.58,42358,,
2023-03-03 00:00:00+00:00,47.58,48.0989,47.21,47.51,45302,,
2023-03-06 00:00:00+00:00,47.28,47.99,47.1,47.69,64624,,
2023-03-07 00:00:00+00:00,47.27,47.77,47.19,47.38,100701,,
2023-03-08 00:00:00+00:00,47.45,48.29,47.05,47.26,45205,,
2023-03-09 00:00:00+00:00,46.83,47.94,46.73,47.6,33851,,
2023-03-10 00:00:00+00:00,45.53,47.16,45.42,46.64,56949,,
2023-03-13 00:00:00+00:00,45.08,45.99,44.99,45.0,48864,,
2023-03-14 00:00:00+00:00,45.33,46.49,45.215,46.0,108904,,
2023-03-15 00:00:00+00:00,45.16,45.62,43.97,44.72,72711,,
2023-03-16 00:00:00+00:00,45.68,46.07,44.61,44.86,40017,,
2023-03-17 00:00:00+00:00,44.65,45.6,44.6,45.53,69483,,
2023-03-20 00:00:00+00:00,45.11,45.33,44.6,44.85,84286,,
2023-03-21 00:00:00+00:00,46.65,46.89,45.72,45.72,82322,,
2023-03-22 00:00:00+00:00,46.14,47.22,46.06,46.73,34171,,
2023-03-23 00:00:00+00:00,45.87,46.55,45.65,46.29,45314,,
2023-03-24 00:00:00+00:00,46.14,46.52,45.55,45.55,54311,,
2023-03-27 00:00:00+00:00,45.85,46.75,45.28,46.75,76818,,
2023-03-28 00:00:00+00:00,44.05,45.95,43.6036,45.42,140055,,
2023-03-29 00:00:00+00:00,44.22,44.55,43.82,44.22,131860,,
2023-03-30 00:00:00+00:00,36.24,40.4,35.56,39.6,643676,,
2023-03-31 00:00:00+00:00,38.47,38.52,36.0701,36.54,262290,,
2023-04-03 00:00:00+00:00,38.65,39.24,38.04,38.43,227059,,
2023-04-04 00:00:00+00:00,38.05,38.7299,37.61,38.72,234328,,
2023-04-05 00:00:00+00:00,37.8,38.35,37.79,37.82,91684,,
2023-04-06 00:00:00+00:00,38.11,38.52,37.67,37.84,88890,,
2023-04-10 00:00:00+00:00,38.58,38.77,37.92,37.92,108806,,
2023-04-11 00:00:00+00:00,38.38,39.45,38.38,38.59,127251,,
2023-04-12 00:00:00+00:00,38.63,39.1125,37.98,38.72,86438,,
2023-04-13 00:00:00+00:00,39.97,40.04,38.67,38.67,94194,,
2023-04-14 00:00:00+00:00,39.37,40.4,39.07,39.87,60028,,
2023-04-17 00:00:00+00:00,38.8,39.75,38.77,39.46,92662,,
2023-04-18 00:00:00+00:00,38.73,39.25,38.6263,38.95,97821,,
2023-04-19 00:00:00+00:00,38.11,38.68,37.83,38.68,56058,,
2023-04-20 00:00:00+00:00,37.94,38.18,37.66,37.98,45828,,
2023-04-21 00:00:00+00:00,37.7,37.97,37.505,37.9,51172,,
2023-04-24 00:00:00+00:00,36.97,37.8,36.93,37.58,61165,,
2023-04-25 00:00:00+00:00,36.27,37.07,36.0,36.91,89746,,
2023-04-26 00:00:00+00:00,36.11,36.32,35.6,36.0,105063,,
2023-04-27 00:00:00+00:00,36.0,36.76,35.91,36.03,95094,,
2023-04-28 00:00:00+00:00,36.72,37.155,36.08,36.08,96757,,
2023-05-01 00:00:00+00:00,36.46,36.69,35.89,36.66,88009,,
2023-05-02 00:00:00+00:00,35.41,36.3,35.196,36.3,105828,,
2023-05-03 00:00:00+00:00,35.89,36.53,35.42,35.51,87175,,
2023-05-04 00:00:00+00:00,34.98,35.875,34.6,35.6,115341,,
2023-05-05 00:00:00+00:00,35.62,35.72,34.94,35.4,66589,,
2023-05-08 00:00:00+00:00,35.25,35.84,34.86,35.68,79967,,
2023-05-09 00:00:00+00:00,35.2,35.36,34.945,35.24,78812,,
2023-05-10 00:00:00+00:00,35.69,35.89,35.1595,35.43,77284,,
2023-05-11 00:00:00+00:00,35.48,35.64,35.09,35.5,49402,,
2023-05-12 00:00:00+00:00,35.72,35.8823,35.51,35.56,48532,,
2023-05-15 00:00:00+00:00,36.3,36.365,35.79,35.79,51699,,
2023-05-16 00:00:00+00:00,36.34,36.595,36.0,36.27,64459,,
2023-05-17 00:00:00+00:00,36.92,37.05,36.33,36.39,64661,,
2023-05-18 00:00:00+00:00,37.06,37.1,36.47,36.81,41026,,
2023-05-19 00:00:00+00:00,36.76,37.43,36.655,37.43,47881,,
2023-05-22 00:00:00+00:00,37.14,37.26,36.62,36.77,43620,,
2023-05-23 00:00:00+00:00,37.66,37.76,36.88,37.02,58114,,
2023-05-24 00:00:00+00:00,37.82,38.32,37.425,37.51,57373,,
2023-05-25 00:00:00+00:00,37.61,37.78,37.25,37.72,43405,,
2023-05-26 00:00:00+00:00,37.27,38.1392,37.24,37.58,78195,,
2023-05-30 00:00:00+00:00,36.45,37.7,36.28,37.36,74032,,
2023-05-31 00:00:00+00:00,36.92,37.09,36.34,36.45,110287,,
2023-06-01 00:00:00+00:00,36.97,37.175,36.795,36.94,40361,,
2023-06-02 00:00:00+00:00,37.95,37.96,37.23,37.28,92074,,
2023-06-05 00:00:00+00:00,36.63,37.65,36.56,37.65,59100,,
2023-06-06 00:00:00+00:00,37.0,37.23,36.49,36.5,108839,,
2023-06-07 00:00:00+00:00,37.0,37.73,36.77,37.18,91003,,
2023-06-08 00:00:00+00:00,36.5,37.37,36.49,37.02,47840,,
2023-06-09 00:00:00+00:00,35.71,36.57,35.62,36.57,36635,,
2023-06-12 00:00:00+00:00,35.19,35.64,35.0,35.64,67810,,
2023-06-13 00:00:00+00:00,35.39,35.73,35.15,35.41,69360,,
2023-06-14 00:00:00+00:00,35.2,35.59,34.3561,35.31,92469,,
2023-06-15 00:00:00+00:00,36.17,36.25,35.06,35.2,59814,,
2023-06-16 00:00:00+00:00,36.59,36.91,35.76,36.48,154296,,
2023-06-20 00:00:00+00:00,36.5,37.05,36.23,36.5,49407,,
2023-06-21 00:00:00+00:00,35.84,36.39,35.84,36.39,46939,,
2023-06-22 00:00:00+00:00,35.72,35.78,35.0,35.77,65516,,
2023-06-23 00:00:00+00:00,35.12,35.86,35.06,35.47,173246,,
2023-06-26 00:00:00+00:00,35.02,35.33,34.74,35.0,108042,,
2023-06-27 00:00:00+00:00,35.07,35.4599,35.05,35.15,84278,,
2023-06-28 00:00:00+00:00,35.73,35.9,34.9,35.29,110490,,
2023-06-29 00:00:00+00:00,45.12,45.88,39.28,40.03,388961,,
2023-06-30 00:00:00+00:00,43.68,45.789,43.06,45.55,219886,,
2023-07-03 00:00:00+00:00,44.25,44.9756,43.69,43.88,56944,,
2023-07-05 00:00:00+00:00,43.5,44.1,43.1,44.1,86014,,
2023-07-06 00:00:00+00:00,43.46,43.62,42.88,43.18,65016,,
2023-07-07 00:00:00+00:00,43.39,43.72,42.87,43.38,73451,,
2023-07-10 00:00:00+00:00,43.71,43.97,43.025,43.23,64908,,
2023-07-11 00:00:00+00:00,44.76,44.85,43.73,44.03,51525,,
2023-07-12 00:00:00+00:00,45.12,45.41,44.64,45.4,121683,,
2023-07-13 00:00:00+00:00,44.89,45.66,44.52,45.34,52291,,
2023-07-14 00:00:00+00:00,45.0,45.21,44.035,44.86,39729,,
2023-07-17 00:00:00+00:00,45.1,45.73,44.92,45.0,42870,,
2023-07-18 00:00:00+00:00,45.43,45.6,44.5,44.91,67855,,
2023-07-19 00:00:00+00:00,46.06,46.33,45.51,45.52,71942,,
2023-07-20 00:00:00+00:00,45.3,46.5699,44.33,46.22,59802,,
2023-07-21 00:00:00+00:00,44.73,45.68,44.69,45.68,68390,,
2023-07-24 00:00:00+00:00,45.23,45.35,44.43,44.99,58710,,
2023-07-25 00:00:00+00:00,45.05,45.42,44.88,45.01,32453,,
2023-07-26 00:00:00+00:00,45.66,45.91,45.18,45.21,42310,,
2023-07-27 00:00:00+00:00,45.72,46.1109,45.53,45.77,60124,,
2023-07-28 00:00:00+00:00,46.46,46.5,45.6,45.62,64011,,
2023-07-31 00:00:00+00:00,47.65,47.73,46.39,46.39,70550,,
2023-08-01 00:00:00+00:00,47.58,47.76,46.86,47.32,51363,,
2023-08-02 00:00:00+00:00,47.14,47.79,47.1,47.4,55035,,
2023-08-03 00:00:00+00:00,48.15,48.342,46.78,46.94,58643,,
2023-08-04 00:00:00+00:00,48.36,48.7599,48.01,48.03,45752,,
2023-08-07 00:00:00+00:00,47.87,48.3,47.36,48.2,32198,,
2023-08-08 00:00:00+00:00,46.77,47.47,46.5401,47.47,41829,,
2023-08-09 00:00:00+00:00,46.03,46.38,45.39,46.38,47825,,
2023-08-10 00:00:00+00:00,45.9,46.77,45.48,46.04,57279,,
2023-08-11 00:00:00+00:00,46.65,46.78,45.64,45.72,28432,,
2023-08-14 00:00:00+00:00,46.75,46.96,46.215,46.4,18356,,
2023-08-15 00:00:00+00:00,46.55,46.995,46.3,46.46,22242,,
2023-08-16 00:00:00+00:00,45.56,46.5,45.49,46.13,31127,,
2023-08-17 00:00:00+00:00,45.07,45.94,45.01,45.64,29279,,
2023-08-18 00:00:00+00:00,45.07,45.26,44.74,44.74,33903,,
2023-08-21 00:00:00+00:00,44.62,45.16,44.31,45.0,38194,,
2023-08-22 00:00:00+00:00,44.59,44.79,43.5772,44.74,30240,,
2023-08-23 00:00:00+00:00,45.0,45.17,44.62,44.62,18817,,
2023-08-24 00:00:00+00:00,44.66,44.98,44.24,44.84,17828,,
2023-08-25 00:00:00+00:00,44.54,45.09,44.385,44.7,26193,,
2023-08-28 00:00:00+00:00,44.29,44.8942,44.1,44.59,27993,,
2023-08-29 00:00:00+00:00,44.41,44.845,44.25,44.54,47273,,
2023-08-30 00:00:00+00:00,43.4,44.44,43.23,44.33,69606,,
2023-08-31 00:00:00+00:00,42.67,43.88,42.56,43.4,84310,,
2023-09-01 00:00:00+00:00,41.92,43.0,41.695,42.92,78650,,
2023-09-05 00:00:00+00:00,41.14,41.5922,40.7204,41.55,108743,,
2023-09-06 00:00:00+00:00,40.98,41.9,40.8747,41.33,57083,,
2023-09-07 00:00:00+00:00,40.88,41.19,40.43,41.0,86556,,
2023-09-08 00:00:00+00:00,41.96,42.03,40.37,40.79,53646,,
2023-09-11 00:00:00+00:00,41.72,42.15,41.3236,42.09,37492,,
2023-09-12 00:00:00+00:00,41.92,41.92,41.36,41.57,25979,,
2023-09-13 00:00:00+00:00,41.61,42.26,41.44,42.26,36751,,
2023-09-14 00:00:00+00:00,42.61,42.63,41.55,41.61,46028,,
2023-09-15 00:00:00+00:00,42.5,42.605,41.97,42.51,187020,,
2023-09-18 00:00:00+00:00,43.09,43.1,42.31,42.72,38109,,
2023-09-19 00:00:00+00:00,42.7,43.17,42.58,42.98,66918,,
2023-09-20 00:00:00+00:00,42.51,43.0399,42.4,42.8,42355,,
2023-09-21 00:00:00+00:00,41.86,42.475,41.47,42.13,58734,,
2023-09-22 00:00:00+00:00,41.77,41.89,41.44,41.66,114709,,
2023-09-25 00:00:00+00:00,42.8,43.78,41.7,41.7,72856,,
2023-09-26 00:00:00+00:00,42.65,42.93,41.99,42.78,61640,,
2023-09-27 00:00:00+00:00,42.66,43.33,42.39,42.61,49435,,
2023-09-28 00:00:00+00:00,42.98,43.43,42.71,42.76,51140,,
2023-09-29 00:00:00+00:00,42.92,43.29,42.75,43.29,113254,,
2023-10-02 00:00:00+00:00,43.06,43.13,42.47,42.9,92867,,
2023-10-03 00:00:00+00:00,42.12,43.02,42.02,42.87,47419,,
2023-10-04 00:00:00+00:00,41.94,42.41,41.71,42.0,39221,,
2023-10-05 00:00:00+00:00,41.47,41.82,40.92,41.82,50233,,
2023-10-06 00:00:00+00:00,41.06,41.62,40.93,41.4,28621,,
2023-10-09 00:00:00+00:00,41.13,41.154,40.21,40.515,48177,,
2023-10-10 00:00:00+00:00,42.04,42.38,41.03,41.03,42435,,
2023-10-11 00:00:00+00:00,40.97,42.54,40.72,41.97,70799,,
2023-10-12 00:00:00+00:00,40.39,41.04,40.2,41.04,40035,,
2023-10-13 00:00:00+00:00,40.05,40.53,39.72,40.31,39992,,
2023-10-16 00:00:00+00:00,40.11,40.69,39.79,40.46,84440,,
2023-10-17 00:00:00+00:00,40.6,40.79,39.645,39.93,50012,,
2023-10-18 00:00:00+00:00,39.91,40.59,39.702,40.33,45354,,
2023-10-19 00:00:00+00:00,39.4,40.07,38.95,39.71,39509,,
2023-10-20 00:00:00+00:00,38.63,39.53,38.07,39.53,54877,,
2023-10-23 00:00:00+00:00,38.27,38.97,38.14,38.58,27415,,
2023-10-24 00:00:00+00:00,38.72,38.74,37.85,38.38,54714,,
2023-10-25 00:00:00+00:00,38.77,39.1599,38.31,38.52,48581,,
2023-10-26 00:00:00+00:00,38.18,38.96,37.7,38.96,52562,,
2023-10-27 00:00:00+00:00,37.69,38.34,36.94,38.18,155489,,
2023-10-30 00:00:00+00:00,37.98,38.53,37.31,37.88,47734,,
2023-10-31 00:00:00+00:00,39.41,39.5,38.1,38.1,61803,,
2023-11-01 00:00:00+00:00,38.63,39.42,38.44,39.26,68484,,
2023-11-02 00:00:00+00:00,35.08,35.67,32.19,35.36,295623,,
2023-11-03 00:00:00+00:00,35.93,36.74,34.39,35.69,250736,,
2023-11-06 00:00:00+00:00,34.95,36.085,34.43,35.22,107136,,
2023-11-07 00:00:00+00:00,36.35,36.82,34.65,35.04,95613,,
2023-11-08 00:00:00+00:00,36.33,36.46,35.9816,36.17,67151,,
2023-11-09 00:00:00+00:00,36.7,37.35,36.1239,36.21,81222,,
2023-11-10 00:00:00+00:00,37.83,38.3,36.47,36.77,64807,,
2023-11-13 00:00:00+00:00,36.69,37.58,36.28,37.58,66865,,
2023-11-14 00:00:00+00:00,37.82,37.9,36.78,37.04,119540,,
2023-11-15 00:00:00+00:00,38.39,38.49,37.895,38.13,52422,,
2023-11-16 00:00:00+00:00,38.37,39.0709,38.15,38.42,89693,,
2023-11-17 00:00:00+00:00,38.91,39.25,38.28,38.28,79698,,
2023-11-20 00:00:00+00:00,39.25,39.45,38.9,39.18,59449,,
2023-11-21 00:00:00+00:00,39.67,39.88,38.85,39.11,34988,,
2023-11-22 00:00:00+00:00,39.83,40.41,39.52,40.0,39708,,
2023-11-24 00:00:00+00:00,40.07,40.12,39.84,40.02,9142,,
2023-11-27 00:00:00+00:00,40.03,40.26,39.5,39.93,29823,,
2023-11-28 00:00:00+00:00,39.17,39.58,39.05,39.26,46028,,
2023-11-29 00:00:00+00:00,39.27,39.75,39.01,39.22,70240,,
2023-11-30 00:00:00+00:00,38.88,39.68,38.73,39.68,46477,,
2023-12-01 00:00:00+00:00,39.3,39.41,38.66,39.06,71055,,
2023-12-04 00:00:00+00:00,39.54,40.0,39.2,39.35,46374,,
2023-12-05 00:00:00+00:00,39.05,39.73,38.925,39.5,39973,,
2023-12-06 00:00:00+00:00,38.34,39.395,38.09,39.24,36986,,
2023-12-07 00:00:00+00:00,40.73,41.09,37.89,38.29,160113,,
2023-12-08 00:00:00+00:00,39.93,40.483,39.82,40.39,38311,,
2023-12-11 00:00:00+00:00,39.73,40.024,39.61,39.94,27424,,
2023-12-12 00:00:00+00:00,39.46,40.13,39.34,39.64,34041,,
2023-12-13 00:00:00+00:00,40.21,40.21,38.34,39.5,72880,,
2023-12-14 00:00:00+00:00,40.71,40.93,39.53,40.44,83038,,
2023-12-15 00:00:00+00:00,40.32,41.0,39.64,41.0,115281,,
2023-12-18 00:00:00+00:00,40.7,40.89,39.79,40.38,45276,,
2023-12-19 00:00:00+00:00,41.15,41.76,40.65,40.65,76759,,
2023-12-20 00:00:00+00:00,41.13,42.33,40.71,41.28,71307,,
2023-12-21 00:00:00+00:00,41.47,41.88,40.8,41.71,67158,,
2023-12-22 00:00:00+00:00,41.61,41.94,40.585,41.49,68646,,
2023-12-26 00:00:00+00:00,42.5,42.55,41.2,41.2,55227,,
2023-12-27 00:00:00+00:00,42.86,42.9,42.34,42.34,45253,,
2023-12-28 00:00:00+00:00,42.97,43.07,42.44,42.79,46389,,
2023-12-29 00:00:00+00:00,43.53,43.67,42.625,43.12,158112,,
2024-01-02 00:00:00+00:00,40.72,43.43,40.32,43.38,132594,,
2024-01-03 00:00:00+00:00,39.89,41.41,39.61,40.98,166418,,
2024-01-04 00:00:00+00:00,39.37,40.86,39.03,40.24,304412,,
2024-01-05 00:00:00+00:00,40.66,44.96,39.0,39.0,439393,,
2024-01-08 00:00:00+00:00,39.05,41.18,38.505,40.33,140873,,
2024-01-09 00:00:00+00:00,39.16,39.3128,38.17,38.57,81083,,
2024-01-10 00:00:00+00:00,40.04,40.31,38.98,39.21,98966,,
2024-01-11 00:00:00+00:00,41.33,41.58,39.87,39.87,126183,,
2024-01-12 00:00:00+00:00,41.07,42.205,40.92,41.88,52280,,
2024-01-16 00:00:00+00:00,40.46,41.15,40.19,41.07,59027,,
2024-01-17 00:00:00+00:00,40.06,40.667,39.87,39.87,91407,,
2024-01-18 00:00:00+00:00,41.23,41.25,39.62,40.02,100841,,
2024-01-19 00:00:00+00:00,41.5,41.99,41.03,41.54,77840,,
2024-01-22 00:00:00+00:00,42.47,42.56,41.655,41.88,76730,,
2024-01-23 00:00:00+00:00,42.3,43.0,42.14,43.0,68800,,
2024-01-24 00:00:00+00:00,42.28,42.63,42.15,42.5,44445,,
2024-01-25 00:00:00+00:00,42.21,42.68,42.07,42.68,91133,,
2024-01-26 00:00:00+00:00,42.44,42.65,42.265,42.46,34603,,
2024-01-29 00:00:00+00:00,42.88,42.89,42.03,42.2,44907,,
2024-01-30 00:00:00+00:00,42.43,43.08,42.15,42.69,79764,,
2024-01-31 00:00:00+00:00,40.44,42.46,40.4,42.38,74552,,
2024-02-01 00:00:00+00:00,41.25,41.27,40.5,40.6,64532,,
2024-02-02 00:00:00+00:00,40.68,41.22,40.51,40.74,35516,,
2024-02-05 00:00:00+00:00,39.15,40.29,39.14,40.29,43989,,
2024-02-06 00:00:00+00:00,39.99,40.28,38.83,39.17,67646,,
2024-02-07 00:00:00+00:00,39.48,40.18,39.42,39.68,47580,,
2024-02-08 00:00:00+00:00,39.33,39.9,38.86,39.55,41270,,
2024-02-09 00:00:00+00:00,40.23,40.735,38.96,39.23,54301,,
2024-02-12 00:00:00+00:00,40.75,40.95,40.0,40.32,128121,,
2024-02-13 00:00:00+00:00,38.88,40.13,38.72,39.93,52934,,
2024-02-14 00:00:00+00:00,39.33,39.72,38.81,39.48,41011,,
2024-02-15 00:00:00+00:00,39.81,40.195,39.2,39.5,60008,,
2024-02-16 00:00:00+00:00,39.86,40.44,39.55,39.61,86821,,
2024-02-20 00:00:00+00:00,38.69,39.71,38.53,39.44,48603,,
2024-02-21 00:00:00+00:00,38.26,38.69,37.905,38.69,35989,,
2024-02-22 00:00:00+00:00,38.07,38.435,37.725,38.22,58507,,
2024-02-23 00:00:00+00:00,37.69,38.34,37.6,37.79,205207,,
2024-02-26 00:00:00+00:00,39.56,39.57,37.67,37.83,79459,,
2024-02-27 00:00:00+00:00,39.52,39.67,38.89,39.5,62307,,
2024-02-28 00:00:00+00:00,37.94,39.12,37.86,39.12,70957,,
2024-02-29 00:00:00+00:00,38.18,38.67,37.77,37.97,41907,,
2024-03-01 00:00:00+00:00,38.29,38.29,37.77,38.17,47010,,
2024-03-04 00:00:00+00:00,37.75,38.39,37.53,38.25,36790,,
2024-03-05 00:00:00+00:00,38.37,38.4,37.07,37.74,109636,,
2024-03-06 00:00:00+00:00,39.49,39.76,38.56,38.56,75069,,
2024-03-07 00:00:00+00:00,39.93,40.33,39.5,39.59,80459,,
2024-03-08 00:00:00+00:00,39.7,40.64,39.45,40.25,77247,,
2024-03-11 00:00:00+00:00,39.15,39.37,38.49,39.37,41193,,
2024-03-12 00:00:00+00:00,38.95,39.53,38.95,39.15,30923,,
2024-03-13 00:00:00+00:00,39.21,39.3,38.83,38.83,62233,,
2024-03-14 00:00:00+00:00,39.05,39.82,38.8703,39.1,38264,,
2024-03-15 00:00:00+00:00,39.25,39.29,38.89,38.89,73234,,
2024-03-18 00:00:00+00:00,39.52,39.95,39.24,39.24,69250,,
2024-03-19 00:00:00+00:00,39.05,39.39,38.71,39.3,39051,,
2024-03-20 00:00:00+00:00,40.37,40.46,39.0,39.29,67318,,
2024-03-21 00:00:00+00:00,40.35,40.91,40.16,40.44,61003,,
2024-03-22 00:00:00+00:00,39.72,40.26,39.67,40.25,40300,,
2024-03-25 00:00:00+00:00,38.9,40.09,38.89,40.0,82325,,
2024-03-26 00:00:00+00:00,39.0,39.58,38.35,39.01,62105,,
2024-03-27 00:00:00+00:00,38.3,39.77,37.935,39.24,185485,,
2024-03-28 00:00:00+00:00,39.26,39.54,34.16,35.66,312976,,
2024-04-01 00:00:00+00:00,37.6,39.45,37.075,39.45,100737,,
2024-04-02 00:00:00+00:00,37.23,37.66,36.845,37.09,273617,,
2024-04-03 00:00:00+00:00,38.13,38.74,36.6101,37.0,129954,,
2024-04-04 00:00:00+00:00,37.35,39.07,37.14,38.42,113234,,
2024-04-05 00:00:00+00:00,38.07,38.29,37.33,37.4,86242,,
2024-04-08 00:00:00+00:00,38.28,39.17,37.91,38.13,148308,,
2024-04-09 00:00:00+00:00,40.46,40.51,38.38,38.38,172367,,
2024-04-10 00:00:00+00:00,38.41,40.64,38.02,39.9,144814,,
2024-04-11 00:00:00+00:00,39.91,40.71,38.46,38.46,101970,,
2024-04-12 00:00:00+00:00,38.94,40.06,38.81,39.51,109547,,
2024-04-15 00:00:00+00:00,39.0,39.91,38.61,39.24,94521,,
2024-04-16 00:00:00+00:00,38.35,38.96,38.05,38.54,93948,,
2024-04-17 00:00:00+00:00,38.2,38.8,37.53,38.43,144609,,
2024-04-18 00:00:00+00:00,37.98,38.98,37.38,38.53,132669,,
2024-04-19 00:00:00+00:00,39.48,39.52,38.32,38.5,133004,,
2024-04-22 00:00:00+00:00,39.91,40.48,39.42,39.58,114731,,
2024-04-23 00:00:00+00:00,40.3,40.78,39.84,39.84,97365,,
2024-04-24 00:00:00+00:00,39.58,40.5,39.56,40.14,101459,,
2024-04-25 00:00:00+00:00,39.33,39.85,38.36,39.41,131644,,
2024-04-26 00:00:00+00:00,39.54,39.65,38.82,39.65,49660,,
2024-04-29 00:00:00+00:00,39.57,39.895,39.2,39.5,64230,,
2024-04-30 00:00:00+00:00,38.94,39.63,38.68,39.49,167951,,
2024-05-01 00:00:00+00:00,38.97,39.485,38.97,39.15,54682,,
2024-05-02 00:00:00+00:00,39.83,39.94,39.12,39.28,58426,,
2024-05-03 00:00:00+00:00,39.53,40.13,39.42,39.99,62710,,
2024-05-06 00:00:00+00:00,39.95,40.11,39.74,39.89,25792,,
2024-05-07 00:00:00+00:00,39.52,40.225,39.51,40.0,34512,,
2024-05-08 00:00:00+00:00,38.97,39.405,38.77,39.24,66122,,
2024-05-09 00:00:00+00:00,39.16,39.33,38.825,39.31,39915,,
2024-05-10 00:00:00+00:00,38.46,39.34,38.32,39.34,34512,,
2024-05-13 00:00:00+00:00,38.62,39.395,38.55,38.72,68196,,
2024-05-14 00:00:00+00:00,38.64,39.3,38.6,39.11,54592,,
2024-05-15 00:00:00+00:00,38.66,38.95,38.41,38.95,43152,,
2024-05-16 00:00:00+00:00,38.91,39.05,38.59,38.69,30192,,
2024-05-17 00:00:00+00:00,38.19,38.95,37.8654,38.95,48757,,
2024-05-20 00:00:00+00:00,37.6,38.16,37.59,38.16,41097,,
2024-05-21 00:00:00+00:00,37.05,37.775,36.9,37.52,36385,,
2024-05-22 00:00:00+00:00,36.72,37.12,36.51,37.0188,80461,,
2024-05-23 00:00:00+00:00,37.15,37.43,36.64,36.88,61835,,
2024-05-24 00:00:00+00:00,37.45,37.91,37.02,37.4,70153,,
2024-05-28 00:00:00+00:00,37.0,37.91,36.94,37.54,80842,,
2024-05-29 00:00:00+00:00,36.57,37.12,36.38,36.5,44108,,
2024-05-30 00:00:00+00:00,36.69,36.78,36.02,36.7,44866,,
2024-05-31 00:00:00+00:00,37.0,37.09,36.78,36.95,76603,,
2024-06-03 00:00:00+00:00,36.93,37.26,36.555,37.1,39824,,
2024-06-04 00:00:00+00:00,36.48,36.8,36.11,36.8,48556,,
2024-06-05 00:00:00+00:00,36.83,36.83,36.3,36.82,37394,,
2024-06-06 00:00:00+00:00,36.06,36.75,35.785,36.61,62017,,
2024-06-07 00:00:00+00:00,35.75,35.92,35.67,35.75,36495,,
2024-06-10 00:00:00+00:00,35.37,35.49,34.6,35.45,37027,,
2024-06-11 00:00:00+00:00,35.05,35.23,34.732,35.23,24871,,
2024-06-12 00:00:00+00:00,35.18,35.87,35.13,35.79,30705,,
2024-06-13 00:00:00+00:00,34.64,35.1,34.56,35.1,29514,,
2024-06-14 00:00:00+00:00,34.47,34.49,33.81,34.22,49527,,
2024-06-17 00:00:00+00:00,34.4,34.645,34.005,34.3,76407,,
2024-06-18 00:00:00+00:00,34.12,34.595,34.0,34.58,50181,,
2024-06-20 00:00:00+00:00,33.93,34.265,33.82,34.08,44804,,
2024-06-21 00:00:00+00:00,33.95,34.14,33.75,33.85,117074,,
2024-06-24 00:00:00+00:00,34.44,34.635,33.95,34.1,64184,,
2024-06-25 00:00:00+00:00,34.5,34.94,34.05,34.37,51267,,
2024-06-26 00:00:00+00:00,34.93,35.86,34.46,34.46,129683,,
2024-06-27 00:00:00+00:00,36.74,39.95,36.0,38.0,224386,,
2024-06-28 00:00:00+00:00,38.0,38.24,36.78,36.93,257476,,
2024-07-01 00:00:00+00:00,36.88,38.02,36.39,38.0,103205,,
2024-07-02 00:00:00+00:00,38.24,38.89,36.995,37.0,94909,,
2024-07-03 00:00:00+00:00,39.02,39.22,38.1,38.1,45258,,
2024-07-05 00:00:00+00:00,37.99,39.02,37.68,39.02,52978,,
2024-07-08 00:00:00+00:00,38.91,38.95,37.87,38.0,94147,,
2024-07-09 00:00:00+00:00,38.64,39.05,38.55,38.9,62016,,
2024-07-10 00:00:00+00:00,39.23,39.25,38.44,38.7,61610,,
2024-07-11 00:00:00+00:00,39.85,40.2,38.62,39.25,71637,,
2024-07-12 00:00:00+00:00,40.16,40.55,40.0,40.01,44624,,
2024-07-15 00:00:00+00:00,41.53,41.84,40.25,40.52,80914,,
2024-07-16 00:00:00+00:00,42.2,42.49,41.56,41.73,90786,,
2024-07-17 00:00:00+00:00,41.82,42.33,41.8,42.15,62849,,
2024-07-18 00:00:00+00:00,41.18,42.05,41.18,41.58,54864,,
2024-07-19 00:00:00+00:00,41.03,41.35,40.54,41.28,53623,,
2024-07-22 00:00:00+00:00,41.5,41.55,40.73,41.02,50325,,
2024-07-23 00:00:00+00:00,41.3,42.37,41.25,41.48,61578,,
2024-07-24 00:00:00+00:00,41.24,42.33,40.4924,41.37,71595,,
2024-07-25 00:00:00+00:00,40.99,41.79,40.96,41.48,64536,,
2024-07-26 00:00:00+00:00,42.77,43.1,41.085,41.6,102074,,
2024-07-29 00:00:00+00:00,42.6,43.41,42.47,43.14,49635,,
2024-07-30 00:00:00+00:00,43.05,43.15,42.43,42.73,39066,,
2024-07-31 00:00:00+00:00,43.71,44.455,42.85,43.29,63833,,
2024-08-01 00:00:00+00:00,42.83,43.53,41.87,43.53,196991,,
2024-08-02 00:00:00+00:00,41.34,42.1,40.602,41.57,127107,,
2024-08-05 00:00:00+00:00,39.92,40.48,39.2275,39.97,89237,,
2024-08-06 00:00:00+00:00,38.93,40.16,38.88,39.92,55428,,
2024-08-07 00:00:00+00:00,38.38,40.62,38.33,39.6,53602,,
2024-08-08 00:00:00+00:00,38.91,39.04,38.02,38.99,83808,,
2024-08-09 00:00:00+00:00,38.34,38.9,38.27,38.9,48468,,
2024-08-12 00:00:00+00:00,37.99,38.805,37.82,38.72,74610,,
2024-08-13 00:00:00+00:00,38.27,38.305,37.69,38.29,82412,,
2024-08-14 00:00:00+00:00,38.01,38.27,37.28,38.21,108947,,
2024-08-15 00:00:00+00:00,39.19,39.79,38.67,38.82,80113,,
2024-08-16 00:00:00+00:00,38.76,39.69,38.73,39.22,112422,,
2024-08-19 00:00:00+00:00,39.31,39.415,38.64,39.0,153245,,
2024-08-20 00:00:00+00:00,39.53,39.56,38.5976,39.35,74914,,
2024-08-21 00:00:00+00:00,39.26,39.97,39.16,39.62,64936,,
2024-08-22 00:00:00+00:00,38.66,39.19,38.17,39.16,68665,,
2024-08-23 00:00:00+00:00,40.04,40.28,39.0,39.0,55655,,
2024-08-26 00:00:00+00:00,39.82,40.31,39.57,40.31,37386,,
2024-08-27 00:00:00+00:00,39.75,39.92,39.45,39.72,27855,,
2024-08-28 00:00:00+00:00,39.45,39.7,39.15,39.7,23732,,
2024-08-29 00:00:00+00:00,39.93,40.28,39.56,39.8,27395,,
2024-08-30 00:00:00+00:00,40.26,40.33,39.67,40.31,30332,,
2024-09-03 00:00:00+00:00,39.78,40.68,39.605,39.84,40719,,
2024-09-04 00:00:00+00:00,40.25,40.385,39.15,39.91,55934,,
2024-09-05 00:00:00+00:00,41.18,41.28,39.91,40.49,86338,,
2024-09-06 00:00:00+00:00,39.0,41.41,38.694,40.96,84600,,
2024-09-09 00:00:00+00:00,38.56,39.5,38.44,39.06,83889,,
2024-09-10 00:00:00+00:00,37.92,38.495,37.73,38.28,57916,,
2024-09-11 00:00:00+00:00,38.23,38.31,36.93,37.87,40864,,
2024-09-12 00:00:00+00:00,38.5,38.8524,38.225,38.54,26581,,
2024-09-13 00:00:00+00:00,39.28,39.57,38.605,38.92,49530,,
2024-09-16 00:00:00+00:00,39.62,39.68,39.02,39.49,43535,,
2024-09-17 00:00:00+00:00,40.59,41.06,39.395,39.98,53880,,
2024-09-18 00:00:00+00:00,41.06,41.76,40.365,40.69,44284,,
2024-09-19 00:00:00+00:00,41.65,41.96,41.07,41.96,42082,,
2024-09-20 00:00:00+00:00,41.43,41.64,40.7,41.41,115759,,
2024-09-23 00:00:00+00:00,41.25,41.53,40.61,41.28,40802,,
2024-09-24 00:00:00+00:00,41.49,41.76,40.976,41.19,26074,,
2024-09-25 00:00:00+00:00,40.73,41.49,40.53,41.18,52660,,
2024-09-26 00:00:00+00:00,41.14,41.31,40.76,41.08,27148,,
2024-09-27 00:00:00+00:00,40.99,41.67,40.94,41.49,23856,,
2024-09-30 00:00:00+00:00,41.13,41.59,40.87,41.03,34457,,
2024-10-01 00:00:00+00:00,40.73,41.245,40.282,41.11,42458,,
2024-10-02 00:00:00+00:00,40.9,41.04,40.45,40.45,26985,,
2024-10-03 00:00:00+00:00,40.51,40.98,40.5,40.73,20900,,
2024-10-04 00:00:00+00:00,40.75,41.09,40.46,41.09,22376,,
2024-10-07 00:00:00+00:00,40.83,40.97,39.93,40.49,29494,,
2024-10-08 00:00:00+00:00,40.27,41.24,40.13,40.83,35777,,
2024-10-09 00:00:00+00:00,40.37,41.1,40.2,40.2,26944,,
2024-10-10 00:00:00+00:00,40.04,40.21,39.745,39.94,26588,,
2024-10-11 00:00:00+00:00,40.85,40.89,40.18,40.19,27941,,
2024-10-14 00:00:00+00:00,40.68,40.825,40.5,40.59,17864,,
2024-10-15 00:00:00+00:00,40.94,42.198,40.46,40.46,28663,,
2024-10-16 00:00:00+00:00,41.3,41.89,40.93,41.33,31037,,
2024-10-17 00:00:00+00:00,41.49,41.564,40.69,41.34,26740,,
2024-10-18 00:00:00+00:00,40.98,42.14,40.76,41.61,19837,,
2024-10-21 00:00:00+00:00,40.54,41.13,40.36,41.13,21046,,
2024-10-22 00:00:00+00:00,39.92,40.25,39.79,40.25,23815,,
2024-10-23 00:00:00+00:00,39.79,40.09,39.63,39.87,25857,,
2024-10-24 00:00:00+00:00,39.37,40.22,39.23,39.9,27570,,
2024-10-25 00:00:00+00:00,38.99,39.75,38.92,39.75,29746,,
2024-10-28 00:00:00+00:00,39.97,40.375,39.15,39.42,28659,,
2024-10-29 00:00:00+00:00,40.06,40.42,39.67,39.69,25834,,
2024-10-30 00:00:00+00:00,40.11,40.975,40.0,40.0,19539,,
2024-10-31 00:00:00+00:00,39.81,40.26,39.74,40.11,28932,,
2024-11-01 00:00:00+00:00,39.69,40.22,39.345,40.0,32016,,
2024-11-04 00:00:00+00:00,40.18,40.29,39.52,39.52,20783,,
2024-11-05 00:00:00+00:00,40.94,40.98,40.0,40.0,49006,,
2024-11-06 00:00:00+00:00,44.09,44.16,42.1901,42.84,95028,,
2024-11-07 00:00:00+00:00,37.55,38.0,35.58,38.0,214736,,
2024-11-08 00:00:00+00:00,38.98,39.26,37.28,37.31,135737,,
2024-11-11 00:00:00+00:00,39.17,39.76,38.17,38.88,69966,,
2024-11-12 00:00:00+00:00,39.66,39.83,38.67,38.67,70595,,
2024-11-13 00:00:00+00:00,37.87,40.15,37.78,40.01,56065,,
2024-11-14 00:00:00+00:00,36.72,38.05,36.45,38.05,90040,,
2024-11-15 00:00:00+00:00,35.86,37.0,35.82,36.89,49292,,
2024-11-18 00:00:00+00:00,35.83,36.45,35.67,35.67,50164,,
2024-11-19 00:00:00+00:00,35.5,35.955,35.195,35.42,71197,,
2024-11-20 00:00:00+00:00,35.29,35.6,35.13,35.38,50846,,
2024-11-21 00:00:00+00:00,36.03,36.28,35.34,35.34,53208,,
2024-11-22 00:00:00+00:00,36.26,36.42,35.72,36.27,58136,,
2024-11-25 00:00:00+00:00,36.85,37.52,36.47,36.47,78711,,
2024-11-26 00:00:00+00:00,36.68,38.025,36.47,36.73,69716,,
2024-11-27 00:00:00+00:00,36.63,37.3,36.62,36.9,46998,,
2024-11-29 00:00:00+00:00,36.38,37.0,36.38,36.98,26009,,
2024-12-02 00:00:00+00:00,37.4,37.52,36.22,36.43,60583,,
2024-12-03 00:00:00+00:00,36.89,37.34,36.6055,37.11,51203,,
2024-12-04 00:00:00+00:00,36.58,37.46,35.78,36.91,122021,,
2024-12-05 00:00:00+00:00,36.14,36.83,35.99,36.62,47892,,
2024-12-06 00:00:00+00:00,36.18,36.5299,35.95,36.49,56242,,
2024-12-09 00:00:00+00:00,36.75,37.85,36.1,36.39,77445,,
2024-12-10 00:00:00+00:00,37.31,37.5268,36.31,36.86,76848,,
2024-12-11 00:00:00+00:00,37.13,37.86,37.08,37.69,40710,,
2024-12-12 00:00:00+00:00,36.67,37.6,36.36,37.18,58871,,
2024-12-13 00:00:00+00:00,36.35,36.6,35.89,36.6,74280,,
2024-12-16 00:00:00+00:00,37.26,37.5685,36.5,36.5,67249,,
2024-12-17 00:00:00+00:00,37.63,38.0,37.18,37.18,75250,,
2024-12-18 00:00:00+00:00,36.37,38.29,35.77,38.09,64376,,
2024-12-19 00:00:00+00:00,36.79,37.18,36.11,36.63,93832,,
2024-12-20 00:00:00+00:00,36.41,37.1444,36.295,36.38,191025,,
2024-12-23 00:00:00+00:00,36.3,36.9,36.0725,36.2,83296,,
2024-12-24 00:00:00+00:00,36.87,36.9,36.3,36.62,26521,,
2024-12-26 00:00:00+00:00,37.12,37.21,36.3449,36.51,33167,,
2024-12-27 00:00:00+00:00,37.0,37.31,36.55,36.77,61694,,
2024-12-30 00:00:00+00:00,37.31,37.52,36.48,36.89,47770,,
2024-12-31 00:00:00+00:00,37.58,38.125,36.8,37.66,105096,,
2025-01-02 00:00:00+00:00,36.39,37.77,36.01,37.77,88660,,
2025-01-03 00:00:00+00:00,37.06,37.28,36.055,36.54,73583,,
2025-01-06 00:00:00+00:00,36.14,37.52,36.07,37.06,87256,,
2025-01-07 00:00:00+00:00,35.24,36.45,35.09,36.41,61988,,
2025-01-08 00:00:00+00:00,35.3,35.7339,34.67,34.8,109028,,
2025-01-10 00:00:00+00:00,31.25,33.19,30.17,33.19,292183,,
2025-01-13 00:00:00+00:00,30.38,30.77,28.987,30.67,244505,,
2025-01-14 00:00:00+00:00,31.54,32.07,30.66,30.66,201344,,
2025-01-15 00:00:00+00:00,33.05,33.44,32.11,32.25,196762,,
2025-01-16 00:00:00+00:00,32.95,33.28,32.62,32.7,119906,,
2025-01-17 00:00:00+00:00,33.16,33.49,33.0101,33.35,93368,,
2025-01-21 00:00:00+00:00,33.68,33.95,33.15,33.24,96283,,
2025-01-22 00:00:00+00:00,34.24,34.52,33.34,33.38,133116,,
2025-01-23 00:00:00+00:00,34.36,35.15,33.88,33.96,142657,,
2025-01-24 00:00:00+00:00,35.12,35.24,34.13,34.13,116024,,
2025-01-27 00:00:00+00:00,35.03,35.4,34.89,35.13,81032,,
2025-01-28 00:00:00+00:00,36.12,36.83,34.75,34.9,132658,,
2025-01-29 00:00:00+00:00,36.66,36.85,35.8658,36.01,91267,,
2025-01-30 00:00:00+00:00,37.15,37.37,36.81,36.81,113623,,
2025-01-31 00:00:00+00:00,37.91,38.435,37.22,37.22,178249,,
2025-02-03 00:00:00+00:00,36.82,37.775,36.5,37.29,109498,,
2025-02-04 00:00:00+00:00,37.67,37.81,36.3,36.67,96013,,
2025-02-05 00:00:00+00:00,37.72,37.95,37.43,37.77,93756,,
2025-02-06 00:00:00+00:00,37.81,38.2,37.31,37.81,118176,,
2025-02-07 00:00:00+00:00,37.77,38.86,36.89,37.81,329154,,
2025-02-10 00:00:00+00:00,38.75,39.22,37.44,37.92,152641,,
2025-02-11 00:00:00+00:00,37.96,38.46,37.3358,38.01,200645,,
2025-02-12 00:00:00+00:00,36.18,37.4,36.11,37.4,156263,,
2025-02-13 00:00:00+00:00,35.65,36.55,35.64,36.55,74006,,
2025-02-14 00:00:00+00:00,34.67,36.0,34.65,35.97,105622,,
2025-02-18 00:00:00+00:00,34.67,34.75,34.25,34.75,98777,,
2025-02-19 00:00:00+00:00,34.38,34.715,34.09,34.55,90278,,
2025-02-20 00:00:00+00:00,33.85,34.535,33.19,34.19,135833,,
2025-02-21 00:00:00+00:00,32.8,34.21,32.79,34.21,135416,,
2025-02-24 00:00:00+00:00,32.86,33.224,32.61,33.0,73705,,
2025-02-25 00:00:00+00:00,32.77,33.304,32.47,32.88,88962,,
2025-02-26 00:00:00+00:00,32.5,33.38,32.32,32.67,66353,,
2025-02-27 00:00:00+00:00,31.75,32.85,31.63,32.5,72094,,
2025-02-28 00:00:00+00:00,31.98,32.124,30.75,31.51,315185,,
2025-03-03 00:00:00+00:00,31.07,32.1299,30.84,32.08,102978,,
2025-03-04 00:00:00+00:00,31.1,31.28,30.415,30.62,86307,,
2025-03-05 00:00:00+00:00,31.18,31.43,30.79,30.99,100409,,
2025-03-06 00:00:00+00:00,31.02,31.22,30.76,30.77,97138,,
2025-03-07 00:00:00+00:00,31.82,31.97,30.99,30.99,83736,,
2025-03-10 00:00:00+00:00,31.47,32.55,31.28,31.76,83931,,
2025-03-11 00:00:00+00:00,30.96,31.48,30.675,31.42,88147,,
2025-03-12 00:00:00+00:00,30.15,31.28,30.12,31.15,109985,,
2025-03-13 00:00:00+00:00,29.84,30.23,29.32,30.23,102478,,
2025-03-14 00:00:00+00:00,30.6,30.64,29.93,29.93,102996,,
2025-03-17 00:00:00+00:00,30.05,30.884,29.82,30.51,81193,,
2025-03-18 00:00:00+00:00,29.25,30.185,29.07,29.66,90331,,
2025-03-19 00:00:00+00:00,29.0,30.005,27.97,29.36,124694,,
2025-03-20 00:00:00+00:00,28.52,28.98,28.21,28.61,178600,,
2025-03-21 00:00:00+00:00,28.49,28.77,28.23,28.37,423906,,
2025-03-24 00:00:00+00:00,28.65,29.52,28.61,28.88,131448,,
2025-03-25 00:00:00+00:00,28.97,29.235,27.8,28.73,217088,,
2025-03-26 00:00:00+00:00,28.64,29.31,27.91,29.07,189718,,
2025-03-27 00:00:00+00:00,28.1,29.17,27.835,28.77,190285,,
2025-03-28 00:00:00+00:00,28.03,28.18,27.14,28.14,244916,,
2025-03-31 00:00:00+00:00,27.62,27.94,26.9,27.58,183778,,
2025-04-01 00:00:00+00:00,28.0,28.39,27.4501,27.7,182218,,
2025-04-02 00:00:00+00:00,27.89,28.13,27.02,27.52,152159,,
2025-04-03 00:00:00+00:00,20.51,23.11,19.995,23.0,734124,,
2025-04-04 00:00:00+00:00,20.65,21.01,19.5385,19.85,427258,,
2025-04-07 00:00:00+00:00,20.06,21.32,19.04,20.21,301731,,
2025-04-08 00:00:00+00:00,19.72,20.93,19.39,20.79,246849,,
2025-04-09 00:00:00+00:00,21.07,21.71,18.94,19.58,335695,,
2025-04-10 00:00:00+00:00,19.64,20.8177,19.2,20.51,197396,,
2025-04-11 00:00:00+00:00,20.21,21.05,19.05,19.59,196192,,
2025-04-14 00:00:00+00:00,20.33,20.485,19.35,20.35,244352,,
2025-04-15 00:00:00+00:00,20.8,21.0,20.18,20.57,118536,,
2025-04-16 00:00:00+00:00,20.2,20.835,20.14,20.55,76591,,
2025-04-17 00:00:00+00:00,20.37,20.71,19.98,20.215,106302,,
2025-04-21 00:00:00+00:00,19.84,20.12,19.6,20.12,76835,,
2025-04-22 00:00:00+00:00,19.96,20.16,19.4,19.88,106567,,
2025-04-23 00:00:00+00:00,20.32,21.4415,20.135,20.56,109291,,
2025-04-24 00:00:00+00:00,20.74,20.78,20.36,20.47,101280,,
2025-04-25 00:00:00+00:00,20.78,20.9,20.27,20.51,83357,,
2025-04-28 00:00:00+00:00,20.68,21.06,20.245,20.7,104379,,
2025-04-29 00:00:00+00:00,20.78,21.015,20.41,20.66,89894,,
2025-04-30 00:00:00+00:00,20.31,20.58,20.06,20.58,69780,,
2025-05-01 00:00:00+00:00,20.59,20.83,20.13,20.32,72257,,
2025-05-02 00:00:00+00:00,21.19,21.27,20.6668,20.79,90397,,
2025-05-05 00:00:00+00:00,20.86,21.28,20.81,20.92,57029,,
2025-05-06 00:00:00+00:00,20.53,20.99,20.5,20.65,58328,,
2025-05-07 00:00:00+00:00,20.27,20.84,20.1,20.68,81316,,
2025-05-08 00:00:00+00:00,21.33,21.79,20.735,20.77,80156,,
2025-05-09 00:00:00+00:00,21.1,21.47,20.935,21.33,49207,,
2025-05-12 00:00:00+00:00,22.56,22.65,21.62,22.0,92576,,
2025-05-13 00:00:00+00:00,23.19,23.62,22.5223,22.83,111765,,
2025-05-14 00:00:00+00:00,23.04,23.41,22.7726,23.06,119730,,
2025-05-15 00:00:00+00:00,23.61,23.68,22.81,22.97,109256,,
2025-05-16 00:00:00+00:00,23.62,23.81,23.1037,23.62,91945,,
2025-05-19 00:00:00+00:00,23.67,23.82,23.09,23.37,79205,,
2025-05-20 00:00:00+00:00,23.61,24.045,23.5,23.78,75794,,
2025-05-21 00:00:00+00:00,22.93,23.5899,22.91,23.29,67521,,
2025-05-22 00:00:00+00:00,23.23,23.46,22.78,22.78,61528,,
2025-05-23 00:00:00+00:00,22.87,23.085,22.65,22.75,78521,,
2025-05-27 00:00:00+00:00,23.73,23.86,23.175,23.23,52473,,
2025-05-28 00:00:00+00:00,23.52,23.74,23.41,23.65,69489,,
2025-05-29 00:00:00+00:00,23.69,23.82,23.5,23.72,51734,,
2025-05-30 00:00:00+00:00,23.38,23.63,23.315,23.59,61463,,
2025-06-02 00:00:00+00:00,22.59,23.492,22.55,23.27,94198,,
2025-06-03 00:00:00+00:00,22.67,22.785,22.25,22.57,87421,,
2025-06-04 00:00:00+00:00,22.74,23.075,22.61,22.69,46207,,
2025-06-05 00:00:00+00:00,22.31,22.74,22.26,22.72,51288,,
2025-06-06 00:00:00+00:00,22.71,22.905,22.47,22.66,56196,,
2025-06-09 00:00:00+00:00,23.0,23.32,22.7,22.78,83236,,
2025-06-10 00:00:00+00:00,23.09,23.3269,22.75,23.16,58854,,
2025-06-11 00:00:00+00:00,22.61,23.08,22.415,23.08,77780,,
2025-06-12 00:00:00+00:00,22.7,22.74,22.12,22.38,62844,,
2025-06-13 00:00:00+00:00,22.64,22.8,22.1,22.25,105918,,
2025-06-16 00:00:00+00:00,23.27,23.6,22.69,22.88,86058,,
2025-06-17 00:00:00+00:00,22.85,23.35,21.48,23.21,93802,,
2025-06-18 00:00:00+00:00,22.26,23.06,22.04,22.84,66853,,
2025-06-20 00:00:00+00:00,22.27,22.51,22.04,22.51,97934,,
2025-06-23 00:00:00+00:00,22.57,22.7499,22.255,22.32,45307,,
2025-06-24 00:00:00+00:00,22.98,23.15,22.46,22.86,47384,,
2025-06-25 00:00:00+00:00,22.59,23.01,22.33,23.01,63093,,
2025-06-26 00:00:00+00:00,23.3,23.34,22.29,22.43,103705,,
2025-06-27 00:00:00+00:00,23.38,24.06,23.325,23.4,137502,,
2025-06-30 00:00:00+00:00,22.82,23.7514,22.78,23.39,156568,,
2025-07-01 00:00:00+00:00,24.11,24.7,22.28,22.81,129139,,
2025-07-02 00:00:00+00:00,24.17,24.7,23.66,24.27,533601,,
2025-07-03 00:00:00+00:00,22.1,22.44,21.14,22.26,467756,,
2025-07-07 00:00:00+00:00,21.28,22.63,21.0724,21.95,215989,,
2025-07-08 00:00:00+00:00,21.43,22.1631,21.3,21.46,130386,,
2025-07-09 00:00:00+00:00,20.82,21.625,20.6601,21.46,95696,,
2025-07-10 00:00:00+00:00,20.85,21.27,20.69,20.76,100886,,
2025-07-11 00:00:00+00:00,19.87,20.91,19.8,20.7,201511,,
2025-07-14 00:00:00+00:00,20.1,20.4255,19.485,19.61,109487,,
2025-07-15 00:00:00+00:00,19.66,20.485,19.65,20.25,118832,,
2025-07-16 00:00:00+00:00,20.06,20.07,19.62,19.88,146469,,
2025-07-17 00:00:00+00:00,19.99,20.485,19.9308,20.06,90665,,
2025-07-18 00:00:00+00:00,19.33,20.29,19.17,20.08,137280,,
2025-07-21 00:00:00+00:00,19.68,19.82,19.255,19.49,118175,,
2025-07-22 00:00:00+00:00,19.95,20.23,19.69,19.69,175500,,
2025-07-23 00:00:00+00:00,20.82,20.85,19.895,20.18,158534,,
2025-07-24 00:00:00+00:00,20.39,20.895,20.1,20.82,112119,,
2025-07-25 00:00:00+00:00,20.36,20.44,19.92,20.29,122486,,
2025-07-28 00:00:00+00:00,20.22,20.8,20.21,20.52,82928,,
2025-07-29 00:00:00+00:00,20.14,20.42,20.09,20.35,103366,,
2025-07-30 00:00:00+00:00,19.7,20.33,19.58,20.2,186890,,
2025-07-31 00:00:00+00:00,19.71,19.86,19.205,19.6,138823,,
2025-08-01 00:00:00+00:00,18.62,19.77,18.58,19.33,145816,,
2025-08-04 00:00:00+00:00,18.53,18.79,18.4,18.66,141149,,
2025-08-05 00:00:00+00:00,18.92,19.16,18.56,18.56,129083,,
2025-08-06 00:00:00+00:00,19.43,19.51,18.7,18.92,158140,,
2025-08-07 00:00:00+00:00,19.05,19.86,18.89,19.7,118830,,
2025-08-08 00:00:00+00:00,18.85,19.4,18.82,19.19,79181,,
2025-08-11 00:00:00+00:00,18.4,18.83,18.32,18.75,73517,,18.516666666666666
2025-08-12 00:00:00+00:00,19.16,19.23,18.42,18.51,85137,,18.74204730629756
2025-08-13 00:00:00+00:00,19.68,19.92,19.065,19.11,175394,,19.168893222930038
2025-08-14 00:00:00+00:00,19.61,20.57,19.38,19.81,120453,19.853333333333335,19.350285265232273
2025-08-15 00:00:00+00:00,19.35,19.71,19.32,19.66,173541,19.621153560957026,19.380601716658017
2025-08-18 00:00:00+00:00,19.35,19.765,19.31,19.46,84171,19.588623074583847,19.39175792681871
2025-08-19 00:00:00+00:00,19.62,19.94,18.91,18.91,128218,19.563651356779353,19.40674595336599
2025-08-20 00:00:00+00:00,18.91,19.61,18.88,19.61,70331,19.511173530843134,19.385632442943383
2025-08-21 00:00:00+00:00,19.2,19.31,18.91,18.99,92398,19.4599179982823,19.363007989752383
2025-08-22 00:00:00+00:00,19.97,20.27,19.3,19.47,189124,19.545143338584413,19.439727515983325
2025-08-25 00:00:00+00:00,19.35,19.94,19.34,19.92,87553,19.54497578388696,19.446815137396403
2025-08-26 00:00:00+00:00,19.54,19.76,19.42,19.49,74563,19.54704803342376,19.45378027047647
2025-08-27 00:00:00+00:00,19.68,19.75,19.49,19.49,41173,19.55065332893714,19.45927423240012
2025-08-28 00:00:00+00:00,19.68,20.065,19.5,19.75,92706,19.56653067280293,19.477279937655055
2025-08-29 00:00:00+00:00,19.56,19.92,19.09,19.65,827457,19.548493554484864,19.493735701450138
2025-09-02 00:00:00+00:00,19.59,20.1,19.36,19.55,211044,19.561471486255503,19.50957144600374
2025-09-03 00:00:00+00:00,18.89,19.925,18.85,19.67,164133,19.537807345775,19.492010612507105
2025-09-04 00:00:00+00:00,19.3,19.32,18.6875,18.92,128623,19.51528036647129,19.4742417230471
2025-09-05 00:00:00+00:00,19.32,19.67,18.7631,19.31,81511,19.506889619175283,19.467970215190125
2025-09-08 00:00:00+00:00,19.19,19.28,18.83,19.21,83487,19.494073104152722,19.457676906634894
2025-09-09 00:00:00+00:00,18.79,19.14,18.76,19.06,61227,19.480584433357564,19.446399273897942
2025-09-10 00:00:00+00:00,18.49,18.75,18.13,18.7,123873,19.435854432040973,19.407719367241352
2025-09-11 00:00:00+00:00,19.49,19.5,18.48,18.48,79030,19.428284237855006,19.40161202744677
2025-09-12 00:00:00+00:00,19.01,19.43,19.0038,19.37,65738,19.422100506740698,19.396580552690953
