date,Close,High,Low,Open,Volume,aVWAP_peak_891,aVWAP_valley_849,SMA_50
2022-01-03 00:00:00+00:00,12.66,12.897,12.0,12.18,38406,,,
2022-01-04 00:00:00+00:00,12.66,12.96,12.18,12.84,23238,,,
2022-01-05 00:00:00+00:00,11.94,13.02,11.82,12.6,40651,,,
2022-01-06 00:00:00+00:00,11.76,12.36,11.58,11.94,19332,,,
2022-01-07 00:00:00+00:00,11.7,12.12,11.64,11.76,28481,,,
2022-01-10 00:00:00+00:00,11.4,11.7,10.92,11.52,44424,,,
2022-01-11 00:00:00+00:00,11.46,11.55,11.22,11.28,44512,,,
2022-01-12 00:00:00+00:00,11.28,11.67,11.25,11.46,38170,,,
2022-01-13 00:00:00+00:00,11.1,11.4612,11.1,11.4,25719,,,
2022-01-14 00:00:00+00:00,11.16,11.28,10.62,10.98,45617,,,
2022-01-18 00:00:00+00:00,10.56,11.1,10.56,11.04,29180,,,
2022-01-19 00:00:00+00:00,10.08,10.62,10.02,10.5,30981,,,
2022-01-20 00:00:00+00:00,9.78,10.38,9.78,10.26,42970,,,
2022-01-21 00:00:00+00:00,9.06,9.654,9.06,9.54,46187,,,
2022-01-24 00:00:00+00:00,9.18,9.3,8.46,8.58,51646,,,
2022-01-25 00:00:00+00:00,9.42,9.66,9.0,9.0,30251,,,
2022-01-26 00:00:00+00:00,8.88,9.78,8.76,9.54,29952,,,
2022-01-27 00:00:00+00:00,8.76,9.18,8.64,8.82,29488,,,
2022-01-28 00:00:00+00:00,8.82,8.88,8.4,8.64,31865,,,
2022-01-31 00:00:00+00:00,9.6,9.66,8.58,8.58,40109,,,
2022-02-01 00:00:00+00:00,9.66,9.9,9.2994,9.6,27751,,,
2022-02-02 00:00:00+00:00,9.3,9.78,9.3,9.66,92618,,,
2022-02-03 00:00:00+00:00,8.76,9.36,8.64,9.12,38776,,,
2022-02-04 00:00:00+00:00,9.0,9.18,8.64,8.76,33018,,,
2022-02-07 00:00:00+00:00,8.94,9.18,8.64,9.0,43848,,,
2022-02-08 00:00:00+00:00,8.76,9.24,8.67,9.0,62614,,,
2022-02-09 00:00:00+00:00,8.64,8.9994,8.37,8.82,73383,,,
2022-02-10 00:00:00+00:00,8.16,8.7,8.04,8.1,91331,,,
2022-02-11 00:00:00+00:00,7.92,8.34,7.8,8.1,44367,,,
2022-02-14 00:00:00+00:00,7.8,8.04,7.8,7.92,16602,,,
2022-02-15 00:00:00+00:00,8.58,8.64,7.98,7.98,30075,,,
2022-02-16 00:00:00+00:00,8.82,8.94,8.46,8.58,21955,,,
2022-02-17 00:00:00+00:00,8.4,8.7,8.16,8.7,39803,,,
2022-02-18 00:00:00+00:00,8.34,8.52,8.16,8.28,25123,,,
2022-02-22 00:00:00+00:00,7.74,8.4,7.74,8.4,39951,,,
2022-02-23 00:00:00+00:00,7.5,7.8,7.38,7.8,32759,,,
2022-02-24 00:00:00+00:00,8.1,8.16,7.14,7.2,45530,,,
2022-02-25 00:00:00+00:00,8.04,8.16,7.74,8.1,35077,,,
2022-02-28 00:00:00+00:00,8.52,8.64,7.86,7.98,42752,,,
2022-03-01 00:00:00+00:00,8.34,8.7522,8.34,8.4,32653,,,
2022-03-02 00:00:00+00:00,8.76,8.82,8.22,8.4,17619,,,
2022-03-03 00:00:00+00:00,9.24,9.3,8.58,8.7,43901,,,
2022-03-04 00:00:00+00:00,8.52,9.15,8.4,9.06,29327,,,
2022-03-07 00:00:00+00:00,9.06,9.18,8.34,8.46,45314,,,
2022-03-08 00:00:00+00:00,8.88,9.12,8.52,9.06,78782,,,
2022-03-09 00:00:00+00:00,10.8,11.76,10.3806,10.5,190286,,,
2022-03-10 00:00:00+00:00,11.1,11.22,10.5,10.56,54567,,,
2022-03-11 00:00:00+00:00,10.68,11.88,10.62,11.22,50038,,,
2022-03-14 00:00:00+00:00,10.5,11.04,10.26,10.86,59137,,,
2022-03-15 00:00:00+00:00,10.86,10.98,10.2006,10.5,40699,,,9.579600000000001
2022-03-16 00:00:00+00:00,12.48,12.6,10.92,11.1,120255,,,9.575999999999999
2022-03-17 00:00:00+00:00,13.08,13.2,12.3,12.42,36346,,,9.5844
2022-03-18 00:00:00+00:00,13.74,14.16,12.7206,13.02,78510,,,9.6204
2022-03-21 00:00:00+00:00,13.26,13.92,12.84,13.92,41442,,,9.650400000000001
2022-03-22 00:00:00+00:00,13.2,13.89,12.78,13.2,27818,,,9.6804
2022-03-23 00:00:00+00:00,12.42,13.2,12.18,12.84,42420,,,9.700800000000001
2022-03-24 00:00:00+00:00,12.18,12.54,11.94,12.24,44014,,,9.7152
2022-03-25 00:00:00+00:00,12.36,12.6,12.12,12.18,18686,,,9.736799999999999
2022-03-28 00:00:00+00:00,12.9,13.02,12.12,12.36,29649,,,9.7728
2022-03-29 00:00:00+00:00,13.14,13.62,13.14,13.38,34099,,,9.8124
2022-03-30 00:00:00+00:00,12.54,13.23,12.48,13.02,27975,,,9.851999999999999
2022-03-31 00:00:00+00:00,12.48,12.54,12.12,12.48,23430,,,9.9
2022-04-01 00:00:00+00:00,12.06,12.42,11.94,12.24,29321,,,9.945599999999999
2022-04-04 00:00:00+00:00,12.18,12.72,12.0,12.24,42613,,,10.008
2022-04-05 00:00:00+00:00,11.7,12.42,11.46,12.36,41903,,,10.0584
2022-04-06 00:00:00+00:00,10.68,11.88,10.56,11.88,62235,,,10.0836
2022-04-07 00:00:00+00:00,9.78,10.68,9.72,10.68,56091,,,10.101600000000001
2022-04-08 00:00:00+00:00,10.32,10.56,9.66,9.66,33574,,,10.132800000000001
2022-04-11 00:00:00+00:00,9.96,10.2438,9.96,10.14,18237,,,10.1556
2022-04-12 00:00:00+00:00,9.96,10.362,9.96,10.26,47208,,,10.162799999999999
2022-04-13 00:00:00+00:00,10.32,10.44,10.02,10.02,19317,,,10.176
2022-04-14 00:00:00+00:00,9.84,10.4994,9.78,10.32,38420,,,10.1868
2022-04-18 00:00:00+00:00,9.3,9.96,9.18,9.72,58887,,,10.1976
2022-04-19 00:00:00+00:00,9.96,10.08,9.36,9.36,38554,,,10.2168
2022-04-20 00:00:00+00:00,9.96,10.5,9.66,10.08,58651,,,10.2372
2022-04-21 00:00:00+00:00,9.3,10.08,9.18,10.08,31561,,,10.248
2022-04-22 00:00:00+00:00,9.3,9.54,9.06,9.3,46314,,,10.2612
2022-04-25 00:00:00+00:00,8.76,9.24,8.7,9.18,30625,,,10.2732
2022-04-26 00:00:00+00:00,8.22,8.94,8.16,8.76,41797,,,10.279200000000001
2022-04-27 00:00:00+00:00,7.92,8.52,7.86,8.34,28266,,,10.281600000000001
2022-04-28 00:00:00+00:00,8.1,8.28,7.68,7.98,37452,,,10.272
2022-04-29 00:00:00+00:00,8.04,8.34,7.92,8.04,27204,,,10.2564
2022-05-02 00:00:00+00:00,8.16,8.34,7.92,8.16,27521,,,10.251600000000002
2022-05-03 00:00:00+00:00,7.74,8.16,7.56,8.16,55583,,,10.239600000000001
2022-05-04 00:00:00+00:00,7.68,7.83,7.38,7.8,49758,,,10.2384
2022-05-05 00:00:00+00:00,7.44,7.62,7.32,7.62,52632,,,10.2372
2022-05-06 00:00:00+00:00,7.26,7.68,7.26,7.38,57134,,,10.2204
2022-05-09 00:00:00+00:00,7.26,7.56,6.96,7.38,63365,,,10.204799999999999
2022-05-10 00:00:00+00:00,8.7,9.06,7.86,7.98,141335,,,10.208400000000001
2022-05-11 00:00:00+00:00,8.46,9.18,8.34,8.64,37884,,,10.2108
2022-05-12 00:00:00+00:00,8.7,9.0,8.16,8.46,44453,,,10.2096
2022-05-13 00:00:00+00:00,8.16,8.9922,8.16,8.82,27499,,,10.188
2022-05-16 00:00:00+00:00,7.68,8.4,7.62,8.4,38886,,,10.1712
2022-05-17 00:00:00+00:00,8.22,8.28,7.725,7.8,30588,,,10.154399999999999
2022-05-18 00:00:00+00:00,8.22,8.37,8.04,8.1,25642,,,10.1412
2022-05-19 00:00:00+00:00,7.86,8.28,7.74,8.04,52513,,,10.0824
2022-05-20 00:00:00+00:00,7.8,7.98,7.44,7.92,30021,,,10.016399999999999
2022-05-23 00:00:00+00:00,7.8,7.86,7.62,7.8,17557,,,9.9588
2022-05-24 00:00:00+00:00,7.2,7.86,7.08,7.86,41967,,,9.8928
2022-05-25 00:00:00+00:00,7.38,7.4994,7.08,7.14,59757,,,9.8232
2022-05-26 00:00:00+00:00,7.5,7.65,7.08,7.08,24500,,,9.7236
2022-05-27 00:00:00+00:00,7.92,7.98,7.56,7.62,30921,,,9.6204
2022-05-31 00:00:00+00:00,7.74,8.16,7.68,8.04,44572,,,9.500399999999999
2022-06-01 00:00:00+00:00,7.2,8.217,7.08,8.16,85734,,,9.379199999999999
2022-06-02 00:00:00+00:00,7.5,7.6194,7.2,7.26,63925,,,9.2652
2022-06-03 00:00:00+00:00,7.5,7.62,7.26,7.26,76004,,,9.1668
2022-06-06 00:00:00+00:00,7.5,7.68,7.32,7.68,50712,,,9.0732
2022-06-07 00:00:00+00:00,8.58,8.76,7.3806,7.44,69213,,,8.9976
2022-06-08 00:00:00+00:00,9.12,9.24,8.4,8.4,26810,,,8.921999999999999
2022-06-09 00:00:00+00:00,9.12,9.66,8.76,9.06,41921,,,8.8416
2022-06-10 00:00:00+00:00,8.04,8.91,8.01,8.76,19261,,,8.751600000000002
2022-06-13 00:00:00+00:00,7.32,7.9572,7.17,7.86,68475,,,8.6484
2022-06-14 00:00:00+00:00,7.68,7.86,7.2,7.32,30223,,,8.5608
2022-06-15 00:00:00+00:00,7.5,7.7994,7.41,7.68,40840,,,8.4672
2022-06-16 00:00:00+00:00,7.14,7.5,6.7206,7.44,59961,,,8.376
2022-06-17 00:00:00+00:00,6.96,7.38,6.96,7.14,49318,,,8.3016
2022-06-21 00:00:00+00:00,6.96,7.32,6.9,7.26,63748,,,8.2452
2022-06-22 00:00:00+00:00,6.96,7.08,6.78,6.78,49195,,,8.177999999999999
2022-06-23 00:00:00+00:00,7.26,7.32,6.96,6.96,56983,,,8.124
2022-06-24 00:00:00+00:00,6.78,7.44,6.72,7.32,822981,,,8.060400000000001
2022-06-27 00:00:00+00:00,6.78,6.9606,6.48,6.9,63435,,,7.989599999999999
2022-06-28 00:00:00+00:00,6.48,6.9,6.48,6.78,39061,,,7.9224
2022-06-29 00:00:00+00:00,6.72,6.84,6.3,6.36,56228,,,7.870799999999999
2022-06-30 00:00:00+00:00,7.14,7.14,6.48,6.66,75532,,,7.814400000000001
2022-07-01 00:00:00+00:00,6.9,7.26,6.84,7.08,13114,,,7.7532
2022-07-05 00:00:00+00:00,6.9,6.96,6.6,6.84,16802,,,7.7052
2022-07-06 00:00:00+00:00,7.2,7.26,6.78,6.84,26322,,,7.663200000000001
2022-07-07 00:00:00+00:00,7.38,7.5,7.08,7.38,26743,,,7.6356
2022-07-08 00:00:00+00:00,7.14,7.3026,6.9,7.2,47549,,,7.614
2022-07-11 00:00:00+00:00,7.26,7.26,6.9642,7.08,17586,,,7.6008
2022-07-12 00:00:00+00:00,7.14,7.38,7.08,7.2,16250,,,7.5816
2022-07-13 00:00:00+00:00,7.44,7.62,6.96,7.02,26345,,,7.569599999999999
2022-07-14 00:00:00+00:00,7.92,8.04,6.9606,7.0206,61781,,,7.5648
2022-07-15 00:00:00+00:00,7.56,7.8006,7.5,7.74,8972,,,7.5612
2022-07-18 00:00:00+00:00,7.62,7.74,7.44,7.44,42862,,,7.56
2022-07-19 00:00:00+00:00,7.98,8.16,7.68,7.86,13986,,,7.5708
2022-07-20 00:00:00+00:00,8.16,8.46,7.86,8.04,16872,,,7.5888
2022-07-21 00:00:00+00:00,8.16,8.28,7.86,8.28,6361,,,7.606800000000001
2022-07-22 00:00:00+00:00,7.86,8.2608,7.74,8.22,12622,,,7.59
2022-07-25 00:00:00+00:00,7.8,8.04,7.68,8.04,6868,,,7.5767999999999995
2022-07-26 00:00:00+00:00,7.38,7.8,7.32,7.8,14550,,,7.550400000000001
2022-07-27 00:00:00+00:00,7.02,7.5,6.7806,7.38,33456,,,7.5276
2022-07-28 00:00:00+00:00,6.78,7.02,6.78,7.02,37057,,,7.509599999999999
2022-07-29 00:00:00+00:00,6.72,7.08,6.66,6.78,27834,,,7.4796000000000005
2022-08-01 00:00:00+00:00,6.78,6.96,6.66,6.72,18212,,,7.450799999999999
2022-08-02 00:00:00+00:00,7.02,7.02,6.78,6.78,17466,,,7.434000000000001
2022-08-03 00:00:00+00:00,7.29,7.32,7.02,7.02,27375,,,7.4238
2022-08-04 00:00:00+00:00,7.32,7.5,7.14,7.26,24954,,,7.414199999999999
2022-08-05 00:00:00+00:00,7.2,7.44,7.14,7.14,29962,,,7.414200000000001
2022-08-08 00:00:00+00:00,8.82,8.94,7.3782,7.38,52346,,,7.4430000000000005
2022-08-09 00:00:00+00:00,8.1,8.94,7.56,8.82,46952,,,7.455
2022-08-10 00:00:00+00:00,8.88,9.0,8.4,8.4,64854,,,7.4742
2022-08-11 00:00:00+00:00,10.26,10.7814,9.18,9.18,66514,,,7.5246
2022-08-12 00:00:00+00:00,10.2,10.494,9.9,10.08,69851,,,7.5846
2022-08-15 00:00:00+00:00,9.9,10.26,9.6,10.14,46847,,,7.6326
2022-08-16 00:00:00+00:00,10.08,10.26,9.1992,10.02,64663,,,7.6842
2022-08-17 00:00:00+00:00,10.26,10.56,9.78,10.02,28419,,,7.739400000000001
2022-08-18 00:00:00+00:00,10.47,10.56,10.08,10.32,21341,,,7.777200000000001
2022-08-19 00:00:00+00:00,10.2,10.7394,9.9,10.26,26593,,,7.7988
2022-08-22 00:00:00+00:00,9.96,10.167,9.9,10.08,14497,,,7.815600000000001
2022-08-23 00:00:00+00:00,9.9,9.96,9.78,9.96,8367,,,7.852799999999999
2022-08-24 00:00:00+00:00,9.84,9.9,9.72,9.84,10961,,,7.903200000000001
2022-08-25 00:00:00+00:00,9.96,10.08,9.6,9.84,16321,,,7.9488
2022-08-26 00:00:00+00:00,9.72,10.02,9.624,10.02,9841,,,7.993199999999999
2022-08-29 00:00:00+00:00,9.66,9.9,9.5502,9.72,17281,,,8.0436
2022-08-30 00:00:00+00:00,9.78,9.84,9.48,9.72,12969,,,8.1
2022-08-31 00:00:00+00:00,9.6,9.72,9.5334,9.72,6734,,,8.1528
2022-09-01 00:00:00+00:00,9.54,9.6,9.3,9.54,32293,,,8.2044
2022-09-02 00:00:00+00:00,9.6,9.78,9.27,9.6,18077,,,8.2512
2022-09-06 00:00:00+00:00,9.42,9.7416,9.12,9.6,22282,,,8.304
2022-09-07 00:00:00+00:00,9.12,9.36,9.0,9.3,16668,,,8.3508
2022-09-08 00:00:00+00:00,8.76,9.18,8.64,9.0,30534,,,8.3964
2022-09-09 00:00:00+00:00,9.24,9.42,8.7,8.7,12803,,,8.446800000000001
2022-09-12 00:00:00+00:00,9.45,9.48,8.94,9.24,10486,,,8.493
2022-09-13 00:00:00+00:00,9.12,9.3,9.0,9.3,7521,,,8.5374
2022-09-14 00:00:00+00:00,8.88,9.2394,8.58,9.2394,28672,,,8.577
2022-09-15 00:00:00+00:00,8.88,9.06,8.82,8.82,8858,,,8.6106
2022-09-16 00:00:00+00:00,8.7,9.06,8.34,8.76,51911,,,8.636999999999999
2022-09-19 00:00:00+00:00,8.76,8.76,8.52,8.64,4977,,,8.669400000000001
2022-09-20 00:00:00+00:00,8.58,8.7,8.34,8.7,10038,,,8.6958
2022-09-21 00:00:00+00:00,8.58,8.7,8.4,8.58,7439,,,8.7246
2022-09-22 00:00:00+00:00,8.4,8.5488,8.3898,8.52,7809,,,8.7438
2022-09-23 00:00:00+00:00,7.8,8.4,7.68,8.4,21997,,,8.7414
2022-09-26 00:00:00+00:00,7.68,8.1,7.56,7.74,7905,,,8.7438
2022-09-27 00:00:00+00:00,7.86,7.92,7.62,7.6428,7931,,,8.7486
2022-09-28 00:00:00+00:00,8.1,8.1,7.98,7.98,3693,,,8.751
2022-09-29 00:00:00+00:00,7.8,8.1,7.62,8.04,8834,,,8.7438
2022-09-30 00:00:00+00:00,8.1,8.16,7.62,7.68,19239,,,8.7426
2022-10-03 00:00:00+00:00,8.43,8.46,7.86,8.34,9453,,,8.754
2022-10-04 00:00:00+00:00,9.0,9.0054,8.46,8.46,12787,,,8.778
2022-10-05 00:00:00+00:00,8.94,9.06,8.82,9.0,5426,,,8.809199999999999
2022-10-06 00:00:00+00:00,8.46,9.0558,7.8006,8.88,14960,,,8.838
2022-10-07 00:00:00+00:00,8.16,8.7,7.92,8.4,7911,,,8.8656
2022-10-10 00:00:00+00:00,7.98,8.31,7.86,8.232,6418,,,8.890799999999999
2022-10-11 00:00:00+00:00,8.04,8.34,7.98,8.22,7118,,,8.916
2022-10-12 00:00:00+00:00,7.98,8.22,7.8798,8.22,8882,,,8.9352
2022-10-13 00:00:00+00:00,7.92,8.1,7.8,7.86,5488,,,8.947799999999999
2022-10-14 00:00:00+00:00,7.62,7.92,7.44,7.86,11473,,,8.9538
2022-10-17 00:00:00+00:00,7.68,7.86,7.68,7.7394,5737,,,8.9634
2022-10-18 00:00:00+00:00,7.62,7.92,7.62,7.68,6246,,,8.9394
2022-10-19 00:00:00+00:00,7.32,7.8,7.2,7.8,12057,,,8.9238
2022-10-20 00:00:00+00:00,7.26,7.5,7.2,7.32,5609,,,8.8914
2022-10-21 00:00:00+00:00,7.26,7.38,7.08,7.14,6697,,,8.8314
2022-10-24 00:00:00+00:00,7.14,7.26,7.08,7.2,8612,,,8.770199999999999
2022-10-25 00:00:00+00:00,7.38,7.44,7.2,7.2,9506,,,8.7198
2022-10-26 00:00:00+00:00,7.86,8.04,7.452,7.4814,8910,,,8.675400000000002
2022-10-27 00:00:00+00:00,7.32,8.0994,7.08,7.98,7975,,,8.6166
2022-10-28 00:00:00+00:00,7.56,7.5882,7.38,7.38,7213,,,8.5584
2022-10-31 00:00:00+00:00,7.68,7.74,7.44,7.44,5739,,,8.508000000000001
2022-11-01 00:00:00+00:00,7.68,7.8,7.56,7.68,7726,,,8.4624
2022-11-02 00:00:00+00:00,7.38,7.8,7.26,7.8,11899,,,8.412
2022-11-03 00:00:00+00:00,7.32,7.4394,7.14,7.2,7618,,,8.3616
2022-11-04 00:00:00+00:00,7.38,7.506,7.26,7.44,6756,,,8.31
2022-11-07 00:00:00+00:00,7.62,7.8,7.32,7.32,12113,,,8.268
2022-11-08 00:00:00+00:00,7.44,8.1,7.32,7.92,14431,,,8.2236
2022-11-09 00:00:00+00:00,7.08,7.38,6.84,7.38,19324,,,8.1696
2022-11-10 00:00:00+00:00,7.08,7.5,6.84,7.5,29387,,,8.1192
2022-11-11 00:00:00+00:00,7.02,7.3794,6.96,6.96,12642,,,8.0688
2022-11-14 00:00:00+00:00,7.8,8.04,7.08,7.2,29998,,,8.0328
2022-11-15 00:00:00+00:00,8.16,8.28,7.8894,7.98,23011,,,8.0076
2022-11-16 00:00:00+00:00,7.98,8.22,7.74,8.16,7829,,,7.9848
2022-11-17 00:00:00+00:00,7.86,8.04,7.68,7.92,8546,,,7.966800000000001
2022-11-18 00:00:00+00:00,7.86,7.9722,7.6806,7.86,4003,,,7.9392
2022-11-21 00:00:00+00:00,8.1,8.1,7.74,7.98,8143,,,7.9122
2022-11-22 00:00:00+00:00,8.34,8.34,8.04,8.1,6099,,,7.896599999999999
2022-11-23 00:00:00+00:00,8.4,8.64,8.16,8.34,8605,,,7.8870000000000005
2022-11-25 00:00:00+00:00,8.28,8.34,7.86,8.28,6182,,,7.875
2022-11-28 00:00:00+00:00,7.8,8.337,7.56,8.28,12891,,,7.857
2022-11-29 00:00:00+00:00,7.68,8.0994,7.5,7.8,6376,,,7.8354
2022-11-30 00:00:00+00:00,7.74,7.74,7.44,7.62,17147,,,7.8186
2022-12-01 00:00:00+00:00,7.5,7.68,7.5,7.68,10099,,,7.797000000000001
2022-12-02 00:00:00+00:00,7.32,7.62,7.32,7.5,11851,,,7.775400000000001
2022-12-05 00:00:00+00:00,7.08,7.32,7.02,7.26,9228,,,7.761
2022-12-06 00:00:00+00:00,6.72,7.08,6.72,7.02,14534,,,7.7418000000000005
2022-12-07 00:00:00+00:00,6.48,6.72,6.48,6.66,23485,,,7.7142
2022-12-08 00:00:00+00:00,6.72,6.9,6.45,6.48,17619,,,7.686599999999999
2022-12-09 00:00:00+00:00,6.6,6.72,6.42,6.72,7894,,,7.6626
2022-12-12 00:00:00+00:00,6.6,6.66,6.42,6.54,14215,,,7.6326
2022-12-13 00:00:00+00:00,6.24,6.78,6.24,6.66,34040,,,7.5888
2022-12-14 00:00:00+00:00,6.3,6.42,6.24,6.3594,20319,,,7.534800000000001
2022-12-15 00:00:00+00:00,6.0,6.4038,5.82,6.3,39913,,,7.476
2022-12-16 00:00:00+00:00,6.06,6.18,6.0,6.0,12078,,,7.428000000000001
2022-12-19 00:00:00+00:00,6.06,6.06,5.9598,6.06,11713,,,7.386
2022-12-20 00:00:00+00:00,5.82,5.94,5.76,5.94,16735,,,7.3428
2022-12-21 00:00:00+00:00,5.88,6.0,5.82,5.82,9849,,,7.299600000000001
2022-12-22 00:00:00+00:00,5.8992,5.9388,5.7606,5.79,16544,,,7.257984
2022-12-23 00:00:00+00:00,6.48,6.48,5.82,5.88,32660,,,7.229183999999999
2022-12-27 00:00:00+00:00,6.42,6.6,6.18,6.6,34715,,,7.205184
2022-12-28 00:00:00+00:00,6.6,6.6,6.36,6.36,14449,,,7.183584000000001
2022-12-29 00:00:00+00:00,6.6,6.6,6.3,6.48,20163,,,7.163184
2022-12-30 00:00:00+00:00,6.54,6.6,6.24,6.54,20909,,,7.147584
2023-01-03 00:00:00+00:00,6.96,7.32,6.5238,6.6,44320,,,7.141583999999999
2023-01-04 00:00:00+00:00,7.32,7.32,7.08,7.08,10608,,,7.142783999999999
2023-01-05 00:00:00+00:00,7.68,7.68,7.2,7.2,9364,,,7.1535839999999995
2023-01-06 00:00:00+00:00,7.14,7.8,7.14,7.68,18033,,,7.148783999999999
2023-01-09 00:00:00+00:00,7.38,7.44,7.2,7.32,14889,,,7.139184
2023-01-10 00:00:00+00:00,7.74,7.74,7.1838,7.38,27430,,,7.147583999999999
2023-01-11 00:00:00+00:00,8.04,8.46,7.26,7.74,30671,,,7.157184
2023-01-12 00:00:00+00:00,8.04,8.28,7.86,7.92,20214,,,7.164384
2023-01-13 00:00:00+00:00,8.34,8.46,8.16,8.16,17336,,,7.1775839999999995
2023-01-17 00:00:00+00:00,9.42,10.2,8.46,8.58,43524,,,7.2183839999999995
2023-01-18 00:00:00+00:00,8.52,9.36,8.2914,9.36,27013,,,7.2423839999999995
2023-01-19 00:00:00+00:00,8.1,8.7,7.8,8.46,8462,,,7.256784
2023-01-20 00:00:00+00:00,8.22,8.34,8.1,8.1,17181,,,7.268783999999999
2023-01-23 00:00:00+00:00,8.88,8.967,8.16,8.16,22075,,,7.297584
2023-01-24 00:00:00+00:00,8.52,9.0,8.52,8.94,5743,,,7.326384000000001
2023-01-25 00:00:00+00:00,8.58,8.76,8.46,8.7,9591,,,7.356384
2023-01-26 00:00:00+00:00,8.52,8.88,8.4,8.46,6812,,,7.386384
2023-01-27 00:00:00+00:00,8.34,8.64,8.22,8.52,5016,,,7.397184000000001
2023-01-30 00:00:00+00:00,7.8,8.1,7.68,8.1,19713,,,7.389983999999999
2023-01-31 00:00:00+00:00,8.0994,8.1438,7.86,7.86,8466,,,7.392371999999999
2023-02-01 00:00:00+00:00,8.04,8.28,7.92,8.1,12301,,,7.3959719999999995
2023-02-02 00:00:00+00:00,8.88,9.12,8.1,8.1,28964,,,7.416372
2023-02-03 00:00:00+00:00,8.82,9.3,8.82,9.0,11927,,,7.430771999999999
2023-02-06 00:00:00+00:00,9.66,10.44,8.82,8.88,67279,,,7.457172000000001
2023-02-07 00:00:00+00:00,9.72,10.08,9.18,9.6,26141,,,7.483571999999999
2023-02-08 00:00:00+00:00,9.54,10.2594,9.24,9.66,10683,,,7.5087720000000004
2023-02-09 00:00:00+00:00,9.42,9.5394,9.24,9.42,11121,,,7.541172
2023-02-10 00:00:00+00:00,9.36,9.66,9.24,9.36,67670,,,7.574771999999999
2023-02-13 00:00:00+00:00,9.48,10.44,9.06,9.48,29703,,,7.609571999999999
2023-02-14 00:00:00+00:00,9.9,9.96,9.36,9.36,12516,,,7.657572
2023-02-15 00:00:00+00:00,10.26,10.86,9.84,10.0494,38355,,,7.716372
2023-02-16 00:00:00+00:00,9.96,10.5426,9.78,10.38,20579,,,7.773972
2023-02-17 00:00:00+00:00,9.9,10.14,9.66,9.84,4056,,,7.837571999999999
2023-02-21 00:00:00+00:00,9.12,10.14,8.58,9.96,41422,,,7.890372
2023-02-22 00:00:00+00:00,8.76,9.1716,8.52,8.82,18586,,,7.931171999999999
2023-02-23 00:00:00+00:00,8.94,9.1266,8.7,8.7,10053,,,7.977972000000001
2023-02-24 00:00:00+00:00,8.58,9.0,8.58,9.0,4656,,,8.017572
2023-02-27 00:00:00+00:00,8.64,9.0,8.52,8.52,19793,,,8.065572
2023-02-28 00:00:00+00:00,8.64,8.88,8.46,8.73,52230,,,8.112371999999999
2023-03-01 00:00:00+00:00,8.58,8.88,8.58,8.7,3130,,,8.163972
2023-03-02 00:00:00+00:00,8.4,8.631,8.286,8.46,5317,,,8.210771999999999
2023-03-03 00:00:00+00:00,8.58,8.64,8.34,8.34,6655,,,8.261171999999998
2023-03-06 00:00:00+00:00,8.88,8.94,8.4,8.64,15065,,,8.322372
2023-03-07 00:00:00+00:00,8.64,8.8692,8.64,8.82,82403,,,8.377572
2023-03-08 00:00:00+00:00,9.06,9.18,8.52,8.52,7746,,,8.440788
2023-03-09 00:00:00+00:00,9.12,9.42,9.0606,9.24,21199,,,8.493587999999999
2023-03-10 00:00:00+00:00,8.16,9.2916,8.16,9.18,9462,,,8.528388
2023-03-13 00:00:00+00:00,7.5,7.92,7.5,7.86,15188,,,8.546388
2023-03-14 00:00:00+00:00,7.2,7.74,7.14,7.62,25866,,,8.558388
2023-03-15 00:00:00+00:00,6.84,7.38,6.84,7.38,54488,,,8.564388000000001
2023-03-16 00:00:00+00:00,4.608,5.46,3.831,5.286,271722,,,8.517348
2023-03-17 00:00:00+00:00,4.1736,4.615236,4.1136,4.5828,119398,,,8.45442
2023-03-20 00:00:00+00:00,4.0854,4.56,3.93,4.554,106605,,,8.382528
2023-03-21 00:00:00+00:00,4.26,4.32,4.0392,4.194,35226,,,8.324928000000002
2023-03-22 00:00:00+00:00,4.9848,5.1774,4.2,4.26,81285,,,8.277023999999999
2023-03-23 00:00:00+00:00,4.932,5.339394,4.92,5.04,53075,,,8.220864
2023-03-24 00:00:00+00:00,4.728,5.100006,4.6194,4.98,23796,,,8.154624
2023-03-27 00:00:00+00:00,4.5702,5.34,4.5,5.28,64728,,,8.085227999999999
2023-03-28 00:00:00+00:00,4.8054,4.848,4.566,4.68,25485,,,8.014536
2023-03-29 00:00:00+00:00,4.8,5.1,4.68,5.1,36901,,,7.922135999999999
2023-03-30 00:00:00+00:00,4.8,5.0262,4.77,4.8,28914,,,7.847736
2023-03-31 00:00:00+00:00,4.92,5.04,4.86,5.04,25930,,,7.784136
2023-04-03 00:00:00+00:00,5.1174,5.196,4.92,4.92,50168,,,7.722084
2023-04-04 00:00:00+00:00,5.115,5.2914,5.04,5.1,19485,,,7.646784
2023-04-05 00:00:00+00:00,4.8,5.2194,4.62,5.2194,36501,,,7.572384
2023-04-06 00:00:00+00:00,4.482,4.8,4.47,4.8,33439,,,7.490424000000001
2023-04-10 00:00:00+00:00,4.3134,4.5,4.206,4.482,32636,,,7.406292
2023-04-11 00:00:00+00:00,4.4544,4.515,4.26,4.32,19600,,,7.32858
2023-04-12 00:00:00+00:00,4.8408,5.1,4.53,4.53,50876,,,7.269396
2023-04-13 00:00:00+00:00,4.8,4.992,4.638,4.9794,35154,,,7.2034080000000005
2023-04-14 00:00:00+00:00,4.86,5.2164,4.6806,4.9986,62862,,,7.139808
2023-04-17 00:00:00+00:00,4.854,4.86,4.5912,4.86,14387,,,7.0592880000000005
2023-04-18 00:00:00+00:00,4.62,4.854,4.428,4.68,27002,,,6.975288000000001
2023-04-19 00:00:00+00:00,4.56,4.74,4.4706,4.62,14449,,,6.873288
2023-04-20 00:00:00+00:00,4.56,4.62,4.4232,4.4232,13799,,,6.770088
2023-04-21 00:00:00+00:00,4.5,4.6524,4.464,4.56,17783,,,6.669288
2023-04-24 00:00:00+00:00,4.59,4.6158,4.332,4.44,46200,,,6.572687999999999
2023-04-25 00:00:00+00:00,4.4184,4.5534,4.35,4.5534,11209,,,6.4738560000000005
2023-04-26 00:00:00+00:00,4.4112,4.44,4.365,4.4184,16294,,,6.37248
2023-04-27 00:00:00+00:00,4.5588,4.6152,4.3512,4.44,15464,,,6.265656
2023-04-28 00:00:00+00:00,4.44,4.4976,4.32,4.4406,32988,,,6.149255999999999
2023-05-01 00:00:00+00:00,4.5,4.548,4.32,4.38,10557,,,6.040056
2023-05-02 00:00:00+00:00,4.47,4.5,4.4094,4.5,12410,,,5.931456000000001
2023-05-03 00:00:00+00:00,4.3452,4.5,4.326,4.44,14674,,,5.83596
2023-05-04 00:00:00+00:00,4.26,4.44,4.26,4.32,14392,,,5.74596
2023-05-05 00:00:00+00:00,4.32,4.44,4.212,4.212,12959,,,5.65356
2023-05-08 00:00:00+00:00,4.452,4.56,4.305,4.305,12161,,,5.571000000000001
2023-05-09 00:00:00+00:00,4.488,4.4994,4.3068,4.3068,10286,,,5.48796
2023-05-10 00:00:00+00:00,4.5,4.5,4.32,4.38,19928,,,5.40516
2023-05-11 00:00:00+00:00,4.5282,4.56,4.416006,4.53,5593,,,5.324123999999999
2023-05-12 00:00:00+00:00,4.6044,4.62,4.44,4.44,11781,,,5.248212
2023-05-15 00:00:00+00:00,4.5,4.5984,4.398,4.5798,19308,,,5.166612
2023-05-16 00:00:00+00:00,3.5916,4.32,3.3402,3.96,135537,,,5.0608439999999995
2023-05-17 00:00:00+00:00,3.7494,3.789,3.525,3.54,17427,,,4.963032
2023-05-18 00:00:00+00:00,3.9,4.0194,3.705,3.78,29347,,,4.859832
2023-05-19 00:00:00+00:00,4.2,4.2564,3.78,3.78,29381,,,4.761432
2023-05-22 00:00:00+00:00,3.8106,4.1976,3.66,4.1976,24134,,,4.674444
2023-05-23 00:00:00+00:00,3.8352,3.936,3.72,3.72,24707,,,4.601148
2023-05-24 00:00:00+00:00,3.8196,3.9012,3.756,3.9,9564,,,4.5335399999999995
2023-05-25 00:00:00+00:00,3.8562,4.0074,3.726,3.8238,11766,,,4.473864000000001
2023-05-26 00:00:00+00:00,3.918,3.972,3.8334,3.8334,5618,,,4.460064
2023-05-30 00:00:00+00:00,3.8958,3.996,3.726,3.96,51565,,,4.454508
2023-05-31 00:00:00+00:00,3.7344,3.7902,3.6666,3.7884,26143,,,4.447488
2023-06-01 00:00:00+00:00,3.8166,3.8976,3.66,3.8976,19295,,,4.43862
2023-06-02 00:00:00+00:00,3.9,3.9594,3.675,3.675,27723,,,4.416924
2023-06-05 00:00:00+00:00,3.816,3.96,3.684,3.7446,21090,,,4.394604
2023-06-06 00:00:00+00:00,3.96,4.62,3.7812,3.84,51287,,,4.379244
2023-06-07 00:00:00+00:00,3.9,4.0794,3.8412,3.8412,14477,,,4.36584
2023-06-08 00:00:00+00:00,3.87,3.93636,3.786,3.8916,13508,,,4.347132
2023-06-09 00:00:00+00:00,3.792,3.915,3.78,3.78,3984,,,4.3269720000000005
2023-06-12 00:00:00+00:00,3.9942,4.2,3.78,3.78,52024,,,4.310856
2023-06-13 00:00:00+00:00,4.02,4.284,3.9942,3.9942,12362,,,4.292856
2023-06-14 00:00:00+00:00,4.0908,4.2,4.02,4.0206,16953,,,4.272324
2023-06-15 00:00:00+00:00,4.1472,4.284,4.0326,4.2,14209,,,4.252968
2023-06-16 00:00:00+00:00,4.08,4.2696,4.05606,4.209,47289,,,4.238568
2023-06-20 00:00:00+00:00,4.02,4.242,3.96,3.96,9140,,,4.229328
2023-06-21 00:00:00+00:00,3.78,4.1766,3.78,4.08,15484,,,4.21866
2023-06-22 00:00:00+00:00,3.78,3.852,3.744,3.852,10136,,,4.205172
2023-06-23 00:00:00+00:00,3.606,3.7794,3.606,3.726,16248,,,4.180476
2023-06-26 00:00:00+00:00,3.72,3.72,3.606,3.606,11764,,,4.158875999999999
2023-06-27 00:00:00+00:00,3.7686,3.78,3.63,3.6318,17017,,,4.137048
2023-06-28 00:00:00+00:00,3.717,3.78,3.66,3.66,9494,,,4.114307999999999
2023-06-29 00:00:00+00:00,3.705,3.7152,3.6,3.66,7863,,,4.096008
2023-06-30 00:00:00+00:00,3.7584,3.7584,3.6006,3.675,26166,,,4.079975999999999
2023-07-03 00:00:00+00:00,3.96,4.2504,3.72,3.72,26715,,,4.067976000000001
2023-07-05 00:00:00+00:00,3.852,4.1922,3.852,4.08,20167,,,4.055016
2023-07-06 00:00:00+00:00,3.84,3.8994,3.6006,3.8994,16803,,,4.040016
2023-07-07 00:00:00+00:00,3.945,3.975,3.6318,3.84,8193,,,4.030548
2023-07-10 00:00:00+00:00,3.96,4.1994,3.840006,3.8928,10371,,,4.021524
2023-07-11 00:00:00+00:00,4.08,4.1694,3.9006,3.9006,12671,,,4.011948
2023-07-12 00:00:00+00:00,4.0512,4.1598,4.002,4.1598,3033,,,4.004172
2023-07-13 00:00:00+00:00,4.14,4.2,4.032,4.032,41491,,,3.996972
2023-07-14 00:00:00+00:00,4.1394,4.23,4.1004,4.2,13336,,,3.99036
2023-07-17 00:00:00+00:00,4.095,4.29,4.0824,4.0866,16151,,,3.985356
2023-07-18 00:00:00+00:00,4.26,4.34994,3.942,4.0494,72319,,,3.985356
2023-07-19 00:00:00+00:00,4.1418,4.2426,3.9,4.221,21107,,,3.981792
2023-07-20 00:00:00+00:00,4.0662,4.32,3.990606,4.1004,6407,,,3.974076
2023-07-21 00:00:00+00:00,4.02,4.14,3.969,3.969,15077,,,3.964716
2023-07-24 00:00:00+00:00,4.098,4.1394,3.978,4.1394,20195,,,3.956676
2023-07-25 00:00:00+00:00,4.02,4.134,3.996606,4.0566,5072,,,3.9465120000000002
2023-07-26 00:00:00+00:00,4.0704,4.1334,3.960006,4.0014,6424,,,3.9358320000000004
2023-07-27 00:00:00+00:00,3.9036,4.0494,3.846,3.966,6523,,,3.923904
2023-07-28 00:00:00+00:00,3.8178,3.9954,3.72,3.9,23261,,,3.9284280000000003
2023-07-31 00:00:00+00:00,3.9,4.14,3.6,3.72,36703,,,3.9314400000000003
2023-08-01 00:00:00+00:00,3.822,4.0194,3.672,3.9408,16417,,,3.92988
2023-08-02 00:00:00+00:00,3.6918,3.8148,3.678,3.726006,7511,,,3.919716
2023-08-03 00:00:00+00:00,3.741,3.9,3.666,3.69,9488,,,3.9183239999999997
2023-08-04 00:00:00+00:00,3.822,3.9654,3.6684,3.72,19065,,,3.9180599999999997
2023-08-07 00:00:00+00:00,3.9396,4.02,3.7668,3.9,20004,,,3.92046
2023-08-08 00:00:00+00:00,3.9516,4.107,3.804,3.804,34822,,,3.9223679999999996
2023-08-09 00:00:00+00:00,3.9942,4.0194,3.9078,3.9516,2332,,,3.9238920000000004
2023-08-10 00:00:00+00:00,3.8976,4.08,3.84,3.912,14061,,,3.923928
2023-08-11 00:00:00+00:00,3.804,3.9,3.78,3.87,4866,,,3.9253200000000006
2023-08-14 00:00:00+00:00,3.9,3.9,3.66,3.72,21594,,,3.9269879999999997
2023-08-15 00:00:00+00:00,4.02,4.14,3.78,4.0164,11042,,,3.9293880000000003
2023-08-16 00:00:00+00:00,4.14,4.2,4.0125,4.014,21182,,,3.9358679999999997
2023-08-17 00:00:00+00:00,4.3512,4.5,4.02,4.023,21203,,,3.943692
2023-08-18 00:00:00+00:00,4.176,4.5,4.11,4.5,16142,,,3.949212
2023-08-21 00:00:00+00:00,4.32,4.5,4.2,4.2,7286,,,3.9582119999999996
2023-08-22 00:00:00+00:00,4.26,4.38,4.200006,4.38,4066,,,3.9675719999999997
2023-08-23 00:00:00+00:00,4.26,4.26,4.1106,4.2003,4950,,,3.972888
2023-08-24 00:00:00+00:00,4.2396,4.3134,4.1106,4.3134,3505,,,3.97728
2023-08-25 00:00:00+00:00,4.116,4.2594,4.116,4.2,3550,,,3.9777839999999998
2023-08-28 00:00:00+00:00,4.008,4.224,4.008,4.1709,2232,,,3.975
2023-08-29 00:00:00+00:00,4.08,4.176,3.96,3.96,6675,,,3.9749999999999996
2023-08-30 00:00:00+00:00,3.8592,4.197,3.66,4.08,490243,,,3.971784
2023-08-31 00:00:00+00:00,3.858,4.035,3.858,3.942,23907,,,3.973344
2023-09-01 00:00:00+00:00,3.87,4.0596,3.860094,4.02,18712,,,3.9751440000000002
2023-09-05 00:00:00+00:00,3.8988,4.062,3.87,3.9,5155,,,3.9810000000000003
2023-09-06 00:00:00+00:00,3.666,3.8988,3.645006,3.84,11760,,,3.9799200000000003
2023-09-07 00:00:00+00:00,3.6,3.804,3.6,3.666,15979,,,3.9765479999999997
2023-09-08 00:00:00+00:00,3.744,3.78,3.6324,3.6324,10360,,,3.977088
2023-09-11 00:00:00+00:00,3.4326,3.7794,3.405,3.69,37693,,,3.97164
2023-09-12 00:00:00+00:00,3.54,3.78,3.42,3.48,43025,,,3.967272
2023-09-13 00:00:00+00:00,3.4956,3.7266,3.456,3.54,12228,,,3.9579839999999997
2023-09-14 00:00:00+00:00,3.462,3.5994,3.408,3.54,14098,,,3.9501840000000006
2023-09-15 00:00:00+00:00,2.94,3.4767,2.4798,3.468,54378,,,3.9321840000000003
2023-09-18 00:00:00+00:00,2.937,3.184194,2.892,3.0,14913,,,3.9120239999999997
2023-09-19 00:00:00+00:00,2.88,2.937,2.52,2.856,82229,,,3.8904240000000003
2023-09-20 00:00:00+00:00,2.658,2.88,2.6574,2.7936,23813,,,3.861984
2023-09-21 00:00:00+00:00,2.85,2.895,2.646,2.658,35187,,,3.83796
2023-09-22 00:00:00+00:00,2.748,2.8182,2.6925,2.7648,31440,,,3.8101199999999995
2023-09-25 00:00:00+00:00,2.76,2.841,2.745,2.7552,19824,,,3.782532
2023-09-26 00:00:00+00:00,2.724,2.8218,2.724,2.8146,7747,,,3.7551119999999996
2023-09-27 00:00:00+00:00,2.6544,2.82,2.6286,2.7,11557,,,3.7230000000000003
2023-09-28 00:00:00+00:00,2.712,2.79,2.6436,2.7,35129,,,3.694404
2023-09-29 00:00:00+00:00,2.664,2.754,2.646,2.664,8018,,,3.66636
2023-10-02 00:00:00+00:00,2.6394,2.7564,2.61,2.646,3887,,,3.638748
2023-10-03 00:00:00+00:00,2.5998,2.6682,2.592,2.5998,13085,,,3.608784
2023-10-04 00:00:00+00:00,2.646,2.652,2.346,2.586,341087,,,3.5813040000000003
2023-10-05 00:00:00+00:00,2.7,2.7564,2.5206,2.58,22652,,,3.553896
2023-10-06 00:00:00+00:00,2.724,2.757,2.6316,2.6316,2063,,,3.5303040000000006
2023-10-09 00:00:00+00:00,2.73,2.73,2.5644,2.5644,19696,,,3.5085480000000002
2023-10-10 00:00:00+00:00,2.7426,2.82,2.685,2.7306,30475,,,3.4854000000000003
2023-10-11 00:00:00+00:00,2.7,2.82,2.6706,2.8098,14077,,,3.46296
2023-10-12 00:00:00+00:00,2.73,2.7912,2.6766,2.7006,4549,,,3.4437239999999996
2023-10-13 00:00:00+00:00,2.7,2.7912,2.652,2.7912,3460,,,3.4229040000000004
2023-10-16 00:00:00+00:00,2.7084,2.757,2.6526,2.6526,8242,,,3.400632
2023-10-17 00:00:00+00:00,2.7006,2.79,2.7,2.7,15745,,,3.375852
2023-10-18 00:00:00+00:00,2.7906,2.82,2.7,2.7,21141,,,3.3526320000000003
2023-10-19 00:00:00+00:00,2.7,2.82,2.6928,2.7066,20107,,,3.3267480000000003
2023-10-20 00:00:00+00:00,2.8038,2.82,2.7,2.7,6920,,,3.3048719999999996
2023-10-23 00:00:00+00:00,2.7,2.814,2.658,2.7,15240,,,3.282792
2023-10-24 00:00:00+00:00,2.76,2.82,2.613,2.7,4670,,,3.2599920000000004
2023-10-25 00:00:00+00:00,2.7,2.7966,2.673006,2.76,8663,,,3.233592
2023-10-26 00:00:00+00:00,2.8128,2.82,2.7,2.7,7085,,,3.2070480000000003
2023-10-27 00:00:00+00:00,2.9328,2.9598,2.73,2.82,17050,,,3.17868
2023-10-30 00:00:00+00:00,2.88,2.9142,2.82,2.88,10741,,,3.1527600000000002
2023-10-31 00:00:00+00:00,2.94,2.97,2.88,2.88,5884,,,3.12516
2023-11-01 00:00:00+00:00,2.9184,2.957994,2.88,2.909694,9007,,,3.0983280000000004
2023-11-02 00:00:00+00:00,3.1146,3.1668,2.8806,2.9394,21475,,,3.07542
2023-11-03 00:00:00+00:00,3.2874,3.3942,3.081,3.081,8080,,,3.0563759999999998
2023-11-06 00:00:00+00:00,3.4782,3.5964,3.3,3.4272,38867,,,3.04362
2023-11-07 00:00:00+00:00,3.48,3.6,3.48,3.6,6761,,,3.03306
2023-11-08 00:00:00+00:00,3.366,3.597,3.2712,3.597,3926,,,3.0187800000000005
2023-11-09 00:00:00+00:00,3.2292,3.453306,3.18,3.435,2663,,,3.00618
2023-11-10 00:00:00+00:00,3.2376,3.5349,3.18,3.4074,7895,,,2.9937720000000003
2023-11-13 00:00:00+00:00,3.2634,3.3264,3.049806,3.195,5319,,,2.98164
2023-11-14 00:00:00+00:00,3.48,3.5178,3.1992,3.1992,12179,,,2.973264
2023-11-15 00:00:00+00:00,2.9058,3.098778,2.8062,2.94,37086,,,2.9580599999999997
2023-11-16 00:00:00+00:00,2.8884,3.0408,2.736006,3.0408,11289,,,2.9438280000000003
2023-11-17 00:00:00+00:00,3.12,3.204,2.88,2.88,24250,,,2.931348
2023-11-20 00:00:00+00:00,3.06,3.288,3.048,3.24,14208,,,2.9238959999999996
2023-11-21 00:00:00+00:00,3.054,3.36,3.048,3.36,25737,,,2.914176
2023-11-22 00:00:00+00:00,3.0,3.234,2.946,3.170994,10720,,,2.904264
2023-11-24 00:00:00+00:00,2.952,3.06,2.9466,3.054,8390,,,2.8940639999999997
2023-11-27 00:00:00+00:00,3.0,3.42,2.8146,3.42,31262,,,2.8952639999999996
2023-11-28 00:00:00+00:00,2.9994,3.2208,2.94,3.06,25184,,,2.896512
2023-11-29 00:00:00+00:00,3.012,3.12,2.952,2.969706,16593,,,2.8991520000000004
2023-11-30 00:00:00+00:00,3.105,3.24,3.09,3.24,5652,,,2.908092
2023-12-01 00:00:00+00:00,3.0636,3.24,2.9706,3.12,23620,,,2.912364
2023-12-04 00:00:00+00:00,3.09,3.156,3.003606,3.0636,23406,,,2.919204
2023-12-05 00:00:00+00:00,3.06,3.1494,2.9994,3.06,16573,,,2.925204
2023-12-06 00:00:00+00:00,2.973,3.06,2.946,2.946,13554,,,2.9301839999999997
2023-12-07 00:00:00+00:00,3.0246,3.12,2.7756,2.946,27908,,,2.937588
2023-12-08 00:00:00+00:00,2.946,3.1056,2.9406,3.0,6344,,,2.9422680000000003
2023-12-11 00:00:00+00:00,2.88,3.1053,2.88,2.94,53152,,,2.9465879999999998
2023-12-12 00:00:00+00:00,3.0438,3.12,2.88,2.88,21448,,,2.954676
2023-12-13 00:00:00+00:00,3.2052,3.2868,2.9568,2.9568,22700,,,2.966784
2023-12-14 00:00:00+00:00,3.48,3.54,3.285,3.48,99520,,,2.983464
2023-12-15 00:00:00+00:00,4.086,4.2,3.558,3.6,150453,,,3.011184
2023-12-18 00:00:00+00:00,4.1802,4.2,3.6666,4.08,55355,,,3.040308
2023-12-19 00:00:00+00:00,4.374,4.4328,4.0734,4.2,26603,,,3.073188
2023-12-20 00:00:00+00:00,4.3164,4.4586,3.96,4.4586,32434,,,3.1046639999999996
2023-12-21 00:00:00+00:00,4.278,4.3164,3.972,4.3164,11684,,,3.136224
2023-12-22 00:00:00+00:00,4.1994,4.26,4.08,4.0812,5442,,,3.1656120000000003
2023-12-26 00:00:00+00:00,4.092,4.1994,4.02,4.08,92530,,,3.1934519999999997
2023-12-27 00:00:00+00:00,4.149,4.1868,3.9612,3.9612,9125,,,3.222264
2023-12-28 00:00:00+00:00,4.1178,4.374,3.9798,3.9798,25659,,,3.2506079999999997
2023-12-29 00:00:00+00:00,4.02,4.26,4.02,4.08,24988,,,3.2751959999999998
2024-01-02 00:00:00+00:00,4.08,4.1928,3.87,3.882,3745,,,3.3027960000000003
2024-01-03 00:00:00+00:00,4.206,4.206,4.020594,4.08,9747,,,3.3308400000000002
2024-01-04 00:00:00+00:00,4.374,4.374,4.0206,4.26,13204,,,3.3643199999999998
2024-01-05 00:00:00+00:00,4.2648,4.4046,4.134,4.2456,21049,,,3.394416
2024-01-08 00:00:00+00:00,4.32,4.38,4.2096,4.38,12236,,,3.426816
2024-01-09 00:00:00+00:00,4.5078,4.62,4.237806,4.32,56856,,,3.4607159999999997
2024-01-10 00:00:00+00:00,4.554,4.74,4.32,4.62,9548,,,3.4931400000000004
2024-01-11 00:00:00+00:00,4.4406,4.776,4.44,4.44,10334,,,3.5243519999999995
2024-01-12 00:00:00+00:00,4.3818,4.6794,4.323,4.545,6018,,,3.5531879999999996
2024-01-16 00:00:00+00:00,4.2354,4.47,4.086,4.26,4254,,,3.5795280000000003
2024-01-17 00:00:00+00:00,3.9504,4.14,3.84,4.104,6379,,,3.596244
2024-01-18 00:00:00+00:00,3.8004,3.9834,3.66,3.9504,5694,,,3.6065040000000006
2024-01-19 00:00:00+00:00,3.6936,3.8394,3.6,3.6804,4740,,,3.6108119999999997
2024-01-22 00:00:00+00:00,3.2484,3.732,3.2484,3.675,29444,,,3.60618
2024-01-23 00:00:00+00:00,3.3432,3.6,3.24,3.45,9582,,,3.6057239999999995
2024-01-24 00:00:00+00:00,3.612,3.7032,3.3,3.3,12459,,,3.6133800000000003
2024-01-25 00:00:00+00:00,3.7536,3.78,3.6474,3.72,2655,,,3.6236999999999995
2024-01-26 00:00:00+00:00,3.942,4.08,3.6312,3.7152,9222,,,3.637272
2024-01-29 00:00:00+00:00,3.84,4.125,3.63,4.125,10111,,,3.644472
2024-01-30 00:00:00+00:00,3.558,3.8904,3.558,3.8304,11512,,,3.6575159999999998
2024-01-31 00:00:00+00:00,3.249,3.6996,3.249,3.6,9171,,,3.6647279999999993
2024-02-01 00:00:00+00:00,3.4506,3.576594,3.3606,3.42,3311,,,3.6713400000000003
2024-02-02 00:00:00+00:00,3.594,3.6396,3.417,3.6396,5899,,,3.68202
2024-02-05 00:00:00+00:00,3.054,3.52332,2.9994,3.52332,20279,,,3.68202
2024-02-06 00:00:00+00:00,3.1392,3.18,3.0606,3.18,5696,,,3.684804
2024-02-07 00:00:00+00:00,3.3,3.3,3.0054,3.12,9416,,,3.691764
2024-02-08 00:00:00+00:00,3.1014,3.3006,3.0864,3.24,3404,,,3.693792
2024-02-09 00:00:00+00:00,3.234,3.2994,3.078,3.1014,3400,,,3.698484
2024-02-12 00:00:00+00:00,3.051,3.2382,3.051,3.0822,18341,,,3.699264
2024-02-13 00:00:00+00:00,3.114,3.18,3.03,3.03,9922,,,3.699444
2024-02-14 00:00:00+00:00,3.114,3.24,2.3394,3.1668,141844,,,3.7004520000000003
2024-02-15 00:00:00+00:00,2.991,3.0204,2.7174,3.0204,4035,,,3.6984719999999998
2024-02-16 00:00:00+00:00,2.6982,2.91,2.649,2.7432,29997,,,3.691236
2024-02-20 00:00:00+00:00,3.066,3.093,2.5086,2.5086,40498,,,3.6930960000000006
2024-02-21 00:00:00+00:00,2.952,3.12,2.952,3.06,6887,,,3.691644
2024-02-22 00:00:00+00:00,2.97,3.1014,2.94,2.94,35223,,,3.692124
2024-02-23 00:00:00+00:00,2.8092,3.12,2.748,2.91,16944,,,3.6907080000000003
2024-02-26 00:00:00+00:00,3.2478,3.3,3.01104,3.054,30512,,,3.694788
2024-02-27 00:00:00+00:00,3.069,3.3,2.9616,3.3,16219,,,3.6920640000000002
2024-02-28 00:00:00+00:00,3.0,3.12,2.91,3.1194,2931,,,3.682464
2024-02-29 00:00:00+00:00,3.2832,3.5394,2.9394,2.962506,29748,,,3.666408
2024-03-01 00:00:00+00:00,3.4458,3.5292,3.24,3.24,19871,,,3.6517199999999996
2024-03-04 00:00:00+00:00,3.3276,3.6966,3.309,3.48,46530,,,3.6307919999999996
2024-03-05 00:00:00+00:00,3.198,3.324,3.12,3.1668,14993,,,3.608424
2024-03-06 00:00:00+00:00,3.147,3.5328,2.939994,3.5328,23783,,,3.585804
2024-03-07 00:00:00+00:00,3.5706,3.6,3.3,3.3,34947,,,3.573228
2024-03-08 00:00:00+00:00,3.474,3.7122,3.366,3.7122,30190,,,3.5608679999999997
2024-03-11 00:00:00+00:00,3.36,3.6,3.36,3.48,10451,,,3.5450880000000002
2024-03-12 00:00:00+00:00,2.988,3.6,2.9868,3.6,43229,,,3.522492
2024-03-13 00:00:00+00:00,2.9442,3.1824,2.94,3.0,21386,,,3.500976
2024-03-14 00:00:00+00:00,3.06,3.302994,3.0006,3.135,23975,,,3.4805759999999997
2024-03-15 00:00:00+00:00,3.006,3.3,2.904,2.904,15759,,,3.456576
2024-03-18 00:00:00+00:00,2.94,3.168,2.94,3.114,16979,,,3.427896
2024-03-19 00:00:00+00:00,2.8482,3.1194,2.7972,3.0,20448,,,3.399564
2024-03-20 00:00:00+00:00,2.766,3.06,2.766,2.826,114456,,,3.3684840000000005
2024-03-21 00:00:00+00:00,2.865,2.9994,2.772,2.8266,8199,,,3.335628
2024-03-22 00:00:00+00:00,3.0696,3.111,2.79,2.8236,35450,,,3.30594
2024-03-25 00:00:00+00:00,3.087,3.2268,3.0,3.0378,24918,,,3.278868
2024-03-26 00:00:00+00:00,2.9124,3.114,2.8806,2.9946,12557,,,3.24948
2024-03-27 00:00:00+00:00,3.0246,3.114,2.9112,2.94,10794,,,3.225264
2024-03-28 00:00:00+00:00,2.9568,3.179394,2.9568,3.0072,19788,,,3.2053920000000007
2024-04-01 00:00:00+00:00,3.0204,3.1464,3.0192,3.06,13402,,,3.1897919999999997
2024-04-02 00:00:00+00:00,3.0222,3.12,2.94,2.94,10375,,,3.1763640000000004
2024-04-03 00:00:00+00:00,3.009,3.27,3.009,3.269394,11677,,,3.171576
2024-04-04 00:00:00+00:00,3.0858,3.15,3.0,3.0,7697,,,3.1664280000000002
2024-04-05 00:00:00+00:00,3.0726,3.1446,3.0,3.06,12864,,,3.1556399999999996
2024-04-08 00:00:00+00:00,3.0354,3.1626,3.0,3.0414,19057,,,3.1412760000000004
2024-04-09 00:00:00+00:00,3.0006,3.0732,3.0,3.0048,7157,,,3.122448
2024-04-10 00:00:00+00:00,3.0,3.0594,2.760606,3.0,44608,,,3.105648
2024-04-11 00:00:00+00:00,2.9754,3.36,2.8542,3.06,79743,,,3.093996
2024-04-12 00:00:00+00:00,2.79,3.3837,2.643,2.78,85287,,,3.084816
2024-04-15 00:00:00+00:00,2.54,2.83,2.35,2.75,38894,,,3.066604
2024-04-16 00:00:00+00:00,2.37,2.52,2.3095,2.43,64420,,,3.042124
2024-04-17 00:00:00+00:00,2.42,2.48,2.41,2.44,39629,,,3.0294440000000002
2024-04-18 00:00:00+00:00,2.53,2.75,2.46,2.46,47296,,,3.01726
2024-04-19 00:00:00+00:00,2.64,2.8326,2.57,2.57,17266,,,3.00406
2024-04-22 00:00:00+00:00,2.6,2.65,2.54,2.62,16904,,,2.994032
2024-04-23 00:00:00+00:00,2.61,2.67,2.56,2.56,35560,,,2.9815519999999998
2024-04-24 00:00:00+00:00,2.69,2.7,2.56,2.59,48939,,,2.974332
2024-04-25 00:00:00+00:00,2.78,2.79,2.56,2.63,51994,,,2.9676519999999997
2024-04-26 00:00:00+00:00,2.95,2.95,2.6601,2.74,49524,,,2.9643719999999996
2024-04-29 00:00:00+00:00,3.0,3.0382,2.87,2.95,26137,,,2.964552
2024-04-30 00:00:00+00:00,3.47,3.47,3.0125,3.04,89580,,,2.9799879999999996
2024-05-01 00:00:00+00:00,3.32,3.43,3.16,3.43,92791,,,2.985068
2024-05-02 00:00:00+00:00,3.32,3.4,3.3,3.31,56238,,,2.992428
2024-05-03 00:00:00+00:00,3.5,3.5545,3.31,3.34,48496,,,3.003028
2024-05-06 00:00:00+00:00,3.49,3.64,3.28,3.55,49377,,,3.016644
2024-05-07 00:00:00+00:00,4.07,4.16,3.37,3.45,60124,,,3.0330880000000002
2024-05-08 00:00:00+00:00,4.05,4.2343,3.92,4.18,47358,,,3.0527079999999995
2024-05-09 00:00:00+00:00,4.21,4.26,3.975,3.975,15999,,,3.0769079999999995
2024-05-10 00:00:00+00:00,4.23,4.2993,4.09,4.28,21002,,,3.0958439999999996
2024-05-13 00:00:00+00:00,4.01,4.19,3.855,4.17,54575,,,3.1071280000000003
2024-05-14 00:00:00+00:00,3.97,3.97,3.82,3.95,16112,,,3.1199760000000003
2024-05-15 00:00:00+00:00,3.97,3.995,3.8201,3.92,48280,,,3.135416
2024-05-16 00:00:00+00:00,3.45,3.62,3.38,3.45,70146,,,3.141476
2024-05-17 00:00:00+00:00,3.57,3.606,3.41,3.41,44737,,,3.1414640000000005
2024-05-20 00:00:00+00:00,3.39,3.57,3.38,3.38,39980,,,3.139784
2024-05-21 00:00:00+00:00,3.55,3.55,3.34,3.38,96680,,,3.143584
2024-05-22 00:00:00+00:00,3.42,3.5299,3.368,3.52,19637,,,3.152224
2024-05-23 00:00:00+00:00,3.54,3.57,3.3479,3.47,20324,,,3.1641399999999997
2024-05-24 00:00:00+00:00,4.09,4.24,3.46,3.51,41314,,,3.1847399999999997
2024-05-28 00:00:00+00:00,4.01,4.1475,3.9807,4.1,28687,,,3.2048200000000002
2024-05-29 00:00:00+00:00,3.89,4.03,3.725,4.03,27508,,,3.22382
2024-05-30 00:00:00+00:00,3.85,3.89,3.6,3.81,6596,,,3.243856
2024-05-31 00:00:00+00:00,3.69,3.8297,3.5201,3.79,12587,,,3.2623359999999995
2024-06-03 00:00:00+00:00,3.59,3.82,3.43,3.82,23069,,,3.2768360000000003
2024-06-04 00:00:00+00:00,3.53,3.6,3.43,3.51,11398,,,3.286044
2024-06-05 00:00:00+00:00,3.5,3.5,3.29,3.49,28667,,,3.2943040000000003
2024-06-06 00:00:00+00:00,3.4,3.645,3.3346,3.36,47779,,,3.304056
2024-06-07 00:00:00+00:00,3.4,3.68,3.33,3.35,29117,,,3.311564
2024-06-10 00:00:00+00:00,3.31,3.4999,3.27,3.31,48593,,,3.318628
2024-06-11 00:00:00+00:00,3.44,3.492,3.27,3.2896,31496,,,3.32702
2024-06-12 00:00:00+00:00,3.39,3.49,3.39,3.4,6363,,,3.334376
2024-06-13 00:00:00+00:00,3.36,3.48,3.35,3.3799,6194,,,3.3413960000000005
2024-06-14 00:00:00+00:00,3.425,3.46,3.27,3.36,54883,,,3.3481799999999997
2024-06-17 00:00:00+00:00,3.38,3.43,3.27,3.41,12670,,,3.3543279999999998
2024-06-18 00:00:00+00:00,3.42,3.4699,3.29,3.39,14962,,,3.36202
2024-06-20 00:00:00+00:00,3.45,3.47,3.3101,3.34,5918,,,3.371008
2024-06-21 00:00:00+00:00,3.61,3.67,3.381,3.45,29544,,,3.383208
2024-06-24 00:00:00+00:00,3.55,3.6499,3.3808,3.62,7471,,,3.3947
2024-06-25 00:00:00+00:00,3.54,3.54,3.34,3.4,17448,,,3.4097000000000004
2024-06-26 00:00:00+00:00,3.46,3.46,3.34,3.45,3021,,,3.4281
2024-06-27 00:00:00+00:00,3.35,3.55,3.35,3.54,6846,,,3.4477
2024-06-28 00:00:00+00:00,3.61,3.61,3.3709,3.445,11939,,,3.4715
2024-07-01 00:00:00+00:00,3.6,3.6199,3.505,3.6199,3699,,,3.4928999999999997
2024-07-02 00:00:00+00:00,3.62,3.7,3.4802,3.6,10492,,,3.5125
2024-07-03 00:00:00+00:00,3.56,3.73,3.56,3.64,3118,,,3.5317000000000003
2024-07-05 00:00:00+00:00,3.61,3.7099,3.49,3.7099,3147,,,3.5517000000000003
2024-07-08 00:00:00+00:00,3.56,3.7,3.46,3.55,15570,,,3.5691
2024-07-09 00:00:00+00:00,3.5,3.69,3.43,3.49,7595,,,3.5835000000000004
2024-07-10 00:00:00+00:00,3.46,3.47,3.4146,3.47,2753,,,3.5937
2024-07-11 00:00:00+00:00,3.47,3.68,3.47,3.53,6513,,,3.6031
2024-07-12 00:00:00+00:00,3.47,3.6,3.43,3.47,8234,,,3.6031
2024-07-15 00:00:00+00:00,3.43,3.465,3.43,3.45,5299,,,3.6052999999999997
2024-07-16 00:00:00+00:00,3.47,3.62,3.4317,3.51,2509,,,3.6083
2024-07-17 00:00:00+00:00,3.5,3.5,3.42,3.4418,2986,,,3.6083
2024-07-18 00:00:00+00:00,3.42,3.42,3.42,3.42,979,,,3.6069
2024-07-19 00:00:00+00:00,3.39,3.42,3.39,3.4138,3749,,,3.5932999999999997
2024-07-22 00:00:00+00:00,3.44,3.44,3.32,3.3437,36453,,,3.5811
2024-07-23 00:00:00+00:00,3.375,3.5999,3.3,3.45,19249,,,3.5644
2024-07-24 00:00:00+00:00,3.29,3.36,3.29,3.32,6872,,,3.5456
2024-07-25 00:00:00+00:00,3.31,3.41,3.31,3.41,8461,,,3.5315999999999996
2024-07-26 00:00:00+00:00,3.49,3.54,3.3,3.37,7702,,,3.522
2024-07-29 00:00:00+00:00,3.4,3.59,3.4,3.59,5634,,,3.5106
2024-07-30 00:00:00+00:00,3.4,3.44,3.37,3.37,6519,,,3.5096000000000003
2024-07-31 00:00:00+00:00,3.28,3.41,3.28,3.4,18245,,,3.5038
2024-08-01 00:00:00+00:00,3.2,3.35,3.2,3.35,9046,,,3.5
2024-08-02 00:00:00+00:00,2.94,3.15,2.91,3.15,12653,,,3.4877999999999996
2024-08-05 00:00:00+00:00,2.72,2.94,2.72,2.94,13967,,,3.4737999999999998
2024-08-06 00:00:00+00:00,3.13,3.14,2.75,2.9899,19574,,,3.4656000000000002
2024-08-07 00:00:00+00:00,3.1,3.11,3.04,3.04,3684,,,3.4458
2024-08-08 00:00:00+00:00,3.01,3.09,2.8662,2.8664,8638,,,3.4257999999999997
2024-08-09 00:00:00+00:00,2.82,2.94,2.76,2.77,24242,,,3.4044
2024-08-12 00:00:00+00:00,2.91,2.9584,2.78,2.82,17702,,,3.3856
2024-08-13 00:00:00+00:00,3.11,3.2799,2.92,2.925,13321,,,3.3740000000000006
2024-08-14 00:00:00+00:00,2.97,3.11,2.97,3.07,12374,,,3.3616
2024-08-15 00:00:00+00:00,3.0,3.0338,2.89,2.97,24126,,,3.3510000000000004
2024-08-16 00:00:00+00:00,3.0,3.06,2.9,2.92,8984,,,3.341
2024-08-19 00:00:00+00:00,3.0,3.08,2.93,3.05,52311,,,3.333
2024-08-20 00:00:00+00:00,2.71,2.95,2.7,2.91,31758,,,3.3191999999999995
2024-08-21 00:00:00+00:00,2.8,2.9051,2.72,2.881,17127,,,3.3089999999999997
2024-08-22 00:00:00+00:00,2.74,2.82,2.66,2.81,44786,,,3.295
2024-08-23 00:00:00+00:00,2.76,2.94,2.71,2.71,11123,,,3.2824
2024-08-26 00:00:00+00:00,2.73,2.93,2.711,2.72,8280,,,3.2697999999999996
2024-08-27 00:00:00+00:00,2.82,2.91,2.65,2.805,33285,,,3.2577000000000003
2024-08-28 00:00:00+00:00,2.76,2.85,2.76,2.84,14378,,,3.2453000000000003
2024-08-29 00:00:00+00:00,2.83,2.87,2.68,2.71,12939,,,3.2335000000000003
2024-08-30 00:00:00+00:00,2.84,2.86,2.82,2.86,10630,,,3.2213
2024-09-03 00:00:00+00:00,2.75,2.87,2.75,2.84,3562,,,3.2040999999999995
2024-09-04 00:00:00+00:00,2.8946,2.9659,2.76,2.89,6492,,,3.190992
2024-09-05 00:00:00+00:00,2.75,2.85,2.75,2.77,2196,,,3.1751919999999996
2024-09-06 00:00:00+00:00,2.76,2.9399,2.75,2.82,6074,,,3.1611920000000002
2024-09-09 00:00:00+00:00,2.75,2.845,2.7258,2.75,26519,,,3.1491919999999998
2024-09-10 00:00:00+00:00,2.75,2.84,2.75,2.76,4029,,,3.1319920000000003
2024-09-11 00:00:00+00:00,2.76,2.86,2.75,2.75,11849,,,3.115192
2024-09-12 00:00:00+00:00,2.56,2.77,2.56,2.76,161119,,,3.093992
2024-09-13 00:00:00+00:00,2.65,2.8095,2.55,2.55,16590,,,3.0757920000000003
2024-09-16 00:00:00+00:00,2.74,2.8142,2.6,2.66,21249,,,3.058392
2024-09-17 00:00:00+00:00,2.68,2.77,2.67,2.67,9332,,,3.0407919999999997
2024-09-18 00:00:00+00:00,2.62,2.79,2.62,2.66,11735,,,3.023192
2024-09-19 00:00:00+00:00,2.68,2.72,2.6,2.72,28130,,,3.0075920000000003
2024-09-20 00:00:00+00:00,2.89,2.89,2.63,2.65,69229,,,2.9959919999999998
2024-09-23 00:00:00+00:00,3.29,3.29,2.83,2.92,68246,,,2.9923920000000006
2024-09-24 00:00:00+00:00,3.58,3.635,3.3,3.36,42674,,,2.995392
2024-09-25 00:00:00+00:00,3.81,3.8298,3.5305,3.69,24054,,,3.002192
2024-09-26 00:00:00+00:00,3.7,3.75,3.56,3.75,21519,,,3.0061920000000004
2024-09-27 00:00:00+00:00,3.55,3.785,3.4259,3.64,11150,,,3.0087919999999997
2024-09-30 00:00:00+00:00,3.66,3.74,3.56,3.59,13833,,,3.014192
2024-10-01 00:00:00+00:00,3.43,3.72,3.43,3.72,4379,,,3.013992
2024-10-02 00:00:00+00:00,3.28,3.6803,3.221528,3.46,11448,,,3.012092
2024-10-03 00:00:00+00:00,3.22,3.285,3.1801,3.22,3803,,,3.010692
2024-10-04 00:00:00+00:00,2.93,3.335,2.93,3.335,34779,,,3.0030920000000005
2024-10-07 00:00:00+00:00,2.95,2.9815,2.81,2.97,12613,,,2.992292
2024-10-08 00:00:00+00:00,2.83,3.4117,2.79,3.4117,20293,,,2.980892
2024-10-09 00:00:00+00:00,2.85,3.01,2.7,2.81,74899,,,2.9698919999999998
2024-10-10 00:00:00+00:00,2.905,2.92,2.845,2.85,9887,,,2.962392
2024-10-11 00:00:00+00:00,3.03,3.03,2.7258,2.7258,28693,,,2.9589920000000003
2024-10-14 00:00:00+00:00,2.88,3.1639,2.8546,3.1639,10463,,,2.957792
2024-10-15 00:00:00+00:00,3.0974,3.15,2.8178,3.1414,19857,,,2.96534
2024-10-16 00:00:00+00:00,3.11,3.2805,3.0,3.1803,12756,,,2.9649400000000004
2024-10-17 00:00:00+00:00,3.01,3.23,2.985,3.212,19895,,,2.9631399999999997
2024-10-18 00:00:00+00:00,2.98,3.245,2.98,3.04,20162,,,2.9625399999999997
2024-10-21 00:00:00+00:00,2.96,3.11,2.96,3.06,7597,,,2.96534
2024-10-22 00:00:00+00:00,3.03,3.17,3.0101,3.055,9815,,,2.96774
2024-10-23 00:00:00+00:00,3.29,3.3499,3.0529,3.118,32390,,,2.9713399999999996
2024-10-24 00:00:00+00:00,3.2,3.3499,3.132,3.33,9248,,,2.97594
2024-10-25 00:00:00+00:00,3.03,3.25,3.03,3.21,8786,,,2.97654
2024-10-28 00:00:00+00:00,3.03,3.15,3.0101,3.02,8528,,,2.97714
2024-10-29 00:00:00+00:00,3.17,3.18,3.02,3.05,6553,,,2.9805399999999995
2024-10-30 00:00:00+00:00,3.06,3.1,3.02,3.02,5030,,,2.98754
2024-10-31 00:00:00+00:00,2.96,3.04,2.95,3.0,45900,,,2.99074
2024-11-01 00:00:00+00:00,2.9702,3.05,2.9402,2.9402,1956,,,2.9953440000000002
2024-11-04 00:00:00+00:00,3.05,3.05,2.955,3.01,13662,,,3.001144
2024-11-05 00:00:00+00:00,2.94,3.05,2.91,2.9151,10314,,,3.005344
2024-11-06 00:00:00+00:00,3.03,3.11,2.94,2.94,5470,,,3.0095439999999996
2024-11-07 00:00:00+00:00,2.94,3.05,2.92,2.92,10636,,,3.0131439999999996
2024-11-08 00:00:00+00:00,3.04,3.1,2.91,2.91,16684,,,3.017344
2024-11-11 00:00:00+00:00,2.96,3.12,2.9109,2.95,6988,,,3.019744
2024-11-12 00:00:00+00:00,3.19,3.19,2.91,2.92,16300,,,3.028544
2024-11-13 00:00:00+00:00,3.02,3.2,3.016,3.13,4416,,,3.0310520000000003
2024-11-14 00:00:00+00:00,3.02,3.09,3.0,3.0,12899,,,3.0364519999999997
2024-11-15 00:00:00+00:00,2.82,3.0001,2.8102,3.0,26332,,,3.037652
2024-11-18 00:00:00+00:00,3.18,3.46,2.82,2.82,37971,,,3.046252
2024-11-19 00:00:00+00:00,3.1,3.3642,3.09,3.22,20293,,,3.053252
2024-11-20 00:00:00+00:00,2.935,3.195,2.9,3.05,36633,,,3.0567520000000004
2024-11-21 00:00:00+00:00,2.82,2.94,2.82,2.86,14648,,,3.061952
2024-11-22 00:00:00+00:00,2.81,2.897,2.75,2.811,27454,,,3.065152
2024-11-25 00:00:00+00:00,2.8,2.9102,2.78,2.79,43064,,,3.066352
2024-11-26 00:00:00+00:00,2.8,2.82,2.78,2.8128,9854,,,3.068752
2024-11-27 00:00:00+00:00,2.77,2.8501,2.74,2.78,33299,,,3.071752
2024-11-29 00:00:00+00:00,2.76,2.8,2.75,2.8,11928,,,3.073352
2024-12-02 00:00:00+00:00,2.6612,2.78,2.65,2.7,25066,,,3.068776
2024-12-03 00:00:00+00:00,2.6661,2.7055,2.65,2.66,3481,,,3.056298
2024-12-04 00:00:00+00:00,2.7384,2.76,2.65,2.65,14713,,,3.039466
2024-12-05 00:00:00+00:00,2.61,2.89,2.5948,2.62,40581,,,3.015466
2024-12-06 00:00:00+00:00,2.76,2.78,2.62,2.66,16312,,,2.9966659999999994
2024-12-09 00:00:00+00:00,2.85,2.85,2.7101,2.79,11968,,,2.982666
2024-12-10 00:00:00+00:00,2.76,2.85,2.7147,2.85,11497,,,2.9646660000000002
2024-12-11 00:00:00+00:00,2.74,2.87,2.7017,2.73,14583,,,2.9508659999999995
2024-12-12 00:00:00+00:00,2.79,2.91,2.7,2.74,30428,,,2.941066
2024-12-13 00:00:00+00:00,2.82,2.91,2.6501,2.785,16465,,,2.933066
2024-12-16 00:00:00+00:00,2.68,2.91,2.65,2.75,34050,,,2.928066
2024-12-17 00:00:00+00:00,2.78,2.91,2.65,2.65,21677,,,2.924666
2024-12-18 00:00:00+00:00,2.85,2.92,2.83,2.87,19134,,,2.9250659999999997
2024-12-19 00:00:00+00:00,2.89,2.97,2.78,2.91,6823,,,2.9258659999999996
2024-12-20 00:00:00+00:00,2.72,2.865,2.65,2.67,69471,,,2.922166
2024-12-23 00:00:00+00:00,2.68,2.6823,2.59,2.6823,9723,,,2.9151659999999997
2024-12-24 00:00:00+00:00,2.651,2.73,2.5899,2.5961,7128,,,2.9105860000000003
2024-12-26 00:00:00+00:00,2.67,2.7499,2.59,2.59,18419,,,2.902038
2024-12-27 00:00:00+00:00,2.66,2.67,2.6101,2.65,3893,,,2.8930379999999998
2024-12-30 00:00:00+00:00,2.6,2.61,2.5101,2.59,22911,,,2.8848380000000002
2024-12-31 00:00:00+00:00,2.52,2.61,2.52,2.52,17313,,,2.8756380000000004
2025-01-02 00:00:00+00:00,2.632,2.6399,2.51,2.55,11098,,,2.869078
2025-01-03 00:00:00+00:00,2.63,2.63,2.57,2.6,15777,,,2.861078
2025-01-06 00:00:00+00:00,2.65,2.7404,2.61,2.63,57497,,,2.848278
2025-01-07 00:00:00+00:00,2.81,2.91,2.6601,2.73,149600,,,2.840478
2025-01-08 00:00:00+00:00,2.72,2.8503,2.7,2.75,11525,,,2.834278
2025-01-10 00:00:00+00:00,2.63,2.71,2.557,2.68,14625,,,2.826278
2025-01-13 00:00:00+00:00,2.68,2.73,2.53,2.53,5299,,,2.816478
2025-01-14 00:00:00+00:00,2.86,2.8869,2.74,2.74,13897,,,2.812478
2025-01-15 00:00:00+00:00,2.8513,2.8926,2.79,2.86,5550,,,2.810304
2025-01-16 00:00:00+00:00,2.9,2.91,2.8701,2.8701,5304,,,2.8089
2025-01-17 00:00:00+00:00,2.8879,2.9493,2.7202,2.8832,4394,,,2.805658
2025-01-21 00:00:00+00:00,2.8,2.93,2.785,2.855,9565,,,2.802858
2025-01-22 00:00:00+00:00,2.77,2.85,2.75,2.85,13929,,,2.797658
2025-01-23 00:00:00+00:00,2.82,2.9,2.76,2.771,7062,,,2.795258
2025-01-24 00:00:00+00:00,2.83,2.928,2.77,2.84,6421,,,2.791058
2025-01-27 00:00:00+00:00,2.84,2.852,2.762,2.852,1352,,,2.7886580000000003
2025-01-28 00:00:00+00:00,2.86,2.86,2.8,2.8,1792,,,2.782058
2025-01-29 00:00:00+00:00,2.81,2.855,2.8014,2.81,2217,,,2.777858
2025-01-30 00:00:00+00:00,2.85,2.86,2.78,2.78,4500,,,2.7744579999999996
2025-01-31 00:00:00+00:00,2.83,2.89,2.77,2.77,4276,,,2.774658
2025-02-03 00:00:00+00:00,2.87,2.9131,2.76,2.835,3733,,,2.768458
2025-02-04 00:00:00+00:00,2.82,2.85,2.8001,2.83,4892,,,2.762858
2025-02-05 00:00:00+00:00,2.895,2.92,2.7801,2.7801,11980,,,2.762058
2025-02-06 00:00:00+00:00,2.96,3.1198,2.89,2.94,13503,,,2.764858
2025-02-07 00:00:00+00:00,3.04,3.05,2.87,2.87,2876,,,2.769458
2025-02-10 00:00:00+00:00,2.92,3.05,2.8501,3.038,6486,,,2.771858
2025-02-11 00:00:00+00:00,2.975,3.0441,2.8801,2.8801,5451,,,2.7753579999999998
2025-02-12 00:00:00+00:00,2.93,3.05,2.85,2.85,11884,,,2.778558
2025-02-13 00:00:00+00:00,2.92,3.0348,2.87,2.91,9703,,,2.781758
2025-02-14 00:00:00+00:00,2.89,3.03,2.89,2.89,938,,,2.786334
2025-02-18 00:00:00+00:00,2.92,3.05,2.87,2.87,16909,,,2.791412
2025-02-19 00:00:00+00:00,2.925,2.975,2.9,2.9,6079,,,2.795144
2025-02-20 00:00:00+00:00,2.95,2.9594,2.9,2.9,4537,,,2.8019439999999998
2025-02-21 00:00:00+00:00,2.8096,3.05,2.8096,3.0,8123,,,2.8029360000000003
2025-02-24 00:00:00+00:00,2.73,2.93,2.72,2.85,3635,,,2.800536
2025-02-25 00:00:00+00:00,2.88,2.8825,2.74,2.8825,6808,,,2.802936
2025-02-26 00:00:00+00:00,2.6842,2.73,2.666,2.73,8333,,,2.80182
2025-02-27 00:00:00+00:00,2.65,2.75,2.65,2.684,14086,,,2.79902
2025-02-28 00:00:00+00:00,2.71,2.71,2.52,2.57,27638,,,2.7968200000000003
2025-03-03 00:00:00+00:00,2.53,2.63,2.5201,2.58,6207,,,2.79382
2025-03-04 00:00:00+00:00,2.41,2.57,2.395,2.57,17334,,,2.78642
2025-03-05 00:00:00+00:00,2.54,2.55,2.48,2.5,5724,,,2.78022
2025-03-06 00:00:00+00:00,2.58,2.64,2.43,2.5435,11283,,,2.7740200000000006
2025-03-07 00:00:00+00:00,2.68,2.68,2.42,2.58,6028,,,2.7732200000000002
2025-03-10 00:00:00+00:00,2.61,2.68,2.52,2.68,6372,,,2.77182
2025-03-11 00:00:00+00:00,2.61,2.65,2.48,2.65,5203,,,2.7709999999999995
2025-03-12 00:00:00+00:00,2.49,2.58,2.42,2.56,3927,,,2.7674000000000003
2025-03-13 00:00:00+00:00,2.05,2.45,2.045,2.44,57836,,,2.7552000000000003
2025-03-14 00:00:00+00:00,2.07,2.235,2.05,2.05,11177,,,2.7445999999999997
2025-03-17 00:00:00+00:00,2.09,2.1,2.0546,2.0701,3627,,,2.736
2025-03-18 00:00:00+00:00,2.17,2.17,2.0101,2.055,5499,,,2.72676
2025-03-19 00:00:00+00:00,2.09,2.17,2.0898,2.16,7811,,,2.71596
2025-03-20 00:00:00+00:00,2.04,2.14,2.01,2.05,11290,,,2.70376
2025-03-21 00:00:00+00:00,2.04,2.15,2.02,2.1,19562,,,2.6883600000000003
2025-03-24 00:00:00+00:00,2.12,2.29,2.05,2.06,47961,,,2.67636
2025-03-25 00:00:00+00:00,2.23,2.29,2.12,2.14,18452,,,2.6683600000000003
2025-03-26 00:00:00+00:00,2.27,2.275,2.21,2.2497,2742,,,2.6601599999999994
2025-03-27 00:00:00+00:00,2.258,2.334,2.2,2.23,6523,,,2.64812
2025-03-28 00:00:00+00:00,2.21,2.28,2.19,2.235,6864,,,2.635294
2025-03-31 00:00:00+00:00,2.18,2.31,2.16,2.18,2413,,,2.6208940000000003
2025-04-01 00:00:00+00:00,2.22,2.45,2.1793,2.18,4297,,,2.607536
2025-04-02 00:00:00+00:00,2.33,2.33,2.23,2.24,4074,,,2.5981360000000002
2025-04-03 00:00:00+00:00,2.31,2.33,2.2701,2.33,3216,,,2.588936
2025-04-04 00:00:00+00:00,2.21,2.5534,2.2001,2.27,9831,,,2.5767360000000004
2025-04-07 00:00:00+00:00,2.15,2.2522,2.01,2.16,7736,,,2.563136
2025-04-08 00:00:00+00:00,2.17,2.2347,2.17,2.2347,2002,,,2.5497360000000002
2025-04-09 00:00:00+00:00,2.17,2.3,2.1001,2.1128,19509,,,2.535936
2025-04-10 00:00:00+00:00,2.3,2.3,2.05,2.05,1659,,,2.525736
2025-04-11 00:00:00+00:00,2.2,2.4,2.15,2.15,50023,,,2.512736
2025-04-14 00:00:00+00:00,2.2355,2.2355,2.2355,2.2355,793,,,2.500846
2025-04-15 00:00:00+00:00,2.15,2.255,2.0731,2.1374,11120,,,2.4864460000000004
2025-04-16 00:00:00+00:00,2.3,2.3399,2.1,2.1,4488,,,2.476046
2025-04-17 00:00:00+00:00,2.2,2.3,2.1515,2.29,3249,,,2.462146
2025-04-21 00:00:00+00:00,2.1501,2.1501,2.15,2.15,3124,,,2.445948
2025-04-22 00:00:00+00:00,2.1657,2.1657,2.1657,2.1657,786,,,2.428462
2025-04-23 00:00:00+00:00,2.445,2.445,2.25,2.3,31383,,,2.418962
2025-04-24 00:00:00+00:00,2.66,2.66,2.41,2.49,19431,,,2.412662
2025-04-25 00:00:00+00:00,2.66,2.66,2.2201,2.44,15469,,,2.4072620000000002
2025-04-28 00:00:00+00:00,2.6,2.6,2.5301,2.55,6360,,,2.400862
2025-04-29 00:00:00+00:00,2.66,2.66,2.48,2.59,12682,,,2.3962619999999997
2025-04-30 00:00:00+00:00,2.471,2.6,2.3228,2.6,2760,,,2.387282
2025-05-01 00:00:00+00:00,2.44,2.455,2.23,2.34,8718,,,2.377582
2025-05-02 00:00:00+00:00,2.43,2.48,2.37,2.44,3775,,,2.367182
2025-05-05 00:00:00+00:00,2.215,2.7,2.15,2.46,64090,,,2.35529
2025-05-06 00:00:00+00:00,2.31,2.5,2.19,2.19,12630,,,2.34689
2025-05-07 00:00:00+00:00,2.31,2.58,2.21,2.34,21452,,,2.3354899999999996
2025-05-08 00:00:00+00:00,2.415,2.65,2.245,2.42,21179,,,2.3301060000000002
2025-05-09 00:00:00+00:00,2.34,2.48,2.3142,2.36,5573,,,2.323906
2025-05-12 00:00:00+00:00,2.42,2.68,2.34,2.35,87532,,,2.318106
2025-05-13 00:00:00+00:00,2.41,2.62,2.36,2.5385,11723,,,2.315706
2025-05-14 00:00:00+00:00,2.35,2.6418,2.35,2.55,8956,,,2.314506
2025-05-15 00:00:00+00:00,2.415,2.495,2.35,2.35,18511,,,2.3120060000000002
2025-05-16 00:00:00+00:00,2.4,2.69,2.2,2.36,47970,,,2.3084059999999997
2025-05-19 00:00:00+00:00,2.1204,2.42,2.11,2.42,29895,,,2.297214
2025-05-20 00:00:00+00:00,2.15,2.1505,2.05,2.14,29812,,,2.288014
2025-05-21 00:00:00+00:00,1.99,2.12,1.98,2.1,14963,,,2.275614
2025-05-22 00:00:00+00:00,1.6829,1.95,1.5,1.95,119273,,1.7109666666666667,2.259472
2025-05-23 00:00:00+00:00,1.56,1.685,1.53,1.65,41438,,1.6802061499627698,2.2496720000000003
2025-05-27 00:00:00+00:00,1.67,1.77,1.54,1.54,12347,,1.6787645215284281,2.241672
2025-05-28 00:00:00+00:00,1.745,1.75,1.6201,1.67,30781,,1.6827312810600523,2.234772
2025-05-29 00:00:00+00:00,1.8,1.82,1.69,1.7,4808,,1.6847422757096915,2.227372
2025-05-30 00:00:00+00:00,1.8,1.85,1.76,1.76,17296,,1.6938204544213953,2.221572
2025-06-02 00:00:00+00:00,1.8,1.808,1.75,1.77,9255,,1.6974477033534865,2.216772
2025-06-03 00:00:00+00:00,1.9,1.92,1.8,1.8,26725,,1.7153939832189866,2.213972
2025-06-04 00:00:00+00:00,1.88,2.0,1.88,1.91,12123,,1.7244451598150186,2.209172
2025-06-05 00:00:00+00:00,1.98,1.98,1.86,1.86,4559,,1.7279724278698034,2.204172
2025-06-06 00:00:00+00:00,1.94,2.02,1.75,1.8,12999,,1.7357895922781121,2.197572
2025-06-09 00:00:00+00:00,1.9,1.9299,1.85,1.87,14296,,1.7431507194072133,2.1904120000000002
2025-06-10 00:00:00+00:00,1.83,1.88,1.795,1.88,51322,,1.756346683761545,2.1828119999999998
2025-06-11 00:00:00+00:00,1.855,1.89,1.8,1.8,23366,,1.7619941557099361,2.1763120000000002
2025-06-12 00:00:00+00:00,1.8781,1.9,1.8001,1.9,2660,,1.7626702180659342,2.169474
2025-06-13 00:00:00+00:00,1.8,1.87,1.8,1.84,10314,,1.7642600040993113,2.158874
2025-06-16 00:00:00+00:00,1.8,1.8043,1.78,1.8,16142,,1.7654619414666843,2.148674
2025-06-17 00:00:00+00:00,1.85,1.9,1.8,1.85,5924,,1.766666873422066,2.141474
2025-06-18 00:00:00+00:00,1.89,1.9,1.8244,1.84,4043,,1.7676764870577184,2.1362740000000002
2025-06-20 00:00:00+00:00,1.81,1.94,1.81,1.89,12464,,1.770147073638253,2.129074
2025-06-23 00:00:00+00:00,1.88,1.9,1.8,1.83,12918,,1.7727551227981082,2.1232740000000003
2025-06-24 00:00:00+00:00,1.87,1.87,1.8,1.8101,12880,,1.77483398735914,2.114674
2025-06-25 00:00:00+00:00,1.83,1.87,1.81,1.81,9157,,1.7760461773962186,2.1072740000000003
2025-06-26 00:00:00+00:00,1.94,1.9482,1.81,1.81,19855,,1.7810758833133102,2.1013640000000002
2025-06-27 00:00:00+00:00,2.05,2.05,1.9301,1.94,17189,,1.7888824379364743,2.099364
2025-06-30 00:00:00+00:00,2.0,2.1,1.85,2.02,23773,,1.7976390582053274,2.093364
2025-07-01 00:00:00+00:00,2.05,2.05,1.94,2.05,15648,,1.8038485200209726,2.0903639999999997
2025-07-02 00:00:00+00:00,1.88,1.9504,1.88,1.935,1502,,1.8041230352666477,2.084962
2025-07-03 00:00:00+00:00,2.02,2.065,1.93,1.93,11742,,1.80835920903833,2.082048
2025-07-07 00:00:00+00:00,1.99,2.1,1.968,2.03,9207,,1.8117910432633808,2.0729480000000002
2025-07-08 00:00:00+00:00,2.01,2.13,1.93,2.09,4357,,1.8134070137205016,2.059948
2025-07-09 00:00:00+00:00,1.9974,2.132,1.97,1.97,3152,,1.8146146148458768,2.046696
2025-07-10 00:00:00+00:00,2.15,2.1999,1.97,1.97,11753,,1.820478759132568,2.037696
2025-07-11 00:00:00+00:00,2.28,2.32,2.17,2.17,2064,,1.8220116091069445,2.030096
2025-07-14 00:00:00+00:00,2.18,2.2748,2.1,2.245,29192,,1.8391957105752033,2.024276
2025-07-15 00:00:00+00:00,2.2075,2.2535,2.1252,2.1252,4864,,1.841983948622546,2.019626
2025-07-16 00:00:00+00:00,2.25,2.35,2.03,2.1,12082,,1.8490030180855708,2.016026
2025-07-17 00:00:00+00:00,2.19,2.35,2.1218,2.22,17839,,1.8591808577290758,2.015526
2025-07-18 00:00:00+00:00,2.24,2.37,2.14,2.14,15756,,1.8684119617528525,2.014126
2025-07-21 00:00:00+00:00,2.2,2.2849,2.11,2.2,5925,,1.871316294100457,2.011926
2025-07-22 00:00:00+00:00,2.19,2.44,2.11,2.26,19698,,1.8819901496296554,2.007426
2025-07-23 00:00:00+00:00,2.55,2.59,2.19,2.19,58433,,1.9256595001781782,2.011626
2025-07-24 00:00:00+00:00,2.46,3.05,1.9001,2.7,184131,2.4700333333333333,2.032834997555026,2.0124259999999996
2025-07-25 00:00:00+00:00,2.32,2.43,2.17,2.43,20329,2.4537901514558675,2.0386604838313023,2.0106260000000002
2025-07-28 00:00:00+00:00,2.27,2.48,2.22,2.27,14357,2.445230631227616,2.0428742048117163,2.009026
2025-07-29 00:00:00+00:00,2.25,2.39,2.2,2.23,15839,2.434077760778899,2.0466842302738515,2.005726
2025-07-30 00:00:00+00:00,2.2336,2.32,2.175,2.2,1842,2.4325884846101586,2.0470501285077205,2.002398
2025-07-31 00:00:00+00:00,2.29,2.29,2.18,2.18,7143,2.4273331312600646,2.0485313681731574,2.00579
2025-08-01 00:00:00+00:00,2.1,2.19,2.0,2.19,4906,2.4208061980229094,2.048767598375994,2.00479
2025-08-04 00:00:00+00:00,2.4,2.4,2.17,2.2299,9787,2.417113432352433,2.051429603961213,2.0129900000000003
2025-08-05 00:00:00+00:00,2.235,2.33,2.1323,2.33,2279,2.415498447890167,2.051837327235551,2.024032
2025-08-06 00:00:00+00:00,2.24,2.32,2.11,2.15,16161,2.404277811499636,2.0545336599879684,2.037632
2025-08-07 00:00:00+00:00,2.27,2.42,2.11,2.42,9466,2.399726990171419,2.0564693902122784,2.049632
2025-08-08 00:00:00+00:00,2.3,2.4399,2.2,2.4399,11892,2.3962795582717282,2.059380251188226,2.0607320000000002
2025-08-11 00:00:00+00:00,2.33,2.48,2.15,2.27,54523,2.384486189807792,2.0722540322492966,2.071332
2025-08-12 00:00:00+00:00,2.26,2.4,2.25,2.38,2804,2.3838460242484603,2.072839571803816,2.080532
2025-08-13 00:00:00+00:00,2.43,2.6,2.31,2.35,62346,2.39322029160334,2.0927780658199633,2.0931319999999998
2025-08-14 00:00:00+00:00,2.4,2.4,2.34,2.3412,1310,2.393178969813377,2.093099591335992,2.1031320000000004
2025-08-15 00:00:00+00:00,2.3259,2.5149,2.29,2.47,18925,2.392477096307796,2.0976166866387307,2.11205
2025-08-18 00:00:00+00:00,2.21,2.39,2.21,2.34,14903,2.3884472820347527,2.0997503178402472,2.1166500000000004
2025-08-19 00:00:00+00:00,2.28,2.43,2.21,2.21,3382180,2.3163252766425835,2.252343231927186,2.12345
2025-08-20 00:00:00+00:00,1.99,2.55,1.93,2.48,975453,2.2839508852855324,2.235562743415664,2.12525
2025-08-21 00:00:00+00:00,1.89,2.01,1.7,1.95,247272,2.263550370421044,2.2198598414566626,2.12645
2025-08-22 00:00:00+00:00,1.84,1.9518,1.7983,1.89,64758,2.2584914031126613,2.21592949450437,2.12615
2025-08-25 00:00:00+00:00,2.26,2.39,1.84,1.84,232322,2.25436299782182,2.2139283239674845,2.133788
2025-08-26 00:00:00+00:00,2.2,2.29,2.1022,2.11,29234,2.254053709899517,2.213849568183462,2.141788
2025-08-27 00:00:00+00:00,2.41,2.93,2.2,2.67,34720390,2.4785242299710353,2.4683599546522386,2.153988
2025-08-28 00:00:00+00:00,2.26,2.4,2.0,2.26,617581,2.4746035205015744,2.4646616099514804,2.162188
2025-08-29 00:00:00+00:00,2.38,2.44,2.1629,2.32,303165,2.4735174536363718,2.463667216978714,2.171988
2025-09-02 00:00:00+00:00,2.19,2.3232,2.1202,2.27,173331,2.472413550349778,2.46262377928037,2.179588
2025-09-03 00:00:00+00:00,2.19,2.21,2.1,2.11,103715,2.471645784286884,2.4618938705336175,2.185788
2025-09-04 00:00:00+00:00,2.26,2.265,2.0797,2.13,150886,2.4706627207779306,2.4609631671925647,2.193588
2025-09-05 00:00:00+00:00,2.19,2.24,2.1511,2.19,36397,2.470419753731055,2.46073287824275,2.2007879999999997
2025-09-08 00:00:00+00:00,2.0,2.15,2.0,2.08,79512,2.4696155894817386,2.4599611865609208,2.2019879999999996
2025-09-09 00:00:00+00:00,1.93,1.9771,1.88,1.94,74828,2.4686442437628484,2.459024090513348,2.199588
2025-09-10 00:00:00+00:00,1.98,2.22,1.9302,1.98,151813,2.4670996475290092,2.4575410884951023,2.199188
2025-09-11 00:00:00+00:00,2.03,2.09,1.96,1.975,24220,2.466844571326319,2.4572959509875254,2.198788
2025-09-12 00:00:00+00:00,2.02,2.1387,2.0,2.1387,53994,2.4663108146661785,2.4567836953612914,2.201588
