date,Close,High,Low,Open,Volume,aVWAP_peak_736,aVWAP_valley_902,SMA_50
2022-01-03 00:00:00+00:00,38.85,40.1,38.1,39.9,957862,,,
2022-01-04 00:00:00+00:00,40.5,41.25,39.05,39.2,1094666,,,
2022-01-05 00:00:00+00:00,35.5,40.0,35.3,39.9,1766634,,,
2022-01-06 00:00:00+00:00,34.25,35.15,32.65,33.35,1407904,,,
2022-01-07 00:00:00+00:00,33.05,34.75,32.4,33.55,1554939,,,
2022-01-10 00:00:00+00:00,33.05,33.2495,30.8,31.15,1560193,,,
2022-01-11 00:00:00+00:00,33.95,34.6,31.925,32.9,1307932,,,
2022-01-12 00:00:00+00:00,34.6,36.2,33.95,35.35,1126105,,,
2022-01-13 00:00:00+00:00,32.3,35.4,32.15,35.0,950921,,,
2022-01-14 00:00:00+00:00,33.1,33.7,31.5,31.75,809170,,,
2022-01-18 00:00:00+00:00,30.9,32.6,30.825,32.3,996066,,,
2022-01-19 00:00:00+00:00,30.35,32.1395,30.25,31.25,799362,,,
2022-01-20 00:00:00+00:00,31.15,33.45,30.9,31.1,1003007,,,
2022-01-21 00:00:00+00:00,26.85,29.4,26.45,28.85,2195991,,,
2022-01-24 00:00:00+00:00,27.0,27.1,22.6,22.75,2921414,,,
2022-01-25 00:00:00+00:00,27.4,28.3,25.75,26.825,1070672,,,
2022-01-26 00:00:00+00:00,28.8,31.95,28.2,29.35,3296641,,,
2022-01-27 00:00:00+00:00,25.6,29.45,25.5,29.25,1722219,,,
2022-01-28 00:00:00+00:00,27.6,27.8,24.7,25.9845,1673294,,,
2022-01-31 00:00:00+00:00,29.7,30.15,27.1,27.6,1065065,,,
2022-02-01 00:00:00+00:00,32.4,33.5,29.7005,31.5,2705013,,,
2022-02-02 00:00:00+00:00,30.45,32.75,29.4,32.7,1533790,,,
2022-02-03 00:00:00+00:00,28.9,30.4005,28.75,29.55,941984,,,
2022-02-04 00:00:00+00:00,32.45,32.95,28.95,30.2,2202891,,,
2022-02-07 00:00:00+00:00,35.9,37.2,34.9,35.15,2829473,,,
2022-02-08 00:00:00+00:00,36.75,36.825,34.6,35.3,1504405,,,
2022-02-09 00:00:00+00:00,39.1,39.8,37.0,37.25,1871920,,,
2022-02-10 00:00:00+00:00,38.2,41.7,36.75,37.1,2829910,,,
2022-02-11 00:00:00+00:00,35.65,39.25,35.15,38.6,2066399,,,
2022-02-14 00:00:00+00:00,34.45,37.1055,34.125,35.125,1350473,,,
2022-02-15 00:00:00+00:00,36.9,38.3,35.7,36.7,1430148,,,
2022-02-16 00:00:00+00:00,35.9,36.6995,35.225,35.5,1092894,,,
2022-02-17 00:00:00+00:00,31.95,35.2,31.7,34.85,1597486,,,
2022-02-18 00:00:00+00:00,29.7,31.85,29.4005,31.8,1301661,,,
2022-02-22 00:00:00+00:00,28.3,29.45,27.575,28.45,1437739,,,
2022-02-23 00:00:00+00:00,26.95,29.7,26.75,29.25,1207068,,,
2022-02-24 00:00:00+00:00,28.55,28.8,24.1,24.5,1547490,,,
2022-02-25 00:00:00+00:00,28.7,29.375,27.5,29.35,1035163,,,
2022-02-28 00:00:00+00:00,30.55,31.15,28.25,28.3,1688451,,,
2022-03-01 00:00:00+00:00,30.55,32.75,30.05,32.7,1882001,,,
2022-03-02 00:00:00+00:00,31.05,31.9,29.757,30.3,1386611,,,
2022-03-03 00:00:00+00:00,28.45,31.25,28.2,31.2,1050183,,,
2022-03-04 00:00:00+00:00,26.6,28.6405,26.3,27.7,1102098,,,
2022-03-07 00:00:00+00:00,24.65,27.3,24.6,26.95,1355874,,,
2022-03-08 00:00:00+00:00,25.4,26.5,24.25,24.75,1545565,,,
2022-03-09 00:00:00+00:00,28.2,28.9,27.1,27.54,1672766,,,
2022-03-10 00:00:00+00:00,27.0,27.25,25.85,26.8,1269808,,,
2022-03-11 00:00:00+00:00,24.95,27.65,24.9,27.65,1202063,,,
2022-03-14 00:00:00+00:00,23.15,25.5,22.8,25.0,1912399,,,
2022-03-15 00:00:00+00:00,24.05,24.2,22.65,23.45,1672167,,,31.006
2022-03-16 00:00:00+00:00,26.05,26.05,24.044,24.75,2494028,,,30.75
2022-03-17 00:00:00+00:00,27.85,27.95,24.6,24.7,1318783,,,30.497000000000003
2022-03-18 00:00:00+00:00,28.85,29.1475,26.8525,27.4,1728085,,,30.364
2022-03-21 00:00:00+00:00,28.45,29.5465,27.55,28.5,1055841,,,30.248
2022-03-22 00:00:00+00:00,29.35,30.65,29.1,29.6,1335903,,,30.173999999999996
2022-03-23 00:00:00+00:00,28.75,30.3965,28.05,29.1,1589352,,,30.087999999999997
2022-03-24 00:00:00+00:00,30.55,30.6,28.275,29.4,2332545,,,30.02
2022-03-25 00:00:00+00:00,29.5,31.7,28.979,31.25,1614083,,,29.918000000000003
2022-03-28 00:00:00+00:00,31.2,33.5,30.4,31.35,2866877,,,29.896
2022-03-29 00:00:00+00:00,30.45,31.4,28.875,31.0,2217712,,,29.842999999999996
2022-03-30 00:00:00+00:00,29.0,30.25,28.85,30.0,1418788,,,29.805
2022-03-31 00:00:00+00:00,27.6,29.4505,27.5,29.05,1154220,,,29.75
2022-04-01 00:00:00+00:00,27.8,28.697,27.2,27.7,1112529,,,29.683000000000003
2022-04-04 00:00:00+00:00,27.75,28.1475,27.0,27.95,1158482,,,29.701
2022-04-05 00:00:00+00:00,26.15,28.15,25.8,27.95,1635192,,,29.683999999999997
2022-04-06 00:00:00+00:00,24.7,25.75,24.05,25.55,1598516,,,29.63
2022-04-07 00:00:00+00:00,24.4,25.075,23.4,24.55,1023909,,,29.542
2022-04-08 00:00:00+00:00,23.45,24.475,23.45,24.0,871762,,,29.499000000000002
2022-04-11 00:00:00+00:00,22.85,23.7,22.15,22.9,921354,,,29.404
2022-04-12 00:00:00+00:00,22.25,24.0995,21.95,23.3,896723,,,29.255
2022-04-13 00:00:00+00:00,23.35,23.65,22.15,22.25,522984,,,29.073999999999998
2022-04-14 00:00:00+00:00,22.1,23.5,21.95,23.5,863006,,,28.907000000000004
2022-04-18 00:00:00+00:00,21.65,22.35,20.87,22.05,872925,,,28.761999999999997
2022-04-19 00:00:00+00:00,22.7,22.75,21.41,21.6,867736,,,28.566999999999997
2022-04-20 00:00:00+00:00,21.75,23.25,21.475,23.25,755165,,,28.284000000000002
2022-04-21 00:00:00+00:00,20.6,23.1,20.4005,22.5,1083349,,,27.961000000000002
2022-04-22 00:00:00+00:00,19.5,20.8255,19.3,20.35,1357899,,,27.569000000000003
2022-04-25 00:00:00+00:00,19.6,19.7,18.65,19.0,1552595,,,27.197
2022-04-26 00:00:00+00:00,17.75,19.55,17.7,19.55,1454597,,,26.839000000000002
2022-04-27 00:00:00+00:00,17.95,18.8445,17.7,17.9,1465118,,,26.509
2022-04-28 00:00:00+00:00,18.9,19.275,17.15,18.25,1510787,,,26.148999999999997
2022-04-29 00:00:00+00:00,17.8,19.8995,17.8,18.4,1454526,,,25.787000000000003
2022-05-02 00:00:00+00:00,18.5,18.625,17.45,17.8,1055174,,,25.518
2022-05-03 00:00:00+00:00,18.5,19.05,18.15,18.35,930911,,,25.294
2022-05-04 00:00:00+00:00,20.05,20.05,17.925,18.7,1413868,,,25.129
2022-05-05 00:00:00+00:00,18.15,19.5,17.65,19.5,1085887,,,24.952999999999996
2022-05-06 00:00:00+00:00,17.05,17.95,16.4505,17.6,1526169,,,24.723000000000003
2022-05-09 00:00:00+00:00,14.15,16.3475,13.9,15.85,1898500,,,24.432
2022-05-10 00:00:00+00:00,14.0,15.65,13.5,15.15,1502907,,,24.101
2022-05-11 00:00:00+00:00,12.2,13.95,12.1,12.9,2988871,,,23.734
2022-05-12 00:00:00+00:00,12.2,13.1,11.25,11.25,2490724,,,23.357000000000003
2022-05-13 00:00:00+00:00,13.7,14.5,13.1,13.3,2268414,,,23.062
2022-05-16 00:00:00+00:00,12.45,13.6,12.25,13.6,1931458,,,22.778999999999996
2022-05-17 00:00:00+00:00,13.25,13.6,12.7,13.4,2094554,,,22.551
2022-05-18 00:00:00+00:00,12.35,13.05,12.05,12.9,1951164,,,22.29
2022-05-19 00:00:00+00:00,12.35,13.1,12.1,12.45,2043165,,,21.973
2022-05-20 00:00:00+00:00,12.4,13.05,11.45,12.8,2558447,,,21.680999999999997
2022-05-23 00:00:00+00:00,12.2,12.5995,11.75,12.5,1632307,,,21.426000000000002
2022-05-24 00:00:00+00:00,11.2,11.9,10.967,11.9,1698617,,,21.186999999999998
2022-05-25 00:00:00+00:00,11.2,11.5,10.9,11.1,1621579,,,20.93
2022-05-26 00:00:00+00:00,11.55,11.85,10.525,10.75,2436144,,,20.64
2022-05-27 00:00:00+00:00,12.6,12.65,11.65,11.7,2016739,,,20.335
2022-05-31 00:00:00+00:00,12.75,13.95,12.6,13.45,3320612,,,20.013
2022-06-01 00:00:00+00:00,11.55,13.325,11.4,12.85,2490958,,,19.675
2022-06-02 00:00:00+00:00,11.95,12.25,11.25,11.55,1694731,,,19.327
2022-06-03 00:00:00+00:00,11.55,11.9,11.2,11.7,1668321,,,18.983
2022-06-06 00:00:00+00:00,11.05,12.15,10.95,12.05,2813602,,,18.593
2022-06-07 00:00:00+00:00,11.35,11.35,10.375,10.7,1786738,,,18.23
2022-06-08 00:00:00+00:00,10.75,11.7,10.6,11.25,1868618,,,17.820999999999998
2022-06-09 00:00:00+00:00,9.9,10.75,9.85,10.6,2165182,,,17.41
2022-06-10 00:00:00+00:00,9.4,9.9,9.2,9.55,1939050,,,17.018
2022-06-13 00:00:00+00:00,8.25,8.7,7.8,8.0,2896065,,,16.631
2022-06-14 00:00:00+00:00,8.45,8.8,8.0,8.5,2028787,,,16.244
2022-06-15 00:00:00+00:00,8.4,8.65,7.95,8.4,3253285,,,15.856999999999998
2022-06-16 00:00:00+00:00,7.7,8.2995,7.6,8.15,2237402,,,15.488
2022-06-17 00:00:00+00:00,7.95,8.25,7.6,7.7,2774398,,,15.153000000000002
2022-06-21 00:00:00+00:00,8.2,9.05,8.2,8.45,2617940,,,14.828999999999999
2022-06-22 00:00:00+00:00,7.75,8.35,7.7,7.95,1742519,,,14.515
2022-06-23 00:00:00+00:00,8.05,8.2,7.5,8.1,2713199,,,14.219000000000001
2022-06-24 00:00:00+00:00,8.65,8.7,8.15,8.39,1980896,,,13.947000000000001
2022-06-27 00:00:00+00:00,8.1,8.8,7.95,8.7,1911325,,,13.642000000000001
2022-06-28 00:00:00+00:00,7.35,8.3,7.25,8.15,1853105,,,13.346999999999998
2022-06-29 00:00:00+00:00,7.1,7.375,6.8,7.3,1557120,,,13.056
2022-06-30 00:00:00+00:00,6.65,7.0,6.45,6.75,2095184,,,12.735
2022-07-01 00:00:00+00:00,6.9,7.0,6.575,6.8,1110625,,,12.438000000000002
2022-07-05 00:00:00+00:00,7.45,7.45,6.35,6.75,2097885,,,12.175
2022-07-06 00:00:00+00:00,6.9,7.5485,6.7,7.4,1887053,,,11.923
2022-07-07 00:00:00+00:00,8.0,8.15,6.9,7.1,2322926,,,11.690999999999999
2022-07-08 00:00:00+00:00,8.15,8.95,7.65,7.85,3880456,,,11.499
2022-07-11 00:00:00+00:00,7.5,8.0,7.4,7.85,1909543,,,11.29
2022-07-12 00:00:00+00:00,7.35,7.65,7.15,7.45,2119826,,,11.059
2022-07-13 00:00:00+00:00,7.5,7.675,6.9005,7.05,2697707,,,10.853
2022-07-14 00:00:00+00:00,7.6,7.7995,7.05,7.3,3523577,,,10.635
2022-07-15 00:00:00+00:00,7.9,8.1,7.5,7.95,2489468,,,10.423
2022-07-18 00:00:00+00:00,8.75,10.05,8.35,8.4,6167008,,,10.197000000000001
2022-07-19 00:00:00+00:00,10.1,10.1,8.8,9.25,4314040,,,10.036
2022-07-20 00:00:00+00:00,10.7,11.25,10.05,10.65,5732306,,,9.909
2022-07-21 00:00:00+00:00,11.3,11.6,9.95,10.25,4384500,,,9.851999999999999
2022-07-22 00:00:00+00:00,10.3,11.85,10.05,11.55,3252227,,,9.777999999999999
2022-07-25 00:00:00+00:00,9.35,10.25,9.15,10.05,2953161,,,9.721
2022-07-26 00:00:00+00:00,8.8,9.05,8.45,8.85,2299058,,,9.653
2022-07-27 00:00:00+00:00,10.05,10.15,9.025,9.2,2980326,,,9.58
2022-07-28 00:00:00+00:00,10.85,10.95,9.6,9.9,3713095,,,9.548
2022-07-29 00:00:00+00:00,10.6,11.15,10.125,10.6,3931346,,,9.495
2022-08-01 00:00:00+00:00,10.4,11.175,9.925,10.3,2056155,,,9.456
2022-08-02 00:00:00+00:00,10.85,11.35,10.054,10.15,2559572,,,9.426
2022-08-03 00:00:00+00:00,12.0,12.1945,11.15,11.25,2225099,,,9.418000000000001
2022-08-04 00:00:00+00:00,11.5,12.525,11.45,12.0,2458969,,,9.404000000000002
2022-08-05 00:00:00+00:00,11.9,12.05,11.05,11.3,2527094,,,9.418
2022-08-08 00:00:00+00:00,12.5,13.0495,12.1,12.35,2798917,,,9.443999999999999
2022-08-09 00:00:00+00:00,12.15,12.275,11.45,12.1,1823967,,,9.456
2022-08-10 00:00:00+00:00,13.55,13.732,12.475,12.9,3574910,,,9.475
2022-08-11 00:00:00+00:00,14.8,16.6,14.45,15.1,3643828,,,9.516
2022-08-12 00:00:00+00:00,17.6,17.8,14.35,14.875,2991303,,,9.637
2022-08-15 00:00:00+00:00,17.8,18.5,16.45,17.2,3901434,,,9.754000000000001
2022-08-16 00:00:00+00:00,16.65,17.896,16.35,17.4,3006754,,,9.856
2022-08-17 00:00:00+00:00,14.95,16.45,14.8,15.9,3339875,,,9.934
2022-08-18 00:00:00+00:00,13.45,15.05,13.4025,15.0,2099468,,,9.976
2022-08-19 00:00:00+00:00,11.6,12.45,11.3,11.65,1869181,,,9.993
2022-08-22 00:00:00+00:00,10.65,11.25,10.4505,11.2,1819849,,,10.008
2022-08-23 00:00:00+00:00,11.0,11.475,10.525,10.95,1726043,,,10.04
2022-08-24 00:00:00+00:00,11.1,11.5,10.9,11.0,1586454,,,10.097000000000001
2022-08-25 00:00:00+00:00,11.3,11.5,10.85,11.35,1442502,,,10.154000000000002
2022-08-26 00:00:00+00:00,10.35,11.475,10.1005,11.25,3006241,,,10.193
2022-08-29 00:00:00+00:00,10.65,10.925,10.0,10.15,1701960,,,10.252
2022-08-30 00:00:00+00:00,10.2,11.1,9.85,10.95,2268902,,,10.297
2022-08-31 00:00:00+00:00,10.15,10.575,10.05,10.25,1522803,,,10.336000000000002
2022-09-01 00:00:00+00:00,9.8,10.025,9.4,9.8,1758897,,,10.377
2022-09-02 00:00:00+00:00,9.55,10.2,9.5,10.15,2135839,,,10.407
2022-09-06 00:00:00+00:00,9.15,9.738,9.0,9.6,1771451,,,10.417
2022-09-07 00:00:00+00:00,9.1,9.3,8.7,9.1,1525593,,,10.436999999999998
2022-09-08 00:00:00+00:00,10.5,10.6,8.85,9.0,2429189,,,10.5
2022-09-09 00:00:00+00:00,11.75,11.95,11.1,11.35,3015529,,,10.593
2022-09-12 00:00:00+00:00,12.0,12.475,11.5,12.2,2739291,,,10.7
2022-09-13 00:00:00+00:00,10.15,11.0,10.1,10.5,2895644,,,10.765
2022-09-14 00:00:00+00:00,10.375,10.55,9.85,10.3,1557095,,,10.823500000000001
2022-09-15 00:00:00+00:00,10.6,10.85,10.1,10.35,1640189,,,10.8975
2022-09-16 00:00:00+00:00,9.7,10.2,9.5,10.15,1797073,,,10.931500000000002
2022-09-19 00:00:00+00:00,9.6,9.85,9.3,9.45,1005778,,,10.9605
2022-09-20 00:00:00+00:00,9.15,9.525,9.05,9.4,1225836,,,10.9935
2022-09-21 00:00:00+00:00,9.55,10.1,9.1,9.3,2053167,,,11.0375
2022-09-22 00:00:00+00:00,9.0,9.65,8.85,9.55,2175193,,,11.0675
2022-09-23 00:00:00+00:00,8.45,8.9535,8.25,8.725,1611348,,,11.0845
2022-09-26 00:00:00+00:00,8.55,9.2,8.343,8.75,1600336,,,11.0975
2022-09-27 00:00:00+00:00,8.65,9.4,8.5,9.1,1312511,,,11.095500000000001
2022-09-28 00:00:00+00:00,9.45,9.45,8.5,8.65,1178221,,,11.0825
2022-09-29 00:00:00+00:00,9.05,9.2,8.65,9.2,1593335,,,11.0495
2022-09-30 00:00:00+00:00,8.9,9.65,8.7,8.85,1687083,,,11.0015
2022-10-03 00:00:00+00:00,9.55,9.6,8.9,9.2,1280498,,,10.9865
2022-10-04 00:00:00+00:00,10.4,10.5,9.95,10.0,2214627,,,11.0075
2022-10-05 00:00:00+00:00,10.35,10.45,9.6,9.85,1258270,,,11.038499999999999
2022-10-06 00:00:00+00:00,10.25,10.7855,10.15,10.15,1100975,,,11.0425
2022-10-07 00:00:00+00:00,9.5,10.2,9.3005,9.95,1374849,,,11.0155
2022-10-10 00:00:00+00:00,9.1,9.65,8.875,9.4,1405566,,,10.9855
2022-10-11 00:00:00+00:00,8.95,9.425,8.7005,9.1,1194889,,,10.9565
2022-10-12 00:00:00+00:00,9.1,9.2405,8.8,9.0,671542,,,10.921499999999998
2022-10-13 00:00:00+00:00,9.6,9.75,8.35,8.65,1082809,,,10.8735
2022-10-14 00:00:00+00:00,9.2,10.1,9.15,9.85,1509628,,,10.8275
2022-10-17 00:00:00+00:00,9.65,10.0,9.5,9.5,1278179,,,10.7825
2022-10-18 00:00:00+00:00,9.3,10.2,9.2,10.2,1455890,,,10.718499999999999
2022-10-19 00:00:00+00:00,9.6,9.6,8.975,9.2,1365754,,,10.6675
2022-10-20 00:00:00+00:00,9.2,9.85,9.1,9.55,1531966,,,10.580499999999999
2022-10-21 00:00:00+00:00,9.7,9.75,8.8,9.15,1161481,,,10.478499999999999
2022-10-24 00:00:00+00:00,9.9,10.0,9.25,9.7,1556064,,,10.3245
2022-10-25 00:00:00+00:00,11.6,11.86,9.75,9.75,2811415,,,10.2005
2022-10-26 00:00:00+00:00,11.3,12.4,11.125,11.8,2674338,,,10.0935
2022-10-27 00:00:00+00:00,10.6,11.888,10.55,11.5,1896048,,,10.006499999999999
2022-10-28 00:00:00+00:00,11.8,11.8,10.6,10.8,1522404,,,9.9735
2022-10-31 00:00:00+00:00,11.2,11.9,11.1,11.55,1244102,,,9.965499999999999
2022-11-01 00:00:00+00:00,10.9,11.7415,10.85,11.6,1465223,,,9.970500000000001
2022-11-02 00:00:00+00:00,10.5,11.625,10.45,10.8,1544617,,,9.960500000000001
2022-11-03 00:00:00+00:00,10.05,10.85,10.0,10.25,1056969,,,9.9395
2022-11-04 00:00:00+00:00,10.85,11.45,10.325,11.0,2340725,,,9.9305
2022-11-07 00:00:00+00:00,11.05,11.1,10.375,10.8,1204225,,,9.9445
2022-11-08 00:00:00+00:00,9.65,10.575,9.05,10.5,3876016,,,9.9245
2022-11-09 00:00:00+00:00,8.65,9.7,8.6,9.4,2144773,,,9.8935
2022-11-10 00:00:00+00:00,8.75,9.75,8.675,9.6,2798084,,,9.8655
2022-11-11 00:00:00+00:00,8.0,8.35,7.4,8.31,4319383,,,9.829500000000001
2022-11-14 00:00:00+00:00,7.25,7.8,7.2,7.7,1655600,,,9.7835
2022-11-15 00:00:00+00:00,7.15,7.7,7.0,7.5,2165831,,,9.743500000000001
2022-11-16 00:00:00+00:00,6.55,7.05,6.45,7.05,1585156,,,9.6925
2022-11-17 00:00:00+00:00,6.35,6.5,5.95,6.35,2999309,,,9.6095
2022-11-18 00:00:00+00:00,6.2,6.65,6.0,6.6,1316919,,,9.4985
2022-11-21 00:00:00+00:00,5.6,6.0,5.4,5.9,1338210,,,9.3705
2022-11-22 00:00:00+00:00,5.775,5.8,5.375,5.7,1600444,,,9.283000000000001
2022-11-23 00:00:00+00:00,6.1,6.2,5.75,5.8,1318619,,,9.1975
2022-11-25 00:00:00+00:00,6.0,6.1,5.85,6.05,426315,,,9.1055
2022-11-28 00:00:00+00:00,5.55,6.0,5.4,5.85,957667,,,9.0225
2022-11-29 00:00:00+00:00,5.55,5.7,5.5,5.65,809831,,,8.9415
2022-11-30 00:00:00+00:00,5.95,6.0,5.45,5.75,1369811,,,8.8775
2022-12-01 00:00:00+00:00,6.0,6.25,5.75,6.15,1164764,,,8.8065
2022-12-02 00:00:00+00:00,6.25,6.25,5.65,5.85,1239621,,,8.7515
2022-12-05 00:00:00+00:00,5.7,6.4,5.6005,6.4,1648980,,,8.6965
2022-12-06 00:00:00+00:00,5.55,5.7,5.35,5.7,1232230,,,8.6365
2022-12-07 00:00:00+00:00,5.3,5.6,5.174,5.45,1132625,,,8.5695
2022-12-08 00:00:00+00:00,5.4,5.55,5.15,5.35,1641449,,,8.488499999999998
2022-12-09 00:00:00+00:00,5.0,5.35,4.9665,5.35,1216890,,,8.4075
2022-12-12 00:00:00+00:00,5.05,5.05,4.825,5.0,684552,,,8.330499999999999
2022-12-13 00:00:00+00:00,5.2,5.65,5.0,5.45,1857904,,,8.2435
2022-12-14 00:00:00+00:00,5.25,5.35,5.05,5.2,1416094,,,8.1405
2022-12-15 00:00:00+00:00,4.823,5.05,4.722,5.0,791059,,,8.029959999999999
2022-12-16 00:00:00+00:00,4.626,4.8395,4.600505,4.7,1152028,,,7.917479999999999
2022-12-19 00:00:00+00:00,4.35,4.695,4.238,4.695,616457,,,7.81448
2022-12-20 00:00:00+00:00,4.3625,4.654,4.323,4.3515,400041,,,7.719730000000001
2022-12-21 00:00:00+00:00,4.5025,4.55,4.355,4.41,337499,,,7.630780000000001
2022-12-22 00:00:00+00:00,4.378,4.4,4.2345,4.3505,373314,,,7.53634
2022-12-23 00:00:00+00:00,4.313,4.4,4.233,4.2565,314551,,,7.430599999999999
2022-12-27 00:00:00+00:00,3.94,4.299,3.9,4.2665,587701,,,7.325399999999999
2022-12-28 00:00:00+00:00,4.0165,4.249,3.975,4.05,499643,,,7.2127300000000005
2022-12-29 00:00:00+00:00,4.2125,4.2855,4.0165,4.065,439889,,,7.11098
2022-12-30 00:00:00+00:00,4.25,4.282,4.0,4.0,361530,,,7.003979999999999
2023-01-03 00:00:00+00:00,4.088,4.55,4.055,4.266,436850,,,6.90174
2023-01-04 00:00:00+00:00,4.796,4.819,4.194,4.3,1082654,,,6.80366
2023-01-05 00:00:00+00:00,4.525,4.75,4.45,4.75,533153,,,6.69616
2023-01-06 00:00:00+00:00,4.574,4.699,4.354,4.6275,498230,,,6.5556399999999995
2023-01-09 00:00:00+00:00,5.35,5.7,4.895,4.95,1151134,,,6.43664
2023-01-10 00:00:00+00:00,5.9,5.9,5.15,5.4,1316922,,,6.34264
2023-01-11 00:00:00+00:00,5.85,6.3,5.6,6.1,1579260,,,6.2236400000000005
2023-01-12 00:00:00+00:00,7.15,7.2,5.75,6.4,2910074,,,6.14264
2023-01-13 00:00:00+00:00,7.9,7.95,6.7675,6.95,3066592,,,6.0826400000000005
2023-01-17 00:00:00+00:00,9.2,9.45,8.45,9.15,2948951,,,6.05664
2023-01-18 00:00:00+00:00,7.55,9.5,7.45,9.4,3898402,,,6.00664
2023-01-19 00:00:00+00:00,8.3,8.45,7.1495,7.25,2266054,,,5.955640000000001
2023-01-20 00:00:00+00:00,9.6,9.65,7.85,8.3,3594044,,,5.92664
2023-01-23 00:00:00+00:00,9.9,10.6,9.325,9.85,3585324,,,5.93164
2023-01-24 00:00:00+00:00,9.9,10.25,9.55,9.7,1722134,,,5.95664
2023-01-25 00:00:00+00:00,9.35,9.65,8.45,9.35,2388619,,,5.968640000000001
2023-01-26 00:00:00+00:00,9.425,10.15,9.4,9.95,1555724,,,5.997139999999999
2023-01-27 00:00:00+00:00,9.75,10.2,8.95,9.35,1886874,,,6.04714
2023-01-30 00:00:00+00:00,9.1,10.0055,9.05,9.5,2233867,,,6.08614
2023-01-31 00:00:00+00:00,9.65,9.9,9.2,9.25,1849228,,,6.14814
2023-02-01 00:00:00+00:00,10.8,11.05,9.25,9.6,2604070,,,6.237139999999999
2023-02-02 00:00:00+00:00,12.05,12.75,11.125,11.3,4626402,,,6.35414
2023-02-03 00:00:00+00:00,11.05,12.06,10.85,11.2,2707317,,,6.463140000000001
2023-02-06 00:00:00+00:00,11.9,12.4,10.65,10.71,2944427,,,6.58564
2023-02-07 00:00:00+00:00,10.85,12.45,10.55,12.1,3393802,,,6.68064
2023-02-08 00:00:00+00:00,10.75,11.4,10.419,10.65,2283696,,,6.775640000000001
2023-02-09 00:00:00+00:00,9.15,10.8,8.925,10.7,3212174,,,6.84764
2023-02-10 00:00:00+00:00,8.4,9.0945,8.25,8.975,1966210,,,6.9046400000000006
2023-02-13 00:00:00+00:00,8.1,8.3495,7.9,8.2,2103467,,,6.94764
2023-02-14 00:00:00+00:00,8.95,9.0,7.8,8.075,3012258,,,7.00664
2023-02-15 00:00:00+00:00,10.2,10.25,9.0,9.2,3123387,,,7.085640000000001
2023-02-16 00:00:00+00:00,9.9,11.0,9.6535,10.0,3860616,,,7.16964
2023-02-17 00:00:00+00:00,10.05,10.3,9.35,9.6,2938107,,,7.259640000000001
2023-02-21 00:00:00+00:00,9.1,10.075,9.1,9.5,1730621,,,7.33564
2023-02-22 00:00:00+00:00,9.0,9.3565,8.5,9.05,1695182,,,7.40764
2023-02-23 00:00:00+00:00,8.9,9.25,8.6,9.2,1199857,,,7.485640000000001
2023-02-24 00:00:00+00:00,8.15,8.7,7.95,8.6,1798475,,,7.54764
2023-02-27 00:00:00+00:00,8.35,8.85,8.2,8.45,1533548,,,7.610640000000001
2023-02-28 00:00:00+00:00,8.25,8.642,8.1005,8.3,2145765,,,7.670640000000001
2023-03-01 00:00:00+00:00,8.2,8.6,8.0,8.2,1377783,,,7.73818
2023-03-02 00:00:00+00:00,8.15,8.25,7.75,8.0,1208511,,,7.80866
2023-03-03 00:00:00+00:00,7.8,8.05,7.55,7.75,2117278,,,7.87766
2023-03-06 00:00:00+00:00,7.85,8.4,7.75,7.85,1640158,,,7.94741
2023-03-07 00:00:00+00:00,7.55,8.0,7.35,7.95,1913974,,,8.00836
2023-03-08 00:00:00+00:00,7.4,7.65,7.2,7.55,2233037,,,8.0688
2023-03-09 00:00:00+00:00,6.35,7.425,6.3,7.3,2077278,,,8.10954
2023-03-10 00:00:00+00:00,6.3,6.7,6.05,6.5,1682834,,,8.15674
2023-03-13 00:00:00+00:00,7.5,8.05,6.5,6.7,3755760,,,8.22641
2023-03-14 00:00:00+00:00,8.4,9.25,8.1,8.75,4137095,,,8.310160000000002
2023-03-15 00:00:00+00:00,8.25,8.55,7.7,8.4,1989504,,,8.390160000000002
2023-03-16 00:00:00+00:00,8.6,8.75,8.05,8.25,1418156,,,8.4804
2023-03-17 00:00:00+00:00,9.4,9.5,8.9,9.25,3380283,,,8.57248
2023-03-20 00:00:00+00:00,9.2,10.05,9.15,10.05,3328577,,,8.665980000000001
2023-03-21 00:00:00+00:00,10.0,10.05,9.05,9.25,2810203,,,8.7745
2023-03-22 00:00:00+00:00,8.75,10.35,8.75,10.0,3621603,,,8.8425
2023-03-23 00:00:00+00:00,9.6,9.9,8.9,9.15,2780474,,,8.916500000000001
2023-03-24 00:00:00+00:00,8.7,9.4,8.55,9.4,2299329,,,8.9735
2023-03-27 00:00:00+00:00,8.2,8.7,7.975,8.65,1516777,,,8.9945
2023-03-28 00:00:00+00:00,8.05,8.2,7.7,8.1,2277021,,,8.9975
2023-03-29 00:00:00+00:00,8.85,9.05,8.4,8.65,2196196,,,8.990499999999999
2023-03-30 00:00:00+00:00,8.7,9.05,8.6,8.95,1731234,,,9.013499999999999
2023-03-31 00:00:00+00:00,9.25,9.25,8.724,8.775,2163533,,,9.0325
2023-04-03 00:00:00+00:00,8.95,9.35,8.725,8.95,1525142,,,9.0195
2023-04-04 00:00:00+00:00,8.9,9.25,8.75,9.1,1221781,,,8.999500000000001
2023-04-05 00:00:00+00:00,8.35,9.0,8.2,8.9,1734834,,,8.9685
2023-04-06 00:00:00+00:00,8.4,8.5,7.95,8.1,743143,,,8.9495
2023-04-10 00:00:00+00:00,9.2,9.4,8.1,8.25,2765265,,,8.945
2023-04-11 00:00:00+00:00,9.9,10.2,9.55,9.65,4288404,,,8.948
2023-04-12 00:00:00+00:00,9.6,10.1,9.5,9.95,2856816,,,8.958
2023-04-13 00:00:00+00:00,10.95,11.2,9.8,9.85,4091577,,,8.984
2023-04-14 00:00:00+00:00,10.65,11.2,10.2,11.15,2854145,,,8.981
2023-04-17 00:00:00+00:00,9.9,10.147,9.55,9.8,2182460,,,8.937999999999999
2023-04-18 00:00:00+00:00,10.25,10.6545,10.1005,10.45,1608144,,,8.921999999999999
2023-04-19 00:00:00+00:00,9.45,9.75,9.35,9.65,1547491,,,8.873
2023-04-20 00:00:00+00:00,8.6,9.4,8.6,9.25,1736438,,,8.828
2023-04-21 00:00:00+00:00,8.45,8.85,8.325,8.6,2283412,,,8.782
2023-04-24 00:00:00+00:00,8.35,8.7,8.15,8.55,1534100,,,8.766
2023-04-25 00:00:00+00:00,8.5,8.75,8.2,8.45,1367177,,,8.767999999999999
2023-04-26 00:00:00+00:00,8.7,9.45,8.65,9.25,2398901,,,8.78
2023-04-27 00:00:00+00:00,9.1,9.15,8.6,8.8,1616583,,,8.783000000000001
2023-04-28 00:00:00+00:00,8.95,9.05,8.75,8.9,1012882,,,8.758
2023-05-01 00:00:00+00:00,8.3,8.8,8.2,8.7,1371210,,,8.726
2023-05-02 00:00:00+00:00,8.7,8.8,8.1,8.2,1586671,,,8.699
2023-05-03 00:00:00+00:00,8.75,9.15,8.45,8.5,1451728,,,8.692
2023-05-04 00:00:00+00:00,8.75,8.9515,8.65,8.8,1502929,,,8.687000000000001
2023-05-05 00:00:00+00:00,9.4,9.4,8.8,8.85,1938703,,,8.697
2023-05-08 00:00:00+00:00,8.95,9.152,8.65,9.0,1363188,,,8.713
2023-05-09 00:00:00+00:00,8.9,9.05,8.65,9.05,2078939,,,8.724
2023-05-10 00:00:00+00:00,9.15,9.5,8.95,9.1,1846710,,,8.741999999999999
2023-05-11 00:00:00+00:00,8.4,8.85,8.2,8.85,1689290,,,8.746
2023-05-12 00:00:00+00:00,8.7,8.7,8.2,8.2,875268,,,8.757
2023-05-15 00:00:00+00:00,9.35,9.45,8.75,8.85,1239127,,,8.788
2023-05-16 00:00:00+00:00,9.25,9.4,9.05,9.2,848300,,,8.815999999999999
2023-05-17 00:00:00+00:00,10.15,10.35,9.15,9.15,2865330,,,8.868
2023-05-18 00:00:00+00:00,9.75,10.3,9.4005,10.0,1755864,,,8.915
2023-05-19 00:00:00+00:00,9.55,9.9945,9.5,9.85,841088,,,8.979
2023-05-22 00:00:00+00:00,9.65,9.844,9.35,9.45,682827,,,9.046
2023-05-23 00:00:00+00:00,9.65,10.2995,9.55,9.85,1637174,,,9.089
2023-05-24 00:00:00+00:00,9.35,9.5495,9.05,9.4,988873,,,9.107999999999999
2023-05-25 00:00:00+00:00,9.2,9.525,9.05,9.5,698721,,,9.126999999999999
2023-05-26 00:00:00+00:00,9.85,10.0,9.35,9.4,1225870,,,9.152000000000001
2023-05-30 00:00:00+00:00,10.4,10.9,10.2,10.45,1421132,,,9.171999999999999
2023-05-31 00:00:00+00:00,10.8,10.8,9.85,10.05,883836,,,9.204
2023-06-01 00:00:00+00:00,10.8,11.05,10.5,10.5,1093106,,,9.22
2023-06-02 00:00:00+00:00,10.8,11.1,10.55,11.1,1041411,,,9.261000000000001
2023-06-05 00:00:00+00:00,10.3,10.65,10.2,10.6,953232,,,9.274999999999999
2023-06-06 00:00:00+00:00,10.4,10.4,9.8,10.1,1388677,,,9.309
2023-06-07 00:00:00+00:00,9.85,10.525,9.8,10.4,1317824,,,9.341999999999999
2023-06-08 00:00:00+00:00,9.8,10.05,9.7,9.9,734030,,,9.376999999999999
2023-06-09 00:00:00+00:00,9.55,10.15,9.45,10.15,1088579,,,9.391
2023-06-12 00:00:00+00:00,10.0,10.0,9.45,9.45,863194,,,9.417
2023-06-13 00:00:00+00:00,10.55,10.75,10.075,10.3,1813157,,,9.443000000000001
2023-06-14 00:00:00+00:00,10.45,10.7,10.2505,10.5,1084816,,,9.472999999999999
2023-06-15 00:00:00+00:00,10.35,10.4,9.85,10.1,1080591,,,9.502
2023-06-16 00:00:00+00:00,11.5,12.0,10.3,10.4,4059806,,,9.565
2023-06-20 00:00:00+00:00,12.8,13.85,12.2,12.25,6782847,,,9.652999999999999
2023-06-21 00:00:00+00:00,13.8,14.5,13.25,13.6,4898311,,,9.745
2023-06-22 00:00:00+00:00,13.95,14.1995,12.975,13.85,3252385,,,9.825999999999999
2023-06-23 00:00:00+00:00,14.65,14.9,13.1,13.65,4006077,,,9.927
2023-06-26 00:00:00+00:00,13.3,14.8,13.15,14.6,3398923,,,9.974
2023-06-27 00:00:00+00:00,14.8,14.95,13.65,13.9,2371407,,,10.057
2023-06-28 00:00:00+00:00,15.3,15.7,14.1,14.15,3159175,,,10.165
2023-06-29 00:00:00+00:00,16.1,16.65,15.65,15.95,3201958,,,10.282
2023-06-30 00:00:00+00:00,16.5,17.0,15.35,16.9,3355297,,,10.423000000000002
2023-07-03 00:00:00+00:00,17.6,18.05,16.25,16.35,2190944,,,10.603
2023-07-05 00:00:00+00:00,18.3,18.6,17.0,17.15,3695911,,,10.8
2023-07-06 00:00:00+00:00,17.9,18.6,17.2655,18.4,3152075,,,10.991000000000001
2023-07-07 00:00:00+00:00,19.0,19.8495,17.7,17.75,4548775,,,11.201
2023-07-10 00:00:00+00:00,19.7,19.75,17.85,19.3,3868077,,,11.421
2023-07-11 00:00:00+00:00,18.75,19.75,18.4,19.6,4581742,,,11.614
2023-07-12 00:00:00+00:00,18.75,20.15,18.5,19.3,4248764,,,11.81
2023-07-13 00:00:00+00:00,22.35,22.4,19.0,19.3,5361469,,,12.091
2023-07-14 00:00:00+00:00,20.8,22.75,20.3,22.3,4393780,,,12.333000000000002
2023-07-17 00:00:00+00:00,19.15,21.5545,18.85,20.875,4518252,,,12.541000000000002
2023-07-18 00:00:00+00:00,19.0,19.5,18.35,18.8,2413275,,,12.746000000000002
2023-07-19 00:00:00+00:00,19.1,20.0,18.8,19.2,2436071,,,12.94
2023-07-20 00:00:00+00:00,18.05,19.6,18.0,19.25,2274094,,,13.122
2023-07-21 00:00:00+00:00,18.15,18.5995,17.15,18.3,2210842,,,13.307
2023-07-24 00:00:00+00:00,17.35,17.6005,16.8595,17.45,1676731,,,13.470999999999998
2023-07-25 00:00:00+00:00,17.25,18.1,17.2,17.3,2093386,,,13.648
2023-07-26 00:00:00+00:00,17.9,17.9,17.052,17.3,2027547,,,13.832
2023-07-27 00:00:00+00:00,16.5,18.3,16.35,18.25,2252430,,,13.975
2023-07-28 00:00:00+00:00,17.4,17.75,16.525,16.9,1932874,,,14.138000000000002
2023-07-31 00:00:00+00:00,17.8,18.2,17.25,17.55,2079596,,,14.291000000000002
2023-08-01 00:00:00+00:00,16.95,17.3,16.15,17.25,2482204,,,14.435
2023-08-02 00:00:00+00:00,16.35,17.3905,16.15,16.95,1712111,,,14.571
2023-08-03 00:00:00+00:00,16.25,16.65,16.05,16.05,902686,,,14.703
2023-08-04 00:00:00+00:00,15.55,16.5,15.475,16.5,1364544,,,14.821000000000002
2023-08-07 00:00:00+00:00,15.15,15.45,14.425,15.4,1861450,,,14.937000000000001
2023-08-08 00:00:00+00:00,16.35,16.55,15.1,15.8,2125454,,,15.08
2023-08-09 00:00:00+00:00,15.3,16.75,15.25,16.65,3116952,,,15.189
2023-08-10 00:00:00+00:00,15.25,16.215,15.2,15.5,1913689,,,15.286
2023-08-11 00:00:00+00:00,14.85,15.5,14.7,15.0,1457267,,,15.367
2023-08-14 00:00:00+00:00,13.9,14.35,13.3,14.15,1609173,,,15.429
2023-08-15 00:00:00+00:00,13.175,14.35,13.125,13.95,1527201,,,15.476500000000001
2023-08-16 00:00:00+00:00,12.85,13.243,12.45,12.775,2414688,,,15.5275
2023-08-17 00:00:00+00:00,12.1,12.6,12.0,12.5,1834210,,,15.5615
2023-08-18 00:00:00+00:00,12.0,12.2,11.25,11.35,2028963,,,15.6045
2023-08-21 00:00:00+00:00,11.95,12.2,11.7,12.0,1401223,,,15.6475
2023-08-22 00:00:00+00:00,11.6,12.3495,11.425,12.1,1064008,,,15.688500000000001
2023-08-23 00:00:00+00:00,12.4,12.725,11.5,11.65,1694651,,,15.736500000000001
2023-08-24 00:00:00+00:00,11.3,12.55,11.25,12.55,1294396,,,15.7515
2023-08-25 00:00:00+00:00,11.35,11.6,10.85,11.35,1282662,,,15.7695
2023-08-28 00:00:00+00:00,11.4,11.6,11.25,11.45,1277560,,,15.7905
2023-08-29 00:00:00+00:00,13.3,13.6995,11.249,11.35,2666677,,,15.826500000000001
2023-08-30 00:00:00+00:00,13.2,13.25,12.7,13.2,1642324,,,15.8345
2023-08-31 00:00:00+00:00,12.15,13.3,12.05,13.15,2087547,,,15.801499999999999
2023-09-01 00:00:00+00:00,11.85,12.4,11.5,12.2,1764628,,,15.759500000000001
2023-09-05 00:00:00+00:00,11.4,11.75,11.35,11.7,1399420,,,15.6945
2023-09-06 00:00:00+00:00,11.4,11.75,11.05,11.45,1569674,,,15.656500000000001
2023-09-07 00:00:00+00:00,11.45,11.599,10.95,11.25,1478422,,,15.589500000000001
2023-09-08 00:00:00+00:00,11.15,11.5,10.95,11.4,1276497,,,15.506499999999999
2023-09-11 00:00:00+00:00,10.7,11.21,10.6,11.1,1634892,,,15.398499999999999
2023-09-12 00:00:00+00:00,10.7,11.75,10.6,11.0,2937630,,,15.2825
2023-09-13 00:00:00+00:00,10.5,11.05,10.3505,10.8,1656514,,,15.140500000000001
2023-09-14 00:00:00+00:00,10.8,11.35,10.675,11.0,1707048,,,14.990499999999999
2023-09-15 00:00:00+00:00,10.5,10.85,10.35,10.8,1242134,,,14.8425
2023-09-18 00:00:00+00:00,10.75,11.35,10.625,11.0,1725453,,,14.6775
2023-09-19 00:00:00+00:00,10.45,10.95,10.2,10.85,1952196,,,14.4925
2023-09-20 00:00:00+00:00,10.0,10.575,10.0,10.3,1473529,,,14.3175
2023-09-21 00:00:00+00:00,9.9,10.05,9.6,9.75,1588327,,,14.1405
2023-09-22 00:00:00+00:00,9.5,10.1,9.45,10.0,1776606,,,13.883500000000002
2023-09-25 00:00:00+00:00,9.6,9.85,9.3,9.4,1298002,,,13.659500000000001
2023-09-26 00:00:00+00:00,9.25,9.7945,9.209,9.5,930624,,,13.461500000000001
2023-09-27 00:00:00+00:00,9.6,9.7005,9.3,9.6,1313761,,,13.273499999999999
2023-09-28 00:00:00+00:00,9.95,10.325,9.3,9.6,1947070,,,13.090499999999999
2023-09-29 00:00:00+00:00,9.75,10.325,9.6,10.0,1290033,,,12.9245
2023-10-02 00:00:00+00:00,10.0,11.15,9.85,10.5,2419299,,,12.761500000000002
2023-10-03 00:00:00+00:00,9.175,9.9,9.0,9.8,1810492,,,12.597999999999999
2023-10-04 00:00:00+00:00,9.45,9.45,8.925,9.45,1790433,,,12.442
2023-10-05 00:00:00+00:00,9.35,9.6,9.1,9.5,1503859,,,12.271
2023-10-06 00:00:00+00:00,10.15,10.15,9.15,9.15,1507132,,,12.144
2023-10-09 00:00:00+00:00,10.0,10.1375,9.6,9.8,1228903,,,11.995999999999999
2023-10-10 00:00:00+00:00,10.0,10.4,9.8,9.85,1181265,,,11.84
2023-10-11 00:00:00+00:00,9.35,10.0,9.2,9.95,1682806,,,11.687999999999999
2023-10-12 00:00:00+00:00,9.05,9.4,8.9,9.35,1172889,,,11.542
2023-10-13 00:00:00+00:00,8.575,9.1,8.5,9.05,1325661,,,11.3885
2023-10-16 00:00:00+00:00,9.4,9.9,8.85,9.6,2709505,,,11.2655
2023-10-17 00:00:00+00:00,9.6,9.85,9.1,9.35,1492068,,,11.1545
2023-10-18 00:00:00+00:00,8.95,9.6,8.85,9.5,1668053,,,11.006499999999999
2023-10-19 00:00:00+00:00,8.95,9.3065,8.85,8.95,1744162,,,10.8795
2023-10-20 00:00:00+00:00,9.3,9.952,9.15,9.45,1777520,,,10.7605
2023-10-23 00:00:00+00:00,10.55,10.75,9.25,9.75,3711959,,,10.6745
2023-10-24 00:00:00+00:00,11.45,12.0,10.95,11.95,4798068,,,10.625499999999999
2023-10-25 00:00:00+00:00,11.5,12.325,11.25,11.75,3612801,,,10.591999999999999
2023-10-26 00:00:00+00:00,11.05,11.7,10.7,11.25,2699458,,,10.556000000000001
2023-10-27 00:00:00+00:00,10.6,11.35,10.5,11.1,1606509,,,10.526000000000002
2023-10-30 00:00:00+00:00,10.7,11.5,10.3005,10.9,1817929,,,10.5
2023-10-31 00:00:00+00:00,10.85,11.0,10.175,10.75,1264486,,,10.478
2023-11-01 00:00:00+00:00,11.0,11.1,10.55,11.0,1299272,,,10.466
2023-11-02 00:00:00+00:00,11.95,12.05,11.2,11.3,1509911,,,10.457
2023-11-03 00:00:00+00:00,11.8,12.1685,11.55,11.7,1595147,,,10.467
2023-11-06 00:00:00+00:00,11.45,12.25,11.1,12.05,1382785,,,10.469000000000001
2023-11-07 00:00:00+00:00,11.75,11.75,10.85,11.25,1181856,,,10.476
2023-11-08 00:00:00+00:00,11.25,11.6,11.0,11.5,1550295,,,10.435
2023-11-09 00:00:00+00:00,11.2,13.0,11.0,12.1,3528190,,,10.395
2023-11-10 00:00:00+00:00,10.85,11.5395,10.75,11.4,2414033,,,10.368999999999998
2023-11-13 00:00:00+00:00,10.15,10.6,9.95,10.55,1977596,,,10.335
2023-11-14 00:00:00+00:00,9.15,10.1,8.7505,9.6,3368413,,,10.29
2023-11-15 00:00:00+00:00,10.0,10.25,8.85,9.5,2639939,,,10.262
2023-11-16 00:00:00+00:00,9.3,9.75,9.15,9.55,2389760,,,10.219
2023-11-17 00:00:00+00:00,9.5,9.6,9.25,9.4,1159736,,,10.186
2023-11-20 00:00:00+00:00,9.9,10.1,9.65,9.85,1745032,,,10.17
2023-11-21 00:00:00+00:00,9.5,9.6995,9.2,9.6,1975917,,,10.146
2023-11-22 00:00:00+00:00,9.65,9.65,9.1,9.4,1832990,,,10.129
2023-11-24 00:00:00+00:00,9.65,9.9,9.4,9.6,1710961,,,10.106
2023-11-27 00:00:00+00:00,9.55,9.925,9.25,9.35,1862308,,,10.087
2023-11-28 00:00:00+00:00,10.15,10.45,9.5,9.65,3614293,,,10.075
2023-11-29 00:00:00+00:00,9.8,10.55,9.75,10.4,3340663,,,10.062000000000001
2023-11-30 00:00:00+00:00,9.5,9.95,9.45,9.9,2123529,,,10.052
2023-12-01 00:00:00+00:00,11.35,11.5,9.6,9.75,6595757,,,10.081
2023-12-04 00:00:00+00:00,10.51,12.02,9.9,11.91,7457273,,,10.101199999999999
2023-12-05 00:00:00+00:00,11.4,12.68,10.21,10.37,9337904,,,10.1372
2023-12-06 00:00:00+00:00,10.11,12.1099,10.02,11.93,9103764,,,10.1544
2023-12-07 00:00:00+00:00,9.45,10.05,9.25,9.82,5718288,,,10.1514
2023-12-08 00:00:00+00:00,10.25,10.37,9.4,9.51,6155132,,,10.1574
2023-12-11 00:00:00+00:00,8.845,9.61,8.57,9.57,5529342,,,10.139299999999999
2023-12-12 00:00:00+00:00,8.425,9.03,8.31,8.9,3590799,,,10.1078
2023-12-13 00:00:00+00:00,8.94,9.0,8.0,8.36,4297660,,,10.1031
2023-12-14 00:00:00+00:00,9.61,9.84,8.78,9.13,5078609,,,10.1063
2023-12-15 00:00:00+00:00,10.5,10.66,9.61,10.13,7455977,,,10.1293
2023-12-18 00:00:00+00:00,12.16,12.45,10.375,10.46,8392191,,,10.1695
2023-12-19 00:00:00+00:00,12.1,13.685,11.9501,12.71,15083313,,,10.2115
2023-12-20 00:00:00+00:00,12.15,13.3,11.89,13.17,10180516,,,10.2545
2023-12-21 00:00:00+00:00,13.09,13.15,12.245,12.58,7362415,,,10.3293
2023-12-22 00:00:00+00:00,14.84,15.2973,12.71,13.28,12909403,,,10.4451
2023-12-26 00:00:00+00:00,15.62,15.8296,14.13,14.74,9311425,,,10.585999999999999
2023-12-27 00:00:00+00:00,18.125,18.42,15.85,16.05,12715774,,,10.7605
2023-12-28 00:00:00+00:00,16.13,17.1,15.52,17.05,14097335,,,10.8911
2023-12-29 00:00:00+00:00,13.34,16.71,12.84,16.4,18629401,,,10.978900000000001
2024-01-02 00:00:00+00:00,12.6,15.07,12.45,15.06,12762224,,,11.0519
2024-01-03 00:00:00+00:00,12.33,12.86,11.5325,11.7,6877474,,,11.1125
2024-01-04 00:00:00+00:00,12.53,13.09,12.198,12.5,5789823,,,11.1521
2024-01-05 00:00:00+00:00,11.9,12.6,11.61,12.5867,5304873,,,11.161100000000001
2024-01-08 00:00:00+00:00,12.0,12.58,11.03,12.29,10092213,,,11.171100000000001
2024-01-09 00:00:00+00:00,11.73,12.28,11.5,12.01,3786364,,,11.1847
2024-01-10 00:00:00+00:00,12.11,12.6891,11.11,11.38,6125903,,,11.214899999999998
2024-01-11 00:00:00+00:00,11.24,13.6,11.0222,13.4,9969491,,,11.2257
2024-01-12 00:00:00+00:00,9.9,11.0,9.7811,10.9,7317939,,,11.206700000000001
2024-01-16 00:00:00+00:00,9.62,9.8,9.16,9.64,3869284,,,11.1791
2024-01-17 00:00:00+00:00,9.28,9.8899,9.18,9.37,3688063,,,11.1257
2024-01-18 00:00:00+00:00,7.12,9.45,6.84,9.27,19173737,,,11.0321
2024-01-19 00:00:00+00:00,6.91,7.04,6.18,7.01,9014150,,,10.941299999999998
2024-01-22 00:00:00+00:00,6.72,7.16,6.32,6.65,4950342,,,10.8407
2024-01-23 00:00:00+00:00,6.33,6.77,6.31,6.55,3998339,,,10.742299999999998
2024-01-24 00:00:00+00:00,6.35,6.9,6.26,6.64,4315752,,,10.645299999999999
2024-01-25 00:00:00+00:00,7.47,7.73,6.23,6.35,7841482,,,10.5777
2024-01-26 00:00:00+00:00,8.45,8.45,7.75,8.08,8638011,,,10.543700000000001
2024-01-29 00:00:00+00:00,8.42,9.085,8.1,8.6,8347971,,,10.529100000000001
2024-01-30 00:00:00+00:00,7.82,8.35,7.57,8.26,5352433,,,10.4855
2024-01-31 00:00:00+00:00,7.47,7.97,7.33,7.53,3688272,,,10.448899999999998
2024-02-01 00:00:00+00:00,7.47,7.7595,7.176,7.4,3254055,,,10.408299999999999
2024-02-02 00:00:00+00:00,7.28,7.54,7.16,7.28,2131317,,,10.355899999999998
2024-02-05 00:00:00+00:00,6.88,7.31,6.73,7.3,2733738,,,10.3035
2024-02-06 00:00:00+00:00,6.88,7.08,6.69,6.78,2146387,,,10.248099999999999
2024-02-07 00:00:00+00:00,6.77,6.875,6.34,6.6,3442838,,,10.1905
2024-02-08 00:00:00+00:00,7.465,7.57,6.9,6.97,6152906,,,10.1488
2024-02-09 00:00:00+00:00,8.35,8.57,7.9353,8.14,7250862,,,10.1128
2024-02-12 00:00:00+00:00,9.06,9.465,8.34,8.4,7805022,,,10.097999999999999
2024-02-13 00:00:00+00:00,8.53,8.8696,8.14,8.38,5154719,,,10.0786
2024-02-14 00:00:00+00:00,10.23,10.23,9.435,9.66,7833666,,,10.0562
2024-02-15 00:00:00+00:00,9.97,10.94,9.69,10.8,8954099,,,10.0454
2024-02-16 00:00:00+00:00,10.08,10.5134,9.6457,10.14,6381245,,,10.019
2024-02-20 00:00:00+00:00,9.43,10.2739,8.922,10.03,4881716,,,10.0054
2024-02-21 00:00:00+00:00,8.74,9.2,8.66,8.84,3175279,,,9.9912
2024-02-22 00:00:00+00:00,8.27,8.94,8.18,8.8,5138107,,,9.9516
2024-02-23 00:00:00+00:00,7.82,8.135,7.595,7.96,3690396,,,9.9311
2024-02-26 00:00:00+00:00,9.22,9.3304,7.7,7.79,8005632,,,9.947000000000001
2024-02-27 00:00:00+00:00,9.29,10.12,9.05,10.09,6866789,,,9.954
2024-02-28 00:00:00+00:00,8.73,9.91,8.6,9.91,8923830,,,9.936399999999999
2024-02-29 00:00:00+00:00,8.49,9.04,8.1206,8.8,4071031,,,9.8962
2024-03-01 00:00:00+00:00,8.92,8.945,8.11,8.46,3107236,,,9.8314
2024-03-04 00:00:00+00:00,8.36,9.44,8.2294,9.26,5487557,,,9.756599999999999
2024-03-05 00:00:00+00:00,7.52,8.49,7.4701,8.29,4829656,,,9.664000000000001
2024-03-06 00:00:00+00:00,7.87,8.1,7.375,7.75,3106872,,,9.5596
2024-03-07 00:00:00+00:00,7.72,7.92,7.45,7.87,2714744,,,9.417200000000001
2024-03-08 00:00:00+00:00,7.93,8.37,7.565,7.69,4026640,,,9.2634
2024-03-11 00:00:00+00:00,7.08,8.1,7.07,8.06,5227408,,,9.0425
2024-03-12 00:00:00+00:00,7.13,7.22,6.77,7.14,2929439,,,8.8625
2024-03-13 00:00:00+00:00,7.73,7.76,7.05,7.16,4138369,,,8.7503
2024-03-14 00:00:00+00:00,7.24,7.715,7.145,7.65,4324560,,,8.6431
2024-03-15 00:00:00+00:00,7.54,7.5794,6.96,7.07,5570337,,,8.5473
2024-03-18 00:00:00+00:00,7.79,7.98,7.3399,7.8,4049137,,,8.4525
2024-03-19 00:00:00+00:00,8.05,8.06,7.23,7.59,3959379,,,8.3755
2024-03-20 00:00:00+00:00,9.08,9.1,8.08,8.16,5307071,,,8.3171
2024-03-21 00:00:00+00:00,8.88,9.41,8.73,9.3,4242151,,,8.2601
2024-03-22 00:00:00+00:00,8.72,8.94,8.61,8.7,1969898,,,8.1923
2024-03-25 00:00:00+00:00,9.4,9.582,8.81,8.81,4490785,,,8.1555
2024-03-26 00:00:00+00:00,9.88,10.19,9.1,9.42,4514489,,,8.1551
2024-03-27 00:00:00+00:00,9.86,10.16,9.53,10.03,3480975,,,8.1599
2024-03-28 00:00:00+00:00,11.04,12.155,10.0,10.02,16337261,,,8.1951
2024-04-01 00:00:00+00:00,10.82,11.69,10.501,11.03,4342720,,,8.269100000000002
2024-04-02 00:00:00+00:00,9.38,10.06,9.13,9.96,4529711,,,8.3185
2024-04-03 00:00:00+00:00,9.69,9.9,9.29,9.39,2743405,,,8.3779
2024-04-04 00:00:00+00:00,9.69,10.51,9.6093,9.88,4580510,,,8.4451
2024-04-05 00:00:00+00:00,8.98,9.36,8.68,9.23,3035370,,,8.497700000000002
2024-04-08 00:00:00+00:00,9.0,9.8292,8.93,9.62,2938916,,,8.5283
2024-04-09 00:00:00+00:00,8.62,8.9597,8.475,8.86,2418329,,,8.5317
2024-04-10 00:00:00+00:00,8.53,8.67,8.14,8.24,2385375,,,8.5339
2024-04-11 00:00:00+00:00,8.11,8.61,7.95,8.6,2361495,,,8.5397
2024-04-12 00:00:00+00:00,7.72,8.08,7.55,8.08,2455655,,,8.5447
2024-04-15 00:00:00+00:00,7.24,7.8046,7.2133,7.59,2220367,,,8.5401
2024-04-16 00:00:00+00:00,7.24,7.335,6.95,7.04,1909860,,,8.5393
2024-04-17 00:00:00+00:00,7.44,7.67,7.21,7.34,1996459,,,8.5505
2024-04-18 00:00:00+00:00,7.88,8.14,7.38,7.41,2263880,,,8.5705
2024-04-19 00:00:00+00:00,8.05,8.19,7.8,7.91,2220840,,,8.5961
2024-04-22 00:00:00+00:00,9.22,9.38,8.16,8.31,4184919,,,8.6312
2024-04-23 00:00:00+00:00,9.63,9.81,8.93,9.08,3920714,,,8.6568
2024-04-24 00:00:00+00:00,8.98,9.8387,8.97,9.54,3269652,,,8.6552
2024-04-25 00:00:00+00:00,8.86,8.935,8.42,8.62,1988187,,,8.661800000000001
2024-04-26 00:00:00+00:00,8.81,9.0805,8.6828,8.87,1439071,,,8.6334
2024-04-29 00:00:00+00:00,8.34,8.71,8.235,8.65,1589416,,,8.6008
2024-04-30 00:00:00+00:00,7.86,8.2,7.86,8.09,2458208,,,8.5564
2024-05-01 00:00:00+00:00,7.99,8.47,7.67,7.81,4141750,,,8.5276
2024-05-02 00:00:00+00:00,8.16,8.35,8.0,8.23,1607938,,,8.515999999999998
2024-05-03 00:00:00+00:00,8.27,8.63,8.221,8.42,1644667,,,8.516
2024-05-06 00:00:00+00:00,8.85,9.082,8.42,8.49,2229764,,,8.5366
2024-05-07 00:00:00+00:00,8.19,8.8799,8.19,8.77,2136569,,,8.515999999999998
2024-05-08 00:00:00+00:00,8.19,8.22,7.775,7.95,1745750,,,8.494
2024-05-09 00:00:00+00:00,8.15,8.27,7.9,8.07,1806074,,,8.4824
2024-05-10 00:00:00+00:00,7.99,8.38,7.88,8.37,1630250,,,8.4724
2024-05-13 00:00:00+00:00,7.87,8.328,7.85,8.16,1941627,,,8.451400000000001
2024-05-14 00:00:00+00:00,7.79,8.09,7.67,7.69,3244321,,,8.44
2024-05-15 00:00:00+00:00,8.83,9.07,8.09,8.32,4472908,,,8.4662
2024-05-16 00:00:00+00:00,8.92,9.0996,8.595,8.8,3166693,,,8.4872
2024-05-17 00:00:00+00:00,9.16,9.55,8.78,9.0,2444476,,,8.516
2024-05-20 00:00:00+00:00,9.95,9.95,9.135,9.15,2953740,,,8.5564
2024-05-21 00:00:00+00:00,9.7,9.97,9.57,9.81,2656207,,,8.6088
2024-05-22 00:00:00+00:00,9.85,10.61,9.52,9.72,4344879,,,8.6632
2024-05-23 00:00:00+00:00,8.86,10.03,8.86,10.0,3731569,,,8.6858
2024-05-24 00:00:00+00:00,9.28,9.46,8.78,8.92,2045927,,,8.7266
2024-05-28 00:00:00+00:00,9.2,9.545,9.01,9.29,3173629,,,8.7598
2024-05-29 00:00:00+00:00,8.92,9.21,8.84,9.01,2289300,,,8.7824
2024-05-30 00:00:00+00:00,8.99,9.29,8.8,9.04,3129795,,,8.8012
2024-05-31 00:00:00+00:00,8.69,9.18,8.53,9.04,6093866,,,8.7934
2024-06-03 00:00:00+00:00,8.96,9.34,8.9222,8.95,2611672,,,8.795
2024-06-04 00:00:00+00:00,9.56,9.8,8.9,8.96,4129933,,,8.8118
2024-06-05 00:00:00+00:00,10.04,10.12,9.25,9.81,4797617,,,8.8246
2024-06-06 00:00:00+00:00,10.47,10.83,9.95,9.97,5421996,,,8.8364
2024-06-07 00:00:00+00:00,9.68,10.66,9.63,10.6,4309335,,,8.832799999999999
2024-06-10 00:00:00+00:00,9.85,10.07,9.51,9.61,3724324,,,8.809
2024-06-11 00:00:00+00:00,9.93,10.055,8.8,9.5,4930958,,,8.7912
2024-06-12 00:00:00+00:00,10.93,11.75,10.23,10.24,7968094,,,8.8222
2024-06-13 00:00:00+00:00,11.51,11.84,10.68,10.68,6971477,,,8.858600000000001
2024-06-14 00:00:00+00:00,11.28,11.9,11.08,11.49,4578677,,,8.8904
2024-06-17 00:00:00+00:00,12.24,12.29,10.89,11.11,6260698,,,8.955599999999999
2024-06-18 00:00:00+00:00,11.96,12.28,11.5,11.85,5136249,,,9.0148
2024-06-20 00:00:00+00:00,13.01,13.49,12.15,12.27,10437655,,,9.1026
2024-06-21 00:00:00+00:00,12.35,12.72,11.88,12.5,9613651,,,9.179
2024-06-24 00:00:00+00:00,12.53,13.177,11.92,12.03,8682994,,,9.2674
2024-06-25 00:00:00+00:00,14.62,15.04,12.96,13.0,11068092,,,9.4054
2024-06-26 00:00:00+00:00,15.32,15.47,14.54,14.54,9373031,,,9.567
2024-06-27 00:00:00+00:00,15.2,17.39,15.01,15.91,12325922,,,9.7262
2024-06-28 00:00:00+00:00,14.99,15.88,14.73,15.48,18681874,,,9.8772
2024-07-01 00:00:00+00:00,15.25,16.47,15.1519,15.3,6028215,,,10.0246
2024-07-02 00:00:00+00:00,15.67,15.7,14.66,15.16,3999874,,,10.177
2024-07-03 00:00:00+00:00,16.16,16.22,15.274,15.33,4872411,,,10.3158
2024-07-05 00:00:00+00:00,16.49,16.58,14.51,14.73,6145455,,,10.453
2024-07-08 00:00:00+00:00,17.48,17.6697,16.65,16.73,5171068,,,10.623
2024-07-09 00:00:00+00:00,16.03,17.96,15.93,17.62,5726591,,,10.766399999999999
2024-07-10 00:00:00+00:00,15.24,16.5,15.1518,16.35,5605797,,,10.895
2024-07-11 00:00:00+00:00,14.92,16.69,14.855,15.51,7377080,,,11.0266
2024-07-12 00:00:00+00:00,16.96,16.975,14.52,15.05,7205471,,,11.208599999999999
2024-07-15 00:00:00+00:00,20.0,20.6393,17.96,18.09,12564628,,,11.448799999999999
2024-07-16 00:00:00+00:00,20.93,21.0983,19.44,19.94,7530791,,,11.7042
2024-07-17 00:00:00+00:00,19.73,21.08,19.545,20.49,5959786,,,11.9334
2024-07-18 00:00:00+00:00,18.13,20.13,17.932,19.95,4997425,,,12.119000000000002
2024-07-19 00:00:00+00:00,19.52,20.06,17.69,18.23,6752937,,,12.3456
2024-07-22 00:00:00+00:00,20.26,20.49,18.7,19.81,5027918,,,12.587
2024-07-23 00:00:00+00:00,19.9,20.64,19.42,19.89,3597220,,,12.822000000000001
2024-07-24 00:00:00+00:00,18.02,20.9099,17.81,20.09,8290643,,,13.0226
2024-07-25 00:00:00+00:00,14.79,17.5,14.7128,17.26,8402713,,,13.161000000000001
2024-07-26 00:00:00+00:00,15.17,16.52,15.0124,16.08,4826046,,,13.308599999999998
2024-07-29 00:00:00+00:00,14.83,16.48,14.4,15.8,5174532,,,13.428600000000001
2024-07-30 00:00:00+00:00,13.97,15.06,13.86,14.89,3972104,,,13.529599999999999
2024-07-31 00:00:00+00:00,14.64,15.355,14.5,14.74,4700482,,,13.6392
2024-08-01 00:00:00+00:00,13.9,15.17,13.39,14.6,3991680,,,13.7182
2024-08-02 00:00:00+00:00,12.4,13.76,12.1802,13.72,5092322,,,13.7722
2024-08-05 00:00:00+00:00,11.59,11.756,9.57,10.05,4573660,,,13.807
2024-08-06 00:00:00+00:00,12.31,12.64,11.305,12.05,4402873,,,13.876
2024-08-07 00:00:00+00:00,11.13,12.9068,11.1,12.73,5041990,,,13.913
2024-08-08 00:00:00+00:00,12.42,12.44,11.26,11.52,3593513,,,13.9774
2024-08-09 00:00:00+00:00,11.97,12.3688,11.71,12.25,2853391,,,14.0384
2024-08-12 00:00:00+00:00,11.39,12.0,11.32,11.67,3396389,,,14.0864
2024-08-13 00:00:00+00:00,10.96,11.67,10.75,11.5,3710616,,,14.1318
2024-08-14 00:00:00+00:00,10.97,11.77,10.96,11.21,5569882,,,14.172
2024-08-15 00:00:00+00:00,11.65,12.2,11.12,11.19,4216426,,,14.213799999999999
2024-08-16 00:00:00+00:00,11.54,11.97,11.18,11.66,4038810,,,14.243799999999998
2024-08-19 00:00:00+00:00,12.22,12.396,11.25,11.62,4150682,,,14.278799999999999
2024-08-20 00:00:00+00:00,11.56,12.8,11.48,12.5,4620848,,,14.316400000000002
2024-08-21 00:00:00+00:00,12.19,12.21,11.38,11.76,5707874,,,14.363199999999999
2024-08-22 00:00:00+00:00,11.45,12.1891,11.37,12.14,3423546,,,14.393600000000001
2024-08-23 00:00:00+00:00,12.57,12.75,11.4,11.56,4644471,,,14.4264
2024-08-26 00:00:00+00:00,12.08,12.73,12.04,12.5,4578235,,,14.4378
2024-08-27 00:00:00+00:00,11.24,11.9,11.04,11.9,4774725,,,14.437000000000001
2024-08-28 00:00:00+00:00,10.34,11.08,9.98,11.03,5430502,,,14.399000000000001
2024-08-29 00:00:00+00:00,10.375,10.87,10.21,10.63,3671320,,,14.3673
2024-08-30 00:00:00+00:00,10.11,10.5,9.98,10.47,3440203,,,14.309299999999999
2024-09-03 00:00:00+00:00,9.09,9.918,9.05,9.918,3949612,,,14.244099999999998
2024-09-04 00:00:00+00:00,9.19,9.325,8.7745,8.84,2856784,,,14.1773
2024-09-05 00:00:00+00:00,9.5,9.55,9.07,9.18,4311095,,,14.0749
2024-09-06 00:00:00+00:00,9.0,9.77,8.7308,9.6,3935984,,,13.948500000000001
2024-09-09 00:00:00+00:00,9.97,9.985,9.2,9.27,5101511,,,13.843899999999998
2024-09-10 00:00:00+00:00,10.445,10.48,9.64,9.69,3695234,,,13.753
2024-09-11 00:00:00+00:00,10.58,10.58,9.75,10.24,4651015,,,13.659600000000001
2024-09-12 00:00:00+00:00,10.89,10.99,10.34,10.63,2703284,,,13.564
2024-09-13 00:00:00+00:00,11.24,11.43,10.8,11.04,2681027,,,13.465600000000002
2024-09-16 00:00:00+00:00,11.03,11.2,10.44,10.94,2658965,,,13.3564
2024-09-17 00:00:00+00:00,11.42,11.925,11.16,11.37,3664024,,,13.235199999999999
2024-09-18 00:00:00+00:00,11.02,11.85,10.8,11.36,4799419,,,13.135
2024-09-19 00:00:00+00:00,11.43,12.06,11.38,11.87,4156343,,,13.058800000000002
2024-09-20 00:00:00+00:00,11.17,11.447125,10.96,11.23,5830242,,,12.983799999999999
2024-09-23 00:00:00+00:00,11.57,11.76,11.13,11.35,4297461,,,12.876000000000001
2024-09-24 00:00:00+00:00,12.5,12.55,11.49,11.8,4196948,,,12.726
2024-09-25 00:00:00+00:00,12.53,13.13,12.435,12.48,5196081,,,12.558
2024-09-26 00:00:00+00:00,12.63,13.45,12.56,13.1,4822208,,,12.415999999999999
2024-09-27 00:00:00+00:00,13.08,13.3199,12.64,12.96,4132267,,,12.315
2024-09-30 00:00:00+00:00,12.26,12.63,12.01,12.51,4754361,,,12.1698
2024-10-01 00:00:00+00:00,11.555,12.37,11.3,12.27,3876055,,,11.9957
2024-10-02 00:00:00+00:00,11.98,12.1585,11.36,11.44,2556419,,,11.8373
2024-10-03 00:00:00+00:00,11.73,12.02,11.445,11.81,2088908,,,11.711500000000001
2024-10-04 00:00:00+00:00,12.02,12.28,11.7001,12.13,2561278,,,11.656099999999999
2024-10-07 00:00:00+00:00,11.72,12.475,11.54,12.0,3187933,,,11.5871
2024-10-08 00:00:00+00:00,11.335,11.8299,11.17,11.7,2844331,,,11.5172
2024-10-09 00:00:00+00:00,10.97,11.42,10.94,11.29,2926967,,,11.4572
2024-10-10 00:00:00+00:00,11.12,11.201,10.7024,10.83,2144637,,,11.3868
2024-10-11 00:00:00+00:00,11.72,11.83,11.11,11.12,2673224,,,11.3432
2024-10-14 00:00:00+00:00,12.18,12.67,11.8336,12.17,3634781,,,11.3388
2024-10-15 00:00:00+00:00,11.77,12.4889,11.425,12.2,5395262,,,11.3424
2024-10-16 00:00:00+00:00,12.9,12.9277,11.708,12.03,6529593,,,11.3542
2024-10-17 00:00:00+00:00,12.67,13.365,12.54,12.81,4362560,,,11.385
2024-10-18 00:00:00+00:00,14.47,14.84,12.85,12.85,7036262,,,11.425999999999998
2024-10-21 00:00:00+00:00,15.33,15.52,13.79,14.35,7369900,,,11.493200000000002
2024-10-22 00:00:00+00:00,15.66,16.0398,15.01,15.01,5720413,,,11.578600000000002
2024-10-23 00:00:00+00:00,15.11,15.81,14.62,15.45,4961109,,,11.6616
2024-10-24 00:00:00+00:00,15.305,16.1998,14.93,15.94,4593267,,,11.748299999999999
2024-10-25 00:00:00+00:00,14.9,15.747,14.54,15.44,5061698,,,11.8133
2024-10-28 00:00:00+00:00,17.21,17.49,15.41,15.51,8626529,,,11.9267
2024-10-29 00:00:00+00:00,17.18,18.38,16.82,18.01,8234752,,,12.025900000000002
2024-10-30 00:00:00+00:00,18.155,18.385,16.6501,16.77,6647186,,,12.1578
2024-10-31 00:00:00+00:00,15.79,18.215,15.78,18.03,7379350,,,12.229800000000001
2024-11-01 00:00:00+00:00,16.02,17.33,15.735,16.04,6521859,,,12.3212
2024-11-04 00:00:00+00:00,15.56,16.2,15.1382,15.51,3125264,,,12.381000000000002
2024-11-05 00:00:00+00:00,16.74,17.48,15.98,16.0,5721783,,,12.474200000000002
2024-11-06 00:00:00+00:00,18.59,19.82,18.0,19.25,11597816,,,12.621199999999998
2024-11-07 00:00:00+00:00,18.97,19.425,18.3,18.47,6168376,,,12.7938
2024-11-08 00:00:00+00:00,19.585,19.96,18.905,19.11,4712366,,,12.978
2024-11-11 00:00:00+00:00,24.59,25.32,20.57,21.34,13684666,,,13.2676
2024-11-12 00:00:00+00:00,23.86,24.4,22.81,23.8,8961507,,,13.562999999999999
2024-11-13 00:00:00+00:00,24.78,28.47,24.34,25.47,17988409,,,13.8748
2024-11-14 00:00:00+00:00,23.14,26.45,23.12,26.1,7483087,,,14.1476
2024-11-15 00:00:00+00:00,25.26,25.74,23.44,24.26,7458332,,,14.4728
2024-11-18 00:00:00+00:00,25.04,25.85,24.1013,25.19,8320593,,,14.7742
2024-11-19 00:00:00+00:00,25.32,25.38,23.67,24.82,8259239,,,15.0717
2024-11-20 00:00:00+00:00,24.46,26.49,23.892,26.148,9510832,,,15.349299999999998
2024-11-21 00:00:00+00:00,23.48,26.32,22.54,26.05,8789065,,,15.601099999999999
2024-11-22 00:00:00+00:00,25.92,26.42,22.6508,23.06,8055777,,,15.8947
2024-11-25 00:00:00+00:00,25.24,26.388,23.2085,26.388,7916427,,,16.178900000000002
2024-11-26 00:00:00+00:00,24.42,25.92,23.94,24.14,4740848,,,16.4389
2024-11-27 00:00:00+00:00,28.45,28.78,24.61,25.05,12367296,,,16.7875
2024-11-29 00:00:00+00:00,28.02,30.17,27.64,28.45,6661908,,,17.1193
2024-12-02 00:00:00+00:00,25.93,28.21,25.2127,27.12,7402729,,,17.4145
2024-12-03 00:00:00+00:00,25.06,26.068,24.71,25.1636,3682895,,,17.6843
2024-12-04 00:00:00+00:00,27.03,27.31,24.87,25.15,8411631,,,17.9749
2024-12-05 00:00:00+00:00,27.67,31.3633,27.4501,28.9,10894556,,,18.2777
2024-12-06 00:00:00+00:00,30.24,31.95,28.35,28.35,8758370,30.18,,18.6299
2024-12-09 00:00:00+00:00,27.2,30.7,27.12,30.55,6018253,29.430601066292347,,18.912300000000002
2024-12-10 00:00:00+00:00,25.62,27.54,24.6331,27.41,5391388,28.49508355389797,,19.1795
2024-12-11 00:00:00+00:00,26.69,27.33,25.6066,27.0,6518766,28.01805364080246,,19.4822
2024-12-12 00:00:00+00:00,27.32,31.26,27.12,30.27,18902769,28.245524765395416,,19.789
2024-12-13 00:00:00+00:00,27.33,29.74,27.3,28.1,8538986,28.226248592753265,,20.101
2024-12-16 00:00:00+00:00,29.06,31.33,27.33,28.41,11078534,28.398482679051995,,20.4418
2024-12-17 00:00:00+00:00,29.62,30.91,28.42,30.265,9004546,28.55033688330069,,20.7998
2024-12-18 00:00:00+00:00,26.13,29.5,25.3,29.3,9066857,28.379005169465035,,21.095699999999997
2024-12-19 00:00:00+00:00,23.8,27.58,23.6201,27.15,7806829,28.089396902272494,,21.3523
2024-12-20 00:00:00+00:00,23.68,24.4399,22.81,23.09,7353298,27.75727640494961,,21.6035
2024-12-23 00:00:00+00:00,21.65,23.81,21.5607,23.79,5707634,27.460400567821168,,21.8021
2024-12-24 00:00:00+00:00,24.28,24.63,22.77,22.92,3821876,27.33413282858829,,22.0441
2024-12-26 00:00:00+00:00,23.89,24.6,23.3,23.83,3042416,27.240837274281986,,22.2865
2024-12-27 00:00:00+00:00,22.32,24.17,22.12,24.01,4649382,27.065135138579233,,22.4749
2024-12-30 00:00:00+00:00,21.51,22.04,20.8,21.5,4005090,26.87720113348354,,22.6517
2024-12-31 00:00:00+00:00,20.49,22.84,20.34,22.54,4189028,26.685974315487044,,22.772100000000002
2025-01-02 00:00:00+00:00,21.89,22.16,20.73,21.1,4095085,26.522981402246916,,22.903299999999998
2025-01-03 00:00:00+00:00,24.16,24.17,21.63,21.8,5321922,26.395076505600482,,23.0733
2025-01-06 00:00:00+00:00,26.67,27.06,24.43,24.58,7675695,26.376465811543806,,23.304500000000004
2025-01-07 00:00:00+00:00,24.85,27.195,24.36,27.195,7142674,26.332664605459698,,23.4954
2025-01-08 00:00:00+00:00,23.5,24.31,22.54,23.82,5044053,26.237712699418193,,23.667399999999997
2025-01-10 00:00:00+00:00,23.4,23.47,22.14,22.755,4352517,26.14832256927445,,23.7912
2025-01-13 00:00:00+00:00,22.93,22.94,21.45,22.19,3938356,26.05784863028718,,23.906200000000002
2025-01-14 00:00:00+00:00,23.86,24.98,23.24,24.3,4251981,26.00571958795456,,24.020300000000002
2025-01-15 00:00:00+00:00,26.26,26.7574,25.03,25.43,6109224,26.006078078541957,,24.229699999999998
2025-01-16 00:00:00+00:00,26.59,27.08,25.55,25.56,4974401,26.017351494826723,,24.441099999999995
2025-01-17 00:00:00+00:00,26.92,29.28,26.37,27.71,10173164,26.099309161585023,,24.6683
2025-01-21 00:00:00+00:00,26.12,27.58,25.23,27.34,5966551,26.10582600941352,,24.855900000000002
2025-01-22 00:00:00+00:00,25.86,26.4,24.72,25.56,5154002,26.094224162242437,,25.0013
2025-01-23 00:00:00+00:00,25.43,27.2441,24.94,25.0,5368599,26.088342639688157,,25.1305
2025-01-24 00:00:00+00:00,26.04,27.82,25.62,26.3,6741223,26.101333158886273,,25.2596
2025-01-27 00:00:00+00:00,19.78,24.0,18.645,23.89,13189957,25.788759309671843,,25.163400000000003
2025-01-28 00:00:00+00:00,19.61,20.37,18.85,20.37,5519590,25.63974996512739,,25.0784
2025-01-29 00:00:00+00:00,20.11,20.47,19.16,19.44,4211187,25.53628945186217,,24.985
2025-01-30 00:00:00+00:00,21.5,21.71,20.51,20.65,4791325,25.449752937446345,,24.9522
2025-01-31 00:00:00+00:00,21.69,22.75,21.36,21.54,6558986,25.355395775783393,,24.880800000000004
2025-02-03 00:00:00+00:00,21.64,21.93,18.7,19.042,6128776,25.24291089982868,,24.812799999999996
2025-02-04 00:00:00+00:00,21.57,21.9536,21.16,21.26,2866688,25.20126501192189,,24.737799999999996
2025-02-05 00:00:00+00:00,20.82,22.2,20.79,21.55,3114935,25.153532102948127,,24.665
2025-02-06 00:00:00+00:00,21.1,21.78,20.56,21.12,2436074,25.115841997493305,,24.617399999999996
2025-02-07 00:00:00+00:00,20.88,22.85,20.67,21.74,3741623,25.063871448217576,,24.516600000000004
2025-02-10 00:00:00+00:00,20.81,21.28,20.57,21.25,2342257,25.026959400043268,,24.428
2025-02-11 00:00:00+00:00,20.09,21.08,20.02,20.55,3029637,24.974634171526574,,24.3414
2025-02-12 00:00:00+00:00,20.32,20.515,19.42,19.81,2044421,24.937629246069843,,24.178800000000003
2025-02-13 00:00:00+00:00,20.47,20.56,19.68,20.23,2820693,24.88905073347468,,24.0278
2025-02-14 00:00:00+00:00,20.47,20.88,20.2701,20.57,2232482,24.853769549663436,,23.918599999999998
2025-02-18 00:00:00+00:00,19.78,20.47,19.52,20.325,2753869,24.80491913639254,,23.813
2025-02-19 00:00:00+00:00,19.72,20.535,19.64,19.79,2236183,24.766290891099548,,23.6668
2025-02-20 00:00:00+00:00,19.53,20.13,18.94,20.13,2949863,24.711770359819376,,23.503999999999998
2025-02-21 00:00:00+00:00,17.93,20.3016,17.78,19.86,6375746,24.578725937543354,,23.257799999999996
2025-02-24 00:00:00+00:00,16.6,17.96,16.08,17.93,5288988,24.440602063256815,,23.045800000000003
2025-02-25 00:00:00+00:00,14.87,15.95,13.72,15.89,7915610,24.189730737039827,,22.8308
2025-02-26 00:00:00+00:00,14.94,15.57,14.415,15.04,4979399,24.04060805232597,,22.5958
2025-02-27 00:00:00+00:00,14.41,16.17,14.39,15.43,5393628,23.884690161581464,,22.3376
2025-02-28 00:00:00+00:00,14.75,15.34,13.91,14.24,6653421,23.69287299783143,,22.086
2025-03-03 00:00:00+00:00,14.08,17.45,14.01,16.51,6257065,23.52947951877481,,21.786400000000004
2025-03-04 00:00:00+00:00,14.02,14.5,12.9,13.42,4646084,23.39285739805649,,21.4744
2025-03-05 00:00:00+00:00,14.92,14.94,14.02,14.54,3717140,23.29540182228451,,21.250200000000003
2025-03-06 00:00:00+00:00,13.41,14.45,13.195,14.34,4624616,23.16429104480336,,21.042399999999997
2025-03-07 00:00:00+00:00,13.51,13.67,12.56,13.41,5324423,23.0109236916204,,20.839000000000002
2025-03-10 00:00:00+00:00,11.48,12.94,11.0,12.73,6058580,22.817178439517203,,20.6356
2025-03-11 00:00:00+00:00,11.88,12.11,11.03,11.5,4188749,22.68552408699908,,20.3876
2025-03-12 00:00:00+00:00,12.15,12.4539,11.58,12.25,3874436,22.570681892542822,,20.1528
2025-03-13 00:00:00+00:00,11.71,12.19,11.45,12.115,3509912,22.466071559827746,,19.9406
2025-03-14 00:00:00+00:00,12.62,12.715,12.0,12.11,4043056,22.35536759786964,,19.7628
2025-03-17 00:00:00+00:00,12.95,13.145,12.205,12.44,3194069,22.272407452407936,,19.612000000000002
2025-03-18 00:00:00+00:00,12.07,12.6868,12.05,12.6,3549475,22.177144331374265,,19.415599999999998
2025-03-19 00:00:00+00:00,12.93,13.255,12.24,12.24,4273704,22.070938727348477,,19.191000000000003
2025-03-20 00:00:00+00:00,12.92,13.45,12.532,12.54,3899836,21.977731658513314,,18.916
2025-03-21 00:00:00+00:00,12.9,12.915,12.37,12.53,3336559,21.89741351501845,,18.677
2025-03-24 00:00:00+00:00,13.95,14.01,13.25,13.25,4583916,21.80120412000611,,18.486
2025-03-25 00:00:00+00:00,13.66,13.95,13.374,13.885,2808475,21.742830942003017,,18.2912
2025-03-26 00:00:00+00:00,12.93,13.74,12.79,13.5,2783406,21.682214022358217,,18.0912
2025-03-27 00:00:00+00:00,12.46,12.76,12.31,12.57,2452562,21.62553119334616,,17.8632
2025-03-28 00:00:00+00:00,11.72,12.33,11.65,12.25,2883910,21.55536823584119,,17.572400000000002
2025-03-31 00:00:00+00:00,11.62,12.46,11.4716,12.3,9169951,21.337738536410555,,17.273
2025-04-01 00:00:00+00:00,13.32,13.34,11.15,11.87,10058990,21.1280393323956,,17.001
2025-04-02 00:00:00+00:00,13.39,13.63,12.77,12.99,8258260,20.976018459032368,,16.7464
2025-04-03 00:00:00+00:00,11.91,12.28,11.58,11.765,5324648,20.86458353287966,,16.4674
2025-04-04 00:00:00+00:00,11.39,11.7361,10.04,11.55,7151184,20.7050528752255,,16.186600000000002
2025-04-07 00:00:00+00:00,11.43,12.51,10.1001,10.13,6705877,20.564476090950087,,15.894400000000001
2025-04-08 00:00:00+00:00,11.08,12.34,10.76,12.075,5466134,20.45353895936057,,15.7204
2025-04-09 00:00:00+00:00,12.59,13.03,10.54,10.93,9684339,20.277291017077438,,15.58
2025-04-10 00:00:00+00:00,11.73,12.22,11.44,12.155,6038750,20.167770886231892,,15.4124
2025-04-11 00:00:00+00:00,12.16,12.33,11.6,11.82,5154764,20.079040579937214,,15.2256
2025-04-14 00:00:00+00:00,12.1,12.91,11.92,12.75,5700084,19.98648525469556,,15.033800000000001
2025-04-15 00:00:00+00:00,11.43,12.157,11.1703,12.09,4693607,19.904876575208004,,14.829600000000001
2025-04-16 00:00:00+00:00,11.08,11.45,10.86,11.09,5587778,19.804553813280897,,14.6198
2025-04-17 00:00:00+00:00,11.19,11.25,10.61,11.05,4259679,19.72862406920123,,14.427199999999997
2025-04-21 00:00:00+00:00,10.64,11.43,10.61,11.21,5057772,19.638902283609482,,14.218000000000002
2025-04-22 00:00:00+00:00,11.79,11.955,10.94,10.995,8131669,19.509146436111035,,14.036200000000001
2025-04-23 00:00:00+00:00,12.26,12.83,11.98,12.71,6602892,19.41704913231819,,13.8652
2025-04-24 00:00:00+00:00,12.9,13.075,12.06,12.23,4604502,19.357079184959012,,13.7214
2025-04-25 00:00:00+00:00,13.4,13.665,12.86,13.145,4774634,19.30177093265249,,13.583
2025-04-28 00:00:00+00:00,13.11,13.8,12.61,13.71,4221363,19.25262470702249,,13.435799999999999
2025-04-29 00:00:00+00:00,13.05,13.16,12.79,13.035,3074625,19.21631582077639,,13.2874
2025-04-30 00:00:00+00:00,12.31,12.47,11.86,12.37,4579978,19.156258728534034,,13.138
2025-05-01 00:00:00+00:00,13.51,13.7,12.74,12.9,8090232,19.069115902526736,,13.013799999999998
2025-05-02 00:00:00+00:00,13.8,14.27,13.47,13.77,5555511,19.016142402596408,,12.8992
2025-05-05 00:00:00+00:00,12.76,13.29,12.68,13.23,4470134,18.966709319084647,,12.795800000000002
2025-05-06 00:00:00+00:00,12.76,12.83,12.23,12.32,3894126,18.922169528882286,,12.719000000000001
2025-05-07 00:00:00+00:00,12.66,13.05,12.4495,12.84,5094581,18.8658601082735,,12.6748
2025-05-08 00:00:00+00:00,14.17,14.78,12.81,13.09,10578651,18.774348016647227,,12.659399999999998
2025-05-09 00:00:00+00:00,13.89,14.87,13.48,14.27,8254192,18.70753961586091,,12.649000000000001
2025-05-12 00:00:00+00:00,15.52,16.31,14.97,15.2,11824347,18.645451275943536,,12.6644
2025-05-13 00:00:00+00:00,16.5,16.65,15.6,16.285,9637557,18.607066848456864,,12.7128
2025-05-14 00:00:00+00:00,16.13,16.93,16.05,16.64,7641146,18.57900246763076,,12.755
2025-05-15 00:00:00+00:00,15.58,15.79,15.02,15.64,5903912,18.54909222951744,,12.7682
2025-05-16 00:00:00+00:00,17.13,17.45,15.53,15.55,11037622,18.516549515758175,,12.8426
2025-05-19 00:00:00+00:00,17.17,17.23,15.91,16.425,7205124,18.496676864628373,,12.9158
2025-05-20 00:00:00+00:00,16.83,17.23,16.38,17.135,8404669,18.474627273450345,,13.0228
2025-05-21 00:00:00+00:00,16.36,17.815,16.005,16.62,10944697,18.445311785683067,,13.112400000000001
2025-05-22 00:00:00+00:00,17.08,17.45,16.57,16.91,10069456,18.423855931902274,,13.211000000000002
2025-05-23 00:00:00+00:00,16.65,17.0,16.18,16.41,7186834,18.404394833570304,,13.309800000000001
2025-05-27 00:00:00+00:00,16.9,17.38,16.54,17.26,6961775,18.38933172091088,,13.3954
2025-05-28 00:00:00+00:00,15.54,16.84,15.49,16.82,6761001,18.365270759676772,,13.4472
2025-05-29 00:00:00+00:00,15.38,15.93,15.31,15.84,4531967,18.34666289032947,,13.5134
2025-05-30 00:00:00+00:00,15.27,15.4399,14.7437,15.185,7494534,18.31223395212342,,13.5602
2025-06-02 00:00:00+00:00,15.21,15.59,14.88,15.03,5132907,18.28963175496052,,13.606
2025-06-03 00:00:00+00:00,16.06,16.21,15.41,15.6,6761076,18.26673158644079,,13.6692
2025-06-04 00:00:00+00:00,17.01,17.13,15.82,15.95,6668186,18.25166700351232,,13.7304
2025-06-05 00:00:00+00:00,16.32,17.3,16.06,17.175,8798022,18.23108014182718,,13.783600000000002
2025-06-06 00:00:00+00:00,18.57,18.83,16.79,16.89,11137789,18.2285350482085,,13.896399999999998
2025-06-09 00:00:00+00:00,18.55,19.5,18.22,19.47,5962927,18.232790431657037,,14.018200000000002
2025-06-10 00:00:00+00:00,18.53,19.01,18.16,18.78,4384146,18.23475669799128,,14.1544
2025-06-11 00:00:00+00:00,18.52,18.8275,18.22,18.6,4598331,18.236523154415817,,14.2924
2025-06-12 00:00:00+00:00,18.36,18.94,17.79,17.83,4028911,18.23720159144386,,14.3932
2025-06-13 00:00:00+00:00,17.48,18.29,17.345,17.7,4831558,18.233808827472732,,14.475
2025-06-16 00:00:00+00:00,18.46,18.6012,17.585,18.0,4489896,18.233700412952413,,14.606
2025-06-17 00:00:00+00:00,16.99,18.07,16.75,17.99,5327877,18.22701240469321,,14.718
2025-06-18 00:00:00+00:00,17.03,17.315,16.665,16.775,5691403,18.218007488093214,,14.83
2025-06-20 00:00:00+00:00,16.7,17.57,16.505,17.375,6625998,18.207024000089593,,14.9424
2025-06-23 00:00:00+00:00,15.89,16.53,15.26,16.14,7321418,18.185509506110638,,15.0084
2025-06-24 00:00:00+00:00,17.24,17.27,16.31,16.36,5097263,18.177498036322977,,15.118599999999999
2025-06-25 00:00:00+00:00,17.45,18.41,17.39,17.68,6721936,18.173902296556104,,15.224400000000001
2025-06-26 00:00:00+00:00,18.68,18.88,17.03,17.28,9417088,18.174167417724817,,15.356
2025-06-27 00:00:00+00:00,17.66,18.59,17.42,18.59,7735040,18.17147480293763,,15.480599999999999
2025-06-30 00:00:00+00:00,18.6,18.79,17.87,17.9,5177000,18.173040978497458,,15.630999999999998
2025-07-01 00:00:00+00:00,18.48,19.74,18.03,18.08,6178516,18.177347899287565,,15.776800000000001
2025-07-02 00:00:00+00:00,21.08,21.55,19.13,19.27,16981432,18.22578588859872,,15.9856
2025-07-03 00:00:00+00:00,21.9,22.3296,21.1,21.15,6853604,18.254364864700968,,16.1878
2025-07-07 00:00:00+00:00,21.2,21.67,20.04,21.6,8725643,18.281910264337096,,16.366600000000002
2025-07-08 00:00:00+00:00,20.89,22.415,20.74,21.94,5868340,18.30268688799091,,16.526400000000002
2025-07-09 00:00:00+00:00,21.27,21.4851,20.0508,21.09,5171382,18.318312459328222,,16.6838
2025-07-10 00:00:00+00:00,22.07,22.368,20.9,21.18,6579561,18.344252824431567,,16.863
2025-07-11 00:00:00+00:00,21.83,22.8,21.58,22.61,5592811,18.367839154658512,,17.0386
2025-07-14 00:00:00+00:00,22.12,23.56,21.84,22.24,6262349,18.3969707192196,,17.2348
2025-07-15 00:00:00+00:00,21.56,22.01,21.2763,21.84,3956617,18.411220055758832,,17.395799999999998
2025-07-16 00:00:00+00:00,22.24,22.77,21.94,22.18,5182511,18.43373764263979,,17.5646
2025-07-17 00:00:00+00:00,22.12,22.41,21.48,21.6,4202194,18.45034805505855,,17.7518
2025-07-18 00:00:00+00:00,21.62,22.5997,20.91,22.26,5347353,18.4695355378685,,17.929
2025-07-21 00:00:00+00:00,21.34,22.77,21.2,21.86,5032099,18.487717734313943,,18.1026
2025-07-22 00:00:00+00:00,21.4,21.76,20.38,21.76,4054990,18.499616688734438,,18.2472
2025-07-23 00:00:00+00:00,21.65,21.84,20.78,21.4,4046086,18.51245351923875,,18.4024
2025-07-24 00:00:00+00:00,21.14,21.73,21.06,21.36,3316692,18.522486029511484,,18.5148
2025-07-25 00:00:00+00:00,20.38,21.0,19.98,21.0,3409980,18.52957900730432,,18.5924
2025-07-28 00:00:00+00:00,20.33,20.93,20.125,20.78,2039940,18.53381562919258,,18.676399999999997
2025-07-29 00:00:00+00:00,19.7,20.55,19.24,20.49,3411637,18.538551668915883,,18.7588
2025-07-30 00:00:00+00:00,19.82,20.03,19.37,19.74,3433707,18.542953768850833,,18.8126
2025-07-31 00:00:00+00:00,21.23,21.99,20.04,20.27,7835171,18.564044529689276,,18.8938
2025-08-01 00:00:00+00:00,19.78,20.28,19.1,19.855,4766506,18.56984591679416,,18.9528
2025-08-04 00:00:00+00:00,21.19,21.195,19.485,19.97,3189210,18.576718339521836,,19.049400000000002
2025-08-05 00:00:00+00:00,20.27,21.0828,19.92,21.07,3364715,18.5832188588342,,19.1132
2025-08-06 00:00:00+00:00,20.69,20.7,19.965,20.275,3130420,18.589315185351786,,19.194000000000003
2025-08-07 00:00:00+00:00,20.02,21.71,19.12,21.16,5940385,18.599739238705947,,19.2564
2025-08-08 00:00:00+00:00,19.455,20.21,18.68,20.15,5391361,18.60445208983196,19.448333333333334,19.334699999999998
2025-08-11 00:00:00+00:00,20.57,21.306,19.7,19.7,6131311,18.616508133393417,20.021414121105476,19.438499999999998
2025-08-12 00:00:00+00:00,21.58,21.62,20.4,20.6,4133411,18.627393246432405,20.332576232105225,19.564700000000002
2025-08-13 00:00:00+00:00,22.36,22.48,21.675,21.91,4858980,18.644861273716277,20.768163665579124,19.7077
2025-08-14 00:00:00+00:00,23.8,23.87,21.32,21.57,9120209,18.684749682692992,21.45398200822992,19.8625
2025-08-15 00:00:00+00:00,23.32,23.9,22.8,23.55,4728001,18.70676547405427,21.713476933265348,19.988699999999998
2025-08-18 00:00:00+00:00,24.42,24.768,22.535,23.3,5945620,18.737513290411574,22.03712309151399,20.1507
2025-08-19 00:00:00+00:00,21.98,24.43,21.5,24.35,6620867,18.763015271817235,22.12170690936838,20.2189
2025-08-20 00:00:00+00:00,22.31,22.32,20.69,22.25,4290697,18.77572078137782,22.092523931606728,20.2941
2025-08-21 00:00:00+00:00,21.37,22.16,21.01,22.16,4209721,18.787010482734555,22.04853650611886,20.3509
2025-08-22 00:00:00+00:00,23.37,23.5,21.0,21.41,5636382,18.808076447847593,22.10158967450707,20.4479
2025-08-25 00:00:00+00:00,23.45,23.62,21.89,22.58,3306913,18.821495486900464,22.147056735316006,20.549699999999998
2025-08-26 00:00:00+00:00,25.91,26.3655,23.028,23.1,8850379,18.8750074587762,22.50411241848489,20.7183
2025-08-27 00:00:00+00:00,26.35,27.4,25.6,26.0,6086685,18.919141883926535,22.8069394533604,20.8761
2025-08-28 00:00:00+00:00,26.51,27.22,26.314,27.0,4308260,18.951021520004044,23.006558400011023,21.0665
2025-08-29 00:00:00+00:00,26.73,27.08,26.05,26.41,4096749,18.980855499143015,23.175323960238092,21.2605
2025-09-02 00:00:00+00:00,27.4,27.53,24.77,25.82,4428122,19.012619381797414,23.33830075043789,21.4745
2025-09-03 00:00:00+00:00,27.67,28.66,26.2506,27.79,10988048,19.10017611938211,23.78456660466537,21.710099999999997
2025-09-04 00:00:00+00:00,25.61,27.81,25.53,27.6,6387336,19.14305862662253,23.9322429549101,21.8775
2025-09-05 00:00:00+00:00,25.38,27.16,24.202,26.39,5256837,19.174388932430933,24.00774221555743,22.0361
2025-09-08 00:00:00+00:00,25.48,26.16,25.455,25.49,3877391,19.197724010412458,24.06298790943748,22.1721
2025-09-09 00:00:00+00:00,29.3,29.34,26.1865,26.675,9270686,19.27469949211213,24.368269852172187,22.404899999999998
2025-09-10 00:00:00+00:00,30.95,31.93,29.752,30.135,7678386,19.355618055107758,24.73684090694902,22.6519
2025-09-11 00:00:00+00:00,31.96,32.22,30.66,31.13,4634011,19.406994507858283,24.964069714539256,22.9215
2025-09-12 00:00:00+00:00,32.44,32.83,31.79,32.22,3817479,19.45154209568453,25.15988787737736,23.148700000000005
