date,Close,High,Low,Open,Volume,aVWAP_peak_912,aVWAP_valley_897
2022-01-03 00:00:00+00:00,33.1560926044,33.1650585569,32.9947054581,33.0485011735,24099,,
2022-01-04 00:00:00+00:00,33.3174797506,33.3443776084,33.1381606992,33.3085137981,19434,,
2022-01-05 00:00:00+00:00,32.9678076004,33.4161052289,32.9229778376,33.3892073712,16921,,
2022-01-06 00:00:00+00:00,32.7528937173,32.8871140273,32.6762348228,32.8422842644,8384,,
2022-01-07 00:00:00+00:00,32.9319437901,32.9498756953,32.749934953,32.7620389889,66770,,
2022-01-10 00:00:00+00:00,32.5912375925,32.5912375925,32.2684632999,32.5195099719,18499,,
2022-01-11 00:00:00+00:00,32.9588416478,32.9944364795,32.6181354502,32.6271014027,22728,,
2022-01-12 00:00:00+00:00,33.3322735724,33.3354116558,33.1829904621,33.2098883198,20951,,
2022-01-13 00:00:00+00:00,33.0036714107,33.4430030866,33.0036714107,33.4430030866,15774,,
2022-01-14 00:00:00+00:00,33.1112628415,33.1112628415,32.8153864067,32.9050459324,651539,,
2022-01-18 00:00:00+00:00,32.4119185411,32.5733056873,32.3487085754,32.5195099719,55169,,
2022-01-19 00:00:00+00:00,32.4298504462,32.6073763071,32.3491568731,32.5733056873,40903,,
2022-01-20 00:00:00+00:00,32.1160421062,32.6450333079,32.0981102011,32.4836461616,35283,,
2022-01-21 00:00:00+00:00,31.766369956,32.1608718691,31.7529210272,32.1608718691,124443,,
2022-01-24 00:00:00+00:00,31.3001404224,31.3001404224,30.5470004065,31.0490937504,917941,,
2022-01-25 00:00:00+00:00,31.1297873235,31.2642766121,30.7980470784,30.9863320824,47363,,
2022-01-26 00:00:00+00:00,31.0042639875,31.4884254263,30.807013031,31.4884254263,31391,,
2022-01-27 00:00:00+00:00,30.6635577899,30.9773661298,30.5828642167,30.8877066041,61001,,
2022-01-28 00:00:00+00:00,30.8473598176,30.8473598176,30.4727623192,30.5111365962,421473,,
2022-01-31 00:00:00+00:00,31.4232429511,31.4256637583,30.9235704144,30.9235704144,88079,,
2022-02-01 00:00:00+00:00,31.6419225343,31.6677444777,31.3360042326,31.5063573315,41231,,
2022-02-02 00:00:00+00:00,31.9518755147,32.1034897726,31.7672665513,32.0263825805,16790,,
2022-02-03 00:00:00+00:00,31.5422211418,31.79775079,31.5422211418,31.7215401932,22485,,
2022-02-04 00:00:00+00:00,31.665054692,31.757493663,31.4525616161,31.5736019757,41166,,
2022-02-07 00:00:00+00:00,31.6677444777,31.7843018611,31.578084952,31.6587785252,83375,,
2022-02-08 00:00:00+00:00,31.7753359086,31.7843018611,31.4884254263,31.5601530469,36844,,
2022-02-09 00:00:00+00:00,32.3132930628,32.3312249679,32.1877697268,32.1877697268,25215,,
2022-02-10 00:00:00+00:00,31.8728854725,32.3305076917,31.8111997189,31.8111997189,50214,,
2022-02-11 00:00:00+00:00,31.578084952,32.0443144857,31.4794594738,31.9098251971,46482,,
2022-02-14 00:00:00+00:00,31.4256637583,31.4884254263,31.2732425646,31.4704935212,42833,,
2022-02-15 00:00:00+00:00,32.0263825805,32.0263825805,31.766369956,31.7932678137,33927,,
2022-02-16 00:00:00+00:00,32.1788037742,32.2253370681,31.9636209126,31.9636209126,30951,,
2022-02-17 00:00:00+00:00,31.6767104303,31.95465496,31.5691189995,31.9367230548,23176,,
2022-02-18 00:00:00+00:00,31.4615275686,31.7529210272,31.4347193704,31.6677444777,26550,,
2022-02-22 00:00:00+00:00,31.1835830389,31.4166978058,30.9689381344,31.2911744698,34098,,
2022-02-23 00:00:00+00:00,30.8966725567,31.4615275686,30.8966725567,31.4615275686,31376,,
2022-02-24 00:00:00+00:00,30.7083875527,30.7428168106,29.9517508153,30.0000772997,670725,,
2022-02-25 00:00:00+00:00,31.4077318532,31.4077318532,30.9146044618,31.0221958927,36982,,
2022-02-28 00:00:00+00:00,31.2381856901,31.4435956635,31.0401277978,31.0670256555,24994,,
2022-03-01 00:00:00+00:00,30.6367495917,30.995298035,30.4842387385,30.995298035,44244,,
2022-03-02 00:00:00+00:00,31.0042639875,31.1117657589,30.7462238726,30.9480474649,25949,,
2022-03-03 00:00:00+00:00,30.5076398747,30.9146044618,30.42156673,30.9146044618,12108,,
2022-03-04 00:00:00+00:00,30.0000772997,30.0718049203,29.7490306277,29.8835199163,554848,,
2022-03-07 00:00:00+00:00,29.0586522798,29.8028263431,28.9870143188,29.8028263431,881154,,
2022-03-08 00:00:00+00:00,29.2917670466,29.7042008649,29.0496863273,29.2648691889,753973,,
2022-03-09 00:00:00+00:00,30.1882726441,30.3137959801,29.8566220586,29.9911113471,29881,,
2022-03-10 00:00:00+00:00,29.9462815843,30.0449070625,29.8073093194,29.9552475368,34956,,
2022-03-11 00:00:00+00:00,29.7938603906,30.3407834974,29.7759284854,30.2869877819,43552,,
2022-03-14 00:00:00+00:00,29.9552475368,30.233281726,29.8150200386,30.1524984934,67739,,
2022-03-15 00:00:00+00:00,30.0180092048,30.0594319057,29.7669625329,29.8835199163,52088,,
2022-03-16 00:00:00+00:00,30.9504682721,30.9773661298,30.3676813551,30.5380344539,31454,,
2022-03-17 00:00:00+00:00,31.2104808967,31.2372890948,30.8340005482,30.8518427939,21707,,
2022-03-18 00:00:00+00:00,31.4615275686,31.4615275686,30.9863320824,30.9863320824,29947,,
2022-03-21 00:00:00+00:00,31.2725521863,31.4259374682,31.1733028862,31.3718014864,53462,,
2022-03-22 00:00:00+00:00,31.4890961137,31.5522547592,31.3468087081,31.3898468137,40241,,
2022-03-23 00:00:00+00:00,30.9838269497,31.2032581295,30.9387136315,31.1462348953,19491,,
2022-03-24 00:00:00+00:00,31.1823255499,31.2364615317,30.9838269497,31.128189568,18382,,
2022-03-25 00:00:00+00:00,31.2181455245,31.2625370297,31.0469855952,31.2003708772,38351,,
2022-03-28 00:00:00+00:00,31.1101442407,31.1101442407,30.8575998854,30.9748042861,40743,,
2022-03-29 00:00:00+00:00,31.7146627048,31.759776023,31.4546295386,31.633458732,27971,,
2022-03-30 00:00:00+00:00,31.5161641047,31.759776023,31.4259374682,31.6154134047,59263,,
2022-03-31 00:00:00+00:00,31.1101442407,31.3988694773,30.9838269497,31.3898468137,54676,,
2022-04-01 00:00:00+00:00,31.3447334954,31.3627788227,31.1379340447,31.2274388681,66159,,
2022-04-04 00:00:00+00:00,31.5793227502,31.5883454138,31.429726987,31.4349601319,19670,,
2022-04-05 00:00:00+00:00,31.1011215771,31.507141441,31.0289402679,31.4349601319,22507,,
2022-04-06 00:00:00+00:00,30.6048750767,30.7221697041,30.4785577857,30.6951017132,37594,,
2022-04-07 00:00:00+00:00,30.5778070858,30.7920051207,30.3522404947,30.5868297494,27379,,
2022-04-08 00:00:00+00:00,30.5507390949,30.6319430677,30.3522404947,30.4289331357,24406,,
2022-04-11 00:00:00+00:00,30.2259232037,30.4063764766,30.1627645582,30.3432178311,41448,,
2022-04-12 00:00:00+00:00,30.0544925945,30.3612631584,29.9823112854,30.3341951674,26582,,
2022-04-13 00:00:00+00:00,30.496603113,30.496603113,30.1356965673,30.1356965673,42216,,
2022-04-14 00:00:00+00:00,30.3883311493,30.4961519798,30.3098339756,30.4961519798,9603,,
2022-04-18 00:00:00+00:00,30.1447192309,30.3410523918,30.0815605854,30.11765124,22614,,
2022-04-19 00:00:00+00:00,30.2710365219,30.3161498402,30.0093792763,30.0093792763,24789,,
2022-04-20 00:00:00+00:00,30.4875804494,30.6138977404,30.4424671312,30.5056257767,39167,,
2022-04-21 00:00:00+00:00,30.1627645582,30.8123963405,30.1608697989,30.7672830223,61045,,
2022-04-22 00:00:00+00:00,29.6935860488,30.1615013853,29.6688639504,30.1086285764,22013,,
2022-04-25 00:00:00+00:00,29.5402007669,29.5672687578,29.1432035666,29.3687701576,372469,,
2022-04-26 00:00:00+00:00,28.8003423481,29.3326795031,28.7822970209,29.3146341758,91063,,
2022-04-27 00:00:00+00:00,28.8905689846,29.0168862756,28.7687630254,28.8815463209,477326,,
2022-04-28 00:00:00+00:00,29.3417021667,29.4046803589,29.0168862756,29.1432035666,30303,,
2022-04-29 00:00:00+00:00,29.0349316029,29.5943367487,29.0349316029,29.4499741304,56693,,
2022-05-02 00:00:00+00:00,28.8635009936,28.9404643145,28.5702644253,28.8815463209,314267,,
2022-05-03 00:00:00+00:00,29.0890675847,29.1432035666,28.9087045385,28.980795621,19838,,
2022-05-04 00:00:00+00:00,29.5943367487,29.5943367487,28.7974550958,28.9627502937,22137,,
2022-05-05 00:00:00+00:00,28.5567304298,29.2153848757,28.3943224842,29.2153848757,55957,,
2022-05-06 00:00:00+00:00,28.3672544933,28.4935717843,28.1777785568,28.4935717843,704562,,
2022-05-09 00:00:00+00:00,27.4108521471,27.9050234349,27.3657388289,27.8800306566,1215807,,
2022-05-10 00:00:00+00:00,27.59130542,27.8349173384,27.3355129057,27.8349173384,51807,,
2022-05-11 00:00:00+00:00,27.3476935016,27.9694452533,27.3476935016,27.59130542,56160,,
2022-05-12 00:00:00+00:00,27.4018294835,27.5010787836,27.1262773358,27.2033308834,639551,,
2022-05-13 00:00:00+00:00,28.1597332295,28.1777785568,27.7356680383,27.7356680383,78960,,
2022-05-16 00:00:00+00:00,28.222891875,28.2950731841,27.9707084262,28.0153706112,169046,,
2022-05-17 00:00:00+00:00,28.6559797299,28.7010930481,28.5386851025,28.5386851025,51709,,
2022-05-18 00:00:00+00:00,28.0153706112,28.5116171116,27.9747686248,28.4665037934,113148,,
2022-05-19 00:00:00+00:00,28.4484584661,28.5477077661,28.1236425749,28.1236425749,93577,,
2022-05-20 00:00:00+00:00,28.5747757571,28.7191383754,28.2589825296,28.6289117389,37452,,
2022-05-23 00:00:00+00:00,29.0078636119,29.0619995938,28.8140567969,28.8183876754,71144,,
2022-05-24 00:00:00+00:00,28.7732743572,28.8725236573,28.5985053625,28.728161039,104302,,
2022-05-25 00:00:00+00:00,28.8183876754,28.9519230973,28.5567304298,28.5567304298,12434,,
2022-05-26 00:00:00+00:00,29.1612488939,29.2424528666,28.980795621,28.980795621,40420,,
2022-05-27 00:00:00+00:00,29.4950874486,29.4950874486,29.359747494,29.4772225746,34393,,
2022-05-31 00:00:00+00:00,29.4048608122,29.5221554396,29.3507248304,29.4319288031,34107,,
2022-06-01 00:00:00+00:00,29.2514755303,29.4229061395,29.0898796244,29.4229061395,13020,,
2022-06-02 00:00:00+00:00,29.7567446943,29.7747900216,29.3507248304,29.3507248304,19555,,
2022-06-03 00:00:00+00:00,29.3179725613,29.4311167634,29.233430203,29.4229061395,46588,,
2022-06-06 00:00:00+00:00,29.4229061395,29.5944269754,29.3417021667,29.5944269754,20744,,
2022-06-07 00:00:00+00:00,29.486064785,29.486064785,29.1702715575,29.1702715575,36029,,
2022-06-08 00:00:00+00:00,29.1341809029,29.4138834759,29.0980902484,29.4138834759,63771,,
2022-06-09 00:00:00+00:00,28.5116171116,29.0259089392,28.5116171116,29.0259089392,45431,,
2022-06-10 00:00:00+00:00,27.9341666384,28.1597332295,27.8168720111,28.1597332295,263432,,
2022-06-13 00:00:00+00:00,26.9263351095,27.2935575198,26.8694923286,27.2935575198,1364011,,
2022-06-14 00:00:00+00:00,26.7251297103,27.0138549469,26.4905404556,26.9687416286,542213,,
2022-06-15 00:00:00+00:00,27.2033308834,27.338670838,26.6349030738,26.8424243376,114370,,
2022-06-16 00:00:00+00:00,26.4228704782,26.6033237511,26.3191098463,26.4905404556,1420712,,
2022-06-17 00:00:00+00:00,26.4364044737,26.5762557602,26.2469285372,26.4454271373,44794,,
2022-06-21 00:00:00+00:00,26.7186424151,26.8734539083,26.6457899477,26.7641752072,157287,,
2022-06-22 00:00:00+00:00,26.3816997534,26.5953396141,26.3134005653,26.3634866366,293827,,
2022-06-23 00:00:00+00:00,26.3088472861,26.3179538445,26.0993964423,26.3088472861,269841,,
2022-06-24 00:00:00+00:00,26.9918391678,26.9918391678,26.609363714,26.6548965062,55224,,
2022-06-27 00:00:00+00:00,26.9371998173,27.0788068008,26.8771875973,26.9918391678,75620,,
2022-06-28 00:00:00+00:00,26.8916670252,27.3184914185,26.8553318571,27.1557572195,29563,,
2022-06-29 00:00:00+00:00,26.673109623,26.8097079994,26.609363714,26.7732817657,125725,,
2022-06-30 00:00:00+00:00,26.5091915714,26.5727553492,26.1176095592,26.2542079355,203164,,
2022-07-01 00:00:00+00:00,26.5729374803,26.6457899477,26.1544911208,26.2997407276,75331,,
2022-07-05 00:00:00+00:00,26.0356505333,26.0356505333,25.6076422874,25.7896823903,477055,,
2022-07-06 00:00:00+00:00,25.9810111828,25.9992242996,25.7533472222,25.962798066,55556,,
2022-07-07 00:00:00+00:00,26.3816997534,26.436339104,26.1722489097,26.1722489097,35223,,
2022-07-08 00:00:00+00:00,26.5547243635,26.6275768309,26.3316136821,26.3908063119,49166,,
2022-07-11 00:00:00+00:00,25.9992242996,26.1631423513,25.962798066,26.1631423513,162236,,
2022-07-12 00:00:00+00:00,25.9263718323,26.0719857015,25.8307529688,25.899052157,99518,,
2022-07-13 00:00:00+00:00,25.8717324817,25.9536915075,25.6167488459,25.6167488459,161530,,
2022-07-14 00:00:00+00:00,25.5621094953,25.6349619627,25.2305397031,25.4619373526,1188531,,
2022-07-15 00:00:00+00:00,25.7806668975,25.7988800143,25.5848758914,25.6987078717,126205,,
2022-07-18 00:00:00+00:00,26.1176095592,26.3999128703,26.0538636502,26.1904620265,76491,,
2022-07-19 00:00:00+00:00,26.6548965062,26.7436854508,26.4818718961,26.4909784545,55625,,
2022-07-20 00:00:00+00:00,26.7095358567,26.7731907001,26.4909784545,26.6366833893,103086,,
2022-07-21 00:00:00+00:00,26.9645194926,27.0009457263,26.6366833893,26.6822161814,48809,,
2022-07-22 00:00:00+00:00,26.9463063757,27.3014621542,26.8825604667,27.2012900116,34764,,
2022-07-25 00:00:00+00:00,27.1011178689,27.1796164025,26.9827326094,27.1284375442,46363,,
2022-07-26 00:00:00+00:00,26.7459620904,26.9554129341,26.6913227398,26.9554129341,57534,,
2022-07-27 00:00:00+00:00,27.2923555958,27.360654784,26.8370276746,26.973626051,36182,,
2022-07-28 00:00:00+00:00,27.5200195564,27.5473392317,27.2195031284,27.3652080632,29388,,
2022-07-29 00:00:00+00:00,27.9389212439,28.0117737113,27.6429580951,27.683937608,33878,,
2022-08-01 00:00:00+00:00,28.0390933866,28.1574786461,27.8843729589,28.0208802697,49788,,
2022-08-02 00:00:00+00:00,27.5746589069,27.8509518895,27.5564457901,27.747683517,46392,,
2022-08-03 00:00:00+00:00,27.8023228675,27.8159827052,27.5291261148,27.6748310496,62164,,
2022-08-04 00:00:00+00:00,27.8569622181,27.9662409192,27.7697213884,27.7932163091,24257,,
2022-08-05 00:00:00+00:00,27.6748310496,27.7158105625,27.4841397162,27.5746589069,37558,,
2022-08-08 00:00:00+00:00,27.8387491012,28.0755196202,27.7932163091,27.9298146855,38032,,
2022-08-09 00:00:00+00:00,27.6566179328,27.7932163091,27.5746589069,27.7932163091,48769,,
2022-08-10 00:00:00+00:00,28.3669294898,28.4696514688,28.2030114382,28.2121179966,17491,,
2022-08-11 00:00:00+00:00,28.4124622819,28.6583393594,28.3669294898,28.6401262425,47011,,
2022-08-12 00:00:00+00:00,28.6401262425,28.6855679691,28.3760360482,28.4671016325,40891,,
2022-08-15 00:00:00+00:00,28.4033557235,28.4033557235,28.284970464,28.284970464,31924,,
2022-08-16 00:00:00+00:00,28.348716373,28.3942491651,28.2030114382,28.2394376719,19440,,
2022-08-17 00:00:00+00:00,28.1119458539,28.1210524124,27.8387491012,28.0208802697,67919,,
2022-08-18 00:00:00+00:00,27.9298146855,28.048199945,27.8670704979,28.0117737113,42000,,
2022-08-19 00:00:00+00:00,27.5018064396,27.6930441665,27.4111961832,27.6930441665,42378,,
2022-08-22 00:00:00+00:00,27.1193309858,27.2286096868,26.9189867004,27.2286096868,199797,,
2022-08-23 00:00:00+00:00,27.1284375442,27.3469949464,27.0100522847,27.0373719599,23605,,
2022-08-24 00:00:00+00:00,27.3287818295,27.3652080632,27.0920113105,27.1375441026,14169,,
2022-08-25 00:00:00+00:00,27.5200195564,27.5928720238,27.3060154334,27.3105687127,25899,,
2022-08-26 00:00:00+00:00,26.8461342331,27.5655523485,26.8006014409,27.5655523485,27845,,
2022-08-29 00:00:00+00:00,26.7641752072,26.8279211162,26.7140891359,26.7186424151,65009,,
2022-08-30 00:00:00+00:00,26.7095358567,26.9463063757,26.5182981298,26.9463063757,43564,,
2022-08-31 00:00:00+00:00,26.5274046882,26.7486029923,26.4545522208,26.673109623,54047,,
2022-09-01 00:00:00+00:00,26.0811833255,26.1267161176,25.8626259233,26.1176095592,326843,,
2022-09-02 00:00:00+00:00,25.9081587154,26.3361669613,25.7897734559,26.2451013771,26798,,
2022-09-06 00:00:00+00:00,25.7351341054,25.9644372465,25.6349619627,25.899052157,294425,,
2022-09-07 00:00:00+00:00,25.8170931312,25.9263718323,25.4801504695,25.4801504695,595544,,
2022-09-08 00:00:00+00:00,25.9263718323,25.9263718323,25.6366922088,25.6531750795,30729,,
2022-09-09 00:00:00+00:00,26.5539958388,26.5547243635,26.2997407276,26.2997407276,33035,,
2022-09-12 00:00:00+00:00,26.8643473499,26.9371998173,26.7732817657,26.7732817657,28377,,
2022-09-13 00:00:00+00:00,25.8444128064,26.4153940196,25.8444128064,26.3634866366,32163,,
2022-09-14 00:00:00+00:00,26.1722489097,26.1722489097,25.9118013388,26.0538636502,26248,,
2022-09-15 00:00:00+00:00,25.7533472222,25.9536915075,25.7260275469,25.835306248,26669,,
2022-09-16 00:00:00+00:00,25.6713881964,25.7062663152,25.4678566156,25.6167488459,72378,,
2022-09-19 00:00:00+00:00,25.6400616354,25.7225940227,25.364953678,25.364953678,179703,,
2022-09-20 00:00:00+00:00,25.254910495,25.4199752694,25.1632078425,25.4199752694,413256,,
2022-09-21 00:00:00+00:00,25.0806754552,25.4062198716,24.9772348632,25.3466131475,208653,,
2022-09-22 00:00:00+00:00,24.888099885,25.1173565162,24.7963972325,25.1173565162,811608,,
2022-09-23 00:00:00+00:00,24.0536057474,24.3653947658,23.9080736379,24.3653947658,2041140,,
2022-09-26 00:00:00+00:00,23.6592843417,23.9764838166,23.519621202,23.8426896467,768144,,
2022-09-27 00:00:00+00:00,23.4300277105,23.8060085857,23.3200762301,23.6776248722,436001,,
2022-09-28 00:00:00+00:00,23.9252220339,23.9942741312,23.2924737317,23.4300277105,267940,,
2022-09-29 00:00:00+00:00,23.521730363,23.5859222197,23.2259893087,23.5859222197,232348,,
2022-09-30 00:00:00+00:00,23.485049302,23.7784977899,23.485049302,23.485049302,87581,,
2022-10-03 00:00:00+00:00,24.0536057474,24.0902868084,23.7326464637,23.7693275247,228742,,
2022-10-04 00:00:00+00:00,24.851418824,24.9077242527,24.5121190098,24.5121190098,48854,,
2022-10-05 00:00:00+00:00,24.4846082141,24.5579703361,24.1984959383,24.4295866226,46067,,
2022-10-06 00:00:00+00:00,24.2003299914,24.4669096021,24.127059572,24.4166565486,47112,,
2022-10-07 00:00:00+00:00,23.7876680552,24.05819088,23.7051356679,24.0352652169,232271,,
2022-10-10 00:00:00+00:00,23.7234761984,23.851309696,23.5492411587,23.8335193814,542144,,
2022-10-11 00:00:00+00:00,23.4391979757,23.801423453,23.4300277105,23.4391979757,222400,,
2022-10-12 00:00:00+00:00,23.3291547927,23.4942195672,23.2466224055,23.2833034665,195130,,
2022-10-13 00:00:00+00:00,23.7418167289,23.8702004424,22.8614712651,22.8614712651,155885,,
2022-10-14 00:00:00+00:00,23.3566655885,23.8335193814,23.3199845275,23.8335193814,82303,,
2022-10-17 00:00:00+00:00,23.9252220339,24.0404922681,23.8208644154,23.8518599119,105158,,
2022-10-18 00:00:00+00:00,24.0169246864,24.2789191645,23.9069732061,24.1911597261,174467,,
2022-10-19 00:00:00+00:00,23.7601572594,23.8885409729,23.6042627502,23.7784977899,536301,,
2022-10-20 00:00:00+00:00,23.6776248722,23.9527328297,23.5767519545,23.595092485,127560,,
2022-10-21 00:00:00+00:00,24.0169246864,24.0398503495,23.4025169147,23.4025169147,186319,,
2022-10-24 00:00:00+00:00,23.8885409729,23.9985841559,23.6706554706,23.8702004424,391236,,
2022-10-25 00:00:00+00:00,24.4204163573,24.4295866226,24.0444354821,24.0444354821,45448,,
2022-10-26 00:00:00+00:00,24.741375641,24.851418824,24.4937784793,24.4937784793,37127,,
2022-10-27 00:00:00+00:00,24.5304595403,24.7819082134,24.4754379488,24.6955243148,109697,,
2022-10-28 00:00:00+00:00,24.6863540496,24.6955243148,24.4112460921,24.4112460921,290255,,
2022-10-31 00:00:00+00:00,24.5212892751,24.5350446729,24.3562245006,24.4662676836,158706,,
2022-11-01 00:00:00+00:00,24.7872269673,25.1718278918,24.5580620387,25.0256538638,124257,,
2022-11-02 00:00:00+00:00,24.4204163573,25.1998889035,24.3378839701,24.7138648453,91921,,
2022-11-03 00:00:00+00:00,24.2553515829,24.3287137049,23.9786846803,24.0994570736,212717,,
2022-11-04 00:00:00+00:00,25.0990159857,25.1265267815,24.6116163878,24.9064404155,38040,,
2022-11-07 00:00:00+00:00,25.254910495,25.3281809143,24.998143068,25.2640807602,119005,,
2022-11-08 00:00:00+00:00,25.5575292482,25.6950832269,25.3007618212,25.3007618212,50440,,
2022-11-09 00:00:00+00:00,25.1723781077,25.5070927893,25.1449590146,25.4199752694,89930,,
2022-11-10 00:00:00+00:00,26.5570881603,26.6121097518,26.0527235716,26.0527235716,92619,,
2022-11-11 00:00:00+00:00,27.2289017924,27.2367882205,26.7768077156,26.804685322,63171,,
2022-11-14 00:00:00+00:00,26.8505366482,27.1256446057,26.7222446374,26.8138555873,258567,,
2022-11-15 00:00:00+00:00,27.0522824837,27.3182201759,26.7928556798,27.134814871,133214,,
2022-11-16 00:00:00+00:00,26.7496637305,26.9955185418,26.7496637305,26.988090627,114742,,
2022-11-17 00:00:00+00:00,26.804685322,26.847968974,26.511236834,26.511236834,139302,,
2022-11-18 00:00:00+00:00,26.8230258525,26.9330690355,26.6707994494,26.9330690355,21164,,
2022-11-21 00:00:00+00:00,26.6487908128,26.6802448226,26.5066517014,26.5937692213,24112,,
2022-11-22 00:00:00+00:00,27.0064311575,27.0064311575,26.7944146249,26.804685322,21443,,
2022-11-23 00:00:00+00:00,27.3273904412,27.3915822979,26.8872177092,27.0889635447,56375,,
2022-11-25 00:00:00+00:00,27.4828264371,27.5130883125,27.3733334701,27.3733334701,7474,,
2022-11-28 00:00:00+00:00,27.0889635447,27.5107957462,26.9603047233,27.2631985844,28403,,
2022-11-29 00:00:00+00:00,27.1026272399,27.2502685104,27.007348184,27.0889635447,21524,,
2022-11-30 00:00:00+00:00,27.5383065419,27.7308821121,27.024771688,27.2219323908,54679,,
2022-12-01 00:00:00+00:00,27.8592658256,27.8991564794,27.6049743703,27.8991564794,96379,,
2022-12-02 00:00:00+00:00,27.7859037036,27.9784792738,27.5016254809,27.5291362767,25679,,
2022-12-05 00:00:00+00:00,27.4557741547,27.7217118469,27.2448580539,27.7217118469,27719,,
2022-12-06 00:00:00+00:00,27.1073040752,27.3549012369,26.9095014538,27.3549012369,45025,,
2022-12-07 00:00:00+00:00,27.0889635447,27.2540283192,26.9789203617,27.134814871,84663,,
2022-12-08 00:00:00+00:00,27.2998796454,27.3090499107,27.09813381,27.1439851362,36506,,
2022-12-09 00:00:00+00:00,27.3457309717,27.5107957462,27.2174389608,27.2815391149,29256,,
2022-12-12 00:00:00+00:00,27.2907093802,27.3090499107,27.0568676163,27.3090499107,51032,,
2022-12-13 00:00:00+00:00,27.6942010511,28.0976927221,27.6575199901,28.0059900696,26382,,
2022-12-14 00:00:00+00:00,27.6267996016,27.9373047829,27.5474768072,27.6758605206,28326,,
2022-12-15 00:00:00+00:00,27.09813381,27.4190930937,26.8331131443,27.4190930937,79249,,
2022-12-16 00:00:00+00:00,26.914728505,27.0476973511,26.7719474751,26.9789203617,46662,,
2022-12-19 00:00:00+00:00,26.8377808093,27.0678715227,26.6722075319,27.0678715227,60543,,
2022-12-20 00:00:00+00:00,26.9206134661,27.1042258554,26.7806262761,26.9390207232,51219,,
2022-12-21 00:00:00+00:00,27.2427404648,27.4544239212,27.0126497515,27.0954824083,45544,,
2022-12-22 00:00:00+00:00,27.0862787797,27.1967223222,26.7727111555,27.1967223222,37978,,
2022-12-23 00:00:00+00:00,27.1691114366,27.2344571992,26.9922176961,27.0494642656,20514,,
2022-12-27 00:00:00+00:00,27.2703513505,27.4326113215,27.2427404648,27.2979622361,32329,,
2022-12-28 00:00:00+00:00,26.8930025805,27.4268130356,26.8930025805,27.3347767502,50031,,
2022-12-29 00:00:00+00:00,27.4544239212,27.555663835,27.2979622361,27.3531840073,27394,,
2022-12-30 00:00:00+00:00,27.2611477219,27.4146642459,27.1783150651,27.3715912643,113997,,
2023-01-03 00:00:00+00:00,27.3347767502,27.5188493209,27.2059259507,27.5096456924,33884,,
2023-01-04 00:00:00+00:00,27.5280529494,27.6477001204,27.3715912643,27.5648674636,23775,,
2023-01-05 00:00:00+00:00,27.1967223222,27.277622217,27.1230932939,27.2611477219,21504,,
2023-01-06 00:00:00+00:00,27.9238089765,28.0157532255,27.4130075928,27.4268130356,20891,,
2023-01-09 00:00:00+00:00,28.0434561474,28.3286765957,28.0342525189,28.1538996899,16799,,
2023-01-10 00:00:00+00:00,28.0618634045,28.1354924328,27.9606234906,27.973324498,21303,,
2023-01-11 00:00:00+00:00,28.2551396037,28.3005134924,28.0250488904,28.2091214611,28251,,
2023-01-12 00:00:00+00:00,28.6877101449,28.7705428017,28.1959602723,28.5220448313,64921,,
2023-01-13 00:00:00+00:00,28.8901899727,28.8901899727,28.4734496726,28.5680629739,62838,,
2023-01-17 00:00:00+00:00,28.9070326129,29.0584323023,28.6877101449,28.982226258,35726,,
2023-01-18 00:00:00+00:00,28.8349682015,29.2760981172,28.8073573159,29.2491314856,25638,,
2023-01-19 00:00:00+00:00,28.7705428017,28.8993015649,28.6265060151,28.7797464303,33496,,
2023-01-20 00:00:00+00:00,29.0742625434,29.101873429,28.7604188103,28.8165609444,47163,,
2023-01-23 00:00:00+00:00,29.2675387426,29.2951496282,29.0715014548,29.0834661719,31571,,
2023-01-24 00:00:00+00:00,29.2307242285,29.3135568853,28.8901899727,29.1755024573,38865,,
2023-01-25 00:00:00+00:00,29.3687786565,29.4240004277,29.0190407722,29.101873429,17220,,
2023-01-26 00:00:00+00:00,29.3871859136,29.4170056701,29.1939097144,29.3687786565,43139,,
2023-01-27 00:00:00+00:00,29.3871859136,29.5435555624,29.2767423712,29.3687786565,30704,,
2023-01-30 00:00:00+00:00,29.1939097144,29.3226684776,29.0742625434,29.2767423712,26075,,
2023-01-31 00:00:00+00:00,29.3227605139,29.3871859136,29.0632181892,29.1755024573,76664,,
2023-02-01 00:00:00+00:00,29.6909056553,29.7712533324,29.0375400655,29.3871859136,67968,,
2023-02-02 00:00:00+00:00,29.6909056553,29.7921455692,29.3872779499,29.7645346836,25980,,
2023-02-03 00:00:00+00:00,29.2031133429,29.4055931707,29.1110770575,29.2951496282,49639,,
2023-02-06 00:00:00+00:00,28.8809863442,28.9270044868,28.6402194217,28.9085972298,23022,,
2023-02-07 00:00:00+00:00,29.1294843146,29.1294843146,28.5531530957,28.7705428017,17337,,
2023-02-08 00:00:00+00:00,28.8809863442,29.1202806861,28.84417183,29.1202806861,29889,,
2023-02-09 00:00:00+00:00,28.9730226295,29.3687786565,28.8634994499,29.3687786565,25236,,
2023-02-10 00:00:00+00:00,28.7981536873,28.9361160791,28.6693028878,28.9270044868,33215,,
2023-02-13 00:00:00+00:00,28.982226258,29.1570031639,28.6048774881,28.7797464303,10652,,
2023-02-14 00:00:00+00:00,29.0624818989,29.1732015501,28.8625790871,28.9270044868,19593,,
2023-02-15 00:00:00+00:00,28.8533754585,28.9085972298,28.6702232507,28.724524659,28086,,
2023-02-16 00:00:00+00:00,28.7429319161,28.982226258,28.625493616,28.706117402,36524,,
2023-02-17 00:00:00+00:00,28.84417183,28.8809863442,28.586470231,28.6600992593,87783,,
2023-02-21 00:00:00+00:00,28.5588593454,28.7291264733,28.3912612698,28.7153210305,27842,,
2023-02-22 00:00:00+00:00,28.2827504893,28.4714248743,28.0986779186,28.4116012888,42546,,
2023-02-23 00:00:00+00:00,28.586470231,28.6232847452,28.2390332538,28.4052507852,15990,,
2023-02-24 00:00:00+00:00,28.1446960613,28.1999178325,27.8981308529,28.1354924328,40802,,
2023-02-27 00:00:00+00:00,28.448415803,28.5588593454,28.3655831462,28.448415803,37718,,
2023-02-28 00:00:00+00:00,28.3195650035,28.4760266886,28.2511820435,28.4392121744,11824,,
2023-03-01 00:00:00+00:00,28.5588593454,28.6232847452,28.2736388971,28.5772666025,36567,,
2023-03-02 00:00:00+00:00,28.4982074334,28.587114485,28.2567962569,28.4116012888,15619,,
2023-03-03 00:00:00+00:00,28.8717827156,29.0282444007,28.5600558171,28.7153210305,18283,,
2023-03-06 00:00:00+00:00,28.84417183,28.9072166855,28.6600992593,28.8349682015,16381,,
2023-03-07 00:00:00+00:00,28.328768632,28.8073573159,28.2206259967,28.8073573159,14629,,
2023-03-08 00:00:00+00:00,28.4208049174,28.5726647882,28.3276641966,28.4116012888,31281,,
2023-03-09 00:00:00+00:00,28.2459359752,28.5312484598,28.2183250896,28.4944339457,23297,,
2023-03-10 00:00:00+00:00,27.9974380047,28.328768632,27.9974380047,28.3011577464,37241,,
2023-03-13 00:00:00+00:00,27.7765509199,28.052659776,27.7306248135,27.7397364058,20559,,
2023-03-14 00:00:00+00:00,28.0250488904,28.0554208645,27.813365434,27.9146053479,23052,,
2023-03-15 00:00:00+00:00,27.3255731217,27.4360166641,27.1138896653,27.2887586075,112538,,
2023-03-16 00:00:00+00:00,27.7121255202,27.7121255202,27.2657495362,27.3265855208,30274,,
2023-03-17 00:00:00+00:00,27.3992021499,27.6131865134,27.3715912643,27.5464602065,16298,,
2023-03-20 00:00:00+00:00,27.7905128244,27.823348754,27.5487884383,27.6044425564,205526,,
2023-03-21 00:00:00+00:00,27.9940213828,28.044110089,27.8768694642,28.0032970691,36456,,
2023-03-22 00:00:00+00:00,27.7714049105,28.1795351096,27.7714049105,27.9105402057,48821,,
2023-03-23 00:00:00+00:00,27.947642951,28.3093947184,27.8270590286,28.0496755008,16584,,
2023-03-24 00:00:00+00:00,27.8085076559,27.9012645193,27.5858911837,27.7714049105,32282,,
2023-03-27 00:00:00+00:00,27.9754700101,28.0682268735,27.7528535378,27.9661943237,28099,,
2023-03-28 00:00:00+00:00,27.9847456964,28.0496755008,27.906922688,27.9661943237,13577,,
2023-03-29 00:00:00+00:00,28.216637855,28.3418596206,28.216637855,28.244464914,579855,,
2023-03-30 00:00:00+00:00,28.6433194268,28.7236468705,28.5923031519,28.7175249175,44808,,
2023-03-31 00:00:00+00:00,28.7639033492,28.8520223695,28.6685492936,28.7360762902,15751,,
2023-04-03 00:00:00+00:00,29.0143468805,29.0421739395,28.8289259105,28.8752115853,19910,,
2023-04-04 00:00:00+00:00,29.0238080805,29.0885523712,28.9435733937,29.0607253122,14020,,
2023-04-05 00:00:00+00:00,28.6711464858,28.7824547219,28.5566845163,28.7824547219,10913,,
2023-04-06 00:00:00+00:00,28.6618707994,28.7963682514,28.4949084453,28.6062166814,33449,,
2023-04-10 00:00:00+00:00,28.6896978585,28.6896978585,28.272291973,28.4763570726,28673,,
2023-04-11 00:00:00+00:00,28.8625966519,28.9494170761,28.7082492312,28.8288331536,18465,,
2023-04-12 00:00:00+00:00,28.9772441351,29.1111850459,28.9401413897,29.0978280576,12058,,
2023-04-13 00:00:00+00:00,29.4221060521,29.4410284522,29.2369633527,29.2647904117,15443,,
2023-04-14 00:00:00+00:00,29.3111688434,29.4966825703,29.1628506188,29.4549419818,27812,,
2023-04-17 00:00:00+00:00,29.3204445298,29.3204445298,29.1535749325,29.2555147254,22208,,
2023-04-18 00:00:00+00:00,29.4132013932,29.4132013932,29.2276876664,29.3688636125,51662,,
2023-04-19 00:00:00+00:00,29.1534821756,29.2647904117,29.0746388417,29.1534821756,40851,,
2023-04-20 00:00:00+00:00,29.1720335483,29.2972553139,29.0236225668,29.162757862,114882,,
2023-04-21 00:00:00+00:00,29.246239039,29.3181256082,28.9772441351,29.1813092346,34581,,
2023-04-24 00:00:00+00:00,29.2833417844,29.352909432,29.1349308029,29.2091362937,37767,,
2023-04-25 00:00:00+00:00,28.8705737422,29.21841198,28.83810884,29.0700009985,103561,,
2023-04-26 00:00:00+00:00,28.8566602126,29.0430087513,28.7917304082,29.0050711941,30440,,
2023-04-27 00:00:00+00:00,29.2091362937,29.21841198,28.9679684488,28.9679684488,39806,,
2023-04-28 00:00:00+00:00,29.2555147254,29.2919681727,29.0514496258,29.0514496258,20390,,
2023-05-01 00:00:00+00:00,29.2369633527,29.3297202161,29.190584921,29.3204445298,47536,,
2023-05-02 00:00:00+00:00,28.9772441351,29.0421739395,28.8474772832,28.9865198214,17349,,
2023-05-03 00:00:00+00:00,29.0050711941,29.190584921,28.9957955078,29.0328982532,22118,,
2023-05-04 00:00:00+00:00,29.0607253122,29.1395686461,28.9957955078,28.9957955078,8248,,
2023-05-05 00:00:00+00:00,29.4966825703,29.5337853157,29.21841198,29.246239039,32947,,
2023-05-08 00:00:00+00:00,29.5245096293,29.5811840729,29.515233943,29.5337853157,12892,,
2023-05-09 00:00:00+00:00,29.3668229615,29.4263728678,29.2555147254,29.2740660981,10986,,
2023-05-10 00:00:00+00:00,29.3760986478,29.487406884,29.2833417844,29.4503041386,12000,,
2023-05-11 00:00:00+00:00,29.1998606073,29.2555147254,29.1349308029,29.2091362937,14290,,
2023-05-12 00:00:00+00:00,29.1256551166,29.2369633527,29.0050711941,29.2091362937,23630,,
2023-05-15 00:00:00+00:00,29.3760986478,29.3787885969,29.190584921,29.190584921,53102,,
2023-05-16 00:00:00+00:00,29.0700009985,29.2787039412,29.0700009985,29.21841198,38846,,
2023-05-17 00:00:00+00:00,29.1442064893,29.1998606073,28.9679684488,29.0514496258,21084,,
2023-05-18 00:00:00+00:00,28.9865198214,29.0143468805,28.8844872717,28.9772441351,30026,,
2023-05-19 00:00:00+00:00,29.0978280576,29.1720335483,29.0421739395,29.1163794302,50617,,
2023-05-22 00:00:00+00:00,29.1720335483,29.1998606073,29.0885523712,29.0885523712,15494,,
2023-05-23 00:00:00+00:00,28.8335637536,29.0050711941,28.8297607222,28.9308657034,11572,,
2023-05-24 00:00:00+00:00,28.3928758955,28.6433194268,28.3928758955,28.6062166814,24957,,
2023-05-25 00:00:00+00:00,28.2815676594,28.4392543272,28.1702594233,28.3928758955,40102,,
2023-05-26 00:00:00+00:00,28.3557731501,28.3743245228,28.2815676594,28.3186704048,13808,,
2023-05-30 00:00:00+00:00,28.1517080506,28.3650488365,28.0731429873,28.3001190321,19613,,
2023-05-31 00:00:00+00:00,27.9754700101,27.9940213828,27.8177833422,27.9661943237,66773,,
2023-06-01 00:00:00+00:00,28.3836002092,28.4207029545,28.1146053052,28.1146053052,18443,,
2023-06-02 00:00:00+00:00,28.8195574673,28.8844872717,28.7639033492,28.8473845263,24449,,
2023-06-05 00:00:00+00:00,28.7268006038,28.7917304082,28.6999011134,28.7453519765,17892,,
2023-06-06 00:00:00+00:00,28.9030386444,28.921590017,28.6711464858,28.6711464858,13386,,
2023-06-07 00:00:00+00:00,28.6989735448,28.9308657034,28.6618707994,28.865935899,26400,,
2023-06-08 00:00:00+00:00,28.9586927624,28.9586927624,28.7639033492,28.7639033492,26316,,
2023-06-09 00:00:00+00:00,28.9865198214,29.0514496258,28.9586927624,28.9586927624,13352,,
2023-06-12 00:00:00+00:00,29.1071037439,29.1163794302,28.9866125783,29.0421739395,29436,,
2023-06-13 00:00:00+00:00,29.3575472752,29.4132013932,29.329812973,29.3853743342,25978,,
2023-06-14 00:00:00+00:00,29.3389959025,29.4781311976,29.1998606073,29.4363906091,28728,,
2023-06-15 00:00:00+00:00,29.543061002,29.543061002,29.21841198,29.21841198,25805,,
2023-06-16 00:00:00+00:00,29.4132013932,29.6079908064,29.4132013932,29.5616123747,20303,,
2023-06-20 00:00:00+00:00,29.002501829,29.1710665797,28.9370425175,29.1148783295,57949,,
2023-06-21 00:00:00+00:00,29.1198416249,29.1852072893,28.9744077039,29.0399606625,14030,,
2023-06-22 00:00:00+00:00,28.8245723699,28.8994900369,28.8181107212,28.8620312034,13008,,
2023-06-23 00:00:00+00:00,28.3001487011,28.3844310764,28.2626898676,28.3844310764,22317,,
2023-06-26 00:00:00+00:00,28.3282428262,28.5529958271,28.3095134095,28.3095134095,24395,,
2023-06-27 00:00:00+00:00,28.5342664104,28.5623605355,28.4218899099,28.4218899099,16157,,
2023-06-28 00:00:00+00:00,28.6185487857,28.6830716264,28.5342664104,28.5436311188,18116,,
2023-06-29 00:00:00+00:00,28.5061722853,28.5288348795,28.4125252016,28.4125252016,12057,,
2023-06-30 00:00:00+00:00,28.8433017867,28.8994900369,28.6934664527,28.6934664527,30221,,
2023-07-03 00:00:00+00:00,28.9182194537,29.0118665374,28.8901253285,28.8901253285,13156,,
2023-07-05 00:00:00+00:00,28.7777488281,28.8245723699,28.7611732943,28.8245723699,4347,,
2023-07-06 00:00:00+00:00,28.3282428262,28.3657016597,28.2042540874,28.3376075346,14286,,
2023-07-07 00:00:00+00:00,28.8152076616,28.9182194537,28.449984035,28.449984035,44106,,
2023-07-10 00:00:00+00:00,28.927584162,28.927584162,28.674737036,28.674737036,16450,,
2023-07-11 00:00:00+00:00,29.2366195383,29.2366195383,29.0124284199,29.0867842044,12556,,
2023-07-12 00:00:00+00:00,29.8265961658,29.8359608741,29.6673961234,29.6673961234,21679,,
2023-07-13 00:00:00+00:00,30.1543609588,30.2283421549,30.0138903332,30.0138903332,21262,,
2023-07-14 00:00:00+00:00,29.9015138327,30.0232550416,29.882784416,29.9764314997,34369,,
2023-07-17 00:00:00+00:00,29.8453255825,29.8921491244,29.732949082,29.732949082,26069,,
2023-07-18 00:00:00+00:00,30.1356315421,30.1542673117,30.0045256248,30.03261975,14386,,
2023-07-19 00:00:00+00:00,30.210549209,30.2650518118,30.1125007124,30.2650518118,8505,,
2023-07-20 00:00:00+00:00,29.9764314997,30.084125646,29.872764178,30.0419844583,27609,,
2023-07-21 00:00:00+00:00,29.8734197076,29.9202432495,29.7985020407,29.9202432495,22793,,
2023-07-24 00:00:00+00:00,29.8718277072,29.9389726662,29.8265961658,29.8265961658,14136,,
2023-07-25 00:00:00+00:00,30.0138903332,30.0518174021,29.8921491244,29.8921491244,12729,,
2023-07-26 00:00:00+00:00,30.1262668337,30.1262668337,29.8734197076,29.8734197076,10967,,
2023-07-27 00:00:00+00:00,29.9155608953,30.2011845007,29.8922427715,30.1918197923,18602,,
2023-07-28 00:00:00+00:00,30.1730903755,30.2292786258,30.0904000006,30.1075374169,21730,,
2023-07-31 00:00:00+00:00,30.2099873265,30.3791139597,30.1449962504,30.2011845007,107527,,
2023-08-01 00:00:00+00:00,29.9108785411,29.9202432495,29.8079603961,29.8968314786,23158,,
2023-08-02 00:00:00+00:00,29.3770901639,29.6205725816,29.3432835667,29.6112078732,12938,,
2023-08-03 00:00:00+00:00,29.333637917,29.4124887615,29.1617018713,29.1617018713,12611,,
2023-08-04 00:00:00+00:00,29.4747640722,29.7852978018,29.4496666538,29.5081960811,12748,,
2023-08-07 00:00:00+00:00,29.6861255402,29.7142196653,29.6213217582,29.6853763635,19454,,
2023-08-08 00:00:00+00:00,29.4332784141,29.4426431225,29.2600313092,29.3583607472,16659,,
2023-08-09 00:00:00+00:00,29.5022026678,29.5556751526,29.4332784141,29.5362902062,6451,,
2023-08-10 00:00:00+00:00,29.5035137269,29.8174187516,29.5035137269,29.7704079155,20139,,
2023-08-11 00:00:00+00:00,29.3872040489,29.5081960811,29.3677254555,29.5081960811,11584,,
2023-08-14 00:00:00+00:00,29.3115372053,29.3209019137,29.1242430378,29.1897959965,34701,,
2023-08-15 00:00:00+00:00,28.911945099,29.1148783295,28.8994900369,29.1148783295,20795,,
2023-08-16 00:00:00+00:00,28.6633120918,28.8948076827,28.6372782025,28.8058429532,10417,,
2023-08-17 00:00:00+00:00,28.4987741657,28.7871135364,28.467870628,28.7590194113,25015,,
2023-08-18 00:00:00+00:00,28.3998828452,28.4406193267,28.2065016174,28.2345957425,59979,,
2023-08-21 00:00:00+00:00,28.4306927358,28.4524188592,28.2534188063,28.4218899099,165167,,
2023-08-22 00:00:00+00:00,28.4106522599,28.4874428685,28.3844310764,28.4874428685,7509,,
2023-08-23 00:00:00+00:00,28.7309252862,28.8213883691,28.5155369936,28.5155369936,33961,,
2023-08-24 00:00:00+00:00,28.3941703731,28.5717252439,28.3941703731,28.5623605355,14302,,
2023-08-25 00:00:00+00:00,28.5834311293,28.6402749092,28.4688070989,28.5436311188,8283,,
2023-08-28 00:00:00+00:00,28.852666495,28.8713959118,28.7309252862,28.7309252862,14290,,
2023-08-29 00:00:00+00:00,29.2561917788,29.2647136634,28.7964782448,28.7964782448,18408,,
2023-08-30 00:00:00+00:00,29.2272548299,29.330266622,29.1845517598,29.330266622,13641,,
2023-08-31 00:00:00+00:00,29.2553489551,29.2834430802,29.1991607048,29.2834430802,16199,,
2023-09-01 00:00:00+00:00,29.2583456617,29.4285960599,29.1936355269,29.3958195806,11881,,
2023-09-05 00:00:00+00:00,29.0581281967,29.2178901216,29.0576599613,29.2178901216,15201,,
2023-09-06 00:00:00+00:00,28.8875968573,29.0118665374,28.824666017,29.0118665374,105419,,
2023-09-07 00:00:00+00:00,28.7581765876,28.8058429532,28.732891875,28.7871135364,7437,,
2023-09-08 00:00:00+00:00,28.6841017443,28.7637017655,28.6459873813,28.719500342,17122,,
2023-09-11 00:00:00+00:00,29.0586900792,29.0586900792,28.9744077039,28.9744077039,27783,,
2023-09-12 00:00:00+00:00,28.8901253285,28.9650429955,28.8620312034,28.8620312034,36877,,
2023-09-13 00:00:00+00:00,28.775407651,28.8713959118,28.7590194113,28.8058429532,18470,,
2023-09-14 00:00:00+00:00,29.1242430378,29.1242430378,28.9650429955,28.9650429955,21516,,
2023-09-15 00:00:00+00:00,28.9650429955,29.1617018713,28.9650429955,29.0118665374,28367,,
2023-09-18 00:00:00+00:00,28.8843847623,28.9289118249,28.8576873921,28.9142895904,20756,,
2023-09-19 00:00:00+00:00,28.8765547916,28.9614580889,28.8482536924,28.9614580889,9538,,
2023-09-20 00:00:00+00:00,28.7634447321,29.0888130349,28.7634447321,28.9614580889,24635,,
2023-09-21 00:00:00+00:00,28.3589276888,28.5086405031,28.3577013079,28.4992068034,9751,,
2023-09-22 00:00:00+00:00,28.3943040627,28.5463753019,28.3710028245,28.5275079025,13946,,
2023-09-25 00:00:00+00:00,28.3294002088,28.3294002088,28.1784610135,28.1784610135,45949,,
2023-09-26 00:00:00+00:00,27.8199804248,28.0463892177,27.8199804248,28.0275218183,68304,,
2023-09-27 00:00:00+00:00,27.8281877435,27.9143174218,27.6973423286,27.8671489233,41114,,
2023-09-28 00:00:00+00:00,27.9579011145,28.0463892177,27.7633782266,27.7633782266,43673,,
2023-09-29 00:00:00+00:00,27.8671489233,28.2020452628,27.8388478242,28.1690273138,22432,,
2023-10-02 00:00:00+00:00,27.4992346349,27.6879086289,27.4209349273,27.6879086289,180886,,
2023-10-03 00:00:00+00:00,27.1059436943,27.1879225447,26.9426463524,27.0935855476,440498,,
2023-10-04 00:00:00+00:00,27.0417001993,27.0464170491,26.7728397577,26.9615137518,272720,,
2023-10-05 00:00:00+00:00,27.2751842669,27.3195226555,27.1218866468,27.1313203465,16209,,
2023-10-06 00:00:00+00:00,27.4048976378,27.5935716319,27.0856612399,27.1879225447,920155,,
2023-10-09 00:00:00+00:00,27.4520661364,27.5134795214,27.2445247429,27.2445247429,44317,,
2023-10-10 00:00:00+00:00,27.8071505932,27.9047893851,27.6784749292,27.7162097281,20661,,
2023-10-11 00:00:00+00:00,27.8152635749,27.8860163227,27.7066816914,27.8860163227,11757,,
2023-10-12 00:00:00+00:00,27.4803672355,27.8199804248,27.3860302384,27.8199804248,29258,,
2023-10-13 00:00:00+00:00,27.1501877459,27.3275413003,27.1412257311,27.3105606408,13853,,
2023-10-16 00:00:00+00:00,27.3199943405,27.3388617399,27.1407540462,27.2162236438,31141,,
2023-10-17 00:00:00+00:00,27.3247111904,27.4156520555,27.2511283327,27.2539584426,15182,,
2023-10-18 00:00:00+00:00,26.9048172166,27.2256573435,26.8388756557,27.2256573435,18558,,
2023-10-19 00:00:00+00:00,26.7492555085,26.9567969019,26.7111433617,26.8483093554,25873,,
2023-10-20 00:00:00+00:00,26.5368085912,26.7161432225,26.5368085912,26.6502016616,145443,,
2023-10-23 00:00:00+00:00,26.5069037631,26.6171837126,26.2634199738,26.3483232711,108076,,
2023-10-24 00:00:00+00:00,26.6879364604,26.7446329956,26.6030331631,26.6030331631,28520,,
2023-10-25 00:00:00+00:00,26.3431347363,26.5275635655,26.3431347363,26.4803950669,63941,,
2023-10-26 00:00:00+00:00,26.2068177755,26.3153053221,26.1077639287,26.3011547726,139489,,
2023-10-27 00:00:00+00:00,26.2729480105,26.4756782171,26.2327604497,26.4615276675,67605,,
2023-10-30 00:00:00+00:00,26.6219005625,26.6219005625,26.4709613672,26.5464309649,57260,,
2023-10-31 00:00:00+00:00,26.8011408568,26.8011408568,26.6879364604,26.6879364604,32010,,
2023-11-01 00:00:00+00:00,27.0275496497,27.0369833494,26.7822734574,26.7822734574,35039,,
2023-11-02 00:00:00+00:00,27.6030053316,27.6030053316,27.3978223631,27.4709335358,64736,,
2023-11-03 00:00:00+00:00,28.131292515,28.161669028,27.9614859203,28.0086544189,25453,,
2023-11-06 00:00:00+00:00,27.9144117588,28.1029914159,27.8680922933,28.1029914159,66276,,
2023-11-07 00:00:00+00:00,27.7067760284,27.7445108272,27.6171558812,27.6407401304,93929,,
2023-11-08 00:00:00+00:00,27.5181020343,27.6395137495,27.4379155868,27.5558368331,53405,,
2023-11-09 00:00:00+00:00,27.5464031334,27.8671489233,27.5181963713,27.6690412295,61086,,
2023-11-10 00:00:00+00:00,27.6746071124,27.685644541,27.433198737,27.494517785,33497,,
2023-11-13 00:00:00+00:00,27.6576264529,27.6820597351,27.494517785,27.5181020343,30367,,
2023-11-14 00:00:00+00:00,28.5558090016,28.5841101008,28.225629512,28.225629512,30185,,
2023-11-15 00:00:00+00:00,28.4744905102,28.6311842623,28.4289257406,28.5369416022,23900,,
2023-11-16 00:00:00+00:00,28.2822317102,28.3742102824,28.1926115631,28.2633643108,46652,,
2023-11-17 00:00:00+00:00,28.6446744528,28.6690133981,28.4992068034,28.5595824815,24116,,
2023-11-20 00:00:00+00:00,28.8108019046,28.8482536924,28.6501459987,28.6501459987,55437,,
2023-11-21 00:00:00+00:00,28.6440140939,28.8388199927,28.6440140939,28.8388199927,31484,,
2023-11-22 00:00:00+00:00,28.7282570322,28.7539166954,28.6029775002,28.6784470978,9937,,
2023-11-24 00:00:00+00:00,28.9265534,28.9331569898,28.829386293,28.829386293,16003,,
2023-11-27 00:00:00+00:00,28.9339116857,28.9614580889,28.8388199927,28.8388199927,29860,,
2023-11-28 00:00:00+00:00,29.0736247784,29.1501320829,28.9342890337,28.9425906895,16710,,
2023-11-29 00:00:00+00:00,29.1381512843,29.2350353803,29.1218309838,29.1554149548,185510,,
2023-11-30 00:00:00+00:00,28.989759188,29.0652287856,28.9665522867,29.0086265874,27886,,
2023-12-01 00:00:00+00:00,29.3810690517,29.4048419749,28.9429680375,28.9614580889,50418,,
2023-12-04 00:00:00+00:00,29.0746624853,29.1878668818,29.0274939868,29.084096185,44695,,
2023-12-05 00:00:00+00:00,28.9991928877,29.0652287856,28.9803254883,29.0086265874,28380,,
2023-12-06 00:00:00+00:00,29.1218309838,29.338806077,29.1029635844,29.3293723773,32766,,
2023-12-07 00:00:00+00:00,29.3010712782,29.4048419749,29.1265478337,29.1784331821,21250,,
2023-12-08 00:00:00+00:00,29.2539027797,29.3482397767,29.1312646835,29.1973005815,28632,,
2023-12-11 00:00:00+00:00,29.3293723773,29.3293723773,29.1784331821,29.2161679809,24305,,
2023-12-12 00:00:00+00:00,29.2161679809,29.2161679809,29.0895677309,29.1595657826,17306,,
2023-12-13 00:00:00+00:00,29.7727562634,29.7821899631,29.0906997748,29.1595657826,20040,,
2023-12-14 00:00:00+00:00,30.19727275,30.3109488314,30.0085987559,30.036899855,43861,,
2023-12-15 00:00:00+00:00,29.8576595607,30.0746346539,29.848225861,30.0180324556,13138,,
2023-12-18 00:00:00+00:00,29.9590906999,30.0161737562,29.8734661155,29.9590906999,64609,,
2023-12-19 00:00:00+00:00,30.2730475094,30.2730475094,30.0732568124,30.0732568124,30744,,
2023-12-20 00:00:00+00:00,30.0352014416,30.3872136219,29.9947676101,30.2920751948,38509,,
2023-12-21 00:00:00+00:00,30.4728382063,30.4728382063,30.2968321162,30.3111028802,16884,,
2023-12-22 00:00:00+00:00,30.5965181616,30.7106842741,30.5244983723,30.6250596897,32669,,
2023-12-26 00:00:00+00:00,30.7677673304,30.7677673304,30.4918658918,30.4918658918,20034,,
2023-12-27 00:00:00+00:00,30.8533919148,30.896204207,30.6916565887,30.6916565887,17399,,
2023-12-28 00:00:00+00:00,30.9295026565,31.0579395331,30.9199888138,30.9865857128,13760,,
2023-12-29 00:00:00+00:00,30.9009611284,31.0246410836,30.8438780721,30.9295026565,15871,,
2024-01-02 00:00:00+00:00,30.4918658918,30.6773858246,30.4538105209,30.6345735324,32289,,
2024-01-03 00:00:00+00:00,30.1779090823,30.2635336667,30.0828657936,30.120826026,22618,,
2024-01-04 00:00:00+00:00,30.2159644531,30.3301305657,30.1303398687,30.1303398687,20103,,
2024-01-05 00:00:00+00:00,30.2064506104,30.4347828355,30.1303398687,30.1303398687,23268,,
2024-01-08 00:00:00+00:00,30.5366760909,30.5394351053,30.1779090823,30.1779090823,16626,,
2024-01-09 00:00:00+00:00,30.3301305657,30.3491582511,30.2636288051,30.3301305657,10884,,
2024-01-10 00:00:00+00:00,30.4918658918,30.4966228131,30.4157551501,30.4442966782,9921,,
2024-01-11 00:00:00+00:00,30.3586720938,30.4633243636,30.120826026,30.4633243636,22929,,
2024-01-12 00:00:00+00:00,30.4728382063,30.6440873752,30.4253641312,30.5870043189,15289,,
2024-01-16 00:00:00+00:00,29.8449245874,30.0066599135,29.7696700915,30.0066599135,24251,,
2024-01-17 00:00:00+00:00,29.426315508,29.4833985643,29.3502047663,29.3502047663,19757,,
2024-01-18 00:00:00+00:00,29.6831892612,29.692703104,29.5215490736,29.626106205,25898,,
2024-01-19 00:00:00+00:00,29.7022169467,29.706973868,29.4525737139,29.5404816206,27021,,
2024-01-22 00:00:00+00:00,29.8544384301,29.8734661155,29.7688138457,29.7688138457,15601,,
2024-01-23 00:00:00+00:00,29.7973553738,29.8163830592,29.6736754185,29.7878415311,25903,,
2024-01-24 00:00:00+00:00,29.921035329,30.1398537114,29.9083819182,30.0827706552,26087,,
2024-01-25 00:00:00+00:00,30.0352014416,30.0922844979,29.9495768572,30.0922844979,23486,,
2024-01-26 00:00:00+00:00,30.0637429697,30.1729618841,30.0256875989,30.0827706552,18894,,
2024-01-29 00:00:00+00:00,30.2159644531,30.2349921385,30.0066599135,30.0066599135,26595,,
2024-01-30 00:00:00+00:00,30.1303398687,30.1398537114,29.9781183853,30.1303398687,15509,,
2024-01-31 00:00:00+00:00,29.9832558604,30.3386930241,29.9115214863,30.187422925,27941,,
2024-02-01 00:00:00+00:00,30.3396444084,30.4061461689,30.1779090823,30.1779090823,10782,,
2024-02-02 00:00:00+00:00,30.1113121833,30.2064506104,29.9949578869,30.2064506104,35590,,
2024-02-05 00:00:00+00:00,29.8544384301,29.9425366136,29.7450292389,29.8924938009,38860,,
2024-02-06 00:00:00+00:00,30.054229127,30.054229127,29.8058226938,29.8639522728,25712,,
2024-02-07 00:00:00+00:00,30.1017983406,30.1302447303,30.0256875989,30.120826026,16430,,
2024-02-08 00:00:00+00:00,29.9400630145,29.9400630145,29.8069643549,29.9020076436,13585,,
2024-02-09 00:00:00+00:00,29.9781183853,30.0014273,29.8449245874,29.8449245874,26036,,
2024-02-12 00:00:00+00:00,30.187422925,30.254019824,29.9781183853,29.9781183853,20579,,
2024-02-13 00:00:00+00:00,29.5024262497,29.6641615758,29.3787462945,29.6641615758,30583,,
2024-02-14 00:00:00+00:00,29.9020076436,29.921035329,29.6736754185,29.6736754185,26168,,
2024-02-15 00:00:00+00:00,30.1493675541,30.1588813968,29.9020076436,29.9020076436,20614,,
2024-02-16 00:00:00+00:00,30.1588813968,30.2728572325,30.0732568124,30.0732568124,18858,,
2024-02-20 00:00:00+00:00,30.2635336667,30.3301305657,30.1313863914,30.3301305657,15335,,
2024-02-21 00:00:00+00:00,30.2920751948,30.3015890375,30.1350967901,30.2349921385,38389,,
2024-02-22 00:00:00+00:00,30.5108935772,30.5584627907,30.4300259141,30.5394351053,10289,,
2024-02-23 00:00:00+00:00,30.5204074199,30.5565600222,30.3967274646,30.5394351053,28743,,
2024-02-26 00:00:00+00:00,30.3872136219,30.4347828355,30.3251833675,30.3967274646,7436,,
2024-02-27 00:00:00+00:00,30.4347828355,30.4721722374,30.3396444084,30.3396444084,19117,,
2024-02-28 00:00:00+00:00,30.2730475094,30.4061461689,30.2272859259,30.2730475094,15331,,
2024-02-29 00:00:00+00:00,30.4347828355,30.5204074199,30.2770433233,30.5204074199,20222,,
2024-03-01 00:00:00+00:00,30.682142746,30.7105891357,30.3872136219,30.4633243636,15535,,
2024-03-04 00:00:00+00:00,30.4918658918,30.5773953377,30.3967274646,30.3967274646,10944,,
2024-03-05 00:00:00+00:00,30.4523834445,30.6060320043,30.401484386,30.5774904762,14178,,
2024-03-06 00:00:00+00:00,30.8984875293,31.007801582,30.8533919148,30.9104749711,32336,,
2024-03-07 00:00:00+00:00,31.1673487243,31.2101610165,31.0531826118,31.0817241399,16740,,
2024-03-08 00:00:00+00:00,31.2244317806,31.3528686572,31.1698223234,31.2720009941,15463,,
2024-03-11 00:00:00+00:00,30.9390164992,30.9960995555,30.8724196002,30.9295026565,16762,,
2024-03-12 00:00:00+00:00,31.1388071962,31.1483210389,30.9009611284,31.0151272409,19000,,
2024-03-13 00:00:00+00:00,31.0912379826,31.1958902524,31.0246410836,31.0246410836,13246,,
2024-03-14 00:00:00+00:00,30.9786892233,31.2815148369,30.9104749711,31.2815148369,17603,,
2024-03-15 00:00:00+00:00,30.9770718701,31.0103703196,30.9295977949,30.9580441846,9795,,
2024-03-18 00:00:00+00:00,31.032784933,31.1321898046,31.0269488433,31.1321898046,7705,,
2024-03-19 00:00:00+00:00,31.0652182838,31.084353004,30.8643037214,30.9217078821,12278,,
2024-03-20 00:00:00+00:00,31.3905085276,31.4574800484,30.9791120428,31.0365162034,42426,,
2024-03-21 00:00:00+00:00,31.4192106079,31.4957494888,31.3905085276,31.4096432478,17606,,
2024-03-22 00:00:00+00:00,31.3044022866,31.4096432478,31.2662285197,31.4096432478,33426,,
2024-03-25 00:00:00+00:00,31.2852675664,31.3235370068,31.1417571647,31.1417571647,24360,,
2024-03-26 00:00:00+00:00,31.3044022866,31.4000758877,31.3044022866,31.3522390871,17909,,
2024-03-27 00:00:00+00:00,31.5818557298,31.5818557298,31.3618064472,31.3618064472,12823,,
2024-03-28 00:00:00+00:00,31.4574800484,31.5434906158,31.4383453281,31.4383453281,19503,,
2024-04-01 00:00:00+00:00,31.4000758877,31.5244515692,31.3622848153,31.4574800484,14848,,
2024-04-02 00:00:00+00:00,31.1417571647,31.170459245,31.0775601783,31.1608918849,9140,,
2024-04-03 00:00:00+00:00,31.3905085276,31.4861821287,31.1321898046,31.1321898046,11553,,
2024-04-04 00:00:00+00:00,31.1991613253,31.6201251703,31.170459245,31.5818557298,12832,,
2024-04-05 00:00:00+00:00,31.3489861847,31.3983537629,31.1608918849,31.1608918849,9402,,
2024-04-08 00:00:00+00:00,31.5340189293,31.5914230899,31.4909658088,31.5722883697,15810,,
2024-04-09 00:00:00+00:00,31.6105578102,31.7062314113,31.4877129063,31.7062314113,11795,,
2024-04-10 00:00:00+00:00,31.1513245248,31.1513245248,31.0269488433,31.1130550843,14008,,
2024-04-11 00:00:00+00:00,31.3119605011,31.3713738074,30.998246763,31.2661328461,11610,,
2024-04-12 00:00:00+00:00,30.7877648405,30.9647610026,30.7877648405,30.9599773225,12782,,
2024-04-15 00:00:00+00:00,30.6155523585,30.998246763,30.572499238,30.998246763,14465,,
2024-04-16 00:00:00+00:00,30.232857954,30.2770591577,30.1850211535,30.2615600344,13502,,
2024-04-17 00:00:00+00:00,30.2519926743,30.3476662754,30.1290520968,30.3476662754,17844,,
2024-04-18 00:00:00+00:00,30.2998294748,30.4098541161,30.2223338579,30.3285315551,14503,,
2024-04-19 00:00:00+00:00,30.2711273945,30.3476662754,30.1945885136,30.2615600344,19608,,
2024-04-22 00:00:00+00:00,30.5677155579,30.6441587652,30.400286756,30.4816093169,22764,,
2024-04-23 00:00:00+00:00,30.8295742042,30.8930058018,30.6346870787,30.6346870787,44750,,
2024-04-24 00:00:00+00:00,30.6920912394,30.7303606799,30.5391091512,30.7207933197,15612,,
2024-04-25 00:00:00+00:00,30.5390134776,30.5581481978,30.1898048335,30.2806947546,57088,,
2024-04-26 00:00:00+00:00,30.73992804,30.7686301203,30.6155523585,30.7112259596,36626,,
2024-04-29 00:00:00+00:00,31.0939203641,31.1475932543,30.9599773225,30.9599773225,28200,,
2024-04-30 00:00:00+00:00,30.5677155579,30.8643037214,30.5677155579,30.826034281,10344,,
2024-05-01 00:00:00+00:00,30.5294461175,30.9217078821,30.4375994604,30.5103113973,14851,,
2024-05-02 00:00:00+00:00,31.1321898046,31.1321898046,30.8356016411,30.8643037214,19059,,
2024-05-03 00:00:00+00:00,31.4000758877,31.4000758877,31.2422144458,31.342671727,30426,,
2024-05-06 00:00:00+00:00,31.5818557298,31.5914230899,31.4096432478,31.4096432478,19459,,
2024-05-07 00:00:00+00:00,31.514884209,31.60099045,31.4479126883,31.5435862894,16764,,
2024-05-08 00:00:00+00:00,31.5201462571,31.5340189293,31.3522390871,31.3522390871,11609,,
2024-05-09 00:00:00+00:00,31.763635572,31.7779866121,31.5627210096,31.5627210096,9088,,
2024-05-10 00:00:00+00:00,31.7445008517,31.9252282842,31.7062314113,31.8880112534,17199,,
2024-05-13 00:00:00+00:00,31.7612437319,31.8784438933,31.7349334916,31.7827702922,14169,,
2024-05-14 00:00:00+00:00,31.9836848545,31.9933478882,31.8411311889,31.849741813,26762,,
2024-05-15 00:00:00+00:00,32.280273018,32.280273018,32.0602237354,32.1102610288,13397,,
2024-05-16 00:00:00+00:00,32.0747661228,32.194166777,32.0747661228,32.1497742261,6952,,
2024-05-17 00:00:00+00:00,32.1905311802,32.194166777,32.0602237354,32.0602237354,10914,,
2024-05-20 00:00:00+00:00,32.1971326586,32.2611382978,32.1751277304,32.198950457,10043,,
2024-05-21 00:00:00+00:00,32.1310222003,32.1654646967,32.0697910955,32.1558973365,5418,,
2024-05-22 00:00:00+00:00,31.7253661315,31.9262806939,31.7110150913,31.9262806939,14657,,
2024-05-23 00:00:00+00:00,31.5340189293,31.9454154141,31.5053168489,31.9454154141,15462,,
2024-05-24 00:00:00+00:00,31.8736602132,31.9549827742,31.7732029321,31.7732029321,15552,,
2024-05-28 00:00:00+00:00,32.0122912613,32.108060536,31.9327864987,32.0697910955,12836,,
2024-05-29 00:00:00+00:00,31.4350924257,31.60099045,31.428777968,31.5053168489,12699,,
2024-05-30 00:00:00+00:00,31.8244839823,31.8880112534,31.3905085276,31.3905085276,27265,,
2024-05-31 00:00:00+00:00,32.0585972842,32.0889258158,31.8210397326,31.9836848545,9235,,
2024-06-03 00:00:00+00:00,32.1638382454,32.2075610812,32.0123869349,32.1463299764,16445,,
2024-06-04 00:00:00+00:00,31.9890425762,32.021954295,31.8401744528,31.9836848545,12263,,
2024-06-05 00:00:00+00:00,32.0028195748,32.0602237354,31.849741813,31.8784438933,18299,,
2024-06-06 00:00:00+00:00,32.0618501866,32.0889258158,31.8880112534,31.9071459736,21087,,
2024-06-07 00:00:00+00:00,31.5498050734,31.8019050124,31.5435862894,31.7062314113,18048,,
2024-06-10 00:00:00+00:00,31.7548336006,31.7732029321,31.5340189293,31.5340189293,11044,,
2024-06-11 00:00:00+00:00,31.3915609372,31.4431290082,31.3044022866,31.4000758877,9052,,
2024-06-12 00:00:00+00:00,31.8210397326,32.0793584556,31.7827702922,31.9741174944,9505,,
2024-06-13 00:00:00+00:00,31.3109080915,31.5340189293,31.172372717,31.5340189293,8939,,
2024-06-14 00:00:00+00:00,31.1073146683,31.1138204731,30.9853308268,31.0078141231,14526,,
2024-06-17 00:00:00+00:00,31.3044022866,31.3044022866,30.9705014187,31.0173814832,13358,,
2024-06-18 00:00:00+00:00,31.3376010262,31.38897775,31.2182960456,31.2182960456,12544,,
2024-06-20 00:00:00+00:00,31.2897642256,31.3470727127,31.1991613253,31.1991613253,12825,,
2024-06-21 00:00:00+00:00,31.084353004,31.1130550843,30.9983424366,30.9983424366,52858,,
2024-06-24 00:00:00+00:00,31.3261488961,31.3937037459,31.2585940464,31.3068475105,10076,,
2024-06-25 00:00:00+00:00,31.2810801606,31.3029872333,31.1428822394,31.2489433535,10271,,
2024-06-26 00:00:00+00:00,31.007676033,31.0945322684,30.9594225689,30.9594225689,16967,,
2024-06-27 00:00:00+00:00,31.1813885038,31.2392926607,31.0945322684,31.0945322684,17034,,
2024-06-28 00:00:00+00:00,31.1906531689,31.3439061709,31.1234843469,31.2392926607,15686,,
2024-07-01 00:00:00+00:00,31.0848815756,31.3175597795,31.0753273897,31.2489433535,17160,,
2024-07-02 00:00:00+00:00,31.2103405823,31.228194364,31.0269774187,31.0269774187,14354,,
2024-07-03 00:00:00+00:00,31.5464742132,31.5770669094,31.3744023602,31.3744023602,6753,,
2024-07-05 00:00:00+00:00,31.6844791205,31.7700807659,31.4564332492,31.7700807659,15125,,
2024-07-08 00:00:00+00:00,31.5479218171,31.654272452,31.4710057953,31.6253203736,21982,,
2024-07-09 00:00:00+00:00,31.4834551891,31.4998613669,31.3985290923,31.4998613669,13017,,
2024-07-10 00:00:00+00:00,31.7411286874,31.7797314587,31.6253203736,31.6253203736,11420,,
2024-07-11 00:00:00+00:00,32.1057318622,32.1754098643,31.9727453151,31.9727453151,14498,,
2024-07-12 00:00:00+00:00,32.5084552736,32.6096910413,32.3587730279,32.3587730279,41639,,
2024-07-15 00:00:00+00:00,32.3491223351,32.4922421096,32.2623626066,32.407026492,10895,,
2024-07-16 00:00:00+00:00,32.6579445054,32.6579445054,32.2526154069,32.2526154069,39328,,
2024-07-17 00:00:00+00:00,32.4794066882,32.6675951982,32.3877251064,32.5131841131,28087,,
2024-07-18 00:00:00+00:00,32.2912181782,32.6675951982,32.2333140213,32.5807389628,34351,,
2024-07-19 00:00:00+00:00,32.1354559961,32.2622660997,32.0596015505,32.1464577859,24752,,
2024-07-22 00:00:00+00:00,32.389655245,32.3973757992,32.2333140213,32.3491223351,22441,,
2024-07-23 00:00:00+00:00,32.3310755395,32.4022011456,32.2526154069,32.2526154069,20057,,
2024-07-24 00:00:00+00:00,31.8858890797,32.3105195638,31.8858890797,32.2236633284,38891,,
2024-07-25 00:00:00+00:00,31.8279849228,32.030649472,31.6446217592,31.6446217592,59241,,
2024-07-26 00:00:00+00:00,32.1754098643,32.2140126356,32.0596015505,32.0596015505,28093,,
2024-07-29 00:00:00+00:00,32.1482914175,32.1561084787,32.0596015505,32.1561084787,12066,,
2024-07-30 00:00:00+00:00,32.2030108458,32.2030108458,32.0209987792,32.1271564002,17638,,
2024-07-31 00:00:00+00:00,32.7158486623,32.8702597474,32.6627698518,32.7158486623,20458,,
2024-08-01 00:00:00+00:00,31.9437932366,32.4943652621,31.81833423,32.3298209495,20680,,
2024-08-02 00:00:00+00:00,31.4612585956,31.5867176023,31.2248166215,31.5867176023,18186,,
2024-08-05 00:00:00+00:00,30.6506003987,30.8243128694,30.0523539507,30.1198122935,231173,,
2024-08-06 00:00:00+00:00,30.6409497058,30.8050114838,30.2645726858,30.4382851566,2183926,,
2024-08-07 00:00:00+00:00,30.7278059412,31.171737811,30.631299013,31.1427857325,98539,,
2024-08-08 00:00:00+00:00,31.1620871182,31.2199912751,30.8243128694,30.9594225689,79568,,
2024-08-09 00:00:00+00:00,31.3647516674,31.3647516674,31.1476110789,31.2199912751,55350,,
2024-08-12 00:00:00+00:00,31.4709092884,31.4805599812,31.3261488961,31.3551009746,30143,,
2024-08-13 00:00:00+00:00,31.9228512332,31.9228512332,31.5674162166,31.5674162166,93200,,
2024-08-14 00:00:00+00:00,31.9341425438,32.0789029361,31.8955397725,31.9341425438,28655,,
2024-08-15 00:00:00+00:00,32.2622660997,32.3553952854,32.0885536289,32.0885536289,28737,,
2024-08-16 00:00:00+00:00,32.4710105854,32.489057381,32.2526154069,32.2526154069,12009,,
2024-08-19 00:00:00+00:00,32.8606090546,32.9088625187,32.6386431197,32.6386431197,24612,,
2024-08-20 00:00:00+00:00,32.7544514336,32.8992118259,32.7544514336,32.7930542049,29549,,
2024-08-21 00:00:00+00:00,33.0876898567,33.1694312249,32.9233385579,32.9378145972,24652,,
2024-08-22 00:00:00+00:00,32.783403512,33.1211777608,32.783403512,33.1211777608,16897,,
2024-08-23 00:00:00+00:00,33.5361575521,33.5458082449,32.1078550146,33.053622911,131777,,
2024-08-26 00:00:00+00:00,33.3817464669,33.5476418765,33.3334930028,33.5168561664,32489,,
2024-08-27 00:00:00+00:00,33.5747603233,33.6134596016,33.4589520095,33.4589520095,20960,,
2024-08-28 00:00:00+00:00,33.2466367674,33.429999931,33.159780532,33.4106985454,19544,,
2024-08-29 00:00:00+00:00,33.2273353818,33.4493013167,33.2273353818,33.3624450813,16995,,
2024-08-30 00:00:00+00:00,33.4589520095,33.4975547808,33.2273353818,33.4686027023,18016,,
2024-09-03 00:00:00+00:00,32.8316569761,33.1404791464,32.6724205446,33.1404791464,24664,,
2024-09-04 00:00:00+00:00,32.7737528192,32.9817252495,32.6579445054,32.6579445054,20611,,
2024-09-05 00:00:00+00:00,32.9667666756,33.0439722182,32.9136878651,32.9329892508,12440,,
2024-09-06 00:00:00+00:00,32.2912181782,32.8606090546,32.2912181782,32.8123555905,23488,,
2024-09-09 00:00:00+00:00,32.6965472767,32.8241294357,32.6289924269,32.6289924269,11650,,
2024-09-10 00:00:00+00:00,32.7158486623,32.7254993551,32.4166771849,32.4359785705,20364,,
2024-09-11 00:00:00+00:00,32.8123555905,32.8123555905,32.3201702566,32.5807389628,10781,,
2024-09-12 00:00:00+00:00,33.1190546083,33.1190546083,32.7158486623,32.7158486623,11027,,
2024-09-13 00:00:00+00:00,33.2852395387,33.4203492382,33.1404791464,33.3913971597,14645,,
2024-09-16 00:00:00+00:00,33.487904088,33.487904088,33.2997155779,33.3624450813,22944,,
2024-09-17 00:00:00+00:00,33.3720957741,33.5844110162,33.2466367674,33.5265068592,19009,,
2024-09-18 00:00:00+00:00,33.3141916172,33.7677741798,33.3141916172,33.487904088,10959,,
2024-09-19 00:00:00+00:00,33.8835824936,33.9607880362,33.7098700228,33.8160276439,18738,,
2024-09-20 00:00:00+00:00,33.5361575521,33.6519658659,33.4782533951,33.6519658659,83114,,
2024-09-23 00:00:00+00:00,33.7178221937,33.7851499177,33.6497643058,33.7080996383,9365,,
2024-09-24 00:00:00+00:00,33.8733830804,33.8770776515,33.7275447491,33.7275447491,33746,,
2024-09-25 00:00:00+00:00,33.6108740841,33.8831056358,33.5719838624,33.8831056358,18028,,
2024-09-26 00:00:00+00:00,34.4567364056,34.4956266272,34.3400657405,34.3789559622,21837,,
2024-09-27 00:00:00+00:00,34.1553371876,34.4470138502,34.1553371876,34.2720078526,21131,,
2024-09-30 00:00:00+00:00,34.1747822984,34.5053491827,33.8344928587,34.2720078526,130555,,
2024-10-01 00:00:00+00:00,33.9997763009,34.2233950755,33.8442154142,34.2233950755,7864,,
2024-10-02 00:00:00+00:00,33.7956026371,33.9097454377,33.74698986,33.8393541365,18847,,
2024-10-03 00:00:00+00:00,33.5136485299,33.5914289733,33.5039259745,33.5039259745,8247,,
2024-10-04 00:00:00+00:00,33.74698986,33.7567124154,33.6011515287,33.6886545275,16427,,
2024-10-07 00:00:00+00:00,33.4942034191,33.639458397,33.4068948714,33.5914289733,12467,,
2024-10-08 00:00:00+00:00,33.3872553095,33.4261455311,33.3483650878,33.4261455311,23744,,
2024-10-09 00:00:00+00:00,33.3386425324,33.4261455311,33.2511395336,33.2511395336,39555,,
2024-10-10 00:00:00+00:00,33.2414169782,33.2462782559,33.1053012023,33.1053012023,13649,,
2024-10-11 00:00:00+00:00,33.3191974215,33.3969778649,33.144191424,33.144191424,16059,,
2024-10-14 00:00:00+00:00,33.2705846444,33.3483650878,33.2025267565,33.2025267565,20822,,
2024-10-15 00:00:00+00:00,33.0177982035,33.260862089,32.9886305373,33.260862089,13113,,
2024-10-16 00:00:00+00:00,33.1247463131,33.2122493119,33.0858560915,33.0955786469,15711,,
2024-10-17 00:00:00+00:00,33.0372433144,33.1539139794,33.0372433144,33.1539139794,11957,,
2024-10-18 00:00:00+00:00,33.2122493119,33.2221663184,33.1539139794,33.1539139794,10901,,
2024-10-21 00:00:00+00:00,32.7941794289,33.0372433144,32.7552892072,32.9886305373,20000,,
2024-10-22 00:00:00+00:00,32.6191734313,32.6677862084,32.5608380988,32.5802832097,19960,,
2024-10-23 00:00:00+00:00,32.1524907712,32.2983291025,32.055265217,32.1622133266,31716,,
2024-10-24 00:00:00+00:00,32.2594388808,32.3274967688,32.1269204505,32.2788839917,34131,,
2024-10-25 00:00:00+00:00,32.123323105,32.3534559917,32.055265217,32.1524907712,17763,,
2024-10-28 00:00:00+00:00,32.3009541925,32.356664435,32.2886065471,32.2886065471,11676,,
2024-10-29 00:00:00+00:00,32.2011035483,32.2232709747,31.8899817749,32.1427682158,15555,,
2024-10-30 00:00:00+00:00,32.1038779941,32.1719358821,32.0971694309,32.123323105,12375,,
2024-10-31 00:00:00+00:00,31.9969298845,32.0941554387,31.7927562207,32.0941554387,27871,,
2024-11-01 00:00:00+00:00,31.9288719966,32.1136005496,31.9288719966,32.0649877725,11062,,
2024-11-04 00:00:00+00:00,31.9998466511,32.1815612119,31.938594552,32.0747103279,15533,,
2024-11-05 00:00:00+00:00,32.2691614363,32.3274967688,32.0066524399,32.0066524399,9686,,
2024-11-06 00:00:00+00:00,31.8471053055,31.8538138688,31.7052532219,31.7635885545,43456,,
2024-11-07 00:00:00+00:00,32.4738212278,32.5248646438,32.2691614363,32.2691614363,41120,,
2024-11-08 00:00:00+00:00,32.0066524399,32.1136005496,31.9095241113,32.1136005496,12187,,
2024-11-11 00:00:00+00:00,31.9774847737,32.0898775143,31.9483171074,32.0844328833,16621,,
2024-11-12 00:00:00+00:00,31.457716961,31.7052532219,31.2580156727,31.7052532219,30330,,
2024-11-13 00:00:00+00:00,31.2094028956,31.3747835632,31.1510675631,31.3552412269,37584,,
2024-11-14 00:00:00+00:00,31.2091112189,31.3845061187,31.1996803401,31.3455186714,9815,,
2024-11-15 00:00:00+00:00,31.2037638134,31.253154395,31.1607901185,31.1705126739,10928,,
2024-11-18 00:00:00+00:00,31.3649637823,31.4822178006,31.219125451,31.219125451,21985,,
2024-11-19 00:00:00+00:00,31.491940356,31.491940356,31.2774607835,31.2774607835,13257,,
2024-11-20 00:00:00+00:00,31.3556301291,31.3556301291,31.1996803401,31.2580156727,15761,,
2024-11-21 00:00:00+00:00,31.4128959805,31.4232991148,31.2872805645,31.3260735606,14915,,
2024-11-22 00:00:00+00:00,31.5713736338,31.6177502232,31.3649637823,31.3649637823,17248,,
2024-11-25 00:00:00+00:00,31.7569772168,32.1816584375,31.6372925596,31.6663630003,9768,,
2024-11-26 00:00:00+00:00,31.5354974043,31.6274727786,31.4330216702,31.6274727786,23921,,
2024-11-27 00:00:00+00:00,31.7059338008,31.7927562207,31.637195334,31.637195334,32705,,
2024-11-29 00:00:00+00:00,32.1524907712,32.1524907712,31.9580396628,31.9774847737,8122,,
2024-12-02 00:00:00+00:00,32.0899747399,32.0923081532,31.8997043303,31.9337332743,12519,,
2024-12-03 00:00:00+00:00,32.2788839917,32.2937595015,32.123323105,32.1719358821,18184,,
2024-12-04 00:00:00+00:00,32.2011035483,32.2819952094,32.1330456604,32.2205486592,20239,,
2024-12-05 00:00:00+00:00,32.314371319,32.390693379,32.2594388808,32.3080516579,15259,,
2024-12-06 00:00:00+00:00,32.1816584375,32.3372193242,32.0747103279,32.3274967688,22531,,
2024-12-09 00:00:00+00:00,32.1324623071,32.2983291025,32.1038779941,32.2108261037,17163,,
2024-12-10 00:00:00+00:00,31.962803715,32.0747103279,31.9580396628,32.0260975508,11516,,
2024-12-11 00:00:00+00:00,32.230173989,32.2691614363,32.1719358821,32.1913809929,24444,,
2024-12-12 00:00:00+00:00,31.9302331543,32.1427682158,31.9288719966,32.0455426616,12566,,
2024-12-13 00:00:00+00:00,31.8608141087,31.9483171074,31.8024787761,31.9483171074,12674,,
2024-12-16 00:00:00+00:00,31.6955306665,31.821923887,31.6760855557,31.6760855557,26698,,
2024-12-17 00:00:00+00:00,31.5876103014,31.6760855557,31.5594148907,31.6760855557,27039,,
2024-12-18 00:00:00+00:00,30.8413069474,31.6372925596,30.8399457896,31.6372925596,13716,,
2024-12-19 00:00:00+00:00,30.8107781234,31.102454786,30.6260495704,31.034396898,98557,,
2024-12-20 00:00:00+00:00,30.9566164547,31.1899577847,30.6746623475,30.6746623475,33293,,
2024-12-23 00:00:00+00:00,31.0942781168,31.1003704485,30.8645382555,30.8645382555,29161,,
2024-12-24 00:00:00+00:00,31.1507795797,31.215436906,31.0512387416,31.0512387416,14551,,
2024-12-26 00:00:00+00:00,31.2321416863,31.2477655691,31.1593284967,31.1816342917,15044,,
2024-12-27 00:00:00+00:00,31.2084602036,31.218286545,31.0517300587,31.1593284967,83845,,
2024-12-30 00:00:00+00:00,31.218286545,31.3067236174,30.9529753279,30.9529753279,428849,,
2024-12-31 00:00:00+00:00,31.0708914244,31.2231997157,31.0561519123,31.2084602036,14295,,
2025-01-02 00:00:00+00:00,31.139675814,31.3460289828,31.120907502,31.2772445932,40817,,
2025-01-03 00:00:00+00:00,31.4246397138,31.4246397138,31.2575919105,31.375508007,19029,,
2025-01-06 00:00:00+00:00,31.5622084931,31.7158924722,31.5363652153,31.6408192241,19234,,
2025-01-07 00:00:00+00:00,31.296897276,31.6702982482,31.2870709346,31.6702982482,36620,,
2025-01-08 00:00:00+00:00,31.139675814,31.1552014334,30.9549405962,31.061065083,34139,,
2025-01-10 00:00:00+00:00,30.6974904522,30.8940172796,30.6672253207,30.8940172796,50923,,
2025-01-13 00:00:00+00:00,30.6581850867,30.6581850867,30.4813109419,30.4813109419,60946,,
2025-01-14 00:00:00+00:00,30.7801299831,30.7810143538,30.6385324039,30.6974904522,18324,,
2025-01-15 00:00:00+00:00,31.1789811795,31.2765567493,31.1003704485,31.2674182519,32492,,
2025-01-16 00:00:00+00:00,31.2188761255,31.296897276,31.1200231312,31.1888075209,17757,,
2025-01-17 00:00:00+00:00,31.3773750118,31.4934241035,31.3165499587,31.3165499587,22805,,
2025-01-21 00:00:00+00:00,31.9456323335,31.9551638846,31.7390826378,31.7685616619,18666,,
2025-01-22 00:00:00+00:00,31.8100288225,31.9356094653,31.8100288225,31.8864777584,20331,,
2025-01-23 00:00:00+00:00,31.8864777584,31.9320719824,31.7096036137,31.7096036137,16517,,
2025-01-24 00:00:00+00:00,32.1497254438,32.2591908867,32.0240465376,32.0240465376,23419,,
2025-01-27 00:00:00+00:00,32.033872879,32.0830045859,31.9749148308,31.9945675135,35583,,
2025-01-28 00:00:00+00:00,32.1019694247,32.1345928781,31.955262148,32.0731782445,26393,,
2025-01-29 00:00:00+00:00,32.0866403322,32.1616153169,31.9994806842,32.1419626341,27425,,
2025-01-30 00:00:00+00:00,32.4760582409,32.6381928735,32.2303997065,32.2303997065,22920,,
2025-01-31 00:00:00+00:00,32.0535255618,32.5048494211,32.0535255618,32.2991840961,34169,,
2025-02-03 00:00:00+00:00,31.8132715152,31.9159567825,31.5818611758,31.6309928827,31495,,
2025-02-04 00:00:00+00:00,32.1419626341,32.1957127215,31.9061304412,31.9061304412,29619,,
2025-02-05 00:00:00+00:00,32.4889307481,32.5153636063,32.348315803,32.348315803,23257,,
2025-02-06 00:00:00+00:00,32.6527358588,32.662758727,32.5644953132,32.584147996,21389,,
2025-02-07 00:00:00+00:00,32.4465792167,32.701965829,32.3856559002,32.662758727,17939,,
2025-02-10 00:00:00+00:00,32.6332797028,32.6529323856,32.5448426305,32.5448426305,23131,,
2025-02-11 00:00:00+00:00,32.7101216924,32.7131678582,32.56872064,32.6038006787,17922,,
2025-02-12 00:00:00+00:00,32.7296761117,32.81310175,32.4760582409,32.4940404456,13127,,
2025-02-13 00:00:00+00:00,33.1275446739,33.1344231129,32.8101538476,32.8101538476,40431,,
2025-02-14 00:00:00+00:00,33.1696996784,33.3506026231,33.1640004004,33.2818182335,27091,,
2025-02-18 00:00:00+00:00,33.3510939402,33.4193870127,33.3014709163,33.3112972576,18236,,
2025-02-19 00:00:00+00:00,33.1305908398,33.1540757957,33.0451016698,33.085291406,16967,,
2025-02-20 00:00:00+00:00,33.2719918921,33.3490304085,33.163902137,33.242512868,23639,,
2025-02-21 00:00:00+00:00,32.9575489682,33.2818182335,32.9477226268,33.2818182335,36300,,
2025-02-24 00:00:00+00:00,32.9228619831,33.0853896694,32.9228619831,33.0459860405,22300,,
2025-02-25 00:00:00+00:00,33.1117242643,33.2490965167,32.9673753095,33.2032075025,36572,,
2025-02-26 00:00:00+00:00,33.1014066059,33.3604289645,32.9870279923,33.1049440888,30889,,
2025-02-27 00:00:00+00:00,32.7072720534,33.0361596992,32.7072720534,33.0361596992,12129,,
2025-02-28 00:00:00+00:00,32.591517752,32.6234533615,32.348315803,32.5251899477,16602,,
2025-03-03 00:00:00+00:00,32.7757616528,33.1344231129,32.6431060442,33.085291406,35542,,
2025-03-04 00:00:00+00:00,32.7481496335,32.9182436027,32.3384894616,32.6038006787,26814,,
2025-03-05 00:00:00+00:00,33.5833886503,33.5833886503,33.242512868,33.242512868,31131,,
2025-03-06 00:00:00+00:00,33.3351752672,33.556955792,33.2818182335,33.4390396955,15458,,
2025-03-07 00:00:00+00:00,33.772840512,33.772840512,33.4488660369,33.637237001,14199,,
2025-03-10 00:00:00+00:00,33.0558123819,33.3014709163,32.8691118958,33.3014709163,15106,,
2025-03-11 00:00:00+00:00,33.0571880697,33.1540757957,32.8494592131,33.0656387233,18406,,
2025-03-12 00:00:00+00:00,33.3509956768,33.39973433,33.1245967715,33.3112972576,18072,,
2025-03-13 00:00:00+00:00,33.186699249,33.3408745452,33.085291406,33.2621655508,21814,,
2025-03-14 00:00:00+00:00,33.7534826195,33.8222670091,33.556955792,33.556955792,29438,,
2025-03-17 00:00:00+00:00,34.2234765274,34.2644523709,33.9500094469,33.9500094469,28357,,
2025-03-18 00:00:00+00:00,34.1603914158,34.215320664,34.04335969,34.1170572503,24482,,
2025-03-19 00:00:00+00:00,34.2935383414,34.3823684674,34.0482728607,34.0482728607,23016,,
2025-03-20 00:00:00+00:00,34.0324524511,34.0679255434,33.8124406677,33.8124406677,14663,,
2025-03-21 00:00:00+00:00,33.8698265013,33.9079527059,33.8026143263,33.8419196918,11870,,
2025-03-24 00:00:00+00:00,33.8818146378,33.9354020649,33.7868232467,33.846254774,16035,,
2025-03-25 00:00:00+00:00,34.0745708912,34.0778396252,34.0047388467,34.0344546103,14938,,
2025-03-26 00:00:00+00:00,33.70678879,33.9948335921,33.6580549377,33.955212574,15878,,
2025-03-27 00:00:00+00:00,33.7850403009,33.8363495195,33.6580549377,33.6580549377,18598,,
2025-03-28 00:00:00+00:00,33.390613065,33.6580549377,33.3608973014,33.6580549377,20493,,
2025-03-31 00:00:00+00:00,33.1595234765,33.1925079741,32.8953503379,33.0142133924,23630,,
2025-04-01 00:00:00+00:00,33.1807207212,33.2670945409,33.0340239015,33.1429817014,26011,,
2025-04-02 00:00:00+00:00,33.2491660301,33.2491660301,32.9448766106,32.9448766106,12906,,
2025-04-03 00:00:00+00:00,32.6279084652,33.0934554287,32.4694243925,33.0934554287,48776,,
2025-04-04 00:00:00+00:00,30.6567628111,31.5977619927,30.636952302,31.5977619927,74562,,
2025-04-07 00:00:00+00:00,30.0822580476,30.6471547142,29.1511641205,29.943584484,78195,,
2025-04-08 00:00:00+00:00,30.1416895749,31.2461254564,29.954480264,30.9539204474,35925,,
2025-04-09 00:00:00+00:00,32.2343727022,32.2713193016,30.1119738112,30.2110263567,130036,,
2025-04-10 00:00:00+00:00,31.6717542441,31.894919629,31.4095621564,31.894919629,13993,,
2025-04-11 00:00:00+00:00,32.5684769379,32.6576242288,32.0633089562,32.0633089562,316661,,
2025-04-14 00:00:00+00:00,33.1429817014,33.2618447559,32.8458240651,32.8755398288,39586,,
2025-04-15 00:00:00+00:00,33.1925079741,33.3708025559,33.1531841136,33.2519395014,18861,,
2025-04-16 00:00:00+00:00,33.2024132287,33.4797603559,33.1677448378,33.2618447559,228562,,
2025-04-17 00:00:00+00:00,33.6508241019,33.7689937886,33.5788129013,33.5986234104,16008,,
2025-04-21 00:00:00+00:00,33.7313538213,34.0047388467,33.5193813741,33.8363495195,30614,,
2025-04-22 00:00:00+00:00,34.1434124103,34.2969438557,34.0195967285,34.0740756285,4201958,,
2025-04-23 00:00:00+00:00,34.0989378174,34.3662806375,34.0740756285,34.3217069921,15733,,
2025-04-24 00:00:00+00:00,34.430664792,34.430664792,34.1434124103,34.1434124103,15156,,
2025-04-25 00:00:00+00:00,34.4327448955,34.4327448955,34.2820859739,34.3010050101,7671,,
2025-04-28 00:00:00+00:00,34.7561514563,34.7561514563,34.4702858102,34.4702858102,20875,,
2025-04-29 00:00:00+00:00,34.8268749738,34.8355915978,34.7080119193,34.7773487011,20433,,
2025-04-30 00:00:00+00:00,34.7971592101,34.8700618836,34.4702858102,34.648580392,15141,,
2025-05-01 00:00:00+00:00,34.5495278466,34.7872539556,34.5495278466,34.7674434465,188730,,
2025-05-02 00:00:00+00:00,35.1536493211,35.2725123757,35.0943168464,35.1537483737,56257,,
2025-05-05 00:00:00+00:00,35.3023271918,35.371366816,35.28746931,35.3023271918,265712,,
2025-05-06 00:00:00+00:00,35.5147949018,35.5889852583,35.3716639736,35.3815692282,41348,,
2025-05-07 00:00:00+00:00,35.2825166828,35.4410007554,35.209911167,35.3716639736,10547,,
2025-05-08 00:00:00+00:00,35.2576544939,35.4410007554,35.2576544939,35.4410007554,13769,,
2025-05-09 00:00:00+00:00,35.5068706982,35.5400533009,35.4211902464,35.5004322827,8906,,
2025-05-12 00:00:00+00:00,35.4905270282,35.5994848281,35.3914744827,35.5994848281,30068,,
2025-05-13 00:00:00+00:00,35.6192953372,35.7105227316,35.4608112645,35.4608112645,269548,,
2025-05-14 00:00:00+00:00,35.4410007554,35.7876846645,35.4410007554,35.7876846645,14720,,
2025-05-15 00:00:00+00:00,35.7579689008,35.7777794099,35.6539637281,35.6688216099,29737,,
2025-05-16 00:00:00+00:00,35.8570214463,35.9025856172,35.7480636463,35.8074951735,19359,,
2025-05-19 00:00:00+00:00,36.1046528098,36.1046528098,35.8074951735,35.8669267008,23267,,
2025-05-20 00:00:00+00:00,36.202021462,36.2037053553,36.1086149117,36.1734943289,13204,,
2025-05-21 00:00:00+00:00,36.0848423008,36.4216209552,36.0848423008,36.3720946825,13600,,
2025-05-22 00:00:00+00:00,35.9564702019,36.0148121511,35.8372109372,35.9461687371,13800,,
2025-05-23 00:00:00+00:00,36.362189428,36.362189428,35.906547719,35.906547719,32634,,
2025-05-27 00:00:00+00:00,36.7881153733,36.8203074506,36.6989680824,36.6989680824,32779,,
2025-05-28 00:00:00+00:00,36.5602945188,36.6593470643,36.5602945188,36.6395365552,13943,,
2025-05-29 00:00:00+00:00,36.7349241564,36.7349241564,36.6593470643,36.6593470643,10308,,
2025-05-30 00:00:00+00:00,36.784054219,36.784054219,36.6098207915,36.708873337,13427,,
2025-06-02 00:00:00+00:00,37.3527148823,37.3527148823,36.7484943551,36.7484943551,48181,,
2025-06-03 00:00:00+00:00,37.0951782642,37.1347992823,37.0406993642,37.0456519914,13336,,
2025-06-04 00:00:00+00:00,37.4259147134,37.4874263441,37.402241155,37.4418621732,36521,,
2025-06-05 00:00:00+00:00,37.4814831913,37.6003462459,37.4319569186,37.5310094641,13924,,
2025-06-06 00:00:00+00:00,37.4517674277,37.4913884459,37.3725253914,37.3824306459,39684,,
2025-06-09 00:00:00+00:00,37.5211042095,37.6300620095,37.5012937004,37.511198955,20713,,
2025-06-10 00:00:00+00:00,37.5805357368,37.7093040458,37.4913884459,37.6300620095,32142,,
2025-06-11 00:00:00+00:00,37.6885030113,37.812120588,37.6885030113,37.748925064,48038,,
2025-06-12 00:00:00+00:00,38.0064616821,38.1153204296,37.966840664,38.0510353276,17163,,
2025-06-13 00:00:00+00:00,37.6102515004,37.8281671003,37.5409147186,37.5508199731,10318,,
2025-06-16 00:00:00+00:00,37.8677881185,38.1352299912,37.8677881185,38.0361774458,16277,,
2025-06-17 00:00:00+00:00,37.5310094641,37.9163238658,37.5310094641,37.8479776094,11900,,
2025-06-18 00:00:00+00:00,37.6201567549,37.8027105962,37.5608242802,37.6300620095,6802,,
2025-06-20 00:00:00+00:00,37.4940628646,37.6993987913,37.4940628646,37.6795882822,10243,,
2025-06-23 00:00:00+00:00,37.762,37.84,37.22,37.22,27317,,
2025-06-24 00:00:00+00:00,38.13,38.178,37.93,37.93,26005,,
2025-06-25 00:00:00+00:00,38.06,38.0903,37.97,37.97,9163,,
2025-06-26 00:00:00+00:00,38.559,38.64,38.43,38.44,10031,,
2025-06-27 00:00:00+00:00,38.63,38.81,38.49,38.67,30001,,
2025-06-30 00:00:00+00:00,38.9171,38.92,38.68,38.69,13981,,
2025-07-01 00:00:00+00:00,38.909,39.03,38.89,38.91,18047,,
2025-07-02 00:00:00+00:00,39.04,39.04,38.78,38.78,10276,,
2025-07-03 00:00:00+00:00,39.14,39.16,39.06,39.145,26655,,
2025-07-07 00:00:00+00:00,38.58,38.87,38.57,38.75,27885,,
2025-07-08 00:00:00+00:00,38.88,38.92,38.72,38.72,11618,,
2025-07-09 00:00:00+00:00,39.2225,39.225,39.04,39.04,10552,,
2025-07-10 00:00:00+00:00,39.32,39.32,39.09,39.17,12723,,
2025-07-11 00:00:00+00:00,38.9732,39.07,38.96,39.07,7875,,
2025-07-14 00:00:00+00:00,39.05,39.1,38.96,38.96,18495,,
2025-07-15 00:00:00+00:00,38.73,39.12,38.73,39.12,7536,,
2025-07-16 00:00:00+00:00,38.885,38.93,38.61,38.75,12127,,
2025-07-17 00:00:00+00:00,39.0,39.0756,38.87,38.87,10556,,
2025-07-18 00:00:00+00:00,38.947,39.046,38.9,39.046,41030,,
2025-07-21 00:00:00+00:00,39.29,39.4199,39.18,39.18,8779,,
2025-07-22 00:00:00+00:00,39.47,39.51,39.23,39.27,11623,,
2025-07-23 00:00:00+00:00,40.07,40.07,39.7643,39.79,22885,,
2025-07-24 00:00:00+00:00,39.8097,39.94,39.8097,39.86,25013,,
2025-07-25 00:00:00+00:00,39.73,39.765,39.58,39.63,11709,,
2025-07-28 00:00:00+00:00,39.15,39.34,39.1,39.34,4861,,
2025-07-29 00:00:00+00:00,39.1933,39.232,39.0904,39.21,10635,,
2025-07-30 00:00:00+00:00,38.835,39.12,38.785,39.09,8169,,
2025-07-31 00:00:00+00:00,38.6721,38.84,38.67,38.8354,18461,,
2025-08-01 00:00:00+00:00,38.6903,38.82,38.48,38.74,29730,,38.66343333333333
2025-08-04 00:00:00+00:00,39.24,39.24,39.05,39.05,6496,,38.75546567842618
2025-08-05 00:00:00+00:00,39.356,39.392,39.26,39.28,8473,,38.8655099144649
2025-08-06 00:00:00+00:00,39.66,39.68,39.47,39.47,9510,,38.99494784383897
2025-08-07 00:00:00+00:00,39.935,40.04,39.84,40.04,12623,,39.173131274439385
2025-08-08 00:00:00+00:00,40.0671,40.1518,40.0,40.03,31014,,39.45834983068632
2025-08-11 00:00:00+00:00,39.8512,39.96,39.84,39.86,7221,,39.48758540677219
2025-08-12 00:00:00+00:00,40.2148,40.2148,39.88,39.88,12230,,39.551772610836885
2025-08-13 00:00:00+00:00,40.31,40.3405,40.26,40.31,10807,,39.615189193415766
2025-08-14 00:00:00+00:00,40.15,40.17,40.02,40.06,18601,,39.6783498160708
2025-08-15 00:00:00+00:00,40.3016,40.34,40.2713,40.28,9351,,39.71585725038875
2025-08-18 00:00:00+00:00,40.28,40.2899,40.2,40.2,112366,,39.94223528697349
2025-08-19 00:00:00+00:00,40.2003,40.4,40.185,40.38,12898,,39.95688520782975
2025-08-20 00:00:00+00:00,40.2563,40.2871,40.13,40.19,14397,,39.96991242730944
2025-08-21 00:00:00+00:00,40.1625,40.21,40.11,40.16,11491,,39.977053752180936
2025-08-22 00:00:00+00:00,40.91,41.01,40.79,40.79,22190,40.903333333333336,40.03945286785793
2025-08-25 00:00:00+00:00,40.5545,40.9,40.55,40.81,19984,40.79190044419152,40.07541412675333
2025-08-26 00:00:00+00:00,40.59,40.61,40.44,40.44,15167,40.72703480348558,40.095020509634274
2025-08-27 00:00:00+00:00,40.5564,40.5602,40.29,40.3,15606,40.67180330742411,40.110367521055004
2025-08-28 00:00:00+00:00,40.6764,40.7384,40.62,40.65,42579,40.674185484364266,40.16756797741999
2025-08-29 00:00:00+00:00,40.51,40.55,40.448,40.45,13072,40.6567505788063,40.1776192618581
2025-09-02 00:00:00+00:00,40.175,40.175,39.93,39.93,20984,40.57771200812932,40.17374733838306
2025-09-03 00:00:00+00:00,40.2792,40.32,40.19,40.22,18212,40.54356107925989,40.17717192103051
2025-09-04 00:00:00+00:00,40.4209,40.43,40.26,40.3,17441,40.527247496603415,40.18401199556767
2025-09-05 00:00:00+00:00,40.797,40.945,40.7233,40.91,4631,40.534431080165305,40.1899536498925
2025-09-08 00:00:00+00:00,41.2562,41.257,41.13,41.15,6872,40.55818219289952,40.20392339132896
2025-09-09 00:00:00+00:00,41.1066,41.18,41.0705,41.18,8267,40.58079898945554,40.218693055297955
2025-09-10 00:00:00+00:00,41.196,41.36,41.1256,41.33,24706,40.65032105573234,40.26509888667254
2025-09-11 00:00:00+00:00,41.7,41.71,41.39,41.39,19087,40.723177437251636,40.31092439494058
2025-09-12 00:00:00+00:00,41.515,41.59,41.4001,41.46,12315,40.7598952772682,40.33672742100561
