date,Close,High,Low,Open,Volume,aVWAP_peak_913,aVWAP_valley_904
2022-01-03 00:00:00+00:00,5.75,5.75,5.5,5.63,44514,,
2022-01-04 00:00:00+00:00,5.58,5.91,5.58,5.65,150333,,
2022-01-05 00:00:00+00:00,5.8,5.8865,5.64,5.835,59441,,
2022-01-06 00:00:00+00:00,5.87,5.95,5.63,5.7,32689,,
2022-01-07 00:00:00+00:00,5.89,6.0,5.67,5.67,51209,,
2022-01-10 00:00:00+00:00,5.765,5.925,5.7,5.81,47767,,
2022-01-11 00:00:00+00:00,5.89,5.9,5.81,5.81,27258,,
2022-01-12 00:00:00+00:00,5.87,5.9026,5.8,5.9,18271,,
2022-01-13 00:00:00+00:00,5.77,5.9,5.7207,5.9,39407,,
2022-01-14 00:00:00+00:00,5.66,5.75,5.6,5.7,31126,,
2022-01-18 00:00:00+00:00,5.7,5.79,5.56,5.56,55455,,
2022-01-19 00:00:00+00:00,5.76,5.9,5.69,5.7995,51766,,
2022-01-20 00:00:00+00:00,5.7,5.8699,5.7,5.85,34604,,
2022-01-21 00:00:00+00:00,5.4,5.69,5.28,5.69,61771,,
2022-01-24 00:00:00+00:00,5.25,5.555,4.98,5.555,80314,,
2022-01-25 00:00:00+00:00,5.37,5.4011,5.22,5.25,57587,,
2022-01-26 00:00:00+00:00,5.28,5.53,5.2001,5.31,22103,,
2022-01-27 00:00:00+00:00,5.25,5.42,5.25,5.27,42854,,
2022-01-28 00:00:00+00:00,5.0,5.3805,4.98,5.25,182538,,
2022-01-31 00:00:00+00:00,5.26,5.42,4.96,4.96,43895,,
2022-02-01 00:00:00+00:00,5.42,5.52,5.33,5.35,35093,,
2022-02-02 00:00:00+00:00,5.34,5.4,5.3,5.4,28982,,
2022-02-03 00:00:00+00:00,5.45,5.5092,5.32,5.32,46193,,
2022-02-04 00:00:00+00:00,5.44,5.74,5.405,5.405,38001,,
2022-02-07 00:00:00+00:00,5.79,5.79,5.445,5.66,97730,,
2022-02-08 00:00:00+00:00,5.645,5.87,5.63,5.87,42425,,
2022-02-09 00:00:00+00:00,5.62,5.665,5.5301,5.63,32175,,
2022-02-10 00:00:00+00:00,5.5,5.62,5.45,5.62,78783,,
2022-02-11 00:00:00+00:00,5.4,5.53,5.3957,5.4737,62652,,
2022-02-14 00:00:00+00:00,5.51,5.51,5.32,5.42,47819,,
2022-02-15 00:00:00+00:00,5.28,5.545,5.28,5.43,149907,,
2022-02-16 00:00:00+00:00,5.31,5.44,5.18,5.3,289693,,
2022-02-17 00:00:00+00:00,5.25,5.29,5.23,5.25,31700,,
2022-02-18 00:00:00+00:00,5.09,5.29,5.09,5.25,30502,,
2022-02-22 00:00:00+00:00,4.8,5.14,4.72,5.14,135290,,
2022-02-23 00:00:00+00:00,4.8,5.1099,4.76,4.91,48664,,
2022-02-24 00:00:00+00:00,4.86,4.9,4.64,4.64,131465,,
2022-02-25 00:00:00+00:00,4.86,4.94,4.82,4.8871,34394,,
2022-02-28 00:00:00+00:00,4.6,4.91,4.57,4.91,145598,,
2022-03-01 00:00:00+00:00,4.43,4.5999,4.38,4.55,100194,,
2022-03-02 00:00:00+00:00,4.51,4.649,4.45,4.48,32314,,
2022-03-03 00:00:00+00:00,4.37,4.53,4.32,4.32,31923,,
2022-03-04 00:00:00+00:00,4.27,4.37,4.25,4.34,29553,,
2022-03-07 00:00:00+00:00,4.16,4.24,4.05,4.23,171882,,
2022-03-08 00:00:00+00:00,4.21,4.26,4.03,4.17,136598,,
2022-03-09 00:00:00+00:00,4.4,4.48,4.165,4.21,68069,,
2022-03-10 00:00:00+00:00,4.43,4.5,4.35,4.38,24462,,
2022-03-11 00:00:00+00:00,4.68,4.8,4.43,4.43,47529,,
2022-03-14 00:00:00+00:00,4.61,4.74,4.52,4.74,34698,,
2022-03-15 00:00:00+00:00,4.5,4.592,4.42,4.592,29869,,
2022-03-16 00:00:00+00:00,4.58,4.709,4.5,4.69,19750,,
2022-03-17 00:00:00+00:00,4.59,4.6461,4.581,4.599,13609,,
2022-03-18 00:00:00+00:00,4.44,4.63,4.44,4.57,36956,,
2022-03-21 00:00:00+00:00,4.42,4.45,4.27,4.44,50945,,
2022-03-22 00:00:00+00:00,4.59,4.64,4.4,4.4,9915,,
2022-03-23 00:00:00+00:00,4.57,4.57,4.4312,4.53,35388,,
2022-03-24 00:00:00+00:00,4.4,4.61,4.38,4.54,27547,,
2022-03-25 00:00:00+00:00,4.31,4.4,4.12,4.4,45817,,
2022-03-28 00:00:00+00:00,4.5,4.5,4.2391,4.25,44821,,
2022-03-29 00:00:00+00:00,4.49,4.64,4.41,4.41,44756,,
2022-03-30 00:00:00+00:00,4.45,4.51,4.45,4.46,20308,,
2022-03-31 00:00:00+00:00,4.39,4.45,4.39,4.43,29429,,
2022-04-01 00:00:00+00:00,4.29,4.45,4.29,4.374,40490,,
2022-04-04 00:00:00+00:00,4.56,4.6,4.32,4.32,62267,,
2022-04-05 00:00:00+00:00,4.5,4.57,4.47,4.53,41413,,
2022-04-06 00:00:00+00:00,4.4,4.46,4.3,4.46,51244,,
2022-04-07 00:00:00+00:00,4.535,4.57,4.39,4.4,13680,,
2022-04-08 00:00:00+00:00,4.515,4.55,4.411,4.51,29748,,
2022-04-11 00:00:00+00:00,4.55,4.55,4.4301,4.47,22916,,
2022-04-12 00:00:00+00:00,4.72,4.72,4.55,4.55,68923,,
2022-04-13 00:00:00+00:00,4.43,4.64,4.43,4.6136,23832,,
2022-04-14 00:00:00+00:00,4.47,4.52,4.44,4.495,18815,,
2022-04-18 00:00:00+00:00,4.35,4.48,4.35,4.42,9989,,
2022-04-19 00:00:00+00:00,4.94,5.0,4.29,4.29,219756,,
2022-04-20 00:00:00+00:00,5.05,5.11,4.8911,5.1,46084,,
2022-04-21 00:00:00+00:00,4.78,5.22,4.75,5.22,28210,,
2022-04-22 00:00:00+00:00,4.67,4.83,4.61,4.83,30334,,
2022-04-25 00:00:00+00:00,4.605,4.65,4.53,4.63,18876,,
2022-04-26 00:00:00+00:00,5.02,5.1047,4.67,4.69,204001,,
2022-04-27 00:00:00+00:00,4.82,5.18,4.78,5.18,52797,,
2022-04-28 00:00:00+00:00,4.57,4.88,4.57,4.77,61880,,
2022-04-29 00:00:00+00:00,4.5,4.6449,4.5,4.55,29652,,
2022-05-02 00:00:00+00:00,4.44,4.6,4.27,4.6,61466,,
2022-05-03 00:00:00+00:00,4.44,4.4699,4.33,4.36,83863,,
2022-05-04 00:00:00+00:00,4.38,4.42,4.36,4.36,64428,,
2022-05-05 00:00:00+00:00,4.41,4.41,4.2636,4.36,22407,,
2022-05-06 00:00:00+00:00,4.37,4.37,4.2601,4.3299,35197,,
2022-05-09 00:00:00+00:00,4.33,4.37,4.17,4.28,102850,,
2022-05-10 00:00:00+00:00,4.23,4.2495,4.13,4.2121,34453,,
2022-05-11 00:00:00+00:00,4.14,4.46,4.07,4.28,47612,,
2022-05-12 00:00:00+00:00,4.09,4.18,4.0,4.15,14260,,
2022-05-13 00:00:00+00:00,4.27,4.32,4.04,4.04,50950,,
2022-05-16 00:00:00+00:00,4.4,4.49,4.2,4.2,104647,,
2022-05-17 00:00:00+00:00,4.38,4.85,4.37,4.85,108082,,
2022-05-18 00:00:00+00:00,4.5,4.6867,4.38,4.38,90382,,
2022-05-19 00:00:00+00:00,4.41,4.65,4.41,4.6,37444,,
2022-05-20 00:00:00+00:00,4.41,4.54,4.3,4.46,25010,,
2022-05-23 00:00:00+00:00,4.64,4.67,4.2201,4.44,40676,,
2022-05-24 00:00:00+00:00,4.33,4.56,4.3,4.56,45321,,
2022-05-25 00:00:00+00:00,4.62,4.62,4.3,4.3,21537,,
2022-05-26 00:00:00+00:00,4.62,4.68,4.56,4.67,33811,,
2022-05-27 00:00:00+00:00,4.85,4.85,4.64,4.64,42573,,
2022-05-31 00:00:00+00:00,4.75,4.97,4.66,4.97,31688,,
2022-06-01 00:00:00+00:00,4.69,4.88,4.69,4.75,40830,,
2022-06-02 00:00:00+00:00,4.66,4.81,4.6296,4.69,104683,,
2022-06-03 00:00:00+00:00,4.82,4.82,4.5529,4.63,48362,,
2022-06-06 00:00:00+00:00,5.12,5.12,4.85,4.96,43577,,
2022-06-07 00:00:00+00:00,5.28,5.38,5.05,5.23,82816,,
2022-06-08 00:00:00+00:00,5.12,5.44,5.12,5.44,132065,,
2022-06-09 00:00:00+00:00,5.1,5.18,5.0349,5.09,52687,,
2022-06-10 00:00:00+00:00,4.93,5.13,4.876,5.01,77382,,
2022-06-13 00:00:00+00:00,4.73,4.85,4.6367,4.72,55425,,
2022-06-14 00:00:00+00:00,4.81,4.81,4.6298,4.75,58507,,
2022-06-15 00:00:00+00:00,4.85,4.9,4.7388,4.76,30265,,
2022-06-16 00:00:00+00:00,4.7,4.89,4.65,4.81,33316,,
2022-06-17 00:00:00+00:00,4.8,4.8,4.66,4.7,9682,,
2022-06-21 00:00:00+00:00,4.75,4.89,4.7298,4.89,14505,,
2022-06-22 00:00:00+00:00,4.63,4.84,4.5913,4.84,33505,,
2022-06-23 00:00:00+00:00,4.61,4.78,4.57,4.65,39510,,
2022-06-24 00:00:00+00:00,4.76,4.76,4.56,4.69,162983,,
2022-06-27 00:00:00+00:00,4.52,4.64,4.52,4.63,41779,,
2022-06-28 00:00:00+00:00,4.459,4.56,4.44,4.52,23788,,
2022-06-29 00:00:00+00:00,4.42,4.6,4.4,4.6,6996,,
2022-06-30 00:00:00+00:00,4.62,4.62,4.4,4.42,42489,,
2022-07-01 00:00:00+00:00,4.55,4.73,4.5,4.55,47963,,
2022-07-05 00:00:00+00:00,4.71,4.7732,4.52,4.52,8288,,
2022-07-06 00:00:00+00:00,4.7827,4.8,4.69,4.8,11400,,
2022-07-07 00:00:00+00:00,4.78,4.84,4.76,4.84,27049,,
2022-07-08 00:00:00+00:00,4.87,4.9,4.81,4.8999,6390,,
2022-07-11 00:00:00+00:00,5.12,5.15,4.86,4.97,56301,,
2022-07-12 00:00:00+00:00,5.33,5.3321,5.0796,5.1199,47344,,
2022-07-13 00:00:00+00:00,5.32,5.35,5.24,5.35,21735,,
2022-07-14 00:00:00+00:00,5.12,5.25,5.09,5.25,23944,,
2022-07-15 00:00:00+00:00,5.27,5.31,5.14,5.14,52439,,
2022-07-18 00:00:00+00:00,5.47,5.47,5.17,5.17,45376,,
2022-07-19 00:00:00+00:00,5.39,5.45,5.31,5.44,21263,,
2022-07-20 00:00:00+00:00,5.45,5.45,5.1901,5.44,161202,,
2022-07-21 00:00:00+00:00,5.44,5.57,5.35,5.35,95044,,
2022-07-22 00:00:00+00:00,5.39,5.4,5.3389,5.4,23845,,
2022-07-25 00:00:00+00:00,5.3,5.4,5.3,5.36,28417,,
2022-07-26 00:00:00+00:00,5.3,5.38,5.2601,5.37,78713,,
2022-07-27 00:00:00+00:00,5.34,5.58,5.11,5.58,202017,,
2022-07-28 00:00:00+00:00,5.3475,5.46,5.16,5.32,53952,,
2022-07-29 00:00:00+00:00,5.36,5.48,5.28,5.28,43523,,
2022-08-01 00:00:00+00:00,5.49,5.94,5.45,5.5,71365,,
2022-08-02 00:00:00+00:00,5.39,5.5,5.27,5.46,70626,,
2022-08-03 00:00:00+00:00,5.36,5.4174,5.34,5.39,19089,,
2022-08-04 00:00:00+00:00,5.38,5.68,5.32,5.68,24246,,
2022-08-05 00:00:00+00:00,5.3,5.47,5.2,5.47,44054,,
2022-08-08 00:00:00+00:00,5.63,5.73,5.3301,5.39,77580,,
2022-08-09 00:00:00+00:00,5.66,5.8036,5.49,5.61,44265,,
2022-08-10 00:00:00+00:00,5.47,5.77,5.375,5.77,127695,,
2022-08-11 00:00:00+00:00,5.51,5.7299,5.45,5.5021,65972,,
2022-08-12 00:00:00+00:00,5.44,5.6,5.38,5.6,64870,,
2022-08-15 00:00:00+00:00,5.52,5.75,5.34,5.5,434450,,
2022-08-16 00:00:00+00:00,5.45,5.82,5.34,5.82,161201,,
2022-08-17 00:00:00+00:00,5.31,5.49,5.27,5.44,115627,,
2022-08-18 00:00:00+00:00,5.31,5.43,5.29,5.35,87740,,
2022-08-19 00:00:00+00:00,5.28,5.35,5.22,5.31,34134,,
2022-08-22 00:00:00+00:00,5.2,5.34,5.18,5.18,35066,,
2022-08-23 00:00:00+00:00,5.22,5.3099,5.09,5.17,53796,,
2022-08-24 00:00:00+00:00,5.08,5.25,5.04,5.18,39294,,
2022-08-25 00:00:00+00:00,5.0,5.06,4.85,5.05,96235,,
2022-08-26 00:00:00+00:00,5.17,5.2,4.9175,4.966,120938,,
2022-08-29 00:00:00+00:00,5.05,5.1908,5.03,5.17,20720,,
2022-08-30 00:00:00+00:00,4.99,5.09,4.93,5.0,68701,,
2022-08-31 00:00:00+00:00,4.85,5.0,4.8101,4.96,79058,,
2022-09-01 00:00:00+00:00,4.75,4.79,4.54,4.78,60048,,
2022-09-02 00:00:00+00:00,4.9,4.94,4.74,4.7778,45583,,
2022-09-06 00:00:00+00:00,4.78,4.93,4.71,4.93,47103,,
2022-09-07 00:00:00+00:00,4.88,4.88,4.58,4.84,188854,,
2022-09-08 00:00:00+00:00,4.81,4.94,4.8,4.94,10020,,
2022-09-09 00:00:00+00:00,4.83,4.85,4.7992,4.8175,39307,,
2022-09-12 00:00:00+00:00,4.78,4.93,4.69,4.8491,50643,,
2022-09-13 00:00:00+00:00,4.6,4.77,4.58,4.69,23865,,
2022-09-14 00:00:00+00:00,4.55,4.68,4.52,4.55,54307,,
2022-09-15 00:00:00+00:00,4.36,4.55,4.36,4.55,73146,,
2022-09-16 00:00:00+00:00,4.27,4.385,4.25,4.38,114570,,
2022-09-19 00:00:00+00:00,4.45,4.6,4.27,4.27,61358,,
2022-09-20 00:00:00+00:00,4.46,4.62,4.4,4.5842,21648,,
2022-09-21 00:00:00+00:00,4.4,4.45,4.36,4.45,7172,,
2022-09-22 00:00:00+00:00,4.35,4.41,4.314,4.35,52531,,
2022-09-23 00:00:00+00:00,4.18,4.27,4.12,4.2582,37005,,
2022-09-26 00:00:00+00:00,4.18,4.29,4.1504,4.29,33140,,
2022-09-27 00:00:00+00:00,4.1262,4.38,4.09,4.38,32721,,
2022-09-28 00:00:00+00:00,4.2,4.24,4.08,4.24,23202,,
2022-09-29 00:00:00+00:00,4.14,4.2,3.99,4.12,125917,,
2022-09-30 00:00:00+00:00,4.17,4.2572,4.13,4.25,13288,,
2022-10-03 00:00:00+00:00,4.29,4.31,4.11,4.3,26646,,
2022-10-04 00:00:00+00:00,4.3,4.355,4.22,4.2853,37267,,
2022-10-05 00:00:00+00:00,4.22,4.28,4.05,4.23,92316,,
2022-10-06 00:00:00+00:00,4.13,4.36,4.13,4.2,21776,,
2022-10-07 00:00:00+00:00,4.03,4.17,4.02,4.15,15070,,
2022-10-10 00:00:00+00:00,4.19,4.19,4.02,4.02,10443,,
2022-10-11 00:00:00+00:00,3.98,4.14,3.98,4.06,32823,,
2022-10-12 00:00:00+00:00,4.01,4.04,3.92,3.97,28536,,
2022-10-13 00:00:00+00:00,3.955,4.0132,3.9,3.93,44870,,
2022-10-14 00:00:00+00:00,3.93,4.035,3.89,4.0,10680,,
2022-10-17 00:00:00+00:00,3.98,4.03,3.9064,3.94,10201,,
2022-10-18 00:00:00+00:00,4.08,4.08,3.98,3.98,20162,,
2022-10-19 00:00:00+00:00,3.99,4.08,3.98,4.05,29086,,
2022-10-20 00:00:00+00:00,3.97,4.0,3.9,4.0,52222,,
2022-10-21 00:00:00+00:00,4.11,4.13,4.02,4.03,8963,,
2022-10-24 00:00:00+00:00,4.02,4.09,3.97,4.09,7258,,
2022-10-25 00:00:00+00:00,4.03,4.06,3.98,3.981,8581,,
2022-10-26 00:00:00+00:00,4.18,4.22,4.05,4.05,13867,,
2022-10-27 00:00:00+00:00,4.21,4.27,4.13,4.22,22295,,
2022-10-28 00:00:00+00:00,4.365,4.38,4.16,4.16,13259,,
2022-10-31 00:00:00+00:00,4.33,4.35,4.2709,4.325,10916,,
2022-11-01 00:00:00+00:00,4.41,4.42,4.36,4.37,29906,,
2022-11-02 00:00:00+00:00,4.32,4.43,4.3,4.39,58852,,
2022-11-03 00:00:00+00:00,4.35,4.43,4.2769,4.32,9871,,
2022-11-04 00:00:00+00:00,4.35,4.43,4.27,4.41,13855,,
2022-11-07 00:00:00+00:00,4.44,4.44,4.3,4.33,73014,,
2022-11-08 00:00:00+00:00,4.38,4.43,4.34,4.34,7954,,
2022-11-09 00:00:00+00:00,4.48,4.55,4.37,4.37,24720,,
2022-11-10 00:00:00+00:00,4.4,4.515,4.328,4.41,7899,,
2022-11-11 00:00:00+00:00,4.48,4.5,4.38,4.3898,33603,,
2022-11-14 00:00:00+00:00,4.48,4.5999,4.42,4.5,15455,,
2022-11-15 00:00:00+00:00,4.48,4.48,4.31,4.32,16607,,
2022-11-16 00:00:00+00:00,4.4,4.45,4.35,4.41,13447,,
2022-11-17 00:00:00+00:00,4.35,4.35,4.31,4.33,2898,,
2022-11-18 00:00:00+00:00,4.34,4.35,4.29,4.32,8238,,
2022-11-21 00:00:00+00:00,4.39,4.5,4.29,4.5,14970,,
2022-11-22 00:00:00+00:00,4.3,4.36,4.25,4.33,10279,,
2022-11-23 00:00:00+00:00,4.35,4.48,4.25,4.3,74068,,
2022-11-25 00:00:00+00:00,4.38,4.42,4.38,4.41,9339,,
2022-11-28 00:00:00+00:00,4.39,4.55,4.3501,4.3667,43999,,
2022-11-29 00:00:00+00:00,4.53,4.53,4.32,4.45,50660,,
2022-11-30 00:00:00+00:00,4.47,4.54,4.32,4.53,81069,,
2022-12-01 00:00:00+00:00,4.5,4.52,4.4282,4.4282,25084,,
2022-12-02 00:00:00+00:00,4.44,4.54,4.3298,4.51,60081,,
2022-12-05 00:00:00+00:00,4.33,4.49,4.2601,4.49,19966,,
2022-12-06 00:00:00+00:00,4.32,4.325,4.2501,4.26,8514,,
2022-12-07 00:00:00+00:00,4.35,4.43,4.345,4.37,14628,,
2022-12-08 00:00:00+00:00,4.41,4.49,4.3278,4.35,16950,,
2022-12-09 00:00:00+00:00,4.43,4.58,4.4,4.58,5711,,
2022-12-12 00:00:00+00:00,4.57,4.57,4.41,4.41,13943,,
2022-12-13 00:00:00+00:00,4.59,4.71,4.5,4.5,30886,,
2022-12-14 00:00:00+00:00,4.7,4.7,4.53,4.53,18360,,
2022-12-15 00:00:00+00:00,4.75,4.75,4.6,4.61,28479,,
2022-12-16 00:00:00+00:00,4.78,4.81,4.64,4.74,25628,,
2022-12-19 00:00:00+00:00,4.48,4.71,4.48,4.71,34283,,
2022-12-20 00:00:00+00:00,4.39,4.6,4.38,4.5,25044,,
2022-12-21 00:00:00+00:00,4.7,4.76,4.4,4.48,74812,,
2022-12-22 00:00:00+00:00,4.7,4.93,4.4,4.75,117179,,
2022-12-23 00:00:00+00:00,4.69,4.73,4.52,4.73,24802,,
2022-12-27 00:00:00+00:00,4.78,4.9384,4.6101,4.64,65417,,
2022-12-28 00:00:00+00:00,4.75,4.84,4.68,4.82,78791,,
2022-12-29 00:00:00+00:00,4.81,4.88,4.78,4.85,77761,,
2022-12-30 00:00:00+00:00,4.71,4.81,4.61,4.8,50861,,
2023-01-03 00:00:00+00:00,4.78,4.84,4.71,4.71,62947,,
2023-01-04 00:00:00+00:00,5.37,5.47,4.9,4.9,155114,,
2023-01-05 00:00:00+00:00,5.54,5.665,5.3068,5.38,170094,,
2023-01-06 00:00:00+00:00,5.58,5.79,5.55,5.6,89461,,
2023-01-09 00:00:00+00:00,5.61,5.65,5.51,5.6,59582,,
2023-01-10 00:00:00+00:00,5.55,5.61,5.37,5.61,121433,,
2023-01-11 00:00:00+00:00,5.67,5.71,5.54,5.61,86967,,
2023-01-12 00:00:00+00:00,5.79,5.91,5.521,5.56,86276,,
2023-01-13 00:00:00+00:00,5.64,5.84,5.59,5.84,34019,,
2023-01-17 00:00:00+00:00,5.69,5.83,5.4744,5.56,48651,,
2023-01-18 00:00:00+00:00,5.5,5.75,5.47,5.73,43408,,
2023-01-19 00:00:00+00:00,5.8,5.82,5.45,5.63,72591,,
2023-01-20 00:00:00+00:00,6.04,6.06,5.78,5.82,150761,,
2023-01-23 00:00:00+00:00,6.2,6.35,6.0,6.13,168994,,
2023-01-24 00:00:00+00:00,6.07,6.2,6.01,6.14,27460,,
2023-01-25 00:00:00+00:00,6.0,6.1,5.88,6.1,41989,,
2023-01-26 00:00:00+00:00,5.9,6.0,5.8101,5.97,30615,,
2023-01-27 00:00:00+00:00,5.94,5.98,5.83,5.95,48211,,
2023-01-30 00:00:00+00:00,5.73,5.94,5.665,5.94,70170,,
2023-01-31 00:00:00+00:00,5.8,5.8241,5.7,5.7,68621,,
2023-02-01 00:00:00+00:00,5.81,5.83,5.73,5.77,49865,,
2023-02-02 00:00:00+00:00,5.84,5.89,5.7,5.89,111247,,
2023-02-03 00:00:00+00:00,5.95,5.96,5.7525,5.83,87957,,
2023-02-06 00:00:00+00:00,5.95,6.03,5.86,6.0,80415,,
2023-02-07 00:00:00+00:00,6.13,6.179,5.9,6.0,61108,,
2023-02-08 00:00:00+00:00,6.12,6.18,5.9,6.18,86348,,
2023-02-09 00:00:00+00:00,5.98,6.2,5.94,6.2,66209,,
2023-02-10 00:00:00+00:00,6.18,6.26,5.9343,5.9343,155720,,
2023-02-13 00:00:00+00:00,6.35,6.59,6.2,6.35,222436,,
2023-02-14 00:00:00+00:00,6.32,6.355,5.93,6.35,194750,,
2023-02-15 00:00:00+00:00,6.31,6.35,6.1701,6.28,58855,,
2023-02-16 00:00:00+00:00,6.27,6.3,6.15,6.3,71499,,
2023-02-17 00:00:00+00:00,6.22,6.395,6.13,6.33,74863,,
2023-02-21 00:00:00+00:00,6.34,6.38,6.17,6.2,168541,,
2023-02-22 00:00:00+00:00,6.15,6.43,6.1,6.43,245004,,
2023-02-23 00:00:00+00:00,6.33,6.38,6.2,6.34,146734,,
2023-02-24 00:00:00+00:00,6.24,6.31,6.0764,6.25,96516,,
2023-02-27 00:00:00+00:00,6.25,6.25,6.0701,6.23,85522,,
2023-02-28 00:00:00+00:00,6.28,6.31,6.14,6.19,68517,,
2023-03-01 00:00:00+00:00,6.46,6.46,6.21,6.21,122704,,
2023-03-02 00:00:00+00:00,6.42,6.5,6.32,6.5,84633,,
2023-03-03 00:00:00+00:00,6.42,6.485,6.35,6.48,92713,,
2023-03-06 00:00:00+00:00,6.44,6.474,6.33,6.38,67852,,
2023-03-07 00:00:00+00:00,6.6,6.63,6.31,6.5,193184,,
2023-03-08 00:00:00+00:00,6.62,6.7,6.39,6.63,125323,,
2023-03-09 00:00:00+00:00,6.6,6.7,6.6,6.65,147479,,
2023-03-10 00:00:00+00:00,6.55,6.6599,6.45,6.57,132603,,
2023-03-13 00:00:00+00:00,6.52,6.59,6.4,6.58,124267,,
2023-03-14 00:00:00+00:00,6.56,6.65,6.48,6.65,76983,,
2023-03-15 00:00:00+00:00,6.45,6.54,6.36,6.54,76279,,
2023-03-16 00:00:00+00:00,6.58,6.62,6.42,6.45,123533,,
2023-03-17 00:00:00+00:00,6.51,6.56,6.44,6.47,80573,,
2023-03-20 00:00:00+00:00,6.48,6.55,6.42,6.5,102403,,
2023-03-21 00:00:00+00:00,6.53,6.56,6.49,6.51,44693,,
2023-03-22 00:00:00+00:00,6.52,6.59,6.4568,6.4568,75382,,
2023-03-23 00:00:00+00:00,6.27,6.6,6.21,6.5,92292,,
2023-03-24 00:00:00+00:00,6.37,6.5,6.27,6.28,42701,,
2023-03-27 00:00:00+00:00,6.48,6.58,6.36,6.49,124122,,
2023-03-28 00:00:00+00:00,6.66,6.665,6.46,6.53,100685,,
2023-03-29 00:00:00+00:00,6.75,6.75,6.63,6.73,149399,,
2023-03-30 00:00:00+00:00,6.9,6.94,6.73,6.75,134392,,
2023-03-31 00:00:00+00:00,7.01,7.15,6.84,6.85,327643,,
2023-04-03 00:00:00+00:00,7.22,7.23,6.99,7.1,278148,,
2023-04-04 00:00:00+00:00,6.98,7.26,6.95,7.25,217633,,
2023-04-05 00:00:00+00:00,6.6,6.98,6.6,6.98,119119,,
2023-04-06 00:00:00+00:00,6.59,6.69,6.5,6.58,114227,,
2023-04-10 00:00:00+00:00,6.84,6.92,6.5,6.55,151775,,
2023-04-11 00:00:00+00:00,6.81,6.94,6.765,6.9,131683,,
2023-04-12 00:00:00+00:00,6.73,6.83,6.57,6.81,115471,,
2023-04-13 00:00:00+00:00,6.85,6.9,6.68,6.68,68339,,
2023-04-14 00:00:00+00:00,6.93,6.97,6.7,6.85,117543,,
2023-04-17 00:00:00+00:00,6.92,7.1,6.88,6.95,168403,,
2023-04-18 00:00:00+00:00,6.12,6.18,5.835,6.05,766310,,
2023-04-19 00:00:00+00:00,6.04,6.15,5.9738,6.12,274066,,
2023-04-20 00:00:00+00:00,6.01,6.0675,5.94,6.0,99524,,
2023-04-21 00:00:00+00:00,5.86,6.0,5.82,6.0,185163,,
2023-04-24 00:00:00+00:00,6.05,6.06,5.8,5.86,169017,,
2023-04-25 00:00:00+00:00,5.68,6.0032,5.63,6.0,149163,,
2023-04-26 00:00:00+00:00,5.67,5.774,5.59,5.6,157395,,
2023-04-27 00:00:00+00:00,5.9,5.98,5.63,5.63,106988,,
2023-04-28 00:00:00+00:00,5.99,5.99,5.83,5.93,71595,,
2023-05-01 00:00:00+00:00,6.03,6.15,5.99,6.0,125804,,
2023-05-02 00:00:00+00:00,6.03,6.09,5.96,6.09,88531,,
2023-05-03 00:00:00+00:00,6.33,6.41,5.9515,5.99,148425,,
2023-05-04 00:00:00+00:00,6.09,6.3899,6.05,6.36,87120,,
2023-05-05 00:00:00+00:00,6.39,6.42,6.05,6.14,227520,,
2023-05-08 00:00:00+00:00,6.18,6.31,6.16,6.28,54915,,
2023-05-09 00:00:00+00:00,6.13,6.18,6.1,6.12,56123,,
2023-05-10 00:00:00+00:00,6.35,6.37,6.19,6.19,113830,,
2023-05-11 00:00:00+00:00,6.35,6.45,6.28,6.4,267918,,
2023-05-12 00:00:00+00:00,6.45,6.47,6.34,6.45,201756,,
2023-05-15 00:00:00+00:00,6.49,6.55,6.4,6.49,324613,,
2023-05-16 00:00:00+00:00,6.03,6.63,5.9001,6.55,400629,,
2023-05-17 00:00:00+00:00,5.99,6.19,5.8001,6.12,348620,,
2023-05-18 00:00:00+00:00,5.76,6.13,5.7,6.13,260794,,
2023-05-19 00:00:00+00:00,5.71,5.82,5.68,5.82,261999,,
2023-05-22 00:00:00+00:00,5.77,5.77,5.56,5.74,372692,,
2023-05-23 00:00:00+00:00,5.57,5.89,5.55,5.88,220111,,
2023-05-24 00:00:00+00:00,5.49,5.67,5.43,5.53,271460,,
2023-05-25 00:00:00+00:00,5.17,5.52,5.11,5.52,394743,,
2023-05-26 00:00:00+00:00,5.22,5.25,5.12,5.15,260601,,
2023-05-30 00:00:00+00:00,4.89,5.17,4.85,5.12,682410,,
2023-05-31 00:00:00+00:00,4.9,4.95,4.64,4.9,451820,,
2023-06-01 00:00:00+00:00,5.52,5.65,5.1748,5.24,482696,,
2023-06-02 00:00:00+00:00,5.76,5.77,5.52,5.58,178970,,
2023-06-05 00:00:00+00:00,5.56,5.82,5.51,5.63,175089,,
2023-06-06 00:00:00+00:00,5.6,5.6,5.47,5.57,166675,,
2023-06-07 00:00:00+00:00,5.4,5.6699,5.36,5.59,232605,,
2023-06-08 00:00:00+00:00,5.44,5.625,5.41,5.41,167777,,
2023-06-09 00:00:00+00:00,5.5,5.59,5.34,5.41,282774,,
2023-06-12 00:00:00+00:00,5.44,5.54,5.41,5.5,151527,,
2023-06-13 00:00:00+00:00,5.31,5.509,5.31,5.45,181281,,
2023-06-14 00:00:00+00:00,5.47,5.52,5.33,5.33,324856,,
2023-06-15 00:00:00+00:00,5.4,5.52,5.38,5.5,187439,,
2023-06-16 00:00:00+00:00,5.38,5.52,5.37,5.38,212831,,
2023-06-20 00:00:00+00:00,5.48,5.52,5.333,5.36,318579,,
2023-06-21 00:00:00+00:00,5.7,5.72,5.42,5.42,351369,,
2023-06-22 00:00:00+00:00,5.6,5.69,5.58,5.69,217740,,
2023-06-23 00:00:00+00:00,5.4,5.6,5.35,5.55,4930894,,
2023-06-26 00:00:00+00:00,5.35,5.56,5.26,5.35,266686,,
2023-06-27 00:00:00+00:00,5.39,5.4,5.27,5.39,215152,,
2023-06-28 00:00:00+00:00,5.4,5.42,5.33,5.33,261490,,
2023-06-29 00:00:00+00:00,5.45,5.48,5.38,5.38,151266,,
2023-06-30 00:00:00+00:00,5.34,5.49,5.28,5.48,196985,,
2023-07-03 00:00:00+00:00,5.25,5.36,5.15,5.31,77465,,
2023-07-05 00:00:00+00:00,5.05,5.2,4.97,5.2,218062,,
2023-07-06 00:00:00+00:00,4.87,5.12,4.81,5.08,278293,,
2023-07-07 00:00:00+00:00,4.94,5.0,4.87,4.87,424142,,
2023-07-10 00:00:00+00:00,4.99,5.09,4.96,4.99,166594,,
2023-07-11 00:00:00+00:00,4.94,5.07,4.92,5.06,162121,,
2023-07-12 00:00:00+00:00,4.9,5.08,4.77,5.0,296867,,
2023-07-13 00:00:00+00:00,5.05,5.09,4.86,4.86,258285,,
2023-07-14 00:00:00+00:00,5.08,5.09,4.93,5.07,223753,,
2023-07-17 00:00:00+00:00,5.2,5.21,5.03,5.06,224119,,
2023-07-18 00:00:00+00:00,5.2,5.29,5.17,5.19,183862,,
2023-07-19 00:00:00+00:00,5.5,5.61,5.22,5.22,290707,,
2023-07-20 00:00:00+00:00,5.43,5.54,5.34,5.5,160395,,
2023-07-21 00:00:00+00:00,5.31,5.62,5.3,5.52,157658,,
2023-07-24 00:00:00+00:00,5.16,5.375,5.16,5.28,100540,,
2023-07-25 00:00:00+00:00,5.22,5.27,5.1,5.14,103517,,
2023-07-26 00:00:00+00:00,5.2,5.27,5.16,5.19,77850,,
2023-07-27 00:00:00+00:00,5.26,5.41,5.19,5.21,126142,,
2023-07-28 00:00:00+00:00,5.32,5.42,5.27,5.32,94502,,
2023-07-31 00:00:00+00:00,5.31,5.399,5.19,5.31,98541,,
2023-08-01 00:00:00+00:00,5.19,5.3,5.15,5.27,70484,,
2023-08-02 00:00:00+00:00,5.14,5.21,5.09,5.16,58959,,
2023-08-03 00:00:00+00:00,5.12,5.2,5.0601,5.19,80106,,
2023-08-04 00:00:00+00:00,5.16,5.25,5.1,5.17,74047,,
2023-08-07 00:00:00+00:00,5.27,5.335,5.2,5.21,101119,,
2023-08-08 00:00:00+00:00,5.21,5.25,5.07,5.25,93175,,
2023-08-09 00:00:00+00:00,5.17,5.28,5.15,5.15,100457,,
2023-08-10 00:00:00+00:00,5.2,5.3,5.16,5.16,136667,,
2023-08-11 00:00:00+00:00,5.2,5.27,5.15,5.17,146527,,
2023-08-14 00:00:00+00:00,5.38,5.425,5.175,5.22,191653,,
2023-08-15 00:00:00+00:00,5.41,5.59,5.3,5.3,210996,,
2023-08-16 00:00:00+00:00,5.54,5.7,5.42,5.45,164177,,
2023-08-17 00:00:00+00:00,5.39,5.59,5.34,5.59,152349,,
2023-08-18 00:00:00+00:00,5.35,5.38,5.27,5.27,168360,,
2023-08-21 00:00:00+00:00,5.36,5.5653,5.29,5.29,138422,,
2023-08-22 00:00:00+00:00,5.5,5.58,5.36,5.53,165747,,
2023-08-23 00:00:00+00:00,5.46,5.55,5.43,5.55,122689,,
2023-08-24 00:00:00+00:00,5.41,5.58,5.38,5.42,130514,,
2023-08-25 00:00:00+00:00,5.46,5.51,5.38,5.46,86063,,
2023-08-28 00:00:00+00:00,5.73,5.74,5.4,5.4,176189,,
2023-08-29 00:00:00+00:00,5.72,5.78,5.65,5.74,189386,,
2023-08-30 00:00:00+00:00,5.91,5.94,5.67,5.69,150922,,
2023-08-31 00:00:00+00:00,5.91,6.015,5.85,5.94,161616,,
2023-09-01 00:00:00+00:00,5.95,5.97,5.8561,5.95,202017,,
2023-09-05 00:00:00+00:00,5.82,5.95,5.8,5.92,190975,,
2023-09-06 00:00:00+00:00,5.59,5.89,5.5,5.87,402768,,
2023-09-07 00:00:00+00:00,5.52,5.62,5.35,5.58,395393,,
2023-09-08 00:00:00+00:00,5.54,5.6,5.49,5.51,130447,,
2023-09-11 00:00:00+00:00,5.77,5.85,5.5296,5.54,281151,,
2023-09-12 00:00:00+00:00,5.54,5.83,5.44,5.79,188050,,
2023-09-13 00:00:00+00:00,5.63,5.77,5.52,5.56,245270,,
2023-09-14 00:00:00+00:00,5.76,5.77,5.63,5.72,156080,,
2023-09-15 00:00:00+00:00,5.81,5.88,5.61,5.76,562799,,
2023-09-18 00:00:00+00:00,5.8,5.88,5.76,5.88,185031,,
2023-09-19 00:00:00+00:00,5.63,5.83,5.61,5.81,110875,,
2023-09-20 00:00:00+00:00,5.45,5.7,5.44,5.67,160617,,
2023-09-21 00:00:00+00:00,5.28,5.42,5.26,5.38,108881,,
2023-09-22 00:00:00+00:00,5.18,5.34,5.16,5.3,146881,,
2023-09-25 00:00:00+00:00,5.185,5.23,5.09,5.16,118766,,
2023-09-26 00:00:00+00:00,5.15,5.24,5.1,5.24,124589,,
2023-09-27 00:00:00+00:00,5.35,5.49,5.16,5.16,226872,,
2023-09-28 00:00:00+00:00,5.25,5.44,5.22,5.44,90715,,
2023-09-29 00:00:00+00:00,5.09,5.35,5.03,5.3,162382,,
2023-10-02 00:00:00+00:00,4.98,5.14,4.95,5.05,126420,,
2023-10-03 00:00:00+00:00,4.93,5.04,4.89,5.03,114643,,
2023-10-04 00:00:00+00:00,4.8,5.07,4.79,4.95,161670,,
2023-10-05 00:00:00+00:00,4.85,4.96,4.58,4.8,210082,,
2023-10-06 00:00:00+00:00,4.96,4.975,4.75,4.87,167928,,
2023-10-09 00:00:00+00:00,4.99,5.0,4.81,4.89,71755,,
2023-10-10 00:00:00+00:00,4.96,5.14,4.945,5.02,131011,,
2023-10-11 00:00:00+00:00,4.82,4.98,4.72,4.96,125397,,
2023-10-12 00:00:00+00:00,4.7,4.88,4.685,4.88,108755,,
2023-10-13 00:00:00+00:00,4.61,4.79,4.56,4.79,120059,,
2023-10-16 00:00:00+00:00,4.72,4.77,4.47,4.54,134746,,
2023-10-17 00:00:00+00:00,4.73,4.8,4.63,4.63,95189,,
2023-10-18 00:00:00+00:00,4.73,4.75,4.5974,4.7,94982,,
2023-10-19 00:00:00+00:00,4.59,4.77,4.58,4.74,103503,,
2023-10-20 00:00:00+00:00,4.57,4.615,4.52,4.58,172774,,
2023-10-23 00:00:00+00:00,4.49,4.65,4.49,4.53,116981,,
2023-10-24 00:00:00+00:00,4.68,4.7,4.4671,4.56,136099,,
2023-10-25 00:00:00+00:00,4.74,4.78,4.59,4.59,111305,,
2023-10-26 00:00:00+00:00,4.66,4.85,4.57,4.81,116833,,
2023-10-27 00:00:00+00:00,4.57,4.71,4.55,4.7,87832,,
2023-10-30 00:00:00+00:00,4.6,4.69,4.51,4.69,96402,,
2023-10-31 00:00:00+00:00,4.73,4.76,4.57,4.64,107234,,
2023-11-01 00:00:00+00:00,4.47,4.75,4.41,4.75,148751,,
2023-11-02 00:00:00+00:00,4.7,4.71,4.45,4.45,121148,,
2023-11-03 00:00:00+00:00,4.93,5.015,4.68,4.75,209969,,
2023-11-06 00:00:00+00:00,4.86,4.96,4.82,4.93,112628,,
2023-11-07 00:00:00+00:00,4.9,5.02,4.73,4.73,100581,,
2023-11-08 00:00:00+00:00,4.87,4.9,4.81,4.87,73896,,
2023-11-09 00:00:00+00:00,4.85,4.97,4.8301,4.87,88112,,
2023-11-10 00:00:00+00:00,4.76,4.89,4.705,4.89,135455,,
2023-11-13 00:00:00+00:00,4.71,4.81,4.6414,4.69,69449,,
2023-11-14 00:00:00+00:00,5.11,5.13,4.75,4.84,197062,,
2023-11-15 00:00:00+00:00,5.01,5.2,5.01,5.07,105988,,
2023-11-16 00:00:00+00:00,4.95,5.03,4.9,4.96,89185,,
2023-11-17 00:00:00+00:00,5.02,5.04,4.96,4.97,124635,,
2023-11-20 00:00:00+00:00,4.96,5.07,4.95,5.07,56139,,
2023-11-21 00:00:00+00:00,4.81,5.0,4.8,4.96,86889,,
2023-11-22 00:00:00+00:00,4.95,4.95,4.77,4.84,62558,,
2023-11-24 00:00:00+00:00,4.94,5.05,4.9,4.98,61098,,
2023-11-27 00:00:00+00:00,4.83,4.89,4.81,4.89,95078,,
2023-11-28 00:00:00+00:00,4.74,4.88,4.7,4.88,103020,,
2023-11-29 00:00:00+00:00,4.75,4.865,4.69,4.75,224059,,
2023-11-30 00:00:00+00:00,4.7,4.82,4.69,4.82,151611,,
2023-12-01 00:00:00+00:00,4.68,4.74,4.66,4.6601,207639,,
2023-12-04 00:00:00+00:00,4.65,4.72,4.64,4.65,153965,,
2023-12-05 00:00:00+00:00,4.66,4.75,4.61,4.67,153408,,
2023-12-06 00:00:00+00:00,4.63,4.74,4.63,4.73,76185,,
2023-12-07 00:00:00+00:00,4.64,4.7,4.58,4.64,126703,,
2023-12-08 00:00:00+00:00,4.65,4.73,4.6,4.67,140217,,
2023-12-11 00:00:00+00:00,4.59,4.67,4.5,4.67,173711,,
2023-12-12 00:00:00+00:00,4.55,4.6122,4.53,4.61,153137,,
2023-12-13 00:00:00+00:00,4.52,4.56,4.4025,4.55,254788,,
2023-12-14 00:00:00+00:00,4.43,4.61,4.34,4.6,321280,,
2023-12-15 00:00:00+00:00,4.34,4.52,4.31,4.52,564483,,
2023-12-18 00:00:00+00:00,4.62,4.82,4.47,4.47,738657,,
2023-12-19 00:00:00+00:00,4.69,4.89,4.4001,4.48,815322,,
2023-12-20 00:00:00+00:00,4.93,5.11,4.61,4.71,542616,,
2023-12-21 00:00:00+00:00,5.15,5.2,4.97,5.01,321607,,
2023-12-22 00:00:00+00:00,5.13,5.2501,5.09,5.09,348611,,
2023-12-26 00:00:00+00:00,5.25,5.29,4.96,5.06,116946,,
2023-12-27 00:00:00+00:00,5.18,5.27,4.99,5.2,286441,,
2023-12-28 00:00:00+00:00,5.11,5.21,5.07,5.07,216197,,
2023-12-29 00:00:00+00:00,5.09,5.18,4.9814,5.15,458079,,
2024-01-02 00:00:00+00:00,5.19,5.26,5.02,5.05,264937,,
2024-01-03 00:00:00+00:00,5.08,5.19,5.06,5.15,140397,,
2024-01-04 00:00:00+00:00,5.05,5.13,5.02,5.12,200811,,
2024-01-05 00:00:00+00:00,5.06,5.09,5.0,5.02,252305,,
2024-01-08 00:00:00+00:00,5.01,5.09,4.99,5.07,167665,,
2024-01-09 00:00:00+00:00,4.94,5.0,4.89,4.98,116889,,
2024-01-10 00:00:00+00:00,4.81,4.95,4.72,4.95,201576,,
2024-01-11 00:00:00+00:00,4.71,4.81,4.61,4.81,246677,,
2024-01-12 00:00:00+00:00,4.67,4.79,4.66,4.75,158106,,
2024-01-16 00:00:00+00:00,4.6,4.6716,4.53,4.63,153731,,
2024-01-17 00:00:00+00:00,4.56,4.6191,4.515,4.52,121144,,
2024-01-18 00:00:00+00:00,4.59,4.63,4.52,4.63,86704,,
2024-01-19 00:00:00+00:00,4.58,4.64,4.53,4.64,117799,,
2024-01-22 00:00:00+00:00,4.65,4.72,4.61,4.62,173663,,
2024-01-23 00:00:00+00:00,4.65,4.68,4.615,4.65,105652,,
2024-01-24 00:00:00+00:00,4.58,4.74,4.54,4.7,149140,,
2024-01-25 00:00:00+00:00,4.59,4.66,4.52,4.65,157968,,
2024-01-26 00:00:00+00:00,4.54,4.66,4.525,4.63,72994,,
2024-01-29 00:00:00+00:00,4.64,4.66,4.52,4.52,233738,,
2024-01-30 00:00:00+00:00,4.66,4.67,4.61,4.61,46396,,
2024-01-31 00:00:00+00:00,4.7,4.86,4.645,4.67,162311,,
2024-02-01 00:00:00+00:00,4.97,4.99,4.69,4.73,194984,,
2024-02-02 00:00:00+00:00,4.79,4.962,4.79,4.92,195388,,
2024-02-05 00:00:00+00:00,4.63,4.79,4.6,4.75,122641,,
2024-02-06 00:00:00+00:00,4.66,4.7,4.61,4.7,80552,,
2024-02-07 00:00:00+00:00,4.66,4.72,4.62,4.72,58052,,
2024-02-08 00:00:00+00:00,4.605,4.68,4.585,4.68,72007,,
2024-02-09 00:00:00+00:00,4.67,4.685,4.6,4.6,66781,,
2024-02-12 00:00:00+00:00,4.91,4.935,4.68,4.68,99965,,
2024-02-13 00:00:00+00:00,4.7,4.9,4.69,4.83,137066,,
2024-02-14 00:00:00+00:00,4.9,4.94,4.69,4.71,118709,,
2024-02-15 00:00:00+00:00,4.5,4.98,4.32,4.98,438093,,
2024-02-16 00:00:00+00:00,4.46,4.55,4.34,4.44,228008,,
2024-02-20 00:00:00+00:00,4.48,4.53,4.42,4.51,270003,,
2024-02-21 00:00:00+00:00,4.51,4.57,4.4,4.46,122317,,
2024-02-22 00:00:00+00:00,4.5,4.58,4.46,4.5,141901,,
2024-02-23 00:00:00+00:00,4.44,4.477,4.39,4.45,85168,,
2024-02-26 00:00:00+00:00,4.26,4.42,4.23,4.42,158958,,
2024-02-27 00:00:00+00:00,4.33,4.39,4.2,4.31,50541,,
2024-02-28 00:00:00+00:00,4.25,4.33,4.18,4.3,86335,,
2024-02-29 00:00:00+00:00,4.29,4.33,4.26,4.33,69739,,
2024-03-01 00:00:00+00:00,4.2,4.31,4.17,4.29,54654,,
2024-03-04 00:00:00+00:00,4.06,4.26,4.05,4.26,198472,,
2024-03-05 00:00:00+00:00,4.1,4.1,3.9,4.06,206785,,
2024-03-06 00:00:00+00:00,4.15,4.17,4.09,4.14,71564,,
2024-03-07 00:00:00+00:00,4.13,4.2011,4.1,4.19,55125,,
2024-03-08 00:00:00+00:00,4.27,4.29,4.1201,4.18,74026,,
2024-03-11 00:00:00+00:00,4.16,4.428,4.13,4.26,67073,,
2024-03-12 00:00:00+00:00,4.155,4.17,4.11,4.16,61986,,
2024-03-13 00:00:00+00:00,4.11,4.18,4.0584,4.18,108885,,
2024-03-14 00:00:00+00:00,4.03,4.16,3.97,4.16,108842,,
2024-03-15 00:00:00+00:00,4.13,4.22,3.98,3.99,221785,,
2024-03-18 00:00:00+00:00,4.16,4.21,4.11,4.12,63975,,
2024-03-19 00:00:00+00:00,4.22,4.265,4.13,4.18,75983,,
2024-03-20 00:00:00+00:00,4.28,4.31,4.15,4.2,119582,,
2024-03-21 00:00:00+00:00,4.32,4.35,4.23,4.23,130985,,
2024-03-22 00:00:00+00:00,4.32,4.34,4.3,4.34,74656,,
2024-03-25 00:00:00+00:00,4.32,4.35,4.24,4.34,84324,,
2024-03-26 00:00:00+00:00,4.32,4.35,4.21,4.21,102274,,
2024-03-27 00:00:00+00:00,4.34,4.35,4.3,4.32,191293,,
2024-03-28 00:00:00+00:00,4.37,4.43,4.32,4.32,79362,,
2024-04-01 00:00:00+00:00,4.38,4.41,4.3,4.41,357700,,
2024-04-02 00:00:00+00:00,4.21,4.35,4.21,4.34,103101,,
2024-04-03 00:00:00+00:00,4.21,4.23,4.11,4.22,148781,,
2024-04-04 00:00:00+00:00,4.11,4.23,4.09,4.17,120290,,
2024-04-05 00:00:00+00:00,4.05,4.13,4.04,4.13,98122,,
2024-04-08 00:00:00+00:00,4.05,4.1,4.04,4.1,108378,,
2024-04-09 00:00:00+00:00,4.02,4.09,4.01,4.09,44131,,
2024-04-10 00:00:00+00:00,3.97,3.98,3.89,3.95,145182,,
2024-04-11 00:00:00+00:00,3.95,4.02,3.93,3.97,67756,,
2024-04-12 00:00:00+00:00,3.84,3.97,3.81,3.94,87775,,
2024-04-15 00:00:00+00:00,3.78,3.88,3.78,3.78,76132,,
2024-04-16 00:00:00+00:00,3.71,3.79,3.69,3.79,90831,,
2024-04-17 00:00:00+00:00,3.61,3.73,3.59,3.71,246237,,
2024-04-18 00:00:00+00:00,3.48,3.62,3.47,3.62,308982,,
2024-04-19 00:00:00+00:00,3.46,3.505,3.42,3.47,241093,,
2024-04-22 00:00:00+00:00,3.75,3.75,3.45,3.56,403551,,
2024-04-23 00:00:00+00:00,3.85,3.895,3.69,3.8,215186,,
2024-04-24 00:00:00+00:00,3.84,3.89,3.785,3.82,129821,,
2024-04-25 00:00:00+00:00,3.66,3.78,3.66,3.78,106068,,
2024-04-26 00:00:00+00:00,3.66,3.7189,3.63,3.67,97997,,
2024-04-29 00:00:00+00:00,3.62,3.695,3.5701,3.68,60702,,
2024-04-30 00:00:00+00:00,3.6,3.65,3.54,3.62,219757,,
2024-05-01 00:00:00+00:00,3.65,3.72,3.61,3.62,73367,,
2024-05-02 00:00:00+00:00,4.01,4.03,3.81,3.85,258145,,
2024-05-03 00:00:00+00:00,3.95,4.09,3.83,4.09,241071,,
2024-05-06 00:00:00+00:00,3.92,4.17,3.91,3.97,389909,,
2024-05-07 00:00:00+00:00,4.01,4.09,3.9,3.92,149355,,
2024-05-08 00:00:00+00:00,4.07,4.09,4.0,4.0,101425,,
2024-05-09 00:00:00+00:00,4.03,4.09,4.0,4.08,117178,,
2024-05-10 00:00:00+00:00,4.03,4.08,4.0023,4.02,109406,,
2024-05-13 00:00:00+00:00,4.04,4.08,3.965,4.0,92344,,
2024-05-14 00:00:00+00:00,4.04,4.13,3.985,4.08,140724,,
2024-05-15 00:00:00+00:00,3.97,4.17,3.93,4.1,287236,,
2024-05-16 00:00:00+00:00,3.4,3.805,3.3417,3.77,902006,,
2024-05-17 00:00:00+00:00,3.15,3.38,3.1,3.38,933663,,
2024-05-20 00:00:00+00:00,3.23,3.24,2.96,3.15,613681,,
2024-05-21 00:00:00+00:00,3.18,3.205,3.08,3.16,336399,,
2024-05-22 00:00:00+00:00,3.21,3.23,3.08,3.13,614695,,
2024-05-23 00:00:00+00:00,3.13,3.22,3.075,3.22,293055,,
2024-05-24 00:00:00+00:00,3.19,3.19,3.09,3.15,445056,,
2024-05-28 00:00:00+00:00,3.35,3.38,3.13,3.13,223022,,
2024-05-29 00:00:00+00:00,3.31,3.35,3.24,3.28,262490,,
2024-05-30 00:00:00+00:00,3.43,3.44,3.32,3.32,137513,,
2024-05-31 00:00:00+00:00,3.36,3.48,3.31,3.45,106248,,
2024-06-03 00:00:00+00:00,3.365,3.4,3.34,3.35,150834,,
2024-06-04 00:00:00+00:00,3.37,3.4,3.35,3.36,95669,,
2024-06-05 00:00:00+00:00,3.31,3.39,3.3,3.38,91629,,
2024-06-06 00:00:00+00:00,3.23,3.3,3.19,3.3,117330,,
2024-06-07 00:00:00+00:00,3.2,3.27,3.18,3.21,207714,,
2024-06-10 00:00:00+00:00,3.21,3.25,3.16,3.2,148629,,
2024-06-11 00:00:00+00:00,3.26,3.265,3.1801,3.19,101023,,
2024-06-12 00:00:00+00:00,3.33,3.41,3.275,3.3,148123,,
2024-06-13 00:00:00+00:00,3.31,3.4,3.27,3.36,195419,,
2024-06-14 00:00:00+00:00,3.26,3.35,3.2099,3.3,117061,,
2024-06-17 00:00:00+00:00,3.27,3.3,3.17,3.25,113520,,
2024-06-18 00:00:00+00:00,3.28,3.33,3.235,3.29,129969,,
2024-06-20 00:00:00+00:00,3.29,3.31,3.24,3.3,102830,,
2024-06-21 00:00:00+00:00,3.26,3.315,3.24,3.29,133669,,
2024-06-24 00:00:00+00:00,3.11,3.29,3.085,3.25,478480,,
2024-06-25 00:00:00+00:00,3.05,3.12,3.0,3.07,260404,,
2024-06-26 00:00:00+00:00,3.12,3.14,3.03,3.03,116335,,
2024-06-27 00:00:00+00:00,3.11,3.145,3.085,3.13,147467,,
2024-06-28 00:00:00+00:00,3.22,3.24,3.1,3.14,1609897,,
2024-07-01 00:00:00+00:00,3.18,3.23,3.14,3.23,115975,,
2024-07-02 00:00:00+00:00,3.12,3.188,3.12,3.16,66221,,
2024-07-03 00:00:00+00:00,3.05,3.145,3.05,3.13,61132,,
2024-07-05 00:00:00+00:00,3.0,3.05,2.96,3.05,248438,,
2024-07-08 00:00:00+00:00,3.0,3.04,2.94,3.0,209489,,
2024-07-09 00:00:00+00:00,2.95,3.0,2.845,3.0,200454,,
2024-07-10 00:00:00+00:00,3.03,3.03,2.92,2.96,111601,,
2024-07-11 00:00:00+00:00,3.01,3.1,2.975,3.04,276904,,
2024-07-12 00:00:00+00:00,2.97,3.01,2.89,3.0,214061,,
2024-07-15 00:00:00+00:00,3.09,3.09,3.01,3.02,380025,,
2024-07-16 00:00:00+00:00,3.44,3.45,3.0,3.12,290476,,
2024-07-17 00:00:00+00:00,3.48,3.5,3.39,3.42,269512,,
2024-07-18 00:00:00+00:00,3.38,3.53,3.36,3.49,126791,,
2024-07-19 00:00:00+00:00,3.44,3.48,3.28,3.28,85238,,
2024-07-22 00:00:00+00:00,3.44,3.47,3.4,3.47,99474,,
2024-07-23 00:00:00+00:00,3.57,3.58,3.4,3.42,178051,,
2024-07-24 00:00:00+00:00,3.69,3.75,3.55,3.57,348628,,
2024-07-25 00:00:00+00:00,3.76,3.8,3.67,3.7,177256,,
2024-07-26 00:00:00+00:00,3.79,3.79,3.6601,3.79,242134,,
2024-07-29 00:00:00+00:00,3.91,3.92,3.78,3.83,228923,,
2024-07-30 00:00:00+00:00,3.93,3.93,3.76,3.93,201678,,
2024-07-31 00:00:00+00:00,3.86,4.07,3.85,3.97,203178,,
2024-08-01 00:00:00+00:00,3.82,3.95,3.72,3.87,143465,,
2024-08-02 00:00:00+00:00,3.74,3.75,3.62,3.69,183331,,
2024-08-05 00:00:00+00:00,3.53,3.7,3.36,3.59,177293,,
2024-08-06 00:00:00+00:00,3.41,3.52,3.39,3.51,128378,,
2024-08-07 00:00:00+00:00,3.29,3.44,3.265,3.44,136920,,
2024-08-08 00:00:00+00:00,3.31,3.35,3.26,3.33,93269,,
2024-08-09 00:00:00+00:00,3.26,3.3,3.2,3.295,72302,,
2024-08-12 00:00:00+00:00,3.12,3.3,3.02,3.22,229897,,
2024-08-13 00:00:00+00:00,3.28,3.37,3.14,3.16,205530,,
2024-08-14 00:00:00+00:00,3.34,3.35,3.24,3.35,250468,,
2024-08-15 00:00:00+00:00,2.74,3.15,2.72,3.07,1223603,,
2024-08-16 00:00:00+00:00,2.95,3.0,2.76,2.8,496928,,
2024-08-19 00:00:00+00:00,2.77,3.09,2.72,2.98,656775,,
2024-08-20 00:00:00+00:00,2.71,2.8,2.61,2.8,1009247,,
2024-08-21 00:00:00+00:00,2.71,2.78,2.69,2.74,236104,,
2024-08-22 00:00:00+00:00,2.75,2.785,2.62,2.67,427242,,
2024-08-23 00:00:00+00:00,2.86,2.9,2.74,2.77,257116,,
2024-08-26 00:00:00+00:00,2.97,3.02,2.9,2.9,266205,,
2024-08-27 00:00:00+00:00,2.87,3.02,2.81,2.94,294110,,
2024-08-28 00:00:00+00:00,2.79,2.89,2.75,2.89,132260,,
2024-08-29 00:00:00+00:00,2.79,2.88,2.7801,2.82,117504,,
2024-08-30 00:00:00+00:00,2.86,2.88,2.77,2.81,160687,,
2024-09-03 00:00:00+00:00,2.75,2.9,2.75,2.88,159935,,
2024-09-04 00:00:00+00:00,2.75,2.79,2.71,2.73,92725,,
2024-09-05 00:00:00+00:00,2.72,2.76,2.5952,2.76,226712,,
2024-09-06 00:00:00+00:00,2.7,2.73,2.675,2.73,134418,,
2024-09-09 00:00:00+00:00,2.71,2.74,2.695,2.74,164530,,
2024-09-10 00:00:00+00:00,2.735,2.75,2.68,2.71,150748,,
2024-09-11 00:00:00+00:00,2.75,2.755,2.6831,2.72,105159,,
2024-09-12 00:00:00+00:00,2.79,2.8,2.71,2.75,145827,,
2024-09-13 00:00:00+00:00,2.82,2.9,2.8,2.82,111256,,
2024-09-16 00:00:00+00:00,2.83,2.87,2.8,2.85,75616,,
2024-09-17 00:00:00+00:00,2.89,2.96,2.81,2.81,251807,,
2024-09-18 00:00:00+00:00,2.88,2.94,2.85,2.89,90141,,
2024-09-19 00:00:00+00:00,2.83,2.95,2.81,2.95,93957,,
2024-09-20 00:00:00+00:00,2.73,2.835,2.71,2.82,433548,,
2024-09-23 00:00:00+00:00,2.65,2.79,2.65,2.77,347653,,
2024-09-24 00:00:00+00:00,2.69,2.725,2.62,2.66,229943,,
2024-09-25 00:00:00+00:00,2.78,2.8,2.67,2.68,188793,,
2024-09-26 00:00:00+00:00,2.82,2.87,2.77,2.83,214303,,
2024-09-27 00:00:00+00:00,2.8,2.89,2.79,2.83,110083,,
2024-09-30 00:00:00+00:00,2.92,2.935,2.77,2.77,181903,,
2024-10-01 00:00:00+00:00,2.76,2.94,2.74,2.87,127170,,
2024-10-02 00:00:00+00:00,2.81,2.84,2.74,2.78,107664,,
2024-10-03 00:00:00+00:00,2.76,2.88,2.745,2.77,93572,,
2024-10-04 00:00:00+00:00,2.8,2.85,2.78,2.81,87954,,
2024-10-07 00:00:00+00:00,2.78,2.81,2.725,2.8,103212,,
2024-10-08 00:00:00+00:00,2.72,2.82,2.7,2.82,95384,,
2024-10-09 00:00:00+00:00,2.68,2.74,2.66,2.69,104946,,
2024-10-10 00:00:00+00:00,2.71,2.7284,2.66,2.68,108149,,
2024-10-11 00:00:00+00:00,2.77,2.78,2.67,2.72,89868,,
2024-10-14 00:00:00+00:00,2.92,2.98,2.8,2.8,128130,,
2024-10-15 00:00:00+00:00,2.94,2.96,2.85,2.92,127747,,
2024-10-16 00:00:00+00:00,3.04,3.09,2.96,2.96,165050,,
2024-10-17 00:00:00+00:00,3.02,3.06,2.985,3.05,101626,,
2024-10-18 00:00:00+00:00,2.92,3.05,2.92,3.02,112639,,
2024-10-21 00:00:00+00:00,2.85,2.9283,2.795,2.9283,92538,,
2024-10-22 00:00:00+00:00,2.81,2.875,2.805,2.86,109975,,
2024-10-23 00:00:00+00:00,2.68,2.8149,2.665,2.81,191995,,
2024-10-24 00:00:00+00:00,2.66,2.848,2.66,2.74,48822,,
2024-10-25 00:00:00+00:00,2.71,2.8,2.64,2.64,218430,,
2024-10-28 00:00:00+00:00,2.78,2.81,2.7101,2.75,177419,,
2024-10-29 00:00:00+00:00,2.71,2.8,2.71,2.78,82364,,
2024-10-30 00:00:00+00:00,2.68,2.7499,2.67,2.7,83708,,
2024-10-31 00:00:00+00:00,2.62,2.705,2.62,2.7,68199,,
2024-11-01 00:00:00+00:00,2.63,2.68,2.5653,2.65,68268,,
2024-11-04 00:00:00+00:00,2.62,2.65,2.6,2.63,121148,,
2024-11-05 00:00:00+00:00,2.62,2.65,2.61,2.65,72296,,
2024-11-06 00:00:00+00:00,2.74,2.78,2.61,2.69,223328,,
2024-11-07 00:00:00+00:00,2.72,2.8,2.68,2.8,96069,,
2024-11-08 00:00:00+00:00,2.7,2.705,2.64,2.7,108209,,
2024-11-11 00:00:00+00:00,2.72,2.7699,2.7,2.72,111164,,
2024-11-12 00:00:00+00:00,2.7,2.79,2.7,2.73,232564,,
2024-11-13 00:00:00+00:00,2.76,2.81,2.7,2.74,246195,,
2024-11-14 00:00:00+00:00,2.75,2.76,2.695,2.76,142691,,
2024-11-15 00:00:00+00:00,2.56,2.77,2.535,2.77,274188,,
2024-11-18 00:00:00+00:00,2.45,2.61,2.445,2.57,250691,,
2024-11-19 00:00:00+00:00,2.45,2.475,2.43,2.45,94811,,
2024-11-20 00:00:00+00:00,2.42,2.44,2.345,2.43,174381,,
2024-11-21 00:00:00+00:00,2.36,2.435,2.34,2.42,99902,,
2024-11-22 00:00:00+00:00,2.41,2.41,2.35,2.38,152168,,
2024-11-25 00:00:00+00:00,2.4,2.4899,2.4,2.41,115312,,
2024-11-26 00:00:00+00:00,2.47,2.5,2.4,2.4,109471,,
2024-11-27 00:00:00+00:00,2.45,2.51,2.42,2.5,79383,,
2024-11-29 00:00:00+00:00,2.68,2.68,2.47,2.47,111366,,
2024-12-02 00:00:00+00:00,2.64,2.7,2.6,2.7,114729,,
2024-12-03 00:00:00+00:00,2.69,2.725,2.61,2.62,125023,,
2024-12-04 00:00:00+00:00,2.78,2.78,2.65,2.66,111193,,
2024-12-05 00:00:00+00:00,2.8,2.84,2.735,2.84,79727,,
2024-12-06 00:00:00+00:00,2.69,2.8,2.67,2.8,78186,,
2024-12-09 00:00:00+00:00,2.74,2.78,2.67,2.69,81815,,
2024-12-10 00:00:00+00:00,2.82,2.86,2.69,2.77,126436,,
2024-12-11 00:00:00+00:00,2.82,2.85,2.765,2.85,76492,,
2024-12-12 00:00:00+00:00,2.75,2.82,2.745,2.79,79983,,
2024-12-13 00:00:00+00:00,3.01,3.02,2.68,2.77,236981,,
2024-12-16 00:00:00+00:00,3.07,3.16,2.97,3.12,365380,,
2024-12-17 00:00:00+00:00,2.605,2.82,2.56,2.67,730374,,
2024-12-18 00:00:00+00:00,2.41,2.67,2.39,2.6,400863,,
2024-12-19 00:00:00+00:00,2.41,2.48,2.3038,2.48,394076,,
2024-12-20 00:00:00+00:00,2.49,2.62,2.39,2.41,493842,,
2024-12-23 00:00:00+00:00,2.41,2.54,2.3106,2.48,515911,,
2024-12-24 00:00:00+00:00,2.45,2.46,2.35,2.41,459880,,
2024-12-26 00:00:00+00:00,2.5,2.52,2.35,2.48,353649,,
2024-12-27 00:00:00+00:00,2.6,2.63,2.472,2.49,305434,,
2024-12-30 00:00:00+00:00,2.8,2.81,2.57,2.57,439874,,
2024-12-31 00:00:00+00:00,3.05,3.06,2.8,2.85,543839,,
2025-01-02 00:00:00+00:00,2.9,3.05,2.86,3.05,171223,,
2025-01-03 00:00:00+00:00,3.05,3.06,2.9,2.9,281942,,
2025-01-06 00:00:00+00:00,2.99,3.08,2.92,3.04,260790,,
2025-01-07 00:00:00+00:00,2.95,3.01,2.8924,3.0,118124,,
2025-01-08 00:00:00+00:00,3.09,3.175,2.9,2.92,302324,,
2025-01-10 00:00:00+00:00,3.0,3.07,2.85,3.01,227635,,
2025-01-13 00:00:00+00:00,3.06,3.07,2.9045,2.92,146595,,
2025-01-14 00:00:00+00:00,3.05,3.09,2.9701,3.09,114858,,
2025-01-15 00:00:00+00:00,2.98,3.13,2.94,3.07,119703,,
2025-01-16 00:00:00+00:00,2.93,2.98,2.865,2.96,70078,,
2025-01-17 00:00:00+00:00,3.02,3.03,2.8,2.94,243799,,
2025-01-21 00:00:00+00:00,2.96,3.08,2.95,3.05,128152,,
2025-01-22 00:00:00+00:00,2.94,2.99,2.91,2.96,139868,,
2025-01-23 00:00:00+00:00,2.95,2.96,2.83,2.94,158522,,
2025-01-24 00:00:00+00:00,2.99,3.01,2.88,2.93,146812,,
2025-01-27 00:00:00+00:00,2.98,3.096543,2.95,3.0,84173,,
2025-01-28 00:00:00+00:00,3.18,3.25,2.96,2.99,147676,,
2025-01-29 00:00:00+00:00,3.14,3.23,3.12,3.18,104911,,
2025-01-30 00:00:00+00:00,3.17,3.27,3.13,3.13,59314,,
2025-01-31 00:00:00+00:00,3.23,3.27,3.12,3.18,77257,,
2025-02-03 00:00:00+00:00,3.05,3.2,3.03,3.2,88747,,
2025-02-04 00:00:00+00:00,2.94,3.2,2.94,3.04,108465,,
2025-02-05 00:00:00+00:00,2.96,2.98,2.82,2.95,125352,,
2025-02-06 00:00:00+00:00,2.95,3.01,2.87,2.9,97718,,
2025-02-07 00:00:00+00:00,2.97,3.01,2.925,2.95,157016,,
2025-02-10 00:00:00+00:00,3.02,3.1399,2.95,3.0,276542,,
2025-02-11 00:00:00+00:00,2.95,3.0,2.84,2.95,481328,,
2025-02-12 00:00:00+00:00,2.9,2.92,2.775,2.9,169942,,
2025-02-13 00:00:00+00:00,3.0,3.0,2.86,2.91,83767,,
2025-02-14 00:00:00+00:00,2.97,3.0,2.92,3.0,52739,,
2025-02-18 00:00:00+00:00,2.7,2.96,2.68,2.87,151349,,
2025-02-19 00:00:00+00:00,2.66,2.7978,2.63,2.7,110009,,
2025-02-20 00:00:00+00:00,2.6,2.71,2.585,2.63,78273,,
2025-02-21 00:00:00+00:00,2.54,2.64,2.52,2.64,118891,,
2025-02-24 00:00:00+00:00,2.64,2.73,2.52,2.57,95348,,
2025-02-25 00:00:00+00:00,2.73,2.8,2.61,2.64,161291,,
2025-02-26 00:00:00+00:00,2.74,2.75,2.7,2.7,106496,,
2025-02-27 00:00:00+00:00,2.67,2.76,2.67,2.73,114639,,
2025-02-28 00:00:00+00:00,2.64,2.67,2.53,2.53,112920,,
2025-03-03 00:00:00+00:00,2.4,2.62,2.38,2.5,150007,,
2025-03-04 00:00:00+00:00,2.39,2.5,2.35,2.4,139190,,
2025-03-05 00:00:00+00:00,2.47,2.54,2.39,2.39,135198,,
2025-03-06 00:00:00+00:00,2.57,2.58,2.445,2.46,71572,,
2025-03-07 00:00:00+00:00,2.58,2.63,2.515,2.55,95966,,
2025-03-10 00:00:00+00:00,2.57,2.58,2.47,2.54,181194,,
2025-03-11 00:00:00+00:00,2.5,2.59,2.45,2.59,158877,,
2025-03-12 00:00:00+00:00,2.41,2.54,2.39,2.54,210403,,
2025-03-13 00:00:00+00:00,2.33,2.43,2.31,2.43,113331,,
2025-03-14 00:00:00+00:00,2.36,2.37,2.32,2.32,91480,,
2025-03-17 00:00:00+00:00,2.37,2.3959,2.33,2.37,103724,,
2025-03-18 00:00:00+00:00,2.33,2.42,2.32,2.38,92287,,
2025-03-19 00:00:00+00:00,2.36,2.375,2.31,2.3423,81428,,
2025-03-20 00:00:00+00:00,2.305,2.4,2.3,2.4,114342,,
2025-03-21 00:00:00+00:00,2.37,2.37,2.23,2.29,488715,,
2025-03-24 00:00:00+00:00,2.34,2.4,2.315,2.36,70838,,
2025-03-25 00:00:00+00:00,2.28,2.34,2.25,2.34,115657,,
2025-03-26 00:00:00+00:00,2.28,2.3473,2.25,2.3,73850,,
2025-03-27 00:00:00+00:00,2.38,2.41,2.28,2.28,81007,,
2025-03-28 00:00:00+00:00,2.32,2.42,2.29,2.42,97664,,
2025-03-31 00:00:00+00:00,2.33,2.39,2.274,2.31,109956,,
2025-04-01 00:00:00+00:00,2.25,2.34,2.22,2.34,80759,,
2025-04-02 00:00:00+00:00,2.25,2.27,2.225,2.25,99879,,
2025-04-03 00:00:00+00:00,2.2,2.231,2.15,2.2,188186,,
2025-04-04 00:00:00+00:00,2.04,2.205,2.01,2.17,191997,,
2025-04-07 00:00:00+00:00,2.1,2.115,1.86,1.98,220372,,
2025-04-08 00:00:00+00:00,1.97,2.16,1.96,2.12,199305,,
2025-04-09 00:00:00+00:00,2.12,2.21,1.95,1.98,179154,,
2025-04-10 00:00:00+00:00,2.0,2.1,1.97,2.06,138668,,
2025-04-11 00:00:00+00:00,2.05,2.05,1.96,1.98,169314,,
2025-04-14 00:00:00+00:00,2.15,2.16,2.04,2.049,194775,,
2025-04-15 00:00:00+00:00,2.0,2.121,1.96,2.12,139626,,
2025-04-16 00:00:00+00:00,2.0,2.04,1.985,2.03,193443,,
2025-04-17 00:00:00+00:00,1.99,2.0,1.945,2.0,188154,,
2025-04-21 00:00:00+00:00,2.01,2.065,1.96,1.99,76407,,
2025-04-22 00:00:00+00:00,2.09,2.09,1.995,2.0,66066,,
2025-04-23 00:00:00+00:00,2.13,2.175,2.0903,2.11,80628,,
2025-04-24 00:00:00+00:00,2.14,2.1501,2.1,2.12,64164,,
2025-04-25 00:00:00+00:00,2.1,2.145,2.08,2.11,57663,,
2025-04-28 00:00:00+00:00,2.12,2.17,2.09,2.1,48181,,
2025-04-29 00:00:00+00:00,2.17,2.19,2.055,2.11,72120,,
2025-04-30 00:00:00+00:00,2.15,2.185,2.1,2.15,108135,,
2025-05-01 00:00:00+00:00,2.14,2.17,2.09,2.15,78829,,
2025-05-02 00:00:00+00:00,2.17,2.25,2.15,2.17,133530,,
2025-05-05 00:00:00+00:00,2.15,2.22,2.14,2.22,59213,,
2025-05-06 00:00:00+00:00,2.12,2.14,2.07,2.12,72294,,
2025-05-07 00:00:00+00:00,2.14,2.16,2.105,2.12,64670,,
2025-05-08 00:00:00+00:00,2.14,2.175,2.11,2.17,64592,,
2025-05-09 00:00:00+00:00,2.18,2.185,2.14,2.14,66615,,
2025-05-12 00:00:00+00:00,2.13,2.24,2.12,2.24,111991,,
2025-05-13 00:00:00+00:00,1.67,2.1,1.595,2.1,898779,,
2025-05-14 00:00:00+00:00,1.55,1.7,1.52,1.68,290241,,
2025-05-15 00:00:00+00:00,1.51,1.56,1.45,1.55,245486,,
2025-05-16 00:00:00+00:00,1.41,1.48,1.35,1.46,1131931,,
2025-05-19 00:00:00+00:00,1.395,1.42,1.37,1.41,261262,,
2025-05-20 00:00:00+00:00,2.14,2.22,1.89,1.9,29806902,,
2025-05-21 00:00:00+00:00,1.95,2.2,1.88,2.15,10114457,,
2025-05-22 00:00:00+00:00,1.75,1.95,1.73,1.92,1153893,,
2025-05-23 00:00:00+00:00,1.805,1.88,1.76,1.77,762589,,
2025-05-27 00:00:00+00:00,1.77,1.88,1.75,1.85,749642,,
2025-05-28 00:00:00+00:00,1.77,1.8,1.68,1.75,633216,,
2025-05-29 00:00:00+00:00,1.77,1.7998,1.7,1.77,522911,,
2025-05-30 00:00:00+00:00,1.79,1.87,1.7,1.77,606721,,
2025-06-02 00:00:00+00:00,1.73,1.8,1.7,1.8,411012,,
2025-06-03 00:00:00+00:00,1.8,1.8,1.69,1.72,210561,,
2025-06-04 00:00:00+00:00,2.11,2.125,1.9211,2.0,1837430,,
2025-06-05 00:00:00+00:00,1.93,2.075,1.8846,2.07,467410,,
2025-06-06 00:00:00+00:00,2.0,2.03,1.92,1.93,430665,,
2025-06-09 00:00:00+00:00,2.16,2.21,2.0254,2.03,1039709,,
2025-06-10 00:00:00+00:00,2.07,2.15,2.03,2.09,314265,,
2025-06-11 00:00:00+00:00,2.12,2.18,2.0441,2.09,369621,,
2025-06-12 00:00:00+00:00,2.05,2.11,2.03,2.11,167573,,
2025-06-13 00:00:00+00:00,2.0,2.035,1.9801,2.0,227644,,
2025-06-16 00:00:00+00:00,1.99,2.02,1.935,1.99,237718,,
2025-06-17 00:00:00+00:00,1.85,2.0,1.85,1.96,379705,,
2025-06-18 00:00:00+00:00,1.8,1.865,1.76,1.85,570606,,
2025-06-20 00:00:00+00:00,1.91,1.93,1.815,1.86,533014,,
2025-06-23 00:00:00+00:00,1.93,1.97,1.84,1.89,327830,,
2025-06-24 00:00:00+00:00,1.97,1.97,1.905,1.94,234736,,
2025-06-25 00:00:00+00:00,1.93,1.97,1.92,1.97,152714,,
2025-06-26 00:00:00+00:00,1.9,1.95,1.865,1.95,235557,,
2025-06-27 00:00:00+00:00,1.8,1.94,1.8,1.89,5285852,,
2025-06-30 00:00:00+00:00,1.79,1.85,1.77,1.8,447446,,
2025-07-01 00:00:00+00:00,1.75,1.85,1.75,1.79,390867,,
2025-07-02 00:00:00+00:00,1.78,1.81,1.755,1.79,364039,,
2025-07-03 00:00:00+00:00,1.78,1.8,1.755,1.77,110105,,
2025-07-07 00:00:00+00:00,1.73,1.8214,1.72,1.78,436535,,
2025-07-08 00:00:00+00:00,1.8,1.82,1.74,1.74,299815,,
2025-07-09 00:00:00+00:00,1.88,1.89,1.795,1.8,484599,,
2025-07-10 00:00:00+00:00,1.9,1.92,1.83,1.89,162883,,
2025-07-11 00:00:00+00:00,1.87,1.9,1.84,1.9,135942,,
2025-07-14 00:00:00+00:00,1.9,1.925,1.87,1.87,218232,,
2025-07-15 00:00:00+00:00,2.0,2.02,1.9,1.9,353377,,
2025-07-16 00:00:00+00:00,2.06,2.08,2.0,2.0,355311,,
2025-07-17 00:00:00+00:00,2.06,2.1,2.01,2.04,305811,,
2025-07-18 00:00:00+00:00,2.09,2.1296,2.0339,2.09,308920,,
2025-07-21 00:00:00+00:00,2.02,2.12,2.02,2.1,185182,,
2025-07-22 00:00:00+00:00,2.21,2.27,2.01,2.02,538651,,
2025-07-23 00:00:00+00:00,2.24,2.26,2.1888,2.24,142722,,
2025-07-24 00:00:00+00:00,2.19,2.245,2.18,2.23,206632,,
2025-07-25 00:00:00+00:00,2.23,2.235,2.08,2.19,237289,,
2025-07-28 00:00:00+00:00,2.14,2.24,2.14,2.24,63257,,
2025-07-29 00:00:00+00:00,2.19,2.34,2.14,2.17,353112,,
2025-07-30 00:00:00+00:00,2.21,2.285,2.17,2.17,174794,,
2025-07-31 00:00:00+00:00,2.21,2.32,2.135,2.135,273302,,
2025-08-01 00:00:00+00:00,2.31,2.34,2.12,2.2,270035,,
2025-08-04 00:00:00+00:00,2.41,2.465,2.3,2.33,425490,,
2025-08-05 00:00:00+00:00,2.27,2.4,2.26,2.4,174296,,
2025-08-06 00:00:00+00:00,2.25,2.2999,2.175,2.24,175454,,
2025-08-07 00:00:00+00:00,2.14,2.31,2.1,2.27,402119,,
2025-08-08 00:00:00+00:00,2.13,2.2799,2.095,2.15,244549,,
2025-08-11 00:00:00+00:00,2.12,2.25,2.1,2.14,322239,,
2025-08-12 00:00:00+00:00,1.98,2.24,1.9,2.17,811958,,2.0400000000000005
2025-08-13 00:00:00+00:00,2.03,2.065,1.933,1.94,481957,,2.0285772908833533
2025-08-14 00:00:00+00:00,1.99,2.0928,1.96,2.01,253430,,2.026233442875808
2025-08-15 00:00:00+00:00,2.04,2.05,1.97,2.0,184115,,2.025570609004347
2025-08-18 00:00:00+00:00,2.26,2.26,2.05,2.05,467097,,2.060504647669661
2025-08-19 00:00:00+00:00,2.17,2.2601,2.15,2.23,207561,,2.0719658368237415
2025-08-20 00:00:00+00:00,2.25,2.275,2.0813,2.17,445008,,2.0922773711742892
2025-08-21 00:00:00+00:00,2.12,2.265,2.12,2.24,177601,,2.0967372036172294
2025-08-22 00:00:00+00:00,2.15,2.205,2.1428,2.15,125873,,2.0994982270229716
2025-08-25 00:00:00+00:00,2.61,2.75,2.47,2.59,9142733,2.61,2.4790424262697175
2025-08-26 00:00:00+00:00,2.62,2.67,2.53,2.59,1001460,2.6096709250307044,2.4886531158855294
2025-08-27 00:00:00+00:00,2.65,2.685,2.571,2.6,831349,2.611614739512029,2.49728306823102
2025-08-28 00:00:00+00:00,2.63,2.65,2.59,2.65,273607,2.6118997645658943,2.499677461168848
2025-08-29 00:00:00+00:00,2.63,2.69,2.6044,2.62,149051,2.6122864024846026,2.501129678121507
2025-09-02 00:00:00+00:00,2.59,2.63,2.505,2.63,515828,2.6106720558991467,2.5036584007360636
2025-09-03 00:00:00+00:00,2.62,2.65,2.53,2.53,450546,2.610283182647457,2.506455348703911
2025-09-04 00:00:00+00:00,2.6,2.64,2.4413,2.63,552136,2.608152307494194,2.5083097830046213
2025-09-05 00:00:00+00:00,2.59,2.625,2.555,2.61,169023,2.607917841647337,2.5091599826616857
2025-09-08 00:00:00+00:00,2.58,2.62,2.54,2.62,216334,2.607463808574512,2.5100912225239775
2025-09-09 00:00:00+00:00,2.59,2.6,2.53,2.57,273122,2.6067771305725467,2.5111236809601523
2025-09-10 00:00:00+00:00,2.63,2.645,2.58,2.58,269297,2.6070019168690455,2.512822080377341
2025-09-11 00:00:00+00:00,2.68,2.68,2.63,2.67,244200,2.6079783125315354,2.5149536258363594
2025-09-12 00:00:00+00:00,2.69,2.69,2.632,2.67,92209,2.608385933520651,2.5157818769928406
