date,Close,High,Low,Open,Volume,aVWAP_peak_912,aVWAP_valley_885
2022-01-03 00:00:00+00:00,106.0952367116,108.4109227001,105.2813554436,107.1416554846,75042,,
2022-01-04 00:00:00+00:00,106.1339929624,107.1319664219,105.8408019247,105.8626992064,96696,,
2022-01-05 00:00:00+00:00,104.864725747,106.8606726659,104.729078869,106.6281351608,49509,,
2022-01-06 00:00:00+00:00,107.3548148643,107.6454867457,102.4715272568,104.6031210537,47007,,
2022-01-07 00:00:00+00:00,106.9575632931,107.839268,106.6087570354,106.7637820388,38020,,
2022-01-10 00:00:00+00:00,104.2252476079,106.0274132726,103.7311054095,106.0274132726,30822,,
2022-01-11 00:00:00+00:00,104.9519273114,105.2329101301,102.9172241416,104.6224991791,30223,,
2022-01-12 00:00:00+00:00,103.8570632248,105.8142538929,103.8570632248,105.1747757538,36095,,
2022-01-13 00:00:00+00:00,105.2619773182,106.3423078108,104.6128101164,104.6128101164,27944,,
2022-01-14 00:00:00+00:00,104.9519273114,105.0197507504,103.5470132179,103.9927101028,28441,,
2022-01-18 00:00:00+00:00,103.9636429146,104.6224991791,103.3822991518,104.1961804197,34747,,
2022-01-19 00:00:00+00:00,102.1905444381,104.2833819842,101.7739147414,103.9927101028,33542,,
2022-01-20 00:00:00+00:00,99.9426818886,103.0334928941,99.6616990699,103.0334928941,37450,,
2022-01-21 00:00:00+00:00,99.0803553071,101.8126709922,98.7024818613,100.0008162648,47994,,
2022-01-24 00:00:00+00:00,100.029883453,100.369000648,96.444930249,97.8595334052,51087,,
2022-01-25 00:00:00+00:00,97.4235255831,99.1288006206,96.1348802422,98.9447084291,47817,,
2022-01-26 00:00:00+00:00,96.3286614965,100.5337147141,95.2919317861,98.576524046,43454,,
2022-01-27 00:00:00+00:00,95.5438474167,98.373053729,94.8074786505,96.9487615101,45397,,
2022-01-28 00:00:00+00:00,95.6794942947,95.6891833574,92.9568676722,95.5244692913,82890,,
2022-01-31 00:00:00+00:00,96.2608380575,96.4255521236,94.8268567759,94.9818817793,62436,,
2022-02-01 00:00:00+00:00,95.9023427371,97.0165849491,94.5458739572,96.4739974372,102101,,
2022-02-02 00:00:00+00:00,95.7473177337,96.3964849355,94.9043692776,96.3964849355,46016,,
2022-02-03 00:00:00+00:00,94.1583114487,95.6891833574,93.6641692503,94.7396552115,54470,,
2022-02-04 00:00:00+00:00,95.7860739845,96.1300357108,90.6896269973,90.6896269973,81652,,
2022-02-07 00:00:00+00:00,99.0319099935,99.5744975055,96.159102899,96.5611990016,70026,,
2022-02-08 00:00:00+00:00,102.3261913161,102.6071741347,99.0706662444,99.0706662444,72796,,
2022-02-09 00:00:00+00:00,103.5470132179,104.6700724771,102.3261913161,102.3261913161,74837,,
2022-02-10 00:00:00+00:00,101.4929319227,103.7658141191,100.9392811313,101.832892935,73266,,
2022-02-11 00:00:00+00:00,101.6677690147,103.3675740761,100.8712889288,101.4832187509,63854,,
2022-02-14 00:00:00+00:00,102.8042101129,103.3675740761,100.997560162,101.4152265485,74422,,
2022-02-15 00:00:00+00:00,103.5909770271,104.9216815608,103.4355662786,103.4355662786,37857,,
2022-02-16 00:00:00+00:00,103.9795038982,104.4068834565,102.5710939902,102.9401945178,43518,,
2022-02-17 00:00:00+00:00,102.8236364565,103.8629458369,102.4836754442,103.6686824013,53204,,
2022-02-18 00:00:00+00:00,102.6099466773,104.2029068492,102.2408461497,102.2408461497,191125,,
2022-02-22 00:00:00+00:00,102.9887603767,104.0086434136,101.522071438,102.3379778675,62979,,
2022-02-23 00:00:00+00:00,101.5512109534,104.1737673338,101.2889553153,104.076635616,54943,,
2022-02-24 00:00:00+00:00,101.832892935,102.1145749166,99.6571424564,100.0359561558,60046,,
2022-02-25 00:00:00+00:00,103.328721389,103.8435194933,102.007730027,102.007730027,25859,,
2022-02-28 00:00:00+00:00,102.8916286589,104.0280697571,101.9397378246,102.8624891436,63565,,
2022-03-01 00:00:00+00:00,100.1039483583,102.6002335056,99.3851736466,102.6002335056,55696,,
2022-03-02 00:00:00+00:00,103.8046668062,104.5234415179,100.7353045239,100.7353045239,31507,,
2022-03-03 00:00:00+00:00,103.8629458369,104.6205732357,103.0373262356,104.562294205,29348,,
2022-03-04 00:00:00+00:00,104.1931936774,104.1931936774,101.9883036835,102.6390861927,32076,,
2022-03-07 00:00:00+00:00,102.1145749166,104.8342630148,101.6969085301,104.8342630148,29687,,
2022-03-08 00:00:00+00:00,101.5803504687,104.0960619596,101.5803504687,101.9300246528,27427,,
2022-03-09 00:00:00+00:00,102.8624891436,104.387457113,102.3379778675,102.3379778675,22429,,
2022-03-10 00:00:00+00:00,102.5128149595,102.6293730209,101.317997699,101.4929319227,21640,,
2022-03-11 00:00:00+00:00,101.5609241252,103.3967135915,101.5609241252,102.493388616,21291,,
2022-03-14 00:00:00+00:00,102.095148573,102.2796988368,101.2695289718,102.1242880884,28546,,
2022-03-15 00:00:00+00:00,101.9008851374,102.7653574258,100.8712889288,102.2894120086,27320,,
2022-03-16 00:00:00+00:00,103.2315896712,103.5618375117,101.7746139043,102.7070783951,33478,,
2022-03-17 00:00:00+00:00,103.5132716528,103.6395428859,102.1437144319,102.2602724933,20597,,
2022-03-18 00:00:00+00:00,104.3000385669,104.3291780823,102.4642491006,103.901798524,70811,,
2022-03-21 00:00:00+00:00,103.9212248675,105.6519178152,103.4258531068,103.6881087448,29749,,
2022-03-22 00:00:00+00:00,102.6876520516,105.0382396222,102.5419544749,104.251472708,34558,,
2022-03-23 00:00:00+00:00,100.6381728061,102.9304813461,100.3759171681,102.9304813461,26036,,
2022-03-24 00:00:00+00:00,100.2107932478,101.1821104258,100.0456693276,101.1821104258,30013,,
2022-03-25 00:00:00+00:00,100.9587074748,101.5997768123,99.9873902969,99.9873902969,46183,,
2022-03-28 00:00:00+00:00,98.9869336036,100.9101416159,98.2293062048,100.9101416159,36617,,
2022-03-29 00:00:00+00:00,100.8810021006,101.3860870331,100.0068166405,100.0068166405,47565,,
2022-03-30 00:00:00+00:00,99.3463209595,101.2015367693,98.8898018858,100.5507542601,23527,,
2022-03-31 00:00:00+00:00,97.0540124195,99.3268946159,96.9180280146,99.0840653214,31431,,
2022-04-01 00:00:00+00:00,99.8319795484,100.0022514497,96.4809352845,97.7436476159,66909,,
2022-04-04 00:00:00+00:00,99.0452126343,99.2103365546,97.8164964042,99.2103365546,31810,,
2022-04-05 00:00:00+00:00,97.1608573091,100.201080076,97.0151597324,99.6668556282,48307,,
2022-04-06 00:00:00+00:00,97.6173763827,97.6659422416,95.227936125,96.063268898,59061,,
2022-04-07 00:00:00+00:00,97.4911051496,97.9281978797,96.4712221128,97.034586076,49546,,
2022-04-08 00:00:00+00:00,95.7524474011,98.5401277018,95.4999049348,97.6368027263,34098,,
2022-04-11 00:00:00+00:00,94.3440374931,96.7917567815,94.2371926035,96.2283928183,40569,,
2022-04-12 00:00:00+00:00,94.8879751127,96.5197879717,94.6742853336,94.9851068305,48934,,
2022-04-13 00:00:00+00:00,96.2963850207,96.7140514073,95.0822385483,95.2085097814,37560,,
2022-04-14 00:00:00+00:00,95.1210912354,96.1959508245,94.9851068305,95.9952766956,23073,,
2022-04-18 00:00:00+00:00,94.965680487,96.0826952416,94.785986809,94.8394092538,36406,,
2022-04-19 00:00:00+00:00,96.4323694256,96.6654855484,95.4804785913,95.4804785913,30616,,
2022-04-20 00:00:00+00:00,98.5692672171,99.3851736466,97.0248729042,97.0248729042,46031,,
2022-04-21 00:00:00+00:00,98.2390193766,99.7542741742,97.2774153705,99.6280029411,43771,,
2022-04-22 00:00:00+00:00,95.8981449778,97.7099429098,95.8981449778,97.7099429098,39542,,
2022-04-25 00:00:00+00:00,95.975850352,96.2186796465,93.4164295882,95.0822385483,50390,,
2022-04-26 00:00:00+00:00,91.0512722599,94.9268277998,91.0318459163,94.9268277998,55619,,
2022-04-27 00:00:00+00:00,92.673371947,92.9162012415,90.8181561372,91.8088996587,122417,,
2022-04-28 00:00:00+00:00,94.0040764808,94.480021898,91.9545972354,94.0623555115,58487,,
2022-04-29 00:00:00+00:00,91.3426674133,93.8098130452,91.1095512906,93.3824334869,38602,,
2022-05-02 00:00:00+00:00,91.9643104071,93.0570422323,90.1188077691,91.9934499225,38255,,
2022-05-03 00:00:00+00:00,92.1682870145,92.8870617262,90.9444273703,91.6534889102,30223,,
2022-05-04 00:00:00+00:00,95.1502307508,95.2473624686,91.8186128304,91.8186128304,32485,,
2022-05-05 00:00:00+00:00,91.6923415973,94.5285877569,90.9929932292,94.5285877569,29181,,
2022-05-06 00:00:00+00:00,92.4208294808,94.4411692109,91.2892449685,94.4411692109,69402,,
2022-05-09 00:00:00+00:00,93.9166579348,94.7811302232,92.7122246341,93.5864100943,61918,,
2022-05-10 00:00:00+00:00,90.1867999715,94.5797416269,89.923807899,94.5797416269,38333,,
2022-05-11 00:00:00+00:00,87.965978026,91.0098677539,87.8198713191,89.4562664368,51959,,
2022-05-12 00:00:00+00:00,89.4075642012,90.0991359473,88.1120847329,88.4724812767,36136,,
2022-05-13 00:00:00+00:00,88.4822217239,90.0796550531,87.8393522133,89.3491215184,37909,,
2022-05-16 00:00:00+00:00,89.397823754,90.2452426543,88.1510465215,88.5601453009,72452,,
2022-05-17 00:00:00+00:00,91.9887826905,92.3686601285,90.5764178567,91.1218828959,75062,,
2022-05-18 00:00:00+00:00,90.751745905,93.1430256753,90.4984942797,91.1024020017,76923,,
2022-05-19 00:00:00+00:00,89.6608158265,91.1121424488,89.5049686724,89.9140674519,65608,,
2022-05-20 00:00:00+00:00,89.1640530229,90.9270739533,88.1607869686,90.9270739533,53985,,
2022-05-23 00:00:00+00:00,89.7289989564,90.5764178567,89.095869893,90.5764178567,49537,,
2022-05-24 00:00:00+00:00,90.3426471256,90.4205707026,88.414038594,89.543930461,46325,,
2022-05-25 00:00:00+00:00,90.0017314761,91.4140963098,90.0017314761,90.22576176,58308,,
2022-05-26 00:00:00+00:00,91.3069513914,92.4758050469,90.0309528174,91.1413637902,37735,,
2022-05-27 00:00:00+00:00,92.4758050469,92.6803544366,91.1705851316,91.1705851316,44872,,
2022-05-31 00:00:00+00:00,90.6835627751,92.8313313672,89.8653652162,91.5115007811,58914,,
2022-06-01 00:00:00+00:00,90.9173335062,91.4433176512,89.1640530229,90.7907076935,50647,,
2022-06-02 00:00:00+00:00,92.8849038264,92.9043847206,91.1803255787,91.4140963098,37685,,
2022-06-03 00:00:00+00:00,91.7452715122,92.2322938687,90.9855166361,92.2322938687,26120,,
2022-06-06 00:00:00+00:00,93.4303688656,93.4303688656,92.1884618566,92.709575778,43316,,
2022-06-07 00:00:00+00:00,92.7777589079,93.3232239472,91.4920198869,92.407621917,40837,,
2022-06-08 00:00:00+00:00,92.7777589079,93.1381554517,91.4481878748,92.2030725273,42849,,
2022-06-09 00:00:00+00:00,92.1446298445,93.0699723218,91.7550119594,92.2128129744,26603,,
2022-06-10 00:00:00+00:00,89.8264034277,91.3069513914,89.8069225335,91.0439593189,38389,,
2022-06-13 00:00:00+00:00,87.2354444913,87.9951993674,86.7679030291,87.9951993674,34316,,
2022-06-14 00:00:00+00:00,86.612055875,87.4107725396,86.1737357542,87.4107725396,33779,,
2022-06-15 00:00:00+00:00,87.8101308719,88.6283284308,86.7386816877,87.7127264006,35208,,
2022-06-16 00:00:00+00:00,82.5600298692,85.9886672587,81.7807940988,85.9886672587,47597,,
2022-06-17 00:00:00+00:00,82.024305277,83.7678453132,81.8294963344,83.4561510051,125714,,
2022-06-21 00:00:00+00:00,82.9009455187,84.1038907392,82.6184725519,83.1347162498,50750,,
2022-06-22 00:00:00+00:00,81.196367271,82.6866556818,80.2418034523,81.7905345459,40142,,
2022-06-23 00:00:00+00:00,81.9074199115,82.2678164553,81.2158481653,81.5372829206,31165,,
2022-06-24 00:00:00+00:00,83.0567926728,83.7775857603,81.9074199115,81.9074199115,117811,,
2022-06-27 00:00:00+00:00,84.0113564914,84.4740277301,83.5730363706,83.7288835247,33935,,
2022-06-28 00:00:00+00:00,83.7775857603,85.6234004914,83.4464105579,84.0113564914,33336,,
2022-06-29 00:00:00+00:00,81.2061077182,84.0892800685,81.0210392227,84.0892800685,41137,,
2022-06-30 00:00:00+00:00,82.5795107634,82.6476938933,80.1541394282,80.1541394282,51631,,
2022-07-01 00:00:00+00:00,82.9106859658,83.7775857603,81.118443694,81.8392367816,42232,,
2022-07-05 00:00:00+00:00,81.9171603586,82.3262591381,80.4337876653,81.722351416,57246,,
2022-07-06 00:00:00+00:00,80.3586888179,81.8197558873,79.9593304856,81.8197558873,26373,,
2022-07-07 00:00:00+00:00,81.342473978,81.9561221471,80.8554516215,81.2645504009,32078,,
2022-07-08 00:00:00+00:00,79.84244512,81.2742908481,79.7742619901,80.9041538572,25143,,
2022-07-11 00:00:00+00:00,79.8716664614,80.256414123,79.5891934947,79.5891934947,47674,,
2022-07-12 00:00:00+00:00,79.384644105,81.118443694,79.2044458331,80.0177731684,57677,,
2022-07-13 00:00:00+00:00,78.7320341473,79.4187356699,77.7872107757,78.4982634162,28445,,
2022-07-14 00:00:00+00:00,78.0209815068,78.1476073195,76.9690132169,77.4462951262,24806,,
2022-07-15 00:00:00+00:00,79.7255597545,80.212582111,79.0437284554,79.6086743889,49295,,
2022-07-18 00:00:00+00:00,80.4950550777,80.6509022318,79.5307508119,80.6509022318,110892,,
2022-07-19 00:00:00+00:00,84.3327912467,84.732149579,81.6249469447,81.6249469447,75238,,
2022-07-20 00:00:00+00:00,86.2516593312,86.9529715245,84.3814934824,84.508119295,47084,,
2022-07-21 00:00:00+00:00,87.2549253855,87.2549253855,85.3457977482,86.5438727451,37604,,
2022-07-22 00:00:00+00:00,87.4302534339,88.1997487571,86.5243918508,87.1477804671,47486,,
2022-07-25 00:00:00+00:00,87.9757184731,87.9757184731,86.9919333131,87.1088186786,39532,,
2022-07-26 00:00:00+00:00,90.3036853371,90.3523875727,88.267931887,88.267931887,62918,,
2022-07-27 00:00:00+00:00,92.5439881768,93.4985519955,90.1186168416,90.1186168416,58773,,
2022-07-28 00:00:00+00:00,94.1609024003,95.9921064607,93.5862160197,93.5862160197,45625,,
2022-07-29 00:00:00+00:00,94.5602607326,94.9401381707,93.5277733369,93.6738800439,24082,,
2022-08-01 00:00:00+00:00,94.8037719109,95.2810538202,93.537513784,93.985574352,49711,,
2022-08-02 00:00:00+00:00,94.6771460982,95.6024885755,94.0732383762,94.4725967085,34077,,
2022-08-03 00:00:00+00:00,94.4920776027,95.0667639834,93.6579057106,94.5602607326,33922,,
2022-08-04 00:00:00+00:00,95.0765044305,95.41742008,94.0050552463,94.0050552463,27514,,
2022-08-05 00:00:00+00:00,93.3134835001,94.0147956934,90.9465548476,92.183591633,50268,,
2022-08-08 00:00:00+00:00,92.9433465091,94.4637329016,92.3199578929,94.287528213,36777,,
2022-08-09 00:00:00+00:00,91.3848749684,92.3491792342,90.9465548476,92.3491792342,38202,,
2022-08-10 00:00:00+00:00,92.3881410228,92.7397609696,91.8118749988,92.0560555174,43246,,
2022-08-11 00:00:00+00:00,93.0816136956,93.4039319802,92.6030198791,92.8178987355,35229,,
2022-08-12 00:00:00+00:00,96.1387537887,96.5294426185,93.4820697462,93.4820697462,37185,,
2022-08-15 00:00:00+00:00,97.0764069802,97.6331385626,95.2206350387,95.2206350387,32438,,
2022-08-16 00:00:00+00:00,97.2619841743,97.8284829775,96.7931575786,96.8712953445,34026,,
2022-08-17 00:00:00+00:00,96.1778226717,96.7247870333,96.0410815812,96.2657276584,31878,,
2022-08-18 00:00:00+00:00,97.1838464083,97.5843024589,95.8066682834,95.8066682834,46425,,
2022-08-19 00:00:00+00:00,96.1875898924,96.7052525919,95.4452811158,96.7052525919,43985,,
2022-08-22 00:00:00+00:00,93.2867253313,95.093661169,93.1890531238,95.093661169,34797,,
2022-08-23 00:00:00+00:00,93.5016041876,94.595532911,93.0425448127,93.0425448127,53564,,
2022-08-24 00:00:00+00:00,93.79462081,94.0094996664,92.837433177,94.0094996664,44671,,
2022-08-25 00:00:00+00:00,96.050848802,96.3438654243,93.5895091743,93.5895091743,42681,,
2022-08-26 00:00:00+00:00,91.5188583765,95.6406255307,91.3332811824,95.6406255307,27922,,
2022-08-29 00:00:00+00:00,91.079333443,91.5872289217,90.4737657568,90.9816612355,26537,,
2022-08-30 00:00:00+00:00,89.360302592,91.1379367675,88.9403120999,90.7277134962,25743,,
2022-08-31 00:00:00+00:00,88.3054427515,90.1709819138,88.2566066478,90.1709819138,45738,,
2022-09-01 00:00:00+00:00,85.3264404245,87.5826684164,84.2325117011,87.5826684164,46733,,
2022-09-02 00:00:00+00:00,84.7111055175,87.0357040547,84.1690247662,86.4692052516,24256,,
2022-09-06 00:00:00+00:00,83.7929867676,84.9162171532,82.6209202782,84.9162171532,32290,,
2022-09-07 00:00:00+00:00,84.8380793872,84.8820318806,83.0799796532,83.0799796532,34887,,
2022-09-08 00:00:00+00:00,83.8808917543,84.271580584,83.2069535229,84.2227444803,26840,,
2022-09-09 00:00:00+00:00,85.687827592,86.0101458766,83.5781079112,84.2325117011,38492,,
2022-09-12 00:00:00+00:00,86.7817563154,86.9282646266,85.4045781904,86.2054902915,40715,,
2022-09-13 00:00:00+00:00,82.6209202782,85.3655093074,82.0837231373,85.0138893606,39739,,
2022-09-14 00:00:00+00:00,82.2204642277,82.8651007968,80.9018894272,82.8651007968,38754,,
2022-09-15 00:00:00+00:00,81.3218799192,82.9139369005,80.8237516612,81.7418704112,39998,,
2022-09-16 00:00:00+00:00,80.5405022596,80.6186400256,78.997281382,80.5014333766,125842,,
2022-09-19 00:00:00+00:00,81.9274476053,82.0739559165,80.0521412224,80.0521412224,49186,,
2022-09-20 00:00:00+00:00,81.0776994006,81.6393145934,80.1107445469,80.7846827782,31166,,
2022-09-21 00:00:00+00:00,81.3511815814,83.7929867676,81.2437421532,81.9665164883,50861,,
2022-09-22 00:00:00+00:00,81.2242077117,81.7028015282,80.218183975,80.6381744671,50144,,
2022-09-23 00:00:00+00:00,80.6088728048,80.716312233,79.0754191479,80.4818989351,41383,,
2022-09-26 00:00:00+00:00,80.335390624,81.8200081772,80.1205117676,80.1595806506,60125,,
2022-09-27 00:00:00+00:00,79.6028490681,81.2828110362,79.1584405243,80.9116566479,47781,,
2022-09-28 00:00:00+00:00,81.7614048527,82.4060414218,79.8177279245,80.1009773261,40576,,
2022-09-29 00:00:00+00:00,80.5112005974,80.9604927516,79.8378483993,80.9604927516,44715,,
2022-09-30 00:00:00+00:00,79.7493573793,81.9274476053,79.6370343407,80.4818989351,46882,,
2022-10-03 00:00:00+00:00,81.8688442809,82.2693003314,81.0679321798,81.0679321798,45253,,
2022-10-04 00:00:00+00:00,85.1603976718,85.1603976718,83.011609108,83.011609108,38308,,
2022-10-05 00:00:00+00:00,84.730639959,85.1652812822,84.2520461425,84.3008822463,46840,,
2022-10-06 00:00:00+00:00,84.0567017277,85.2483026585,83.5976423527,84.5938988686,42433,,
2022-10-07 00:00:00+00:00,80.5209678181,83.4804357037,79.9447017942,83.4804357037,49927,,
2022-10-10 00:00:00+00:00,81.2339749325,81.883495112,80.3842267277,80.6577089086,30066,,
2022-10-11 00:00:00+00:00,81.5758276585,82.4841791878,80.5600367011,80.5600367011,46263,,
2022-10-12 00:00:00+00:00,80.755381116,81.673499866,80.5502694804,81.4390865681,27923,,
2022-10-13 00:00:00+00:00,83.509737366,83.7734523261,79.0851863687,79.5344785229,37656,,
2022-10-14 00:00:00+00:00,81.4488537889,84.6036660894,80.7065450123,84.3790200122,33518,,
2022-10-17 00:00:00+00:00,84.2227444803,84.7404071798,82.7869630309,82.9823074458,35327,,
2022-10-18 00:00:00+00:00,84.9650532569,86.0882836425,84.3985544537,85.4924831771,33674,,
2022-10-19 00:00:00+00:00,84.4376233367,84.6280841412,82.8944024591,84.0957706106,45417,,
2022-10-20 00:00:00+00:00,84.730639959,85.0236565814,83.5195045867,83.9590295202,78956,,
2022-10-21 00:00:00+00:00,88.1784688819,88.403114959,84.6818038553,85.5413192808,56571,,
2022-10-24 00:00:00+00:00,88.9403120999,88.9598465414,87.0454712755,88.324977193,47776,,
2022-10-25 00:00:00+00:00,90.4444640946,90.7765495999,88.8914759962,88.8914759962,40822,,
2022-10-26 00:00:00+00:00,91.2649106371,92.4760460095,89.8681980707,91.0988678845,35447,,
2022-10-27 00:00:00+00:00,92.3002360361,94.292749068,91.6165305839,92.1048916212,37510,,
2022-10-28 00:00:00+00:00,94.9178511956,95.474582778,92.339304919,92.87650206,38666,,
2022-10-31 00:00:00+00:00,96.7443214748,96.968967552,93.9413244656,94.0290341079,48647,,
2022-11-01 00:00:00+00:00,98.3168440147,99.0200839083,96.3145637621,97.5256991344,71899,,
2022-11-02 00:00:00+00:00,95.2792383632,99.6158843737,95.2694711424,97.6624402248,58949,,
2022-11-03 00:00:00+00:00,97.1447775254,97.8187157567,93.7653191477,94.1169390946,36976,,
2022-11-04 00:00:00+00:00,98.1605684828,98.2777751317,94.634601794,94.634601794,46519,,
2022-11-07 00:00:00+00:00,99.147057778,100.0065732035,96.8712953445,97.4866302514,43214,,
2022-11-08 00:00:00+00:00,98.2875423525,101.0495839014,97.9545302508,98.3561036675,62169,,
2022-11-09 00:00:00+00:00,96.4265923727,98.85562182,96.1719360597,97.1905613118,48481,,
2022-11-10 00:00:00+00:00,101.5295131067,102.2543041515,99.7567133891,99.7567133891,52144,,
2022-11-11 00:00:00+00:00,102.4893715173,102.636288621,101.059378375,102.0584146799,46010,,
2022-11-14 00:00:00+00:00,103.26313493,104.3699104442,101.9604699441,101.9604699441,53735,,
2022-11-15 00:00:00+00:00,104.8008672817,105.7803146394,103.958542554,103.958542554,34008,,
2022-11-16 00:00:00+00:00,104.3209380764,104.8008672817,103.5569691373,103.8116254503,59902,,
2022-11-17 00:00:00+00:00,104.7910728081,104.7910728081,102.0584146799,102.9399173019,35289,,
2022-11-18 00:00:00+00:00,104.46785518,107.2690746233,104.2719657085,106.3679830541,45807,,
2022-11-21 00:00:00+00:00,104.3013491292,104.399293865,102.8321780925,103.958542554,41043,,
2022-11-22 00:00:00+00:00,103.8801867654,104.5755943894,102.8321780925,103.958542554,58027,,
2022-11-23 00:00:00+00:00,103.0574509848,104.8008672817,103.0574509848,104.1740209727,28171,,
2022-11-25 00:00:00+00:00,104.5266220215,105.3297688549,102.9007394076,103.4100520336,19953,,
2022-11-28 00:00:00+00:00,101.568691001,104.3601159707,101.314034688,104.3405270235,41839,,
2022-11-29 00:00:00+00:00,100.8928723242,102.0486202063,100.8243110091,101.0006115335,27677,,
2022-11-30 00:00:00+00:00,102.890944934,102.890944934,98.9829499765,100.1876702266,52350,,
2022-12-01 00:00:00+00:00,104.027103869,104.027103869,102.2738930986,103.8703922918,42615,,
2022-12-02 00:00:00+00:00,104.6833335987,105.1240849097,101.9996478384,102.4991659909,35740,,
2022-12-05 00:00:00+00:00,102.4208102023,103.6842972938,101.6862246839,103.6842972938,38604,,
2022-12-06 00:00:00+00:00,102.9301228283,103.7430641353,102.0584146799,102.381632308,46067,,
2022-12-07 00:00:00+00:00,101.4413628445,104.3111436028,101.3434181087,103.3512851922,52561,,
2022-12-08 00:00:00+00:00,101.0495839014,102.5481383588,100.432532066,101.6862246839,42660,,
2022-12-09 00:00:00+00:00,100.1582868058,101.4462600813,99.7077410212,100.501093381,33631,,
2022-12-12 00:00:00+00:00,100.5402712754,100.8781806138,99.5314404968,100.3345873302,36298,,
2022-12-13 00:00:00+00:00,101.7743749461,104.0075149219,101.3434181087,102.822383619,56469,,
2022-12-14 00:00:00+00:00,100.2758204888,102.3522488872,100.0554448333,101.3042402144,44776,,
2022-12-15 00:00:00+00:00,96.7400155272,99.5118515497,96.5490232924,99.1886339216,57064,,
2022-12-16 00:00:00+00:00,95.3492002792,96.7889878951,94.3403695007,95.7213902751,190847,,
2022-12-19 00:00:00+00:00,97.1513834175,97.278711574,94.9770102832,95.7409792223,83343,,
2022-12-20 00:00:00+00:00,99.9526028607,100.3541762774,97.2836088108,97.3080949947,64600,,
2022-12-21 00:00:00+00:00,102.1171815214,103.5667636109,100.8928723242,101.2258844258,80221,,
2022-12-22 00:00:00+00:00,99.805685757,101.8037583669,98.5226097183,101.6666357368,42372,,
2022-12-23 00:00:00+00:00,100.5990381168,101.0887617957,99.3061676046,99.5412349704,25453,,
2022-12-27 00:00:00+00:00,101.1083507429,101.7156081047,100.0701365436,100.0701365436,36613,,
2022-12-28 00:00:00+00:00,98.9143886615,102.3620433608,98.5813765598,101.1769120579,39461,,
2022-12-29 00:00:00+00:00,100.9516391656,101.0006115335,99.2865786574,99.2865786574,50939,,
2022-12-30 00:00:00+00:00,100.3052039095,101.1083507429,99.3551399724,100.5304768018,29067,,
2023-01-03 00:00:00+00:00,100.0897254908,101.4021849502,98.9437720822,100.5500657489,44849,,
2023-01-04 00:00:00+00:00,100.0113697022,100.9712281128,99.5360438994,100.873283377,37082,,
2023-01-05 00:00:00+00:00,99.9623973343,100.2170536473,98.0622694602,99.1690449745,42515,,
2023-01-06 00:00:00+00:00,102.7734112511,103.6549138731,101.1475286372,101.3630070559,23379,,
2023-01-09 00:00:00+00:00,101.9702644177,103.7332696617,101.9114975762,103.703886241,31871,,
2023-01-10 00:00:00+00:00,102.5579328324,103.3121072979,101.0887617957,101.0887617957,44450,,
2023-01-11 00:00:00+00:00,104.6735391252,104.840045176,102.4991659909,102.4991659909,59962,,
2023-01-12 00:00:00+00:00,106.4463388427,106.9752404159,103.7234751881,105.3591522756,34432,,
2023-01-13 00:00:00+00:00,107.4943475155,107.6216756721,104.9869622796,104.9869622796,70825,,
2023-01-17 00:00:00+00:00,108.7088622392,108.806806975,107.4159917269,108.0134546152,59836,,
2023-01-18 00:00:00+00:00,108.7382456599,109.9527603835,108.0722214566,108.7480401335,92227,,
2023-01-19 00:00:00+00:00,104.7812783345,108.9145461843,104.7714838609,108.2387275074,75059,,
2023-01-20 00:00:00+00:00,104.8106617552,105.7803146394,104.2327878142,105.7803146394,74882,,
2023-01-23 00:00:00+00:00,103.6842972938,105.1926462248,103.4884078222,104.5657999158,39557,,
2023-01-24 00:00:00+00:00,104.8694285967,105.4277135906,102.5677273059,102.8419725661,50558,,
2023-01-25 00:00:00+00:00,105.280796487,105.6725754301,103.9389536068,104.5168275479,40379,,
2023-01-26 00:00:00+00:00,106.2896272655,106.3679830541,104.7714838609,105.6823699037,38200,,
2023-01-27 00:00:00+00:00,108.6794788184,109.0418743408,106.9850348895,107.7685927757,39059,,
2023-01-30 00:00:00+00:00,108.7284511863,109.5609814404,107.8567430379,107.8567430379,63689,,
2023-01-31 00:00:00+00:00,113.1947311378,113.3710316622,108.2583164546,108.6500953977,62391,,
2023-02-01 00:00:00+00:00,116.7011526786,118.0038176644,112.21528378,112.21528378,74894,,
2023-02-02 00:00:00+00:00,118.385802134,119.3456605446,117.1761846471,117.82751714,68931,,
2023-02-03 00:00:00+00:00,116.1036897904,119.1889489673,114.8010248045,116.7795084672,132011,,
2023-02-06 00:00:00+00:00,115.0850645383,115.7461915048,113.8901387618,115.2711595363,66809,,
2023-02-07 00:00:00+00:00,117.8373116136,118.0821734531,113.8411663939,114.7716413838,74025,,
2023-02-08 00:00:00+00:00,115.6825274265,117.852249786,115.1425512737,117.0471944309,62959,,
2023-02-09 00:00:00+00:00,113.7975197658,117.3220913814,113.6993422835,116.3501343063,79326,,
2023-02-10 00:00:00+00:00,114.2785894292,114.9658318055,113.1986371236,113.4637163259,53090,,
2023-02-13 00:00:00+00:00,115.5058079583,115.8985178876,114.0331457234,114.6320283656,51972,,
2023-02-14 00:00:00+00:00,114.013510227,115.0836447843,112.5604834885,115.0836447843,92930,,
2023-02-15 00:00:00+00:00,114.5142153868,114.6811171068,112.6390254744,113.296814606,67942,,
2023-02-16 00:00:00+00:00,113.3459033471,113.9546037376,111.2056342324,112.7862916979,78465,,
2023-02-17 00:00:00+00:00,114.7891123373,115.5254434548,112.6095722297,113.8564262552,60725,,
2023-02-21 00:00:00+00:00,112.4819415026,113.9349682411,112.1285025663,113.4931695706,75410,,
2023-02-22 00:00:00+00:00,112.6586609708,113.8858794999,111.7161571405,112.4819415026,84316,,
2023-02-23 00:00:00+00:00,112.2168623004,113.8564262552,111.2350874771,113.2182726201,41147,,
2023-02-24 00:00:00+00:00,111.9517830981,111.9517830981,110.3613078844,110.7736533101,37415,,
2023-02-27 00:00:00+00:00,113.2771791095,113.8760617517,112.3837640203,113.2771791095,45819,,
2023-02-28 00:00:00+00:00,113.5717115565,114.4209467786,112.7961094461,112.8255626908,87677,,
2023-03-01 00:00:00+00:00,115.3781772313,115.5450789513,113.2477258648,114.0036924787,44846,,
2023-03-02 00:00:00+00:00,116.3108633134,116.6053957604,113.7877020176,114.4749443939,40354,,
2023-03-03 00:00:00+00:00,118.5591276587,119.035288448,115.4567192172,116.8213862215,58557,,
2023-03-06 00:00:00+00:00,114.5142153868,118.8045713645,112.9286490472,118.8045713645,70772,,
2023-03-07 00:00:00+00:00,115.4861724619,115.9181533841,113.3949920883,115.0934625326,72862,,
2023-03-08 00:00:00+00:00,115.7807049088,116.2715923205,115.0738270361,115.6432564336,42690,,
2023-03-09 00:00:00+00:00,115.6628919301,116.7428442357,115.2701820007,115.9377888806,65400,,
2023-03-10 00:00:00+00:00,112.413217265,114.9167430644,111.1565454912,114.9167430644,67343,,
2023-03-13 00:00:00+00:00,111.2449052253,112.2252073864,109.7427897457,110.6263870867,63705,,
2023-03-14 00:00:00+00:00,114.3276781704,115.2210932596,113.2477258648,113.8564262552,56033,,
2023-03-15 00:00:00+00:00,110.9111017854,112.118684818,109.1095449847,111.6474329029,82723,,
2023-03-16 00:00:00+00:00,113.3066323542,114.1509587022,108.99664088,109.4777105434,63843,,
2023-03-17 00:00:00+00:00,112.1383203145,113.0120999072,111.2939939665,112.7372029567,250133,,
2023-03-20 00:00:00+00:00,112.0205073357,114.4945798904,111.9125121051,112.9139224249,53703,,
2023-03-21 00:00:00+00:00,116.0457841111,117.263184892,113.9447859893,113.9447859893,118108,,
2023-03-22 00:00:00+00:00,112.0892315733,116.2617745723,111.8830588604,116.2617745723,69048,,
2023-03-23 00:00:00+00:00,113.0611886484,115.1327335255,112.1775913074,112.3641285238,60372,,
2023-03-24 00:00:00+00:00,114.2295006881,114.3374959186,110.7932888066,112.0499605804,75670,,
2023-03-27 00:00:00+00:00,115.5156257066,116.3894052993,114.2884071775,115.7217984194,86116,,
2023-03-28 00:00:00+00:00,116.5661247675,116.5759425157,114.8774720714,114.9461963091,50075,,
2023-03-29 00:00:00+00:00,117.1453719132,117.6166238284,115.8690646429,117.6166238284,55406,,
2023-03-30 00:00:00+00:00,118.5983986516,118.9027488469,116.6250312569,117.812978793,38374,,
2023-03-31 00:00:00+00:00,120.2085093618,120.2281448583,117.9209740236,119.5507202302,104976,,
2023-04-03 00:00:00+00:00,119.6587154608,120.7287518407,117.6460770731,120.4244998229,81236,,
2023-04-04 00:00:00+00:00,114.5240331351,120.3754110818,114.2098651916,120.3754110818,75594,,
2023-04-05 00:00:00+00:00,112.8648336837,114.4454911492,111.8143346228,113.6698890388,51659,,
2023-04-06 00:00:00+00:00,114.1902296951,114.9560140573,112.0695960769,113.3949920883,60961,,
2023-04-10 00:00:00+00:00,115.8494291465,116.5219449004,113.1888193754,113.5128050671,99083,,
2023-04-11 00:00:00+00:00,116.4384940404,117.7000746883,115.9181533841,116.7428442357,53661,,
2023-04-12 00:00:00+00:00,118.8143891128,119.0401973221,116.546489271,117.7933432966,41440,,
2023-04-13 00:00:00+00:00,119.1285570562,119.4329072514,116.9589328743,119.4329072514,38011,,
2023-04-14 00:00:00+00:00,117.1159186685,119.374000762,115.9770598735,118.6376696446,48991,,
2023-04-17 00:00:00+00:00,118.7947536163,118.9223843433,116.9293814521,118.0780579953,30747,,
2023-04-18 00:00:00+00:00,118.0584224988,120.1201496277,117.2435493955,118.7947536163,36526,,
2023-04-19 00:00:00+00:00,117.4300866119,118.0387870024,116.4384940404,117.8227965413,41524,,
2023-04-20 00:00:00+00:00,118.529674414,118.8585689798,116.674119998,116.674119998,47078,,
2023-04-21 00:00:00+00:00,118.3136839529,119.2365522868,117.0668299273,119.2365522868,47781,,
2023-04-24 00:00:00+00:00,119.3936362585,119.6194444679,117.7148013107,117.9700627647,41548,,
2023-04-25 00:00:00+00:00,117.7540723036,119.6096267196,117.6558948213,118.1958709741,63600,,
2023-04-26 00:00:00+00:00,116.5366715228,117.9062474012,115.1032802808,116.7232087392,80524,,
2023-04-27 00:00:00+00:00,119.4329072514,119.6390799643,115.574532196,116.546489271,57300,,
2023-04-28 00:00:00+00:00,120.5717660464,121.8824354355,119.4329072514,119.4329072514,57377,,
2023-05-01 00:00:00+00:00,122.8887546294,123.3600065445,120.5619482982,120.5619482982,49374,,
2023-05-02 00:00:00+00:00,123.9981601797,124.685402556,121.7543138211,122.6138576788,68049,,
2023-05-03 00:00:00+00:00,122.0836992743,125.1762899676,121.9658862955,123.3011000551,67526,,
2023-05-04 00:00:00+00:00,117.5773528354,121.0626534581,116.968652445,120.8172097522,63910,,
2023-05-05 00:00:00+00:00,126.9140314048,127.9939837104,122.6531286718,123.0163853564,104419,,
2023-05-08 00:00:00+00:00,130.6447757332,131.1651163896,125.9322565815,126.2562422732,92232,,
2023-05-09 00:00:00+00:00,132.7555916033,135.2495550293,129.7057743958,131.014244359,125866,,
2023-05-10 00:00:00+00:00,134.5362913276,135.2643122094,133.449179065,134.1821190067,93822,,
2023-05-11 00:00:00+00:00,136.3661816521,136.6908396129,133.3360406847,133.7098892456,74854,,
2023-05-12 00:00:00+00:00,135.7562182106,139.2684270591,135.6676751304,137.4090223746,123521,,
2023-05-15 00:00:00+00:00,134.5854819277,136.3070545507,134.2067143068,136.2481242118,41284,,
2023-05-16 00:00:00+00:00,134.8806255284,134.8806255284,132.9080824636,134.1624427667,45429,,
2023-05-17 00:00:00+00:00,137.0745262938,137.2319362142,134.9785148227,135.52010333,63755,,
2023-05-18 00:00:00+00:00,139.2585889391,139.5438944198,136.8580876533,137.0745262938,39461,,
2023-05-19 00:00:00+00:00,137.4582129747,140.7736594228,137.0253356937,140.7736594228,70432,,
2023-05-22 00:00:00+00:00,139.6029231399,139.6816281001,137.2712886943,137.6943278553,43770,,
2023-05-23 00:00:00+00:00,138.7666829379,139.8291999005,138.0829335962,138.9831215784,68698,,
2023-05-24 00:00:00+00:00,135.7660563306,138.5207299373,135.7414610305,138.5207299373,53970,,
2023-05-25 00:00:00+00:00,136.8187351732,137.7435184554,135.2347978493,135.2347978493,51361,,
2023-05-26 00:00:00+00:00,138.4518630971,138.5502442974,136.0808761714,136.5432678125,29204,,
2023-05-30 00:00:00+00:00,138.0485001762,139.2536698791,137.5467560549,138.6191111376,28847,,
2023-05-31 00:00:00+00:00,133.9853566063,137.576270415,133.9361660061,137.3893461346,47435,,
2023-06-01 00:00:00+00:00,136.8285732932,137.3696698945,133.3360406847,134.3985576473,55372,,
2023-06-02 00:00:00+00:00,141.7377951851,142.0231006658,135.3725315296,138.6781398577,54147,,
2023-06-05 00:00:00+00:00,136.6219727727,142.2297011863,135.4512364898,142.2297011863,55200,,
2023-06-06 00:00:00+00:00,139.9472573408,142.0132625458,137.3598317745,137.5172416949,71806,,
2023-06-07 00:00:00+00:00,143.9218578305,145.0138891531,141.0196124234,141.0196124234,64483,,
2023-06-08 00:00:00+00:00,140.6752782226,143.5971998697,140.6752782226,143.4496280693,80148,,
2023-06-09 00:00:00+00:00,138.7273304578,140.7736594228,138.5699205374,140.1341816212,54411,,
2023-06-12 00:00:00+00:00,138.5699205374,139.9472573408,138.1370432564,139.2585889391,73465,,
2023-06-13 00:00:00+00:00,137.5369179349,139.7209805802,136.9269544934,138.7371685778,114429,,
2023-06-14 00:00:00+00:00,135.0281973288,137.969795216,134.4182338873,137.5270798149,82553,,
2023-06-15 00:00:00+00:00,135.7267038505,136.1251477115,133.3852312848,134.3985576473,59918,,
2023-06-16 00:00:00+00:00,135.2446359693,137.0843644138,133.9460041262,136.9761450936,188424,,
2023-06-20 00:00:00+00:00,136.7892208131,137.0400928737,134.4280720073,134.6641868879,50970,,
2023-06-21 00:00:00+00:00,136.8580876533,138.3140310356,136.2087717317,136.2087717317,65397,,
2023-06-22 00:00:00+00:00,134.290338327,136.9564688535,134.1673618267,136.9564688535,90305,,
2023-06-23 00:00:00+00:00,133.3458788047,135.3331790496,131.5504219003,133.1196020442,468876,,
2023-06-26 00:00:00+00:00,133.8377848059,136.0710380513,133.0753305041,133.4245837649,59943,,
2023-06-27 00:00:00+00:00,135.4315602498,136.3955976309,134.4772626075,134.4772626075,37296,,
2023-06-28 00:00:00+00:00,136.6416490127,136.7105158529,135.0380354488,135.0380354488,63184,,
2023-06-29 00:00:00+00:00,138.373158137,140.035800421,137.0253356937,137.0253356937,56472,,
2023-06-30 00:00:00+00:00,139.1798839789,140.5867351423,138.8945784982,139.5537325398,78379,,
2023-07-03 00:00:00+00:00,138.7076542178,138.786359178,136.9958213336,137.7336803354,30441,,
2023-07-05 00:00:00+00:00,138.3141294168,140.1932103414,136.6219727727,136.8974401334,65265,,
2023-07-06 00:00:00+00:00,134.6445106479,136.9072782534,132.4112574024,136.9072782534,44561,,
2023-07-07 00:00:00+00:00,132.9425158837,135.9726568511,132.9425158837,134.4379101274,38667,,
2023-07-10 00:00:00+00:00,134.713377488,134.713377488,132.9917064838,133.1687926443,39976,,
2023-07-11 00:00:00+00:00,135.0281973288,135.9853480259,133.5819936853,135.2544740894,34055,,
2023-07-12 00:00:00+00:00,136.2087717317,137.4385367347,136.0021712112,136.8187351732,42701,,
2023-07-13 00:00:00+00:00,137.0843644138,137.7336803354,136.2579623318,136.336667292,34740,,
2023-07-14 00:00:00+00:00,136.1497430115,136.6908396129,134.3296908071,136.6908396129,30821,,
2023-07-17 00:00:00+00:00,138.1272051364,140.045638541,135.2052834892,136.5235915724,38887,,
2023-07-18 00:00:00+00:00,143.7841241501,146.5289596368,138.0681764162,138.6092730175,57632,,
2023-07-19 00:00:00+00:00,140.9507455832,143.9562912505,139.9570954608,142.8396646278,45919,,
2023-07-20 00:00:00+00:00,141.5803852648,142.1214818661,140.0800719611,141.668928345,28501,,
2023-07-21 00:00:00+00:00,140.7539831828,142.4510588869,139.9767717009,141.9443957057,37637,,
2023-07-24 00:00:00+00:00,140.458839582,141.8656907455,140.0029411001,141.5213565446,32404,,
2023-07-25 00:00:00+00:00,140.2325628215,141.678766465,137.586108535,139.4159988595,34250,,
2023-07-26 00:00:00+00:00,140.9999361834,141.5705471447,139.1552886789,139.8783905006,31983,,
2023-07-27 00:00:00+00:00,142.0231006658,142.072291266,140.458839582,142.0034244258,64264,,
2023-07-28 00:00:00+00:00,141.7574714252,143.2767723005,140.4785158221,142.8101502678,26163,,
2023-07-31 00:00:00+00:00,146.1649491959,146.5289596368,142.2001868263,142.3379205066,47003,,
2023-08-01 00:00:00+00:00,146.6371789571,147.5324478793,144.4432781917,144.7876123926,65474,,
2023-08-02 00:00:00+00:00,145.0925941133,146.9057596337,144.541659392,145.6632050747,56177,,
2023-08-03 00:00:00+00:00,144.0792677508,146.2633303962,143.5184949095,144.964698553,38822,,
2023-08-04 00:00:00+00:00,152.766327732,154.409293776,139.6619518601,143.4496280693,66549,,
2023-08-07 00:00:00+00:00,156.7212519816,157.291862943,152.766327732,152.766327732,51345,,
2023-08-08 00:00:00+00:00,161.9551318344,162.0931001833,153.7952894857,154.6625191073,75267,,
2023-08-09 00:00:00+00:00,162.9110553946,163.6600264314,160.191107945,160.7922557509,82975,,
2023-08-10 00:00:00+00:00,161.8073086034,166.3602641168,161.1815235924,162.7927968098,84542,,
2023-08-11 00:00:00+00:00,161.4032584388,164.1133510063,160.9992082742,160.9992082742,44140,,
2023-08-14 00:00:00+00:00,161.9649867164,163.4826385542,159.1760550924,160.5853032275,54685,,
2023-08-15 00:00:00+00:00,161.3244193823,161.9403495113,159.2746039131,160.4177702324,50489,,
2023-08-16 00:00:00+00:00,158.4665035838,162.7336675174,158.4665035838,160.4079153504,45157,,
2023-08-17 00:00:00+00:00,156.3969783505,160.1664707398,156.2688648836,159.9545907755,51719,,
2023-08-18 00:00:00+00:00,155.1355534463,157.5992739622,155.0271497436,156.0323477141,42581,,
2023-08-21 00:00:00+00:00,153.1744319156,156.0027830679,152.7900915152,155.8253951908,30836,,
2023-08-22 00:00:00+00:00,154.4555665839,154.5935349328,152.4944450533,153.391239321,31892,,
2023-08-23 00:00:00+00:00,156.6827699303,157.3036275003,154.6920837535,155.5888780212,37776,,
2023-08-24 00:00:00+00:00,153.8839834242,158.8508439843,153.6425388137,156.4659625249,50960,,
2023-08-25 00:00:00+00:00,154.4457117019,155.3671431748,152.6324134021,154.9778753333,29078,,
2023-08-28 00:00:00+00:00,153.686885783,155.864814719,153.0463184488,155.0172948616,46779,,
2023-08-29 00:00:00+00:00,154.8497618665,155.3129413235,152.8590756896,153.5094979058,32068,,
2023-08-30 00:00:00+00:00,153.5686271982,155.7982942651,153.381384439,154.8399069844,52254,,
2023-08-31 00:00:00+00:00,151.4005531442,154.9680204512,151.0753420361,153.5883369623,45813,,
2023-09-01 00:00:00+00:00,152.5240096994,152.918204982,151.5434489341,152.4845901712,47308,,
2023-09-05 00:00:00+00:00,147.8429407192,151.7651837805,147.1038245644,151.3906982621,61558,,
2023-09-06 00:00:00+00:00,150.3855002916,152.8492208075,148.8579935718,149.2423339722,61711,,
2023-09-07 00:00:00+00:00,146.8574525128,150.0011598911,146.0690619477,150.0011598911,78384,,
2023-09-08 00:00:00+00:00,143.171726621,146.423837702,143.1125973286,146.423837702,47994,,
2023-09-11 00:00:00+00:00,144.0783757709,145.5566080804,142.4129007021,144.6401040485,63710,,
2023-09-12 00:00:00+00:00,143.9009878937,145.02937189,142.4621751124,143.6053414318,97037,,
2023-09-13 00:00:00+00:00,142.245367707,144.5119905817,140.9937976849,144.0969029492,52252,,
2023-09-14 00:00:00+00:00,145.3792202033,146.0592070657,143.329404734,143.4870828471,50652,,
2023-09-15 00:00:00+00:00,142.6691276358,144.0291013606,140.6488768127,144.0291013606,244146,,
2023-09-18 00:00:00+00:00,144.9357505104,146.2957242352,143.6644707242,143.6644707242,32023,,
2023-09-19 00:00:00+00:00,146.0296424195,148.6707508125,144.718943105,148.6313312843,59174,,
2023-09-20 00:00:00+00:00,142.1271091223,146.9658562155,142.077834712,146.1479010042,35709,,
2023-09-21 00:00:00+00:00,140.8755391002,142.7578215743,140.1462778275,141.2697343827,50257,,
2023-09-22 00:00:00+00:00,142.3143518815,145.0934286234,140.7178609872,140.7178609872,40485,,
2023-09-25 00:00:00+00:00,141.6639296653,143.6004139908,141.1120562697,141.5653808446,25763,,
2023-09-26 00:00:00+00:00,138.6680455179,141.8560013167,138.6581906359,141.1416209159,41330,,
2023-09-27 00:00:00+00:00,141.5161064343,141.7329138397,138.983401744,138.983401744,40976,,
2023-09-28 00:00:00+00:00,145.2116872082,146.6997743998,141.9398663631,141.9398663631,72478,,
2023-09-29 00:00:00+00:00,143.5757767856,145.9310935988,142.3537714097,145.9310935988,70660,,
2023-10-02 00:00:00+00:00,146.5322414047,147.1126939583,141.78218825,142.856370395,89468,,
2023-10-03 00:00:00+00:00,146.9461464514,150.7402760459,145.7783429269,146.3548535276,83618,,
2023-10-04 00:00:00+00:00,147.0841148003,148.0597481246,143.8911330117,146.6899195178,57208,,
2023-10-05 00:00:00+00:00,146.9855659797,148.2371360017,145.5664629625,146.8574525128,53880,,
2023-10-06 00:00:00+00:00,147.6852626062,149.2620437364,145.8500864683,146.887017159,41572,,
2023-10-09 00:00:00+00:00,150.4052100558,151.0950518002,146.8081781025,148.5623471098,31167,,
2023-10-10 00:00:00+00:00,149.3211730288,151.9770637449,149.3211730288,150.4052100558,38992,,
2023-10-11 00:00:00+00:00,150.13912824,150.4840491123,148.8777033359,148.8777033359,27381,,
2023-10-12 00:00:00+00:00,149.1240753875,150.8486797486,147.5867137855,150.8486797486,32886,,
2023-10-13 00:00:00+00:00,144.4430064072,149.1240753875,144.3247478225,148.7594447511,30888,,
2023-10-16 00:00:00+00:00,148.128732299,149.0353814489,144.9653151566,144.9653151566,30449,,
2023-10-17 00:00:00+00:00,148.6510410484,151.9327167756,148.128732299,148.128732299,50654,,
2023-10-18 00:00:00+00:00,145.9409484809,147.0249855079,145.329945793,147.0249855079,34696,,
2023-10-19 00:00:00+00:00,142.6297081075,146.6307902254,141.9201565989,145.0540090952,58670,,
2023-10-20 00:00:00+00:00,140.8164098078,144.255763648,140.698151223,143.3688242623,64194,,
2023-10-23 00:00:00+00:00,139.8210667194,142.4868123176,139.6338239602,140.1167131813,49067,,
2023-10-24 00:00:00+00:00,140.9642330388,141.4495859804,140.0970034172,141.1416209159,31419,,
2023-10-25 00:00:00+00:00,140.845974454,141.5752357267,139.0918054467,139.3874519086,33896,,
2023-10-26 00:00:00+00:00,141.151475798,143.7334548986,140.8656842181,141.9103017169,34297,,
2023-10-27 00:00:00+00:00,138.6384808717,141.2992990289,138.6286259897,140.8361195719,42333,,
2023-10-30 00:00:00+00:00,140.7080061051,141.614655255,139.9984545965,140.4123596432,30039,,
2023-10-31 00:00:00+00:00,141.4865417881,142.0187054196,139.9688899503,140.1758424737,38349,,
2023-11-01 00:00:00+00:00,141.4372673778,141.9371069961,138.7567394565,141.0627818594,44415,,
2023-11-02 00:00:00+00:00,140.9642330388,145.6255922549,138.8749980413,142.856370395,65704,,
2023-11-03 00:00:00+00:00,133.4843775524,144.8864761001,133.2380055008,139.150934739,69919,,
2023-11-06 00:00:00+00:00,136.1747603558,136.362003115,131.0797863289,135.4553539652,61973,,
2023-11-07 00:00:00+00:00,134.3121876458,134.3418175129,128.435597334,128.435597334,66819,,
2023-11-08 00:00:00+00:00,132.5343956187,135.8233108688,131.7047593394,135.378862862,58097,,
2023-11-09 00:00:00+00:00,134.0949019536,136.3171419874,133.285018919,134.0949019536,57723,,
2023-11-10 00:00:00+00:00,133.1961293177,135.9319537149,132.9442754472,135.4776290858,58007,,
2023-11-13 00:00:00+00:00,134.2232980444,134.4998434709,132.119577479,132.4751358845,37454,,
2023-11-14 00:00:00+00:00,139.0924728741,139.1023494965,135.9813368268,137.2257912457,95322,,
2023-11-15 00:00:00+00:00,134.9442914776,139.645563727,134.9047849881,138.480122287,48671,,
2023-11-16 00:00:00+00:00,134.4899668485,135.5593087528,134.104778576,135.5467654424,39028,,
2023-11-17 00:00:00+00:00,135.9220770925,136.7615899942,134.875155121,134.875155121,39724,,
2023-11-20 00:00:00+00:00,135.0035512119,137.5714730288,134.8060187644,137.5714730288,22426,,
2023-11-21 00:00:00+00:00,134.5097200932,134.9442914776,133.5911942126,133.5911942126,24041,,
2023-11-22 00:00:00+00:00,135.457875841,135.6554082885,134.4010772471,135.6554082885,24648,,
2023-11-24 00:00:00+00:00,136.6430705257,138.0159210355,134.2035447997,134.2035447997,23875,,
2023-11-27 00:00:00+00:00,135.1023174356,136.9294925745,134.2232980444,136.6430705257,67325,,
2023-11-28 00:00:00+00:00,131.3393243116,135.1220706803,130.9837659062,134.8257720092,51307,,
2023-11-29 00:00:00+00:00,131.8726619197,133.6998370587,131.0232723957,132.5640254858,43439,,
2023-11-30 00:00:00+00:00,132.1689605909,132.9985968702,130.3319088296,132.356616416,48934,,
2023-12-01 00:00:00+00:00,134.7763888973,135.1220706803,130.4652432316,132.8504475346,50089,,
2023-12-04 00:00:00+00:00,136.6430705257,136.6628237705,133.383883909,134.7763888973,43308,,
2023-12-05 00:00:00+00:00,135.8331874912,137.7690054762,134.6381161841,136.6430705257,35991,,
2023-12-06 00:00:00+00:00,136.6529471481,138.4011093081,136.3467718545,137.0776419101,41271,,
2023-12-07 00:00:00+00:00,138.6282716226,138.6282716226,135.7047914003,135.7047914003,56121,,
2023-12-08 00:00:00+00:00,137.6109795182,139.8677877304,136.3368952322,138.9937066504,50642,,
2023-12-11 00:00:00+00:00,138.9245702938,139.7542065731,136.198622519,137.4035704484,47749,,
2023-12-12 00:00:00+00:00,138.8455573148,141.2258233066,137.8875249447,139.6356871046,51698,,
2023-12-13 00:00:00+00:00,146.9443876604,148.8703290231,139.6159338599,140.2875441812,190938,,
2023-12-14 00:00:00+00:00,148.8999588902,150.9838274446,147.7345174502,148.178965457,103702,,
2023-12-15 00:00:00+00:00,148.1493355899,150.3814522461,146.0456150245,150.3814522461,226116,,
2023-12-18 00:00:00+00:00,145.4925241716,147.2011798421,142.3517582571,147.2011798421,61083,,
2023-12-19 00:00:00+00:00,148.4851407505,149.4530497431,147.013524017,147.013524017,55338,,
2023-12-20 00:00:00+00:00,148.3962511492,150.2431795329,147.5567382475,148.1295823451,61118,,
2023-12-21 00:00:00+00:00,152.7715948603,152.7715948603,148.6925498204,151.7444261335,55387,,
2023-12-22 00:00:00+00:00,155.0530946284,156.0407568656,152.8999909511,153.8481466989,47792,,
2023-12-26 00:00:00+00:00,157.5321268439,157.719782669,154.8160556914,155.1814907192,39706,,
2023-12-27 00:00:00+00:00,158.4012696127,159.6358474093,157.1074320819,158.0259579625,48709,,
2023-12-28 00:00:00+00:00,158.2827501442,160.0012824371,157.0799750717,157.7000294242,53753,,
2023-12-29 00:00:00+00:00,156.4259451382,158.8654708642,156.4061918934,158.2728735218,50214,,
2024-01-02 00:00:00+00:00,152.0999845389,156.2975490473,151.625906665,155.1321076073,53684,,
2024-01-03 00:00:00+00:00,145.1665956333,151.9913416928,144.9394333188,151.9913416928,57863,,
2024-01-04 00:00:00+00:00,144.1789333961,147.6434549919,144.0307840605,146.006108535,50700,,
2024-01-05 00:00:00+00:00,139.7739598179,143.5863360537,139.4677845243,142.7665763968,75001,,
2024-01-08 00:00:00+00:00,143.3097906273,143.329543872,139.3591416782,140.0801351114,55741,,
2024-01-09 00:00:00+00:00,140.6628558314,141.4233557541,138.3122197067,141.4233557541,44338,,
2024-01-10 00:00:00+00:00,140.8208817894,141.0974272158,138.8258040701,140.0603818667,44747,,
2024-01-11 00:00:00+00:00,141.8776803832,141.897433628,139.3986481677,140.5640896077,42459,,
2024-01-12 00:00:00+00:00,145.0974592767,146.4604331641,143.3246055608,143.8727581025,40141,,
2024-01-16 00:00:00+00:00,145.6900566191,146.9838941499,143.3492971168,143.3492971168,61504,,
2024-01-17 00:00:00+00:00,142.5591673269,145.6752416855,142.5591673269,143.6159659208,59109,,
2024-01-18 00:00:00+00:00,146.6085824997,146.7764850801,143.3196672496,143.754238634,50883,,
2024-01-19 00:00:00+00:00,148.7518095546,148.7518095546,144.7912839832,147.5468616251,56540,,
2024-01-22 00:00:00+00:00,149.5616925892,151.5468936861,149.5123094773,150.0258938407,66952,,
2024-01-23 00:00:00+00:00,149.69008868,151.8333157349,149.0184783587,151.4086209729,62007,,
2024-01-24 00:00:00+00:00,144.8604203398,151.4184975952,144.2530080639,151.4184975952,76656,,
2024-01-25 00:00:00+00:00,144.7517774937,147.2110564645,144.6431346476,147.2110564645,47085,,
2024-01-26 00:00:00+00:00,144.840667095,145.951787112,144.1542418401,145.6011670177,32234,,
2024-01-29 00:00:00+00:00,148.3764979044,148.6925498204,143.9517710815,143.9517710815,48268,,
2024-01-30 00:00:00+00:00,150.5098483369,150.5394782041,147.6159979818,147.6159979818,24530,,
2024-01-31 00:00:00+00:00,145.8382059547,151.941958581,145.8283293323,151.1814586583,96488,,
2024-02-01 00:00:00+00:00,149.0777380929,149.5715692115,145.7493163533,147.5073551357,83305,,
2024-02-02 00:00:00+00:00,147.5369850028,150.618491183,140.149271468,144.9591865635,98787,,
2024-02-05 00:00:00+00:00,147.4480954014,149.1369978271,145.3063498399,145.7493163533,87855,,
2024-02-06 00:00:00+00:00,148.6135368414,149.5221860997,147.2900694435,147.2900694435,65680,,
2024-02-07 00:00:00+00:00,149.9468808617,150.9592346549,147.2703161987,148.1493355899,68725,,
2024-02-08 00:00:00+00:00,152.870361084,153.8185168318,149.9370042393,150.4012054908,50374,,
2024-02-09 00:00:00+00:00,153.6604908738,154.7589140118,149.8209577428,153.076644341,69507,,
2024-02-12 00:00:00+00:00,159.3208335309,159.5583304256,153.6604908738,153.6604908738,90450,,
2024-02-13 00:00:00+00:00,153.1459142686,155.1102115019,150.9886508084,153.8386135448,135922,,
2024-02-14 00:00:00+00:00,159.6572874651,160.3005082216,154.6698526763,155.1646378736,92263,,
2024-02-15 00:00:00+00:00,164.3280597276,164.7139921815,159.7018181329,160.3104039255,83514,,
2024-02-16 00:00:00+00:00,161.4187227675,164.6892529217,161.4187227675,163.2692194054,56135,,
2024-02-20 00:00:00+00:00,158.944796781,161.9332993727,157.5000240049,159.2713550112,71586,,
2024-02-21 00:00:00+00:00,159.5286433138,160.4291523729,157.3236825606,159.2416678994,45868,,
2024-02-22 00:00:00+00:00,159.0041710047,160.2510297019,157.8166865311,159.9145757677,54843,,
2024-02-23 00:00:00+00:00,165.6046055367,166.0795993261,158.8804747053,158.8804747053,73537,,
2024-02-26 00:00:00+00:00,164.4764952868,165.9410594708,163.1504709581,164.624930846,78965,,
2024-02-27 00:00:00+00:00,165.6738754643,166.4952188918,163.887700902,165.2978387143,64758,,
2024-02-28 00:00:00+00:00,166.6634458589,167.9597830758,164.2093112803,164.2093112803,50019,,
2024-02-29 00:00:00+00:00,171.1956782662,171.7300462793,168.6425866481,169.0087276941,81591,,
2024-03-01 00:00:00+00:00,173.5211686935,174.8620365782,171.1956782662,171.1956782662,117815,,
2024-03-04 00:00:00+00:00,175.1440641406,177.2122662653,173.1847147593,173.1847147593,117603,,
2024-03-05 00:00:00+00:00,173.8774140355,176.3018615023,172.0170216937,174.4315734565,143020,,
2024-03-06 00:00:00+00:00,177.3804932324,178.191940956,174.0060581868,174.9956285814,107280,,
2024-03-07 00:00:00+00:00,177.9049655416,180.6559712386,177.6167036856,178.1226710284,154496,,
2024-03-08 00:00:00+00:00,171.2946353056,179.4882781729,171.1560954504,178.4888120744,72226,,
2024-03-11 00:00:00+00:00,170.8394329241,171.6805677595,169.1769546612,171.6805677595,37636,,
2024-03-12 00:00:00+00:00,170.4040219505,170.5821446215,168.3358198258,169.7805926019,59944,,
2024-03-13 00:00:00+00:00,176.6581068444,177.2221619693,169.9216063831,171.4232794569,85496,,
2024-03-14 00:00:00+00:00,176.6086283246,177.454711012,176.0346774958,176.6976896602,93603,,
2024-03-15 00:00:00+00:00,178.2908979955,178.6966218572,176.2226958707,176.2622786865,135633,,
2024-03-18 00:00:00+00:00,176.4107142457,179.6466094361,176.4107142457,178.2908979955,91418,,
2024-03-19 00:00:00+00:00,176.8362295154,178.4838642224,175.816972009,176.5096712852,53182,,
2024-03-20 00:00:00+00:00,177.2914318969,178.746100377,175.074794213,176.0049903839,48462,,
2024-03-21 00:00:00+00:00,181.2695048832,181.7939771924,178.6570390415,178.6570390415,45730,,
2024-03-22 00:00:00+00:00,181.0023208767,182.2562055237,180.1413946334,181.2695048832,33324,,
2024-03-25 00:00:00+00:00,176.717481068,182.1007440147,176.717481068,182.1007440147,38961,,
2024-03-26 00:00:00+00:00,177.2914318969,179.1864592026,176.6778982523,178.0534011008,53947,,
2024-03-27 00:00:00+00:00,180.5174313833,181.0616951003,178.4269639247,179.1320328309,47845,,
2024-03-28 00:00:00+00:00,180.3195173044,181.6405937812,179.3101555019,180.5174313833,70328,,
2024-04-01 00:00:00+00:00,171.3045310096,181.5168974819,170.2357949834,181.5168974819,108704,,
2024-04-02 00:00:00+00:00,171.2451567859,172.0961873253,166.7722986023,169.4936171875,98178,,
2024-04-03 00:00:00+00:00,172.7097209699,172.7097209699,169.8300711216,169.8993410492,45844,,
2024-04-04 00:00:00+00:00,169.7805926019,174.4563127164,169.1868503651,173.976371075,53590,,
2024-04-05 00:00:00+00:00,170.3743348386,173.1006012758,169.3451816283,169.3451816283,40435,,
2024-04-08 00:00:00+00:00,173.8081441079,174.0753281145,170.9779727794,172.0862916213,52627,,
2024-04-09 00:00:00+00:00,174.154493746,174.9164629499,171.3540095293,174.7977145025,24439,,
2024-04-10 00:00:00+00:00,167.9103045561,169.9092367532,165.2978387143,169.4540343717,113780,,
2024-04-11 00:00:00+00:00,170.7503715886,172.3831627397,168.2566541942,168.2566541942,50079,,
2024-04-12 00:00:00+00:00,169.6618441545,170.0675680163,168.0347925117,169.0384148059,40918,,
2024-04-15 00:00:00+00:00,168.9592491744,171.1956782662,168.1774885626,169.8696539374,46358,,
2024-04-16 00:00:00+00:00,167.3165623193,169.1571632533,166.9998997931,168.118114339,38848,,
2024-04-17 00:00:00+00:00,165.2483601946,169.1373718454,164.8921148526,169.1373718454,62124,,
2024-04-18 00:00:00+00:00,165.1098203394,167.3363537272,164.6744093657,165.6046055367,39945,,
2024-04-19 00:00:00+00:00,165.7926239116,167.1780224641,164.4567038789,164.4567038789,48435,,
2024-04-22 00:00:00+00:00,167.3066666154,168.2813934541,166.3863661484,166.5595409675,46894,,
2024-04-23 00:00:00+00:00,170.7998501083,171.2748438977,166.9702126812,166.9702126812,28542,,
2024-04-24 00:00:00+00:00,169.582678523,171.0274512991,168.3457155297,169.3550773322,51920,,
2024-04-25 00:00:00+00:00,169.8102797137,169.9686109769,166.3269919247,167.5243721022,59587,,
2024-04-26 00:00:00+00:00,171.0076598912,171.0670341149,169.2264331809,169.2264331809,39545,,
2024-04-29 00:00:00+00:00,174.4117820486,174.4216777526,170.6514145491,170.9977641872,55180,,
2024-04-30 00:00:00+00:00,171.0769298188,174.5602176078,170.5029789899,173.7487698842,62648,,
2024-05-01 00:00:00+00:00,172.2842057002,173.3529417264,168.0785315232,171.6310892398,82662,,
2024-05-02 00:00:00+00:00,175.1737512525,175.6685364498,170.681101661,174.0159538908,71484,,
2024-05-03 00:00:00+00:00,173.1352362396,174.0159538908,163.0515139186,174.0159538908,110966,,
2024-05-06 00:00:00+00:00,167.1681267601,177.1627877456,166.6931329707,174.1742851539,98120,,
2024-05-07 00:00:00+00:00,164.9712804841,168.4446725692,164.7139921815,166.5150102997,98723,,
2024-05-08 00:00:00+00:00,171.5321322003,171.7003591674,163.5561948198,163.5561948198,88107,,
2024-05-09 00:00:00+00:00,176.1336345352,177.134788066,171.4946260957,171.8217356651,61077,,
2024-05-10 00:00:00+00:00,176.9266274309,176.9910581037,175.4199409291,176.1336345352,44181,,
2024-05-13 00:00:00+00:00,173.5167579796,178.2152408863,172.981487775,178.2152408863,53632,,
2024-05-14 00:00:00+00:00,175.9254739001,176.4409192823,173.7249186147,175.4992402187,35783,,
2024-05-15 00:00:00+00:00,178.3242774095,179.2263068283,175.4496781627,177.0257515428,74367,,
2024-05-16 00:00:00+00:00,172.0001590667,178.1260291856,171.4746030251,178.1260291856,72501,,
2024-05-17 00:00:00+00:00,173.3779842228,173.43745869,170.3150491634,172.9616629526,74153,,
2024-05-20 00:00:00+00:00,172.7336774951,175.2514299388,172.7138526727,173.7050937923,26308,,
2024-05-21 00:00:00+00:00,171.108042059,172.6642906168,170.1564505843,171.8812101323,49566,,
2024-05-22 00:00:00+00:00,167.152989992,170.344786397,166.9596979737,170.344786397,61824,,
2024-05-23 00:00:00+00:00,166.290610218,167.2719389263,164.6055003147,167.2719389263,63027,,
2024-05-24 00:00:00+00:00,167.7279098413,167.8072091309,166.2608729844,167.152989992,41213,,
2024-05-28 00:00:00+00:00,163.7332081295,168.5010779146,162.9451714394,168.5010779146,41430,,
2024-05-29 00:00:00+00:00,161.9687989367,163.7728577743,161.4533535545,161.7705507128,40249,,
2024-05-30 00:00:00+00:00,164.2684783341,164.2783907453,161.8151565631,163.4160109712,45066,,
2024-05-31 00:00:00+00:00,166.7366687218,166.8457052449,164.2387411005,165.0218215849,76272,,
2024-06-03 00:00:00+00:00,164.3477776236,167.8964208317,162.2314778334,167.8964208317,39051,,
2024-06-04 00:00:00+00:00,160.7991344156,163.7587821504,159.7880684736,162.137309927,44490,,
2024-06-05 00:00:00+00:00,163.2177627473,163.2673248033,160.5612365469,161.8894996471,17766,,
2024-06-06 00:00:00+00:00,160.6405358365,162.0480982262,159.1140245123,162.038185815,34568,,
2024-06-07 00:00:00+00:00,159.857455352,161.5970835168,158.3805060838,158.5985791302,37975,,
2024-06-10 00:00:00+00:00,163.0096021122,163.5448723168,158.0930461592,158.0930461592,84387,,
2024-06-11 00:00:00+00:00,163.5250474944,163.7332081295,160.1498714823,161.1460688074,74613,,
2024-06-12 00:00:00+00:00,165.7256027798,168.6795013161,165.2894566872,168.6002020265,45874,,
2024-06-13 00:00:00+00:00,164.2189162781,164.5262010251,161.126243985,164.5262010251,44005,,
2024-06-14 00:00:00+00:00,161.5921273112,161.9093244695,158.2912943831,161.8894996471,49351,,
2024-06-17 00:00:00+00:00,161.7209886568,163.554784728,159.2379296523,161.5723024888,50375,,
2024-06-18 00:00:00+00:00,161.5623900776,162.2909523005,160.0854408095,160.6504482476,46560,,
2024-06-20 00:00:00+00:00,159.9466670528,162.1670471606,159.1189807179,160.3530759118,32990,,
2024-06-21 00:00:00+00:00,159.9367546416,160.719835126,158.895951466,160.0953532207,143227,,
2024-06-24 00:00:00+00:00,160.2043897438,162.76149446,157.8055862345,160.6801854812,60555,,
2024-06-25 00:00:00+00:00,159.9863166975,160.5810613693,157.5676883658,159.500608549,56314,,
2024-06-26 00:00:00+00:00,158.1921702711,160.0358787535,157.5577759546,158.8662142324,51751,,
2024-06-27 00:00:00+00:00,158.8761266436,159.7682436512,158.0484403088,158.8265645877,39290,,
2024-06-28 00:00:00+00:00,159.7385064177,161.7903755351,157.6073380106,160.5414117245,103865,,
2024-07-01 00:00:00+00:00,155.347308258,160.2936014446,155.0102862773,160.2936014446,51817,,
2024-07-02 00:00:00+00:00,154.6732642967,156.333593172,153.9992203354,155.1094103893,46954,,
2024-07-03 00:00:00+00:00,155.9916149857,156.4475859007,153.2557894957,155.6645054162,23713,,
2024-07-05 00:00:00+00:00,153.6423735323,155.5752937155,153.0971909166,155.1292352117,30952,,
2024-07-08 00:00:00+00:00,156.2691624992,157.0522429836,154.4155416056,155.1787972677,83305,,
2024-07-09 00:00:00+00:00,160.3729007342,160.6207110141,155.8726660514,156.4178486671,74340,,
2024-07-10 00:00:00+00:00,163.554784728,163.9512811758,160.5810613693,161.9588865255,43246,,
2024-07-11 00:00:00+00:00,171.9704218331,173.7744806707,166.8159680113,167.9757201212,66248,,
2024-07-12 00:00:00+00:00,174.4187873984,176.9068026085,172.4957796264,173.992553717,62751,,
2024-07-15 00:00:00+00:00,178.8793724364,182.9236362042,176.4210944599,176.4210944599,61993,,
2024-07-16 00:00:00+00:00,187.0967613176,187.8699293909,180.6685626572,180.9312415539,46317,,
2024-07-17 00:00:00+00:00,183.0524975498,189.5054772381,182.2793294765,185.4711258815,123808,,
2024-07-18 00:00:00+00:00,179.5633288089,185.5702499935,178.958671726,181.5854606928,39276,,
2024-07-19 00:00:00+00:00,180.2076355366,181.2087890674,177.4438570471,179.8309639112,43240,,
2024-07-22 00:00:00+00:00,184.3510234164,184.6186585187,179.0478834267,180.4058837606,31801,,
2024-07-23 00:00:00+00:00,182.5271397564,184.9556804993,181.545811048,182.7055631579,77010,,
2024-07-24 00:00:00+00:00,181.2781759458,185.391826592,180.3860589382,181.2484387122,43993,,
2024-07-25 00:00:00+00:00,183.6571546327,189.1188932015,181.6251103376,181.6251103376,66844,,
2024-07-26 00:00:00+00:00,185.2332280128,187.9095790356,183.9347021462,186.6308779914,59202,,
2024-07-29 00:00:00+00:00,182.6262638684,186.7200896922,182.457752878,185.0250673777,47136,,
2024-07-30 00:00:00+00:00,182.5370521676,185.1088272523,182.1901177758,184.3510234164,87802,,
2024-07-31 00:00:00+00:00,185.1638411345,189.0296815008,182.7353003915,183.0921471946,52841,,
2024-08-01 00:00:00+00:00,178.9289344924,186.2641187772,175.9552111337,185.0944542561,56614,,
2024-08-02 00:00:00+00:00,176.5202185719,177.7890072049,168.9570488296,173.0013125974,67364,,
2024-08-05 00:00:00+00:00,169.9284651268,170.6917207888,164.8433981834,168.0847566444,79390,,
2024-08-06 00:00:00+00:00,168.3623041579,173.9231668386,167.7675594861,169.7004796693,49785,,
2024-08-07 00:00:00+00:00,164.9028726506,170.8106697232,164.7343616603,170.5132973873,52722,,
2024-08-08 00:00:00+00:00,167.5494864398,167.8567711869,165.279544276,167.4800995614,39717,,
2024-08-09 00:00:00+00:00,166.7267563106,168.3056457837,164.9889848779,167.0842407196,62810,,
2024-08-12 00:00:00+00:00,164.8400330408,167.1736118218,164.2938763049,165.8826959004,49301,,
2024-08-13 00:00:00+00:00,167.6303974556,167.6303974556,164.0356931206,166.8161274128,44157,,
2024-08-14 00:00:00+00:00,166.6771056982,168.6234097028,164.2243654475,168.6234097028,34041,,
2024-08-15 00:00:00+00:00,169.5667713377,171.612376567,167.0445202297,170.7186655445,40835,,
2024-08-16 00:00:00+00:00,169.9341858691,171.5230054647,168.6383048865,169.6859328073,32985,,
2024-08-19 00:00:00+00:00,171.9003501187,172.3372755074,169.2986580309,169.805094277,48320,,
2024-08-20 00:00:00+00:00,169.4078893781,171.0165692186,168.9610338668,171.0165692186,35250,,
2024-08-21 00:00:00+00:00,174.8098760031,174.9439326564,169.4503903023,170.0036967264,88967,,
2024-08-22 00:00:00+00:00,169.7852340321,175.4255435963,169.5568412152,175.4255435963,31204,,
2024-08-23 00:00:00+00:00,175.1971507795,176.6767390279,170.7405118139,170.9470583613,38533,,
2024-08-26 00:00:00+00:00,173.4593793468,178.0868164189,173.3402178772,177.1136644166,31452,,
2024-08-27 00:00:00+00:00,171.8109790164,173.757283021,171.6024464445,173.2707070198,26348,,
2024-08-28 00:00:00+00:00,173.0125238356,174.4522922928,170.9797284643,170.9797284643,26630,,
2024-08-29 00:00:00+00:00,174.1842782873,176.5178570683,173.6778420412,175.0581290649,22810,,
2024-08-30 00:00:00+00:00,177.4016379683,177.5704500504,174.1048373075,175.1772905345,30253,,
2024-09-03 00:00:00+00:00,169.636282195,175.1971507795,168.2857855387,175.1971507795,31170,,
2024-09-04 00:00:00+00:00,169.3284483983,170.2419203646,167.9382312522,169.9341858691,21926,,
2024-09-05 00:00:00+00:00,167.2331925567,170.1327883186,166.4089923915,170.1327883186,26610,,
2024-09-06 00:00:00+00:00,164.9591945105,167.8587902724,164.5719197341,167.8091396601,20395,,
2024-09-09 00:00:00+00:00,165.2372379397,165.326609042,163.6186279767,164.4626883869,46207,,
2024-09-10 00:00:00+00:00,165.2868885521,166.1210188398,163.8569509161,165.5649319813,38110,,
2024-09-11 00:00:00+00:00,164.065483488,164.7059763875,160.7885430721,163.896671406,39033,,
2024-09-12 00:00:00+00:00,166.2501104319,166.7515816168,163.4597460172,165.5053512465,27078,,
2024-09-13 00:00:00+00:00,170.6988052995,171.1059403209,166.8459177802,168.712780805,33271,,
2024-09-16 00:00:00+00:00,171.1953114231,171.6322368119,168.0971132118,171.2648222804,38188,,
2024-09-17 00:00:00+00:00,173.2806371423,175.7194752215,171.1357306883,172.7742008962,67656,,
2024-09-18 00:00:00+00:00,174.7403651458,179.6160552797,173.3402178772,173.5984010614,54819,,
2024-09-19 00:00:00+00:00,179.8245878516,180.1026312808,176.4979968234,179.3181516055,43795,,
2024-09-20 00:00:00+00:00,176.8753414773,179.3776330391,175.8128183728,179.3479419729,194820,,
2024-09-23 00:00:00+00:00,176.5675076807,177.8683537245,175.7234472705,177.8385633571,26895,,
2024-09-24 00:00:00+00:00,178.7322743796,179.7352167493,177.5803801728,177.8683537245,28081,,
2024-09-25 00:00:00+00:00,178.0768862965,179.3975925853,177.5158343768,178.7223442572,39054,,
2024-09-26 00:00:00+00:00,181.2545254876,183.3199909619,179.6061251572,180.8672507112,45105,,
2024-09-27 00:00:00+00:00,181.095643528,185.152098558,180.2515831179,182.6050221438,30464,,
2024-09-30 00:00:00+00:00,181.5027785494,182.0886557753,178.7223442572,181.0559230382,26694,,
2024-10-01 00:00:00+00:00,179.139409401,181.7510316112,177.898144092,181.5623592842,28809,,
2024-10-02 00:00:00+00:00,177.9875151942,180.4203951999,177.9875151942,179.0202479313,16900,,
2024-10-03 00:00:00+00:00,175.8128183728,178.255628501,175.544705066,176.4880667009,27222,,
2024-10-04 00:00:00+00:00,179.9040288314,180.1224915258,177.3619174784,178.8117153594,26791,,
2024-10-07 00:00:00+00:00,180.3409542202,181.0936575036,177.4413584582,178.4840213178,41260,,
2024-10-08 00:00:00+00:00,180.0927011583,181.3041761,178.5386369914,180.3608144651,33100,,
2024-10-09 00:00:00+00:00,179.6160552797,181.830472591,178.8712960942,179.6359155246,34337,,
2024-10-10 00:00:00+00:00,173.3203576322,177.2924066211,172.5160177119,177.2924066211,56950,,
2024-10-11 00:00:00+00:00,174.5318325738,176.4873715923,173.9409902867,173.9409902867,79117,,
2024-10-14 00:00:00+00:00,174.7800856356,175.3858231065,174.1048373075,174.2637192671,37939,,
2024-10-15 00:00:00+00:00,178.2456983785,179.8841685864,173.6977022862,173.8267938783,74715,,
2024-10-16 00:00:00+00:00,181.2346652427,182.714253491,179.2486407482,180.4501855673,40709,,
2024-10-17 00:00:00+00:00,180.0529806685,181.7510316112,179.0252129926,181.7510316112,27110,,
2024-10-18 00:00:00+00:00,178.3350694807,181.0459929157,177.5009391931,181.0459929157,24293,,
2024-10-21 00:00:00+00:00,175.564565311,178.61311291,175.2468013918,177.709471765,26497,,
2024-10-22 00:00:00+00:00,172.0790923232,174.7403651458,171.8705597512,174.7304350233,35330,,
2024-10-23 00:00:00+00:00,171.2747524029,172.4862273445,170.6392245647,170.6392245647,22196,,
2024-10-24 00:00:00+00:00,176.3093244964,176.8654113548,170.9569884838,172.8437117535,62148,,
2024-10-25 00:00:00+00:00,175.7035870256,178.255628501,174.8148410643,178.255628501,33562,,
2024-10-28 00:00:00+00:00,178.1166067863,179.2387106257,177.8286332346,177.8286332346,41483,,
2024-10-29 00:00:00+00:00,180.6785783842,181.0261326707,174.9935832688,175.5149146986,50356,,
2024-10-30 00:00:00+00:00,187.9077075441,188.2354015857,179.6954962594,179.6954962594,49996,,
2024-10-31 00:00:00+00:00,182.5950920214,189.7745705689,182.5355112865,188.6028161171,57639,,
2024-11-01 00:00:00+00:00,178.8216454819,185.1173431293,178.61311291,184.7300683529,50773,,
2024-11-04 00:00:00+00:00,181.0162025483,183.1908993697,178.762064747,178.762064747,38532,,
2024-11-05 00:00:00+00:00,184.0349597799,184.6307671282,178.7422045021,179.7153565044,36543,,
2024-11-06 00:00:00+00:00,204.1732481538,208.6715936337,193.8260605376,194.6304004578,83138,,
2024-11-07 00:00:00+00:00,204.977588074,206.0401111786,201.4226042289,203.6568817852,50671,,
2024-11-08 00:00:00+00:00,207.7480922438,210.4830592296,204.2871158399,205.9778227039,65409,,
2024-11-11 00:00:00+00:00,209.5581431217,210.7366652592,206.8430668049,207.7480922438,37268,,
2024-11-12 00:00:00+00:00,204.207553164,210.1051365189,204.0185918086,209.1503844075,49190,,
2024-11-13 00:00:00+00:00,202.9047143453,206.6938867874,202.8947690108,206.644160115,36937,,
2024-11-14 00:00:00+00:00,201.1046088019,204.5854758747,200.1796926939,204.5854758747,28558,,
2024-11-15 00:00:00+00:00,201.1642808088,204.8142185681,200.8559754395,204.8142185681,28908,,
2024-11-18 00:00:00+00:00,202.9345503487,204.953453251,200.9653741189,200.9653741189,31991,,
2024-11-19 00:00:00+00:00,202.6461356484,204.7446012266,200.3686540493,200.3686540493,34483,,
2024-11-20 00:00:00+00:00,198.1806804606,202.0891969168,197.9121564293,201.2537888193,37907,,
2024-11-21 00:00:00+00:00,200.6968500876,202.8947690108,197.3402996959,199.1851592445,82419,,
2024-11-22 00:00:00+00:00,203.5014344149,205.1722506099,201.770946213,201.770946213,49052,,
2024-11-25 00:00:00+00:00,210.3637152157,211.4925106808,205.1523599409,205.1523599409,62078,,
2024-11-26 00:00:00+00:00,208.1856869615,211.0149357184,205.3612119653,208.3448123134,46272,,
2024-11-27 00:00:00+00:00,206.4253627561,210.4681412279,206.2065653972,208.5238283343,35333,,
2024-11-29 00:00:00+00:00,206.7535587944,209.100657735,206.2960734077,208.4343203239,31308,,
2024-12-02 00:00:00+00:00,208.6730083517,210.6918118007,205.1822953977,207.0817548327,38820,,
2024-12-03 00:00:00+00:00,207.0021921568,210.4880318969,207.0021921568,209.5481977872,31260,,
2024-12-04 00:00:00+00:00,208.7824070312,209.2995644249,204.9435079165,205.3612119653,33667,,
2024-12-05 00:00:00+00:00,204.1976078295,208.5089103326,204.0235644758,208.2453589685,30436,,
2024-12-06 00:00:00+00:00,202.9246050142,206.5944334425,202.2532949359,206.5944334425,32015,,
2024-12-09 00:00:00+00:00,203.8296304532,207.390060202,203.8296304532,205.013125258,31194,,
2024-12-10 00:00:00+00:00,205.7689706795,208.7973250329,202.496955631,204.2771705054,41217,,
2024-12-11 00:00:00+00:00,208.0961789511,211.4875380135,206.7833947979,208.8420790381,58031,,
2024-12-12 00:00:00+00:00,204.7744372301,208.5238283343,204.5456945368,208.5238283343,51228,,
2024-12-13 00:00:00+00:00,201.9300715649,204.4760771953,200.4482167253,203.0638396972,47856,,
2024-12-16 00:00:00+00:00,202.7555343279,203.9887558051,202.0394702443,203.0439490282,44406,,
2024-12-17 00:00:00+00:00,199.4039566034,200.925592781,197.3104636924,200.3089820423,39222,,
2024-12-18 00:00:00+00:00,190.8410236041,202.0096342408,189.6674741338,199.2050499135,59447,,
2024-12-19 00:00:00+00:00,190.9404769491,196.5695362726,189.3193874265,192.9195985133,69832,,
2024-12-20 00:00:00+00:00,188.9514100503,195.9230895305,187.4596098762,187.4596098762,272304,,
2024-12-23 00:00:00+00:00,187.9568766009,189.5282394509,187.3253478605,188.2651819702,43562,,
2024-12-24 00:00:00+00:00,190.8111876006,191.3283449943,187.9568766009,187.9568766009,16475,,
2024-12-26 00:00:00+00:00,191.6366503636,192.0145730744,189.6674741338,190.0056155066,24270,,
2024-12-27 00:00:00+00:00,188.1955646287,191.7361037086,186.2462790679,189.8265994857,30624,,
2024-12-30 00:00:00+00:00,186.4153497543,187.7828332472,184.9334949147,186.126935054,25877,,
2024-12-31 00:00:00+00:00,185.9678097021,187.5468304597,185.6992856708,187.2408125173,25580,,
2025-01-02 00:00:00+00:00,187.2805938553,188.3646353151,184.1925674949,186.8032177996,62358,,
2025-01-03 00:00:00+00:00,188.6828860189,188.8718473743,186.3755684163,187.7679152455,64975,,
2025-01-06 00:00:00+00:00,186.1169897195,191.925065064,185.1025656011,188.9016833778,71462,,
2025-01-07 00:00:00+00:00,183.1532800403,186.3357870784,181.97973057,184.9832215872,41569,,
2025-01-08 00:00:00+00:00,183.1532800403,183.5578562475,181.154267807,181.9498945665,32155,,
2025-01-10 00:00:00+00:00,176.4799605949,180.40836772,175.9420174521,179.2049822462,33752,,
2025-01-13 00:00:00+00:00,177.9817061035,177.9817061035,174.0433536439,174.0433536439,46893,,
2025-01-14 00:00:00+00:00,181.959839901,182.3576532808,178.8767862079,178.8767862079,42098,,
2025-01-15 00:00:00+00:00,184.4859548625,186.3755684163,182.2780906048,186.2661697369,43341,,
2025-01-16 00:00:00+00:00,185.4506523084,186.0324543763,183.7599454444,185.0528389286,33932,,
2025-01-17 00:00:00+00:00,189.5879114579,190.0453968446,186.3904864181,188.1557832908,46003,,
2025-01-21 00:00:00+00:00,193.0986145342,193.879323292,190.5724995728,192.0046277399,47203,,
2025-01-22 00:00:00+00:00,191.1692196424,193.7152252729,189.9558888342,191.7659397121,66075,,
2025-01-23 00:00:00+00:00,189.2597154196,190.3238662104,187.738079242,190.1846315275,60502,,
2025-01-24 00:00:00+00:00,189.7868181478,190.3885108846,187.3999378692,188.1856192942,45066,,
2025-01-27 00:00:00+00:00,186.0573177125,189.6078021269,185.4705429774,189.2099887471,37726,,
2025-01-28 00:00:00+00:00,185.9280283641,187.0518511619,184.6052988764,185.1721829426,33774,,
2025-01-29 00:00:00+00:00,184.1378681552,187.9767672699,183.5113120821,185.5501056533,24053,,
2025-01-30 00:00:00+00:00,185.5401603189,188.0165486078,184.8937135767,185.5600509878,39977,,
2025-01-31 00:00:00+00:00,181.7012612042,190.6122809108,178.7673875285,182.6659586501,161335,,
2025-02-03 00:00:00+00:00,187.0021244895,188.0762206148,178.0662414467,178.4093554867,111961,,
2025-02-04 00:00:00+00:00,190.8609142731,192.9195985133,185.0428935942,186.952397817,94197,,
2025-02-05 00:00:00+00:00,194.6898680533,196.1617775584,191.6814043689,192.5118397991,64877,,
2025-02-06 00:00:00+00:00,191.865393057,196.1021055514,189.6475834648,196.1021055514,65523,,
2025-02-07 00:00:00+00:00,191.2388369839,192.0195457416,189.6227201286,191.1791649769,59298,,
2025-02-10 00:00:00+00:00,195.0081187571,195.4158774713,190.5675269055,191.6664863671,51632,,
2025-02-11 00:00:00+00:00,192.9394891823,196.9126503127,191.785830381,192.7803638304,57885,,
2025-02-12 00:00:00+00:00,188.7525033604,192.2930424402,188.5535966705,188.563542005,69065,,
2025-02-13 00:00:00+00:00,189.1900980781,190.7017889212,186.5346937682,190.7017889212,42621,,
2025-02-14 00:00:00+00:00,187.4596098762,191.6786216625,187.3301006596,190.9862454661,39937,,
2025-02-18 00:00:00+00:00,189.03364497,190.9463964764,187.4596098762,187.4596098762,45836,,
2025-02-19 00:00:00+00:00,187.0113087419,189.661266558,185.8656502875,186.6128188447,47170,,
2025-02-20 00:00:00+00:00,186.0947819784,187.3948552679,184.7498785754,185.8457257926,41029,,
2025-02-21 00:00:00+00:00,189.03364497,189.9900207232,185.5169716275,188.6650418151,90737,,
2025-02-24 00:00:00+00:00,187.0013464944,191.8131120028,186.7423280613,189.1830786814,74874,,
2025-02-25 00:00:00+00:00,187.9776467425,189.6064741972,185.8407446689,188.2765141654,58109,,
2025-02-26 00:00:00+00:00,186.1246687207,188.963909238,185.6265563492,187.8182507836,43267,,
2025-02-27 00:00:00+00:00,183.3452016879,185.8656502875,182.3888259347,185.4273114006,41592,,
2025-02-28 00:00:00+00:00,185.2778776892,185.7660278132,181.9156191818,183.7138048428,42013,,
2025-03-03 00:00:00+00:00,180.7151683666,185.0985572354,179.5197982975,184.7598408229,45414,,
2025-03-04 00:00:00+00:00,179.240755747,182.070034017,177.4276267149,178.7924546127,48596,,
2025-03-05 00:00:00+00:00,182.0799962644,182.558184141,179.0714971632,179.2606802419,46580,,
2025-03-06 00:00:00+00:00,182.6478443679,183.5544088839,179.6492078916,181.0140357895,45499,,
2025-03-07 00:00:00+00:00,185.7959145555,186.0307247274,180.8745643254,183.4647486571,49218,,
2025-03-10 00:00:00+00:00,185.4273114006,187.0710822264,184.0126722657,184.0126722657,65275,,
2025-03-11 00:00:00+00:00,187.8680620208,188.9140980009,183.4049751725,186.2840646795,71953,,
2025-03-12 00:00:00+00:00,180.8048285934,189.03364497,179.0524692706,189.0037582277,106926,,
2025-03-13 00:00:00+00:00,171.7690701751,181.7014308621,168.1627366057,181.7014308621,73889,,
2025-03-14 00:00:00+00:00,176.0627988171,176.6007601783,171.4851461234,173.7415951661,40160,,
2025-03-17 00:00:00+00:00,173.5124634752,177.3280042406,173.2335205472,175.6742711674,49919,,
2025-03-18 00:00:00+00:00,169.8662809161,172.4265785054,169.2585838229,171.4303537625,58111,,
2025-03-19 00:00:00+00:00,169.9957901327,172.0579753506,168.1826611006,171.0019771231,55744,,
2025-03-20 00:00:00+00:00,168.401830544,169.8363941738,165.9112686867,168.0033406469,76182,,
2025-03-21 00:00:00+00:00,164.0981396546,167.6048507497,163.0869715405,166.8676444399,244939,,
2025-03-24 00:00:00+00:00,168.6708112246,168.6708112246,165.3733073255,166.1902116147,105924,,
2025-03-25 00:00:00+00:00,167.8539069354,169.0842444929,165.9710421713,168.2125478429,64784,,
2025-03-26 00:00:00+00:00,166.3296830787,171.0119393705,166.1802493673,168.5512642555,45975,,
2025-03-27 00:00:00+00:00,166.9473424194,167.9086992963,165.592476769,166.8576821925,63079,,
2025-03-28 00:00:00+00:00,159.7545997754,166.4193433056,157.5330185987,166.4193433056,76600,,
2025-03-31 00:00:00+00:00,160.7807112607,162.6087836639,156.8057745364,158.1805646816,112879,,
2025-04-01 00:00:00+00:00,160.2427498995,161.5876533024,157.7123390524,159.3561098783,63145,,
2025-04-02 00:00:00+00:00,162.3148973648,162.4842555711,157.8916595062,158.8081862697,59559,,
2025-04-03 00:00:00+00:00,148.1685060152,155.5405691129,147.5906956643,154.9129475248,64083,,
2025-04-04 00:00:00+00:00,139.2124455763,142.4501759908,134.1615861297,142.1014973308,185121,,
2025-04-07 00:00:00+00:00,137.2698073276,142.7490434137,129.5590278174,134.8390189549,136948,,
2025-04-08 00:00:00+00:00,133.4443043148,143.4862497235,131.7955523652,141.3045175365,89783,,
2025-04-09 00:00:00+00:00,148.0788457884,149.4436736862,131.1579685298,133.2649838611,117747,,
2025-04-10 00:00:00+00:00,138.4752392666,144.1138713115,134.8788679446,144.1138713115,78351,,
2025-04-11 00:00:00+00:00,142.2409687948,143.0130429706,136.5227383929,138.5250505037,80752,,
2025-04-14 00:00:00+00:00,142.290780032,144.5123612087,140.771537299,143.8847396206,53947,,
2025-04-15 00:00:00+00:00,139.0132006277,142.5248928466,138.554937246,142.0616483411,44209,,
2025-04-16 00:00:00+00:00,135.2972823366,139.4067094012,133.5837757788,137.99705139,64193,,
2025-04-17 00:00:00+00:00,135.7156967287,137.5537313794,134.9087546869,135.3869425635,59856,,
2025-04-21 00:00:00+00:00,130.4157810963,133.7232472428,128.3585770022,133.4443043148,79702,,
2025-04-22 00:00:00+00:00,132.8764562113,133.7740547047,129.7383482711,132.9960031805,73402,,
2025-04-23 00:00:00+00:00,134.0121524183,141.0654235982,132.9063429536,137.4092787916,105192,,
2025-04-24 00:00:00+00:00,138.3158433077,138.9982572566,133.4492854385,134.400680068,76141,,
2025-04-25 00:00:00+00:00,136.6421857396,137.2000715956,134.784226594,136.1540356155,52312,,
2025-04-28 00:00:00+00:00,139.6109354735,140.0094253707,135.9072707467,137.1004491213,88312,,
2025-04-29 00:00:00+00:00,141.8225544028,141.9919126091,138.34573005,138.34573005,72900,,
2025-04-30 00:00:00+00:00,140.8861031444,140.8861031444,137.8177309362,140.1289723398,102084,,
2025-05-01 00:00:00+00:00,144.3031540127,145.483680333,138.7342576997,141.0654235982,107296,,
2025-05-02 00:00:00+00:00,158.4495453622,160.5715040646,147.0128853134,147.5408844272,152186,,
2025-05-05 00:00:00+00:00,157.702376805,160.2427498995,154.5244198751,154.5244198751,131723,,
2025-05-06 00:00:00+00:00,156.7758877941,157.8019992793,154.9378531434,155.3612486591,96134,,
2025-05-07 00:00:00+00:00,151.9541600383,157.2341511758,151.4261609246,157.2341511758,80594,,
2025-05-08 00:00:00+00:00,152.9105357915,156.9053970107,152.2281218426,153.3289501836,68880,,
2025-05-09 00:00:00+00:00,153.5182328847,155.699513538,152.8393903931,153.44835204,57474,,
2025-05-12 00:00:00+00:00,156.8725134316,162.8623001223,156.7527176978,161.4646832278,60451,,
2025-05-13 00:00:00+00:00,156.3933304963,159.5978663759,156.3034836959,158.8092111283,53853,,
2025-05-14 00:00:00+00:00,156.3234496516,157.3017814777,154.8060370232,155.1055263578,120765,,
2025-05-15 00:00:00+00:00,154.6862412894,158.2601473483,153.9874328422,156.3434156072,110863,,
2025-05-16 00:00:00+00:00,156.0738752061,156.3434156072,153.7378583967,154.1970753763,59831,,
2025-05-19 00:00:00+00:00,156.023960317,156.0638922283,153.8277051971,153.8277051971,45593,,
2025-05-20 00:00:00+00:00,156.2735347625,157.3117644556,154.3468200436,155.0056965796,40407,,
2025-05-21 00:00:00+00:00,151.691347944,155.0356455131,150.5333225172,155.0356455131,63117,,
2025-05-22 00:00:00+00:00,147.0592462365,150.7030331401,146.7797228576,150.7030331401,88134,,
2025-05-23 00:00:00+00:00,145.6117144529,146.4253271451,144.3738252035,144.8530081387,65093,,
2025-05-27 00:00:00+00:00,150.5732544284,150.5932203841,147.1191441034,148.3071184637,88699,,
2025-05-28 00:00:00+00:00,151.421807543,152.1006500346,148.905997303,150.2637821161,137777,,
2025-05-29 00:00:00+00:00,153.7877732858,153.9475009309,150.8558725305,152.4101223469,49903,,
2025-05-30 00:00:00+00:00,150.6830671844,153.4683179956,149.7995736475,153.4683179956,64136,,
2025-06-02 00:00:00+00:00,148.1374078408,151.0724033193,147.5016918134,151.0724033193,67636,,
2025-06-03 00:00:00+00:00,150.4634416724,151.0823862971,147.9876631736,147.9876631736,26415,,
2025-06-04 00:00:00+00:00,150.543305495,151.5207388531,150.2587906272,150.4734246502,33247,,
2025-06-05 00:00:00+00:00,152.4899861695,152.5648585031,148.2129789829,149.7147183361,78347,,
2025-06-06 00:00:00+00:00,153.0390499495,157.3616793446,152.460037236,155.0256625352,197359,,
2025-06-09 00:00:00+00:00,156.3234496516,156.6379134528,151.5416032768,154.6263434225,97091,,
2025-06-10 00:00:00+00:00,155.1354752912,157.5513559232,154.5065476887,157.5513559232,51996,,
2025-06-11 00:00:00+00:00,154.0972455982,157.7210665461,153.2037690835,156.2635517847,51625,,
2025-06-12 00:00:00+00:00,155.5547603596,155.584709293,152.4400712804,153.5481818182,65077,,
2025-06-13 00:00:00+00:00,152.4500542582,154.3967349327,152.1605479015,153.3085903506,79334,,
2025-06-16 00:00:00+00:00,155.8841986276,155.9341135167,151.3519266982,153.8077392414,270699,,
2025-06-17 00:00:00+00:00,152.5099521251,158.1703005479,151.9808543008,153.9175519974,171560,,
2025-06-18 00:00:00+00:00,156.9923091654,157.561338901,151.531620299,151.531620299,294945,,
2025-06-20 00:00:00+00:00,155.8342837385,157.9007601468,154.6363264003,157.9007601468,177036,,
2025-06-23 00:00:00+00:00,158.6794324166,158.988904729,154.107228576,155.7045050269,83688,,
2025-06-24 00:00:00+00:00,159.4181727751,160.3665556679,157.0372325656,159.3882238417,74841,,
2025-06-25 00:00:00+00:00,157.6911176126,159.428155753,155.8143177829,159.428155753,315547,,
2025-06-26 00:00:00+00:00,156.8425644981,159.0288366402,154.4216923773,157.6911176126,150442,,
2025-06-27 00:00:00+00:00,158.6494834832,160.5262833129,156.1936709399,157.6911176126,159006,,
2025-06-30 00:00:00+00:00,156.2136368956,159.0488025959,154.7561221342,159.0488025959,130265,,
2025-07-01 00:00:00+00:00,160.9555513591,164.090206394,155.8143177829,155.8143177829,84727,,
2025-07-02 00:00:00+00:00,165.9270743125,166.1866317357,160.2866918453,161.6942917176,103521,,
2025-07-03 00:00:00+00:00,168.313006011,168.313006011,165.7723381563,167.1449976063,46127,,
2025-07-07 00:00:00+00:00,163.0320107453,168.313006011,163.0320107453,166.5659848928,69804,,
2025-07-08 00:00:00+00:00,163.9504447045,167.9935507208,163.0919086122,163.1617894569,127292,,
2025-07-09 00:00:00+00:00,167.0551508059,167.0751167615,163.0205303208,164.3198148838,139741,,
2025-07-10 00:00:00+00:00,166.3563423586,169.6906569498,166.006938135,166.006938135,241162,,
2025-07-11 00:00:00+00:00,163.0120447896,165.8172615565,161.6343938507,165.4179424437,73430,,
2025-07-14 00:00:00+00:00,161.344887494,162.5029129209,159.757594021,161.9338831853,154813,,
2025-07-15 00:00:00+00:00,157.6212367679,162.8223682111,157.6212367679,162.2134065642,199899,,
2025-07-16 00:00:00+00:00,153.9075690196,158.769279217,152.3801734135,158.0205558806,173579,,155.01900721669998
2025-07-17 00:00:00+00:00,155.9940113836,157.4615091228,153.1887946167,153.1887946167,127841,,155.2434130124687
2025-07-18 00:00:00+00:00,156.8425644981,157.3516963668,155.7144880047,157.3516963668,92020,,155.56917761423642
2025-07-21 00:00:00+00:00,154.5963944891,158.220215437,154.3068881323,158.220215437,49514,,155.58467666657575
2025-07-22 00:00:00+00:00,156.8225985425,158.1004197032,154.5864115113,154.5864115113,98528,,155.75180073674153
2025-07-23 00:00:00+00:00,161.1552109155,161.1552109155,157.6861261237,157.9506750359,61414,,156.18442633316903
2025-07-24 00:00:00+00:00,162.9221979893,162.9321809671,158.3599771264,159.3383089526,107034,,156.97148408277494
2025-07-25 00:00:00+00:00,166.1367168466,166.1566828023,162.4130661205,164.5594063514,51807,,157.51086221656055
2025-07-28 00:00:00+00:00,165.0685382201,166.8754572052,163.5710915474,166.8754572052,77955,,158.22207569828197
2025-07-29 00:00:00+00:00,165.0086403532,167.2947422735,164.8638871748,166.9153891164,138154,,159.28175484820096
2025-07-30 00:00:00+00:00,164.8389297303,166.5060870259,163.815674504,164.1600872387,129960,,159.9588628303925
2025-07-31 00:00:00+00:00,164.4595765732,166.4561721368,163.0170362785,163.4612787914,125689,,160.43628924383611
2025-08-01 00:00:00+00:00,180.8516261503,184.0561620299,165.5477211554,168.7123251237,300484,,163.64532479903036
2025-08-04 00:00:00+00:00,186.7316000851,187.9694893345,181.5704005532,182.1893451779,223336,,166.41314060640627
2025-08-05 00:00:00+00:00,193.5200250013,193.9592760253,187.6300680887,188.5784509814,169862,,168.64220778387312
2025-08-06 00:00:00+00:00,193.2604675781,194.3386291824,191.3736847705,192.6714718868,130514,,170.1865838650605
2025-08-07 00:00:00+00:00,192.222237885,194.1040292037,189.4769189851,194.0690887813,123503,,171.41798279739035
2025-08-08 00:00:00+00:00,187.67,195.8,187.26,192.55,120355,,172.40241765571986
2025-08-11 00:00:00+00:00,188.18,189.8363,185.15,187.62,156471,,173.37762779074393
2025-08-12 00:00:00+00:00,196.74,198.415,188.68,188.68,208807,,175.04020881139687
2025-08-13 00:00:00+00:00,208.12,210.09,196.7356,198.09,272806,,177.8188767311218
2025-08-14 00:00:00+00:00,203.98,207.325,203.15,204.25,133232,,178.9895079179868
2025-08-15 00:00:00+00:00,202.35,204.61,200.17,204.61,101322,,179.73604039976362
2025-08-18 00:00:00+00:00,203.94,204.125,200.43,202.67,83768,,180.32987132165354
2025-08-19 00:00:00+00:00,203.63,207.24,202.56,205.23,98256,,181.03678978518866
2025-08-20 00:00:00+00:00,200.6,203.705,199.17,203.16,88759,,181.55521754618215
2025-08-21 00:00:00+00:00,201.31,202.23,198.47,199.15,82074,,182.00001683281275
2025-08-22 00:00:00+00:00,210.48,212.42,203.26,203.26,130993,208.71999999999997,182.9568498979292
2025-08-25 00:00:00+00:00,209.41,211.5,208.97,210.25,68831,209.14712807270396,183.45556727259222
2025-08-26 00:00:00+00:00,210.28,211.0375,209.08,209.55,58035,209.36890066858246,183.8646123104268
2025-08-27 00:00:00+00:00,210.81,211.93,208.6,208.77,73781,209.60867467987376,184.3728815940628
2025-08-28 00:00:00+00:00,210.04,211.03,208.32,211.03,71398,209.64197737558246,184.8347567932606
2025-08-29 00:00:00+00:00,204.07,208.9,203.0,208.9,139284,208.53282447973714,185.5360284151318
2025-09-02 00:00:00+00:00,202.61,203.945,201.16,201.16,73831,207.8185242288306,185.83960032053457
2025-09-03 00:00:00+00:00,199.49,203.44,197.0,202.12,101520,206.7092371583809,186.17771355057073
2025-09-04 00:00:00+00:00,205.9,206.33,199.19,199.19,98782,206.3580583202177,186.57863991125694
2025-09-05 00:00:00+00:00,209.12,209.82,204.19,205.97,97579,206.50238677755243,187.0429364145157
2025-09-08 00:00:00+00:00,205.31,208.8,203.75,208.8,68831,206.46393602631085,187.3315501161046
2025-09-09 00:00:00+00:00,198.88,205.76,197.655,203.92,89444,205.98857338929358,187.5927915323245
2025-09-10 00:00:00+00:00,202.09,203.51,198.74,198.74,79773,205.67408056240788,187.82898204762412
2025-09-11 00:00:00+00:00,208.46,209.36,202.56,202.76,99468,205.7630341276817,188.2237312340348
2025-09-12 00:00:00+00:00,204.08,208.85,203.15,207.89,62639,205.7438240637382,188.44545134939202
