date,Close,High,Low,Open,Volume,aVWAP_peak_881,aVWAP_valley_897,SMA_50
2022-01-03 00:00:00+00:00,88.9960831683,91.7893013443,88.7884791147,90.5908597621,208417,,,
2022-01-04 00:00:00+00:00,87.5806009846,90.5719866663,87.10877359,90.0152303407,161996,,,
2022-01-05 00:00:00+00:00,85.617799023,88.0524283792,85.358293956,87.5617278888,270609,,,
2022-01-06 00:00:00+00:00,86.8634233448,86.9766619195,84.9006213833,85.7687837893,185463,,,
2022-01-07 00:00:00+00:00,86.6558192912,89.0527024557,86.0471619521,86.9860984674,206464,,,
2022-01-10 00:00:00+00:00,87.0710273984,87.5806009846,85.0610426974,87.1370832336,334916,,,
2022-01-11 00:00:00+00:00,89.1187582909,89.458474015,86.7501847701,87.8448243255,309391,,,
2022-01-12 00:00:00+00:00,93.5444992522,93.6577378269,90.1284689154,90.1379054633,245517,,,
2022-01-13 00:00:00+00:00,93.563372348,96.092367183,92.9971794745,93.91252462,291558,,,
2022-01-14 00:00:00+00:00,91.7893013443,93.4218241296,90.9588851299,93.3085855549,319470,,,
2022-01-18 00:00:00+00:00,91.3646566892,92.7764586193,89.8264993828,92.1384536163,249085,,,
2022-01-19 00:00:00+00:00,90.8362100073,93.0302073921,90.6474790494,91.553387647,211722,,,
2022-01-20 00:00:00+00:00,87.7882050382,91.2325450187,87.6372202719,91.0532506088,297464,,,
2022-01-21 00:00:00+00:00,83.6549970615,87.10877359,83.0604945443,86.759621318,455586,,,
2022-01-24 00:00:00+00:00,83.787108732,83.9192204025,80.908961625,81.6733220042,363583,,,
2022-01-25 00:00:00+00:00,85.5045604483,86.3632863065,81.6261392648,82.7962712034,238736,,,
2022-01-26 00:00:00+00:00,85.3913218736,87.7221492029,84.7873828086,87.7221492029,440486,,,
2022-01-27 00:00:00+00:00,85.6744183104,87.8259512297,85.1931543679,86.2123015402,242006,,,
2022-01-28 00:00:00+00:00,87.2975045478,87.5334182451,84.0607686209,85.5611797357,256258,,,
2022-01-31 00:00:00+00:00,87.2314487126,88.2694689807,85.5611797357,87.278631452,271190,,,
2022-02-01 00:00:00+00:00,89.6000222334,89.9208648617,87.4296162183,87.4296162183,181365,,,
2022-02-02 00:00:00+00:00,91.6005703865,92.7140830377,89.6566415208,90.2700171337,360533,,,
2022-02-03 00:00:00+00:00,92.4498596968,94.1673114131,90.4021288042,90.4021288042,256719,,,
2022-02-04 00:00:00+00:00,90.505930831,92.4771313202,90.2794536816,92.4498596968,179263,,,
2022-02-07 00:00:00+00:00,89.8548090265,90.595578036,87.6466568198,90.2322709422,225189,,,
2022-02-08 00:00:00+00:00,92.1290170684,92.6857733941,89.4018547277,90.5342404747,303159,,,
2022-02-09 00:00:00+00:00,92.7423926814,93.6388647311,92.1761998079,92.8273216124,168986,,,
2022-02-10 00:00:00+00:00,92.4215500531,94.5542098767,91.8270475359,91.8270475359,209034,,,
2022-02-11 00:00:00+00:00,93.9030880721,95.9696920604,92.7329561335,92.7329561335,459881,,,
2022-02-14 00:00:00+00:00,92.3649307657,94.1201286736,92.2847201087,93.9030880721,185779,,,
2022-02-15 00:00:00+00:00,91.5722607428,93.4501337733,90.8503648291,93.3085855549,363394,,,
2022-02-16 00:00:00+00:00,93.2330931718,94.176747961,89.5150933024,91.5345145513,356546,,,
2022-02-17 00:00:00+00:00,91.8364840838,92.8461947082,91.1570526356,92.8461947082,234637,,,
2022-02-18 00:00:00+00:00,91.0909968003,93.3274586507,90.8645196509,91.9685957543,296028,,,
2022-02-22 00:00:00+00:00,91.2136719229,94.3182961794,90.6191694057,90.6191694057,267253,,,
2022-02-23 00:00:00+00:00,86.6463827433,92.0629612332,86.5718340149,91.8364840838,501896,,,
2022-02-24 00:00:00+00:00,88.8828445936,89.0998851952,84.1079513603,84.5137229197,532767,,,
2022-02-25 00:00:00+00:00,92.1573267121,92.16676326,88.8073522105,89.0998851952,247894,,,
2022-02-28 00:00:00+00:00,94.1106921257,94.3749154667,90.8833927467,91.2514181145,290801,,,
2022-03-01 00:00:00+00:00,93.9880170031,96.8284179186,93.6011185396,94.5825195203,403113,,,
2022-03-02 00:00:00+00:00,94.3277327273,95.7809611026,93.2519662676,94.7051946429,257513,,,
2022-03-03 00:00:00+00:00,94.2050576047,95.2786536583,92.6197175588,94.6202657119,249308,,,
2022-03-04 00:00:00+00:00,91.7798647964,93.6388647311,90.680506967,93.6388647311,308002,,,
2022-03-07 00:00:00+00:00,87.0899004942,92.2139459995,86.5331441686,91.3929663329,412860,,,
2022-03-08 00:00:00+00:00,81.9941646326,87.4673624099,81.9941646326,87.2975045478,494996,,,
2022-03-09 00:00:00+00:00,86.146245705,86.1651188008,82.2866976172,83.5134488432,561528,,,
2022-03-10 00:00:00+00:00,89.6755146166,89.7793166434,85.5894893794,86.3444132107,316903,,,
2022-03-11 00:00:00+00:00,88.3355248159,90.4964942832,88.2505958849,90.4964942832,214787,,,
2022-03-14 00:00:00+00:00,84.6269614944,89.024392812,83.876755937,89.024392812,333549,,,
2022-03-15 00:00:00+00:00,88.7884791147,88.9677735247,84.1079513603,84.1079513603,297189,,,89.572090051654
2022-03-16 00:00:00+00:00,89.4962202066,92.4781693404,87.3541238352,90.2322709422,364890,,,89.58209279241999
2022-03-17 00:00:00+00:00,92.3606135451,92.467391564,89.8453979876,89.8453979876,272422,,,89.67769304362999
2022-03-18 00:00:00+00:00,93.8887256385,94.0405877099,90.4813204116,91.5823204292,251706,,,89.84311157594
2022-03-21 00:00:00+00:00,87.2257772561,93.9646566742,86.4949410375,93.8887256385,327630,,,89.85035865416599
2022-03-22 00:00:00+00:00,86.0868117207,88.2888117559,84.7295444576,88.2033893407,543190,,,89.83897850275599
2022-03-23 00:00:00+00:00,86.0393548234,86.3905358635,85.0617427388,85.6027513681,216931,,,89.818345051256
2022-03-24 00:00:00+00:00,82.9926220161,86.4190100018,82.3818517477,86.4190100018,348091,,,89.69582232576
2022-03-25 00:00:00+00:00,82.1573806234,83.4671909892,81.5024754405,83.2678720205,280902,,,89.468079953184
2022-03-28 00:00:00+00:00,80.6197771505,81.9865357931,79.6991133427,81.8156909628,541117,,,89.20920804923401
2022-03-29 00:00:00+00:00,82.6034754581,84.245484105,80.4584236997,81.246208195,220797,,,89.02549153151
2022-03-30 00:00:00+00:00,82.3187340742,83.9512513417,81.8536564806,82.9546564982,304813,,,88.84457307921001
2022-03-31 00:00:00+00:00,78.2374409056,82.0150099315,78.1330357315,81.8251823422,335082,,,88.592597697176
2022-04-01 00:00:00+00:00,75.3995184464,78.2184581466,73.4822597951,78.1804926288,582521,,,88.34482396534
2022-04-04 00:00:00+00:00,74.9439322322,75.6937512097,73.3968373799,75.390027067,290499,,,88.170602668754
2022-04-05 00:00:00+00:00,73.007690822,75.8551046606,72.7134580587,74.9344408528,262501,,,87.95501431055399
2022-04-06 00:00:00+00:00,69.2870700729,72.248380465,68.5182683364,72.1534666704,416925,,,87.63066450304599
2022-04-07 00:00:00+00:00,69.2206304166,70.0463804298,67.7874321179,69.761639046,414493,,,87.307250673906
2022-04-08 00:00:00+00:00,70.2741735369,71.7852011473,69.3819838675,69.5718114567,298934,,,86.99924577843599
2022-04-11 00:00:00+00:00,70.3975614699,72.1724494293,69.4768976621,69.7236735281,303491,,,86.66124691687801
2022-04-12 00:00:00+00:00,71.9541477017,73.501242554,71.744672957,72.3812597775,338244,,,86.35570089666
2022-04-13 00:00:00+00:00,74.3080098083,74.4978373975,72.5521046078,72.5900701257,190448,,,86.04986064815802
2022-04-14 00:00:00+00:00,73.501242554,74.9818977501,72.884302889,74.7730874019,218614,,,85.68787409150801
2022-04-18 00:00:00+00:00,74.2795356699,75.0578287858,73.1120959961,73.3019235853,164145,,,85.32446761097
2022-04-19 00:00:00+00:00,76.1398460445,76.74729433,74.1846218753,74.4219063618,223127,,,85.03714591524
2022-04-20 00:00:00+00:00,84.2739582434,85.6691910243,80.9329926728,81.6068806146,877105,,,84.925528899578
2022-04-21 00:00:00+00:00,83.1824496053,86.9125617339,82.7933030474,85.5742772297,686970,,,84.746597550316
2022-04-22 00:00:00+00:00,82.869234083,83.8468461676,82.2997513153,83.381768574,360220,,,84.54913437834801
2022-04-25 00:00:00+00:00,82.5750013197,83.0305875339,80.3540185256,81.8631478601,421046,,,84.35220340368001
2022-04-26 00:00:00+00:00,81.5973892351,82.9736392571,80.6577426684,82.2617857975,401115,,,84.10608942694
2022-04-27 00:00:00+00:00,82.4705961456,82.8027944268,80.6957081862,81.3980702664,312225,,,83.90820273453801
2022-04-28 00:00:00+00:00,84.9858117031,85.0142858415,81.8346737217,83.0021133955,343645,,,83.776473753744
2022-04-29 00:00:00+00:00,83.3532944356,85.9444410287,83.1919409848,85.5458030913,310931,,,83.57887777902
2022-05-02 00:00:00+00:00,84.3973461764,85.0712341182,82.7471749432,83.5241392659,283069,,,83.43009502087199
2022-05-03 00:00:00+00:00,86.6183289706,87.016966908,84.4732772121,84.8339496317,374685,,,83.340641664278
2022-05-04 00:00:00+00:00,88.8013462468,89.0196479744,86.134268618,86.9884927696,324165,,,83.29239515075601
2022-05-05 00:00:00+00:00,87.7952600238,88.8487082303,86.0773203412,87.1118807026,270928,,,83.315372696366
2022-05-06 00:00:00+00:00,86.3430789662,87.6054324346,85.1186910155,87.4250962248,283339,,,83.264577383818
2022-05-09 00:00:00+00:00,85.5837686092,86.2196910331,83.5146478865,84.5397168684,439888,,,83.13310622176
2022-05-10 00:00:00+00:00,83.0495702928,86.0773203412,82.1194151055,85.9159668904,281381,,,82.911883785102
2022-05-11 00:00:00+00:00,81.0184150879,83.4766823686,80.6577426684,82.6604237349,267712,,,82.65249174679799
2022-05-12 00:00:00+00:00,80.7811306014,81.4455271637,79.1391219545,79.9363978293,468204,,,82.38155970428
2022-05-13 00:00:00+00:00,81.6258633735,82.3116155397,80.0977512801,80.9709581906,351756,,,82.129975819656
2022-05-16 00:00:00+00:00,83.3153289178,83.9037944444,80.4109668024,81.9295875163,428263,,,81.96068510208399
2022-05-17 00:00:00+00:00,86.1627427564,86.62782035,83.62854444,84.3214151407,414099,,,81.942141947328
2022-05-18 00:00:00+00:00,82.9071996009,86.4664668992,82.2617857975,85.2420789486,271512,,,81.960402646694
2022-05-19 00:00:00+00:00,83.0305875339,84.6393763527,82.8027944268,82.9071996009,259976,,,81.898089483272
2022-05-20 00:00:00+00:00,82.7078806322,84.0746392747,80.7716392219,84.0746392747,428625,,,81.758736803584
2022-05-23 00:00:00+00:00,83.2299065026,84.2929410024,81.9106047574,83.6095616811,288158,,,81.656624437318
2022-05-24 00:00:00+00:00,81.246208195,82.9878763263,78.7784495349,82.5844926992,583016,,,81.58900937133001
2022-05-25 00:00:00+00:00,84.1505703104,84.5017513505,80.7716392219,80.7716392219,368447,,,81.496251195244
2022-05-26 00:00:00+00:00,86.4854496581,87.121372082,84.4827685916,84.51124273,313618,,,81.436035784274
2022-05-27 00:00:00+00:00,86.381044484,88.0372902001,85.8210530957,87.263742774,463213,,,81.316444403052
2022-05-31 00:00:00+00:00,87.6813634703,88.2461005483,85.8400358547,85.8400358547,528598,,,81.192297159688
2022-06-01 00:00:00+00:00,83.6760013373,88.9769367669,83.6760013373,87.8711910595,713395,,,81.121301641312
2022-06-02 00:00:00+00:00,84.9003892879,85.5363117119,82.4705961456,83.6760013373,592831,,,81.097573192656
2022-06-03 00:00:00+00:00,89.4657428092,90.8989411079,87.3206910507,87.3206910507,1016237,,,81.166100952372
2022-06-06 00:00:00+00:00,89.0386307334,89.9592945412,86.9695100106,89.4657428092,415843,,,81.28702112671799
2022-06-07 00:00:00+00:00,87.387130707,88.8393117647,86.5518893143,88.8393117647,377844,,,81.39161612839001
2022-06-08 00:00:00+00:00,86.7606996625,87.5484841578,85.7934331815,87.1688289793,665311,,,81.51443457863
2022-06-09 00:00:00+00:00,84.1031134131,86.5518893143,83.8943030649,86.3335875867,450200,,,81.54442733773
2022-06-10 00:00:00+00:00,83.1065185696,83.9132858239,81.8536564806,82.2997513153,441300,,,81.56018302763799
2022-06-13 00:00:00+00:00,77.1174581291,80.9709581906,76.9371219193,80.7716392219,492386,,,81.537783372108
2022-06-14 00:00:00+00:00,77.4401650308,80.1736823158,76.7757684684,77.3547426156,458813,,,81.578596303796
2022-06-15 00:00:00+00:00,79.3384409232,79.8225012757,77.136440888,77.8293115887,496659,,,81.666486477616
2022-06-16 00:00:00+00:00,74.7161391252,78.142527111,74.4598718797,77.0510184728,443270,,,81.70065544367999
2022-06-17 00:00:00+00:00,74.0897080807,75.3805356875,73.1975184112,74.9913891296,647851,,,81.79670820383599
2022-06-21 00:00:00+00:00,74.8205442992,76.3306749845,74.2298307189,75.7447252233,352514,,,81.908706481488
2022-06-22 00:00:00+00:00,72.7816296832,74.0297503126,71.6478407144,73.4580920091,450511,,,81.958855604414
2022-06-23 00:00:00+00:00,68.7133280894,71.7717000135,67.9796999332,71.4477603082,928620,,,81.925170936804
2022-06-24 00:00:00+00:00,72.1432779108,72.2957201251,68.389388384,69.1706547323,554379,,,81.928953540986
2022-06-27 00:00:00+00:00,73.1055693885,74.3346347412,71.7526447367,72.2766648483,297804,,,81.90490473259
2022-06-28 00:00:00+00:00,71.5525643305,74.1726648885,71.3620115626,73.6105342233,537482,,,81.86593116812
2022-06-29 00:00:00+00:00,71.6954789064,71.9908356966,70.3806648082,71.7431170983,327234,,,81.81425003285
2022-06-30 00:00:00+00:00,73.1055693885,73.7153382457,70.2758607858,70.4187753617,459457,,,81.75356449972999
2022-07-01 00:00:00+00:00,77.240564451,77.4311172189,73.1150970269,73.1150970269,280486,,,81.612896623882
2022-07-05 00:00:00+00:00,71.8955593126,74.1250266966,70.7998808974,73.9058910135,515534,,,81.387158818028
2022-07-06 00:00:00+00:00,75.0873181742,75.5541724555,72.3719412323,72.3719412323,413590,,,81.231520499852
2022-07-07 00:00:00+00:00,77.9551373305,78.5077403573,75.9162227144,75.9162227144,350186,,,81.139123220068
2022-07-08 00:00:00+00:00,77.0595393216,78.8316800626,76.6879614242,78.0980519064,351458,,,81.048366221798
2022-07-11 00:00:00+00:00,77.2500920894,77.9456096921,75.6780317546,76.2878006117,224945,,,80.943956140674
2022-07-12 00:00:00+00:00,78.1742730135,79.8034991787,76.8499312769,77.240564451,366527,,,80.80772536688201
2022-07-13 00:00:00+00:00,79.1651474064,79.4271574622,75.3255091341,76.8975694689,430148,,,80.72396242629799
2022-07-14 00:00:00+00:00,77.869388585,78.307659951,75.9162227144,77.1929262591,279233,,,80.59340327447
2022-07-15 00:00:00+00:00,78.3267152278,80.0272081282,77.774112201,78.9841222769,264844,,,80.427570999614
2022-07-18 00:00:00+00:00,79.3080619823,80.9277605091,78.9936499153,79.2318408751,145053,,,80.237705314324
2022-07-19 00:00:00+00:00,91.6558813394,97.8107357412,87.1778912948,97.4677407591,3990435,,,80.314917740636
2022-07-20 00:00:00+00:00,97.1723839689,98.1000901192,89.6550772769,90.6650069466,1011087,,,80.53150384069001
2022-07-21 00:00:00+00:00,93.2469969511,96.6626553149,92.275177835,96.1529266609,514565,,,80.684768407528
2022-07-22 00:00:00+00:00,93.2565245895,94.2759818975,91.6615979225,93.1517205671,434291,,,80.888907493462
2022-07-25 00:00:00+00:00,95.3049668439,95.3049668439,92.1894290894,94.094956768,417141,,,81.174638528582
2022-07-26 00:00:00+00:00,91.0461124823,94.9714995002,90.9794190136,94.9714995002,349919,,,81.3799381662
2022-07-27 00:00:00+00:00,89.8932682368,92.1703738127,88.4069566475,92.1703738127,335067,,,81.545286263466
2022-07-28 00:00:00+00:00,89.2453888261,93.2469969511,88.540343585,92.7515597546,318792,,,81.66388746163199
2022-07-29 00:00:00+00:00,89.2168059109,90.360122518,87.3970269778,89.5979114466,165226,,,81.724968724722
2022-08-01 00:00:00+00:00,89.1977506341,90.9794190136,89.0548360582,89.2072782725,129466,,,81.85077974538599
2022-08-02 00:00:00+00:00,86.358514393,88.8166450984,86.0059917725,88.7308963528,210664,,,81.917338282568
2022-08-03 00:00:00+00:00,86.13937871,87.7114390448,85.921005238,86.7015093752,146262,,,81.985968244124
2022-08-04 00:00:00+00:00,85.1580319555,86.13937871,84.5673183751,85.1866148707,169770,,,82.024530753182
2022-08-05 00:00:00+00:00,85.3009465314,85.3771676385,83.0143133171,84.4529867144,142507,,,82.10562551990999
2022-08-08 00:00:00+00:00,86.939700335,88.5784541385,85.8344942814,85.8344942814,238546,,,82.16140812040199
2022-08-09 00:00:00+00:00,85.291418893,86.6300520872,84.6435394823,86.5014289689,165912,,,82.13752750509998
2022-08-10 00:00:00+00:00,87.74002196,88.5117606698,86.2251274555,86.2251274555,167643,,,82.16470705462
2022-08-11 00:00:00+00:00,90.6078411162,90.9698913752,88.0639616653,88.9119214823,193155,,,82.223236607538
2022-08-12 00:00:00+00:00,90.8460320761,91.3795798261,90.4649265403,90.9317808216,125148,,,82.366637222314
2022-08-15 00:00:00+00:00,88.9309767591,90.0123637167,87.7304943216,89.6360220002,102177,,,82.44724897173799
2022-08-16 00:00:00+00:00,89.8075194912,90.1012565829,88.1306551341,88.3116802635,101492,,,82.45408450537799
2022-08-17 00:00:00+00:00,88.5212883082,89.3216099332,87.8734088975,88.6070370537,95293,,,82.443737656874
2022-08-18 00:00:00+00:00,89.7694089377,90.5125647323,88.5022330314,89.3311375716,87556,,,82.491383221488
2022-08-19 00:00:00+00:00,88.5212883082,89.1405848037,87.6352179377,89.1310571653,106849,,,82.526594994402
2022-08-22 00:00:00+00:00,86.5204842457,88.4260119243,86.3966249466,87.2445847635,117993,,,82.574942411054
2022-08-23 00:00:00+00:00,87.425609893,88.4355395627,86.0726852412,86.0726852412,110908,,,82.66132423752201
2022-08-24 00:00:00+00:00,86.7777304823,88.4736501162,86.5395395225,87.6352179377,97294,,,82.854529684586
2022-08-25 00:00:00+00:00,92.4466753261,92.5324240716,86.95037129,87.644745576,194292,,,83.154659890492
2022-08-26 00:00:00+00:00,89.7503536609,92.1036803439,88.5879817769,92.1036803439,133956,,,83.36289814524599
2022-08-29 00:00:00+00:00,90.4363436252,91.7892682769,88.6070370537,88.6070370537,97876,,,83.67730223524599
2022-08-30 00:00:00+00:00,88.3402631787,91.8369064689,87.7876601519,90.5125647323,88638,,,83.962313337206
2022-08-31 00:00:00+00:00,85.4629163841,87.9686852814,85.3200018082,87.8543536207,501377,,,84.17516077890399
2022-09-01 00:00:00+00:00,81.8043032412,84.4053485225,81.0039816162,84.3291274153,218666,,,84.355614250064
2022-09-02 00:00:00+00:00,80.8324841251,83.1286449778,80.7181524644,82.671318335,104062,,,84.59799737077802
2022-09-06 00:00:00+00:00,78.7268760403,80.7467353796,78.5077403573,80.0321625001,115233,,,84.72966933336798
2022-09-07 00:00:00+00:00,78.4982127189,79.2747152479,77.2310368126,78.1742730135,142633,,,84.83752219997601
2022-09-08 00:00:00+00:00,79.1460921296,79.2985343439,76.8689865537,77.7360016475,145699,,,84.989392755958
2022-09-09 00:00:00+00:00,81.3660318751,81.7090268573,79.4795594734,79.8130268171,96844,,,85.18280381533201
2022-09-12 00:00:00+00:00,83.643137451,84.2433786698,81.3660318751,81.3660318751,132778,,,85.39355517658201
2022-09-13 00:00:00+00:00,79.9654690314,82.356906268,79.7844439019,81.289810768,204627,,,85.44805326819
2022-09-14 00:00:00+00:00,81.3088660448,81.7661926876,79.4414489198,79.8701926475,144924,,,85.63631940283399
2022-09-15 00:00:00+00:00,77.8979715001,81.7852479644,77.6613049625,80.5275996966,233258,,,85.692532469352
2022-09-16 00:00:00+00:00,76.6212679555,77.06906696,75.7066146698,76.9070971073,190047,,,85.665855081852
2022-09-19 00:00:00+00:00,79.0508157457,79.2413685135,75.7542528617,76.00197146,113529,,,85.705680610334
2022-09-20 00:00:00+00:00,73.5914789466,77.7360016475,73.5152578394,77.7360016475,229866,,,85.632508347478
2022-09-21 00:00:00+00:00,71.9241422278,74.334686694,71.8858796172,73.6172627457,1739152,,,85.507505731764
2022-09-22 00:00:00+00:00,71.6850009117,72.7802681394,71.4745565536,71.7423948276,135945,,,85.35790280186998
2022-09-23 00:00:00+00:00,68.0596185598,71.3597687218,67.3469774378,70.8432234791,220456,,,85.161707401366
2022-09-26 00:00:00+00:00,67.2848006956,68.9874868662,66.9260887215,67.4378511379,228238,,,84.94086911072202
2022-09-27 00:00:00+00:00,66.9978311163,68.4613759708,66.7204271896,68.0596185598,215755,,,84.694664493402
2022-09-28 00:00:00+00:00,69.7144764671,69.8388299515,66.5769424,67.5622046223,294412,,,84.255836395956
2022-09-29 00:00:00+00:00,68.6335577184,68.777042508,66.9404372004,68.777042508,226806,,,83.685059870946
2022-09-30 00:00:00+00:00,69.341416014,71.6084756906,69.0161838241,70.0205773517,231138,,,83.206948252204
2022-10-03 00:00:00+00:00,72.0389300595,72.8998387975,70.5466882471,70.5466882471,267867,,,82.782596361604
2022-10-04 00:00:00+00:00,73.1294144609,74.3825149572,72.4070163733,73.1868083768,200058,,,82.339085313944
2022-10-05 00:00:00+00:00,71.3119404586,72.2589400703,70.9214705177,71.4458595956,242909,,,81.94440187347
2022-10-06 00:00:00+00:00,68.1457094336,70.8049608685,67.9830933386,70.8049608685,152205,,,81.509450697406
2022-10-07 00:00:00+00:00,68.7483455501,68.8535677292,66.4908515262,67.973527686,178538,,,81.09950983188601
2022-10-10 00:00:00+00:00,70.039708657,71.3932485061,69.5327290669,69.5327290669,203120,,,80.71596788680799
2022-10-11 00:00:00+00:00,71.3597687218,72.1824148492,69.4849008037,70.039708657,194559,,,80.359208248562
2022-10-12 00:00:00+00:00,70.6423447736,71.4267282903,70.470163026,71.4267282903,78351,,,80.04488485617401
2022-10-13 00:00:00+00:00,70.9197487002,72.1824148492,68.5665981499,68.9300929503,121623,,,79.740492255978
2022-10-14 00:00:00+00:00,71.1110617531,71.3789000271,69.3318503614,71.005839574,119995,,,79.45955285193
2022-10-17 00:00:00+00:00,71.5223848168,73.0815861977,71.3406374165,73.0146266292,125994,,,79.183981617638
2022-10-18 00:00:00+00:00,70.9962739214,72.6893944393,70.8527891317,72.6128692182,110223,,,78.86511308936599
2022-10-19 00:00:00+00:00,68.6239920657,70.5658195524,68.4422446655,70.5658195524,122321,,,78.53176455282001
2022-10-20 00:00:00+00:00,67.5909015802,69.6112630751,67.4761137485,68.5857294552,95917,,,78.12878214522401
2022-10-21 00:00:00+00:00,69.609254288,69.6666482039,67.0839219901,67.0839219901,172525,,,77.70881040866
2022-10-24 00:00:00+00:00,70.8049608685,70.9197487002,68.4135477076,68.8153051186,124437,,,77.30798898450799
2022-10-25 00:00:00+00:00,70.6806073841,71.7615261329,69.9918803938,70.470163026,148974,,,76.942981597008
2022-10-26 00:00:00+00:00,71.9815361437,72.5459096496,69.5327290669,70.441466068,232161,,,76.58646193005801
2022-10-27 00:00:00+00:00,71.4171626377,74.497302789,71.2832435007,73.3781214296,147063,,,76.244379416648
2022-10-28 00:00:00+00:00,74.0285858094,74.1242423359,70.9197487002,70.9197487002,111726,,,75.929562954082
2022-10-31 00:00:00+00:00,71.7710917855,72.9189701027,71.6658696064,72.7659196604,110378,,,75.59455902362801
2022-11-01 00:00:00+00:00,72.9572327133,73.6555253563,72.5459096496,72.966798366,93404,,,75.32329399298
2022-11-02 00:00:00+00:00,69.5422947195,72.9572327133,69.4657694984,72.938101408,95513,,,74.96562768951
2022-11-03 00:00:00+00:00,72.8520105342,73.4355153455,68.4900729287,68.5570324972,203184,,,74.687113290548
2022-11-04 00:00:00+00:00,74.7077471471,75.8173628538,73.7894444933,74.5451310522,105851,,,74.332334726968
2022-11-07 00:00:00+00:00,77.1469885713,77.1517713976,74.4781714837,75.3486458742,113816,,,74.080267425176
2022-11-08 00:00:00+00:00,75.7504032853,77.4626551085,74.6120906207,77.4626551085,161974,,,73.786548618378
2022-11-09 00:00:00+00:00,74.765141063,76.5443524547,74.4112119152,74.9947167264,95666,,,73.515046176064
2022-11-10 00:00:00+00:00,79.4523108584,80.1553863277,77.1469885713,77.1469885713,95829,,,73.39483406555
2022-11-11 00:00:00+00:00,79.2131695423,80.6097548283,78.9548969209,80.2079974172,130465,,,73.343011391572
2022-11-14 00:00:00+00:00,78.3331294991,79.3805684636,77.6444025087,79.0983817106,81465,,,73.293024299052
2022-11-15 00:00:00+00:00,82.3028753462,83.1350871262,79.9497247959,80.3419165542,141029,,,73.36454428517
2022-11-16 00:00:00+00:00,80.6480174388,82.0637340301,79.9879874064,82.0063401142,75968,,,73.407540379568
2022-11-17 00:00:00+00:00,78.4574829834,79.6818865218,77.4913520664,79.5575330375,115017,,,73.393768196644
2022-11-18 00:00:00+00:00,77.9696346986,79.7010178271,77.4913520664,78.5340082046,82204,,,73.325840253114
2022-11-21 00:00:00+00:00,80.2079974172,80.3514822069,76.3052111386,76.7069685496,117136,,,73.257137452438
2022-11-22 00:00:00+00:00,81.0115122393,81.7958957561,80.0358156696,80.4662700386,98618,,,73.278058316596
2022-11-23 00:00:00+00:00,78.0461599198,80.4471387333,77.8931094775,79.9401591432,78475,,,73.21280419409601
2022-11-25 00:00:00+00:00,79.0696847526,79.5288360795,77.9696346986,77.9696346986,59457,,,73.23623845914601
2022-11-28 00:00:00+00:00,76.3147767913,78.4383516781,75.9225850329,78.4383516781,91491,,,73.230108635862
2022-11-29 00:00:00+00:00,76.2573828754,77.3383016241,75.7886658959,76.3147767913,75259,,,73.174239978456
2022-11-30 00:00:00+00:00,74.9660197685,76.1999889595,74.0477171147,76.1999889595,163966,,,73.201730794894
2022-12-01 00:00:00+00:00,75.7121406747,76.9843724763,75.434736748,75.434736748,108502,,,73.277490763832
2022-12-02 00:00:00+00:00,74.5546967048,75.73127198,74.4303432204,74.6120906207,91709,,,73.334884679694
2022-12-05 00:00:00+00:00,72.4789500811,74.1625049464,72.1537178913,73.9711918936,105417,,,73.42327131012
2022-12-06 00:00:00+00:00,71.7136978696,73.5359546983,71.1110617531,72.6320005234,94116,,,73.5118492536
2022-12-07 00:00:00+00:00,72.1632835439,73.8181414513,71.1014961004,71.1014961004,129305,,,73.615158302152
2022-12-08 00:00:00+00:00,73.6746566616,74.8894945473,72.1537178913,72.4119905126,250917,,,73.694361906042
2022-12-09 00:00:00+00:00,72.7754853131,74.4781714837,72.2790279409,73.6746566616,90828,,,73.77720045793599
2022-12-12 00:00:00+00:00,73.0433235871,73.6555253563,71.57021308,72.7276570499,81723,,,73.851238609398
2022-12-13 00:00:00+00:00,73.4163840402,75.8077972011,73.3111618611,74.2772927781,178300,,,73.878787689012
2022-12-14 00:00:00+00:00,72.3354652915,74.2964240834,72.105889628,73.5694344825,83361,,,73.86290870562401
2022-12-15 00:00:00+00:00,70.5849508577,72.0771926701,69.2361938349,71.3119404586,121395,,,73.848368913606
2022-12-16 00:00:00+00:00,69.0640120873,70.6614760788,68.5283355393,69.8196986462,126181,,,73.86673496668
2022-12-19 00:00:00+00:00,68.7196485922,69.8579612568,67.8204772437,68.5379011919,149475,,,73.866161027522
2022-12-20 00:00:00+00:00,67.5526389696,68.9205272977,67.5335076644,68.3178911811,69966,,,73.816419633774
2022-12-21 00:00:00+00:00,68.805739466,70.1640621414,67.9830933386,67.9830933386,68851,,,73.76533904865799
2022-12-22 00:00:00+00:00,66.9691341584,68.2031033494,65.7638619253,68.2031033494,76336,,,73.691874836354
2022-12-23 00:00:00+00:00,67.7822146331,68.0213559492,66.5291141368,66.5291141368,110838,,,73.62912415501201
2022-12-27 00:00:00+00:00,68.7387798975,69.3366331877,67.7343863699,69.1596686138,62256,,,73.5816785179
2022-12-28 00:00:00+00:00,68.9587899083,70.2692843204,68.2318003073,68.6526890237,107287,,,73.53040661973
2022-12-29 00:00:00+00:00,71.2067182795,72.023088802,69.3530769755,69.3530769755,152036,,,73.53461550689201
2022-12-30 00:00:00+00:00,69.4299118482,71.1586964841,69.1033636392,70.6880828888,82610,,,73.55073390254199
2023-01-03 00:00:00+00:00,70.6400610933,71.7733754657,69.4683292846,69.5067467209,83847,,,73.611717092804
2023-01-04 00:00:00+00:00,72.2535934201,72.3784500883,71.1010703296,71.4948490522,54892,,,73.664603875446
2023-01-05 00:00:00+00:00,71.9654626475,73.487753563,70.7265003251,71.9654626475,146609,,,73.687813911026
2023-01-06 00:00:00+00:00,72.3880544474,73.5021601016,72.0999236747,72.8010418882,132852,,,73.721962852292
2023-01-09 00:00:00+00:00,71.6293100794,72.9066898381,71.3315749477,72.78183317,59575,,,73.714918331006
2023-01-10 00:00:00+00:00,69.7564600572,71.5140577704,68.9592982529,71.2739487931,122057,,,73.681704279396
2023-01-11 00:00:00+00:00,71.0050267387,71.9174408521,69.093567193,69.9293385208,100133,,,73.621233097982
2023-01-12 00:00:00+00:00,70.716895966,71.4468272567,69.5643728755,71.4468272567,78077,,,73.600149181592
2023-01-13 00:00:00+00:00,69.7180426209,70.1406344207,69.2570333846,70.1406344207,56002,,,73.53536537974401
2023-01-17 00:00:00+00:00,70.169447498,70.6880828888,69.0457374847,69.6316033891,123392,,,73.547908435314
2023-01-18 00:00:00+00:00,69.9773603162,73.1275900972,69.7084382618,70.3135128843,93274,,,73.490415430954
2023-01-19 00:00:00+00:00,69.0457374847,69.5692710986,67.9028187532,69.4875380028,104922,,,73.377175237706
2023-01-20 00:00:00+00:00,71.5620795658,71.9846713657,68.315806194,68.315806194,168197,,,73.265477057596
2023-01-23 00:00:00+00:00,71.6101013612,73.2044249699,71.4180141795,71.8502103384,129483,,,73.182671019114
2023-01-24 00:00:00+00:00,75.0772749921,75.1156924284,71.7925841839,72.4360762428,328640,,,73.188913697696
2023-01-25 00:00:00+00:00,76.8348727052,77.5455952777,74.0496085696,74.2513001105,145298,,,73.13656493463199
2023-01-26 00:00:00+00:00,83.356232526,83.3946499624,78.8325793955,79.0150622182,412254,,,73.219426194306
2023-01-27 00:00:00+00:00,83.5291109896,84.4991512575,82.7415535444,82.7415535444,177916,,,73.323345824116
2023-01-30 00:00:00+00:00,82.7895753398,84.8929299801,82.309453429,83.020079958,218362,,,73.33307982398799
2023-01-31 00:00:00+00:00,83.6731763759,84.8160951074,82.7991796989,82.7991796989,148263,,,73.39358300273
2023-02-01 00:00:00+00:00,84.6816340802,84.7104471575,81.9828091764,83.1161235488,207501,,,73.518066024666
2023-02-02 00:00:00+00:00,86.0262443525,87.822259502,84.8256994665,85.2578956255,190531,,,73.679198217744
2023-02-03 00:00:00+00:00,83.2217714988,85.8485637094,83.0008712398,85.3827522936,129244,,,73.739473699376
2023-02-06 00:00:00+00:00,81.6946784038,83.1065191897,81.1088124994,82.8568058535,101762,,,73.75313702266601
2023-02-07 00:00:00+00:00,83.8556591986,84.1341856122,80.7054294177,80.9455383949,139349,,,73.869327008242
2023-02-08 00:00:00+00:00,82.5590707217,84.2494379212,82.2517312309,83.8556591986,124719,,,73.93911472762399
2023-02-09 00:00:00+00:00,81.6850740447,84.2494379212,81.2720866039,83.240980217,126181,,,74.046520672692
2023-02-10 00:00:00+00:00,81.8771612265,82.7319491853,81.0223732676,81.6850740447,89620,,,74.158916239714
2023-02-13 00:00:00+00:00,82.15568764,83.1545409852,81.7955241742,82.5974881581,101200,,,74.302709597144
2023-02-14 00:00:00+00:00,79.543301968,82.6647186717,79.3608191454,81.6370522493,231374,,,74.37933282301
2023-02-15 00:00:00+00:00,79.0630840136,80.6093858268,75.7927997441,77.0269598869,293119,,,74.469500569186
2023-02-16 00:00:00+00:00,78.1986916957,79.1783363227,77.3919255323,78.342757082,150694,,,74.58389540147799
2023-02-17 00:00:00+00:00,74.7795398603,77.8433304094,74.635474474,77.4303429686,134011,,,74.645212241292
2023-02-21 00:00:00+00:00,72.2151759838,73.655829847,71.6773318748,73.655829847,213136,,,74.64625009008999
2023-02-22 00:00:00+00:00,72.3208239338,73.1179857381,72.0326931611,72.128736752,87928,,,74.619173435534
2023-02-23 00:00:00+00:00,71.9846713657,73.1948206108,71.1106746886,73.1948206108,128750,,,74.60335715658601
2023-02-24 00:00:00+00:00,72.5993503473,72.6953939382,70.1118213435,71.0722572523,128423,,,74.59447769179
2023-02-27 00:00:00+00:00,71.8502103384,73.7902908742,71.5428708476,73.214029329,156438,,,74.563154217754
2023-02-28 00:00:00+00:00,72.0903193156,72.6377677837,69.6892295436,71.8790234157,261255,,,74.558251298236
2023-03-01 00:00:00+00:00,72.6473721428,74.0496085696,71.8069907225,72.243989061,179822,,,74.599499723938
2023-03-02 00:00:00+00:00,72.88748112,72.88748112,70.8321482751,72.5033067564,138231,,,74.675969104592
2023-03-03 00:00:00+00:00,74.2897175468,75.1252967875,72.9931290699,72.9931290699,118433,,,74.787370483684
2023-03-06 00:00:00+00:00,74.4337829331,74.5106178059,73.6174124107,73.8575213879,206088,,,74.924993362954
2023-03-07 00:00:00+00:00,72.0519018793,74.4049698559,71.1027030706,74.4049698559,219199,,,74.98991661122
2023-03-08 00:00:00+00:00,71.9846713657,72.7146026564,70.4671826297,72.0326931611,137628,,,75.090227355366
2023-03-09 00:00:00+00:00,71.6004970021,75.5382842283,71.4660359749,72.2631977792,117478,,,75.166593002746
2023-03-10 00:00:00+00:00,69.8813167254,71.7637711066,69.7468556981,71.3123662295,142031,,,75.18944373930401
2023-03-13 00:00:00+00:00,69.1321767165,70.0157777526,68.4790802985,69.6988339027,97302,,,75.192911475468
2023-03-14 00:00:00+00:00,69.1321767165,70.5344131434,68.3638279894,69.9965690344,114628,,,75.151420644208
2023-03-15 00:00:00+00:00,68.0180710623,68.536706453,67.2881397716,68.1909495259,106905,,,75.12318382849
2023-03-16 00:00:00+00:00,70.0157777526,70.4256497298,67.180428075,67.5083256568,131826,,,75.110698161676
2023-03-17 00:00:00+00:00,70.7101491022,71.6552656614,69.6782361243,70.0832860783,258912,,,75.07982927531799
2023-03-20 00:00:00+00:00,69.7939646826,72.1905102434,69.52393138,70.7873014744,110202,,,75.03639931602
2023-03-21 00:00:00+00:00,70.2375908226,70.8837419396,69.4467790078,70.4304717531,206009,,,74.993390043524
2023-03-22 00:00:00+00:00,68.6270350534,70.6619288696,68.6270350534,70.4015396135,138723,,,74.933344543004
2023-03-23 00:00:00+00:00,66.4667686324,69.2538980773,66.4378364928,69.1767457052,139556,,,74.867550714508
2023-03-24 00:00:00+00:00,66.8718185863,66.9200388189,65.0490937936,66.1388710506,204329,,,74.78488655145999
2023-03-27 00:00:00+00:00,68.8488481234,69.1815677284,66.8428864467,66.8428864467,123091,,,74.74752559460799
2023-03-28 00:00:00+00:00,67.7976470524,68.7524076582,67.2190042611,68.7524076582,90282,,,74.709117683238
2023-03-29 00:00:00+00:00,67.7494268198,68.7138314721,67.4697494707,68.270205332,85135,,,74.660717269674
2023-03-30 00:00:00+00:00,67.4890375637,68.5113064951,67.4793935172,68.4245100764,75854,,,74.610950814624
2023-03-31 00:00:00+00:00,68.7041874256,68.8681362164,67.4601054242,67.6144101685,80395,,,74.604119813442
2023-04-03 00:00:00+00:00,69.562507566,70.0447098922,68.8199159838,68.8199159838,56119,,,74.564128373446
2023-04-04 00:00:00+00:00,67.9133756107,69.7361004034,67.0936316563,69.7361004034,93190,,,74.490193858436
2023-04-05 00:00:00+00:00,68.9742207282,69.2346099843,66.756090028,67.3154447263,120907,,,74.368132773158
2023-04-06 00:00:00+00:00,69.3696266356,69.6493039847,67.8555113316,68.9356445421,83093,,,74.218827851766
2023-04-10 00:00:00+00:00,70.3050991483,71.2116395214,69.0706611934,69.0706611934,93339,,,73.957805184212
2023-04-11 00:00:00+00:00,71.7613501732,72.147112034,69.8325408687,70.3050991483,78797,,,73.72244996788399
2023-04-12 00:00:00+00:00,71.7131299405,72.349637011,71.3755883123,72.2628405923,99667,,,73.500921059898
2023-04-13 00:00:00+00:00,73.4587023611,73.5069225937,70.4594038926,72.127823941,130467,,,73.29663157960199
2023-04-14 00:00:00+00:00,74.5195474786,75.136766456,73.2658214306,73.7383797102,252472,,,73.09338984757001
2023-04-17 00:00:00+00:00,74.712428409,75.0499700373,73.7287356637,74.1627177572,108808,,,72.86711352869999
2023-04-18 00:00:00+00:00,74.3073784551,75.136766456,73.2079571515,74.6352760368,117200,,,72.688825667826
2023-04-19 00:00:00+00:00,73.6033630589,73.8492862453,72.7450429184,73.7094475707,81612,,,72.52699936092799
2023-04-20 00:00:00+00:00,73.5358547333,74.2109379898,72.7353988719,73.0247202676,169130,,,72.32060327162199
2023-04-21 00:00:00+00:00,73.0054321745,73.8251761289,72.571450081,73.5647868728,132188,,,72.129530500678
2023-04-24 00:00:00+00:00,72.108535848,73.352135647,71.6166894753,72.8704155232,127386,,,71.93799973674399
2023-04-25 00:00:00+00:00,70.208658683,71.5588251962,69.5721516126,71.2019954749,295407,,,71.704629685874
2023-04-26 00:00:00+00:00,68.6270350534,70.1604384504,68.1737648668,68.1737648668,335910,,,71.434056634142
2023-04-27 00:00:00+00:00,69.3985587752,69.4660671008,67.9905279829,68.7909838443,134600,,,71.231161770286
2023-04-28 00:00:00+00:00,69.7939646826,70.0157777526,69.0706611934,69.4274909147,101760,,,71.045779383666
2023-05-01 00:00:00+00:00,69.7264563569,70.1797265435,68.8150939606,69.340694496,86481,,,70.87633467689
2023-05-02 00:00:00+00:00,67.9808839364,69.2346099843,67.2865125868,69.2346099843,166811,,,70.74036155841199
2023-05-03 00:00:00+00:00,70.4208277065,71.3755883123,68.1062565412,68.2798493786,179643,,,70.704474592866
2023-05-04 00:00:00+00:00,70.0639979852,70.3533193809,69.1767457052,70.0639979852,112502,,,70.659338073894
2023-05-05 00:00:00+00:00,72.3689251041,73.1308047793,70.0639979852,70.0639979852,112963,,,70.667023148662
2023-05-08 00:00:00+00:00,74.0084130129,75.1946307351,72.0603156153,72.0603156153,95137,,,70.69520440197401
2023-05-09 00:00:00+00:00,73.0922285932,74.046989199,72.552161988,73.7962439894,111092,,,70.72004476707
2023-05-10 00:00:00+00:00,72.7353988719,75.0210378977,71.6215114986,74.0180570594,123869,,,70.73294635819599
2023-05-11 00:00:00+00:00,71.5877573357,72.4171453367,70.8933859861,72.1664001271,187652,,,70.71175406205401
2023-05-12 00:00:00+00:00,71.6456216149,71.9735191966,70.5365562648,71.8770787314,145014,,,70.686916871952
2023-05-15 00:00:00+00:00,72.9572119419,73.2561773841,71.4527406844,72.1567560806,70347,,,70.660266759854
2023-05-16 00:00:00+00:00,72.6871786393,73.4779904541,71.9831632432,72.1953322667,75633,,,70.62533467397799
2023-05-17 00:00:00+00:00,73.2851095237,74.4085445031,72.2628405923,72.9861440815,96824,,,70.649998826866
2023-05-18 00:00:00+00:00,73.3719059424,73.4683464076,72.4075012902,73.198313105,40685,,,70.6777435184
2023-05-19 00:00:00+00:00,72.8221952906,73.8541082685,72.6871786393,73.8541082685,55878,,,70.70217748417
2023-05-22 00:00:00+00:00,72.3207048715,73.2079571515,72.1856882201,73.2079571515,24225,,,70.750965247092
2023-05-23 00:00:00+00:00,71.2309276144,73.0681184769,71.1827073818,72.108535848,87884,,,70.79294026504999
2023-05-24 00:00:00+00:00,69.5046432869,70.9223181257,68.7331195651,70.6522848231,118420,,,70.800389596458
2023-05-25 00:00:00+00:00,68.877780263,70.0157777526,68.5788148208,69.1767457052,63328,,,70.81758378047199
2023-05-26 00:00:00+00:00,68.8295600303,69.7264563569,68.6366790999,69.1478135656,57564,,,70.79385942602599
2023-05-30 00:00:00+00:00,67.4793935172,70.0157777526,66.534276958,69.74574445,127904,,,70.729244314326
2023-05-31 00:00:00+00:00,65.020161654,67.3154447263,65.0105176075,67.3058006798,88921,,,70.633768253754
2023-06-01 00:00:00+00:00,66.6982257489,66.9682590515,65.0683818866,65.0683818866,62397,,,70.56298095228
2023-06-02 00:00:00+00:00,68.3570017507,68.916356449,67.3154447263,67.3154447263,81266,,,70.557580286226
2023-06-05 00:00:00+00:00,68.1737648668,69.4371349613,68.1544767738,68.6848993325,84996,,,70.591720210914
2023-06-06 00:00:00+00:00,70.835521707,70.8837419396,68.048392262,68.1737648668,66235,,,70.67099427332799
2023-06-07 00:00:00+00:00,71.8963668245,72.8511274302,71.3273680796,71.3659442657,88703,,,70.73194464735
2023-06-08 00:00:00+00:00,72.8704155232,73.0825845467,71.2309276144,71.6649097079,77385,,,70.833400016766
2023-06-09 00:00:00+00:00,73.0729405002,74.4134629668,72.5135858019,73.1115166863,107937,,,70.939870290374
2023-06-12 00:00:00+00:00,73.9409046872,74.6159879438,72.6293143602,73.198313105,130208,,,71.068907632844
2023-06-13 00:00:00+00:00,76.3326282248,76.9787793418,74.5966998507,74.5966998507,151519,,,71.221476448828
2023-06-14 00:00:00+00:00,76.8244745974,78.1167768314,75.9082901778,76.4965770156,122521,,,71.36671578945601
2023-06-15 00:00:00+00:00,76.3615603643,76.8341186439,75.5466384332,76.3036960852,150166,,,71.535679484528
2023-06-16 00:00:00+00:00,76.7183900857,77.2295245514,76.4580008296,76.6991019926,208297,,,71.690562871678
2023-06-20 00:00:00+00:00,78.8207922275,79.6725949681,76.5557713039,76.5557713039,205893,,,71.879586183516
2023-06-21 00:00:00+00:00,80.0404188787,81.3800722797,78.162581019,78.162581019,238158,,,72.074292578124
2023-06-22 00:00:00+00:00,79.9049048064,80.1468942213,78.2593767849,80.1468942213,103692,,,72.23716367078801
2023-06-23 00:00:00+00:00,78.5304049296,79.914584383,78.3706919158,79.3725280936,129983,,,72.37350917057
2023-06-26 00:00:00+00:00,78.9369471467,79.8081090404,78.6852781552,78.8498309573,108686,,,72.483074066282
2023-06-27 00:00:00+00:00,80.0210597255,80.417922366,78.2980950913,78.6272006956,145795,,,72.59310431121999
2023-06-28 00:00:00+00:00,82.1118482705,82.5716281588,79.4015668234,80.0404188787,142407,,,72.74109270845001
2023-06-29 00:00:00+00:00,81.8021018194,82.8571756684,80.1759329511,82.2957602258,111038,,,72.890987175736
2023-06-30 00:00:00+00:00,83.2249995791,83.4950597661,81.5504328278,82.5183904875,109080,,,73.08341990614
2023-07-03 00:00:00+00:00,83.3121157685,83.9896861302,82.915253128,83.4379502642,35108,,,73.27894512684401
2023-07-05 00:00:00+00:00,81.8892180087,83.8735312111,81.6859469002,83.2540383089,122365,,,73.456620843528
2023-07-06 00:00:00+00:00,79.4402851297,81.2310068001,78.569123236,81.2310068001,90086,,,73.603255829162
2023-07-07 00:00:00+00:00,81.6956264768,82.0053729279,79.1886161382,79.2854119042,111634,,,73.832995185038
2023-07-10 00:00:00+00:00,82.7507003258,83.3895523812,80.6986300873,81.7343447832,174297,,,74.115468490486
2023-07-11 00:00:00+00:00,83.5541051834,83.9896861302,82.8716950333,83.4282706876,102925,,,74.39857941865
2023-07-12 00:00:00+00:00,86.1579112879,86.8064429199,84.163918509,84.3284713111,204997,,,74.72585835075601
2023-07-13 00:00:00+00:00,86.6902880007,87.1694270423,85.8288056836,86.8548408029,78737,,,75.06513498363199
2023-07-14 00:00:00+00:00,84.7253339516,86.7677246135,84.3526702526,86.4579781624,77221,,,75.400023983936
2023-07-17 00:00:00+00:00,85.5093796559,86.2934253603,84.4059079239,84.4059079239,91006,,,75.701795022924
2023-07-18 00:00:00+00:00,86.564453505,87.2807421731,85.7320099176,86.1772704411,125659,,,76.03180413332
2023-07-19 00:00:00+00:00,85.0737987091,86.922597839,84.7446931048,86.922597839,163299,,,76.28590160542001
2023-07-20 00:00:00+00:00,83.9122495175,85.7804078006,83.5541051834,84.9382846367,151333,,,76.483978335512
2023-07-21 00:00:00+00:00,84.01872486,84.8027705644,82.7507003258,83.7670558685,103810,,,76.702508260848
2023-07-24 00:00:00+00:00,84.7350135282,85.86752399,84.3575100409,85.3545064304,107179,,,76.942500553974
2023-07-25 00:00:00+00:00,85.267390241,85.5190592325,84.0284044366,84.3284713111,130688,,,77.21609321208
2023-07-26 00:00:00+00:00,85.3448268538,86.2740662071,84.4930241133,85.1028374389,184590,,,77.49007731685799
2023-07-27 00:00:00+00:00,83.6025030664,85.7900873772,82.4312742981,83.3314749216,214838,,,77.70298313934799
2023-07-28 00:00:00+00:00,82.4796721811,84.6962952218,82.0634503875,84.6962952218,187745,,,77.898833010184
2023-07-31 00:00:00+00:00,81.5891511342,83.3411544982,81.1826089172,82.7603799024,151838,,,78.06491384239399
2023-08-01 00:00:00+00:00,80.514718132,80.9890173852,79.3822076702,80.6695913575,169776,,,78.207770086186
2023-08-02 00:00:00+00:00,76.5364121507,80.2727287171,75.5587749144,79.3338097872,306802,,,78.282054423388
2023-08-03 00:00:00+00:00,76.5364121507,77.3591761614,75.5006974549,76.0814720507,121656,,,78.36636856897199
2023-08-04 00:00:00+00:00,76.3041023124,76.8945564848,75.210310157,76.7106445295,175994,,,78.467832062932
2023-08-07 00:00:00+00:00,75.0360777782,76.9429543678,74.3391482632,76.5364121507,109715,,,78.578460752758
2023-08-08 00:00:00+00:00,75.6942889868,76.120190357,74.1552363079,74.4553031824,98337,,,78.714790927234
2023-08-09 00:00:00+00:00,75.4813383017,76.0427537443,74.3391482632,75.3555038059,133502,,,78.84782649266201
2023-08-10 00:00:00+00:00,75.0070390484,77.3301374316,74.9876798952,75.8007643294,118088,,,78.998379403286
2023-08-11 00:00:00+00:00,74.7844087867,75.3651833825,74.5230602186,74.6101764079,74724,,,79.19366434594001
2023-08-14 00:00:00+00:00,74.7456904803,74.8521658229,73.3905497568,74.4069052994,135514,,,79.35461364056799
2023-08-15 00:00:00+00:00,73.4970250993,74.4746623356,73.302368814,74.1261975781,99022,,,79.45741410754
2023-08-16 00:00:00+00:00,73.8454898568,74.3875461462,73.2259969546,73.2259969546,115328,,,79.57084860734
2023-08-17 00:00:00+00:00,73.5841412887,74.8521658229,73.0236938037,73.5938208653,100355,,,79.625820998974
2023-08-18 00:00:00+00:00,74.4746623356,74.5424193718,73.1292011886,73.1292011886,136790,,,79.677386909196
2023-08-21 00:00:00+00:00,74.31978911,75.665250257,74.2907503803,74.6682538675,51259,,,79.70637438093199
2023-08-22 00:00:00+00:00,73.4583067929,74.8521658229,72.9791677514,74.8521658229,137847,,,79.714081706786
2023-08-23 00:00:00+00:00,74.0487609653,74.9586411654,73.3034335674,74.1165180015,145564,,,79.716238832348
2023-08-24 00:00:00+00:00,73.4195884865,74.1422656753,72.940449445,73.719655361,65482,,,79.657978037582
2023-08-25 00:00:00+00:00,72.7904160078,73.5551025589,71.7547013119,73.3518314504,128720,,,79.57729686579
2023-08-28 00:00:00+00:00,72.9259300801,74.4940214888,72.7710568546,72.7710568546,90120,,,79.508584260106
2023-08-29 00:00:00+00:00,73.5454229823,73.6035004419,72.3066307694,73.313113144,106118,,,79.445124918038
2023-08-30 00:00:00+00:00,73.361511027,74.1569786317,73.3034335674,73.4776659461,87937,,,79.33593929402801
2023-08-31 00:00:00+00:00,73.1775990716,74.2036341909,72.8097751609,73.1775990716,155684,,,79.198682897886
2023-09-01 00:00:00+00:00,72.8968913503,73.961644776,72.5000287099,73.961644776,116470,,,79.05852262876401
2023-09-05 00:00:00+00:00,71.0287330671,72.9743279631,70.8448211118,72.9743279631,99709,,,78.908489191514
2023-09-06 00:00:00+00:00,69.7413493798,71.2610429055,69.7413493798,71.2029654459,127864,,,78.724577236176
2023-09-07 00:00:00+00:00,68.3571699264,70.6414532075,68.2555343722,69.8865430287,109093,,,78.49129944019401
2023-09-08 00:00:00+00:00,67.9990255924,68.463645269,67.8731910966,67.8731910966,89821,,,78.209042986632
2023-09-11 00:00:00+00:00,68.463645269,69.0057015584,68.0087051689,68.2506945839,87774,,,77.942273855624
2023-09-12 00:00:00+00:00,69.5961557308,70.0607754075,68.5410818818,68.5410818818,177882,,,77.66969697865801
2023-09-13 00:00:00+00:00,69.112176901,69.8865430287,68.9040660042,69.2767297031,108496,,,77.385698201308
2023-09-14 00:00:00+00:00,71.6869442757,71.7740604651,69.4945201766,69.8478247223,129961,,,77.18165272664801
2023-09-15 00:00:00+00:00,71.1739267161,72.2870780247,70.8545006884,71.4449548608,192210,,,77.016325558376
2023-09-18 00:00:00+00:00,70.8545006884,71.3868774012,69.9349409117,71.3868774012,86403,,,76.79950304260801
2023-09-19 00:00:00+00:00,70.9803351842,71.319120365,70.4963563543,70.9996943374,96236,,,76.56409573977601
2023-09-20 00:00:00+00:00,70.5641133905,72.1709231056,70.3318035522,71.6191872395,91514,,,76.304295903918
2023-09-21 00:00:00+00:00,68.5991593414,70.16725075,68.5991593414,70.16725075,87430,,,75.953120864988
2023-09-22 00:00:00+00:00,68.8024304499,69.2186522435,68.1926171243,68.8314691797,109848,,,75.595363713972
2023-09-25 00:00:00+00:00,68.6088389179,69.1073371127,68.1055009349,68.966983252,93477,,,75.27303381329801
2023-09-26 00:00:00+00:00,70.2543669394,70.993068086,68.1451807709,68.6603276231,220968,,,74.967933558968
2023-09-27 00:00:00+00:00,70.5945582569,71.809527248,69.7764467371,70.847271807,146120,,,74.648535654006
2023-09-28 00:00:00+00:00,71.0611063495,71.0698541262,69.7295003353,70.5945582569,134650,,,74.368281806814
2023-09-29 00:00:00+00:00,70.5070804895,71.6442914652,70.1571694201,71.391577915,153861,,,74.10017842625399
2023-10-02 00:00:00+00:00,69.8072583507,70.4779212338,68.9664998089,70.1863286759,152927,,,73.815949096068
2023-10-03 00:00:00+00:00,67.5425561513,69.5837040563,67.3578808647,69.078276956,168334,,,73.47209994853
2023-10-04 00:00:00+00:00,67.591154911,67.8681678409,66.4928229431,67.5717154071,187646,,,73.11857524193
2023-10-05 00:00:00+00:00,66.502542695,67.8244289573,66.2498291448,67.2704030973,231447,,,72.741729558754
2023-10-06 00:00:00+00:00,65.6763637811,66.8621735163,64.869624371,66.3470266641,226500,,,72.383206773048
2023-10-09 00:00:00+00:00,65.5791662618,66.2235858146,65.2389749443,65.5014082464,125094,,,72.04519665466199
2023-10-10 00:00:00+00:00,66.9690907876,67.0176895472,65.5888860137,65.8804785716,330983,,,71.75279544773001
2023-10-11 00:00:00+00:00,66.4831031911,67.9410659804,66.0651538582,67.18292533,156582,,,71.47216314891199
2023-10-12 00:00:00+00:00,64.7432675959,66.3567464161,63.9462479378,66.3567464161,166376,,,71.236300257816
2023-10-13 00:00:00+00:00,64.6946688363,65.2146755645,64.1309232244,64.6169108209,164948,,,70.999465391528
2023-10-16 00:00:00+00:00,66.8427340125,66.8913327721,64.7821466036,64.7821466036,175219,,,70.81023802553
2023-10-17 00:00:00+00:00,67.5231166475,68.4756523365,66.225529765,66.6191797181,186773,,,70.65997880291599
2023-10-18 00:00:00+00:00,66.366466168,66.8718932683,65.6083255176,66.7649759971,170414,,,70.47342234654
2023-10-19 00:00:00+00:00,66.1331921217,67.3287216089,65.8707588196,66.502542695,134575,,,70.28645942294
2023-10-20 00:00:00+00:00,65.0154206499,66.1915106333,64.5780318131,65.6958032849,149341,,,70.08662705497001
2023-10-23 00:00:00+00:00,64.2961590072,65.2875737039,64.1600824802,64.6557898286,152786,,,69.87686205938
2023-10-24 00:00:00+00:00,64.2961590072,64.9279428826,63.2464257989,64.9279428826,202458,,,69.66787142991801
2023-10-25 00:00:00+00:00,62.7118394429,64.8210256114,62.7118394429,63.7421331473,174370,,,69.45216771679
2023-10-26 00:00:00+00:00,63.4505405894,65.8610390677,62.3133296138,64.8987836268,267032,,,69.24426873144199
2023-10-27 00:00:00+00:00,63.8004516589,63.9851269455,62.5368839081,63.3144640624,168579,,,69.048594938846
2023-10-30 00:00:00+00:00,65.2486946962,65.958236587,64.4030762784,64.4030762784,164411,,,68.864075586058
2023-10-31 00:00:00+00:00,65.550007006,65.7346822926,63.8393306666,64.869624371,173155,,,68.688679943978
2023-11-01 00:00:00+00:00,68.3881745691,68.5145313442,65.0640194096,65.2195354404,295903,,,68.587277299502
2023-11-02 00:00:00+00:00,70.6723162723,70.8278323032,68.7186461347,68.7186461347,337280,,,68.51974840564199
2023-11-03 00:00:00+00:00,72.3149543482,74.2103059743,71.3937162605,71.6928902248,299659,,,68.497655722876
2023-11-06 00:00:00+00:00,73.3938468123,73.4230060681,72.3149543482,72.3149543482,175013,,,68.509724338966
2023-11-07 00:00:00+00:00,71.809527248,73.3112289209,71.5568136978,72.9078592159,243032,,,68.487396282324
2023-11-08 00:00:00+00:00,71.2360618842,72.076820426,70.9347495744,71.673450721,159229,,,68.441209060362
2023-11-09 00:00:00+00:00,70.3807237145,71.7512087364,70.176608924,71.7512087364,120763,,,68.381593314112
2023-11-10 00:00:00+00:00,71.1874631245,71.5082149382,69.7878188468,70.2543669394,108249,,,68.34179059517
2023-11-13 00:00:00+00:00,70.3224052029,71.6831704729,70.302965699,70.7500742878,137308,,,68.29030087222199
2023-11-14 00:00:00+00:00,73.977031928,74.521338036,71.6831704729,71.6831704729,245443,,,68.34926684944
2023-11-15 00:00:00+00:00,76.2514538793,76.6402439564,73.8992739126,73.8992739126,173200,,,68.47946893942999
2023-11-16 00:00:00+00:00,74.4630195245,76.3972501582,74.0256306877,75.8140650425,151343,,,68.601585931392
2023-11-17 00:00:00+00:00,74.3658220052,76.1348168562,74.2394652301,74.8712491055,108802,,,68.728921859648
2023-11-20 00:00:00+00:00,75.1531219114,75.8237847944,73.9478726722,73.9478726722,97681,,,68.86271139249601
2023-11-21 00:00:00+00:00,74.2200257262,75.4058354615,73.9478726722,75.0948033998,185860,,,68.955188792404
2023-11-22 00:00:00+00:00,74.249184982,75.1822811672,74.113108455,74.6282553072,78037,,,69.057928954024
2023-11-24 00:00:00+00:00,75.1336824075,75.1336824075,74.0936689512,74.6088158034,48132,,,69.12686371666
2023-11-27 00:00:00+00:00,74.7448923304,75.2600391826,73.7243183779,74.3658220052,75190,,,69.19828302894601
2023-11-28 00:00:00+00:00,72.9564579755,74.8809688574,72.7231839292,74.8809688574,139503,,,69.240322174688
2023-11-29 00:00:00+00:00,72.353833356,73.2674900372,72.1788778212,73.170292518,92983,,,69.267792138124
2023-11-30 00:00:00+00:00,70.5265199934,72.8106616966,70.3224052029,72.4704703791,188942,,,69.267040270182
2023-12-01 00:00:00+00:00,73.3841270604,73.4230060681,70.5459594973,70.5459594973,98676,,,69.362739624562
2023-12-04 00:00:00+00:00,76.6791229642,77.5053018781,72.5773876503,72.7717826889,300514,,,69.520273474848
2023-12-05 00:00:00+00:00,75.1628416633,76.3194921428,74.5359176639,76.3194921428,172417,,,69.651353529756
2023-12-06 00:00:00+00:00,75.4252749654,76.7471612277,75.3669564538,75.7946255387,93430,,,69.754771690276
2023-12-07 00:00:00+00:00,74.4144207648,76.0667785927,74.2977837417,76.0667785927,107471,,,69.83116894043401
2023-12-08 00:00:00+00:00,73.1994517737,74.4873189043,72.4704703791,74.2200257262,119229,,,69.873935848918
2023-12-11 00:00:00+00:00,72.3635531079,73.3938468123,70.9347495744,72.8398209524,152599,,,69.911065301286
2023-12-12 00:00:00+00:00,71.1388643649,72.2371963328,70.7452144118,72.2371963328,93345,,,69.93769742157001
2023-12-13 00:00:00+00:00,75.8140650425,76.2222946235,70.5265199934,71.3429791554,195054,,,70.103127599394
2023-12-14 00:00:00+00:00,76.7666007315,78.2245635208,76.5138871814,77.2137093202,198556,,,70.286636515804
2023-12-15 00:00:00+00:00,74.7546120823,77.1165118009,74.2783442378,77.1165118009,280828,,,70.45167790354999
2023-12-18 00:00:00+00:00,74.7740515862,75.7168675232,74.4630195245,75.609950252,131737,,,70.633631659652
2023-12-19 00:00:00+00:00,82.6956494079,82.8803246946,75.1336824075,75.1336824075,356467,,,70.97596132257401
2023-12-20 00:00:00+00:00,81.4515211611,83.9494974067,81.3543236418,82.8317259349,151133,,,71.26560993004401
2023-12-21 00:00:00+00:00,82.5692926328,83.3954715468,81.9375087575,82.005547021,132781,,,71.587333718878
2023-12-22 00:00:00+00:00,83.230235764,83.502388818,81.8014322305,82.549853129,88854,,,71.95707308224
2023-12-26 00:00:00+00:00,84.3285677319,85.0769886304,83.3954715468,83.3954715468,100994,,,72.349751060152
2023-12-27 00:00:00+00:00,83.8231406316,85.5240972191,83.5995863373,85.0186701188,87674,,,72.689359192534
2023-12-28 00:00:00+00:00,83.8425801355,84.2912491311,83.3744037922,83.4914478781,63121,,,73.015748462294
2023-12-29 00:00:00+00:00,83.4719405304,84.349771174,83.1890839897,83.1890839897,77684,,,73.35785794954201
2024-01-02 00:00:00+00:00,82.4575584534,84.2619881096,81.9406137411,82.7696760156,96057,,,73.684345276176
2024-01-03 00:00:00+00:00,81.4821910716,82.1649482389,80.5263310375,81.3261322906,100543,,,74.01368068461
2024-01-04 00:00:00+00:00,81.4334227026,81.7357865909,80.6238677757,81.3066249429,90654,,,74.356425958518
2024-01-05 00:00:00+00:00,83.2476060326,83.4134184875,80.7896802306,81.5309594407,79101,,,74.735454899026
2024-01-08 00:00:00+00:00,84.8569622125,85.0276515043,82.6428782559,82.7891833632,80833,,,75.178357354418
2024-01-09 00:00:00+00:00,84.2132197405,85.4665668261,83.6475066591,83.6475066591,121299,,,75.59361093744
2024-01-10 00:00:00+00:00,83.3646501184,84.2132197405,82.7891833632,83.7645507449,104579,,,75.98489490663
2024-01-11 00:00:00+00:00,84.1059293286,84.4960762813,82.8867201014,84.3302638264,87412,,,76.362039599278
2024-01-12 00:00:00+00:00,83.7450433973,85.2080944699,82.8135675477,85.0910503841,84312,,,76.725940327104
2024-01-16 00:00:00+00:00,83.0037641872,84.6131203671,82.6526319297,84.3400175002,85432,,,77.018252119466
2024-01-17 00:00:00+00:00,80.0484010205,81.569974136,79.4729342652,81.4334227026,133131,,,77.20577381443
2024-01-18 00:00:00+00:00,79.8435738703,81.2773639215,78.6633793384,81.2090882047,65562,,,77.35634620487201
2024-01-19 00:00:00+00:00,80.8286949259,80.9067243164,77.9123464544,80.2629818444,234280,,,77.50504316714401
2024-01-22 00:00:00+00:00,80.9359853379,81.2578565738,80.2727355183,81.2090882047,67367,,,77.68757232894201
2024-01-23 00:00:00+00:00,79.0730336387,81.2188418786,78.7706697504,81.0627830975,86527,,,77.844311764032
2024-01-24 00:00:00+00:00,78.1561882999,80.7311581877,78.097666257,80.126430411,72704,,,77.99982105574
2024-01-25 00:00:00+00:00,79.5119489605,79.6450866081,78.3902764715,78.8096844456,73371,,,78.16631077246001
2024-01-26 00:00:00+00:00,79.0340189434,79.5704710034,78.1756956475,79.5704710034,76613,,,78.34054304727
2024-01-29 00:00:00+00:00,79.7460371321,80.1898292908,77.990375845,78.4585521882,73482,,,78.455923151352
2024-01-30 00:00:00+00:00,79.3656438532,80.2629818444,78.682886686,78.682886686,61485,,,78.51820695083
2024-01-31 00:00:00+00:00,77.561214197,79.43391957,77.5514605232,79.2095850722,62316,,,78.58017084428
2024-02-01 00:00:00+00:00,78.7706697504,78.9950042482,77.6294899137,77.7367803257,88645,,,78.668267799184
2024-02-02 00:00:00+00:00,76.9272253989,77.6392435875,76.5858468152,77.5514605232,81521,,,78.703749868934
2024-02-05 00:00:00+00:00,75.7860455622,76.4200343603,74.9277222663,76.1566851673,91969,,,78.73507026565399
2024-02-06 00:00:00+00:00,75.2495935022,75.7301570112,74.8789538972,75.5324500429,109108,,,78.755078436058
2024-02-07 00:00:00+00:00,74.888707571,75.5226963691,74.4400385754,75.5226963691,80908,,,78.750178939328
2024-02-08 00:00:00+00:00,75.4544206524,76.2834829269,74.0401379489,74.6351120517,155517,,,78.764369505768
2024-02-09 00:00:00+00:00,76.3420049698,76.3615123174,74.1181673394,75.3958986095,196529,,,78.832080445654
2024-02-12 00:00:00+00:00,76.8979643774,78.3805227977,76.3224976222,76.7419055963,334324,,,78.922963066082
2024-02-13 00:00:00+00:00,74.9374759401,76.3907733389,74.4790532707,74.8984612448,124831,,,79.011182185016
2024-02-14 00:00:00+00:00,76.761412944,76.9857474418,75.2398398284,76.0591484291,235504,,,79.078727902688
2024-02-15 00:00:00+00:00,78.6243646431,79.6485003939,74.4985606183,75.5909720859,216408,,,79.11763273626599
2024-02-16 00:00:00+00:00,77.7270266519,79.2632302782,77.1614111072,77.4051554159,153471,,,79.168916436038
2024-02-20 00:00:00+00:00,76.6736298796,77.1515598967,75.0643712364,76.6833835534,139224,,,79.193883534322
2024-02-21 00:00:00+00:00,76.917471725,79.0340189434,76.1956998625,76.6931372272,177751,,,79.24394455352599
2024-02-22 00:00:00+00:00,76.2932366007,77.6782582828,75.6787551502,77.2295892872,170570,,,79.305820250066
2024-02-23 00:00:00+00:00,75.1423030902,76.2542219054,73.8548181463,76.2542219054,156562,,,79.361395249712
2024-02-26 00:00:00+00:00,74.1474283609,75.0252590044,72.8306823955,75.0252590044,189002,,,79.421566529632
2024-02-27 00:00:00+00:00,77.1905745919,77.2100819396,74.1181673394,74.6253583779,154240,,,79.44909672062
2024-02-28 00:00:00+00:00,78.4878132097,79.5021952867,76.3712659913,77.4051554159,185133,,,79.483520970184
2024-02-29 00:00:00+00:00,78.5170742311,79.0242652696,77.7953023686,78.9364822053,140547,,,79.55877021316
2024-03-01 00:00:00+00:00,79.6192393725,79.7948055012,77.1954514288,78.4585521882,111263,,,79.65567396888599
2024-03-04 00:00:00+00:00,81.5797278098,81.8040623076,78.8779601624,79.5119489605,132947,,,79.633355536924
2024-03-05 00:00:00+00:00,78.9852505744,82.213716608,78.6438719907,80.9554926855,127716,,,79.58403012519
2024-03-06 00:00:00+00:00,79.6387467201,80.2629818444,78.7706697504,79.9996326514,124139,,,79.52541920693601
2024-03-07 00:00:00+00:00,78.3902764715,80.9554926855,78.2829860595,79.6387467201,91109,,,79.428620021086
2024-03-08 00:00:00+00:00,79.1413093554,80.2044598015,78.3122470809,78.7511624027,101057,,,79.324874853556
2024-03-11 00:00:00+00:00,81.355393312,81.7357865909,78.5463352526,78.5463352526,127230,,,79.27551990716401
2024-03-12 00:00:00+00:00,79.4046585485,80.9359853379,79.3656438532,80.770172883,97055,,,79.186761475424
2024-03-13 00:00:00+00:00,81.1115514666,81.5114520931,79.8435738703,79.8435738703,110194,,,79.13955369414799
2024-03-14 00:00:00+00:00,79.0632799649,81.3834876607,78.7597928823,80.4534466012,98354,,,79.07166812437801
2024-03-15 00:00:00+00:00,79.4352963887,80.1010099892,78.5835745763,79.1318093061,141917,,,79.03073023072
2024-03-18 00:00:00+00:00,77.7612224816,79.7289935654,77.7612224816,79.7289935654,124073,,,78.9572862263
2024-03-19 00:00:00+00:00,80.1499595186,80.3261778247,77.3304666224,77.457735399,159269,,,78.89533329602
2024-03-20 00:00:00+00:00,83.488317427,84.379198863,79.9345815891,79.9345815891,130425,,,78.86796040031
2024-03-21 00:00:00+00:00,84.4281483924,84.8686941575,83.6088311685,83.8603338508,107134,,,78.872258973348
2024-03-22 00:00:00+00:00,85.4267187932,85.5637774756,83.223989968,84.3106695218,143457,,,78.91350034684399
2024-03-25 00:00:00+00:00,85.8378948405,87.6881870537,85.4071389814,85.6616765345,159019,,,78.948139657082
2024-03-26 00:00:00+00:00,85.4658784167,86.6406671235,85.4658784167,85.8183150288,86505,,,78.98255635747
2024-03-27 00:00:00+00:00,84.9665932164,86.1462768761,84.5064676395,85.7693654993,134379,,,79.021812938054
2024-03-28 00:00:00+00:00,84.6141566043,85.3288197343,83.2925193092,84.6924758514,156303,,,79.11312804973001
2024-04-01 00:00:00+00:00,84.4575181101,84.8882739692,82.5093268381,84.8882739692,117781,,,79.205406934526
2024-04-02 00:00:00+00:00,83.0771413797,84.0365521568,82.6268057087,83.5176871447,156368,,,79.25037586360199
2024-04-03 00:00:00+00:00,81.0604207664,83.6155862036,80.913572178,83.0281918502,363029,,,79.25286457217199
2024-04-04 00:00:00+00:00,80.7765134956,83.1260909091,80.1793292363,81.4422270961,205600,,,79.28693416931
2024-04-05 00:00:00+00:00,79.6898339418,80.8744125545,78.6814736352,80.2380686717,252992,,,79.317607082148
2024-04-08 00:00:00+00:00,79.6310945065,80.1303797069,78.877369652,80.1303797069,142033,,,79.319989993068
2024-04-09 00:00:00+00:00,81.7652939904,82.3526883438,77.9374407876,77.9374407876,155670,,,79.374615494008
2024-04-10 00:00:00+00:00,79.053490059,80.8939923663,78.9458010942,79.8366825302,276031,,,79.360764552546
2024-04-11 00:00:00+00:00,79.9835311185,80.2282787658,77.7122729521,79.3569771416,175528,,,79.373122297852
2024-04-12 00:00:00+00:00,77.4675253049,79.8073128125,77.0563492575,79.8073128125,201221,,,79.37124852001
2024-04-15 00:00:00+00:00,76.8703410456,78.2996673055,75.9354050331,77.4185757754,175230,,,79.33324194591401
2024-04-16 00:00:00+00:00,76.2927365981,77.2521473753,74.5522871291,75.9696697038,211691,,,79.32055216989801
2024-04-17 00:00:00+00:00,76.3612659393,77.4773152108,76.3416861276,76.8213915162,162345,,,79.33205657744
2024-04-18 00:00:00+00:00,76.5962236807,77.3157817636,75.8326110213,76.4983246218,189826,,,79.35898918101
2024-04-19 00:00:00+00:00,75.7445018683,77.369626246,75.147317609,76.4395851865,249750,,,79.376105066956
2024-04-22 00:00:00+00:00,76.7724419867,77.2521473753,75.4997542211,75.7249220565,198773,,,79.402465493642
2024-04-23 00:00:00+00:00,76.9584501986,77.8787013522,76.5276943395,76.7724419867,220996,,,79.414794398218
2024-04-24 00:00:00+00:00,76.9976098222,80.3261778247,76.302526504,80.3261778247,269564,,,79.416787307114
2024-04-25 00:00:00+00:00,77.2325675635,77.5360546461,74.5501333498,76.0675687627,277209,,,79.46268913958201
2024-04-26 00:00:00+00:00,77.017189634,77.8689114464,76.8116016103,77.6633234227,156359,,,79.46780467338199
2024-04-29 00:00:00+00:00,75.1571075149,77.6925952413,74.618662691,77.3402565283,287201,,,79.398459530818
2024-04-30 00:00:00+00:00,74.9515194912,75.4312248798,73.8844197493,74.4130746673,234440,,,79.34294938760401
2024-05-01 00:00:00+00:00,75.4018551622,77.0073997281,74.5795030674,75.1179478914,167916,,,79.317513893256
2024-05-02 00:00:00+00:00,76.7137025514,76.9095006692,75.8179261625,76.3416861276,109778,,,79.313438509784
2024-05-03 00:00:00+00:00,76.6941227396,77.7905921992,76.6451732101,77.5262647402,187454,,,79.321456232562
2024-05-06 00:00:00+00:00,76.5864337748,77.5164748343,75.6759725271,77.5164748343,155675,,,79.350338846254
2024-05-07 00:00:00+00:00,75.773871586,76.9486602927,75.5115021081,76.4200053747,137457,,,79.382867710756
2024-05-08 00:00:00+00:00,78.1136590936,78.1234489995,75.5682835623,75.5682835623,188025,,,79.40132940079
2024-05-09 00:00:00+00:00,77.9668105053,78.3877764585,76.7822318926,78.0157600347,127399,,,79.390909346702
2024-05-10 00:00:00+00:00,76.5864337748,78.4171461762,76.4395851865,78.3975663644,120136,,,79.352296537576
2024-05-13 00:00:00+00:00,76.8018117044,77.2399099929,76.6353833043,76.8703410456,90946,,,79.29594798421401
2024-05-14 00:00:00+00:00,77.457735399,77.9590764796,77.0759290693,77.2913069989,89042,,,79.213508135998
2024-05-15 00:00:00+00:00,80.0716402715,80.8646226486,77.4479454931,77.7514325757,152021,,,79.23523592994
2024-05-16 00:00:00+00:00,79.7289935654,80.7569336838,79.1905487415,79.8856320596,185047,,,79.237040866846
2024-05-17 00:00:00+00:00,79.5234055417,80.0422705539,78.8576919412,80.0226907421,145775,,,79.25970344825001
2024-05-20 00:00:00+00:00,79.141599212,79.8464724361,79.0437001531,79.6408844124,54130,,,79.259709245382
2024-05-21 00:00:00+00:00,81.0604207664,81.1387400135,78.6912635411,79.0828597767,75949,,,79.25380979447
2024-05-22 00:00:00+00:00,80.1695393304,81.363907849,80.0912200833,80.561135566,102368,,,79.269107410108
2024-05-23 00:00:00+00:00,79.5136156358,80.3457576364,78.7597928823,80.2380686717,86283,,,79.237148693492
2024-05-24 00:00:00+00:00,80.0814301774,80.4240768836,79.7289935654,79.856262342,69748,,,79.257511697742
2024-05-28 00:00:00+00:00,78.6031543881,81.0114712369,78.5933644822,80.0912200833,107469,,,79.24086885773
2024-05-29 00:00:00+00:00,76.8801309515,78.3094572114,76.3514760335,78.3094572114,176813,,,79.223247027128
2024-05-30 00:00:00+00:00,76.7626520808,77.8297518228,76.5815388219,77.0759290693,155695,,,79.15550087837201
2024-05-31 00:00:00+00:00,78.3290370232,78.3681966467,76.9192905751,77.0563492575,188152,,,79.052315270296
2024-06-03 00:00:00+00:00,77.3402565283,78.7206332588,77.1395634576,78.5346250469,82162,,,78.910557433014
2024-06-04 00:00:00+00:00,75.3333258209,76.8507612338,74.9417295853,76.7822318926,151077,,,78.708689573568
2024-06-05 00:00:00+00:00,76.2927365981,76.3710558452,75.3626955386,75.5780734682,102193,,,78.51778640872
2024-06-06 00:00:00+00:00,77.8884912581,78.701053447,76.3221063158,76.3221063158,111861,,,78.366238665548
2024-06-07 00:00:00+00:00,76.3808457511,77.5066849284,76.302526504,77.2325675635,100517,,,78.194523716242
2024-06-10 00:00:00+00:00,77.2717271871,77.5947940814,76.214417351,76.214417351,110178,,,78.047675127898
2024-06-11 00:00:00+00:00,76.4200053747,76.7724419867,76.0039343744,76.7724419867,106109,,,77.88692487319
2024-06-12 00:00:00+00:00,77.3989959637,78.8087424118,76.9780300104,77.8395417287,97076,,,77.77336196487
2024-06-13 00:00:00+00:00,78.2213480584,78.4048108948,77.0416643987,77.8689114464,138197,,,77.71658051071
2024-06-14 00:00:00+00:00,78.2311379643,78.9066414707,76.8507612338,78.2213480584,217212,,,77.665673000084
2024-06-17 00:00:00+00:00,77.2521473753,77.8199619169,76.126308198,77.633953705,143928,,,77.616919268754
2024-06-18 00:00:00+00:00,76.3416861276,77.1346685046,75.8717706449,76.9584501986,275868,,,77.551131101176
2024-06-20 00:00:00+00:00,76.6647530219,76.7528621749,75.5878633741,76.1458880098,330671,,,77.449120281806
2024-06-21 00:00:00+00:00,76.3416861276,76.654963116,75.7151321506,76.5374842454,220409,,,77.39488420317801
2024-06-24 00:00:00+00:00,75.773871586,76.9682401045,75.1081579855,76.0969384803,175078,,,77.310691012528
2024-06-25 00:00:00+00:00,75.8815605508,76.4004255629,75.3529056327,76.0577788568,2124636,,,77.278971717446
2024-06-26 00:00:00+00:00,75.6955523389,76.1674207171,75.3023286903,75.469448741,335685,,,77.255475943312
2024-06-27 00:00:00+00:00,75.9216559367,76.2657266292,75.2384298475,76.0101312577,169235,,,77.248054330084
2024-06-28 00:00:00+00:00,75.5677546531,76.4525078622,75.3129457288,76.2460654468,223746,,,77.23218410436
2024-07-01 00:00:00+00:00,75.4792793322,76.5213220007,75.2630063255,75.6955523389,166678,,,77.20984521739
2024-07-02 00:00:00+00:00,74.1521495184,75.7545358861,73.783502348,75.7545358861,240626,,,77.177998170392
2024-07-03 00:00:00+00:00,74.8402909033,75.8233500246,74.0440130151,74.3094389778,127559,,,77.13935514872401
2024-07-05 00:00:00+00:00,73.5033304984,74.594526123,73.3657022214,74.4372366636,233579,,,77.07025275472
2024-07-08 00:00:00+00:00,73.4148551775,73.8965541469,72.746374975,73.3657022214,138398,,,76.998597661826
2024-07-09 00:00:00+00:00,73.5229916808,74.1128271536,72.6578996541,73.4345163599,141709,,,76.924406144172
2024-07-10 00:00:00+00:00,73.6311281842,73.9260459205,72.924308676,73.6212975929,157133,,,76.856684915176
2024-07-11 00:00:00+00:00,76.393524315,76.6097973216,74.0735047887,74.0735047887,171763,,,76.881413251178
2024-07-12 00:00:00+00:00,75.8626723895,76.6786114601,75.5874158355,76.4721690447,172485,,,76.899636309144
2024-07-15 00:00:00+00:00,74.7518155824,76.7081032338,74.7419849912,75.8626723895,192768,,,76.886635517548
2024-07-16 00:00:00+00:00,76.9145456492,76.9145456492,74.4470672548,74.8501214945,275055,,,76.890652379504
2024-07-17 00:00:00+00:00,79.7064335537,79.765417101,76.7375950074,76.767086781,242200,,,76.95089859578599
2024-07-18 00:00:00+00:00,77.5142117132,79.7680713606,77.2291245681,78.9593086215,277826,,,76.969454154554
2024-07-19 00:00:00+00:00,77.8484518145,78.4874402433,77.0914962911,77.8091294496,135816,,,77.010945759124
2024-07-22 00:00:00+00:00,78.1138777772,78.9593086215,77.9369271354,77.9369271354,117255,,,77.01095013279601
2024-07-23 00:00:00+00:00,77.6715011726,78.2121836893,76.393524315,77.9565883178,135557,,,77.005043946142
2024-07-24 00:00:00+00:00,77.9959106827,78.2515060542,77.1701410208,77.4945505308,214474,,,77.0332334843
2024-07-25 00:00:00+00:00,83.2945993464,83.8647736367,75.6857217476,76.4623384535,281086,,,77.16308923714
2024-07-26 00:00:00+00:00,86.3519132136,86.8718531828,83.3830746673,83.599347674,192485,,,77.340972793432
2024-07-29 00:00:00+00:00,85.2115646329,85.9390283826,84.4054561534,85.9390283826,272374,,,77.44377128065999
2024-07-30 00:00:00+00:00,86.2830990751,87.2543614869,85.309870545,85.771908332,128470,,,77.574853390854
2024-07-31 00:00:00+00:00,87.1875134667,88.4458291419,86.1946237542,86.4305579433,211629,,,77.72813554935401
2024-08-01 00:00:00+00:00,84.9166468965,88.082097267,84.2874890589,86.7254756797,127274,,,77.843636503044
2024-08-02 00:00:00+00:00,85.0542751735,85.8898754266,83.2454463903,83.8254512719,258376,,,77.92351359118601
2024-08-05 00:00:00+00:00,82.0657754448,83.0684957485,80.0701654286,82.3017096339,159681,,,77.961438313474
2024-08-06 00:00:00+00:00,84.110538417,85.3393623186,81.6037376578,81.9183165766,215632,,,78.05337676909801
2024-08-07 00:00:00+00:00,82.537643823,87.3841252909,82.5179826406,85.1427504944,159221,,,78.10250104201
2024-08-08 00:00:00+00:00,83.5305335355,84.1203690083,82.5966273703,82.5966273703,132351,,,78.201048624958
2024-08-09 00:00:00+00:00,83.9434183664,84.9068163053,83.3830746673,84.1203690083,102001,,,78.342314373256
2024-08-12 00:00:00+00:00,83.7468065422,84.5922373865,83.4125664409,83.6779924037,220418,,,78.481997462484
2024-08-13 00:00:00+00:00,85.3295317274,85.5458047341,83.8942654104,84.3956255622,64407,,,78.622007356568
2024-08-14 00:00:00+00:00,83.3044299376,85.5752965078,83.137309887,85.1525810856,118843,,,78.741290824754
2024-08-15 00:00:00+00:00,84.9363080789,85.9734354519,84.0318936873,84.0318936873,230772,,,78.933350469914
2024-08-16 00:00:00+00:00,83.7173147685,85.2213952241,83.3339217112,84.710204481,144586,,,79.081842033322
2024-08-19 00:00:00+00:00,83.8844348191,84.8085103932,83.8156206807,83.9827407313,80517,,,79.201760904542
2024-08-20 00:00:00+00:00,84.199013738,84.661051525,83.2847687552,83.9532489576,77861,,,79.35812426428
2024-08-21 00:00:00+00:00,84.8871551229,84.8871551229,83.7173147685,84.3759643798,66792,,,79.510432822996
2024-08-22 00:00:00+00:00,84.3366420149,85.034613991,83.7959594982,84.7298656634,72988,,,79.66876555580001
2024-08-23 00:00:00+00:00,88.1705725879,88.2809701273,84.4349479271,84.9756304438,84877,,,79.884197088284
2024-08-26 00:00:00+00:00,88.7800692431,89.8761801634,88.4261679595,88.4753209155,124805,,,80.095371511978
2024-08-27 00:00:00+00:00,87.4529394294,89.1044787532,87.1727675798,88.406506777,89538,,,80.27980754128
2024-08-28 00:00:00+00:00,86.8729345478,87.6888736185,86.6370003587,86.6370003587,69294,,,80.47222328472999
2024-08-29 00:00:00+00:00,87.4234476558,88.0427749022,87.0892075545,87.4431088382,50644,,,80.693858515294
2024-08-30 00:00:00+00:00,87.020393416,88.2787090913,86.4896397965,87.5020923855,76677,,,80.900971323176
2024-09-03 00:00:00+00:00,84.5824067953,86.9614098688,84.4054561534,86.0373342948,124374,,,81.06578573653
2024-09-04 00:00:00+00:00,85.0641057647,85.7129247847,84.2776584677,84.2776584677,96707,,,81.25159042010401
2024-09-05 00:00:00+00:00,86.4698803081,88.6203221359,85.4180070483,85.4180070483,76846,,,81.46335681525
2024-09-06 00:00:00+00:00,85.8407224705,86.7697133401,85.309870545,86.1553013893,97668,,,81.66626021788198
2024-09-09 00:00:00+00:00,86.1847931629,86.9515792775,85.3491929099,85.8603836529,95326,,,81.871522962406
2024-09-10 00:00:00+00:00,86.0078425211,86.4502191257,84.6217291601,85.9291977914,94240,,,82.080324719766
2024-09-11 00:00:00+00:00,85.2902093626,85.79648481,84.3563031974,85.7522471496,68939,,,82.276543320374
2024-09-12 00:00:00+00:00,86.7647980445,87.2759887876,85.5005840145,85.5359741429,91138,,,82.52879629089601
2024-09-13 00:00:00+00:00,88.9766810674,88.9766810674,86.9319180951,86.9319180951,125093,,,82.811524094178
2024-09-16 00:00:00+00:00,90.343133246,90.3529638372,88.2885396825,88.9176975201,94561,,,83.14832014913
2024-09-17 00:00:00+00:00,91.5817877388,91.679995345,90.4709309317,90.480761523,152328,,,83.511658800356
2024-09-18 00:00:00+00:00,90.94279931,92.0339949346,90.0777072832,91.1689029079,243985,,,83.86005495293999
2024-09-19 00:00:00+00:00,93.8231625353,94.1859113511,92.3655807762,92.5255244952,156797,,,84.26389563996199
2024-09-20 00:00:00+00:00,93.4987530253,93.9902825859,92.5058633128,92.5353550864,176710,,,84.60600021416799
2024-09-23 00:00:00+00:00,93.0858681944,94.1574026366,92.8351881184,93.4987530253,108882,,,84.95046413026598
2024-09-24 00:00:00+00:00,94.8652052039,95.7597890043,93.115359968,93.1841741065,112194,,,85.35273192269598
2024-09-25 00:00:00+00:00,93.4201082956,95.0126640721,93.3512941571,94.7865604742,109049,,,85.682843175624
2024-09-26 00:00:00+00:00,94.7275769269,95.4081478149,93.9730309424,94.6683968497,96703,,,85.98326604308801
2024-09-27 00:00:00+00:00,95.1517008136,95.6941848547,94.5697633877,95.6941848547,137643,,,86.336015825096
2024-09-30 00:00:00+00:00,96.0295386256,96.2662589345,94.4612665794,94.7275769269,95178,,,86.699637561318
2024-10-01 00:00:00+00:00,96.680519475,97.0651899768,95.5955513927,96.0098119332,106499,,,87.070970395274
2024-10-02 00:00:00+00:00,97.3413636705,97.4695871711,95.9802218946,96.2366688959,103702,,,87.464367645232
2024-10-03 00:00:00+00:00,96.7396995522,96.9468298224,96.1232404145,96.6509294364,98082,,,87.839243422622
2024-10-04 00:00:00+00:00,95.270060968,97.8838477116,95.270060968,97.8838477116,150227,,,88.07875265505399
2024-10-07 00:00:00+00:00,95.6843215085,95.851998394,92.5083240314,95.5659613541,133761,,,88.265400820952
2024-10-08 00:00:00+00:00,95.8815884326,95.8815884326,93.8448074418,95.2799243142,171742,,,88.478801296946
2024-10-09 00:00:00+00:00,99.7381567977,100.3990009932,95.6251414313,96.098582049,309328,,,88.747902451398
2024-10-10 00:00:00+00:00,98.9589524477,99.1660827179,97.5928789987,98.8800456781,192173,,,88.983331231018
2024-10-11 00:00:00+00:00,99.7578834901,99.9058336831,99.0181325249,99.0181325249,184573,,,89.28015596289
2024-10-14 00:00:00+00:00,99.7085667591,99.9354237217,99.1069026407,99.5408898736,52641,,,89.573241794602
2024-10-15 00:00:00+00:00,99.5803432584,101.0006651116,99.1069026407,99.1069026407,225139,,,89.923533150874
2024-10-16 00:00:00+00:00,96.4832525509,100.7442181103,96.4339358199,99.314032911,257236,,,90.170987433552
2024-10-17 00:00:00+00:00,96.2563955883,97.1736867851,95.363762757,96.7199728598,147270,,,90.44536246885801
2024-10-18 00:00:00+00:00,95.0826573902,96.8481963604,94.9692289089,96.8481963604,253562,,,90.676404945952
2024-10-21 00:00:00+00:00,93.1790315731,95.1615641598,93.1790315731,94.974160582,168604,,,90.861117210086
2024-10-22 00:00:00+00:00,92.8140877637,93.7905590377,92.6661375706,93.1888949193,185535,,,91.04246283451602
2024-10-23 00:00:00+00:00,93.218484958,95.0136139668,92.2518770301,92.4294172618,141379,,,91.20024189912802
2024-10-24 00:00:00+00:00,94.194956232,94.9642972358,91.4233559491,92.4294172618,226002,,,91.418052425016
2024-10-25 00:00:00+00:00,95.999948587,98.6038719844,93.8694658073,94.3626331174,293765,,,91.639325235178
2024-10-28 00:00:00+00:00,95.8421350478,96.389550762,94.2837263478,96.0394019718,183575,,,91.88182164076402
2024-10-29 00:00:00+00:00,92.3505104921,95.2404709294,91.8376164896,94.924843851,96188,,,92.051143154224
2024-10-30 00:00:00+00:00,92.6266841858,94.5894900801,92.3554421653,92.4195539156,125002,,,92.21969656317998
2024-10-31 00:00:00+00:00,89.1646496688,92.6957276092,88.6566873394,92.3702371846,387151,,,92.30524645409801
2024-11-01 00:00:00+00:00,90.7131950226,90.8907352542,89.1547863226,89.7663137871,144061,,,92.432777514252
2024-11-04 00:00:00+00:00,90.8907352542,92.6562742244,90.7033316764,90.9400519852,143565,,,92.487180767578
2024-11-05 00:00:00+00:00,91.8376164896,92.6471013125,90.7082633495,91.0880021783,112601,,,92.54833171250799
2024-11-06 00:00:00+00:00,91.8474798358,93.6524721909,87.9662531052,93.6524721909,195040,,,92.636222520636
2024-11-07 00:00:00+00:00,91.1767722941,93.0803981111,90.9474494949,91.5318527574,102054,,,92.722299275562
2024-11-08 00:00:00+00:00,89.0956062454,91.1964989865,89.0068361296,90.5553814833,124591,,,92.75574244735401
2024-11-11 00:00:00+00:00,91.2951324485,91.2951324485,88.8391592441,88.8391592441,145451,,,92.841237228004
2024-11-12 00:00:00+00:00,90.9893687162,91.3345858333,89.3520532466,91.2458157175,105614,,,92.969376466422
2024-11-13 00:00:00+00:00,90.3778412517,92.2420136839,90.3383878669,91.0682754859,127850,,,93.075651176162
2024-11-14 00:00:00+00:00,91.4134926029,91.6403495656,89.4901400935,90.9104619466,96410,,,93.17452342205802
2024-11-15 00:00:00+00:00,90.6244249067,92.4096905694,89.8649472492,91.1373189093,114642,,,93.27019747078201
2024-11-18 00:00:00+00:00,91.8672065282,92.587230801,90.0424874808,90.0424874808,107369,,,93.383845738088
2024-11-19 00:00:00+00:00,91.1964989865,92.0348834137,90.4962014061,91.028822101,74862,,,93.48761886739601
2024-11-20 00:00:00+00:00,92.1433802219,93.1810042424,90.5455181371,90.5455181371,185678,,,93.62468228458201
2024-11-21 00:00:00+00:00,94.2048195782,95.220744237,92.9324479181,92.9324479181,170201,,,93.773482715256
2024-11-22 00:00:00+00:00,93.1691682269,94.6585335035,92.4590073004,94.3330430788,160099,,,93.857332458446
2024-11-25 00:00:00+00:00,98.0811146357,98.9589524477,93.563702075,93.563702075,206259,,,94.01209208624
2024-11-26 00:00:00+00:00,97.1243700541,97.1539600927,95.3884211225,96.8975130914,116553,,,94.122943732546
2024-11-27 00:00:00+00:00,96.828469668,98.1871456074,95.851998394,96.779152937,131707,,,94.240657139706
2024-11-29 00:00:00+00:00,97.6274007104,97.8443943268,96.7692895908,97.025736592,54645,,,94.316741903208
2024-12-02 00:00:00+00:00,92.9521746105,97.3019102857,92.8831311871,97.3019102857,137326,,,94.305810334912
2024-12-03 00:00:00+00:00,93.7116522681,93.9582359231,92.2124236453,92.9817646491,72216,,,94.318326016386
2024-12-04 00:00:00+00:00,93.514385344,94.2738630016,92.4590073004,94.0765960776,60215,,,94.29130961918801
2024-12-05 00:00:00+00:00,94.1752295396,94.7867570041,93.3294476027,93.9187825383,61665,,,94.306412044068
2024-12-06 00:00:00+00:00,92.6661375706,94.8656637737,90.9400519852,94.8656637737,264495,,,94.265183256942
2024-12-09 00:00:00+00:00,92.2222869915,94.4612665794,91.7044613159,93.6228821522,160972,,,94.2065949805
2024-12-10 00:00:00+00:00,91.2655424099,92.296262088,90.6638782916,91.9362499517,218630,,,94.111315056186
2024-12-11 00:00:00+00:00,91.7389830276,92.4442122811,90.880871908,91.5022627188,152953,,,94.012484327238
2024-12-12 00:00:00+00:00,90.9104619466,92.8929945333,90.7131950226,91.2754057561,141417,,,93.88386629276002
2024-12-13 00:00:00+00:00,88.2670851644,91.0978655245,88.1043399521,91.0978655245,261957,,,93.714414005004
2024-12-16 00:00:00+00:00,86.738266503,88.0303648555,86.4472977901,87.5273341992,191733,,,93.54377811570401
2024-12-17 00:00:00+00:00,86.6593597334,86.9256700809,85.1206777259,86.1760557695,116796,,,93.36327888020202
2024-12-18 00:00:00+00:00,83.6510391417,87.1328003511,83.4241821791,86.7777198878,132819,,,93.118667894384
2024-12-19 00:00:00+00:00,83.6263807762,84.9699351514,82.9660633171,84.2882788875,141826,,,92.79643237395399
2024-12-20 00:00:00+00:00,84.545134871,85.5132843472,82.7175057577,83.6560180051,151447,,,92.50815602242001
2024-12-23 00:00:00+00:00,86.0269963141,86.0269963141,84.0511810566,84.0511810566,106397,,,92.2335382789
2024-12-24 00:00:00+00:00,86.6888944254,86.6888944254,85.5923169575,85.6713495678,54720,,,91.97314483222598
2024-12-26 00:00:00+00:00,86.2542150688,87.0247830192,85.7619406973,86.0665126193,73987,,,91.706622268434
2024-12-27 00:00:00+00:00,85.7405031018,86.8708855875,85.4529496625,85.7999969168,103952,,,91.49176727945199
2024-12-30 00:00:00+00:00,85.3835402116,85.7206718301,84.2928202693,84.8580115121,93949,,,91.274310171918
2024-12-31 00:00:00+00:00,85.8198281885,86.3751037955,85.2546369457,85.6909249226,126378,,,91.089053587884
2025-01-02 00:00:00+00:00,85.9586470903,86.7965183187,85.854532914,86.4147663389,123294,,,90.944645898228
2025-01-03 00:00:00+00:00,86.593247784,87.0989452118,86.1767910787,86.5139226973,81412,,,90.82022909863399
2025-01-06 00:00:00+00:00,89.0622411079,90.0637203277,87.5054862812,87.5054862812,109656,,,90.737104221632
2025-01-07 00:00:00+00:00,87.5649800962,89.8951545184,87.2377641135,89.1613974663,144901,,,90.604504698916
2025-01-08 00:00:00+00:00,84.5902893445,87.4459924661,81.595767321,87.4459924661,303550,,,90.376311514066
2025-01-10 00:00:00+00:00,84.0350137375,85.234805674,83.3111723212,83.8961948357,144916,,,90.14016908785999
2025-01-13 00:00:00+00:00,84.4415548069,84.8778427838,83.1723534194,84.2234108184,176684,,,89.98198997415601
2025-01-14 00:00:00+00:00,85.6016842001,87.0295357609,84.6696144312,84.6696144312,220147,,,89.84148997444201
2025-01-15 00:00:00+00:00,87.9021117148,88.9730003854,86.1172972637,87.2873422927,238301,,,89.81623921536199
2025-01-16 00:00:00+00:00,87.9417742581,88.0954666136,86.0776347203,87.2179328418,132368,,,89.760810800072
2025-01-17 00:00:00+00:00,89.2109756455,90.3116112237,88.0508462523,88.3681465992,204000,,,89.727215607898
2025-01-21 00:00:00+00:00,91.2833435359,91.6105595186,88.4078091426,88.4673029576,219541,,,89.71613014882399
2025-01-22 00:00:00+00:00,90.0339734202,91.337879533,89.2208912814,90.9660431891,147976,,,89.67986002051201
2025-01-23 00:00:00+00:00,91.3824998943,92.2451602123,89.984395241,89.984395241,125931,,,89.683974572516
2025-01-24 00:00:00+00:00,90.847055559,92.017100588,89.7860825242,91.8287035071,105844,,,89.71900355878799
2025-01-27 00:00:00+00:00,90.0141421485,90.8668868307,89.0176207467,90.8668868307,108756,,,89.693383752788
2025-01-28 00:00:00+00:00,86.9898732175,89.6571792583,86.6924041424,89.6571792583,196170,,,89.613393842814
2025-01-29 00:00:00+00:00,86.9105481308,87.455908102,86.0776347203,86.3751037955,175175,,,89.544047980396
2025-01-30 00:00:00+00:00,87.2774266569,88.1995807899,86.285863073,87.0890295759,151369,,,89.461326661476
2025-01-31 00:00:00+00:00,86.0478878128,88.0012680731,85.9784783619,86.8609699516,161521,,,89.36979591959798
2025-02-03 00:00:00+00:00,83.4995694021,84.620036252,81.843658217,83.3607505004,319769,,,89.20244317707598
2025-02-04 00:00:00+00:00,83.8069541132,85.0563242289,83.5491475813,84.0449293733,237298,,,89.05465227961
2025-02-05 00:00:00+00:00,83.6780508472,84.5109642577,82.7906014396,84.5109642577,159828,,,88.88534569211599
2025-02-06 00:00:00+00:00,85.1257336798,85.1827485858,83.8317432028,84.0746762808,172873,,,88.703763974148
2025-02-07 00:00:00+00:00,84.6101206161,85.2447213098,83.9259417432,85.0860711364,133627,,,88.53258302193198
2025-02-10 00:00:00+00:00,85.1455649514,86.1470441712,84.6547409774,84.6696144312,193963,,,88.27387202824599
2025-02-11 00:00:00+00:00,84.3622297201,85.5917685642,84.2829046334,84.312651541,113328,,,88.01862922156599
2025-02-12 00:00:00+00:00,83.0831126969,83.6681352114,82.2997774656,83.2715097778,212629,,,87.74372208214402
2025-02-13 00:00:00+00:00,79.9001935925,83.3111723212,79.5531463381,83.1227752402,392571,,,87.38917793978601
2025-02-14 00:00:00+00:00,79.0177020028,81.4817375089,79.0177020028,79.9993499509,274488,,,87.110488487632
2025-02-18 00:00:00+00:00,79.6622183324,80.0191812226,78.2244511357,78.512004575,238003,,,86.829499808918
2025-02-19 00:00:00+00:00,78.264113679,79.3548336213,77.8774038813,78.6012452976,237793,,,86.52449437561799
2025-02-20 00:00:00+00:00,79.5531463381,80.4455535637,77.897235153,78.2839449507,197374,,,86.23205271158798
2025-02-21 00:00:00+00:00,78.1748729565,79.9497717717,77.9170664247,79.374664893,127799,,,85.942227419306
2025-02-24 00:00:00+00:00,77.1138999217,78.5913296617,77.029617017,78.3236074941,213586,,,85.64005967791002
2025-02-25 00:00:00+00:00,77.7881631587,77.9963915114,76.3305646904,77.0048279274,180636,,,85.370512092886
2025-02-26 00:00:00+00:00,77.8674882455,79.682049604,77.7336271616,77.8179100663,157234,,,85.093082197244
2025-02-27 00:00:00+00:00,78.0360540547,78.3236074941,77.0444904708,77.0444904708,197942,,,84.83559403940599
2025-02-28 00:00:00+00:00,78.8491361935,78.8689674652,76.9255028407,78.4822576675,218829,,,84.64723505998799
2025-03-03 00:00:00+00:00,75.7951203551,80.0489281301,75.4331996469,79.1763521762,319986,,,84.42837213703
2025-03-04 00:00:00+00:00,75.2596760197,76.6875275806,73.8615713664,74.8630505862,256762,,,84.20037846275599
2025-03-05 00:00:00+00:00,77.2626344593,78.6062031155,75.8732555655,75.8843610776,289805,,,84.072610369108
2025-03-06 00:00:00+00:00,77.09406865,77.708838072,76.5586243147,76.846177754,143087,,,83.94196412658401
2025-03-07 00:00:00+00:00,77.3518751818,77.7782475229,75.2745494735,76.7271901239,208066,,,83.7980989328
2025-03-10 00:00:00+00:00,76.6577806731,78.6607391126,76.0529268869,76.0529268869,231960,,,83.61071461998
2025-03-11 00:00:00+00:00,75.6265545458,77.5006097194,75.1307727538,76.846177754,223475,,,83.389467822388
2025-03-12 00:00:00+00:00,74.9919538521,76.0578847048,74.7143160486,75.9636861643,211130,,,83.164222598054
2025-03-13 00:00:00+00:00,75.6563014533,76.7073588523,74.7936411353,75.0514476671,188609,,,82.962538565084
2025-03-14 00:00:00+00:00,76.2611552395,77.0079350597,76.0719710184,76.2910264323,172889,,,82.780090865642
2025-03-17 00:00:00+00:00,77.0079350597,77.1523124916,75.8429585402,76.241241111,156679,,,82.60385300306599
2025-03-18 00:00:00+00:00,77.7547148799,77.8144572655,76.6096524889,77.1772051523,140417,,,82.43977435885799
2025-03-19 00:00:00+00:00,77.1473339595,78.6110224071,76.5499101033,77.1871622166,157178,,,82.250856082368
2025-03-20 00:00:00+00:00,76.6196095532,77.1373768952,76.3806400107,76.6992660674,157786,,,82.00200345127399
2025-03-21 00:00:00+00:00,75.7931732188,76.241241111,74.8771233061,75.7334308332,161210,,,81.766567313726
2025-03-24 00:00:00+00:00,77.2966899235,78.0235556152,76.1814987253,76.2312840467,236245,,,81.620695325306
2025-03-25 00:00:00+00:00,77.7049295586,78.0932550651,76.7789225815,77.4759170804,149556,,,81.494093641728
2025-03-26 00:00:00+00:00,76.5100818462,78.4716235073,76.4503394606,77.9837273581,153644,,,81.335464182514
2025-03-27 00:00:00+00:00,76.7689655172,77.3863035019,76.0520568898,76.0520568898,282571,,,81.15880980885599
2025-03-28 00:00:00+00:00,75.3052770696,76.9183214813,74.578411378,76.7390943244,234010,,,80.90687311595201
2025-03-31 00:00:00+00:00,76.6096524889,77.0726559775,74.1651932108,74.4887977995,226821,,,80.680230680568
2025-04-01 00:00:00+00:00,77.6949724943,78.8798631424,76.1765201932,76.6295666175,331020,,,80.44991061754399
2025-04-02 00:00:00+00:00,78.4317952502,78.5612370857,77.0875915739,77.0875915739,141366,,,80.19287965183
2025-04-03 00:00:00+00:00,74.0208157789,78.461666443,73.9411592647,76.4702535892,312365,,,79.87261649900401
2025-04-04 00:00:00+00:00,73.1246799946,73.6026190796,70.8644264055,72.1887159533,370932,,,79.50746010101
2025-04-07 00:00:00+00:00,70.2271742922,73.9312022005,69.4306091507,71.6908627398,503014,,,79.095062475674
2025-04-08 00:00:00+00:00,70.5955856702,73.4134348584,70.257045485,71.9397893466,401567,,,78.706691346108
2025-04-09 00:00:00+00:00,75.245534684,76.057035422,69.1816825439,70.4263155776,416232,,,78.471804575438
2025-04-10 00:00:00+00:00,73.951116329,74.8522306454,72.4276854958,74.3792700926,184734,,,78.212615939402
2025-04-11 00:00:00+00:00,75.0663075272,75.245534684,73.3835636656,74.5983255065,170407,,,77.96839355680801
2025-04-14 00:00:00+00:00,74.2398711928,75.8827867973,74.1502576144,75.4745471622,285854,,,77.732233224408
2025-04-15 00:00:00+00:00,72.9952381591,74.9269086274,72.6766121025,74.4290554139,176981,,,77.52214659954801
2025-04-16 00:00:00+00:00,72.9753240306,73.9112880719,72.0692311821,72.5073420099,171256,,,77.305513997896
2025-04-17 00:00:00+00:00,72.9753240306,73.6275117402,72.6367838454,72.7164403596,110285,,,77.091459461564
2025-04-21 00:00:00+00:00,72.1887159533,72.9205601771,71.4618502616,72.6865691668,144773,,,76.832719107034
2025-04-22 00:00:00+00:00,74.2299141285,74.5186689924,72.4276854958,72.4276854958,241873,,,76.625114977282
2025-04-23 00:00:00+00:00,72.547170267,77.8642425869,72.288286596,76.5897383604,415346,,,76.37314708359399
2025-04-24 00:00:00+00:00,72.4177284315,73.6324902724,71.9497464108,72.3082007245,225897,,,76.134257057822
2025-04-25 00:00:00+00:00,73.2441647659,73.32382128,70.9391043875,71.880046961,169822,,,75.937478099202
2025-04-28 00:00:00+00:00,74.5584972494,74.6381537636,73.174465316,73.174465316,150310,,,75.83064417234
2025-04-29 00:00:00+00:00,72.9753240306,74.5485401852,72.915581645,74.1502576144,144496,,,75.709796612896
2025-04-30 00:00:00+00:00,73.6623614652,73.7818462364,71.2427948477,72.2086300818,132382,,,75.589799475552
2025-05-01 00:00:00+00:00,73.8714598148,75.0414148665,73.8615027506,74.060644036,131662,,,75.501946398268
2025-05-02 00:00:00+00:00,74.3991842211,75.4446759694,74.319527707,74.5186689924,98842,,,75.398867155928
2025-05-05 00:00:00+00:00,73.9212451362,75.0463933986,73.358671005,73.8615027506,108713,,,75.313794599522
2025-05-06 00:00:00+00:00,73.7818462364,74.2597853213,73.0748946733,73.5329196297,148295,,,75.247153525816
2025-05-07 00:00:00+00:00,73.8316315578,74.5485401852,73.5130055011,74.1502576144,134499,,,75.168022893798
2025-05-08 00:00:00+00:00,74.3792700926,74.5584972494,73.6026190796,74.4190983497,127252,,,75.09825853074
2025-05-09 00:00:00+00:00,74.2199570643,74.5883684422,73.433348987,74.3792700926,107742,,,75.021936590932
2025-05-12 00:00:00+00:00,75.5542036764,77.0477633168,75.200130471,75.5641607406,241911,,,74.95603794059001
2025-05-13 00:00:00+00:00,76.1914557896,76.6395236817,74.7675955991,76.2213269824,177052,,,74.96396464928
2025-05-14 00:00:00+00:00,73.6225332081,76.2511981752,72.9106031128,76.2511981752,276166,,,74.93122179304801
2025-05-15 00:00:00+00:00,74.1900858715,74.3693130283,73.1943794445,73.5627908225,140392,,,74.86977082129201
2025-05-16 00:00:00+00:00,74.8074238562,75.2754058768,74.1801288072,74.1801288072,110053,,,74.824037925416
2025-05-19 00:00:00+00:00,75.5840748692,75.7931732188,73.9710304575,74.0307728432,79616,,,74.78868191916399
2025-05-20 00:00:00+00:00,74.1403005501,75.9923145042,74.0158372467,75.8429585402,203012,,,74.738332316704
2025-05-21 00:00:00+00:00,73.32382128,74.7427029384,73.2043365088,73.4731772441,148015,,,74.692277651388
2025-05-22 00:00:00+00:00,73.0549805447,73.5478552261,72.8160110023,72.8160110023,121608,,,74.65353818524001
2025-05-23 00:00:00+00:00,73.0051952234,73.4233919227,72.0891453106,72.0891453106,106199,,,74.600516060642
2025-05-27 00:00:00+00:00,74.1602146787,74.65308936,73.7519750436,73.7519750436,144542,,,74.558497249426
2025-05-28 00:00:00+00:00,72.397814303,74.2448497249,72.3480289816,73.8814168791,121644,,,74.466294834292
2025-05-29 00:00:00+00:00,73.4433060513,73.6225332081,72.5272561385,72.5969555884,99212,,,74.38006665772
2025-05-30 00:00:00+00:00,73.2640788944,74.0805581645,73.0450234805,73.4731772441,259615,,,74.302401556418
2025-06-02 00:00:00+00:00,73.4632201798,73.7544643097,72.5372132027,73.1545511874,163064,,,74.23927376895
2025-06-03 00:00:00+00:00,73.174465316,74.6033040386,73.0450234805,73.4632201798,204631,,,74.186899610894
2025-06-04 00:00:00+00:00,74.3095706427,74.6381537636,72.8160110023,73.582704951,208636,,,74.127157225278
2025-06-05 00:00:00+00:00,75.3351482624,75.5193539514,74.2100995706,74.4091412854,184626,,,74.079761599354
2025-06-06 00:00:00+00:00,74.4987548638,75.9923145042,74.319527707,75.723473769,113164,,,74.039535059706
2025-06-09 00:00:00+00:00,75.5243324836,75.7931732188,74.5186689924,74.5286260566,146921,,,74.014642399034
2025-06-10 00:00:00+00:00,76.500124782,76.908364417,75.7035596404,75.7035596404,190951,,,74.03853935328199
2025-06-11 00:00:00+00:00,75.9524862471,77.2867328593,75.7533449618,76.5100818462,190569,,,74.025396028446
2025-06-12 00:00:00+00:00,76.4503394606,76.8585790957,75.2853629411,75.9325721186,200789,,,74.00050336777201
2025-06-13 00:00:00+00:00,75.6736884476,76.2312840467,74.9069944989,75.6338601905,181667,,,73.94534123172001
2025-06-16 00:00:00+00:00,74.3095706427,77.0278491882,74.1701717429,76.2711123038,181780,,,73.951116328996
2025-06-17 00:00:00+00:00,72.5172990742,74.2996135784,72.2982436603,73.7818462364,252190,,,73.938968710588
2025-06-18 00:00:00+00:00,73.7320609151,74.4589266067,72.6766121025,72.7761827452,209727,,,74.009066443046
2025-06-20 00:00:00+00:00,72.8160110023,74.4788407353,72.656697974,74.1502576144,260846,,,74.053474949688
2025-06-23 00:00:00+00:00,75.355062391,75.3849335838,72.6069126526,72.6069126526,345022,,,74.055665503828
2025-06-24 00:00:00+00:00,74.4390124782,75.9972930364,74.3792700926,75.3351482624,258966,,,74.06542342681199
2025-06-25 00:00:00+00:00,73.5030484369,74.4390124782,73.5030484369,73.8615027506,193549,,,74.034158245006
2025-06-26 00:00:00+00:00,74.21,75.08,73.22,73.99,245667,,,74.03356082114999
2025-06-27 00:00:00+00:00,73.0,74.31,72.53,74.13,437167,,,74.03365605796799
2025-06-30 00:00:00+00:00,73.3,73.77,72.39,73.29,272573,,,74.04014957735599
2025-07-01 00:00:00+00:00,75.8,76.78,72.78,72.78,209834,,,74.096643096744
2025-07-02 00:00:00+00:00,77.34,77.49,75.27,75.64,284025,,,74.199668777678
2025-07-03 00:00:00+00:00,76.46,77.59,75.57,77.59,139220,,,74.244270495108
2025-07-07 00:00:00+00:00,74.48,75.87,74.435,75.8,192012,,,74.282927089768
2025-07-08 00:00:00+00:00,75.76,76.0,74.65,74.65,160184,,,74.34977252113801
2025-07-09 00:00:00+00:00,75.75,76.38,75.27,76.25,177422,,,74.39988922582
2025-07-10 00:00:00+00:00,77.96,78.55,75.37,75.55,275002,77.29333333333334,,74.467919280832
2025-07-11 00:00:00+00:00,75.82,77.475,75.69,77.17,161706,76.9360092403467,,74.52481280021999
2025-07-14 00:00:00+00:00,75.36,75.78,74.97,75.78,165807,76.50505682569452,,74.55876557091601
2025-07-15 00:00:00+00:00,73.65,75.745,73.65,75.64,170059,76.0303188195133,,74.55433637462
2025-07-16 00:00:00+00:00,73.72,73.985,72.63,73.68,238654,75.42017286078577,,74.54075269019799
2025-07-17 00:00:00+00:00,74.62,74.7,73.64,73.64,166111,75.26494924712989,,74.554727787474
2025-07-18 00:00:00+00:00,74.03,75.05,73.42,75.05,254542,75.06971022615241,,74.559690862746
2025-07-21 00:00:00+00:00,72.54,75.97,72.48,73.62,620407,74.64456226010515,,74.53385823159
2025-07-22 00:00:00+00:00,75.02,75.05,72.68,72.68,245438,74.60241599375499,,74.546672829738
2025-07-23 00:00:00+00:00,75.44,76.29,74.895,75.78,251685,74.6951414529343,,74.571073688452
2025-07-24 00:00:00+00:00,70.95,73.62,70.89,73.17,408546,74.2980337397287,,74.47898961492399
2025-07-25 00:00:00+00:00,72.17,72.19,70.56,70.59,217548,74.11593674286978,,74.398560499132
2025-07-28 00:00:00+00:00,70.55,71.82,70.37,71.82,196537,73.92927534710422,,74.33710983497
2025-07-29 00:00:00+00:00,71.39,71.48,70.0,70.78,253150,73.7216957520227,,74.28110811754
2025-07-30 00:00:00+00:00,69.56,71.54,69.21,71.54,207987,73.5253646272889,,74.176159640416
2025-07-31 00:00:00+00:00,69.31,69.85,68.92,68.92,196257,73.32248711151303,,74.050678143032
2025-08-01 00:00:00+00:00,69.8,70.23,68.63,69.14,282595,73.07547033172999,69.55333333333336,73.96387213203
2025-08-04 00:00:00+00:00,70.11,70.745,69.76,69.76,99026,73.01102972371474,69.72243289371742,73.89959570643
2025-08-05 00:00:00+00:00,71.74,72.08,70.01,70.15,281433,72.90701096219703,70.38212678504819,73.87329609553599
2025-08-06 00:00:00+00:00,72.03,72.08,71.21,71.71,193955,72.86201251352806,70.69697933160563,73.85379219106801
2025-08-07 00:00:00+00:00,71.99,72.95,71.79,72.58,183845,72.83957965980906,70.97011029084452,73.810387897494
2025-08-08 00:00:00+00:00,71.54,72.99,71.3,72.01,207659,72.80431717131029,71.13198167206376,73.793231611434
2025-08-11 00:00:00+00:00,70.92,71.61,70.35,71.42,235058,72.72568104665929,71.10473277877051,73.742765490408
2025-08-12 00:00:00+00:00,72.28,72.3,70.56,71.14,177181,72.69415857671721,71.16966267490069,73.72308391252001
2025-08-13 00:00:00+00:00,76.05,76.09,72.3,72.48,247450,72.7824748050768,71.64216312528758,73.774819508924
2025-08-14 00:00:00+00:00,74.9,75.305,73.67,75.01,204989,72.8439627315262,71.93151167357802,73.809330202604
2025-08-15 00:00:00+00:00,74.44,75.21,74.1,75.21,162978,72.88891942353932,72.12138711361064,73.81193878975
2025-08-18 00:00:00+00:00,73.55,74.43,72.88,74.43,164850,72.90754541398815,72.2225933452382,73.776235824502
2025-08-19 00:00:00+00:00,73.92,74.085,73.19,73.63,160997,72.92755325681314,72.31596566790263,73.76466072722599
2025-08-20 00:00:00+00:00,71.95,73.82,71.91,73.82,230451,72.9152093027255,72.33582042909356,73.693174077554
2025-08-21 00:00:00+00:00,72.46,72.705,71.06,71.88,256307,72.88495569602469,72.31417750483956,73.612371581914
2025-08-22 00:00:00+00:00,75.95,75.97,72.495,72.77,272206,72.95567533884424,72.51590938902741,73.612321856972
2025-08-25 00:00:00+00:00,75.05,75.92,74.82,75.69,165873,73.00633223596925,72.64512471269241,73.58431506776
2025-08-26 00:00:00+00:00,74.93,76.02,72.52,74.56,1243150,73.21593895985868,73.12593294560472,73.569441298808
2025-08-27 00:00:00+00:00,72.31,75.53,72.2,74.66,230655,73.21927812766954,73.13611427302834,73.529449885954
2025-08-28 00:00:00+00:00,72.81,72.89,71.71,72.74,240803,73.19981631928387,73.10551167667438,73.53530390447
2025-08-29 00:00:00+00:00,72.91,73.22,72.03,72.95,217055,73.1888396057442,73.0901820088708,73.518862686168
2025-09-02 00:00:00+00:00,71.13,72.17,70.7,71.98,200168,73.15050265496986,73.02803595411937,73.485142466122
2025-09-03 00:00:00+00:00,71.39,71.78,70.77,71.0,149546,73.12257516450886,72.98388706226626,73.405841218302
2025-09-04 00:00:00+00:00,72.65,72.67,71.205,71.66,139509,73.10932539554867,72.96491396590649,73.370060968738
2025-09-05 00:00:00+00:00,75.05,75.445,72.67,72.95,293781,73.14590896488441,73.03191264013681,73.401
2025-09-08 00:00:00+00:00,76.24,76.34,74.23,74.95,223621,73.19827236120776,73.12085480966309,73.44160000000001
2025-09-09 00:00:00+00:00,74.16,76.165,73.75,76.03,310227,73.24115062491337,73.19277831993776,73.46480000000001
2025-09-10 00:00:00+00:00,74.08,74.28,73.46,73.93,201883,73.25396881519994,73.21439877682486,73.4804
2025-09-11 00:00:00+00:00,76.73,76.9,74.26,74.44,211411,73.30502822492724,73.29524205524385,73.499
2025-09-12 00:00:00+00:00,75.52,76.79,75.425,76.5,142285,73.33767550017166,73.34602375859491,73.46260000000001
