date,Close,High,Low,Open,Volume,Gap_Up_aVWAP_168,Gap_Up_aVWAP_142,Gap_Down_aVWAP_66,aVWAP_OB_bull_176,aVWAP_OB_bull_163,aVWAP_OB_bull_95,color,Liquidity,Liquidity_Level,StDev,StDev_Mean,StdDev_ZScore,OB,OB_High,OB_Low,OB_Mitigated_Index,FVG,FVG_High,FVG_Low,FVG_Mitigated_Index,QQEMOD,QQE1_Value,QQE1_Above_Upper,QQE1_Below_Lower,QQE2_Above_Threshold,QQE2_Below_Threshold,QQE2_Above_TL,banker_RSI,TTM_squeeze_Active,VI_plus,VI_minus,VI_Regular_Bullish,VI_Regular_Bearish,VI_Hidden_Bullish,VI_Hidden_Bearish,Fisher,Fisher_Signal,Fisher_Regular_Bullish,Fisher_Regular_Bearish,Fisher_Hidden_Bullish,Fisher_Hidden_Bearish,OBV,OBV_Smoothed,OBV_Regular_Bullish,OBV_Regular_Bearish,OBV_Hidden_Bullish,OBV_Hidden_Bearish,Volume_MA,Vol_Regular_Bullish,Vol_Regular_Bearish,Vol_Hidden_Bullish,Vol_Hidden_Bearish
2021-12-31 00:00:00+00:00,134.53,140.12,131.05,136.93,634938,,,,,,,#000000,1.0,143.38814,,,,0.0,0.0,0.0,0.0,0.0,0.0,0.0,0.0,,,False,False,False,False,False,,0,,,False,False,False,False,,,False,False,False,False,0,0.0,False,False,False,False,634938.0,False,False,False,False
2022-01-07 00:00:00+00:00,116.86,137.4,116.33,134.62,1020420,,,,,,,"rgba(239, 83, 80, 0.5)",0.0,0.0,,,,0.0,0.0,0.0,0.0,0.0,0.0,0.0,0.0,0.0,,False,False,False,True,False,,0,,,False,False,False,False,,,False,False,False,False,-1020420,-75586.66666666666,False,False,False,False,663492.2222222221,False,False,False,False
2022-01-14 00:00:00+00:00,122.96,128.49,111.955,114.86,1466386,,,,,,,"rgba(239, 83, 80, 0.5)",0.0,0.0,,,,0.0,0.0,0.0,0.0,0.0,0.0,0.0,0.0,7.714488061513549,-69.28622015378387,False,False,False,True,True,,0,,,False,False,False,False,,,False,False,False,False,445966,-36953.13580246912,False,False,False,False,722965.8353909464,False,False,False,False
2022-01-21 00:00:00+00:00,107.97,126.75,105.715,121.64,1252395,,,,,,,"rgba(239, 83, 80, 0.5)",0.0,0.0,,,,0.0,0.0,0.0,0.0,0.0,0.0,0.0,0.0,10.019364799778186,-66.68550529627906,False,False,False,True,True,,0,,,False,False,False,False,,,False,False,False,False,-806429,-93951.34796524918,False,False,False,False,762182.8105471726,False,False,False,False
2022-01-28 00:00:00+00:00,119.76,120.615,104.59,107.34,2419781,,,,,,,"rgba(239, 83, 80, 0.5)",0.0,0.0,,114.98833333333332,,0.0,0.0,0.0,0.0,0.0,0.0,0.0,0.0,17.906153945970246,-58.586260276225225,False,False,False,True,True,,0,,,False,False,False,False,,,False,False,False,False,1613352,32515.566698843337,False,False,False,False,884967.8616177524,False,False,False,False
2022-02-04 00:00:00+00:00,121.81,125.42,113.85,119.17,1103046,,,,,,,"rgba(239, 83, 80, 0.5)",0.0,0.0,,116.67027667883397,,0.0,0.0,0.0,0.0,0.0,0.0,0.0,0.0,24.360954108203316,-51.90785149721705,False,False,False,True,True,,0,,,False,False,False,False,,,False,False,False,False,2716398,231321.67286929936,False,False,False,False,901121.7977942151,False,False,False,False
2022-02-11 00:00:00+00:00,122.84,128.97,118.13,122.39,768321,,,,,,,"rgba(239, 83, 80, 0.5)",0.0,0.0,,120.58651764846299,,0.0,0.0,0.0,0.0,0.0,0.0,0.0,0.0,29.38310645492721,-46.57869767215149,False,False,False,True,True,,0,,,False,False,False,False,,,False,False,False,False,3484719,472314.0674715735,False,False,False,False,891284.7016613103,False,False,False,False
2022-02-18 00:00:00+00:00,111.99,127.0,109.69,125.6,1143892,,,,,,,"rgba(239, 83, 80, 0.5)",0.0,0.0,,118.29503485630656,,0.0,0.0,0.0,0.0,0.0,0.0,0.0,0.0,30.398891724030037,-44.977761963611776,False,False,False,True,True,,0,,,False,False,False,False,,,False,False,False,False,2340827,610722.4328440495,False,False,False,False,909996.353390102,False,False,False,False
2022-02-25 00:00:00+00:00,108.52,113.67,103.81,111.5,1083907,,,,,,,"rgba(239, 83, 80, 0.5)",0.0,0.0,,115.67680045041097,,0.0,0.0,0.0,0.0,0.0,0.0,0.0,0.0,30.479813881551244,-44.05674921751674,False,False,False,True,True,,0,,,False,False,False,False,,,False,False,False,False,1256920,658588.9193000458,False,False,False,False,922878.6235093537,False,False,False,False
2022-03-04 00:00:00+00:00,104.53,117.0,102.0,107.67,1786006,,,,,,,"rgba(239, 83, 80, 0.5)",0.0,0.0,,113.40082695028958,,0.0,0.0,0.0,0.0,0.0,0.0,0.0,0.0,29.855400622907226,-43.688731920943084,False,False,False,True,True,,0,,,False,False,False,False,,,False,False,False,False,-529086,570612.9993518944,False,False,False,False,986813.984730883,False,False,False,False
2022-03-11 00:00:00+00:00,102.18,109.475,101.04,104.08,1506443,,,,,,,"rgba(239, 83, 80, 0.5)",0.0,0.0,,111.63651089461098,,0.0,0.0,0.0,0.0,0.0,0.0,0.0,0.0,29.030971827842997,-43.43053995090119,False,False,False,True,True,,0,,,False,False,False,False,,,False,False,False,False,-2035529,377565.44384434656,False,False,False,False,1025305.0228989657,False,False,False,False
2022-03-18 00:00:00+00:00,117.44,124.27,96.97,112.0,4222001,,,,,,,"rgba(239, 83, 80, 0.5)",0.0,0.0,,112.38679828763308,,0.0,0.0,0.0,0.0,0.0,0.0,0.0,0.0,33.56818571629988,-37.961612302142036,False,False,False,True,True,,0,,,False,False,False,False,,,False,False,False,False,2186472,511558.5220780987,False,False,False,False,1262097.3174990423,False,False,False,False
2022-03-25 00:00:00+00:00,114.39,126.792,107.0,116.91,5304776,,,,,,,"rgba(239, 83, 80, 0.5)",0.0,0.0,,114.35475627888445,,0.0,0.0,0.0,0.0,0.0,0.0,0.0,0.0,36.16772400834671,-34.45448981867194,False,False,False,True,True,,0,,,False,False,False,False,,,False,False,False,False,-3118304,242679.8167389803,False,False,False,False,1561554.9976842983,False,False,False,False
2022-04-01 00:00:00+00:00,115.97,123.03,107.0,116.99,2287194,,,,,,,"rgba(239, 83, 80, 0.5)",0.0,0.0,,114.44947176907431,,0.0,0.0,0.0,0.0,0.0,0.0,0.0,0.0,38.46668825611029,-31.26415894060233,False,False,False,True,True,,0,,,False,False,False,False,,,False,False,False,False,-831110,163139.83031387065,False,False,False,False,1615306.0348928687,False,False,False,False
2022-04-08 00:00:00+00:00,111.07,120.69,110.641,116.22,1888439,,,,,,,"rgba(239, 83, 80, 0.5)",0.0,0.0,,114.36685608634248,,0.0,0.0,0.0,0.0,0.0,0.0,0.0,0.0,39.06906787887705,-29.703974889678932,False,False,False,True,True,,0,,,False,False,False,False,,,False,False,False,False,-2719549,-50392.67563530494,False,False,False,False,1635538.1063822857,False,False,False,False
2022-04-15 00:00:00+00:00,112.85,115.52,105.06,110.75,1749819,,,,,,,"rgba(239, 83, 80, 0.5)",0.0,0.0,,114.00391144307255,,0.0,0.0,0.0,0.0,0.0,0.0,0.0,0.0,40.02635649478188,-27.77239018639029,False,False,False,True,True,,0,,,False,False,False,False,,,False,False,False,False,-969730,-118491.73669935644,False,False,False,False,1644003.3577613756,False,False,False,False
2022-04-22 00:00:00+00:00,105.92,112.75,104.8,112.75,2095001,,,,,,,"rgba(239, 83, 80, 0.5)",0.0,0.0,,113.30501147300075,,0.0,0.0,0.0,0.0,0.0,0.0,0.0,0.0,39.32075598233348,-27.49252736806666,False,False,False,True,True,,0,,,False,False,False,False,,,False,False,False,False,-3064731,-336731.6821290337,False,False,False,False,1677410.5905197924,False,False,False,False
2022-04-29 00:00:00+00:00,91.27,109.21,89.34,105.28,2959012,,,,,,,"rgba(239, 83, 80, 0.5)",0.0,0.0,,111.06613586859739,,0.0,0.0,0.0,0.0,0.0,0.0,0.0,0.0,36.60488566918137,-27.49252736806666,False,False,False,True,True,,0,,,False,False,False,False,,,False,False,False,False,-6023743,-757991.7797491052,False,False,False,False,1772344.028259067,False,False,False,False
2022-05-06 00:00:00+00:00,83.08,95.76,82.2,90.82,2621069,,,,,,,"rgba(239, 83, 80, 0.5)",0.0,0.0,,108.54351551364888,,0.0,0.0,0.0,0.0,0.0,0.0,0.0,0.0,33.72879954728436,-27.49252736806666,False,False,False,True,True,,0,,,False,False,False,False,,,False,False,False,False,-8644812,-1342200.6849528751,False,False,False,False,1835212.5446843214,False,False,False,False
2022-05-13 00:00:00+00:00,83.12,87.35,61.5791,81.68,7209731,,,,,,,"rgba(239, 83, 80, 0.5)",-1.0,78.209274,,95.0052755839241,,0.0,0.0,0.0,0.0,0.0,0.0,0.0,0.0,31.686515720319303,-27.49252736806666,False,False,False,True,True,,1,,,False,False,False,False,,,False,False,False,False,-1435081,-1349080.7082896992,False,False,False,False,2233325.022855853,False,False,False,False
2022-05-20 00:00:00+00:00,95.4,95.63,82.62,83.12,2505513,,,,,,,"rgba(239, 83, 80, 0.5)",0.0,0.0,,95.35872923974493,,0.0,0.0,0.0,0.0,0.0,0.0,0.0,0.0,33.5629353789748,-27.49252736806666,False,False,False,True,True,,1,,,False,False,False,False,,,False,False,False,False,1070432,-1169857.5447126844,False,False,False,False,2253487.095236901,False,False,False,False
2022-05-27 00:00:00+00:00,88.79,98.11,83.35,95.53,2083918,,,,,,,"rgba(239, 83, 80, 0.5)",1.0,101.433334,,95.32158552681449,,0.0,0.0,0.0,0.0,0.0,0.0,0.0,0.0,33.985213060789526,-27.49252736806666,False,False,False,True,True,,1,,,False,False,False,False,,,False,False,False,False,-1013486,-1158274.4673265596,False,False,False,False,2240926.421515649,False,False,False,False
2022-06-03 00:00:00+00:00,86.3,91.83,82.44,88.45,1514013,,,,,,,"rgba(239, 83, 80, 0.5)",0.0,0.0,,95.05488411226823,,0.0,0.0,0.0,0.0,0.0,0.0,0.0,0.0,33.958567727278066,-27.49252736806666,False,False,False,True,True,,1,,,False,False,False,False,,,False,False,False,False,-2527499,-1259698.5067838514,False,False,False,False,2187080.9828848606,False,False,False,False
2022-06-10 00:00:00+00:00,82.78,91.64,81.83,86.5,2040932,,,,,,,"rgba(239, 83, 80, 0.5)",0.0,0.0,,94.60050660467621,,0.0,0.0,0.0,0.0,0.0,0.0,0.0,0.0,33.48138072568136,-27.49252736806666,False,False,False,True,True,,0,,,False,False,False,False,,,False,False,False,False,-4568431,-1504789.8025776404,False,False,False,False,2176255.132300797,False,False,False,False
2022-06-17 00:00:00+00:00,83.92,85.185,77.28,79.12,1703652,,,,,,,"rgba(239, 83, 80, 0.5)",0.0,0.0,,89.73728391088316,,0.0,0.0,0.0,0.0,0.0,0.0,0.0,0.0,33.453019681085,-27.448715561148955,False,False,False,True,True,,0,,,False,False,False,False,,,False,False,False,False,-2864779,-1605529.743127445,False,False,False,False,2141247.492871108,False,False,False,False
2022-06-24 00:00:00+00:00,91.09,93.89,83.08,85.25,1794069,,,,,,,"rgba(239, 83, 80, 0.5)",0.0,0.0,,90.64260736430748,,0.0,0.0,0.0,0.0,0.0,0.0,0.0,0.0,35.301143677348605,-24.962980846535903,False,False,False,True,True,,0,,,False,False,False,False,-0.1805385370249418,-0.1805385370249418,False,False,False,False,-1070710,-1565913.4658587454,False,False,False,False,2115530.567473248,False,False,False,False
2022-07-01 00:00:00+00:00,92.6,95.78,90.44,91.48,1686198,,,,,,,"rgba(239, 83, 80, 0.5)",0.0,0.0,,91.33705595539456,,0.0,0.0,0.0,0.0,0.0,0.0,0.0,0.0,36.99319618014424,-22.71491481306491,False,False,False,True,True,,1,0.8898499919775295,1.1197012123535763,False,False,False,False,-0.09544350715376355,-0.13799102208935268,False,False,False,False,615488,-1404328.172091431,False,False,False,False,2083728.1550678222,False,False,False,False
2022-07-08 00:00:00+00:00,93.61,95.8,88.76,91.46,993918,,,,,,,"rgba(239, 83, 80, 0.5)",0.0,0.0,,90.48857075606611,,0.0,0.0,0.0,0.0,0.0,0.0,0.0,0.0,38.458608957249,-20.752254703515852,False,False,False,True,True,,1,0.9221784192628522,1.1167183086588954,False,False,False,False,-0.09070245294917124,-0.11434673751926197,False,False,False,False,1609406,-1181088.603788362,False,False,False,False,2003001.47691465,False,False,False,False
2022-07-15 00:00:00+00:00,85.33,93.22,82.7,93.22,1871694,,,,,,,"rgba(239, 83, 80, 0.5)",0.0,0.0,,89.4138558399749,,0.0,0.0,0.0,0.0,0.0,0.0,0.0,0.0,38.08023668067169,-20.626694480366368,False,False,False,True,True,,1,0.9149977467044303,1.0993907671749847,False,False,False,False,-0.14964817934012165,-0.1319974584296918,False,False,False,False,-262288,-1113029.2998040388,False,False,False,False,1993274.9971431945,False,False,False,False
2022-07-22 00:00:00+00:00,88.51,91.285,85.17,85.86,1743396,,,,,,,"rgba(239, 83, 80, 0.5)",0.0,0.0,,89.32882487185225,,0.0,0.0,0.0,0.0,0.0,0.0,0.0,0.0,38.644507073802274,-19.571413504865568,False,False,False,True,True,,1,0.9372111856325103,1.1043992765630115,False,False,False,False,-0.14597223052955738,-0.1389848444796246,False,False,False,False,1481108,-920870.981300036,False,False,False,False,1974765.4417992542,False,False,False,False
2022-07-29 00:00:00+00:00,85.53,89.98,84.8375,89.07,1343287,,,,,,,"rgba(239, 83, 80, 0.5)",0.0,0.0,,89.1261170158214,,0.0,0.0,0.0,0.0,0.0,0.0,0.0,0.0,38.53747403925084,-19.179996172325154,False,False,False,True,True,,0,0.9375480903614422,1.0930029796741674,False,False,False,False,-0.15723617496474626,-0.14811050972218542,False,False,False,False,137821,-842449.3530555889,False,False,False,False,1927989.2609252352,False,False,False,False
2022-08-05 00:00:00+00:00,94.91,95.29,83.61,85.08,2338741,,,,,,,"rgba(239, 83, 80, 0.5)",0.0,0.0,,89.54456673686428,,0.0,0.0,0.0,0.0,0.0,0.0,0.0,0.0,40.76571297148374,-16.57140252233817,False,False,False,True,True,,1,0.9052243496626258,1.0914139367393354,False,False,False,False,-0.12922101910978898,-0.1386657644159872,False,False,False,False,2476562,-596596.6602366564,False,False,False,False,1958415.3156715143,False,False,False,False
2022-08-12 00:00:00+00:00,110.23,110.39,91.51,95.28,4799517,,,,,,,"rgba(239, 83, 80, 0.5)",0.0,0.0,,94.97650383997758,,0.0,0.0,0.0,0.0,0.0,0.0,0.0,0.0,45.210834598777566,-11.963521973665529,False,False,False,True,True,,0,0.9184120351728094,1.054442135142895,False,False,False,False,0.06847092558071018,-0.03509741941763852,False,False,False,False,7276079,-13435.500219126348,False,False,False,False,2168867.2922884393,False,False,False,False
2022-08-19 00:00:00+00:00,92.59,110.34,92.02,109.07,2103387,,,,,,,"rgba(239, 83, 80, 0.5)",0.0,0.0,,94.956276478109,,0.0,0.0,0.0,0.0,0.0,0.0,0.0,0.0,45.38101713184687,-11.565934677248379,False,False,False,True,True,,1,0.94551281858949,1.0485163944607898,False,False,False,False,0.08575506874547228,0.025328824663916883,False,False,False,False,5172692,370722.0923896978,False,False,False,False,2164016.9002670734,False,False,False,False
2022-08-26 00:00:00+00:00,90.31,97.99,89.05,92.54,1594531,,,,,,,"rgba(239, 83, 80, 0.5)",0.0,0.0,,94.45072605426648,,0.0,0.0,0.0,0.0,0.0,0.0,0.0,0.0,45.17267880834046,-11.50301360886624,False,False,False,True,True,,1,0.9541173164557266,1.0457021615106563,False,False,False,False,-0.03361465392787571,-0.0041429146319794125,False,False,False,False,3578161,608310.1596200905,False,False,False,False,2121832.759506549,False,False,False,False
2022-09-02 00:00:00+00:00,88.44,90.62,85.67,90.17,1565941,,,,,,,"rgba(239, 83, 80, 0.5)",0.0,0.0,,93.74104997351634,,0.0,0.0,0.0,0.0,0.0,0.0,0.0,0.0,44.747396897662526,-11.50301360886624,False,False,False,True,True,,1,0.9478157380536201,1.080324051236134,False,False,False,False,-0.11774862087114764,-0.060945767751563525,False,False,False,False,2012220,712303.4811297134,False,False,False,False,2080655.5921356939,False,False,False,False
2022-09-09 00:00:00+00:00,101.38,104.2,86.77,88.05,1896062,,,,,,,#000000,0.0,0.0,,93.95126719569325,,0.0,0.0,0.0,0.0,0.0,0.0,0.0,0.0,46.67095568671435,-9.500340800223938,False,False,False,False,True,,1,0.9554501705932492,1.0144424751836925,False,False,False,False,-0.003037415149494086,-0.03199159145052881,False,False,False,False,3908282,949042.6306756604,False,False,False,False,2066981.9927182351,False,False,False,False
2022-09-16 00:00:00+00:00,107.33,109.98,100.28,102.16,2258764,,,,,,,#000000,0.0,0.0,,95.00175996740262,,0.0,0.0,0.0,0.0,0.0,0.0,0.0,0.0,48.92998279789778,-7.103310842630748,False,False,False,False,True,,1,1.0089890677635456,1.0439890550130948,False,False,False,False,0.14805821892757687,0.05803331373852403,False,False,False,False,6167046,1335561.3987737596,False,False,False,False,2081188.0673316992,False,False,False,False
2022-09-23 00:00:00+00:00,100.65,108.97,97.58,106.41,2701793,,,,,,,#000000,0.0,0.0,,95.65053460477812,,0.0,0.0,0.0,0.0,0.0,0.0,0.0,0.0,49.431452290642106,-6.4293368203551395,False,False,False,False,True,,1,0.9675414427976066,1.0567680841000888,False,False,False,False,0.13228220432377336,0.09515775903114869,False,False,False,False,3465253,1493316.3321979255,False,False,False,False,2127158.8030849067,False,False,False,False
2022-09-30 00:00:00+00:00,103.26,105.415,97.17,100.11,2143346,,,,,,,#000000,0.0,0.0,,96.0477991643315,,0.0,0.0,0.0,0.0,0.0,0.0,0.0,0.0,50.1981209862887,-5.480946708719998,False,False,False,False,True,,1,0.9653141189685389,1.0575577240953271,False,False,False,False,0.10009113202517028,0.09762444552815949,False,False,False,False,5608599,1798152.0853684496,False,False,False,False,2128357.854708247,False,False,False,False
2022-10-07 00:00:00+00:00,113.0,117.82,97.74,104.75,3321148,,,,,,,#000000,0.0,0.0,,101.54068242063144,,0.0,0.0,0.0,0.0,0.0,0.0,0.0,0.0,52.1668946041209,-3.391974506262258,False,False,False,False,True,,0,0.9564603015232228,1.0077383677376395,False,False,False,False,0.29176567350864907,0.19469505951840427,False,False,False,False,8929747,2326418.375341157,False,False,False,False,2216712.6802854137,False,False,False,False
2022-10-14 00:00:00+00:00,107.33,113.99,105.205,113.96,1641484,,,,,,,#000000,0.0,0.0,,101.87455656082884,,0.0,0.0,0.0,0.0,0.0,0.0,0.0,0.0,52.580697404207584,-2.821917175601641,False,False,False,False,True,,0,0.9988721192454381,1.0033999883615783,False,False,False,False,0.34282825230723724,0.26876165591282075,False,False,False,False,7288263,2693962.4216121826,False,False,False,False,2174103.14841242,False,False,False,False
2022-10-21 00:00:00+00:00,108.5,114.87,105.0,108.4,1338221,,,,,,,#000000,0.0,0.0,,102.19076140260387,,0.0,0.0,0.0,0.0,0.0,0.0,0.0,0.0,53.05218548166399,-2.172165374600951,False,False,False,False,True,,0,0.9993825222600727,0.9918427940672739,False,False,False,False,0.3428282523272963,0.3057949541200585,False,False,False,False,8626484,3133408.4644557247,False,False,False,False,2112185.952233722,False,False,False,False
2022-10-28 00:00:00+00:00,110.0,110.03,100.91,108.52,2175742,,,,,,,#000000,0.0,0.0,,102.36921442202892,,0.0,0.0,0.0,0.0,0.0,0.0,0.0,0.0,53.623126633600705,-1.4143339214430455,False,False,False,False,True,,0,1.0376490048606954,0.9959252865937889,False,False,False,False,0.252129710401175,0.27896233226061673,False,False,False,False,10802226,3701469.0226441897,False,False,False,False,2116893.8076238167,False,False,False,False
2022-11-04 00:00:00+00:00,118.74,129.17,108.48,112.29,2873817,,,,,,,"rgba(38, 166, 154, 0.5)",0.0,0.0,,104.07501932923056,,0.0,0.0,0.0,0.0,0.0,0.0,0.0,0.0,55.32226151617211,0.4136777302827781,False,False,True,False,True,,0,1.0851411158912325,0.8888462836182444,False,False,False,False,0.3428282527457588,0.31089529250318776,False,False,False,False,13676043,4440326.354300176,False,False,False,False,2172962.1922442745,False,False,False,False
2022-11-11 00:00:00+00:00,131.97,134.525,118.49,118.49,2677324,,,,,,,"rgba(38, 166, 154, 0.5)",0.0,0.0,,113.00380021206081,,0.0,0.0,0.0,0.0,0.0,0.0,0.0,0.0,58.15555696373612,3.2673952310964935,False,False,True,False,True,,0,1.1920209955919447,0.8384052862687809,False,False,False,False,0.34282825277948514,0.3268617726413364,False,False,False,False,16353367,5322773.809537199,False,False,False,False,2210322.3261521063,False,True,False,False
2022-11-18 00:00:00+00:00,118.63,121.52,109.01,114.26,3866626,,,,,,,"rgba(38, 166, 154, 0.5)",0.0,0.0,,111.89296179226682,,0.0,0.0,0.0,0.0,0.0,0.0,0.0,0.0,57.72732344752403,3.2673952310964935,False,False,True,False,True,,0,1.0511013071089967,0.8792957549766265,False,False,False,False,0.1676651846276572,0.24726347863449682,False,False,False,False,12486741,5853438.045867777,False,False,False,False,2333011.4871778763,False,False,False,False
2022-11-25 00:00:00+00:00,115.94,122.8,115.3,116.65,1098375,,,,,,,"rgba(38, 166, 154, 0.5)",0.0,0.0,,111.9802748953877,,0.0,0.0,0.0,0.0,0.0,0.0,0.0,0.0,56.97408198320224,3.2673952310964935,False,False,True,False,True,,0,1.071068467786054,0.8803854732146613,False,False,False,False,0.2250096918164629,0.23613658522547987,False,False,False,False,11388366,6263432.709136832,False,False,False,False,2241556.9325721078,False,False,False,False
2022-12-02 00:00:00+00:00,125.39,127.12,115.5,115.82,4249140,,,,,,,"rgba(38, 166, 154, 0.5)",0.0,0.0,,113.25410511823658,,0.0,0.0,0.0,0.0,0.0,0.0,0.0,0.0,57.644994061744896,3.2673952310964935,False,False,True,False,True,,0,1.0742479554244948,0.8458569674288052,False,False,False,False,0.2599331656517375,0.2480348754386087,False,False,False,False,15637506,6957808.508460029,False,False,False,False,2390266.789418618,False,False,False,False
2022-12-09 00:00:00+00:00,117.07,125.97,116.48,125.14,2299284,,,,,,,"rgba(38, 166, 154, 0.5)",0.0,0.0,,113.55257227592612,,0.0,0.0,0.0,0.0,0.0,0.0,0.0,0.0,56.7407619343387,3.2673952310964935,False,False,True,False,True,0.5157708145689632,0,1.0796460917050654,0.848903235517942,False,False,False,False,0.2586088941461741,0.25332188479239137,False,False,False,False,13338222,7430431.730055582,False,False,False,False,2383527.3235357576,False,False,False,False
2022-12-16 00:00:00+00:00,118.6,124.66,115.21,117.56,4396627,,,,,,,"rgba(38, 166, 154, 0.5)",0.0,0.0,,114.01863158921701,,0.0,0.0,0.0,0.0,0.0,0.0,0.0,0.0,56.30073154615036,3.2673952310964935,False,False,True,False,True,1.0600507356042783,0,1.0901520004659018,0.8325582169272112,False,False,False,False,0.22266220719942661,0.237992045995909,False,False,False,False,17734849,8193721.898199613,False,False,False,False,2532645.8180886647,False,False,False,False
2022-12-23 00:00:00+00:00,119.09,121.12,113.79,118.33,1300391,,,,,,,"rgba(38, 166, 154, 0.5)",0.0,0.0,,114.0874639051689,,0.0,0.0,0.0,0.0,0.0,0.0,0.0,0.0,56.055565332259754,3.2673952310964935,False,False,True,False,True,1.2361995980504048,1,1.0668995412650983,0.8718235764488027,False,False,False,False,0.1790808956212246,0.2085364708085668,False,False,False,False,19035240,8996797.313147789,False,False,False,False,2441367.68341543,False,False,False,False
2022-12-30 00:00:00+00:00,122.13,123.85,113.52,119.99,1126824,,,,,,,"rgba(38, 166, 154, 0.5)",0.0,0.0,,114.20635559851016,,0.0,0.0,0.0,0.0,0.0,0.0,0.0,0.0,56.32171699494283,3.2673952310964935,False,False,True,False,True,2.3321587839667153,0,1.04052946581568,0.8711600069535845,False,False,False,False,0.2006017693960188,0.20456912010229278,False,False,False,False,20162064,9823854.104766471,False,False,False,False,2343994.0772365094,False,False,False,False
2023-01-06 00:00:00+00:00,126.78,127.77,118.1,125.23,1027419,,,,,,,"rgba(38, 166, 154, 0.5)",0.0,0.0,,118.43272212262627,,0.0,0.0,0.0,0.0,0.0,0.0,0.0,0.0,57.17241444099608,3.2673952310964935,False,False,True,False,True,3.9791461954533247,0,1.0607289110649718,0.859470017151814,False,False,False,False,0.2765348706342285,0.24055199536826063,False,False,False,False,21189483,10665752.541450437,False,False,False,False,2246469.997441212,False,False,False,False
2023-01-13 00:00:00+00:00,115.03,126.4,107.74,126.4,2339488,,,,,,,"rgba(38, 166, 154, 0.5)",0.0,0.0,,118.23691106833118,,0.0,0.0,0.0,0.0,0.0,0.0,0.0,0.0,55.6276538200017,3.2673952310964935,False,False,True,False,True,0.0,1,1.0454338355781145,0.8592861995923424,False,False,False,False,0.17237917571457242,0.20646558554141653,False,False,False,False,18849995,11271992.723565219,False,False,False,False,2253360.219852974,False,False,False,False
2023-01-20 00:00:00+00:00,123.02,124.31,114.875,115.0,1040664,,,,,,,"rgba(38, 166, 154, 0.5)",0.0,0.0,,118.71423679482437,,0.0,0.0,0.0,0.0,0.0,0.0,0.0,0.0,55.69175595583678,3.2673952310964935,False,False,True,False,True,2.399860951365806,1,1.0597154223976335,0.861254577523273,False,False,False,False,0.21659727911279292,0.21153143232710472,False,False,False,False,19890659,11910412.447745573,False,False,False,False,2163530.870234235,False,False,False,False
2023-01-27 00:00:00+00:00,122.5,124.65,118.01,122.83,1074065,,,,,,,"rgba(38, 166, 154, 0.5)",0.0,0.0,,119.11993929917551,,0.0,0.0,0.0,0.0,0.0,0.0,0.0,0.0,55.64382951893874,3.2673952310964935,False,False,True,False,True,2.210668424679387,1,1.0703523521632343,0.8567290131620378,False,False,False,False,0.24575559378905437,0.22864351305807956,False,False,False,False,18816594,12421981.45161627,False,False,False,False,2082829.6946613288,False,False,False,False
2023-02-03 00:00:00+00:00,116.1,125.18,115.08,122.5,1065429,,,,,,,"rgba(38, 166, 154, 0.5)",0.0,0.0,,119.07846244220116,,0.0,0.0,0.0,0.0,0.0,0.0,0.0,0.0,54.469369437462,3.2673952310964935,False,False,True,False,False,0.0,1,1.0653164556962027,0.8711392405063294,False,False,False,False,0.22394991580693224,0.2262967144325059,False,False,False,False,17751165,12816735.788533583,False,False,False,False,2007466.6802419713,False,False,False,False
2023-02-10 00:00:00+00:00,113.95,119.54,112.12,114.74,1392114,,,,,,,#000000,0.0,0.0,,118.62715690660521,,0.0,0.0,0.0,0.0,0.0,0.0,0.0,0.0,53.259167630483766,6.65663036720386,False,False,False,False,False,0.0,1,1.0321140080120839,0.9343928547973995,False,False,False,False,0.14735849707070428,0.1868276057516051,False,False,False,False,16359051,13079129.507901467,False,False,False,False,1961885.0002240473,False,False,False,False
2023-02-17 00:00:00+00:00,116.65,120.105,108.55,113.51,1521997,,,,,,,#000000,0.0,0.0,,118.26215683858155,,0.0,0.0,0.0,0.0,0.0,0.0,0.0,0.0,52.861367470583936,6.17391374246386,False,False,False,False,False,0.12365638288720149,1,1.0191419696079254,0.9308370413903115,False,False,False,False,0.1210392635890079,0.1539334346703065,False,False,False,False,17881048,13434827.17398284,False,False,False,False,1929300.7039111548,False,False,False,False
2023-02-24 00:00:00+00:00,113.39,117.4,111.4,113.63,986105,,,,,,,#000000,0.0,0.0,,118.00972301643523,,0.0,0.0,0.0,0.0,0.0,0.0,0.0,0.0,51.97371133264358,5.218028595675747,False,False,False,False,False,0.0,1,1.039072701680601,0.8974341580884223,False,False,False,False,0.12230513223512303,0.13811928345271476,False,False,False,False,16894943,13691132.04998411,False,False,False,False,1859434.3554732914,False,False,False,False
2023-03-03 00:00:00+00:00,114.12,116.1,110.565,114.21,1109613,,,,,,,#000000,0.0,0.0,,117.73948451587373,,0.0,0.0,0.0,0.0,0.0,0.0,0.0,0.0,51.47858296964711,4.6470472728966925,True,False,False,False,False,0.0,1,1.047610182113601,0.8770902443978065,False,False,False,False,0.04974443025744252,0.09393185685507864,False,False,False,False,18004556,14010644.935170474,False,False,False,False,1803892.03284564,False,False,False,False
2023-03-10 00:00:00+00:00,106.21,114.89,103.85,114.12,1529161,,,,,,,#000000,0.0,0.0,,117.00561083996459,,0.0,0.0,0.0,0.0,0.0,0.0,0.0,0.0,49.67521827782979,2.834721910591327,True,False,False,False,False,0.0,1,1.0216240528664846,0.9255440611701208,False,False,False,False,-0.119132698845885,-0.012600420995403178,False,False,False,False,16475395,14193219.014046736,False,False,False,False,1783541.5859681852,False,False,False,False
2023-03-17 00:00:00+00:00,108.14,110.7,104.85,105.92,913697,,,,,,,#000000,0.0,0.0,,116.6134389702327,,0.0,0.0,0.0,0.0,0.0,0.0,0.0,0.0,48.7900890469278,1.9417704268999714,True,False,False,False,False,0.0,1,0.9780489515393784,0.9594992636229748,False,False,False,False,-0.16171639131726379,-0.08715840615633348,False,False,False,False,17389092,14429950.34633957,False,False,False,False,1719108.6536742456,False,False,False,False
2023-03-24 00:00:00+00:00,104.9,111.23,103.33,108.2,816021,,,,,,,#000000,0.0,0.0,,116.24311332543472,,0.0,0.0,0.0,0.0,0.0,0.0,0.0,0.0,47.56937409546836,0.732579390494557,True,False,False,False,False,0.0,1,0.9819659909829953,0.9535304767652383,False,False,False,False,-0.17504397360507867,-0.13110118988070607,False,False,False,False,16573071,14588700.02438849,False,False,False,False,1652213.2719205979,False,False,False,False
2023-03-31 00:00:00+00:00,107.22,111.78,104.51,105.49,994162,,,,,,,#000000,0.0,0.0,,115.89511634858545,,0.0,0.0,0.0,0.0,0.0,0.0,0.0,0.0,47.21758612290986,0.35942773741379597,True,False,False,False,False,0.0,1,0.9875674616604029,0.9387457029371427,False,False,False,False,-0.2512341512665319,-0.191167670573619,False,False,False,False,17567233,14809332.09665601,False,False,False,False,1603468.733259813,False,False,False,False
2023-04-07 00:00:00+00:00,72.69,77.77,64.33,67.12,15494641,,,71.59666666666666,,,,"rgba(239, 83, 80, 0.5)",0.0,0.0,,90.43290657836087,,0.0,0.0,0.0,0.0,0.0,0.0,0.0,0.0,42.41840141963234,-4.242749395529714,False,False,False,True,False,0.0,0,0.9334156988715921,0.9992422370480191,False,False,False,False,-0.34282825441539394,-0.26699796249450647,False,False,False,False,2072592,13865869.867274083,False,False,False,False,2632444.456722049,False,False,False,False
2023-04-14 00:00:00+00:00,81.17,84.07,71.33,72.69,5149968,,,73.40773355003559,,,,"rgba(239, 83, 80, 0.5)",0.0,0.0,,89.30900745935608,,0.0,0.0,0.0,0.0,0.0,0.0,0.0,0.0,40.638335474324876,-5.826803581929283,False,False,False,True,False,0.0,0,0.9327598542994667,0.9663067516586444,False,False,False,False,-0.2563285578116443,-0.2616632601530754,False,False,False,False,7222560,13373772.840068595,False,False,False,False,2818927.6821500454,False,False,False,False
2023-04-21 00:00:00+00:00,80.93,84.45,79.05,81.25,2775157,,,74.36387274549769,,,,"rgba(239, 83, 80, 0.5)",0.0,0.0,,88.97392211937732,,0.0,0.0,0.0,0.0,0.0,0.0,0.0,0.0,39.34093530898442,-6.958412875059864,False,False,False,True,False,0.0,0,0.9579221807861129,0.967459819807927,False,False,False,False,-0.2055041422513969,-0.23358370120223615,False,False,False,False,4447403,12712560.259322774,False,False,False,False,2815685.40939819,False,False,False,False
2023-04-28 00:00:00+00:00,69.96,81.14,66.03,81.14,6102502,,,73.95310047452993,,,,"rgba(239, 83, 80, 0.5)",0.0,0.0,,86.99643594989178,,0.0,0.0,0.0,0.0,0.0,0.0,0.0,0.0,37.286298518031394,-8.831575764596266,False,False,False,True,False,0.0,0,0.9298381877022653,0.9631391585760517,False,False,False,False,-0.30933384717306345,-0.2714587741876498,False,False,False,False,-1655099,11648289.203076642,True,False,False,False,3059153.3049983243,True,False,False,False
2023-05-05 00:00:00+00:00,94.45,96.99,76.02,76.21,10439906,,,77.92408068756886,,,,"rgba(239, 83, 80, 0.5)",0.0,0.0,,87.80233171218858,,0.0,0.0,0.0,0.0,0.0,0.0,0.0,0.0,39.838300012557184,-8.831575764596266,False,False,False,True,True,0.0,0,0.9197057144669246,0.9550960867634933,False,False,False,False,-0.14712234013723202,-0.2092905571624409,False,False,False,False,8784807,11436179.41025615,False,False,False,False,3605875.7268503,False,False,False,False
2023-05-12 00:00:00+00:00,95.4,100.12,92.54,95.09,2857986,,,79.13187356017976,,,,"rgba(239, 83, 80, 0.5)",1.0,100.684135,,88.00722102436441,,0.0,0.0,0.0,0.0,0.0,0.0,0.0,0.0,41.79244981837455,-12.517114567717051,False,False,False,True,True,0.0,0,0.9387066816559951,0.9611092102904997,False,False,False,False,-0.008427491252852444,-0.10885902420764668,False,False,False,False,11642793,11451484.120607544,False,False,False,False,3550476.487824352,False,False,False,False
2023-05-19 00:00:00+00:00,90.39,97.81,88.7,95.51,2712005,,,79.91619876732562,,,,"rgba(239, 83, 80, 0.5)",0.0,0.0,,87.83663641030435,,0.0,0.0,0.0,0.0,0.0,0.0,0.0,0.0,42.57406522095621,-11.87137671911752,False,False,False,True,True,0.0,0,0.9907178323408468,0.9584349992321736,False,False,False,False,-0.047578511841768,-0.07821876802470734,False,False,False,False,8930788,11264765.889451431,False,False,False,False,3488367.4887262518,False,False,False,False
2023-05-26 00:00:00+00:00,89.75,91.82,86.81,90.37,1133394,,,80.14799470604576,,,,"rgba(239, 83, 80, 0.5)",0.0,0.0,,87.70164841413954,,0.0,0.0,0.0,0.0,0.0,0.0,0.0,0.0,43.05267005399774,-11.453516809836863,False,False,False,True,True,0.0,0,0.9624842967526546,0.9831007245005078,False,False,False,False,-0.09797345101879587,-0.0880961095217516,False,False,False,False,7797394,11007923.527269844,False,False,False,False,3313925.0080798627,False,False,False,False
2023-06-02 00:00:00+00:00,91.3,91.38,83.75,89.61,1290901,,,80.38116019190463,,,,"rgba(239, 83, 80, 0.5)",0.0,0.0,14.861804471333357,87.57630638136615,0.25055460969200644,0.0,0.0,0.0,0.0,0.0,0.0,0.0,0.0,43.649297998556875,-10.865615618502808,False,False,False,True,True,0.0,0,0.9505854024532814,0.9994765402802255,False,False,False,False,-0.12050183188304914,-0.10429897070240038,False,False,False,False,9088295,10865728.821546152,False,False,False,False,3164071.3778517246,False,False,False,False
2023-06-09 00:00:00+00:00,92.66,93.46,89.53,91.36,1152129,,,80.65101089438075,,,,"rgba(239, 83, 80, 0.5)",0.0,0.0,14.50830730902034,87.64831402822699,0.34543560906357823,0.0,0.0,0.0,0.0,0.0,0.0,0.0,0.0,44.30764384181309,-10.179408958721062,False,False,False,True,True,0.0,0,0.9666897987508676,0.9879713162155911,False,False,False,False,-0.07004494562637123,-0.0871719581643858,False,False,False,False,10240424,10819409.945876066,False,False,False,False,3015038.6091219676,False,False,False,False
2023-06-16 00:00:00+00:00,92.35,95.48,89.61,93.65,802167,,,80.84112672239759,,,,"rgba(239, 83, 80, 0.5)",0.0,0.0,14.493981625190209,87.71745820073971,0.3196183022068297,0.0,0.0,0.0,0.0,0.0,0.0,0.0,0.0,44.73056290087482,-9.688177148041063,False,False,False,True,True,0.0,0,0.9711262909359626,0.9758124110087776,False,False,False,False,-0.05663462882253266,-0.07190329349345922,False,False,False,False,9438257,10717102.320255615,False,False,False,False,2851122.1936314516,False,False,False,False
2023-06-23 00:00:00+00:00,88.19,94.5,87.2156,93.03,937220,,,81.00936130510549,,,,"rgba(239, 83, 80, 0.5)",0.0,0.0,14.429247583912263,87.71252454444866,0.03309080759579583,0.0,0.0,0.0,0.0,0.0,0.0,0.0,0.0,44.388033817582354,-9.688177148041063,False,False,False,True,True,0.0,0,0.9676085393702406,0.9665788655850286,False,False,False,False,-0.07819506519254076,-0.07504917934299998,False,False,False,False,8501037,10552949.333570013,False,False,False,False,2709351.6607698626,False,False,False,False
2023-06-30 00:00:00+00:00,89.25,90.72,85.0801,87.64,1178423,,,81.17563106276295,,,,"rgba(239, 83, 80, 0.5)",0.0,0.0,14.509949425284859,87.65326172796176,0.1100443719849072,0.0,0.0,0.0,0.0,0.0,0.0,0.0,0.0,44.35752438028235,-9.688177148041063,False,False,False,True,True,0.0,0,0.9602100342783629,0.9898782195788239,False,False,False,False,-0.11617987586990593,-0.09561452760645295,False,False,False,False,9679460,10488246.419972235,False,False,False,False,2595949.5377498725,False,False,False,False
2023-07-07 00:00:00+00:00,87.62,89.715,85.91,89.38,705127,,,81.26352136644846,,,,"rgba(239, 83, 80, 0.5)",0.0,0.0,14.485891396443286,87.61212383507203,0.000543712824597885,0.0,0.0,0.0,0.0,0.0,0.0,0.0,0.0,44.064967599194915,-9.688177148041063,False,False,False,True,True,0.0,0,0.945280294197125,1.0081142577440563,False,False,False,False,-0.11041369818547406,-0.1030141128959635,False,False,False,False,8974333,10376104.685159476,False,False,False,False,2455888.60902766,False,False,False,False
2023-07-14 00:00:00+00:00,86.53,90.24,85.79,87.43,803884,,,81.35746821526972,,,,"rgba(239, 83, 80, 0.5)",0.0,0.0,14.428757936967537,87.56642079297814,-0.0718302155671174,0.0,0.0,0.0,0.0,0.0,0.0,0.0,0.0,43.669020911032675,-9.688177148041063,False,False,False,True,True,0.0,0,0.9842203943077649,1.002577071281395,False,False,False,False,-0.10772383556152923,-0.10536897422874636,False,False,False,False,8170449,10212722.78255507,False,False,False,False,2333517.8972478337,False,False,False,False
2023-07-21 00:00:00+00:00,89.25,91.24,86.218,87.08,1145460,,,81.51552574102118,,,,"rgba(239, 83, 80, 0.5)",0.0,0.0,14.300251107226396,87.55756511498798,0.11835001164117849,0.0,0.0,0.0,0.0,0.0,0.0,0.0,0.0,44.02181409755223,-9.661119813102815,False,False,False,True,True,0.0,0,0.9568744443857079,0.9901537984748879,False,False,False,False,-0.09825169274255202,-0.10181033348564919,False,False,False,False,9315909,10146292.131995436,False,False,False,False,2245513.608562809,False,False,False,False
2023-07-28 00:00:00+00:00,93.1,94.68,85.32,89.25,1495566,,,81.76891507012714,,,,"rgba(239, 83, 80, 0.5)",0.0,0.0,14.283880925935584,87.63971638744525,0.38226891143011277,0.0,0.0,0.0,0.0,0.0,0.0,0.0,0.0,45.148830917436364,-8.411196708569918,False,False,False,True,True,0.0,0,0.9412448664099056,0.9778869945591627,False,False,False,False,-0.07531322157447634,-0.08856177753006277,False,False,False,False,10811475,10195564.937032811,False,False,False,False,2189961.933854453,False,False,False,False
2023-08-04 00:00:00+00:00,96.79,97.24,88.87,93.2,1316164,,,82.05578612597851,,,,#000000,0.0,0.0,14.270217227208274,87.81876838488142,0.62866818859727,0.0,0.0,0.0,0.0,0.0,0.0,0.0,0.0,46.75663247341927,-6.741596244339263,False,False,False,False,True,0.0,0,0.9668812019872888,0.9695741139616232,False,False,False,False,-0.00567446984666927,-0.047118123688366015,False,False,False,False,12127639,10338681.53428964,False,False,False,False,2125236.160976345,False,False,False,False
2023-08-11 00:00:00+00:00,92.3,97.0,90.38,96.82,1560356,,,82.35095425400493,,,,#000000,0.0,0.0,14.303181745193484,87.97407646530446,0.30244484141783623,0.0,0.0,0.0,0.0,0.0,0.0,0.0,0.0,46.95091665605778,-6.455962365096646,False,False,False,False,True,0.0,0,0.9847984667822306,0.9477018870465598,False,False,False,False,0.014693097986298552,-0.01621251285103373,False,False,False,False,10567283,10355614.97619411,False,False,False,False,2083393.1860892083,False,False,False,False
2023-08-18 00:00:00+00:00,90.47,95.03,86.83,92.35,1175477,,,82.5153986975404,,,,#000000,0.0,0.0,14.355967868501292,88.0171145221986,0.17086172804714378,0.0,0.0,0.0,0.0,0.0,0.0,0.0,0.0,46.711301322698404,-6.455962365096646,False,False,False,False,True,0.0,1,0.984671748561086,0.9573465856626485,False,False,False,False,-0.027335527038366662,-0.0217740199447002,False,False,False,False,9391806,10284221.71869825,False,False,False,False,2016140.1352677855,False,False,False,False
2023-08-25 00:00:00+00:00,98.91,99.98,90.45,90.66,1222132,,,82.79246447204784,,,,#000000,0.0,0.0,14.228566953476012,88.21510597946515,0.7516494145548582,0.0,0.0,0.0,0.0,0.0,0.0,0.0,0.0,48.406715001153884,-4.847030238741837,True,False,False,False,True,0.0,0,0.9879924070106613,0.9271082694036455,False,False,False,False,0.047233698891354946,0.012729839473327374,False,False,False,False,10613938,10308645.146942824,False,False,False,False,1957324.717840542,False,False,False,False
2023-09-01 00:00:00+00:00,98.27,101.56,95.685,98.92,925496,,,83.02559699994147,,,,#000000,0.0,0.0,14.141684441637317,88.39810524799763,0.6980706430513025,0.0,0.0,0.0,0.0,0.0,0.0,0.0,0.0,49.47101570584246,-3.757121572232343,True,False,False,False,True,0.0,0,1.0124337920691722,0.9156192169286279,False,False,False,False,0.14591859961694242,0.0793242195451349,False,False,False,False,9688442,10262704.173095208,False,False,False,False,1880892.960963465,False,False,False,False
2023-09-08 00:00:00+00:00,97.58,106.4524,95.56,97.37,2202473,,,83.59988104351878,,,,#000000,0.0,0.0,14.029958387691693,91.39277586950729,0.44100088963347767,0.0,0.0,0.0,0.0,0.0,0.0,0.0,0.0,50.06528447809019,-3.12530613272785,True,False,False,False,True,0.0,1,1.0389743152015531,0.8909991476381685,False,False,False,True,0.20584424990195005,0.14258423472354248,False,False,False,False,7485969,10057020.086199267,False,False,False,False,1904713.704595801,False,False,False,False
2023-09-15 00:00:00+00:00,102.66,104.24,96.56,97.39,1868948,,,84.09360162649203,,,,#000000,0.0,0.0,13.976382476704595,91.8794928504687,0.771337444971896,0.0,0.0,0.0,0.0,0.0,0.0,0.0,0.0,51.60802737239183,-1.588332345045842,True,False,False,False,True,0.0,1,1.0386892497842715,0.8838922824139374,False,False,False,False,0.19462030443985268,0.16860226958169758,False,False,False,False,9354917,10005012.450184507,False,False,False,False,1902064.3931442602,False,False,False,False
2023-09-22 00:00:00+00:00,95.06,103.445,91.6552,102.66,1284624,,,84.3330783087285,,,,#000000,0.0,0.0,13.909725106577078,91.78156684634492,0.2356935977192613,0.0,0.0,0.0,0.0,0.0,0.0,0.0,0.0,50.89318328030918,-1.588332345045842,True,False,False,False,True,0.0,1,1.0247756195183961,0.8908844752910895,False,False,False,False,0.142449660827876,0.1555259652047868,False,False,False,False,8070293,9861699.898318987,False,False,False,False,1856328.0677261667,False,False,False,False
2023-09-29 00:00:00+00:00,93.64,96.68,91.585,94.41,1167340,,,84.49632517431901,,,,#000000,0.0,0.0,13.911019871809328,91.59135385780147,0.1472678610969506,0.0,0.0,0.0,0.0,0.0,0.0,0.0,0.0,50.067799527046304,-1.588332345045842,True,False,False,False,True,0.0,1,1.0200267155194145,0.9189801261147178,False,False,False,False,0.18049227744188912,0.16800912132333795,False,False,False,False,6902953,9642533.461406471,False,False,False,False,1805291.9145612654,False,False,False,False
2023-10-06 00:00:00+00:00,90.48,93.29,85.62,93.0,1503224,,,84.60949702617481,,,,#000000,0.0,0.0,13.917868535683786,91.16302659084528,-0.049075516778598165,0.0,0.0,0.0,0.0,0.0,0.0,0.0,0.0,48.781799919616425,-1.588332345045842,False,False,False,False,False,0.0,1,1.0685576854409369,0.8989603466586191,False,False,False,False,0.05202140575774119,0.11001526354053957,False,False,False,False,5399729,9328251.649450436,False,False,False,False,1782916.513482653,False,False,False,False
2023-10-13 00:00:00+00:00,93.57,96.145,88.815,89.89,1092990,,,84.73537180997792,,,,#000000,0.0,0.0,13.799819426942381,91.07753101957425,0.1806160575956171,0.0,0.0,0.0,0.0,0.0,0.0,0.0,0.0,48.6488098136027,-1.588332345045842,False,False,False,False,False,0.0,1,1.052331034547933,0.9126556050908766,False,False,False,False,0.12543693709461418,0.11772610031757688,False,False,False,False,6492719,9118212.193935588,False,False,False,False,1731810.8458172714,False,False,False,False
2023-10-20 00:00:00+00:00,90.0,95.99,88.445,94.0,4508263,,,85.13533858466883,,,,#000000,0.0,0.0,13.70909459163962,90.73006072435436,-0.0532537520602988,0.0,0.0,0.0,0.0,0.0,0.0,0.0,0.0,47.741446523146244,0.8779027992222836,False,False,False,False,False,0.0,1,1.0139630505406296,0.9160345872012388,False,False,False,False,0.11902394659246353,0.11837502345502021,False,False,False,False,1984456,8589785.809199618,False,False,False,False,1937473.9683493255,False,False,False,False
2023-10-27 00:00:00+00:00,88.27,90.575,85.285,90.0,2370086,,,85.22327842250313,,,88.04333333333334,#000000,0.0,0.0,13.766222305940607,89.96893435020634,-0.12341325836886956,1.0,90.575,85.285,0.0,0.0,0.0,0.0,0.0,46.70813156778038,-0.16676863074110315,False,False,False,False,False,0.0,1,1.0629784980768144,0.9223126273236957,False,False,True,False,-0.2716325794322823,-0.07662877798863105,False,False,False,False,-385630,7924940.19370335,False,False,True,False,1969519.3040271532,False,False,True,False
2023-11-03 00:00:00+00:00,94.65,95.23,86.9,89.46,1822238,,,85.38316846640923,,,89.87615213105347,#000000,0.0,0.0,13.718672692080403,90.42163829721935,0.308219446420763,0.0,0.0,0.0,0.0,0.0,0.0,0.0,0.0,47.64412904248718,-0.16676863074110315,False,False,False,False,False,0.0,1,1.0568394972430417,1.007610986810322,False,False,False,False,-0.15947876440849282,-0.11805377119856193,False,False,False,False,1436608,7444322.994169769,False,False,False,False,1958609.5778029195,False,False,False,False
2023-11-10 00:00:00+00:00,90.28,97.85,88.205,94.68,2357814,,,85.5753400817528,,,90.6808569280016,#000000,0.0,0.0,13.672539938151964,90.61693209817122,-0.024642977800418766,0.0,0.0,0.0,0.0,0.0,0.0,0.0,0.0,47.29219409160737,-0.16676863074110315,False,False,False,False,False,0.0,1,0.9749897903893532,1.0102496483356336,False,False,False,False,-0.061854948543860706,-0.08995435987121132,False,False,False,False,-921206,6824654.179786823,False,False,False,False,1988180.275743444,False,False,False,False
2023-11-17 00:00:00+00:00,94.99,96.0,86.545,88.49,2233593,,,85.75806633699011,,,91.14640896011804,#000000,0.0,0.0,13.535969132661338,90.7524185231838,0.3130608111827918,0.0,0.0,0.0,0.0,0.0,0.0,0.0,0.0,48.20792988789362,-0.16676863074110315,False,False,False,False,False,0.0,1,0.9866519954067946,1.0077796753317685,False,False,False,False,-0.14904546332099808,-0.11949991159610471,False,False,False,False,1312387,6416338.092395206,False,False,False,False,2006358.9960587444,False,False,False,False
2023-11-24 00:00:00+00:00,92.24,96.9975,90.52,94.9,827951,,,85.83054172095454,,,91.32782779841932,#000000,0.0,0.0,13.434233483801652,90.81722114928192,0.1059069616761978,0.0,0.0,0.0,0.0,0.0,0.0,0.0,0.0,48.20533486972391,-0.16676863074110315,False,False,False,False,False,0.0,1,1.017764994501311,0.9707749978851196,False,False,False,False,-0.025875564078137882,-0.07268773783712129,False,False,False,False,484436,5976937.937402968,False,False,False,False,1919069.5148692077,False,False,False,False
2023-12-01 00:00:00+00:00,104.05,104.05,90.13,91.41,3256226,,,86.32808728310397,,,93.37302265521068,#000000,0.0,0.0,13.39697570147629,91.74963957457143,0.9181445648269048,0.0,0.0,0.0,0.0,0.0,0.0,0.0,0.0,50.76638542742771,-2.2697613896000135,True,False,False,False,True,0.18726277947934378,1,1.0308556691535415,0.9333763163550397,False,False,False,False,0.1349090506246936,0.031110656393786157,False,False,False,False,3740662,5811287.867965711,False,False,False,False,2018118.1433974146,False,False,False,False
2023-12-08 00:00:00+00:00,107.69,111.41,103.01,104.39,4912581,,,87.43029711107285,,,97.24025515716507,#000000,0.0,0.0,13.389880713192097,93.83424226315978,1.0347932168797536,0.0,0.0,0.0,0.0,0.0,0.0,0.0,0.0,53.25764187843667,0.10017168666733767,True,False,False,False,True,1.4135584799476106,1,1.0656841557609957,0.9084523952455277,False,False,False,False,0.34282825059707905,0.1869694534954326,False,False,False,False,8653243,6021803.0629312135,False,False,False,False,2232522.7994420505,False,False,False,False
2023-12-15 00:00:00+00:00,120.97,123.0,101.43,107.81,6892015,,,89.32676629337072,,,102.2385059705533,"rgba(38, 166, 154, 1.0)",0.0,0.0,13.565341433823788,96.99654017341567,1.7672581219967651,0.0,0.0,0.0,0.0,0.0,0.0,0.0,0.0,57.05744322981003,3.648618664597315,True,False,True,False,True,5.645732029367217,1,1.0532013580956976,0.8707304402679085,False,False,False,False,0.3428282513802228,0.26489885243782774,False,False,False,False,15545258,6727244.169380753,False,False,False,False,2577670.3698537503,False,False,False,False
2023-12-22 00:00:00+00:00,124.55,125.995,118.07,121.74,2783792,,,90.22935500043674,,,104.33050074219165,"rgba(38, 166, 154, 1.0)",0.0,0.0,13.705354776493376,98.42498506673157,1.9061903437973404,0.0,0.0,0.0,0.0,0.0,0.0,0.0,0.0,60.23016157743986,6.508648669254995,True,False,True,False,True,6.725873633443818,0,1.1410695506681106,0.8527307588077133,False,False,False,False,0.342828252250994,0.30386355234441087,False,False,False,False,18329050,7586637.193871068,False,False,False,False,2592938.6387534724,False,False,False,False
2023-12-29 00:00:00+00:00,125.95,129.43,123.6601,125.22,1380529,,,90.70494338688076,,,105.38450032589003,"rgba(38, 166, 154, 1.0)",0.0,0.0,13.902582755706923,99.16296998345496,1.9267664496044188,0.0,0.0,0.0,0.0,0.0,0.0,0.0,0.0,62.675702150008945,8.63919536836405,True,False,True,False,True,7.147562262796679,0,1.1766908570916215,0.8194730609992484,False,False,False,False,0.3428282525031581,0.32334590242378447,False,False,False,False,19709579,8484632.883213952,False,False,False,False,2503130.517364326,False,False,False,False
2024-01-05 00:00:00+00:00,129.72,130.47,119.03,123.55,1393096,,,91.17311742654157,,,106.35327215432683,"rgba(38, 166, 154, 1.0)",0.0,0.0,14.125521332004038,99.86238781374625,2.11373523741072,0.0,0.0,0.0,0.0,0.0,0.0,0.0,0.0,64.90238213879637,10.566007029360023,True,False,True,False,True,8.279909448038161,0,1.1462935979028723,0.8164968464510968,False,False,False,False,0.30877185520151706,0.31605887881265077,False,False,False,False,21102675,9419302.669642549,False,False,False,False,2420905.7383003016,False,False,False,False
2024-01-12 00:00:00+00:00,131.23,140.0,127.7,131.0,1795675,,,91.8679792474274,,,107.84604574520539,"rgba(38, 166, 154, 1.0)",0.0,0.0,14.473566492990843,100.9294273624789,2.093511136470395,0.0,0.0,0.0,0.0,0.0,0.0,0.0,0.0,66.68331736453332,12.0877165325591,True,False,True,False,True,8.731898793922138,0,1.1792525908814087,0.7838703722553565,False,False,False,False,0.34282825280246354,0.3294435658075572,False,False,False,False,22898350,10417750.620039398,False,False,False,False,2374592.350278057,False,False,False,False
2024-01-19 00:00:00+00:00,132.02,134.155,128.68,130.85,2886062,,,92.90229728804495,,,109.81124304007943,"rgba(38, 166, 154, 1.0)",0.0,0.0,14.831434121152624,102.41156202669926,1.9963300737770957,0.0,0.0,0.0,0.0,0.0,0.0,0.0,0.0,68.05845670981648,13.260989514078624,True,False,True,False,True,8.970697707941103,0,1.1812792342467604,0.8137574546522108,False,False,False,False,0.3040758270711617,0.3167596964393594,False,False,False,False,25784412,11556021.833369812,False,False,False,False,2412478.990998201,False,False,False,False
2024-01-26 00:00:00+00:00,132.455,137.56,131.0,131.8,1618822,,,93.48876996055061,,,110.8686005863268,"rgba(38, 166, 154, 1.0)",0.0,0.0,15.147494657116985,103.22937244110426,1.929403391151831,0.0,0.0,0.0,0.0,0.0,0.0,0.0,0.0,69.10029174987585,14.166255690561613,True,False,True,False,True,9.104118091625555,0,1.1975123810154569,0.811637762380362,False,False,False,False,0.342828252817427,0.3297939746283932,False,False,False,False,27403234,12729889.401268344,False,False,False,False,2353689.5842575934,False,False,False,False
2024-02-02 00:00:00+00:00,139.77,143.76,127.95,132.61,2354166,,,94.38363117983388,,,112.46034244227916,"rgba(38, 166, 154, 1.0)",0.0,0.0,15.613185041628897,104.47035465198297,2.2608868884791162,0.0,0.0,0.0,0.0,0.0,0.0,0.0,0.0,70.78614597428202,15.732448539321695,True,False,True,False,True,11.312325517256959,0,1.1634559302047822,0.8021900478002032,False,False,False,False,0.3428282528699423,0.3363111137491678,False,False,False,False,29757400,13991186.482655875,False,False,False,False,2353724.874312586,False,False,False,False
2024-02-09 00:00:00+00:00,141.75,144.95,136.79,139.77,2457181,,,95.3631825936451,,,114.16632519579103,"rgba(38, 166, 154, 1.0)",0.0,0.0,16.071828179645156,105.81540356416744,2.2358748509608537,0.0,0.0,0.0,0.0,0.0,0.0,0.0,0.0,72.22373062391011,17.078763560115476,True,False,True,False,True,11.896389710678672,0,1.1931361605738904,0.7974711993982002,False,False,False,False,0.34282825301634273,0.3395696833827553,False,False,False,False,32214581,15341067.5580147,False,False,False,False,2361388.2910301723,False,False,False,False
2024-02-16 00:00:00+00:00,156.39,156.44,138.5,140.56,2457237,,,96.49291222520378,,,116.20155605471692,"rgba(38, 166, 154, 1.0)",0.0,0.0,17.109293610925757,107.40059257550315,2.8633214519863563,0.0,0.0,0.0,0.0,0.0,0.0,0.0,0.0,74.67138333200549,19.4030720615324,True,False,True,False,True,15.980087219810429,0,1.2067482433247951,0.7511930727252657,False,False,False,False,0.34282825317142734,0.3411989682770913,False,False,False,False,34671818,16772974.99816176,False,False,False,False,2368488.1953983074,False,False,False,False
2024-02-23 00:00:00+00:00,159.4,160.21,153.27,154.51,1308736,,,97.15352494931392,,,117.40344427719374,"rgba(38, 166, 154, 1.0)",0.0,0.0,18.18275185245424,108.33428638007138,2.8084700288661737,0.0,0.0,0.0,0.0,0.0,0.0,0.0,0.0,76.65755540410055,21.268507303797705,True,False,True,False,True,16.770657686549754,0,1.254320848935777,0.7533735068268069,False,False,False,False,0.34282825333901307,0.34201361080805215,False,False,False,False,35980554,18195758.627927557,False,False,False,False,2289988.0327762105,False,False,False,False
2024-03-01 00:00:00+00:00,152.47,161.0,142.01,158.2,2246867,,,98.14934759864093,,,119.03674480110129,"rgba(38, 166, 154, 1.0)",0.0,0.0,18.915983106671774,123.08076656488835,1.5536720068620646,0.0,0.0,0.0,0.0,0.0,0.0,0.0,0.0,75.8239892898818,21.268507303797705,True,False,True,False,True,13.970836096129034,0,1.177681434096903,0.7689271790178613,False,False,False,False,0.2874518579603758,0.314732734384214,False,False,False,False,33733687,19346716.28511811,False,False,False,False,2286793.8822001945,False,False,False,False
2024-03-08 00:00:00+00:00,146.62,153.99,143.89,153.99,1229629,,,98.6429957663565,,,119.77399942126979,"rgba(38, 166, 154, 0.75)",0.0,0.0,19.440508706455336,123.25864231127994,1.2016844847770256,0.0,0.0,0.0,0.0,0.0,0.0,0.0,0.0,73.53609367760092,21.268507303797705,True,False,True,False,False,11.69256744237006,0,1.185999848036806,0.8143583509202302,False,False,False,False,0.26095150515610266,0.28784211977015833,False,False,False,False,32504058,20321334.189924177,False,False,False,False,2208485.3724075877,False,False,False,False
2024-03-15 00:00:00+00:00,148.7,155.0,146.74,147.15,1293697,,,99.17230249006985,,,120.56178229171063,"rgba(38, 166, 154, 0.75)",0.0,0.0,19.992296458503326,123.76905005710674,1.2470278236740215,0.0,0.0,0.0,0.0,0.0,0.0,0.0,0.0,72.17492955593464,21.268507303797705,True,False,True,False,False,12.275310590361851,0,1.1921848686214807,0.8019386276508059,False,False,False,False,0.28085599275396456,0.2843490562620614,False,False,False,False,33797755,21319587.583263125,False,False,False,False,2140723.2707477664,False,False,False,False
2024-03-22 00:00:00+00:00,145.02,150.725,143.2,149.99,1617433,,,99.77034597232779,,,121.37067169050057,"rgba(38, 166, 154, 0.75)",0.0,0.0,20.430436957619857,124.07728668005166,1.0250741755250337,0.0,0.0,0.0,0.0,0.0,0.0,0.0,0.0,70.15559096158894,25.791979442086955,True,False,True,False,False,10.848670395071156,0,1.2007717211677709,0.8122978516653799,False,False,False,False,0.2407646311526872,0.2625568437073743,False,False,False,False,32180322,22124086.428947337,False,False,False,False,2101961.028470154,False,False,False,False
2024-03-29 00:00:00+00:00,151.17,151.59,144.05,145.73,1006831,,,100.15555838647785,,,121.89930226514136,"rgba(38, 166, 154, 0.75)",0.0,0.0,21.001351686871864,124.43165042537247,1.2731727925561052,0.0,0.0,0.0,0.0,0.0,0.0,0.0,0.0,69.5815941377562,25.208684226835757,True,False,True,False,False,12.588430542514391,0,1.2024432578744373,0.784377197401936,False,False,False,False,0.24949369306486247,0.2560252683861184,False,False,False,False,33187153,22943572.841617905,False,False,False,False,2020840.285620513,False,False,False,False
2024-04-05 00:00:00+00:00,149.88,153.85,144.02,151.07,1265662,,,100.63437542570469,,,122.54311998098967,"rgba(38, 166, 154, 0.75)",0.0,0.0,21.51009446140901,124.8821172098122,1.1621465835510945,0.0,0.0,0.0,0.0,0.0,0.0,0.0,0.0,68.79776059565052,24.37267421799237,True,False,True,False,False,12.082948929806204,0,1.2253260616576853,0.7653948966817373,False,False,False,False,0.2609002071351257,0.258462737760622,False,False,False,False,31921491,23608603.816312876,False,False,False,False,1964901.1533523267,False,False,False,False
2024-04-12 00:00:00+00:00,146.04,156.835,144.36,150.97,1612336,,,101.228875756764,,,123.31566390942886,"rgba(38, 166, 154, 0.75)",0.0,0.0,21.885303817817974,134.83844310003008,0.5118300843897876,0.0,0.0,0.0,0.0,0.0,0.0,0.0,0.0,67.13594976640798,22.67468803577887,True,False,True,False,False,10.582711154579528,0,1.2101084034263307,0.7694778166467267,False,False,False,False,0.27803280084558074,0.26824776930310135,False,False,False,False,30309155,24104940.941030443,False,False,False,False,1938785.216066969,False,False,False,False
2024-04-19 00:00:00+00:00,140.17,150.19,137.78,145.64,1548868,,,101.71223148185365,,,123.84341539868444,"rgba(38, 166, 154, 0.75)",0.0,0.0,22.014093494563596,134.11309795118072,0.2751374727428602,0.0,0.0,0.0,0.0,0.0,0.0,0.0,0.0,64.3951495024885,19.969535746215172,True,False,True,False,False,8.343075900321182,0,1.1831887005531951,0.7978094033516292,False,False,False,False,0.2107233589542442,0.23948556412867278,False,False,False,False,28760287,24449781.389843002,False,False,False,False,1909902.4593212677,False,False,False,False
2024-04-26 00:00:00+00:00,135.9,147.45,133.39,140.48,1312946,,,102.07606385512474,,,124.18313527492417,"rgba(38, 166, 154, 0.75)",0.0,0.0,22.188706484796906,133.53803069629902,0.1064491661701571,0.0,0.0,0.0,0.0,0.0,0.0,0.0,0.0,61.40076266204788,17.079097631419074,True,False,True,False,False,6.755007100068102,0,1.172964170085579,0.7945588647696659,False,False,False,False,0.16754265252690723,0.20351410832779,False,False,False,False,27447341,24671822.842447225,False,False,False,False,1865683.4623345071,False,False,False,False
2024-05-03 00:00:00+00:00,137.2,143.99,135.1588,136.48,1770657,,,102.55391179409048,,,124.61389782070002,"rgba(38, 166, 154, 0.75)",0.0,0.0,22.389581710299144,133.14691926497932,0.18102529951045337,0.0,0.0,0.0,0.0,0.0,0.0,0.0,0.0,59.527281432554354,15.298934165838645,True,False,True,False,False,7.156609899711668,0,1.1732056362677323,0.8241274917370864,False,False,False,False,0.15825584791658448,0.18088497812218723,False,False,False,False,29217998,25008576.557821505,False,False,False,False,1858644.4651245435,False,False,False,False
2024-05-10 00:00:00+00:00,133.46,138.36,132.59,138.36,1755098,,,102.96474272624585,,,124.90342490343086,"rgba(38, 166, 154, 0.5)",0.0,0.0,22.478267056534065,132.58532937440737,0.03891183530264136,0.0,0.0,0.0,0.0,0.0,0.0,0.0,0.0,57.27259097970736,13.148811436170107,False,False,True,False,False,5.761423992395056,0,1.1615194983755002,0.8517443303061881,False,False,False,False,0.11613972429062687,0.14851235120640705,False,False,False,False,27462900,25190378.29427917,False,False,False,False,1850974.3565967996,False,False,False,False
2024-05-17 00:00:00+00:00,121.12,134.98,116.625,134.01,3770450,,,103.53152478538797,,,124.86535361788238,#000000,-1.0,117.571,22.497330637451427,131.48019757473946,-0.46050785942989975,0.0,0.0,0.0,0.0,0.0,0.0,0.0,0.0,53.134328969295424,9.225104347878855,False,False,False,False,False,1.3936104725886054,0,1.105883084717777,0.8618147993169197,False,False,True,False,0.0057964323500068774,0.07715439177820696,False,False,False,False,23692450,25079420.64285108,False,False,False,False,1993157.7375896291,False,False,True,False
2024-05-24 00:00:00+00:00,130.41,133.085,120.12,121.02,3118691,,,104.0562649724098,,,125.00191312715324,#000000,0.0,0.0,22.590333315520294,131.08116308622087,-0.02971018961281821,0.0,0.0,0.0,0.0,0.0,0.0,0.0,0.0,52.163205518499986,8.376189457757064,False,False,False,False,False,4.3297145393335725,0,1.1018514647712436,0.8749054643587243,False,False,False,False,-0.0034576840670540675,0.03684835385557644,False,False,False,False,26811141,25207696.22486211,False,False,False,False,2076530.5718422493,False,False,False,False
2024-05-31 00:00:00+00:00,135.1,143.76,125.87,130.77,1823064,,,104.4402547052533,,,125.2581995779826,#000000,0.0,0.0,22.73869253433827,131.56195596947578,0.15559575490900937,0.0,0.0,0.0,0.0,0.0,0.0,0.0,0.0,52.35463426911915,8.376189457757064,False,False,False,False,False,5.75266585237577,0,1.1213996334835319,0.8642518977639223,False,False,False,False,0.03786181180912424,0.03735508283235034,False,False,False,False,28634205,25461511.68968714,False,False,False,False,2057755.2702243049,False,False,False,False
2024-06-07 00:00:00+00:00,137.17,140.09,133.11,135.44,1163095,,,104.6950910041709,,,125.44541334900472,#000000,0.0,0.0,22.898037036329487,131.89308051848752,0.23045291931095352,0.0,0.0,0.0,0.0,0.0,0.0,0.0,0.0,52.873001451787594,8.376189457757064,False,False,False,False,False,6.37497635323361,0,1.1026743623350164,0.9013668567295372,False,False,False,False,0.03147248636499331,0.03441378459867182,False,False,False,False,29797300,25782681.194154758,False,False,False,False,1991484.1390965786,False,False,False,False
2024-06-14 00:00:00+00:00,127.64,138.38,124.58,136.87,1599212,,,104.96838265515316,,,125.54922751499898,#000000,0.0,0.0,22.90582327253907,131.75826472295674,-0.17979116812160034,0.0,0.0,0.0,0.0,0.0,0.0,0.0,0.0,51.34630283821466,7.441402248026492,False,False,False,False,False,3.078630750908058,0,1.0810284669224064,0.945464991867247,False,False,False,False,-0.15149416020600415,-0.05854018780366616,False,False,False,False,28198088,25961600.21680996,False,False,False,False,1962426.9436079431,False,False,False,False
2024-06-21 00:00:00+00:00,127.85,128.97,121.07,127.64,1158099,,,105.13004174341876,,,125.55567338502794,#000000,0.0,0.0,22.977430938848435,131.4540469653124,-0.15685160690523292,0.0,0.0,0.0,0.0,0.0,0.0,0.0,0.0,50.29906095033069,6.309240237270174,False,False,False,False,False,3.1440800101860873,0,1.0101338477199369,0.9891096323981926,False,False,False,False,-0.33658979061217975,-0.19756498920792295,False,False,False,False,29356187,26213051.089638848,False,False,False,False,1902847.0959332807,False,False,False,False
2024-06-28 00:00:00+00:00,136.38,138.75,126.37,129.02,1651574,,,105.44180603620755,,,125.73543415836217,#000000,0.0,0.0,23.115056328160954,131.5969290401126,0.20692447779416423,0.0,0.0,0.0,0.0,1.0,132.27,128.97,135.0,51.218743299886185,6.309240237270174,False,False,False,False,False,5.755841948636803,0,1.0089059311665292,0.9675385187798607,False,False,False,False,-0.17050161406085063,-0.1840333016343868,False,False,False,False,31007761,26568214.786702637,False,False,False,False,1884234.274012297,False,False,False,False
2024-07-05 00:00:00+00:00,135.81,138.11,132.27,135.68,715950,,,105.58218646608519,,,125.82553632474021,#000000,0.0,0.0,23.24576460947841,131.69300324774497,0.1771073923107841,0.0,0.0,0.0,0.0,0.0,0.0,0.0,0.0,51.754489397064965,6.309240237270174,False,False,False,False,False,5.556191766690102,0,1.046001805009849,0.9727916153295405,False,False,False,False,-0.11895003765220587,-0.15149166964329633,False,False,False,False,30291811,26844036.728428368,False,False,False,False,1797694.698159534,False,False,False,False
2024-07-12 00:00:00+00:00,138.08,140.87,134.735,136.29,1533352,,,105.90328326865935,,,126.06188915241366,#000000,0.0,0.0,23.43087895268752,132.01338955665906,0.258915188610332,0.0,0.0,0.0,0.0,0.0,0.0,0.0,0.0,52.57549130322192,6.309240237270174,False,False,False,False,False,6.246928876609669,1,1.0247812867777233,0.9964521368170721,False,False,False,False,-0.06412146902539878,-0.10780656933434755,False,False,False,False,31825163,27213009.04484108,False,False,False,False,1778113.7575551241,False,False,False,False
2024-07-19 00:00:00+00:00,135.21,142.21,132.59,138.91,1793420,,,106.25676258258297,,,126.29941786271394,#000000,0.0,0.0,23.574471319055544,134.85354089591806,0.015120555589885868,0.0,0.0,0.0,0.0,0.0,0.0,0.0,0.0,52.49974332231542,6.309240237270174,False,False,False,False,False,5.217542124101676,1,1.0133834205197851,0.9711320678761887,False,False,False,False,-0.07253552152858543,-0.09017104543146649,False,False,False,False,30031743,27421804.15263063,False,False,False,False,1779247.5532917816,False,False,False,False
2024-07-26 00:00:00+00:00,133.75,137.62,132.465,135.67,1100317,,,106.45523323922032,,,126.41206153856001,#000000,0.0,0.0,23.692888045126924,134.69131260320327,-0.03972975356192924,0.0,0.0,0.0,0.0,0.0,0.0,0.0,0.0,52.107842649223485,6.309240237270174,False,False,False,False,False,4.693412234482583,1,1.0047732070131012,0.9993612064963882,False,False,False,False,-0.12206386621526627,-0.10611745582336637,False,False,False,False,28931426,27533627.993176512,False,False,False,False,1728956.401196094,False,False,False,False
2024-08-02 00:00:00+00:00,132.26,138.155,127.93,133.75,1421613,,,106.69117991814626,,,126.52166550155465,#000000,0.0,0.0,23.794873521809656,134.4010396012015,-0.08997902843396444,0.0,0.0,0.0,0.0,-1.0,132.465,129.34,137.0,51.47560826293131,6.309240237270174,False,True,False,False,False,4.154827155138797,1,0.9994931139530523,1.0198590711964899,False,False,False,False,-0.16454444584494574,-0.13533095083415606,False,False,False,False,27509813,27531863.91960788,False,False,False,False,1706190.2233297168,False,False,False,False
2024-08-09 00:00:00+00:00,126.97,129.34,120.18,121.12,1203658,,,106.83280658432342,,,126.50694654006271,#000000,0.0,0.0,23.845937408159763,130.7287503130213,-0.1576264438123997,0.0,0.0,0.0,0.0,0.0,0.0,0.0,0.0,49.826085877361216,4.637961195114059,False,True,False,False,False,2.2631473876031407,1,0.9298505405970808,1.044874234335608,False,False,False,False,-0.34282825441539394,-0.239079602624775,False,False,False,False,26306155,27441070.666303594,False,False,False,False,1668965.6141941822,False,False,False,False
2024-08-16 00:00:00+00:00,138.84,142.48,128.0,137.01,3966009,,,107.5497136946942,,,126.9557018339348,#000000,0.0,0.0,24.00593478141872,133.4960595075283,0.22260913982854272,0.0,0.0,0.0,0.0,1.0,135.92,129.34,140.0,51.25521121014391,4.637961195114059,False,True,False,False,False,6.036756107931499,1,0.9475307019218095,1.0356157417977558,False,False,False,False,-0.11420881192246234,-0.17664420727361868,False,False,False,False,30272164,27650781.283614438,False,False,False,False,1839116.9761057242,False,False,False,False
2024-08-23 00:00:00+00:00,139.68,144.6182,135.92,138.45,2166770,,,107.97434112436116,,,127.27166193952174,#000000,0.0,0.0,24.176461147790636,135.91332960925502,0.15579907943182197,0.0,0.0,0.0,0.0,0.0,0.0,0.0,0.0,52.438412845189276,4.637961195114059,False,True,False,False,False,6.294150196858617,1,0.923347900333662,1.041231099996994,False,False,False,False,0.05277490757923212,-0.06193464984719328,False,False,False,False,32438934,28005459.26260596,False,False,False,False,1863387.5704682632,False,False,False,False
2024-08-30 00:00:00+00:00,138.45,141.22,137.1,139.83,998732,,,108.15947849358287,,,127.39960765622128,#000000,0.0,0.0,24.306813589482957,136.04349556926093,0.09900534357906565,0.0,0.0,0.0,0.0,0.0,0.0,0.0,0.0,52.977154593278655,4.637961195114059,False,False,False,False,True,5.84330783921687,1,0.9660586965329978,1.0593783827913812,False,False,False,False,0.0340115752791958,-0.01396153728399874,False,False,False,False,31440202,28259884.650561076,False,False,False,False,1799339.0096928363,False,False,False,False
2024-09-06 00:00:00+00:00,119.15,138.935,114.5,136.41,5275256,,,108.65062977656616,,,127.22392816234023,#000000,0.0,0.0,24.294716783213918,131.2958775060073,-0.49993904495315206,0.0,0.0,0.0,0.0,-1.0,137.1,119.74,142.0,49.550856797420735,4.069108581963604,False,True,False,False,False,0.0,1,0.8800327274735096,1.0393855495727289,False,False,False,False,-0.288245267259548,-0.15110340227177338,False,False,False,False,26164946,28104704.009778775,True,False,False,False,2056814.3423081818,False,False,False,False
2024-09-13 00:00:00+00:00,119.22,119.74,111.09,119.06,5389940,,,108.89438362684406,,,126.66483707368096,#000000,0.0,0.0,23.78617686146061,124.36977052754776,-0.21650265856265616,0.0,0.0,0.0,0.0,0.0,0.0,0.0,0.0,47.11957476362582,1.7224408428508298,False,True,False,False,False,0.0,1,0.8581557235240136,1.112150108496544,True,False,False,False,-0.34282825441539394,-0.24696582834358366,False,False,False,False,31554886,28360273.04609146,False,False,False,False,2303712.5391742424,False,False,False,False
2024-09-20 00:00:00+00:00,151.26,155.53,137.75,139.65,8723131,,148.17999999999998,110.73342019853864,,,128.36575530504277,#000000,0.0,0.0,23.787745712090132,138.0115914500877,0.5569425833898491,0.0,0.0,0.0,0.0,1.0,142.98,119.74,144.0,50.74929119922329,1.7224408428508298,False,True,False,False,True,8.62689656220467,1,0.909307699201596,1.0283636680083803,False,True,False,False,0.2615663029767467,0.007300237316581526,False,False,False,False,40278017,29243068.894529127,False,False,False,False,2779225.017753928,False,False,False,False
2024-09-27 00:00:00+00:00,144.62,151.8657,142.98,151.48,2440865,,147.810189725689,111.19571069306895,,,128.75797852815018,#000000,0.0,0.0,23.631927614262977,138.86410658374035,0.24356427923322266,0.0,0.0,0.0,0.0,0.0,0.0,0.0,0.0,52.21277332253175,-2.7330926731110523,False,True,False,False,True,6.4980916116837015,1,0.9238628159895198,1.04288350105606,False,False,False,False,0.27734463457300323,0.14232243594479238,False,False,False,False,37837152,29879667.643082526,False,False,False,False,2754161.3127351184,False,False,False,False
2024-10-04 00:00:00+00:00,142.67,149.67,139.56,143.69,2235325,,147.16899878908043,111.57919741498429,,,129.0535570411178,#000000,0.0,0.0,23.141974631540112,139.2298169901494,0.14865555185433366,0.0,0.0,0.0,0.0,0.0,0.0,0.0,0.0,52.93305077190145,-2.0910231364535434,False,True,False,False,True,5.881102626523592,1,0.9129817135625461,1.0572369723708865,False,False,False,False,0.22131633502651776,0.18181938548565507,False,False,False,False,35601827,30303531.299150486,False,False,False,False,2715728.9932732577,False,False,False,False
2024-10-11 00:00:00+00:00,128.87,143.53,127.11,141.07,2790856,,144.75585718077696,111.89010227469399,,,129.15107569225202,#000000,0.0,0.0,23.000223033192,138.348767096264,-0.4121163122020612,0.0,0.0,0.0,0.0,-1.0,139.56,132.625,148.0,51.355891105808254,-2.0910231364535434,False,True,False,False,True,1.6885465718271533,1,0.8732837248524965,1.0856203978438144,False,False,False,False,0.08061411215797598,0.13121674882181553,False,False,False,False,32810971,30489267.573287487,False,False,False,False,2721293.956734498,False,False,False,False
2024-10-18 00:00:00+00:00,129.9,132.625,125.4,128.63,2210736,,142.8999494287865,112.08654521256206,,,129.15397238529067,#000000,0.0,0.0,22.868078485754545,137.4925342536807,-0.3320145266429094,0.0,0.0,0.0,0.0,0.0,0.0,0.0,0.0,50.388353856233664,-2.0910231364535434,False,True,False,False,True,1.976833227579867,1,0.8869466881963068,1.100875595629773,False,False,False,False,-0.04966112899485546,0.04077780991348003,False,False,False,False,35021707,30825003.827118043,False,False,False,False,2683474.848828239,False,False,False,False
2024-10-25 00:00:00+00:00,130.32,131.42,125.585,130.44,1090738,,142.12818105694757,112.18073660941478,,,129.15356134745682,#000000,0.0,0.0,22.647771356458314,137.12265548652869,-0.3003675451972816,0.0,0.0,0.0,0.0,0.0,0.0,0.0,0.0,49.76567268521298,-2.0910231364535434,False,True,False,False,False,2.096119192439623,1,0.8990920786032227,1.0985255814991814,False,False,False,False,-0.06020916450468044,-0.009715677295600203,False,False,False,False,36112445,31216666.13622041,False,False,False,False,2565494.3415076286,False,False,False,False
2024-11-01 00:00:00+00:00,125.28,133.97,120.77,131.25,1679811,,140.90194437997872,112.30320015454178,,,129.1196305256958,#000000,0.0,0.0,22.378310673990136,136.47468391731442,-0.5002470508341713,0.0,0.0,0.0,0.0,0.0,0.0,0.0,0.0,48.55139621057801,-2.0910231364535434,False,True,False,False,False,0.5842467720781634,1,0.8789177714233357,1.0773742922272007,False,False,False,False,-0.08368339490289074,-0.04669953609924547,False,False,False,False,34432634,31454885.97798186,False,False,False,False,2499888.168062619,False,False,False,False
2024-11-08 00:00:00+00:00,124.33,132.46,122.13,127.2,1939491,,139.6770961546602,112.43850299877563,,,129.0758895933753,#000000,0.0,0.0,22.12169781434482,135.80171515762717,-0.5185729980538988,0.0,0.0,0.0,0.0,0.0,0.0,0.0,0.0,47.53896897203266,2.546289886721908,False,True,False,False,False,0.30022873872027844,1,0.8934166499759427,1.0629016491945258,False,False,False,False,-0.08524094957220048,-0.06597024283572298,False,False,False,False,32493143,31531793.90553876,False,False,False,False,2458377.266724647,False,False,False,False
2024-11-15 00:00:00+00:00,126.51,133.0,118.05,124.83,3737102,,137.75290419039663,112.68368729709077,,,128.98214410743648,#000000,0.0,0.0,21.88328469114893,132.79793996452713,-0.2873398602299586,0.0,0.0,0.0,0.0,0.0,0.0,0.0,0.0,47.235286361686505,2.1432152520062644,False,True,False,False,False,0.9517613696504945,1,0.9311137713893294,1.0507772152950656,False,False,False,False,-0.12213609897885813,-0.09405317090729055,False,False,False,False,36230245,31879827.319943294,False,False,False,False,2553097.617337636,False,False,False,False
2024-11-22 00:00:00+00:00,129.81,130.275,119.085,127.34,2551925,,136.76660150324932,112.85264355776125,,,128.93165480415192,#000000,0.0,0.0,21.640244622561998,132.35923964045594,-0.11780086985699387,0.0,0.0,0.0,0.0,0.0,0.0,0.0,0.0,47.6530717550221,2.1432152520062644,False,True,False,False,False,1.9361147402930534,1,0.9226159271987493,1.053805213280904,False,False,False,False,-0.13986110868121146,-0.11695713979425101,False,False,False,False,38782170,32391111.962910455,False,False,False,False,2553010.7567941076,False,False,False,False
2024-11-29 00:00:00+00:00,136.08,137.7,128.63,131.57,1919385,,136.60542781801288,113.04816463223848,,,129.00680669911898,#000000,0.0,0.0,21.340244659260968,132.8094105726147,0.15325922826128371,0.0,0.0,0.0,0.0,0.0,0.0,0.0,0.0,49.09345030921245,2.1432152520062644,False,True,False,False,False,3.771872418781797,1,0.9331647539652923,1.0664285406835836,False,False,False,False,0.03601953275732124,-0.04046880351846489,False,False,False,False,40701555,33006700.3360282,False,False,False,False,2506075.5155500993,False,False,False,False
2024-12-06 00:00:00+00:00,133.0,137.54,129.01,135.5,1872537,,136.41236872365732,113.2270144898975,,,129.0648199239853,#000000,0.0,0.0,21.01689623260893,132.99968655436732,1.4913982979010583e-05,0.0,0.0,0.0,0.0,0.0,0.0,0.0,0.0,49.52926957277992,2.1432152520062644,False,True,False,False,False,2.7921446101233656,1,0.9103855343776666,1.054247432350013,False,False,False,False,0.038290860008379335,-0.001088971755042776,False,False,False,False,38829018,33437983.12595204,False,False,False,False,2459146.7366204625,False,False,False,False
2024-12-13 00:00:00+00:00,129.87,135.71,126.74,132.6,1843715,,136.1156200140607,113.37913963634807,,,129.08787115615587,#000000,0.0,0.0,20.618220245236497,132.94293826655087,-0.1490399379772275,0.0,0.0,0.0,0.0,0.0,0.0,0.0,0.0,49.245814020972844,2.1432152520062644,False,True,False,False,False,1.8016044126900468,1,0.9303570333055836,1.0555567170332918,False,False,False,False,-0.003998744520082791,-0.0025438581375627836,False,False,False,False,36985303,33700747.5610667,False,False,False,False,2413559.2005745023,False,False,False,False
2024-12-20 00:00:00+00:00,136.38,141.48,130.0,130.13,2955546,,136.10299482145797,113.68857989582825,,,129.23321498892997,#000000,0.0,0.0,20.207676229680704,133.3591084836869,0.14949227620126176,0.0,0.0,0.0,0.0,0.0,0.0,0.0,0.0,50.277698909247235,2.1432152520062644,False,True,False,False,True,3.7276562691276425,1,0.9537030613173848,1.0030458512291196,False,False,False,False,0.0893372278160812,0.04339668483925921,False,False,False,False,39940849,34162977.297283985,False,False,False,False,2453706.370902317,False,False,False,False
2024-12-27 00:00:00+00:00,137.5,141.47,135.61,137.28,514313,,136.13091522091122,113.74689351136465,,,129.2661026784894,#000000,0.0,0.0,19.843846500084553,133.4556362205976,0.2038094670499074,0.0,0.0,0.0,0.0,0.0,0.0,0.0,0.0,51.220013013109224,2.1432152520062644,False,True,False,False,True,4.055371699011442,1,0.9537312446295196,1.036994240457026,False,False,False,False,0.14790531973991652,0.09565100228958787,False,False,False,False,40455162,34629065.05304073,False,False,False,False,2310047.602687331,False,False,False,False
2025-01-03 00:00:00+00:00,140.4,140.99,134.495,136.33,1064108,,136.1980759621708,113.86879817636253,,,129.3366647844686,#000000,0.0,0.0,19.570217622519984,133.65508312495467,0.3446521140001925,0.0,0.0,0.0,0.0,0.0,0.0,0.0,0.0,52.43109443428995,-1.6551867634505015,False,True,False,False,True,4.906911488122255,1,0.9296144001651826,1.0363581244179854,False,False,False,False,0.13113835122534268,0.11339467675746527,False,False,False,False,41519270,35139450.604667336,False,False,False,False,2217755.780266047,False,False,False,False
2025-01-10 00:00:00+00:00,129.19,141.99,127.27,140.77,1992697,,136.03595482741105,114.04106208860173,,,129.3850976862332,#000000,0.0,0.0,19.28336354697187,133.5355654103872,-0.22535308219450095,0.0,0.0,0.0,0.0,0.0,0.0,0.0,0.0,51.017170531142774,-1.6551867634505015,False,True,False,False,True,1.2947939685874026,1,0.8991461882289267,1.0412134113604818,False,False,False,False,0.06630919250185194,0.0898519346296586,False,False,False,False,39526573,35464422.63395124,False,False,False,False,2201084.759505599,False,False,False,False
2025-01-17 00:00:00+00:00,128.13,137.54,126.38,127.63,2205973,,135.76617622269094,114.20688951165161,,,129.4047961920595,#000000,0.0,0.0,18.87843159355224,133.13163925612653,-0.2649393426218099,0.0,0.0,0.0,0.0,0.0,0.0,0.0,0.0,49.812382424288096,-1.6551867634505015,False,True,False,False,False,0.9634672320748159,1,0.9038512543541337,1.0603181582677748,False,False,False,False,0.0111573968359853,0.050504665732821946,False,False,False,False,37320600,35601917.253658555,False,False,False,False,2201446.8513940726,False,False,False,False
2025-01-24 00:00:00+00:00,128.2,131.7,122.52,128.55,2487162,,135.32026857575983,114.35427351508771,,,129.3723096721802,#000000,0.0,0.0,18.404493219256448,132.44757132844984,-0.23078990971648472,0.0,0.0,0.0,0.0,0.0,0.0,0.0,0.0,48.96724977302351,-1.6551867634505015,False,True,False,False,False,0.9851266448361642,1,0.8928297136408632,1.0636339006395983,False,False,False,False,-0.089084698422309,-0.019290016344743526,False,False,False,False,39807762,35913461.30894311,False,False,False,False,2222610.936475993,False,False,False,False
2025-01-31 00:00:00+00:00,130.66,132.055,124.69,127.9,1522497,,135.12316802742092,114.45411258051787,,,129.36989122838028,#000000,0.0,0.0,18.114506454250414,132.29372124178346,-0.09018855942388225,0.0,0.0,0.0,0.0,0.0,0.0,0.0,0.0,48.92262255281538,-1.6551867634505015,False,True,False,False,False,1.7535458357264204,1,0.9140936010865747,1.0648368991412351,False,False,False,False,-0.06289992801598111,-0.041094972180362316,False,False,False,False,41330259,36314705.58235473,False,False,False,False,2170750.644885179,False,False,False,False
2025-02-07 00:00:00+00:00,120.87,131.65,120.46,127.01,2254033,,134.63676539275855,114.55186254633519,,,129.29493130983553,#000000,0.0,0.0,17.809844214027443,131.6422583030802,-0.6048485418303506,0.0,0.0,0.0,0.0,0.0,0.0,0.0,0.0,46.998503544141116,0.8321506423535325,False,True,False,False,False,0.0,1,0.935304075843222,1.0467303893188062,False,False,False,False,-0.11105817400032231,-0.07607657309034231,True,False,False,False,39076226,36519262.65032846,True,False,False,False,2176919.7082270174,True,False,False,False
2025-02-14 00:00:00+00:00,144.08,147.68,118.03,121.45,3738754,,134.77304014327194,114.90805560663057,,136.5966666666667,129.47061695100575,#000000,0.0,0.0,17.55686566585869,133.31212221012976,0.6133143577449368,1.0,147.68,118.03,0.0,1.0,145.0,131.65,166.0,49.857836101683816,0.8321506423535325,False,True,False,False,True,5.454660679799257,1,0.9088677736011935,1.038706527174624,True,False,False,False,0.029620441272820472,-0.02322806590876092,False,False,False,False,42814980,36985612.08363746,False,False,False,False,2292611.1372472383,False,False,False,False
2025-02-21 00:00:00+00:00,152.43,157.37,145.0,145.48,2645663,,135.56214569223175,115.3228378430613,,142.81395539900774,129.8410885982698,#000000,0.0,0.0,17.51675227698708,136.28782990243192,0.9215275664299439,0.0,0.0,0.0,0.0,1.0,148.02,147.68,166.0,53.00471968092547,-1.0744010058393272,False,True,False,False,True,7.658359407865081,1,0.9670588958706602,1.0115707981190318,False,False,False,False,0.34282825234478276,0.15980009321801092,False,False,False,False,45460643,37613392.15151617,False,False,False,False,2318763.1270807763,False,False,False,False
2025-02-28 00:00:00+00:00,156.58,157.49,148.02,152.43,1880517,,136.15787421113845,115.63137525528832,,145.36593736824355,130.1255395271493,"rgba(38, 166, 154, 0.5)",0.0,0.0,17.349229303701968,137.86077691486219,1.0789656853024319,0.0,0.0,0.0,0.0,0.0,0.0,0.0,0.0,55.763307400964074,1.4674316115709019,False,False,True,False,True,8.72343329940534,1,0.9732799096083408,1.0005245283333235,False,False,False,False,0.3428282524318437,0.2513141728249273,False,False,False,False,47341160,38333967.54770015,False,False,False,False,2286300.451000719,False,False,False,False
2025-03-07 00:00:00+00:00,145.74,158.0,144.75,157.78,2628583,,136.73336631842255,116.00454259219211,,146.36267375846876,130.43880294401364,"rgba(38, 166, 154, 0.5)",0.0,0.0,16.921907804344563,138.9388714202326,0.4019126364712419,0.0,0.0,0.0,0.0,0.0,0.0,0.0,0.0,55.703959674972204,1.4674316115709019,False,False,True,False,True,5.336818627432763,1,1.034098640624296,0.9916111591716237,False,False,False,False,0.31569365232385543,0.28350391257439134,False,False,False,False,44712577,38806457.1367594,False,False,False,False,2311654.713889554,False,False,False,False
2025-03-14 00:00:00+00:00,152.98,155.39,136.57,143.7,2051039,,137.1105064137282,116.27996774560705,,146.67175186541738,130.66154170768593,"rgba(38, 166, 154, 0.5)",0.0,0.0,16.460201654703752,139.51445812795293,0.8180666406476905,0.0,0.0,0.0,0.0,0.0,0.0,0.0,0.0,56.614513686306275,2.157332654867453,False,False,True,False,True,7.205756159067299,0,1.018261408660303,0.9405420914636583,False,False,False,False,0.17241867534442404,0.22796129395940767,False,False,False,False,46763616,39395876.311814256,False,False,False,False,2292349.8461940316,False,False,False,False
2025-03-21 00:00:00+00:00,165.99,169.37,157.59,157.9,2422591,164.31666666666666,138.1183093655723,116.75883061435707,,149.45342707118417,131.14971376747076,"rgba(38, 166, 154, 0.5)",1.0,177.71666,16.342427148624733,148.02413105608358,1.0993390871825497,0.0,0.0,0.0,0.0,0.0,0.0,0.0,0.0,58.74770362601056,4.198159563126737,False,False,True,False,True,10.384397549143479,0,1.0467731013106034,0.9501922545987228,False,False,False,False,0.3428282525064825,0.2853947732329451,False,False,False,False,49186207,40121085.99242061,False,False,False,False,2301997.339068548,False,False,False,False
2025-03-28 00:00:00+00:00,154.68,169.0,154.0,165.83,1552252,162.3289245898098,138.60770192127583,117.02836557422405,,150.35006238952892,131.4082587485555,"rgba(38, 166, 154, 0.5)",0.0,0.0,15.780393347099675,148.20320396700043,0.41043311725749615,0.0,0.0,0.0,0.0,0.0,0.0,0.0,0.0,58.345051951611765,4.198159563126737,False,False,True,False,True,6.974911616928065,0,1.0173305742369374,0.9405254138644594,False,False,False,False,0.30548007248947695,0.295437422861211,False,False,False,False,47633955,40677594.80779686,False,False,False,False,2246460.6472856924,False,False,False,False
2025-04-04 00:00:00+00:00,142.67,158.45,139.57,151.28,2775633,155.98355215148283,138.9376620707483,117.36353491714772,,149.86337320159384,131.6591583139408,"rgba(38, 166, 154, 0.5)",0.0,0.0,14.918719837056228,146.7375688263435,-0.27264865020389933,0.0,0.0,0.0,0.0,-1.0,154.0,153.49,172.0,56.306005427087754,4.198159563126737,False,False,True,False,True,3.5751390186987706,0,0.9822354975632763,0.9684326363779281,False,False,False,False,0.0840582449811249,0.18974783392116795,False,False,False,False,44858322,40987278.303515606,False,False,False,False,2285658.599338604,False,False,False,False
2025-04-11 00:00:00+00:00,150.99,153.49,124.06,136.66,3703970,151.32920416124074,139.13483827706858,117.73950799934381,,148.7526561503207,131.8958831063868,"rgba(38, 166, 154, 0.5)",0.0,0.0,14.32619790221159,146.3737989488694,0.3222209467326984,0.0,0.0,0.0,0.0,0.0,0.0,0.0,0.0,55.87442704000612,4.198159563126737,False,False,True,False,False,5.609477949361018,1,0.9736905696852537,0.9661088624418536,False,False,False,False,-0.09048584181044327,0.04963099605536234,False,False,False,False,48562292,41548390.429181114,False,False,False,False,2390718.7030913,False,False,False,False
2025-04-18 00:00:00+00:00,165.05,165.42,150.99,152.53,1733068,152.63139796625737,139.62715058943232,118.03257816978397,,149.56181505118096,132.1761720532256,"rgba(38, 166, 154, 0.5)",0.0,0.0,13.793757973664551,148.52546251070032,1.1979721204945617,0.0,0.0,0.0,0.0,0.0,0.0,0.0,0.0,57.08342689903513,4.198159563126737,False,False,True,False,False,8.858009475610949,0,1.0589183036968057,0.8993244941096479,False,False,False,False,0.24506128980916264,0.1473461429322625,False,False,False,False,50295360,42196314.10109363,False,False,False,False,2342003.836195648,False,False,False,False
2025-04-25 00:00:00+00:00,164.15,167.29,153.17,164.0,3233694,154.4987558259595,140.53085901002083,118.58206511146754,,150.92694682834326,132.7035891823906,"rgba(38, 166, 154, 0.5)",0.0,0.0,13.348640095732739,150.92871792731557,0.9904591012915974,0.0,0.0,0.0,0.0,0.0,0.0,0.0,0.0,57.809741478178,4.198159563126737,False,False,True,False,False,8.602364885523741,0,1.0632664839128552,0.8928581734237484,False,False,False,False,0.28195822625076483,0.21465218459151367,False,False,False,False,47061666,42556710.53804966,False,False,False,False,2408054.9594404153,False,False,False,False
2025-05-02 00:00:00+00:00,172.06,183.0,161.61,164.15,3111402,157.47449890292484,141.74063820617383,119.22614148216715,,153.0320162480108,133.37504882399966,"rgba(38, 166, 154, 1.0)",0.0,0.0,12.948576321965438,160.26464324207637,0.9109385051014809,0.0,0.0,0.0,0.0,0.0,0.0,0.0,0.0,59.135969228759144,4.593431515408213,True,False,True,False,True,10.369372132327566,0,1.0991712239950386,0.8582341996955518,False,False,False,False,0.3428282528602071,0.2787402187258604,False,False,False,False,50173068,43120885.16486079,False,False,False,False,2460154.7402226063,False,False,False,False
2025-05-09 00:00:00+00:00,151.25,175.6,151.11,175.6,3136456,157.74162315225465,142.39202369601324,119.70562557548512,,153.60179147600715,133.8119330960273,"rgba(38, 166, 154, 0.5)",0.0,0.0,12.434778485078501,158.90658459581647,-0.6157395248338541,0.0,0.0,0.0,0.0,0.0,0.0,0.0,0.0,57.14293108377272,4.593431515408213,False,False,True,False,True,4.6770620208638825,0,1.0632149634047168,0.8796421794524263,False,False,False,False,0.20895756520554953,0.24384889196570497,False,False,False,False,47036612,43410939.00450073,False,False,False,False,2510251.1298357467,False,False,False,False
2025-05-16 00:00:00+00:00,157.6,165.26,150.89,153.41,2068537,157.75687675583757,142.7623590456843,120.00464362515184,157.91666666666669,153.84511082322064,134.07668769608338,"rgba(38, 166, 154, 0.5)",-1.0,155.875,12.111876746950967,159.4833934425747,-0.15549971997930365,1.0,165.26,150.89,0.0,0.0,0.0,0.0,0.0,56.41807756915158,4.593431515408213,False,False,True,False,False,6.107386897071461,0,1.0737945264986968,0.908992180712424,False,False,False,False,0.13358583898976753,0.18871736547773627,False,False,False,False,49105149,43832732.33750068,False,False,False,False,2477531.5646627285,False,False,False,False
2025-05-23 00:00:00+00:00,162.0,162.38,153.49,157.0,1646805,157.8563376148067,143.07038893991887,120.24787570702433,158.52538914766572,154.07905063752833,134.29524680690903,"rgba(38, 166, 154, 0.5)",0.0,0.0,12.219335798657738,159.4924433732177,0.20521218731526733,0.0,0.0,0.0,0.0,0.0,0.0,0.0,0.0,56.37456088205418,4.593431515408213,False,False,True,False,False,7.084088930454342,0,1.078533959892902,0.9088437790284684,False,False,False,False,0.12559241744113755,0.1571548914594369,False,False,False,False,50751954,44345267.27546359,False,False,False,False,2415996.2635766002,False,False,False,False
2025-05-30 00:00:00+00:00,162.84,165.665,156.56,163.55,1528452,158.07396671554045,143.38696293389162,120.48465069376437,159.44731864498618,154.37085137430887,134.51387668304395,"rgba(38, 166, 154, 0.75)",0.0,0.0,12.38918829260205,159.79171268705414,0.24604415083158288,0.0,0.0,0.0,0.0,0.0,0.0,0.0,0.0,56.436239643821914,4.593431515408213,True,False,True,False,False,7.271141519524097,1,1.0608378522353197,0.9201622706970265,False,False,False,False,0.1719550093468182,0.16455495040312756,False,False,False,False,52280406,44933055.32913295,False,False,False,False,2350252.2440524073,False,False,False,False
2025-06-06 00:00:00+00:00,173.06,179.4,165.02,165.5,3020146,159.5288353783557,144.33310386207728,121.06526485669819,164.21512541475374,155.6473358301793,135.10353148090584,"rgba(38, 166, 154, 0.75)",0.0,0.0,12.857187073089923,162.29481873980538,0.8372889963408975,0.0,0.0,0.0,0.0,1.0,169.65,165.665,182.0,57.57463727782238,4.593431515408213,True,False,True,False,False,9.510429101569514,1,1.0753037411283535,0.8789045270459923,False,False,False,False,0.3413076642762529,0.25293130733969027,False,False,False,False,55300552,45701018.045493476,False,False,False,False,2399874.0037522293,False,False,False,False
2025-06-13 00:00:00+00:00,170.8,177.055,169.65,175.85,1717352,160.23274266934567,144.84432591540957,121.38972810158387,165.6408835422642,156.29639681436916,135.43080670749575,"rgba(38, 166, 154, 0.75)",0.0,0.0,13.258796574486004,163.23490420289062,0.5705718278887362,0.0,0.0,0.0,0.0,0.0,0.0,0.0,0.0,58.034279621605855,4.593431515408213,True,False,True,False,False,8.884608486155155,1,1.0941425963706646,0.8797782669386879,False,False,False,False,0.34282825284943874,0.2978797800945645,False,False,False,False,53583200,46284883.37545692,False,False,False,False,2349316.818289101,False,False,False,False
2025-06-20 00:00:00+00:00,176.9,178.62,169.9,170.66,1646953,160.97008605970214,145.3625930304831,121.71293315635563,166.9862798894703,156.9675316713892,135.7612877714558,"rgba(38, 166, 154, 1.0)",0.0,0.0,13.836140086581,164.1867937198304,0.9188405292672284,0.0,0.0,0.0,0.0,0.0,0.0,0.0,0.0,59.01458247936797,5.020195911989241,True,False,True,False,True,10.206113781050792,1,1.087087087087087,0.8905662419175933,False,False,False,False,0.34282825287891927,0.3203540164867419,False,False,False,False,55230153,46947495.940237895,False,False,False,False,2297289.868786205,False,False,False,False
2025-06-27 00:00:00+00:00,172.22,180.78,166.84,177.25,2027524,161.67663276974022,145.93840628364833,122.09185675528194,167.92073246942985,157.6527261673276,136.1417935356635,"rgba(38, 166, 154, 1.0)",0.0,0.0,14.229302752412643,167.8650800485477,0.30605294069759714,0.0,0.0,0.0,0.0,0.0,0.0,0.0,0.0,58.94318907798953,5.086353270313488,True,False,True,False,True,8.89335825395517,1,1.0622699954991925,0.8871621084959361,False,False,False,False,0.3359297472882119,0.3281418818874769,False,False,False,False,53202629,47410839.129849896,False,False,False,False,2277307.211839079,False,False,False,False
2025-07-04 00:00:00+00:00,174.18,174.39,167.515,172.22,1650697,162.13876326904506,146.36927859897443,122.38882366894572,168.36370894899363,158.12808133140712,136.43567695003472,"rgba(38, 166, 154, 1.0)",0.0,0.0,14.651294845461504,168.05008185160992,0.4183874676639205,0.0,0.0,0.0,0.0,0.0,0.0,0.0,0.0,59.119981826377376,5.419053025166178,True,False,True,False,True,9.32576480428299,1,1.0669417334497078,0.9029067153323286,False,False,False,False,0.2928058607651122,0.31047387132629456,False,False,False,False,54853326,47962134.45356472,False,False,False,False,2230891.6405917397,False,False,False,False
2025-07-11 00:00:00+00:00,174.96,180.0,168.01,174.0,2643318,162.95170189228105,147.08950085672657,122.8787288733437,169.24133412868184,158.94251107234186,136.92609347168056,"rgba(38, 166, 154, 1.0)",0.0,0.0,15.109627576929608,168.83808901289035,0.4051662396005711,0.0,0.0,0.0,0.0,0.0,0.0,0.0,0.0,59.34073108007328,5.804923368394164,True,False,True,False,True,9.499746118831425,1,1.0879955242966752,0.8899190110826942,False,False,False,False,0.33891528173876534,0.32469457653253,False,False,False,False,57496644,48668394.41996733,False,False,False,False,2261441.741288648,False,False,False,False
2025-07-18 00:00:00+00:00,169.9,179.9567,169.52,175.5,2032123,163.4480779218859,147.59518531639546,123.24049441771777,169.63635339675207,159.47042451161826,137.28276616700452,"rgba(38, 166, 154, 1.0)",0.0,0.0,15.41815424972998,169.1407741990549,0.049242327495744136,0.0,0.0,0.0,0.0,0.0,0.0,0.0,0.0,58.57820373882632,5.804923368394164,True,False,True,False,True,8.043472693048237,1,1.0945716209864116,0.8779438853694793,False,False,False,False,0.3428282528940163,0.33376141471327314,False,False,False,False,55464521,49171811.20367345,False,False,False,False,2244455.1678598593,False,False,False,False
2025-07-25 00:00:00+00:00,167.47,175.875,165.24,170.83,2081711,163.7375029791913,148.02306296407508,123.57938886320757,169.6261616614601,159.83984368995442,137.60498175008914,"rgba(38, 166, 154, 1.0)",0.0,0.0,15.59412036923174,169.02916445599809,-0.09998412344401444,0.0,0.0,0.0,0.0,0.0,0.0,0.0,0.0,57.5975831854239,5.804923368394164,True,False,True,False,True,7.348015602036458,1,1.0930889993052229,0.8737408988286635,False,False,False,False,0.2804486120755822,0.30710501339442764,False,False,False,False,53382810,49483737.040438384,False,False,False,False,2232400.0443146843,False,False,False,False
2025-08-01 00:00:00+00:00,174.48,177.98,160.86,170.5,2259475,164.09953080055882,148.50170356585244,123.95409433845131,169.76369203420663,160.2717833534614,137.96443742157967,"rgba(38, 166, 154, 1.0)",0.0,0.0,15.892596047125696,170.53016340357328,0.24853312729489946,0.0,0.0,0.0,0.0,0.0,0.0,0.0,0.0,57.881687956247305,5.804923368394164,True,False,True,False,True,8.975641883789375,1,1.0737598636971626,0.8723975091662051,False,False,False,False,0.2638565552254195,0.2854807843099236,False,False,False,False,55642285,49939925.778183684,False,False,False,False,2234405.5965876705,False,False,False,False
2025-08-08 00:00:00+00:00,191.49,199.99,173.33,175.0,4077557,166.06791555987056,149.93613895318342,124.85633511799415,172.42069198280205,162.08350505794462,138.91999830386365,"rgba(38, 166, 154, 1.0)",0.0,0.0,16.78770665083807,179.75735948262346,0.6988828647890889,0.0,0.0,0.0,0.0,1.0,187.24,177.98,0.0,60.05425197548274,6.90315917286798,True,False,True,False,True,12.687646667829789,1,1.112529580752558,0.821462700156759,False,False,False,False,0.34282825303883474,0.31415451867437916,False,False,False,False,59719842,50664364.01683675,False,False,False,False,2370935.330173769,False,False,False,False
2025-08-15 00:00:00+00:00,198.32,198.42,187.24,191.6,2569489,167.46358721668955,150.93009965263514,125.46799039847858,174.26581309503862,163.3598110235657,139.57930649945774,"rgba(38, 166, 154, 1.0)",0.0,0.0,17.9004218833971,182.35188151866615,0.8920526334714215,0.0,0.0,0.0,0.0,0.0,0.0,0.0,0.0,62.26516284806226,9.058232971969012,True,False,True,False,True,14.09071289314154,1,1.1606387099588427,0.858820776044302,False,False,False,False,0.3428282530452013,0.3284913858597902,False,False,False,False,62289331,51525472.68225625,False,False,False,False,2385643.0094201565,False,False,False,False
2025-08-22 00:00:00+00:00,194.3,197.35,190.0,195.66,2424655,168.62694135714486,151.81239763144066,126.02904995261048,175.69015841465287,164.4480441473307,140.17873332220995,"rgba(38, 166, 154, 1.0)",0.0,0.0,18.774293547246895,183.7770288204048,0.5604989158773601,0.0,0.0,0.0,0.0,0.0,0.0,0.0,0.0,63.061029690727985,9.817933866608449,True,False,True,False,True,12.90198629721002,1,1.0985506648068006,0.8853065034176493,False,False,False,False,0.34282825306629067,0.33565981946304047,False,False,False,False,59864676,52143191.44653356,False,False,False,False,2388532.786500145,False,False,False,False
2025-08-29 00:00:00+00:00,194.27,198.7,189.0,194.3,1890797,169.4689514353152,152.4773564685821,126.46090829611364,176.67076507559983,165.2471638956512,140.63798412401889,"rgba(38, 166, 154, 1.0)",0.0,0.0,19.590241848320144,184.63093602447174,0.4920339447649453,0.0,0.0,0.0,0.0,0.0,0.0,0.0,0.0,63.62349776471371,10.372625786092321,True,False,True,False,True,12.893055849425995,1,1.0878587975299037,0.8821232207733956,False,False,False,False,0.3428282530705775,0.339244036266809,False,False,False,False,57973879,52575094.22827181,False,False,False,False,2351663.4689816157,False,False,False,False
