date,Close,High,Low,Open,Volume,Gap_Down_aVWAP_49,Gap_Down_aVWAP_3,aVWAP_OB_bear_183,aVWAP_OB_bear_163,aVWAP_OB_bear_135,aVWAP_OB_bear_58,color,Liquidity,Liquidity_Level,StDev,StDev_Mean,StdDev_ZScore,OB,OB_High,OB_Low,OB_Mitigated_Index,FVG,FVG_High,FVG_Low,FVG_Mitigated_Index,QQEMOD,QQE1_Value,QQE1_Above_Upper,QQE1_Below_Lower,QQE2_Above_Threshold,QQE2_Below_Threshold,QQE2_Above_TL,banker_RSI,TTM_squeeze_Active,VI_plus,VI_minus,VI_Regular_Bullish,VI_Regular_Bearish,VI_Hidden_Bullish,VI_Hidden_Bearish,Fisher,Fisher_Signal,Fisher_Regular_Bullish,Fisher_Regular_Bearish,Fisher_Hidden_Bullish,Fisher_Hidden_Bearish,OBV,OBV_Smoothed,OBV_Regular_Bullish,OBV_Regular_Bearish,OBV_Hidden_Bullish,OBV_Hidden_Bearish,Volume_MA,Vol_Regular_Bullish,Vol_Regular_Bearish,Vol_Hidden_Bullish,Vol_Hidden_Bearish
2021-12-31 00:00:00+00:00,46.36,46.64,45.5,46.02,133226,,,,,,,#000000,-1.0,43.56,,,,0.0,0.0,0.0,0.0,0.0,0.0,0.0,0.0,,,False,False,False,False,False,,0,,,False,False,False,False,,,False,False,False,False,0,0.0,False,False,False,False,133226.0,False,False,False,False
2022-01-07 00:00:00+00:00,50.66,51.1,44.65,46.35,402355,,,,,,,"rgba(38, 166, 154, 0.5)",0.0,0.0,,,,0.0,0.0,0.0,0.0,0.0,0.0,0.0,0.0,100.0,,False,False,True,False,False,,0,,,False,False,False,False,,,False,False,False,False,402355,29804.074074074073,False,False,False,False,153161.48148148146,False,False,False,False
2022-01-14 00:00:00+00:00,49.78,52.52,49.28,51.12,349088,,,,,,,"rgba(38, 166, 154, 0.5)",0.0,0.0,,,,0.0,0.0,0.0,0.0,0.0,0.0,0.0,0.0,94.86181393538344,26.878162709225478,False,False,True,False,True,,0,,,False,False,False,False,,,False,False,False,False,53267,31542.068587105623,False,False,False,False,167674.55692729764,False,False,False,False
2022-01-21 00:00:00+00:00,45.33,49.18,45.33,49.18,194946,,46.61333333333333,,,,,"rgba(38, 166, 154, 0.5)",0.0,0.0,,,,0.0,0.0,0.0,0.0,0.0,0.0,0.0,0.0,79.62723119106978,26.878162709225478,False,False,True,False,False,,0,,,False,False,False,False,,,False,False,False,False,-141679,18710.878321394095,False,False,False,False,169694.66382157188,False,False,False,False
2022-01-28 00:00:00+00:00,44.76,46.51,42.94,44.43,214360,,45.63049343685815,,,,,"rgba(38, 166, 154, 0.5)",0.0,0.0,,44.73666666666666,,0.0,0.0,0.0,0.0,0.0,0.0,0.0,0.0,67.99252257150175,37.297709088370254,False,False,True,False,False,,0,,,False,False,False,False,,,False,False,False,False,-356039,-9048.371924635096,False,False,False,False,173003.2072421962,False,False,False,False
2022-02-04 00:00:00+00:00,46.63,47.38,44.5113,44.52,228360,,45.82504963831639,,,,,"rgba(38, 166, 154, 0.5)",0.0,0.0,,45.477939154921096,,0.0,0.0,0.0,0.0,0.0,0.0,0.0,0.0,62.86443667621288,32.73748499595379,False,False,True,False,False,,0,,,False,False,False,False,,,False,False,False,False,-127679,-17835.82585614361,False,False,False,False,177103.71040944092,False,False,False,False
2022-02-11 00:00:00+00:00,45.22,47.83,44.7601,46.26,271587,,45.85839875762485,,,,,"rgba(38, 166, 154, 0.5)",0.0,0.0,,45.652364831321364,,0.0,0.0,0.0,0.0,0.0,0.0,0.0,0.0,57.36591162955106,27.663913350609505,False,False,True,False,False,,0,,,False,False,False,False,,,False,False,False,False,-399266,-46089.9128297626,False,False,False,False,184102.4726013342,False,False,False,False
2022-02-18 00:00:00+00:00,46.69,48.64,45.4,45.41,220541,,46.06367617067063,,,,,"rgba(38, 166, 154, 0.5)",1.0,47.81012,,45.94905490044014,,0.0,0.0,0.0,0.0,0.0,0.0,0.0,0.0,55.458695876112024,25.86919712967888,False,False,True,False,False,,0,,,False,False,False,False,,,False,False,False,False,-178725,-55914.73410163204,False,False,False,False,186801.62277901312,False,False,False,False
2022-02-25 00:00:00+00:00,46.37,46.63,43.52,46.46,160054,,45.99455825975877,,,,,#000000,0.0,0.0,,45.88438609321504,,0.0,0.0,0.0,0.0,0.0,0.0,0.0,0.0,53.68478473165222,23.959515123421482,False,False,False,False,False,,0,,,False,False,False,False,,,False,False,False,False,-338779,-76867.64268669633,False,False,False,False,184820.3173879751,False,False,False,False
2022-03-04 00:00:00+00:00,44.03,47.31,43.65,45.85,211756,,45.85383571760597,,,,,#000000,0.0,0.0,,45.74052295925943,,0.0,0.0,0.0,0.0,0.0,0.0,0.0,0.0,49.85505742149847,19.918483797106603,False,False,False,False,False,,0,,,False,False,False,False,,,False,False,False,False,-550535,-111954.11359879289,False,False,False,False,186815.553137014,False,False,False,False
2022-03-11 00:00:00+00:00,42.18,44.4,41.62,43.8,158765,,45.55545230943643,,,,,"rgba(239, 83, 80, 0.5)",0.0,0.0,,44.074027584151466,,0.0,0.0,0.0,0.0,0.0,0.0,0.0,0.0,45.58140690496185,15.403277868700826,False,False,False,True,False,,0,,,False,False,False,False,,,False,False,False,False,-709300,-156201.95703591933,False,False,False,False,184737.73438612407,False,False,False,False
2022-03-18 00:00:00+00:00,47.54,48.19,41.71,42.66,266377,,45.5911049452808,,,,,#000000,0.0,0.0,,45.069586322186254,,0.0,0.0,0.0,0.0,0.0,0.0,0.0,0.0,47.983015857958286,15.403277868700826,False,False,False,False,False,,0,,,False,False,False,False,,,False,False,False,False,-442923,-177440.5528110364,False,False,False,False,190785.08739455932,False,False,False,False
2022-03-25 00:00:00+00:00,46.19,48.232,45.1498,48.01,204271,,45.68052224587291,,,,,#000000,0.0,0.0,,45.42682032584992,,0.0,0.0,0.0,0.0,0.0,0.0,0.0,0.0,48.567400986354194,15.403277868700826,False,False,False,False,False,,0,,,False,False,False,False,,,False,False,False,False,-647194,-212237.10445466335,False,False,False,False,191784.04388385123,False,False,False,False
2022-04-01 00:00:00+00:00,47.16,49.5064,44.65,46.31,541083,,45.969064292217105,,,,,#000000,0.0,0.0,,46.380239029713074,,0.0,0.0,0.0,0.0,0.0,0.0,0.0,0.0,49.74771993280825,15.403277868700826,False,False,False,False,False,,0,,,False,False,False,False,,,False,False,False,False,-106111,-204375.9115320957,False,False,False,False,217658.04063319557,False,False,False,False
2022-04-08 00:00:00+00:00,42.23,47.99,41.921,47.38,348534,,45.747288083638516,,,,,#000000,0.0,0.0,,45.745574307586104,,0.0,0.0,0.0,0.0,0.0,0.0,0.0,0.0,47.19717384248702,14.808208179914075,False,False,False,False,False,,0,,,False,False,False,False,,,False,False,False,False,-454645,-222914.36252971823,False,False,False,False,227352.55614184777,False,False,False,False
2022-04-15 00:00:00+00:00,44.11,45.345,41.83,41.83,384307,,45.52317606234587,,,,,#000000,0.0,0.0,,45.326415174342316,,0.0,0.0,0.0,0.0,0.0,0.0,0.0,0.0,46.80113127114234,13.664753164620436,False,False,False,False,False,,0,,,False,False,False,False,,,False,False,False,False,-70338,-211612.4097497391,False,False,False,False,238978.81124245166,False,False,False,False
2022-04-22 00:00:00+00:00,41.95,45.37,41.75,44.02,561645,,45.169213191116995,,,,,"rgba(239, 83, 80, 0.5)",0.0,0.0,,44.80744480265103,,0.0,0.0,0.0,0.0,0.0,0.0,0.0,0.0,45.28735186697608,11.398026827135503,False,False,False,True,False,,0,,,False,False,False,False,,,False,False,False,False,-631983,-242750.97199049918,False,False,False,False,262880.01040967746,False,False,False,False
2022-04-29 00:00:00+00:00,40.07,42.796,39.75,41.63,524249,,44.66756712346368,,,,,"rgba(239, 83, 80, 0.5)",0.0,0.0,,44.13458450320652,,0.0,0.0,0.0,0.0,0.0,0.0,0.0,0.0,43.2500152077062,8.64390272434484,False,False,False,True,False,,0,,,False,False,False,False,,,False,False,False,False,-1156232,-310416.23332453624,False,False,False,False,282240.6763052569,False,False,False,False
2022-05-06 00:00:00+00:00,38.62,40.69,38.11,40.36,592116,,44.02365752550044,,,,,"rgba(239, 83, 80, 0.5)",0.0,0.0,,43.33474150276703,,0.0,0.0,0.0,0.0,0.0,0.0,0.0,0.0,41.113785067553174,5.8351777910883555,False,False,False,True,False,,0,,,False,False,False,False,,,False,False,False,False,-1748348,-416929.69752271875,False,False,False,False,305194.403986349,False,False,False,False
2022-05-13 00:00:00+00:00,37.27,38.27,35.32,38.18,399589,,43.508344591418094,,,,,"rgba(239, 83, 80, 0.5)",0.0,0.0,,42.71489785193962,,0.0,0.0,0.0,0.0,0.0,0.0,0.0,0.0,38.988384429811134,3.081109413447763,False,False,False,True,False,,0,,,False,False,False,False,,,False,False,False,False,-2147937,-545152.4606691841,False,False,False,False,312186.5962836565,False,False,False,False
2022-05-20 00:00:00+00:00,36.82,39.57,36.02,37.11,346367,,43.149532330200735,,,,,"rgba(239, 83, 80, 0.5)",0.0,0.0,,42.31059134233787,,0.0,0.0,0.0,0.0,0.0,0.0,0.0,0.0,37.27282103400384,0.7578433246195218,False,False,False,True,False,,0,,,False,False,False,False,,,False,False,False,False,-2494304,-689534.0561751705,False,False,False,False,314718.4780404227,False,False,False,False
2022-05-27 00:00:00+00:00,38.51,39.14,35.31,37.32,329926,,42.85510334499518,,,,,"rgba(239, 83, 80, 0.5)",0.0,0.0,,41.99357966251229,,0.0,0.0,0.0,0.0,0.0,0.0,0.0,0.0,37.50773897413237,0.32963249196380673,False,False,False,True,False,,0,,,False,False,False,False,,,False,False,False,False,-2164378,-798781.7557177504,False,False,False,False,315844.96114853956,False,False,False,False
2022-06-03 00:00:00+00:00,39.26,40.02,36.97,38.37,542814,,42.52260186183586,,,,,"rgba(239, 83, 80, 0.5)",0.0,0.0,,41.6703127541059,,0.0,0.0,0.0,0.0,0.0,0.0,0.0,0.0,38.294496617726985,0.32963249196380673,False,False,False,True,False,,0,,,False,False,False,False,,,False,False,False,False,-1621564,-859728.5886275467,False,False,False,False,332657.48254494404,False,False,False,False
2022-06-10 00:00:00+00:00,37.63,39.79,37.5,39.75,329650,,42.32494515111983,,,,,"rgba(239, 83, 80, 0.5)",0.0,0.0,,41.478335048663446,,0.0,0.0,0.0,0.0,0.0,0.0,0.0,0.0,37.98971791602787,-0.5358554945363494,False,False,False,True,False,,0,,,False,False,False,False,,,False,False,False,False,-1951214,-940579.359840321,False,False,False,False,332434.7060601334,False,False,False,False
2022-06-17 00:00:00+00:00,36.75,37.91,34.0,36.71,513978,,41.909081249687176,,,,,"rgba(239, 83, 80, 0.5)",-1.0,35.30776,,39.839488230370534,,0.0,0.0,0.0,0.0,0.0,0.0,0.0,0.0,37.32779479426957,-1.8633627910862884,False,False,False,True,False,,0,,,False,False,False,False,,,False,False,False,False,-2465192,-1053513.6294817787,False,False,False,False,345882.3574630865,False,False,False,False
2022-06-24 00:00:00+00:00,40.51,40.66,36.605,37.04,427797,,41.76685476454163,,,,,"rgba(239, 83, 80, 0.5)",0.0,0.0,,40.10083200868891,,0.0,0.0,0.0,0.0,0.0,0.0,0.0,0.0,39.80494329680127,-1.8633627910862884,False,False,False,True,False,,0,,,False,False,False,False,-0.2150095315945587,-0.2150095315945587,False,False,False,False,-2037395,-1126393.731001647,False,False,False,False,351950.10876211716,False,False,False,False
2022-07-01 00:00:00+00:00,47.13,47.5,37.615,40.61,1065208,,42.039667308149355,,,,,"rgba(239, 83, 80, 0.5)",0.0,0.0,,41.29379871689205,,0.0,0.0,0.0,0.0,0.0,0.0,0.0,0.0,45.16021729489226,-1.8633627910862884,False,False,False,True,True,,0,0.914496730162278,0.9802499489388924,False,False,False,False,-0.03843980043164962,-0.12672466601310417,False,False,False,False,-972187,-1114971.0101867102,False,False,False,False,404784.02663159,False,False,False,False
2022-07-08 00:00:00+00:00,49.37,49.605,45.8,46.81,603441,,42.4288714808176,,,,,#000000,0.0,0.0,,42.0886674815161,,0.0,0.0,0.0,0.0,0.0,0.0,0.0,0.0,49.9057502086992,-9.963468371360648,False,False,False,False,True,,0,1.00158177479086,1.0030152581950766,False,False,False,False,0.19108446828345002,0.032179901135172925,False,False,False,False,-368746,-1059695.083506213,False,False,False,False,419499.3579922129,False,False,False,False
2022-07-15 00:00:00+00:00,49.34,49.92,47.2295,49.3,567046,,42.78441293010542,,,,,#000000,0.0,0.0,,42.6966191759073,,0.0,0.0,0.0,0.0,0.0,0.0,0.0,0.0,53.27575887040321,-6.536774588233463,False,False,False,False,True,,0,0.9697771530982771,1.0140155284102714,False,False,False,False,0.34282824854635835,0.18750407484076564,False,False,False,False,-935792,-1050517.0773205676,False,False,False,False,430428.73888167867,False,False,False,False
2022-07-22 00:00:00+00:00,50.45,51.56,49.14,49.46,347348,,43.034454711975016,,,,,"rgba(38, 166, 154, 0.5)",0.0,0.0,,43.08723864919372,,0.0,0.0,0.0,0.0,0.0,0.0,0.0,0.0,56.145659138704076,-3.6271016094744795,False,False,True,False,True,,0,1.0326662453194446,0.96986995385132,False,False,False,False,0.34282824927015176,0.26516616205545873,False,False,False,False,-588444,-1016289.4419634886,False,False,False,False,424274.6100756284,False,False,False,False
2022-07-29 00:00:00+00:00,52.33,52.98,50.01,50.94,355177,,43.318916780453996,,,,,"rgba(38, 166, 154, 0.5)",0.0,0.0,,43.50982676447384,,0.0,0.0,0.0,0.0,0.0,0.0,0.0,0.0,58.94249955001956,-0.8000630400180313,False,False,True,False,True,,0,1.0661408739373315,0.9279391095682779,False,False,False,False,0.34282824964925745,0.3039972058523581,False,False,False,False,-233267,-958287.7795958228,False,False,False,False,419156.2685885448,False,False,False,False
2022-08-05 00:00:00+00:00,52.34,52.77,50.85,52.25,293218,,43.545748679942285,,,,,"rgba(38, 166, 154, 0.5)",0.0,0.0,,43.83174827131165,,0.0,0.0,0.0,0.0,0.0,0.0,0.0,0.0,60.944194430845045,1.2675121573083246,False,False,True,False,True,,0,1.0592502885883905,0.938365765171504,False,False,False,False,0.34282824974394877,0.32341272779815344,False,False,False,False,59951,-882862.684810947,False,False,False,False,409827.5079523563,False,False,False,False
2022-08-12 00:00:00+00:00,53.6,53.76,50.8144,52.25,277586,,43.76765730531256,,,,,"rgba(38, 166, 154, 0.5)",0.0,0.0,,44.13771399897526,,0.0,0.0,0.0,0.0,0.0,0.0,0.0,0.0,62.87953286913445,3.298649552598775,False,False,True,False,True,,0,1.0563912994570677,0.9327139299708876,False,False,False,False,0.34282824988044075,0.3331204888392971,False,False,False,False,337537,-792462.7081582843,False,True,False,False,400031.84069662617,False,False,False,False
2022-08-19 00:00:00+00:00,53.01,54.1,52.21,53.11,211202,,43.93633661675546,,,,,"rgba(38, 166, 154, 0.5)",0.0,0.0,,46.668695089919396,,0.0,0.0,0.0,0.0,0.0,0.0,0.0,0.0,63.770327041212006,4.363775796665628,False,False,True,False,True,,0,1.0671072678219604,0.9384500527945461,False,False,False,False,0.34282825010924484,0.33797436947427095,False,False,False,False,126335,-724403.618665078,False,False,False,False,386044.4450894687,False,False,False,False
2022-08-26 00:00:00+00:00,48.32,52.57,48.3,52.57,236630,,44.05125387077218,,,,,"rgba(38, 166, 154, 0.5)",0.0,0.0,,46.3350552401705,,0.0,0.0,0.0,0.0,0.0,0.0,0.0,0.0,61.05205396428264,4.363775796665628,False,False,True,False,True,,0,1.0411723491043725,0.9305539074003945,False,False,False,False,0.22957803178067376,0.28377620062747233,False,False,False,False,-110295,-678914.0913565537,False,False,False,False,374976.7084161747,False,False,False,False
2022-09-02 00:00:00+00:00,47.46,48.33,46.32,47.85,313763,,44.13630173270736,,,,,"rgba(38, 166, 154, 0.5)",0.0,0.0,,45.99524372186578,,0.0,0.0,0.0,0.0,0.0,0.0,0.0,0.0,58.58691645044094,4.363775796665628,False,False,True,False,True,,0,1.0197355229966083,0.9809993103064572,False,False,False,False,0.1066937111303103,0.1952349558788913,False,False,False,False,-424058,-660035.8623671794,False,False,False,False,370442.3596446062,False,False,False,False
2022-09-09 00:00:00+00:00,48.77,49.1,46.4682,47.49,251217,,44.2162500778584,,,,,"rgba(38, 166, 154, 0.5)",0.0,0.0,,45.964961229258954,,0.0,0.0,0.0,0.0,0.0,0.0,0.0,0.0,57.53617265953074,4.363775796665628,False,False,True,False,False,,0,1.042667816194677,0.9422782733949103,False,False,False,False,0.12454734654385766,0.15989115121137448,False,False,False,False,-172841,-623947.3540436847,False,False,False,False,361610.8515227835,False,False,False,False
2022-09-16 00:00:00+00:00,49.46,50.41,48.06,49.01,399591,,44.374101625649324,,,,,"rgba(38, 166, 154, 0.5)",0.0,0.0,,46.1075489284603,,0.0,0.0,0.0,0.0,0.0,0.0,0.0,0.0,57.15455375684226,4.363775796665628,False,False,True,False,False,,0,1.0611113248297732,0.966916351126328,False,False,False,False,0.18155009760804522,0.17072062440970986,False,False,False,False,226750,-560932.735225634,False,False,False,False,364424.19585442916,False,False,False,False
2022-09-23 00:00:00+00:00,44.33,49.422,43.85,48.89,315487,,44.40976367644651,,,,,#000000,0.0,0.0,,45.96220661186594,,0.0,0.0,0.0,0.0,0.0,0.0,0.0,0.0,53.89952415051317,12.491937599001531,False,False,False,False,False,,0,0.9772450440758299,0.9784192588330788,False,False,False,False,0.0800226987828971,0.12537166159630347,False,False,False,False,-88737,-525955.2733570684,False,False,False,False,360799.21838373074,False,False,False,False
2022-09-30 00:00:00+00:00,45.39,46.74,43.29,44.48,677361,,44.44538125022489,,,,,#000000,0.0,0.0,,45.91554614548362,,0.0,0.0,0.0,0.0,0.0,0.0,0.0,0.0,52.18655344120449,10.62333913046281,False,False,False,False,False,,0,0.9762439619165085,1.0210460256951734,False,False,False,False,0.01765299426457026,0.07151232793043687,False,False,False,False,588624,-443393.8457009893,False,False,False,False,384248.2392441951,False,False,False,False
2022-10-07 00:00:00+00:00,45.83,48.49,45.39,45.8,341085,,44.49631276441191,,,,,#000000,0.0,0.0,,46.016751433266904,,0.0,0.0,0.0,0.0,0.0,0.0,0.0,0.0,51.219944353584886,9.458614197767254,False,False,False,False,False,,0,1.0296295797670694,0.9851010670463203,False,False,False,False,0.09177423075479764,0.08164327934261725,False,False,False,False,929709,-341682.52379721234,False,False,False,False,381050.9622631436,False,False,False,False
2022-10-14 00:00:00+00:00,47.05,48.485,45.72,45.98,199637,,44.53213167778494,,,,,#000000,0.0,0.0,,46.08357405659275,,0.0,0.0,0.0,0.0,0.0,0.0,0.0,0.0,51.24305643651979,9.202578562536026,False,False,False,False,False,,0,1.0346443187051038,0.955104945583981,False,False,False,False,0.09806606547043126,0.08985467240652426,False,False,False,False,1129346,-232717.4479603818,False,False,False,False,367612.8909843922,False,False,False,False
2022-10-21 00:00:00+00:00,48.95,49.69,47.35,47.35,206079,,44.590307521433225,,,,,#000000,0.0,0.0,,46.2354576583785,,0.0,0.0,0.0,0.0,0.0,0.0,0.0,0.0,52.306874926909344,9.202578562536026,False,False,False,False,False,,0,1.0511647649590008,0.9376686852646162,False,False,False,False,0.15333588962657982,0.12159528101655204,False,False,False,False,1335425,-116558.74811146464,False,False,False,False,355647.4175781409,False,False,False,False
2022-10-28 00:00:00+00:00,51.11,51.19,48.59,49.12,342506,,44.72080811558445,,,,,"rgba(38, 166, 154, 0.5)",0.0,0.0,,46.57545447969962,,0.0,0.0,0.0,0.0,0.0,0.0,0.0,0.0,54.14732618847678,9.202578562536026,False,False,True,False,False,,0,1.08868659431748,0.8904987355950406,False,False,False,False,0.20764899934547587,0.16462214018101395,False,False,False,False,1677931,16366.418415310516,False,False,False,False,354673.9792390194,False,False,False,False
2022-11-04 00:00:00+00:00,48.99,54.7,48.15,50.91,439434,,44.88877393976347,,,,,"rgba(38, 166, 154, 0.5)",0.0,0.0,,48.39252360843555,,0.0,0.0,0.0,0.0,0.0,0.0,0.0,0.0,54.099837302554135,9.202578562536026,False,False,True,False,False,,0,1.0980117213748477,0.833516445447437,False,False,False,False,0.2699908008435978,0.21730647051230587,False,False,False,False,1238497,106894.60964380603,False,False,False,False,360952.49929538835,False,False,False,False
2022-11-11 00:00:00+00:00,48.39,50.61,46.45,49.61,228501,,44.9412751857847,,,,,#000000,0.0,0.0,,48.24140131935271,,0.0,0.0,0.0,0.0,0.0,0.0,0.0,0.0,53.69551347355069,9.202578562536026,False,False,False,False,False,,1,1.1127817500999588,0.8570835589440439,False,False,False,False,0.15372872698901294,0.1855175987506594,False,False,False,False,1009996,173791.00892945,False,False,False,False,351141.2771253596,False,False,False,False
2022-11-18 00:00:00+00:00,51.99,52.18,47.8622,48.13,260620,,45.03526633353264,,,,,"rgba(38, 166, 154, 0.5)",0.0,0.0,,48.429218466197746,,0.0,0.0,0.0,0.0,0.0,0.0,0.0,0.0,55.214704214093224,9.202578562536026,False,False,True,False,False,,1,1.1195409899120203,0.855351966437507,False,False,False,False,0.2129053236933127,0.19921146122198605,False,False,False,False,1270616,255037.30456430558,False,False,False,False,344435.99733829586,False,False,False,False
2022-11-25 00:00:00+00:00,52.34,52.72,50.57,51.7,122561,,45.08758108887472,,,,,"rgba(38, 166, 154, 0.5)",0.0,0.0,,48.56177641983019,,0.0,0.0,0.0,0.0,0.0,0.0,0.0,0.0,56.46074378967019,9.202578562536026,False,False,True,False,True,,1,1.1593605331238164,0.8420039680574676,False,False,False,False,0.2790851297338525,0.23914829547791927,False,False,False,False,1393177,339343.9486706533,False,False,False,False,328000.81235027395,False,False,False,False
2022-12-02 00:00:00+00:00,50.79,52.54,50.61,52.0,226154,,45.17420501876964,,,,,"rgba(38, 166, 154, 0.5)",0.0,0.0,,48.72184234263608,,0.0,0.0,0.0,0.0,0.0,0.0,0.0,0.0,56.308973589148174,9.202578562536026,False,False,True,False,True,,1,1.1433000912476867,0.8518422785405272,False,False,False,False,0.27618666188017765,0.2576674786790485,False,False,False,False,1167023,400653.50802838267,False,False,False,False,320456.6040280314,False,False,False,False
2022-12-09 00:00:00+00:00,47.42,50.59,47.14,50.52,192235,48.38333333333334,45.211715709354,,,,,"rgba(38, 166, 154, 0.5)",0.0,0.0,,48.65491468151044,,0.0,0.0,0.0,0.0,0.0,0.0,0.0,0.0,54.20653676181519,9.202578562536026,False,False,True,False,True,1.1025523016282541,1,1.0955049459094315,0.8707357787955312,False,False,False,False,0.16691680341591075,0.21229214104747962,False,False,False,False,974788,443181.98891516915,False,False,False,False,310958.7074333624,False,False,False,False
2022-12-16 00:00:00+00:00,45.89,49.5532,45.225,47.37,284167,47.49222340194486,45.2402114189905,,,,,#000000,0.0,0.0,,48.46198708978778,,0.0,0.0,0.0,0.0,0.0,0.0,0.0,0.0,51.90444713673911,7.673425156655185,False,False,False,False,False,0.0,1,1.1123845919380688,0.8621144734355249,False,False,False,False,0.06806366183003969,0.14017790143875966,False,False,False,False,690621,461510.80455108255,False,False,False,False,308974.1365123726,False,False,False,False
2022-12-23 00:00:00+00:00,47.43,48.25,45.71,46.29,253765,47.36633491123721,45.26844738400387,,,,,#000000,0.0,0.0,,48.34412668962614,,0.0,0.0,0.0,0.0,0.0,0.0,0.0,0.0,51.15443141539808,6.790114937095581,False,False,False,False,False,1.0974787315386116,1,1.090725392112101,0.9048199878025613,False,False,False,False,-0.05462610577694587,0.04277589783090689,False,False,False,False,944386,497279.33754729864,False,False,False,False,304884.57084478944,False,False,False,False
2022-12-30 00:00:00+00:00,46.77,48.115,46.45,47.32,104759,47.33438143196723,45.27974678734772,,,,,#000000,0.0,0.0,,48.301838314902724,,0.0,0.0,0.0,0.0,0.0,0.0,0.0,0.0,50.25267321659415,5.747560484563621,False,False,False,False,False,0.2573980660055817,1,1.0965416405355082,0.980525410488405,False,False,False,False,-0.14720274367643302,-0.05221342292276306,False,False,False,False,839627,522638.42365490616,False,False,False,False,290060.4544859161,False,False,False,False
2023-01-06 00:00:00+00:00,44.03,48.88,41.05,47.38,429092,46.424254922108176,45.26440314699259,,,,,#000000,0.0,0.0,,47.279523758441044,,0.0,0.0,0.0,0.0,0.0,0.0,0.0,0.0,48.18712334997991,3.601315630957302,False,False,False,False,False,0.0,1,0.9337247549924905,0.9970521032020219,False,False,False,False,-0.34282825441539394,-0.1975208386690785,False,False,False,False,410535,514334.4663471353,False,False,False,False,300359.08748695935,False,False,False,False
2023-01-13 00:00:00+00:00,46.18,46.5,43.55,43.55,331734,46.213405841342095,45.267109046328564,,,,,#000000,0.0,0.0,,47.19430174443419,,0.0,0.0,0.0,0.0,0.0,0.0,0.0,0.0,48.01659373764729,3.2937330029930365,False,False,False,False,False,0.0,1,0.9463601577075254,1.0283678386309092,False,False,False,False,-0.3374118369531147,-0.26746633781109663,False,False,False,False,742269,531218.5058769771,False,False,False,False,302683.1550805179,False,False,False,False
2023-01-20 00:00:00+00:00,45.34,46.45,44.64,46.09,182380,46.13783974688043,45.269228556094795,,,,,#000000,0.0,0.0,,47.140321536261865,,0.0,0.0,0.0,0.0,0.0,0.0,0.0,0.0,47.453362317961265,2.5739167854570866,False,False,False,False,False,0.0,1,0.9363778672663072,1.0483425252768694,False,False,False,False,-0.2912230009333349,-0.2793446693722158,False,False,False,False,559889,533342.2461823862,False,False,False,False,293771.8102597388,False,False,False,False
2023-01-27 00:00:00+00:00,45.0,45.87,44.76,45.29,218286,46.03639083839156,45.268520143912944,,,,,#000000,0.0,0.0,,47.05285938055734,,0.0,0.0,0.0,0.0,0.0,0.0,0.0,0.0,46.86840630639748,1.821056656367233,False,False,False,False,False,0.0,1,0.9259927236543425,1.073337527238457,False,False,False,False,-0.31149316151571255,-0.29541891544396415,False,False,False,False,341603,519139.33905776497,False,False,False,False,288180.2687590174,False,False,False,False
2023-02-03 00:00:00+00:00,48.57,48.71,44.77,44.77,263538,46.18957343629699,45.29814921347121,,,,,#000000,0.0,0.0,,47.1423736364353,,0.0,0.0,0.0,0.0,0.0,0.0,0.0,0.0,48.557742742410674,1.821056656367233,False,False,False,False,False,2.502067443875795,1,0.9180459960716261,1.0359906298243442,False,False,False,False,-0.18918489156207774,-0.24230190350302094,False,False,False,False,605141,525509.8324608934,False,False,False,False,286354.9155176087,False,False,False,False
2023-02-10 00:00:00+00:00,47.27,49.77,46.56,48.71,311865,46.39294166460263,45.34069896093357,,,,47.866666666666674,#000000,0.0,0.0,,47.272567640091964,,-1.0,49.77,46.56,0.0,0.0,0.0,0.0,0.0,49.0093841393804,1.821056656367233,False,False,False,False,False,0.9112969393617334,1,0.9395514204089045,1.0350649259934481,False,False,False,False,-0.07224999983179094,-0.15727595166740593,False,False,False,False,293276,508307.3263526791,False,False,False,False,288244.5514051932,False,False,False,False
2023-02-17 00:00:00+00:00,49.08,49.7,46.96,47.3,258502,46.592692348117154,45.38457629060766,,,,48.18996393550118,#000000,0.0,0.0,,47.46344384033659,,0.0,0.0,0.0,0.0,0.0,0.0,0.0,0.0,50.32205523295198,1.821056656367233,False,False,False,False,True,3.0105849880287607,1,0.92866677886932,1.039447686281381,False,False,False,False,0.0024700599265704663,-0.07740294587041774,False,False,False,False,551778,511527.37625248067,False,False,False,False,286041.399449253,False,False,False,False
2023-02-24 00:00:00+00:00,47.4,49.43,47.02,48.51,269252,46.71059812548494,45.4202672767493,,,,48.11301144924067,#000000,0.0,0.0,,47.500097840245054,,0.0,0.0,0.0,0.0,0.0,0.0,0.0,0.0,50.26960795898209,1.821056656367233,False,False,False,False,True,0.9717741180633297,1,0.9789455734785276,1.0308119335257995,False,False,False,False,-0.007904361053102719,-0.04265365346176023,False,False,False,False,282526,494564.3113448895,False,False,False,False,284797.7402307898,False,False,False,False
2023-03-03 00:00:00+00:00,47.58,48.2,46.78,47.81,267368,46.77487250149468,45.44887974014096,,,,47.96978277071005,#000000,0.0,0.0,,47.486740200339796,,0.0,0.0,0.0,0.0,0.0,0.0,0.0,0.0,50.33708814203207,1.821056656367233,False,True,False,False,True,1.1826945933543698,1,0.9995468519326763,0.9951346207508424,False,False,False,False,-0.08069867808089343,-0.06167616577132683,False,False,False,False,549894,498662.8068008236,False,False,False,False,283506.6483618424,False,False,False,False
2023-03-10 00:00:00+00:00,45.53,48.29,45.42,47.69,301330,46.74517389467287,45.46346742849866,,,,47.636757671272406,#000000,0.0,0.0,,47.36449738110683,,0.0,0.0,0.0,0.0,0.0,0.0,0.0,0.0,49.19516984023267,1.821056656367233,False,True,False,False,True,0.0,1,0.9816138698630136,1.003234398782344,False,False,False,False,-0.14425585909367508,-0.10296601243250095,False,False,False,False,248564,480136.96926002187,False,False,False,False,284826.89663133555,False,False,False,False
2023-03-17 00:00:00+00:00,44.65,46.49,43.97,45.0,339979,46.60025870998131,45.45630613959233,,,,47.13113600328549,#000000,0.0,0.0,,47.12381558182989,,0.0,0.0,0.0,0.0,0.0,0.0,0.0,0.0,47.89564070870366,1.821056656367233,False,True,False,False,False,0.0,1,0.9455533667196732,1.0401348111931266,False,False,False,False,-0.31371982204931154,-0.20834291724090626,False,False,False,False,-91415,437799.78635187214,False,False,False,False,288912.23762160697,False,False,False,False
2023-03-24 00:00:00+00:00,46.14,47.22,44.6,44.85,300404,46.557478431356174,45.464054312427415,,,,46.96332072208393,#000000,0.0,0.0,,47.03727682271682,,0.0,0.0,0.0,0.0,0.0,0.0,0.0,0.0,47.95074277182078,1.821056656367233,False,True,False,False,False,0.0,1,1.0035680889807566,1.0209409911905114,False,False,False,False,-0.2412030286290747,-0.2247729729349905,False,False,False,False,208989,420850.83921469643,False,False,False,False,289763.47927926574,False,False,False,False
2023-03-31 00:00:00+00:00,38.47,46.75,35.56,46.75,1254699,45.137213161506565,45.16477218188545,,,,44.41726140358259,"rgba(239, 83, 80, 1.0)",0.0,0.0,,43.89082033426756,,0.0,0.0,0.0,0.0,0.0,0.0,0.0,0.0,44.481602401572744,-1.6176739172594097,False,True,False,True,False,0.0,0,0.9079940684820706,0.99427069290914,False,False,False,False,-0.34282825441539394,-0.2838006136751922,False,False,False,False,-1045710,312216.70297657076,False,False,False,False,361240.18451783864,False,False,False,False
2023-04-07 00:00:00+00:00,38.11,39.24,37.61,38.43,641961,44.431949323472544,44.96912545498573,,,,43.42515826777109,"rgba(239, 83, 80, 1.0)",0.0,0.0,,43.11884550092098,,0.0,0.0,0.0,0.0,0.0,0.0,0.0,0.0,41.873927616856356,-4.12595596336142,False,True,False,True,False,0.0,0,0.9058780526808762,1.0999474561944578,False,False,False,False,-0.34282825441539394,-0.3133144340452931,False,False,False,False,-1687671,164076.8731264544,False,False,False,False,382034.3189979988,False,False,False,False
2023-04-14 00:00:00+00:00,39.37,40.4,37.92,37.92,476717,44.06082609261783,44.84983945050271,,,,42.9729039845605,"rgba(239, 83, 80, 1.0)",0.0,0.0,,42.796823913499075,,0.0,0.0,0.0,0.0,0.0,0.0,0.0,0.0,40.84961168816891,-5.080658868256229,False,True,False,True,False,0.0,0,0.905341446923597,1.0869231386300866,False,False,False,False,-0.3021791861099997,-0.30774681007764637,False,False,False,False,-1210954,62222.73437634666,False,False,False,False,389047.8509240729,False,False,False,False
2023-04-21 00:00:00+00:00,37.7,39.75,37.505,39.46,343541,43.7800260177745,44.75345248618764,,,,42.6373680989538,"rgba(239, 83, 80, 1.0)",0.0,0.0,,42.53143229987187,,0.0,0.0,0.0,0.0,0.0,0.0,0.0,0.0,39.45555493030202,-6.408770198391899,False,True,False,True,False,0.0,0,0.8848226003269403,1.1121267239196004,False,False,False,False,-0.331524918492399,-0.31963586428502266,False,False,False,False,-1554495,-57534.13483671604,False,False,False,False,385676.97307784524,False,False,False,False
2023-04-28 00:00:00+00:00,36.72,37.8,35.6,37.58,447825,43.35617240693292,44.60157897480892,,,,42.12793194152118,"rgba(239, 83, 80, 1.0)",0.0,0.0,,42.09475480465317,,0.0,0.0,0.0,0.0,0.0,0.0,0.0,0.0,38.082886948923374,-7.720500851296336,False,True,False,True,False,0.0,0,0.8479171003631484,1.152545509217496,False,False,False,False,-0.34282825441539394,-0.3312320593502083,False,False,False,False,-2002320,-201592.34707103338,False,False,False,False,390280.5306276345,False,False,False,False
2023-05-05 00:00:00+00:00,35.62,36.69,34.6,36.66,462942,42.90587882372999,44.43001266771159,,,,41.598531745996794,"rgba(239, 83, 80, 1.0)",0.0,0.0,,39.547307347026255,,0.0,0.0,0.0,0.0,0.0,0.0,0.0,0.0,36.68419466152676,-9.061619077734456,False,True,False,True,False,0.0,0,0.832512555463455,1.216734116729241,False,False,False,False,-0.34282825441539394,-0.33703015688280114,False,False,False,False,-2465262,-369271.5806213272,False,False,False,False,395662.86169225414,False,False,False,False
2023-05-12 00:00:00+00:00,35.72,35.89,34.86,35.68,333997,42.60638909556055,44.30825824301258,,,,41.259080563431745,"rgba(239, 83, 80, 1.0)",0.0,0.0,,39.30475332554826,,0.0,0.0,0.0,0.0,0.0,0.0,0.0,0.0,35.763350310840075,-9.954496272895653,False,True,False,True,False,0.0,0,0.85070843788812,1.1836362253821004,False,False,False,False,-0.34282825441539394,-0.33992920564909757,False,False,False,False,-2131265,-499789.61168641405,False,False,False,False,391095.0200854205,False,False,False,False
2023-05-19 00:00:00+00:00,36.76,37.43,35.79,35.79,269726,42.41858069679572,44.22505524626777,,,,41.06155345019545,"rgba(239, 83, 80, 1.0)",0.0,0.0,,39.250273586499326,,0.0,0.0,0.0,0.0,0.0,0.0,0.0,0.0,35.935740749753336,-9.954496272895653,False,True,False,True,False,0.0,0,0.8383684018757979,1.1893884783651518,False,False,False,False,-0.28757536969748165,-0.3137522876732896,False,False,False,False,-1861539,-600659.9367466797,False,False,False,False,382104.7223013153,False,False,False,False
2023-05-26 00:00:00+00:00,37.27,38.32,36.62,36.77,280707,42.258978430547636,44.14868721495118,,,,40.90503509167688,"rgba(239, 83, 80, 1.0)",0.0,0.0,,38.1589756499983,,0.0,0.0,0.0,0.0,0.0,0.0,0.0,0.0,36.466639831937854,-9.954496272895653,False,True,False,True,False,0.0,0,0.8126521130363014,1.1858976218288635,False,False,False,False,-0.24971224425701502,-0.28173226596515233,False,False,False,False,-1580832,-673265.2747654441,False,False,False,False,374593.7799086253,False,False,False,False
2023-06-02 00:00:00+00:00,37.95,37.96,36.28,37.36,316754,42.09042549083405,44.064456909041844,,,,40.74345332752509,"rgba(239, 83, 80, 1.0)",0.0,0.0,4.8849302078059536,38.163490166398276,-0.04370383144003225,0.0,0.0,0.0,0.0,0.0,0.0,0.0,0.0,37.39762843908865,-9.954496272895653,False,True,False,True,False,0.0,0,0.8070059869150323,1.1888933863504687,False,False,False,False,-0.2496883126005619,-0.2657102892828571,False,False,False,False,-1264078,-717029.1803383742,False,False,False,False,370309.3517672457,False,False,False,False
2023-06-09 00:00:00+00:00,35.71,37.73,35.62,37.65,343417,41.882617555984076,43.9615563955906,,,,40.534667181416324,"rgba(239, 83, 80, 1.0)",0.0,0.0,4.999236363307519,37.98447873148988,-0.45496523192695626,0.0,0.0,0.0,0.0,0.0,0.0,0.0,0.0,36.94178756697274,-9.954496272895653,False,True,False,True,False,0.0,0,0.8405992606175162,1.1688247695824614,False,False,False,False,-0.270156814243007,-0.2679335517629321,False,False,False,False,-1607495,-782989.6114244206,False,False,False,False,368317.32571041264,False,False,False,False
2023-06-16 00:00:00+00:00,36.59,36.91,34.3561,35.64,443749,41.61745153537779,43.8257884090354,,,,40.26935609271555,"rgba(239, 83, 80, 1.0)",0.0,0.0,5.043553562771046,36.693061499535546,-0.020434302571165262,0.0,0.0,0.0,0.0,0.0,0.0,0.0,0.0,37.34818005674889,-9.954496272895653,False,True,False,True,False,0.0,0,0.8456786462521325,1.16996602941359,True,False,False,False,-0.32814555540034496,-0.2980395535816385,False,False,False,False,-1163746,-811193.788355945,False,False,False,False,373904.857139271,False,False,False,False
2023-06-23 00:00:00+00:00,35.12,37.05,35.0,36.5,335108,41.42493644200698,43.7233811569302,,,,40.07892628117411,"rgba(239, 83, 80, 1.0)",0.0,0.0,5.127458380273935,36.57458418809988,-0.28368522574378613,0.0,0.0,0.0,0.0,0.0,0.0,0.0,0.0,36.90774476021409,-9.954496272895653,False,True,False,True,False,0.0,0,0.8468351248856123,1.1510819439024969,False,False,False,False,-0.30610043430558737,-0.30206999394361295,False,False,False,False,-1498854,-862131.5818110602,False,False,False,False,371031.0158696954,True,False,False,False
2023-06-30 00:00:00+00:00,43.68,45.88,34.74,35.0,911657,41.42562167809044,43.647256846940074,,,,40.21748372604314,"rgba(239, 83, 80, 0.75)",0.0,0.0,5.127415473846585,38.19838368919155,1.0690798002948143,0.0,0.0,0.0,0.0,0.0,0.0,0.0,0.0,41.98072472213424,-11.94513138814093,False,True,False,True,True,0.0,0,0.8523725317190439,1.0235001331469684,False,False,False,False,-0.07874592344001527,-0.1904079586918141,False,False,False,False,-587197,-841766.0572324632,False,False,False,False,411077.3850645328,False,False,False,False
2023-07-07 00:00:00+00:00,43.39,44.9756,42.87,43.88,281425,41.48261933040547,43.64825168022561,,,,40.32547846682459,"rgba(239, 83, 80, 0.75)",0.0,0.0,5.128859546941427,38.671011868306195,0.9200852720772894,0.0,0.0,0.0,0.0,0.0,0.0,0.0,0.0,45.43951127777403,-8.71063590800091,False,True,False,True,True,0.0,0,1.019798190445393,1.0473097558883115,False,False,False,False,0.10586637340806189,-0.0422707926418761,False,False,False,False,-868622,-843755.3863263547,False,False,False,False,401473.5046893822,False,False,False,False
2023-07-14 00:00:00+00:00,45.0,45.66,43.025,43.23,330136,41.56888792964486,43.65900717491257,,,,40.47233442286048,#000000,0.0,0.0,5.123015395129972,39.19269914596967,1.133570837899658,0.0,0.0,0.0,0.0,0.0,0.0,0.0,0.0,48.684683969252546,-5.749810402989411,False,False,False,False,True,0.7355889037969092,0,0.9888004559341013,1.0068920271174757,False,False,False,False,0.12754158932474585,0.04263539834143487,False,False,False,False,-538486,-821142.8391910691,False,False,False,False,396189.24508276134,False,False,False,False
2023-07-21 00:00:00+00:00,44.73,46.5699,44.33,45.0,310859,41.66247761876618,43.67601483394244,,,,40.62209521221786,#000000,0.0,0.0,5.1223249683206395,39.64640227935825,0.9924395176178,0.0,0.0,0.0,0.0,0.0,0.0,0.0,0.0,50.83229544033722,-3.868060774302208,False,False,False,False,True,0.44852840020982043,0,0.9916973513232837,0.9942026426144644,False,False,False,False,0.1853685752079941,0.11400198677471449,False,False,False,False,-849345,-823231.8881398789,False,False,False,False,389868.486187742,False,False,False,False
2023-07-28 00:00:00+00:00,46.46,46.5,44.43,44.99,257608,41.74870208962746,43.69511251216204,,,,40.75418730007984,#000000,0.0,0.0,5.121026948670449,40.0031779747037,1.260845156648249,0.0,0.0,0.0,0.0,0.0,0.0,0.0,0.0,53.20758759533541,-1.7527748162622956,True,False,False,False,True,2.2513576344140738,0,0.9915407980801515,0.9876365510402215,False,False,False,False,0.18616207092211318,0.15008202884841382,False,False,False,False,-591737,-806084.1186480359,False,False,False,False,380071.4131367981,False,False,False,False
2023-08-04 00:00:00+00:00,48.36,48.7599,46.39,46.39,281343,41.884285109952046,43.73544892425598,,,,40.94628422429047,"rgba(38, 166, 154, 1.0)",0.0,0.0,5.136323107346638,42.561902592668616,1.1288420307979046,0.0,0.0,0.0,0.0,0.0,0.0,0.0,0.0,55.75992962802237,0.5384244296471223,True,False,True,False,True,4.170873384763947,0,1.0172713177882615,0.9950856458077861,False,False,False,False,0.3002414255743738,0.2251617272113938,False,False,False,True,-310394,-769366.3320815146,False,False,False,False,372758.19734888716,False,False,False,True
2023-08-11 00:00:00+00:00,46.65,48.3,45.39,48.2,207563,41.96342361506934,43.757169187360816,,,,41.06072788015124,"rgba(38, 166, 154, 1.0)",0.0,0.0,5.142257890870136,42.66577369125982,0.7748009518958595,0.0,0.0,0.0,0.0,0.0,0.0,0.0,0.0,56.410819670685896,1.035367495700541,True,False,True,False,True,2.2978186899907165,0,0.9793414039581868,1.014527657861662,False,False,False,False,0.2600537519106863,0.24260773956104004,False,False,False,False,-517957,-750743.418593995,False,False,False,False,360521.51606378437,False,False,False,False
2023-08-18 00:00:00+00:00,45.07,46.995,44.74,46.4,134907,42.001251223590494,43.765682435847346,,,,41.11789866257174,"rgba(38, 166, 154, 1.0)",0.0,0.0,5.135492106037272,42.670837391378384,0.4671728743972104,0.0,0.0,0.0,0.0,-1.0,45.39,45.17,0.0,55.85839386933378,1.035367495700541,True,False,True,False,True,0.6112412309301014,0,0.9651214110267314,1.0311895074472492,False,False,False,False,0.21203592557650955,0.2273218325687748,False,False,False,False,-652864,-743493.0912907361,False,False,False,False,343809.32968868926,False,False,False,False
2023-08-25 00:00:00+00:00,44.54,45.17,43.5772,45.0,131272,42.025567594171044,43.768648454665495,,,,41.157972337758046,"rgba(38, 166, 154, 1.0)",0.0,0.0,5.123435632921003,42.626174447549566,0.373543397354894,0.0,0.0,0.0,0.0,0.0,0.0,0.0,0.0,55.128002872550326,1.035367495700541,True,False,True,False,True,0.05072697399155146,0,0.9481493236543953,1.052626510469013,False,False,False,False,0.15811612601784267,0.19271897929330872,False,False,False,False,-784136,-746503.677121052,False,False,False,False,328065.8237858234,False,False,False,False
2023-09-01 00:00:00+00:00,41.92,44.8942,41.695,44.59,307832,42.04417447502627,43.75897565020833,,,,41.20429232446498,#000000,0.0,0.0,5.128063182138063,42.42330365967323,-0.09814693029257578,0.0,0.0,0.0,0.0,0.0,0.0,0.0,0.0,53.04455328387824,1.035367495700541,False,False,False,False,False,0.0,0,0.9276219335340229,1.0387490845134777,False,False,False,False,0.0987589580306319,0.1457389686619703,False,False,False,False,-1091968,-772093.6269639371,False,False,False,False,326567.0220239106,False,False,False,False
2023-09-08 00:00:00+00:00,41.96,42.03,40.37,41.55,306028,42.030996029009025,43.73543582244462,,,,41.21094244456578,#000000,0.0,0.0,5.125910432866119,42.44655735428232,-0.09492115803714174,0.0,0.0,0.0,0.0,0.0,0.0,0.0,0.0,51.58133422547559,1.035367495700541,False,False,False,False,False,0.0,0,0.9269142608716716,1.079142568337858,False,False,False,False,-0.014876857693193564,0.06543105548438838,False,False,False,False,-785940,-773119.2842258676,False,False,False,False,325045.6129851024,False,False,False,False
2023-09-15 00:00:00+00:00,42.5,42.63,41.3236,42.09,333270,42.03384655095432,43.718015179705795,,,,41.237512434729176,#000000,0.0,0.0,5.124483017651455,42.42633893368307,0.014374340994633432,0.0,0.0,0.0,0.0,0.0,0.0,0.0,0.0,50.88806671073721,6.349067011891428,False,False,False,False,False,0.0,0,0.9585893788817325,1.0476172883596253,False,False,False,False,0.027154690619738176,0.046292873052063276,False,False,False,False,-452670,-749382.3002091367,False,False,False,False,325654.8268380578,False,False,False,False
2023-09-22 00:00:00+00:00,41.77,43.17,41.44,42.72,320825,42.035918203109446,43.701346219310025,,,,41.261059531617924,#000000,0.0,0.0,5.133214927849355,42.379696455861364,-0.11877477651550487,0.0,0.0,0.0,0.0,0.0,0.0,0.0,0.0,49.927725000136085,5.330311486770611,False,False,False,False,False,0.0,0,0.9509645712101085,1.0508361648753959,False,False,False,False,0.044933388669075314,0.0456131308605693,False,False,False,False,-773495,-751168.4261195711,False,False,False,False,325297.06188709056,False,False,False,False
2023-09-29 00:00:00+00:00,42.92,43.78,41.7,41.7,348325,42.05399546464367,43.691210837492136,,,,41.30407132981351,#000000,0.0,0.0,5.128329805559951,42.42829937105072,0.09587929161969996,0.0,0.0,0.0,0.0,0.0,0.0,0.0,0.0,50.03550626953833,5.314848553747993,False,False,False,False,False,0.0,0,1.0913087106290629,1.0410572153696653,False,False,False,False,0.06854319708349814,0.05707816397203372,False,False,False,False,-425170,-727020.3945551583,False,False,False,False,327002.8350806394,False,False,False,False
2023-10-06 00:00:00+00:00,41.06,43.13,40.92,42.9,258361,42.047948061335966,43.67476813486592,,,,41.31218010041831,#000000,0.0,0.0,5.1184196146223995,42.355799178675035,-0.25316392094410717,0.0,0.0,0.0,0.0,0.0,0.0,0.0,0.0,48.90465515152603,4.068992290579679,False,False,False,False,False,0.0,0,1.046023809860405,0.9329277583263039,False,False,False,False,0.029764356288430376,0.04342126013023205,False,False,False,False,-683531,-723798.9579214429,False,False,False,False,321918.2547042958,False,False,False,False
2023-10-13 00:00:00+00:00,40.05,42.54,39.72,40.515,241438,42.027679233991805,43.65248739193922,,,,41.30208166723137,#000000,0.0,0.0,5.099350804821198,42.232114457086034,-0.4279200511215956,0.0,0.0,0.0,0.0,0.0,0.0,0.0,0.0,47.48324430162057,2.556571264470641,False,True,False,False,False,0.0,0,1.0221865640043308,0.9606266610627363,False,False,False,False,-0.018664828161692563,0.012378215984269744,False,False,False,False,-924969,-738700.4425198546,False,False,False,False,315956.75435582944,False,False,False,False
2023-10-20 00:00:00+00:00,38.63,40.79,38.07,40.46,274192,41.97699917720647,43.61372013173606,,,,41.25777911965536,"rgba(239, 83, 80, 1.0)",0.0,0.0,5.076069718176037,41.99460919123519,-0.6628374663940155,0.0,0.0,0.0,0.0,0.0,0.0,0.0,0.0,45.64446564724154,0.6694004178025565,False,True,False,True,False,0.0,0,1.0028692090443674,0.9779768819297214,False,False,False,False,-0.11108493036671174,-0.049353357191221,False,False,False,False,-1199161,-772808.6319628283,False,False,False,False,312863.06884799025,False,False,False,False
2023-10-27 00:00:00+00:00,37.69,39.1599,36.94,38.58,338761,41.89042356947911,43.55371818382376,,,,41.174738271549295,"rgba(239, 83, 80, 1.0)",0.0,0.0,5.059471246810013,41.65141509226631,-0.7829701759376495,0.0,0.0,0.0,0.0,0.0,0.0,0.0,0.0,43.809576968698266,-1.1807076641441938,False,True,False,True,False,0.0,0,1.0148842747637123,0.9730238024360596,False,False,False,False,-0.18745422649250681,-0.1184037918418639,False,False,False,False,-1537922,-829483.6962618781,False,False,False,False,314781.4341185095,False,False,False,False
2023-11-03 00:00:00+00:00,35.93,39.5,32.19,37.88,724380,41.62721917176518,43.384170634454115,,,,40.90619106906924,"rgba(239, 83, 80, 1.0)",0.0,0.0,5.1086981892835635,39.569570312148116,-0.7124261753772784,0.0,0.0,0.0,0.0,0.0,0.0,0.0,0.0,41.58119914813385,-3.3771502309891233,False,True,False,True,False,0.0,0,0.960394675666833,0.9546547735895624,False,False,False,False,-0.3145532435202268,-0.21647851768104534,False,False,False,False,-2262302,-935618.385427665,False,False,True,False,345122.0686282495,False,False,True,False
2023-11-10 00:00:00+00:00,37.83,38.3,34.43,35.22,415929,41.51025356798352,43.302425879791244,,,,40.791641848191894,"rgba(239, 83, 80, 1.0)",0.0,0.0,5.130690984846188,39.41065800424903,-0.30807897199765133,0.0,0.0,0.0,0.0,0.0,0.0,0.0,0.0,41.57146751834617,-3.4406750245950093,False,True,False,True,False,0.0,0,0.9892454734473497,0.9619455214290836,False,False,False,False,-0.2980716188545495,-0.25727506826779745,False,False,False,False,-1846373,-1003081.6902108009,False,False,False,False,350367.02650763845,False,False,False,False
2023-11-17 00:00:00+00:00,38.91,39.25,36.28,37.58,408218,41.43126906455132,43.23985763967843,,,,40.72025106536743,"rgba(239, 83, 80, 1.0)",0.0,0.0,5.1100821805419,39.409504721368876,-0.09774886268383048,0.0,0.0,0.0,0.0,0.0,0.0,0.0,0.0,42.40054783266837,-3.4406750245950093,False,True,False,True,False,0.0,0,1.0028460066461033,0.9715399335389687,False,False,False,False,-0.21544492044799204,-0.23635999435789473,False,False,False,False,-1438155,-1035309.3427877786,False,False,False,False,354652.283803369,False,False,False,False
2023-11-24 00:00:00+00:00,40.07,40.41,38.85,39.18,143287,41.4177426538521,43.225168161415006,,,,40.71139540852652,"rgba(239, 83, 80, 1.0)",0.0,0.0,5.057206656957093,39.46650228563114,0.11933420073681276,0.0,0.0,0.0,0.0,0.0,0.0,0.0,0.0,43.85690350595322,-3.4406750245950093,False,True,False,True,False,0.0,0,1.0264774412200803,0.9678197252863636,False,False,False,False,-0.10953418104017432,-0.17294708769903452,False,False,False,False,-1294868,-1054535.9099886839,False,False,False,False,338995.5961142305,False,False,False,False
2023-12-01 00:00:00+00:00,39.3,40.26,38.66,39.93,263623,41.38794304997459,43.19560006204248,,,,40.68924907608714,"rgba(239, 83, 80, 1.0)",0.0,0.0,5.071769064285302,39.521918366903364,-0.043755613493146876,0.0,0.0,0.0,0.0,0.0,0.0,0.0,0.0,44.39103888362312,-3.4406750245950093,False,True,False,True,False,0.0,0,1.0285451747780272,0.9649302138441379,False,False,False,False,-0.1190530087528646,-0.14600004822594956,False,False,False,False,-1558491,-1091865.916656189,False,False,False,False,333412.4408465097,False,False,False,False
2023-12-08 00:00:00+00:00,39.93,41.09,37.89,39.35,321757,41.35683324967795,43.162279693796215,,,,40.667885346959004,"rgba(239, 83, 80, 0.75)",0.0,0.0,5.0876541967025615,39.584174570724194,0.06797345415101992,0.0,0.0,0.0,0.0,0.0,0.0,0.0,0.0,45.2634826478308,-3.4406750245950093,False,True,False,True,True,0.0,0,1.0296892968069902,0.9540554773394089,False,False,False,False,-0.11737170309899772,-0.13168587566247364,False,False,False,False,-1236734,-1102596.8857927674,False,False,False,False,332549.0748578794,False,False,False,False
2023-12-15 00:00:00+00:00,40.32,41.0,38.34,39.94,332664,41.33031878364211,43.130876295872476,,,,40.651828797399766,#000000,0.0,0.0,5.073355500655951,39.64682544463212,0.13268822878287206,0.0,0.0,0.0,0.0,0.0,0.0,0.0,0.0,46.19547321450832,-3.4406750245950093,False,True,False,False,True,0.0,0,1.0526389218673073,0.9443279579629129,False,False,False,False,-0.11528979241240322,-0.12348783403743843,False,False,False,False,-904070,-1087891.1905488586,False,False,False,False,332557.5878313698,False,False,False,False
2023-12-22 00:00:00+00:00,41.61,42.33,39.79,40.38,329146,41.32879380279552,43.11313997540216,,,,40.663617806780735,#000000,0.0,0.0,5.04577528395946,39.781576282565595,0.3623672507269538,0.0,0.0,0.0,0.0,0.0,0.0,0.0,0.0,47.860284641942144,-6.671456788029246,False,False,False,False,True,0.0,0,1.0630383414385802,0.928831978164478,False,False,False,False,-0.03658795953756842,-0.08003789678750342,False,False,False,False,-574924,-1049893.6208785728,False,False,False,False,332304.87762163865,False,False,False,False
2023-12-29 00:00:00+00:00,43.53,43.67,41.2,41.2,304981,41.352310557154325,43.1104371094022,,,,40.70235563737928,#000000,0.0,0.0,4.9908308719884245,39.973171460462105,0.7126726252137654,0.0,0.0,0.0,0.0,0.0,0.0,0.0,0.0,50.38930317212222,-4.169602461640636,False,False,False,False,True,0.35894360700255135,1,1.0964382636893364,1.0323972292081365,False,False,False,False,0.040817068685805195,-0.019610414050849113,False,False,False,True,-269943,-992119.5008134933,False,False,False,False,330280.88668670243,False,False,False,False
2024-01-05 00:00:00+00:00,40.66,44.96,39.0,43.38,1042817,41.36203731502315,43.065416662035005,,,,40.751257659666315,#000000,0.0,0.0,4.908711223312471,40.4238846527724,0.0481012910489083,0.0,0.0,0.0,0.0,0.0,0.0,0.0,0.0,50.00254437802535,-4.169602461640636,False,False,False,False,True,0.0,1,0.9440315246353861,0.9993676844004609,False,False,False,False,0.01519445353978258,-0.0022079802555332664,False,False,False,False,-1312760,-1015870.6489013827,False,False,False,False,383061.33952472446,False,False,False,False
2024-01-12 00:00:00+00:00,41.07,42.205,38.17,40.33,499385,41.340717927187846,43.03042653109362,,,,40.74392561904863,#000000,0.0,0.0,4.816618723537069,40.3080918111998,0.15818320538369157,0.0,0.0,0.0,0.0,0.0,0.0,0.0,0.0,50.02183789753845,-4.169602461640636,False,False,False,False,True,0.0,1,0.9313720972770851,1.0474042176488902,False,False,False,False,-0.08587439243258231,-0.04404118634405779,False,False,False,False,-813375,-1000870.971204984,False,False,False,False,391677.9069673374,False,False,False,False
2024-01-19 00:00:00+00:00,41.5,41.99,39.62,41.07,329115,41.33594162563146,43.01278967236609,,,,40.749080278675386,#000000,0.0,0.0,4.680911984753499,40.391484642288034,0.23681610791285598,0.0,0.0,0.0,0.0,0.0,0.0,0.0,0.0,50.35373018879131,-3.962019090639778,False,False,False,False,True,0.0,1,0.9335174959093051,1.062996702356296,False,False,False,False,-0.05096360550454502,-0.0475023959243014,False,False,False,False,-484260,-962603.4918564666,False,False,False,False,387043.6175623495,False,False,False,False
2024-01-26 00:00:00+00:00,42.44,43.0,41.655,41.88,315711,41.35121838987942,43.00733894228188,,,,40.775921590343074,#000000,0.0,0.0,4.548831022985532,40.61226578035003,0.4018030589429046,0.0,0.0,0.0,0.0,0.0,0.0,0.0,0.0,51.28310118737946,-2.9228393376106396,True,False,False,False,True,0.0,1,0.9579927562090639,1.0461517711883694,False,False,False,False,0.034759789832501636,-0.006371303045899883,False,False,False,False,-168549,-903784.6406078395,False,False,False,False,381759.7199651384,False,False,False,False
2024-02-02 00:00:00+00:00,40.68,43.08,40.4,42.2,299271,41.35171030761163,42.99451444037613,,,,40.78538905962344,#000000,0.0,0.0,4.522341038496367,40.65749950866736,0.004975407900710683,0.0,0.0,0.0,0.0,0.0,0.0,0.0,0.0,50.55995272186483,-2.9228393376106396,True,False,False,False,True,0.0,1,0.9132025800026017,1.0764446769611251,False,False,False,False,0.023704435629787805,0.008666566291943961,False,False,False,False,-467820,-871490.9635257773,False,False,False,False,375649.4444121652,False,False,False,False
2024-02-09 00:00:00+00:00,40.23,40.735,38.83,40.29,254786,41.33512936749747,42.97401860232789,,,,40.774268989952574,#000000,0.0,0.0,4.509189288113326,40.575351879691375,-0.07658846360736296,0.0,0.0,0.0,0.0,0.0,0.0,0.0,0.0,49.706233348506316,-2.9228393376106396,False,False,False,False,True,0.0,1,0.9046480355223341,1.1052208573014897,False,False,False,False,-0.07082660322073071,-0.031080018464393375,False,False,False,False,-722606,-860462.447709053,False,False,False,False,366696.59667793073,False,False,False,False
2024-02-16 00:00:00+00:00,39.86,40.95,38.72,40.32,368895,41.31032869775824,42.94397725742643,,,,40.7570374681592,#000000,0.0,0.0,4.477422790718649,40.47821532333237,-0.13807392159031404,0.0,0.0,0.0,0.0,0.0,0.0,0.0,0.0,48.81263279375702,-2.9228393376106396,False,False,False,False,False,0.0,1,0.9122848136957853,1.083666793090174,False,False,False,False,-0.02123035781982445,-0.02615518814210891,False,False,False,False,-1091501,-877576.4145454195,False,False,False,False,366859.44136845437,False,False,False,False
2024-02-23 00:00:00+00:00,37.69,39.71,37.6,39.44,348306,41.26432145504245,42.90257894365346,,,,40.71540643011837,#000000,0.0,0.0,4.45665253119241,40.28296796984144,-0.581819639671947,0.0,0.0,0.0,0.0,0.0,0.0,0.0,0.0,46.63076535071329,0.5216967817505491,False,False,False,False,False,0.0,1,0.9115998620990496,1.0725387142847094,False,False,False,False,-0.08122519791163424,-0.05369019302687157,False,False,False,False,-1439807,-919223.1245790921,False,False,False,False,365485.1123781985,True,False,False,False
2024-03-01 00:00:00+00:00,38.29,39.67,37.67,37.83,301640,41.228385535876036,42.868943556733335,,,,40.68356977975944,"rgba(239, 83, 80, 1.0)",0.0,0.0,4.48518562493126,40.15924081244957,-0.41675885208836067,0.0,0.0,0.0,0.0,0.0,0.0,0.0,0.0,45.63060353681645,-0.49347878500642395,False,True,False,True,False,0.0,1,0.9380244839071198,1.070408766458221,False,False,False,False,-0.0596573337449221,-0.05667376338589684,False,False,False,False,-1138167,-935441.1894250853,False,False,False,False,360755.8447946282,False,False,False,False
2024-03-08 00:00:00+00:00,39.7,40.64,37.07,38.25,379201,41.19422421578379,42.8330887662619,,,,40.65558208910641,#000000,0.0,0.0,4.489464893172343,40.075361677208775,-0.08360944703669007,0.0,0.0,0.0,0.0,0.0,0.0,0.0,0.0,46.17036054831978,-0.49347878500642395,False,False,False,False,False,0.0,1,0.9497745077414134,1.0151164102914194,False,False,False,False,-0.041902684287749424,-0.04928822383682313,False,False,False,False,-758966,-922368.9531713753,False,False,False,False,362122.15258761874,False,False,False,False
2024-03-15 00:00:00+00:00,39.25,39.82,38.49,39.37,245847,41.1731902820225,42.8105183697201,,,,40.638551426809656,#000000,0.0,0.0,4.492888727435507,40.0312648964661,-0.17388921557201253,0.0,0.0,0.0,0.0,0.0,0.0,0.0,0.0,46.20677092375505,-0.49347878500642395,False,False,False,False,False,0.0,1,0.9562868471961661,1.0348886279785905,False,False,False,False,-0.013162476063974629,-0.03122534995039888,False,False,False,False,-1004813,-928475.9196031253,False,False,False,False,353509.17832186917,False,False,False,False
2024-03-22 00:00:00+00:00,39.72,40.91,38.71,39.24,276922,41.1569400311208,42.78953552964143,,,,40.62748369455381,#000000,0.0,0.0,4.475995535747994,39.9604239090523,-0.05371406363838692,0.0,0.0,0.0,0.0,0.0,0.0,0.0,0.0,46.66195221444139,-0.49347878500642395,False,False,False,False,False,0.0,1,0.9580046464710756,1.0270513727014983,False,False,False,False,0.04957646695784029,0.009175558503720706,False,False,False,False,-727891,-913617.7774103011,False,False,False,False,347836.0540017307,False,False,False,False
2024-03-29 00:00:00+00:00,39.26,40.09,34.16,40.0,642891,41.06940143156168,42.711181980126625,,,,40.54638817235879,#000000,0.0,0.0,4.428991189306532,38.99950604310007,0.058815641252317606,0.0,0.0,0.0,0.0,0.0,0.0,0.0,0.0,46.59791453167085,-0.49347878500642395,False,False,False,False,False,0.0,1,0.8969389082224226,1.0444693174846524,False,False,False,False,-0.20461427278199457,-0.09771935713913693,False,False,False,False,-1370782,-947481.793898427,False,False,False,False,369691.9759275284,False,False,False,False
2024-04-05 00:00:00+00:00,38.07,39.45,36.6101,39.45,703784,40.98451377516759,42.63171975536421,,,,40.4692210540492,"rgba(239, 83, 80, 1.0)",0.0,0.0,4.339164315274878,38.86843126231138,-0.18400576800023838,0.0,0.0,0.0,0.0,0.0,0.0,0.0,0.0,45.58095014607072,-1.0114825094850772,False,True,False,True,False,0.0,1,0.9398708530836564,1.0439740559584523,False,False,False,False,-0.1116247516377518,-0.10467205438844437,False,False,False,False,-2074566,-1030969.5128689139,False,False,False,False,394439.53326623,False,False,False,False
2024-04-12 00:00:00+00:00,38.94,40.71,37.91,38.13,677006,40.937273504281755,42.57621351337074,,,,40.43228042997453,"rgba(239, 83, 80, 0.5)",0.0,0.0,4.28360582300085,39.01665829167898,-0.01789573897471245,0.0,0.0,0.0,0.0,0.0,0.0,0.0,0.0,45.737117824076584,-1.0114825094850772,False,False,False,True,False,0.0,1,0.9724357420454633,1.0198749377686374,False,False,False,False,0.01702743681354869,-0.04382230878744784,False,False,False,False,-1397560,-1058124.3637675128,False,False,False,False,415370.38265391666,False,False,False,False
2024-04-19 00:00:00+00:00,39.48,39.91,37.38,39.24,598751,40.891534897666084,42.52489308597887,,,,40.39479764050647,#000000,0.0,0.0,4.230997356490615,39.04003598182544,0.10398588822080553,0.0,0.0,0.0,0.0,0.0,0.0,0.0,0.0,46.38444605517955,-1.0114825094850772,False,False,False,False,False,0.0,1,0.9870002273327081,1.0075124314408974,False,False,False,False,-0.04961579152117743,-0.04671905015431263,False,False,False,False,-798809,-1038915.8183032527,False,False,False,False,428954.1320869599,False,False,False,False
2024-04-26 00:00:00+00:00,39.54,40.78,38.36,39.58,494859,40.867002055904315,42.490861254761384,,,,40.378003860318444,#000000,1.0,39.43,4.075750600190706,39.08934360059682,0.11057016083910849,0.0,0.0,0.0,0.0,0.0,0.0,0.0,0.0,46.90813241176264,-1.0114825094850772,False,False,False,False,False,0.0,1,1.0145295993348964,0.9749139626191853,False,False,False,False,0.043091897536964546,-0.001813576308674042,False,False,False,False,-303950,-984473.905836345,False,False,False,False,433835.9741545925,False,False,False,False
2024-05-03 00:00:00+00:00,39.53,40.13,38.68,39.5,407999,40.84574924979754,42.46232245685824,,,,40.362808617402564,#000000,0.0,0.0,3.894572916020208,39.11885033607357,0.10556989759651914,0.0,0.0,0.0,0.0,0.0,0.0,0.0,0.0,47.27204938330101,-1.0114825094850772,False,False,False,False,False,0.0,1,1.0872602811234213,0.9868086721341309,False,False,False,False,0.0005436519391674311,-0.0006349621847533054,False,False,False,False,-711949,-964286.8757743936,False,False,False,False,431922.1242172153,False,False,False,False
2024-05-10 00:00:00+00:00,38.46,40.225,38.32,39.89,200853,40.83226466497925,42.446424504628155,,,,40.351963130490184,#000000,0.0,0.0,3.7627729041131186,39.09872068297385,-0.16974733773480097,0.0,0.0,0.0,0.0,0.0,0.0,0.0,0.0,46.46030102516337,-1.0114825094850772,False,False,False,False,False,0.0,1,1.0520206805785106,0.9676412502956544,False,False,False,False,-0.06316296472442211,-0.0318989634545877,False,False,False,False,-912802,-960473.1812725866,False,False,False,False,414805.89279371785,False,False,False,False
2024-05-17 00:00:00+00:00,38.19,39.395,37.8654,38.72,244889,40.81150888681316,42.42435119539213,,,,40.33398559634492,"rgba(239, 83, 80, 0.5)",0.0,0.0,3.7176772609004347,39.039756290159566,-0.22857182873204937,0.0,0.0,0.0,0.0,0.0,0.0,0.0,0.0,45.61880220709183,-1.5651737329084412,False,False,False,True,False,0.0,1,1.0189760576217683,0.9933308138630147,False,False,False,False,-0.14389805535301373,-0.08789850940380071,False,False,False,False,-1157691,-975081.9085857283,False,False,False,False,402219.45629047946,False,False,False,False
2024-05-24 00:00:00+00:00,37.45,38.16,36.51,38.16,289931,40.77591079256118,42.39126111835114,,,,40.30064053514018,"rgba(239, 83, 80, 1.0)",0.0,0.0,3.707383550806786,38.8923070475892,-0.38903637236976113,0.0,0.0,0.0,0.0,0.0,0.0,0.0,0.0,44.30810507453764,-2.8970449498945072,False,True,False,True,False,0.0,1,0.9604257742863695,1.0283307073800383,False,False,False,False,-0.31380899529276296,-0.20085375234828184,False,False,False,False,-1447622,-1010084.8783201188,False,False,False,False,393901.79286155506,False,False,False,False
2024-05-31 00:00:00+00:00,37.0,37.91,36.02,37.54,246419,40.74276942665497,42.361279649545416,,,,40.26912361581847,"rgba(239, 83, 80, 1.0)",0.0,0.0,3.668943599339608,38.766106966785,-0.4813666165658403,0.0,0.0,0.0,0.0,0.0,0.0,0.0,0.0,42.95156050035564,-4.239284431937328,False,True,False,True,False,0.0,1,0.9561755629046396,1.0296827699990425,False,False,False,False,-0.34282825441539394,-0.2718410033818379,False,False,False,False,-1694041,-1060748.2947408506,False,False,False,False,382977.1415384769,False,False,False,False
2024-06-07 00:00:00+00:00,35.75,37.26,35.67,37.1,224286,40.707195609791476,42.330517346438405,,,,40.234535442423905,"rgba(239, 83, 80, 1.0)",0.0,0.0,3.661066279966295,38.626747034462824,-0.7857675372348921,0.0,0.0,0.0,0.0,0.0,0.0,0.0,0.0,40.892761520916935,-6.218433553951847,False,True,False,True,False,0.0,1,0.9614482191491449,1.0527352149016593,False,False,False,False,-0.34282825441539394,-0.30733462889861596,False,False,False,False,-1918327,-1124272.6432785653,False,False,False,False,371222.2421652564,False,False,False,False
2024-06-14 00:00:00+00:00,34.47,35.87,33.81,35.45,171644,40.67129944136682,42.30141023950322,,,,40.1986394832315,"rgba(239, 83, 80, 1.0)",0.0,0.0,3.7198395635266737,38.470959243738704,-1.0755730658301592,0.0,0.0,0.0,0.0,0.0,0.0,0.0,0.0,38.44513418587728,-8.516361923971303,False,True,False,True,False,0.0,1,0.9259225422348095,1.0730115950635328,False,False,False,False,-0.34282825441539394,-0.3250814416570049,False,False,False,False,-2089971,-1195805.8548875605,False,False,False,False,356438.66867153376,False,False,False,False
2024-06-21 00:00:00+00:00,33.95,34.645,33.75,34.3,288466,40.60593281919381,42.24914982389182,,,,40.13284624115059,"rgba(239, 83, 80, 1.0)",0.0,0.0,3.7516336237493633,37.012154560524834,-0.8162189775515792,0.0,0.0,0.0,0.0,0.0,0.0,0.0,0.0,36.32760777770363,-10.45094945988798,False,True,False,True,False,0.0,1,0.9004365175426952,1.1147908385978338,True,False,False,False,-0.34282825441539394,-0.33395484803619946,False,False,False,False,-2378437,-1283408.1619329264,False,False,False,False,351403.65617734607,True,False,False,False
2024-06-28 00:00:00+00:00,38.0,39.95,33.95,34.1,726996,40.52490182823329,42.170785969296794,,,,40.05768400256446,"rgba(239, 83, 80, 0.75)",0.0,0.0,3.7246535022350256,37.51179054751501,0.13107513281222838,0.0,0.0,0.0,0.0,0.0,0.0,0.0,0.0,39.74412213325181,-13.753888788884737,False,True,False,True,True,0.0,1,0.8877285947942184,1.0501039824155005,False,False,False,False,-0.1069558024963754,-0.22045532526628742,False,False,False,False,-1651441,-1310669.8536415985,False,False,False,False,379225.3112753204,False,False,False,False
2024-07-05 00:00:00+00:00,37.99,39.22,36.39,38.0,296350,40.4986048575374,42.14318347793098,,,,40.034240445762705,"rgba(239, 83, 80, 0.75)",0.0,0.0,3.7007339520402858,37.59676232377595,0.10625937484840114,0.0,0.0,0.0,0.0,0.0,0.0,0.0,0.0,42.17536601492811,-11.61269463362109,False,True,False,True,True,0.0,1,0.954291124407298,1.0838901434901715,False,False,False,False,-0.03715731618177761,-0.1288063207240325,False,False,False,False,-1947791,-1357864.0126311097,False,False,False,False,373086.3993290004,False,False,False,False
2024-07-12 00:00:00+00:00,40.16,40.55,37.87,38.0,334034,40.48788668183529,42.12440565510008,,,,40.028191827765134,"rgba(239, 83, 80, 0.5)",0.0,0.0,3.57863643567472,37.817043623648004,0.6547064555078921,0.0,0.0,0.0,0.0,0.0,0.0,0.0,0.0,45.882284246781964,-8.271379366722854,False,False,False,True,True,0.0,1,0.989932540091479,1.0209276331956654,False,False,False,False,0.07707105180155377,-0.025867634461239367,False,False,False,False,-1613757,-1376819.048732509,False,False,False,False,370193.6290083337,False,False,False,False
2024-07-19 00:00:00+00:00,41.03,42.49,40.25,40.52,343036,40.49649548251846,42.11805715972739,,,,40.043043990077216,#000000,0.0,0.0,3.488117781505891,38.13483131498283,0.8300088662049896,0.0,0.0,0.0,0.0,0.0,0.0,0.0,0.0,49.22393647211809,-5.327487523542928,True,False,False,False,True,0.0,1,1.0032521872942595,0.9853254963551705,False,False,False,False,0.25783493896839943,0.11598365225358004,False,False,False,False,-1270721,-1368959.9340115825,False,False,False,False,368181.95278549416,False,False,False,False
2024-07-26 00:00:00+00:00,42.77,43.1,40.4924,41.02,350108,40.5148496643707,42.11807748862062,,,,40.06836927057681,#000000,0.0,0.0,3.3471090120787306,38.45862592080925,1.2880889339523383,0.0,0.0,0.0,0.0,0.0,0.0,0.0,0.0,52.87094501863919,-2.113344049565832,True,False,False,False,True,1.9329032049762134,1,0.9776652152018721,0.9942315577444455,False,False,False,False,0.34282824466823186,0.22940594846090595,False,False,False,False,-920613,-1335749.0500107245,False,True,False,False,366843.14146805013,False,True,False,False
2024-08-02 00:00:00+00:00,41.34,44.455,40.602,43.14,476632,40.539354886301176,42.11821989427429,,,42.132333333333335,40.10205885352036,#000000,0.0,0.0,3.243250743835157,39.67167870303501,0.5143978769252338,-1.0,44.455,40.602,0.0,0.0,0.0,0.0,0.0,53.99056815846067,-1.3084831046791479,True,False,False,False,True,0.10468324546517493,1,0.9989588931196612,0.9748143997329867,False,False,False,False,0.3428282455250133,0.2861170969929596,False,False,False,False,-1397245,-1340304.3055654857,False,False,False,False,374975.6495074538,False,False,False,False
2024-08-09 00:00:00+00:00,38.34,40.62,38.02,39.97,330543,40.523280297227515,42.096721051650135,,,40.84689402091657,40.08964879553422,#000000,0.0,0.0,3.1307642333277976,39.35279754573824,-0.3234985039616669,0.0,0.0,0.0,0.0,-1.0,40.602,39.79,138.0,52.21670146524221,-1.3084831046791479,True,False,False,False,True,0.0,1,0.9730256660787259,0.9868874765660474,False,False,False,False,0.0759613895107839,0.18103924325187176,False,False,False,False,-1727788,-1369006.8014495238,False,False,False,False,371684.3421365313,False,False,False,False
2024-08-16 00:00:00+00:00,38.76,39.79,37.28,38.72,458504,40.496078397171075,42.063760970964104,,,40.036558338515,40.06702672004136,#000000,0.0,0.0,3.06691224829447,39.1187216470677,-0.11696508345394979,0.0,0.0,0.0,0.0,0.0,0.0,0.0,0.0,51.29636759840578,-1.3084831046791479,True,False,False,False,True,0.0,1,0.9637368098241906,1.0025369309999534,False,False,False,False,0.013627054652299315,0.09733314895208554,False,False,False,False,-1269284,-1361619.9272680776,False,False,False,False,378115.4279041957,False,False,False,False
2024-08-23 00:00:00+00:00,40.04,40.28,38.17,39.0,417415,40.483307986497344,42.041857330279136,,,39.90266273779124,40.05919702778643,#000000,0.0,0.0,3.016969680665345,39.21385990856629,0.27383108843557064,0.0,0.0,0.0,0.0,0.0,0.0,0.0,0.0,51.6668092294606,-1.3084831046791479,True,False,False,False,True,0.0,1,0.9959617170778982,0.9789111891845808,False,False,False,False,0.06839596940580966,0.08286455917894761,False,False,False,False,-851869,-1323860.5993222941,False,False,False,False,381026.5073186997,False,False,False,False
2024-08-30 00:00:00+00:00,40.26,40.33,39.15,40.31,146700,40.480759794964584,42.03549355675034,,,39.90351823101398,40.058496678610936,#000000,0.0,0.0,2.9270405494933396,39.25889520814245,0.3420194476058207,0.0,0.0,0.0,0.0,0.0,0.0,0.0,0.0,52.10508041387586,-1.3084831046791479,True,False,False,False,True,0.0,0,1.009691081630706,0.9772865274280323,False,False,False,False,0.10952478985443909,0.09619467451669335,False,False,False,False,-705169,-1278031.591965087,False,False,False,False,363668.9882580553,False,False,False,False
2024-09-06 00:00:00+00:00,39.0,41.41,38.694,39.84,267591,40.47445507501063,42.022833192081634,,,39.87772284344553,40.05539577220838,#000000,0.0,0.0,2.924431648794063,39.29752142587748,-0.10173649502123422,0.0,0.0,0.0,0.0,0.0,0.0,0.0,0.0,51.309420825680775,-1.3084831046791479,True,False,False,False,True,0.0,0,1.0120271039378026,0.9753014829848695,False,False,False,False,0.1346135108630251,0.11540409268985921,False,False,False,False,-972760,-1255418.8814491546,False,False,False,False,356552.1002389401,False,False,False,False
2024-09-13 00:00:00+00:00,39.28,39.57,36.93,39.06,258780,40.45985407234229,42.00493811916714,,,39.736657036328104,40.043222265028625,#000000,0.0,0.0,2.918386028099933,39.16448676121746,0.039581206074285974,0.0,0.0,0.0,0.0,0.0,0.0,0.0,0.0,50.9882693733111,-1.3084831046791479,True,False,False,False,True,0.0,0,0.9639076577423337,0.9911272991949903,False,False,False,False,-0.008952349596548392,0.05322587154665541,False,False,False,False,-713980,-1215312.2976381062,False,False,False,False,349309.72244346305,False,False,False,False
2024-09-20 00:00:00+00:00,41.43,41.96,39.02,39.49,299540,40.46291255452783,41.997724166945666,,,39.856968674106,40.05047806674499,#000000,0.0,0.0,2.923783800439357,39.96600390969557,0.5007196804648936,0.0,0.0,0.0,0.0,1.0,40.53,39.57,144.0,52.51155336549493,-1.3084831046791479,True,False,False,False,True,0.49381736737528215,0,0.9921173298272803,0.9718901007048295,False,False,False,False,0.1701281661867707,0.11167701886671305,False,False,False,False,-414440,-1155988.4237389872,False,False,False,False,345623.0763365399,False,False,False,False
2024-09-27 00:00:00+00:00,40.99,41.76,40.53,41.28,170540,40.46609243821316,41.99464341116187,,,39.931572832268024,40.05611509133013,#000000,0.0,0.0,2.9158008310730663,40.12307440888284,0.2973198930045284,0.0,0.0,0.0,0.0,0.0,0.0,0.0,0.0,53.17654311265706,-1.3084831046791479,True,False,False,False,True,0.0,0,1.088428923453813,0.9598631830254843,False,False,False,False,0.22407239801298695,0.16787470843985,False,False,False,False,-584980,-1113691.5034620252,False,False,False,False,332653.95957087027,False,False,False,False
2024-10-04 00:00:00+00:00,40.75,41.59,40.282,41.03,147176,40.46786037533617,41.99135864505591,,,39.97822033386235,40.05991267733888,#000000,0.0,0.0,2.893619903191165,40.18797383370206,0.19422943755609437,0.0,0.0,0.0,0.0,0.0,0.0,0.0,0.0,53.41443074535962,-1.3084831046791479,True,False,False,False,True,0.0,0,1.0464213939368106,0.9511509043639617,False,False,False,False,0.20673438869575742,0.1873045485678037,False,False,False,False,-732156,-1085429.61431669,False,False,False,False,318914.8514545095,False,False,False,False
2024-10-11 00:00:00+00:00,40.85,41.24,39.745,40.49,146744,40.46847915149066,41.987338190902165,,,40.008011850869,40.06245527893441,#000000,0.0,0.0,2.850685234519275,40.2108332351509,0.22421513154428874,0.0,0.0,0.0,0.0,0.0,0.0,0.0,0.0,53.67252649332484,-1.3039179350850176,True,False,False,False,True,0.0,0,1.0166668900085762,0.9770516187821611,False,False,False,False,0.1703320166008086,0.17881828258430615,False,False,False,False,-585412,-1048391.2725154536,False,False,False,False,306161.4550504717,False,False,False,False
2024-10-18 00:00:00+00:00,40.98,42.198,40.46,40.59,124141,40.47117822649956,41.9854331857316,,,40.054107087720254,40.0669218640621,#000000,0.0,0.0,2.80798300218154,40.27964564640607,0.24941545338765236,0.0,0.0,0.0,0.0,0.0,0.0,0.0,0.0,53.97774338295937,-0.7902774441611413,True,False,False,False,True,0.0,0,1.0380259119428523,0.9468995301083736,False,False,False,False,0.23944661439485682,0.20913244848958149,False,False,False,False,-461271,-1004900.8819587533,False,False,False,False,292678.4583800664,False,False,False,False
2024-10-25 00:00:00+00:00,38.99,41.13,38.92,41.13,128034,40.468229764878814,41.979600868945376,,,40.03990376691951,40.06537840398477,#000000,0.0,0.0,2.784005617680969,40.218901434658775,-0.4414148545010581,0.0,0.0,0.0,0.0,0.0,0.0,0.0,0.0,52.13358820202765,-0.7902774441611413,True,False,False,False,True,0.0,1,0.9952297554227457,0.9797264605466698,False,False,False,False,0.13243614801957493,0.1707842982545782,False,False,False,False,-589305,-974116.0018136605,False,False,False,False,280482.57257413556,False,False,False,False
2024-11-01 00:00:00+00:00,39.69,40.975,39.15,39.42,134980,40.46615602956637,41.97417116868081,,,40.03599480591068,40.06484635518413,#000000,0.0,0.0,2.7645478394769505,40.187423007670446,-0.17992924577661154,0.0,0.0,0.0,0.0,0.0,0.0,0.0,0.0,51.5261187813427,-0.7902774441611413,True,False,False,False,True,0.0,1,0.9910521641944752,0.9688514017713338,False,False,False,False,0.1354606047165307,0.15312245148555445,False,False,False,False,-454325,-935612.9646422783,False,False,False,False,269704.6042353107,False,False,False,False
2024-11-08 00:00:00+00:00,38.98,44.16,35.58,39.52,515290,40.453013784548446,41.95003694992361,,,39.97672860058519,40.05711202557462,#000000,0.0,0.0,2.756032642754408,39.93309339675174,-0.3458207939798595,0.0,0.0,0.0,0.0,0.0,0.0,0.0,0.0,50.3931265265373,-0.7902774441611413,True,False,False,False,False,0.0,1,0.9432535443775489,0.9251219897067391,False,True,False,False,0.11995995367633602,0.13654120258094524,False,False,False,False,-969615,-938131.6339280355,False,False,False,False,287896.11503269506,False,False,False,False
2024-11-15 00:00:00+00:00,35.86,40.15,35.82,38.88,335958,40.42282000386771,41.919607309349885,,,39.76860808779397,40.02887607610204,#000000,0.0,0.0,2.7528118761050755,39.416012776471135,-1.2917747149153178,0.0,0.0,0.0,0.0,0.0,0.0,0.0,0.0,47.03955031761629,1.442716937347285,False,False,False,False,False,0.0,1,0.9556759368687016,0.9744569741920837,False,False,False,False,-0.02995494477401154,0.05329312890346685,False,False,False,False,-1305573,-965349.5128963292,False,False,False,False,291456.2546599028,False,False,False,False
2024-11-22 00:00:00+00:00,36.26,36.45,35.13,35.67,283551,40.38719374184941,41.886961994395904,,,39.53515536676246,39.99418458179933,"rgba(239, 83, 80, 1.0)",0.0,0.0,2.758856350077017,38.128538244883046,-0.6772872552175054,0.0,0.0,0.0,0.0,0.0,0.0,0.0,0.0,45.08361448150716,-0.45520838752715065,False,True,False,True,False,0.0,1,0.9656169346107253,1.010827007824708,False,False,False,False,-0.2067343969614147,-0.07672063402897393,False,False,False,False,-1022022,-969547.4749040086,False,False,False,False,290870.6802406507,False,False,False,False
2024-11-29 00:00:00+00:00,36.38,38.025,36.38,36.47,221434,40.36582787872548,41.86588747608562,,,39.41646867204559,39.97397211851281,"rgba(239, 83, 80, 1.0)",0.0,0.0,2.7314625195113726,38.09344392478035,-0.6272990797204369,0.0,0.0,0.0,0.0,0.0,0.0,0.0,0.0,43.82313444829024,-1.6720475139347997,False,True,False,True,False,0.0,1,0.9892997335193907,0.9823372313573506,False,False,False,False,-0.0921976996963602,-0.08445916686266706,False,False,False,False,-800588,-957031.9582444524,False,False,False,False,285727.222445047,False,False,False,False
2024-12-06 00:00:00+00:00,36.18,37.52,35.78,36.43,337941,40.32966193634515,41.831264403073256,,,39.226552605719306,39.93930036059398,"rgba(239, 83, 80, 1.0)",0.0,0.0,2.7386860004405253,37.89131345419943,-0.6248666162985306,0.0,0.0,0.0,0.0,0.0,0.0,0.0,0.0,42.75921972945502,-2.714754609148109,False,True,False,True,False,0.0,1,0.9856667729470577,0.9802552484474774,False,False,False,False,-0.13655001762148064,-0.11050459224207385,False,False,False,False,-1138529,-970476.1835596781,False,False,False,False,289594.90967133985,False,False,False,False
2024-12-13 00:00:00+00:00,36.35,37.86,35.89,36.39,328154,40.29704139048521,41.79935367139047,,,39.07661569404297,39.90826732410652,"rgba(239, 83, 80, 1.0)",0.0,0.0,2.744169038472597,37.771885127688144,-0.5181477918282916,0.0,0.0,0.0,0.0,0.0,0.0,0.0,0.0,42.215898785936666,-3.2828447526916023,False,True,False,True,False,0.0,1,1.0144985691816069,0.9548933403238891,False,False,False,False,-0.11843325257838258,-0.11446892241022821,False,False,False,False,-810375,-958616.8366293316,False,False,False,False,292451.1385845739,False,False,False,False
2024-12-20 00:00:00+00:00,36.41,38.29,35.77,36.5,491732,40.25088206498244,41.75341093138574,,,38.89260288604938,39.86460775640006,"rgba(239, 83, 80, 1.0)",0.0,0.0,2.71092209969791,37.26680822819638,-0.31605785658387725,0.0,0.0,0.0,0.0,0.0,0.0,0.0,0.0,41.90830476881894,-3.6629132729763825,False,True,False,True,False,0.0,1,1.013303274608197,0.9322677362690179,False,False,False,False,-0.21165351177348216,-0.16306121709185517,False,False,False,False,-318643,-911211.367249381,False,False,False,False,307212.68387460546,False,False,False,False
2024-12-27 00:00:00+00:00,37.0,37.31,36.0725,36.2,204678,40.23186791291223,41.73442520939948,,,38.8236180278115,39.84662624592061,"rgba(239, 83, 80, 1.0)",0.0,0.0,2.6701561313461903,37.24003872287929,-0.08989688657579455,0.0,0.0,0.0,0.0,0.0,0.0,0.0,0.0,42.492266204369166,-3.6629132729763825,False,True,False,True,False,0.0,1,1.0158492350153732,1.023793040458914,False,False,False,False,-0.24660788906183528,-0.20483455307684523,False,False,False,False,-113965,-852156.0807864639,False,False,False,False,299617.5221061162,False,False,False,False
2025-01-03 00:00:00+00:00,37.06,38.125,36.01,36.89,315109,40.205274711466885,41.70706543461229,,,38.738899755349465,39.82177113209667,"rgba(239, 83, 80, 1.0)",0.0,0.0,2.5703279280390543,37.247965597572666,-0.07312903366227887,0.0,0.0,0.0,0.0,0.0,0.0,0.0,0.0,42.99233202234929,-3.6629132729763825,False,True,False,True,False,0.0,1,0.9771845767738988,1.0000776034803607,False,False,False,False,-0.20781663296080002,-0.20632559301882264,False,False,False,False,201144,-774133.8525800592,False,False,False,False,300765.0389871446,False,False,False,False
2025-01-10 00:00:00+00:00,31.25,37.52,30.17,37.06,550455,40.10081913215407,41.61864437726059,,,38.29189127621298,39.7166185477087,"rgba(239, 83, 80, 1.0)",0.0,0.0,2.5449308385441114,36.402250056237115,-2.0245147640965295,0.0,0.0,0.0,0.0,-1.0,36.01,33.49,160.0,38.93082157530884,-6.773765147989543,False,True,False,True,False,0.0,0,0.8727932376364145,1.0280752126263204,False,False,False,False,-0.34282825441539394,-0.2745769237171083,False,False,False,False,-349311,-742665.4931296845,False,False,False,False,319260.5916547635,False,False,False,False
2025-01-17 00:00:00+00:00,33.16,33.49,28.987,30.67,855885,39.92006654247181,41.467589143937104,,,37.60127251363227,39.53369365144556,"rgba(239, 83, 80, 1.0)",0.0,0.0,2.5026804513243976,34.18834991453835,-0.4108994074709613,0.0,0.0,0.0,0.0,0.0,0.0,0.0,0.0,38.26057835708802,-7.420263433373179,False,True,False,True,False,0.0,0,0.8279435018260746,1.1122443109672513,False,False,False,False,-0.34282825441539394,-0.30870258906625114,False,False,False,False,506574,-650129.2343793375,False,False,False,False,359010.54782848473,False,False,False,False
2025-01-24 00:00:00+00:00,35.12,35.24,33.15,33.24,488080,39.85299801556111,41.40653448611526,,,37.42202687783712,39.46762107565113,"rgba(239, 83, 80, 1.0)",0.0,0.0,2.4521403190160194,34.39518498058194,0.29558464244367105,0.0,0.0,0.0,0.0,1.0,34.75,33.49,163.0,39.730787002813365,-7.420263433373179,False,True,False,True,False,0.0,0,0.8820953848110746,1.0969535937135626,False,False,False,False,-0.1584801180441595,-0.23359135355520533,False,False,False,False,994654,-528293.4392401273,False,False,False,False,368571.2479893378,False,False,False,False
2025-01-31 00:00:00+00:00,37.91,38.435,34.75,35.13,596829,39.810918748473554,41.36013245604663,,,37.39623330339671,39.42911490872521,"rgba(239, 83, 80, 0.75)",0.0,0.0,2.371463895784383,34.94285526998098,1.251186971597392,0.0,0.0,0.0,0.0,1.0,36.3,35.24,163.0,43.05978385334046,-11.428358103799425,False,True,False,True,True,0.0,0,0.9029289888436337,1.0711174074729946,False,False,False,False,0.020197480147142746,-0.1066969367040313,False,False,False,False,1591483,-371272.9622593772,False,False,False,False,385479.2296197572,False,False,False,False
2025-02-07 00:00:00+00:00,37.77,38.86,36.3,37.29,746597,39.771218019198585,41.31146338097617,,,37.41509861639411,39.394487355739116,"rgba(239, 83, 80, 0.75)",0.0,0.0,2.350952523077741,35.45660540844923,0.9840243768607471,0.0,0.0,0.0,0.0,0.0,0.0,0.0,0.0,45.32723866071557,-9.320348660158565,False,True,False,True,True,0.0,0,0.9713579893308508,1.02119508789517,False,False,False,False,0.08498923091133594,-0.01085385289634768,False,False,False,False,844886,-281187.113203127,False,False,False,False,412228.6940923678,False,False,False,False
2025-02-14 00:00:00+00:00,34.67,39.22,34.65,37.92,689177,39.7115107333449,41.25017871751749,,36.18,37.33378546109691,39.33796179606096,"rgba(239, 83, 80, 0.75)",0.0,0.0,2.375552563506395,35.62016927933693,-0.3999782172508295,-1.0,39.22,34.65,0.0,-1.0,36.3,34.75,0.0,44.74092132417487,-9.320348660158565,False,True,False,True,True,0.0,1,0.9595200834637453,1.0040340810293862,False,False,False,False,0.04262278570516753,0.015884466404409926,False,False,False,False,155709,-248824.43815104352,False,False,False,False,432743.38341885904,False,False,False,False
2025-02-21 00:00:00+00:00,32.8,34.75,32.79,34.75,460304,39.6427067236161,41.18842485208452,,35.085450140831675,37.17006149972113,39.26957269357055,"rgba(239, 83, 80, 0.75)",0.0,0.0,2.4377457242739715,35.21138096432212,-0.989184778506912,0.0,0.0,0.0,0.0,-1.0,34.65,33.38,0.0,43.22009133207496,-9.320348660158565,False,True,False,True,True,0.0,1,0.9211012371493292,1.07318348144276,False,False,False,False,-0.16592563811108801,-0.07502058585333904,False,False,False,False,-304595,-252955.59088059585,False,False,False,False,434784.9105730176,False,False,False,False
2025-02-28 00:00:00+00:00,31.98,33.38,30.75,33.0,616299,39.53248448690553,41.09247419802993,,34.02135257129049,36.89602400920773,39.15887526612513,"rgba(239, 83, 80, 1.0)",0.0,0.0,2.5328673706131792,34.68491512144692,-1.0679260796794463,0.0,0.0,0.0,0.0,-1.0,32.79,32.1299,167.0,41.68112615383705,-9.320348660158565,False,True,False,True,False,0.0,1,0.8814005123825791,1.091135781383433,False,False,False,False,-0.283282350736296,-0.1791514682948175,False,False,False,False,-920894,-302432.5100746258,False,False,False,False,448230.39867872,False,False,False,False
2025-03-07 00:00:00+00:00,31.82,32.1299,30.415,32.08,470568,39.44408688258958,41.01593634572023,,33.481338636801304,36.68293116317798,39.069889379296846,"rgba(239, 83, 80, 1.0)",0.0,0.0,2.60023405044948,34.353858402562494,-0.9744732025659335,0.0,0.0,0.0,0.0,0.0,0.0,0.0,0.0,40.49179330409452,-4.60530782611189,False,True,False,True,False,0.0,1,0.8814319594826727,1.1246786098212407,False,False,False,False,-0.3403383167194998,-0.25974489250715865,False,False,False,False,-1391462,-383101.3611802091,False,False,False,False,449885.0358136296,False,False,False,False
2025-03-14 00:00:00+00:00,30.6,32.55,29.32,31.76,487537,39.347438066679835,40.93275555082086,,33.005593173377974,36.45444247622165,38.97236766013388,"rgba(239, 83, 80, 1.0)",0.0,0.0,2.7352892825913746,34.026983808758985,-1.2528780157074673,0.0,0.0,0.0,0.0,0.0,0.0,0.0,0.0,38.959054549294144,-6.101694109108287,False,True,False,True,False,0.0,1,0.8915857338367933,1.0926124402965796,False,False,False,False,-0.34282825441539394,-0.3012865734612763,False,False,False,False,-1878999,-493908.5936853788,False,False,False,False,452674.07019780524,False,False,False,False
2025-03-21 00:00:00+00:00,28.49,30.884,27.97,30.51,898724,39.14024299801908,40.75760189865612,,32.0403029546937,35.962230960729975,38.762058868948195,"rgba(239, 83, 80, 1.0)",0.0,0.0,2.9529149013160163,33.32161793621628,-1.6362198362245344,0.0,0.0,0.0,0.0,0.0,0.0,0.0,0.0,36.80410989451843,-8.188133669063497,False,True,False,True,False,0.0,1,0.8442620246761529,1.1483978094965799,False,False,False,False,-0.34282825441539394,-0.3220574139383351,False,False,False,False,-2777723,-663080.0311901656,False,False,False,False,485714.8057387085,False,False,False,False
2025-03-28 00:00:00+00:00,28.03,29.52,27.14,28.88,973455,38.90609623234883,40.55967127912226,,31.233273622038336,35.43861784270094,38.52417613465896,"rgba(239, 83, 80, 1.0)",0.0,0.0,3.1751815327262025,32.653148459949946,-1.456026501886499,0.0,0.0,0.0,0.0,0.0,0.0,0.0,0.0,35.048726008296214,-9.873316980105024,False,True,False,True,False,0.0,0,0.815021298937489,1.16183944877159,False,False,False,False,-0.34282825441539394,-0.3324428341768645,False,False,False,False,-3751178,-891828.0288797829,False,False,False,False,521843.70901732275,False,False,False,False
2025-04-04 00:00:00+00:00,20.65,28.39,19.5385,27.58,1679537,38.33314193878869,40.08997619399609,,28.9922033838512,34.12266631349094,37.93662994086382,"rgba(239, 83, 80, 1.0)",0.0,0.0,3.7553106516092405,30.83869013807714,-2.7131417566509564,0.0,0.0,0.0,0.0,-1.0,27.14,21.71,175.0,31.23047187201804,-13.508356106238999,False,True,False,True,False,0.0,0,0.7418652593994148,1.1586368039840922,False,False,False,False,-0.34282825441539394,-0.3376355442961292,False,False,False,False,-5430715,-1228041.8785923915,False,False,False,False,607598.7676086321,False,False,False,False
2025-04-11 00:00:00+00:00,20.21,21.71,18.94,20.21,1277863,37.85585080422305,39.69806285934292,,27.51943760830351,33.10258637819434,37.44691989965544,"rgba(239, 83, 80, 1.0)",-1.0,19.015,4.264510039133873,26.904731349211445,-1.5698711663887073,0.0,0.0,0.0,0.0,0.0,0.0,0.0,0.0,28.389416001146767,-16.135973554870077,False,True,False,True,False,0.0,0,0.7451005755637468,1.2327158605832527,True,False,False,False,-0.34282825441539394,-0.3402318993557616,False,False,False,False,-6708578,-1634007.5172151772,False,False,False,False,657247.9700079927,True,False,False,False
2025-04-18 00:00:00+00:00,20.37,21.0,19.35,20.35,545781,37.65908463821264,39.534971659783125,,27.028900683281794,32.709921989075596,37.24540080993586,"rgba(239, 83, 80, 1.0)",0.0,0.0,4.704393028411364,26.550157822681626,-1.313699298795325,0.0,0.0,0.0,0.0,0.0,0.0,0.0,0.0,26.519791442552297,-17.825480016576,False,True,False,True,False,0.0,0,0.7411380004332518,1.2531498507217032,False,False,False,False,-0.34282825441539394,-0.3415300768855778,False,False,False,False,-6162797,-1969473.4048288679,False,False,False,False,648991.157414808,False,False,False,False
2025-04-25 00:00:00+00:00,20.78,21.4415,19.4,20.12,477330,37.49347219374622,39.39674669305231,,26.66778819978449,32.39346085483977,37.07603272976242,"rgba(239, 83, 80, 1.0)",0.0,0.0,5.074117108663545,26.297023335296295,-1.0872873481529488,0.0,0.0,0.0,0.0,0.0,0.0,0.0,0.0,25.611371217547557,-18.634673226046623,False,True,False,True,False,0.0,0,0.7598905683074952,1.2353618133840392,False,False,False,False,-0.33370324816659847,-0.33761666252608813,False,False,False,False,-5685467,-2244732.189656359,False,False,False,False,636275.5161248222,False,False,False,False
2025-05-02 00:00:00+00:00,21.19,21.27,20.06,20.7,426707,37.350681093820974,39.276808896152296,,26.39158247620886,32.130982674138956,36.93019829031514,"rgba(239, 83, 80, 1.0)",0.0,0.0,5.383782286804636,26.106640886061495,-0.9132317438080508,0.0,0.0,0.0,0.0,0.0,0.0,0.0,0.0,25.402267144923414,-18.846276791499662,False,True,False,True,False,0.0,0,0.7648352132642243,1.2397554580020906,False,False,False,False,-0.32451045795334515,-0.3310635602397166,False,False,False,False,-5258760,-2467993.508941073,False,False,False,False,620751.9223377984,False,False,False,False
2025-05-09 00:00:00+00:00,21.1,21.79,20.1,20.92,326036,37.24423724636571,39.18697709094185,,26.203043853034057,31.94100334764455,36.82159133999019,"rgba(239, 83, 80, 1.0)",0.0,0.0,5.6742257478741065,25.97559637982467,-0.8592531556664534,0.0,0.0,0.0,0.0,1.0,21.62,21.27,181.0,25.21949729978711,-19.11083158592059,False,True,False,True,False,0.0,0,0.7914366007374589,1.2974702329225347,False,False,False,False,-0.31113078948734474,-0.3210971748635307,False,False,False,False,-5584796,-2698867.7675380306,False,False,False,False,598921.1132757392,False,False,False,False
2025-05-16 00:00:00+00:00,23.62,23.81,21.62,22.0,525272,37.09659342481602,39.05995982194917,,26.03320272139514,31.702244105283857,36.67163837013524,"rgba(239, 83, 80, 1.0)",0.0,0.0,5.854856587283523,25.916300713457733,-0.3922044339130682,0.0,0.0,0.0,0.0,1.0,22.65,21.79,179.0,27.74539525213924,-19.11083158592059,False,True,False,True,False,0.0,0,0.7972051480375089,1.2145471142729858,False,False,False,False,-0.2380815221837917,-0.2795893485236612,False,False,False,False,-5059524,-2873731.192164843,False,False,False,False,593465.6234034623,False,False,False,False
2025-05-23 00:00:00+00:00,22.87,24.045,22.65,23.37,362569,36.997678001014776,38.97436964413479,,25.9322488800034,31.54787055245208,36.57129706422621,"rgba(239, 83, 80, 0.75)",0.0,0.0,6.040377268809385,24.505654626581382,-0.2707868323105229,0.0,0.0,0.0,0.0,0.0,0.0,0.0,0.0,29.180670722433664,-19.11083158592059,False,True,False,True,True,0.0,0,0.8208932403579952,1.1606090721942217,False,False,False,False,-0.21285581482266375,-0.24622258167316247,False,False,False,False,-5422093,-3062498.733485966,False,False,False,False,576362.1698180207,False,False,False,False
2025-05-30 00:00:00+00:00,23.38,23.86,23.175,23.23,235159,36.93557205242178,38.920335969081584,,25.876890054075407,31.453996747037227,36.50837221529129,"rgba(239, 83, 80, 0.75)",0.0,0.0,6.183120737463696,24.534071051252575,-0.18664863589999592,0.0,0.0,0.0,0.0,0.0,0.0,0.0,0.0,30.72218357062269,-19.11083158592059,False,True,False,True,True,0.0,0,0.8064224158151369,1.1840573751265913,False,False,False,False,-0.2061223008583015,-0.226172441265732,False,False,False,False,-5186934,-3219864.308783302,False,False,False,False,551087.8609426117,False,False,False,False
2025-06-06 00:00:00+00:00,22.71,23.492,22.25,23.27,335310,36.84373989730575,38.8407024663133,,25.781790374698993,31.313188162434177,36.41523570552285,"rgba(239, 83, 80, 0.75)",0.0,0.0,6.3028184514891405,24.46630026008034,-0.27865315709123545,0.0,0.0,0.0,0.0,0.0,0.0,0.0,0.0,31.463134017867908,-24.092751262612868,False,True,False,True,True,0.0,0,0.8005679402718001,1.1834274806402942,False,False,False,False,-0.2318333423957565,-0.22900289183074424,False,False,False,False,-5522244,-3390410.9525771313,False,False,False,False,535104.3156876034,False,False,False,False
2025-06-13 00:00:00+00:00,22.64,23.3269,22.1,22.78,388632,36.73782735002616,38.74865367631703,,25.67424364052316,31.153245199708607,36.30785720466977,"rgba(239, 83, 80, 0.75)",0.0,0.0,6.450495051886631,24.399764326957627,-0.2728107397653042,0.0,0.0,0.0,0.0,0.0,0.0,0.0,0.0,31.953698726161775,-23.49488151662253,False,True,False,True,True,0.0,0,0.7948377442399452,1.1924313868070069,False,False,False,False,-0.23814369432737695,-0.2335732930790606,False,False,False,False,-5910876,-3577112.067201047,False,False,False,False,524254.51452555874,False,False,False,False
2025-06-20 00:00:00+00:00,22.27,23.6,21.48,22.88,344647,36.64364395336581,38.66669457943114,,25.57779065309991,31.01242085161979,36.21238117372507,"rgba(239, 83, 80, 0.75)",0.0,0.0,6.590818505813679,24.33352290059754,-0.31309053629338035,0.0,0.0,0.0,0.0,0.0,0.0,0.0,0.0,32.09081472773244,-23.197974560607893,False,True,False,True,True,0.0,0,0.786620701532971,1.1957329787128914,False,False,False,False,-0.2451125043309492,-0.23934289870500491,False,False,False,False,-6255523,-3775512.8770380067,False,False,False,False,510950.2541903322,False,False,False,False
2025-06-27 00:00:00+00:00,23.38,24.06,22.255,22.32,396991,36.54257402110649,38.57780503082688,,25.499640117871454,30.870055452939827,36.110176665519205,"rgba(239, 83, 80, 0.75)",0.0,0.0,6.686184896371616,24.333090044864697,-0.14254616939802403,0.0,0.0,0.0,0.0,0.0,0.0,0.0,0.0,33.49065995310745,-21.6697060888691,False,True,False,True,True,0.0,0,0.7949338830706492,1.1740103467882663,False,False,False,False,-0.2204041061382912,-0.22987350242164806,False,False,False,False,-5858532,-3929810.589850006,False,False,False,False,502508.82795401127,False,False,False,False
2025-07-04 00:00:00+00:00,22.1,24.7,21.14,23.39,1287064,36.21117389564946,38.285809826617246,22.64666666666667,25.221565904405225,30.40955949152254,35.77505511658851,"rgba(239, 83, 80, 0.75)",0.0,0.0,6.7881425818636965,23.127292835124905,-0.15133636672122738,-1.0,24.7,21.14,0.0,0.0,0.0,0.0,0.0,33.677665999312694,-21.313972168412548,False,True,False,True,True,0.0,0,0.7845537606659274,1.172960982198746,False,False,False,False,-0.22987445947020582,-0.22987398094592693,False,False,False,False,-7145596,-4168016.9165277835,False,False,False,False,560624.0258833438,False,False,False,False
2025-07-11 00:00:00+00:00,19.87,22.63,19.8,21.95,744468,36.00102084507547,38.10202584952087,21.957728545091424,24.983812109037192,30.10701856477337,35.56203736312391,"rgba(239, 83, 80, 0.75)",0.0,0.0,6.960761064322922,22.776420447285126,-0.4175434870450958,0.0,0.0,0.0,0.0,-1.0,21.14,20.485,186.0,32.586441957302064,-21.313972168412548,False,True,False,True,True,0.0,0,0.8361598623128168,1.205842924213509,False,False,False,False,-0.29918113132045604,-0.26452755613319145,False,False,False,False,-7890064,-4443724.107896095,False,False,False,False,574242.0980401331,False,False,False,False
2025-07-18 00:00:00+00:00,19.33,20.485,19.17,19.61,602733,35.82298098095888,37.94672633400294,21.43237810989656,24.763375278518158,29.84826583183512,35.38140071420409,"rgba(239, 83, 80, 0.75)",0.0,0.0,7.138509067845404,22.463049359113185,-0.4388940784884128,0.0,0.0,0.0,0.0,0.0,0.0,0.0,0.0,31.5378840259032,-21.313972168412548,False,True,False,True,True,0.0,0,0.8366308058850982,1.186979588829121,False,False,False,False,-0.34282825441539394,-0.3036779052742927,False,False,False,False,-8492797,-4743655.433237125,False,False,False,False,576352.5352223455,False,False,False,False
2025-07-25 00:00:00+00:00,20.36,20.895,19.255,19.49,686814,35.6310105180329,37.777752746337065,21.171312667258643,24.55635387225577,29.58257028758772,35.18700083420514,"rgba(239, 83, 80, 0.75)",0.0,0.0,7.278783558403794,22.25792875054079,-0.26074806804078077,0.0,0.0,0.0,0.0,0.0,0.0,0.0,0.0,32.018928454824064,-21.313972168412548,False,True,False,True,True,0.0,0,0.7724560524835062,1.208994169186345,False,False,False,False,-0.33253693347352753,-0.3181074193739101,False,False,False,False,-7805983,-4970494.512256597,False,False,False,False,584534.8659466162,False,False,False,False
2025-08-01 00:00:00+00:00,18.62,20.8,18.58,20.52,657823,35.44179302503395,37.611347899264594,20.867443640230395,24.340220874421263,29.319981375565405,34.99529171766105,"rgba(239, 83, 80, 0.75)",0.0,0.0,7.472185897720249,22.023146120695053,-0.4554418435619148,0.0,0.0,0.0,0.0,0.0,0.0,0.0,0.0,31.424834552359506,-21.313972168412548,False,True,False,True,True,0.0,0,0.7312015031838269,1.2658724761094367,False,False,False,False,-0.34282825441539394,-0.33046783689465203,False,False,False,False,-8463806,-5229258.326163515,False,False,False,False,589963.6166172372,False,False,False,False
2025-08-08 00:00:00+00:00,18.85,19.86,18.4,18.66,626383,35.26241419161375,37.45313631722991,20.618432433968074,24.139166622627528,29.07508572056747,34.813628375324754,"rgba(239, 83, 80, 0.75)",0.0,0.0,7.641259959310704,21.816251897113688,-0.3881888475079787,0.0,0.0,0.0,0.0,0.0,0.0,0.0,0.0,31.27668138287391,-21.313972168412548,False,True,False,True,True,0.0,0,0.69859543056186,1.2925515647283417,False,False,False,False,-0.34282825441539394,-0.336648045655023,False,False,False,False,-7837423,-5422455.709410663,False,False,False,False,592661.3487196642,False,False,False,False
2025-08-15 00:00:00+00:00,19.35,20.57,18.32,18.75,628042,35.09054064360846,37.300378224864616,20.473810695376,23.966116488268327,28.849763304449823,34.639839957084796,"rgba(239, 83, 80, 0.75)",0.0,0.0,7.7712684785538695,21.670050426320522,-0.2985420504674484,0.0,0.0,0.0,0.0,0.0,0.0,0.0,0.0,31.78554802769962,-21.313972168412548,False,True,False,True,True,0.0,0,0.7131549113965535,1.2980480154098764,False,False,False,False,-0.32697401568889767,-0.3318110306719603,False,False,False,False,-7209381,-5554820.545750613,False,False,False,False,595282.1377033928,False,False,False,False
2025-08-22 00:00:00+00:00,19.97,20.27,18.88,19.46,564242,34.942105528973435,37.167542411238756,20.399149250027612,23.830451959286947,28.662128581658337,34.48996131677189,"rgba(239, 83, 80, 0.75)",0.0,0.0,7.880929821210567,21.574371263968153,-0.20357639268023725,0.0,0.0,0.0,0.0,0.0,0.0,0.0,0.0,32.908823502830636,-21.01756084579271,False,True,False,True,True,0.0,0,0.7512484004605323,1.230519381860294,False,False,False,False,-0.31755466242492975,-0.32468284654844504,False,False,False,False,-6645139,-5635584.8756950125,False,False,False,False,592982.8682438822,False,False,False,False
2025-08-29 00:00:00+00:00,19.56,20.065,19.09,19.92,1123452,34.65238316123596,36.90694053909067,20.26482846654176,23.576480866011117,28.305265003279537,34.19767890407214,"rgba(239, 83, 80, 0.75)",0.0,0.0,7.983998411236677,21.398582670966704,-0.23028344649706897,0.0,0.0,0.0,0.0,0.0,0.0,0.0,0.0,33.43179687864493,-20.358249017546058,False,True,False,True,True,0.0,0,0.7831742525286206,1.2169125819717685,False,False,False,False,-0.31576901002999147,-0.32022592828921825,False,False,False,False,-7768591,-5793585.329347234,False,False,False,False,632276.8780035946,False,False,False,False
