date,Close,High,Low,Open,Volume,aVWAP_peak_140,aVWAP_valley_134,aVWAP_valley_123,aVWAP_valley_111,aVWAP_valley_80,aVWAP_valley_74,aVWAP_valley_59,aVWAP_valley_48,aVWAP_OB_bull_134,aVWAP_OB_bull_80,aVWAP_OB_bull_48,Peaks_avg,Valleys_avg,color,StDev,StDev_Mean,StdDev_ZScore,QQEMOD,QQE1_Value,QQE1_Above_Upper,QQE1_Below_Lower,QQE2_Above_Threshold,QQE2_Below_Threshold,QQE2_Above_TL,banker_RSI,OB,OB_High,OB_Low,OB_Mitigated_Index,TTM_squeeze_Active,VI_plus,VI_minus,VI_Regular_Bullish,VI_Regular_Bearish,VI_Hidden_Bullish,VI_Hidden_Bearish,Fisher,Fisher_Signal,Fisher_Regular_Bullish,Fisher_Regular_Bearish,Fisher_Hidden_Bullish,Fisher_Hidden_Bearish,OBV,OBV_Smoothed,OBV_Regular_Bullish,OBV_Regular_Bearish,OBV_Hidden_Bullish,OBV_Hidden_Bearish,Volume_MA,Vol_Regular_Bullish,Vol_Regular_Bearish,Vol_Hidden_Bullish,Vol_Hidden_Bearish
2022-12-02 00:00:00+00:00,30.0003476186,33.1721505022,28.1736072759,29.5822876397,46200,,,,,,,,,,,,,,#000000,,,,,,False,False,False,False,False,,0.0,0.0,0.0,0.0,0,,,False,False,False,False,,,False,False,False,False,0,0.0,False,False,False,False,46200.0,False,False,False,False
2022-12-09 00:00:00+00:00,29.082433317,32.835884867,28.5189611715,29.6277289417,106000,,,,,,,,,,,,,,#000000,,,,0.0,,False,False,False,True,False,,0.0,0.0,0.0,0.0,0,,,False,False,False,False,,,False,False,False,False,-106000,-7851.851851851851,False,False,False,False,50629.629629629635,False,False,False,False
2022-12-16 00:00:00+00:00,24.6382739758,30.5729080245,24.3201848614,29.2096689628,17833086,,,,,,,,,,,,,,#000000,,,,0.0,-50.0,False,False,False,True,True,,1.0,30.572908,24.320185,0.0,0,,,False,False,False,False,,,False,False,False,False,-17939086,-1336091.4183813443,False,False,False,False,1367848.6200274348,False,False,False,False
2022-12-23 00:00:00+00:00,25.483482194,26.9012508182,24.6291857154,24.6473622362,15499895,,,,,,,,,,,,,,#000000,,,,4.168837417031873,-46.05914587921206,False,False,False,True,True,,0.0,0.0,0.0,0.0,0,,,False,False,False,False,,,False,False,False,False,-2439191,-1417802.4985012447,False,False,False,False,2414666.870395773,False,False,False,False
2022-12-30 00:00:00+00:00,26.0560426,27.1466338494,25.3380700275,25.592541319,4896448,,,,,,,,,,,,,,#000000,,,,9.483387120357502,-41.20622308497,False,False,False,True,True,,0.0,0.0,0.0,0.0,0,,,False,False,False,False,,,False,False,False,False,2457257,-1130761.0541678192,False,False,False,False,2598502.5096257157,False,False,False,False
2023-01-06 00:00:00+00:00,27.0648395057,27.2375164535,25.6834239231,26.3559551936,5260866,,,,,,,,,,,,,,#000000,,,,16.657698219089404,-34.766915067258864,False,False,False,True,True,,0.0,0.0,0.0,0.0,0,,,False,False,False,False,,,False,False,False,False,7718123,-475288.1612664992,False,False,False,False,2795714.6200238112,False,False,False,False
2023-01-13 00:00:00+00:00,28.9824624525,29.0915215774,27.2920460159,27.7191942553,7377656,,,,,,,,,,,,,,#000000,,,,26.22413434330005,-26.264120569898317,False,False,False,True,True,,0.0,0.0,0.0,0.0,0,,,False,False,False,False,,,False,False,False,False,15095779,678124.2210495376,False,False,False,False,3135117.6852072324,False,False,False,False
2023-01-20 00:00:00+00:00,29.082433317,29.5186698168,28.1145335832,29.5095815564,4755524,,,,,,,,,,,,,,#000000,,,,33.24396080856121,-20.403662501994507,False,False,False,True,True,,0.0,0.0,0.0,0.0,0,,,False,False,False,False,,,False,False,False,False,19851303,2098359.6861569793,False,False,False,False,3255147.782599289,False,False,False,False
2023-01-27 00:00:00+00:00,29.5368463376,29.8458471916,28.4144461768,29.3187280877,7241797,,,,,,,,,,,,,,#000000,,,,39.10144491556139,-15.6971568720952,False,False,False,True,True,,0.0,0.0,0.0,0.0,0,,,False,False,False,False,,,False,False,False,False,27093100,3949821.9316268326,False,False,False,False,3550455.1320363786,False,False,False,False
2023-02-03 00:00:00+00:00,30.627437587,30.9091736597,28.6734615985,29.1824041815,8995124,,,,,,,,,,,,,,#000000,,,,45.051419028092624,-10.878811712441227,False,False,False,True,True,,0.0,0.0,0.0,0.0,0,,,False,False,False,False,0.21415864198204193,0.21415864198204193,False,False,False,False,36088224,6330444.307061882,False,False,False,False,3953763.937070721,False,False,False,False
2023-02-10 00:00:00+00:00,31.5180871073,32.526884013,29.9730828374,30.2548189101,10530476,,,,,,,,,,,,,,#000000,,,,50.50004025218742,-6.501905523264931,False,False,False,False,True,,0.0,0.0,0.0,0.0,0,,,False,False,False,False,0.34282824091148656,0.27849344144676424,False,False,False,False,46618700,9314759.543575816,False,False,False,False,4440927.793584,False,False,False,False
2023-02-17 00:00:00+00:00,31.8997940446,32.7086492212,31.4544692844,31.5089988469,10738351,,,,,,,,,,,,,,#000000,,32.02097085006666,,54.86208658740584,-3.089535017871796,False,False,True,False,True,,0.0,0.0,0.0,0.0,0,,,False,False,False,False,0.34282824268933915,0.31066084206805167,False,False,False,False,57357051,12873447.799607236,False,False,False,False,4907403.586651852,False,False,False,False
2023-02-24 00:00:00+00:00,30.8546440973,31.8089114405,30.3229808632,31.5817049302,7108168,,,,,,,,,,,,,,#000000,,31.612536419058827,,55.74929398752945,-2.8536982420699815,False,False,True,False,True,,0.0,0.0,0.0,0.0,0,,,False,False,False,False,0.22773470296092943,0.26919777251449056,False,False,False,False,50248883,15641998.555191886,False,False,False,False,5070423.172825789,False,False,False,False
2023-03-03 00:00:00+00:00,31.4521524563,31.6540040765,30.4704195762,31.1952503942,6845139,,,,,,,,,,,,,,#000000,,31.496006547811415,,57.19635083994268,-1.850061191931971,False,False,True,False,True,,0.0,0.0,0.0,0.0,0,,,False,False,False,False,0.21818149688309027,0.2436896346987904,False,False,False,False,57094022,18712518.810362857,False,False,False,False,5201883.604468323,False,False,False,False
2023-03-10 00:00:00+00:00,29.0299330139,31.8375055494,28.8097312464,31.3695767935,14522510,,,,,,,,,,,,,,#000000,,30.902125829164827,,54.28055817779534,-1.850061191931971,False,False,True,False,True,,0.0,0.0,0.0,0.0,0,,,False,False,False,False,0.12422653106292764,0.18395808288085902,False,False,False,False,42571512,20479851.639224865,False,False,False,False,5892300.374507707,False,False,False,False
2023-03-17 00:00:00+00:00,28.1858262385,29.1767341922,27.6353218198,28.4702535215,10690240,,,,,,,,,,,,,,#000000,,29.342164915173164,,51.147548103335836,-1.850061191931971,False,False,False,False,False,,0.0,0.0,0.0,0.0,0,,,False,False,False,False,-0.30255384217745795,-0.05929787964829947,False,False,False,False,31881272,21324401.295578577,False,False,False,False,6247703.309729358,False,False,False,False
2023-03-24 00:00:00+00:00,28.4610784479,29.3602356651,28.0298499865,28.3876778587,7509986,,,,,,,,,,,,,,#000000,,29.287398010108284,,49.340559887625915,-1.850061191931971,False,False,False,False,False,,0.0,0.0,0.0,0.0,0,,,False,False,False,False,-0.285624662982251,-0.17246127131527522,False,False,False,False,39391258,22662686.97738757,False,False,False,False,6341205.731230888,False,False,False,False
2023-03-31 00:00:00+00:00,30.0208409676,30.0850664831,28.121600723,28.6629300681,9558803,,,,,,,,,,,,,,#000000,,29.40147438794871,,50.24217255720579,-1.850061191931971,False,False,False,False,False,,0.0,0.0,0.0,0.0,0,,,False,False,False,False,-0.2077247736464102,-0.1900930224808427,False,False,False,False,48950061,24609899.867951453,False,False,False,False,6579546.269658229,False,False,False,False
2023-04-07 00:00:00+00:00,29.0115828666,30.0758914095,28.8097312464,29.8189893474,5634393,,,,,,,,,,,,,,#000000,,29.41716529780821,,49.567292608594414,-1.850061191931971,False,False,False,False,False,,0.0,0.0,0.0,0.0,0,,,False,False,False,False,-0.14483337966145046,-0.1674632010711466,False,False,False,False,43315668,25995512.322177272,False,False,False,False,6509534.916350212,False,False,False,False
2023-04-14 00:00:00+00:00,30.7273216383,30.993398774,28.6996303627,28.9014819829,5200685,,,,,,,,,,,,,,#000000,,29.50869043896722,,51.141018835417555,-1.850061191931971,False,False,False,False,False,,0.0,0.0,0.0,0.0,1,,,False,False,False,False,-0.07145915628080644,-0.11946117867597653,False,False,False,False,48516353,27663722.74275673,False,False,False,False,6412583.070694641,False,False,False,False
2023-04-21 00:00:00+00:00,29.9474403784,30.8190723747,29.3051852233,30.7364967119,9672288,,,,,,,,,,,,,,#000000,,29.609878852289395,,51.27379289991449,-1.850061191931971,False,False,False,False,False,,0.0,0.0,0.0,0.0,0,,,False,False,False,False,-0.032632391273596933,-0.07604678497478673,False,False,False,False,38844065,28491896.24329327,False,False,False,False,6654042.695087631,False,False,False,False
2023-04-28 00:00:00+00:00,30.7823720802,30.8190723747,29.5070368435,29.9749655994,5008163,,,,,,,,,,,,,,#000000,,29.673588894797216,,52.3004553927127,-1.850061191931971,False,False,False,False,False,,0.0,0.0,0.0,0.0,0,,,False,False,False,False,0.10636670124731921,0.015159958136266243,False,False,False,False,43852228,29629698.59564192,False,False,False,False,6532125.680636696,False,False,False,False
2023-05-05 00:00:00+00:00,29.6813632427,31.1677251733,28.5895294789,30.8465975957,9011362,,,,,,,,,,,,,,#000000,,29.737013818569906,,51.67091340792428,-1.850061191931971,False,False,False,False,False,,0.0,0.0,0.0,0.0,0,,,False,False,False,False,0.035922165351041896,0.02554106174365407,False,False,False,False,34840866,30015710.99596474,False,False,False,False,6715772.815404348,False,False,False,False
2023-05-12 00:00:00+00:00,28.9473573511,30.8741228166,28.4335532269,29.6813632427,8091186,,,,,,,,,,,,,,#000000,,29.661078876244847,,50.384362164004436,-1.850061191931971,False,False,False,False,False,,0.0,0.0,0.0,0.0,1,,,False,False,False,False,0.09980372120076865,0.06267239147221136,False,False,False,False,26749680,29773782.774041425,False,False,False,False,6817655.273522545,False,False,False,False
2023-05-19 00:00:00+00:00,28.6262297735,29.2042594132,28.2593185784,28.9932327193,6399792,,,,,,,,,,,,,,#000000,,29.533862287966983,,49.10589916959005,-1.850061191931971,False,False,False,False,False,,0.0,0.0,0.0,0.0,1,,,False,False,False,False,-0.21069632888791007,-0.07401196870784935,False,False,False,False,20349888,29075716.494482804,False,False,False,False,6786702.438446801,False,False,False,False
2023-05-26 00:00:00+00:00,28.5069538161,29.2669251662,28.0298499865,28.6721051417,6752708,,,,,,,,,,,,,,#000000,,29.43282006390277,,48.054924960695956,5.940752773863224,False,False,False,False,False,,0.0,0.0,0.0,0.0,1,,,False,False,False,False,-0.34282825441539394,-0.20842011156162166,False,False,False,False,13597180,27929158.235632226,False,False,False,False,6784184.331895186,False,False,False,False
2023-06-02 00:00:00+00:00,29.3685262867,29.3777966548,27.9501599603,28.6454375713,5402052,,,,,,,,,,,,,,#000000,,29.272358774107424,,48.47651259218687,5.940752773863224,False,False,False,False,False,,0.0,0.0,0.0,0.0,1,0.9897335145382405,1.0679708201156972,False,False,False,False,-0.3352235225032583,-0.27182181703244,False,False,False,False,18999232,27267682.218177985,False,False,False,False,6681804.159162209,False,False,False,False
2023-06-09 00:00:00+00:00,29.516852177,30.1008853702,28.9328189838,29.3963373911,5754361,,,,,,,,,,,,,,#000000,,29.365708463930904,,48.97488653412786,5.940752773863224,False,False,False,False,False,,0.0,0.0,0.0,0.0,1,1.0019308544486758,1.0509276993657055,False,False,False,False,0.04846206263145103,-0.11167987720049449,False,False,False,False,24753593,27081453.38720184,False,False,False,False,6613104.665890934,False,False,False,False
2023-06-16 00:00:00+00:00,30.8332444538,31.6490368506,29.4241484956,29.5539336496,6566826,,,,,,,,,,,,,,#000000,,29.787517764935366,,50.96783892439373,5.940752773863224,False,False,False,False,False,,0.0,0.0,0.0,0.0,1,1.1050195008202892,0.9717989394147496,False,False,False,False,0.342828215189911,0.11557416899470827,False,False,False,False,31320419,27395450.840001702,False,False,False,False,6609676.61656568,False,False,False,False
2023-06-23 00:00:00+00:00,29.3407151822,30.3789964146,29.1738485556,30.3604556783,4000267,,,,,,,,,,,,,,#000000,,29.694230408563044,,50.43045385430379,5.940752773863224,False,False,False,False,False,,0.0,0.0,0.0,0.0,1,1.0839066080426225,0.9078925641464273,False,False,False,False,0.06438018433616659,0.08997717666543742,False,False,False,False,27320152,27389873.148149725,False,False,False,False,6416387.015338592,False,False,False,False
2023-06-30 00:00:00+00:00,30.2492112606,30.8239740856,29.0950504264,29.2109300282,7034780,,,,,,,,,,,,,,#000000,,29.72430743520956,,51.12413162581552,5.940752773863224,False,False,False,False,False,,0.0,0.0,0.0,0.0,1,1.0665042510960863,0.9032817180257402,False,False,False,False,0.1289990843652466,0.10948813051534201,False,False,False,False,34354932,27905803.433471967,False,False,False,False,6462193.903091289,False,False,False,False
2023-07-07 00:00:00+00:00,29.6002854903,30.4995112005,28.6500727554,30.2677519969,4743240,,,,,,,,,,,,,,#000000,,29.72682879709692,,50.809402108771565,5.940752773863224,False,False,False,False,False,,0.0,0.0,0.0,0.0,1,1.048574304589115,0.9131083349533639,False,False,False,False,-0.006186276205296129,0.05165092715502294,False,False,False,False,29611692,28032165.549511082,False,False,False,False,6334863.984343786,False,False,False,False
2023-07-14 00:00:00+00:00,30.6200259864,30.7498111404,29.1414022671,29.4612299681,6803750,,,,,,,,,,,,,,#000000,,29.85325660053212,,51.76753213564004,5.940752773863224,False,False,False,False,False,,0.0,0.0,0.0,0.0,1,1.0291407620072546,0.9507682233466105,False,False,False,False,0.12406031997435997,0.08785562356469145,False,False,False,False,36415442,28653148.99028804,False,False,False,False,6369596.281799802,False,False,False,False
2023-07-21 00:00:00+00:00,31.3431147018,31.3941017266,30.3697260465,30.6200259864,4775414,,,,,,,,,,,,,,#000000,,30.022840122261833,,53.22737533084298,5.940752773863224,False,False,False,False,True,,0.0,0.0,0.0,0.0,1,1.0385354784796492,0.9454537051919972,False,False,False,False,0.34282822125448725,0.21534192240958935,False,False,False,False,41190856,29581868.028044485,False,False,False,False,6251508.705370187,False,False,False,False
2023-07-28 00:00:00+00:00,31.3709258062,31.9734997357,31.0835443937,31.2967628611,3901692,,,,,,,,,,,,,,#000000,,30.166827354107472,,54.30011106181085,5.940752773863224,False,False,True,False,True,,0.0,0.0,0.0,0.0,1,1.0484538565088697,0.9390260686409195,False,False,False,False,0.34282822869931756,0.27908507555445344,False,False,False,False,45092548,30730807.285226375,False,False,False,False,6077448.208676099,False,False,False,False
2023-08-04 00:00:00+00:00,30.4995112005,31.7139294276,29.4612299681,31.4358183833,5089877,,,,,,,,,,,,,,#000000,,30.20000260177811,,53.83645236474004,5.940752773863224,False,False,False,False,True,,0.0,0.0,0.0,0.0,1,1.0055331255414524,0.9692171077689897,False,False,False,False,0.11369119418430876,0.19638813486938111,False,False,True,False,40002671,31417612.004839234,False,False,False,False,6004294.785811203,False,False,False,False
2023-08-11 00:00:00+00:00,32.5668032971,32.6595069785,30.0730742658,30.6014852501,6778628,,,,,,,,,,,,,,#000000,,30.396565407622994,,55.683273825214556,5.940752773863224,False,False,True,False,True,,0.0,0.0,0.0,0.0,1,0.9898565661841758,0.9845559576775478,False,False,False,False,0.28418522860251794,0.24028668173594953,False,False,False,False,46781299,32555662.89336966,False,False,False,False,6061652.801677039,False,False,False,False
2023-08-18 00:00:00+00:00,31.1298962344,32.9561587592,30.592214882,32.372125566,4081449,,,,,,,,,,,,,,#000000,,30.861284418796473,,55.15701013994338,5.940752773863224,False,False,True,False,True,,0.0,0.0,0.0,0.0,1,0.9687207686655693,0.9823835163862237,False,False,False,False,0.34282822073987756,0.29155745123791355,False,False,False,False,42699850,33307084.16052746,False,False,False,False,5914971.038589851,False,False,False,False
2023-08-25 00:00:00+00:00,30.8054333493,31.2365054681,30.0777094499,31.2040591796,3535469,,,,,,,,,,,,,,#000000,,30.76409232968426,,54.39252761594984,5.940752773863224,False,False,True,False,True,,0.0,0.0,0.0,0.0,1,0.9843073390632078,1.0026506945247526,False,False,False,False,-0.005216078932108892,0.14317068615290232,False,False,False,False,39164381,33740958.00048839,False,False,False,False,5738711.628323936,False,False,False,False
2023-09-01 00:00:00+00:00,32.6436256422,32.9336664548,30.8239740856,31.0093814485,3857477,,,,,,,,,,,,,,#000000,,30.920722130490997,,55.651418031870435,5.940752773863224,False,False,True,False,True,,0.0,0.0,0.0,0.0,1,0.9973806678401775,0.9615022441466943,False,False,False,False,0.34282822226919246,0.2429994542110474,False,False,False,False,43021858,34428432.07452629,False,False,False,False,5599360.915114756,False,False,False,False
2023-09-08 00:00:00+00:00,32.7278310394,32.8307487471,31.6050924103,32.6155571765,2979420,,,,,,,,,,,,,,#000000,,31.027747790512205,,56.626938698554056,2.1393924905763697,False,False,True,False,True,,0.0,0.0,0.0,0.0,1,1.0531253189214786,0.9664667432910508,False,False,False,False,0.3428282263933907,0.29291384030221906,False,False,False,False,46001278,35285679.920857675,False,False,False,False,5405291.217698848,False,False,False,False
2023-09-15 00:00:00+00:00,33.7289396504,33.8131450476,32.4845710031,33.0459403177,5346421,,,,,,,,,,,,,,#000000,,31.293877690640624,,58.21585411131702,3.798010248429584,False,False,True,False,True,,0.0,0.0,0.0,0.0,0,1.1005946208277104,0.8825630871268813,False,False,False,False,0.3428282312933372,0.31787103579777815,False,False,False,False,51347699,36475459.111905254,False,False,False,False,5400930.460832266,False,False,False,False
2023-09-22 00:00:00+00:00,31.9044893781,33.8926723672,31.8296401361,33.7195834952,6548314,,,,,,,,,,,,,,#000000,,31.834086810383013,,57.04745626123231,3.798010248429584,False,False,True,False,True,,-1.0,33.892673,31.82964,52.0,0,1.0752059225574937,0.8868582975103197,False,False,False,False,0.2616774985666117,0.2897742671821949,False,False,False,False,44799385,37092046.21472709,False,False,False,False,5485921.83410395,False,False,False,False
2023-09-29 00:00:00+00:00,31.1934215796,31.941913999,31.1279284929,31.7735032047,6660682,,,,,,,,,,,,,,#000000,,31.657542777342897,,55.418729113960666,3.798010248429584,False,False,True,False,False,,0.0,0.0,0.0,0.0,0,1.0587977111079228,0.9459344095547625,False,False,False,False,-0.08609752635016206,0.10183837041601643,False,False,False,False,38138703,37169576.34696953,False,False,False,False,5572941.105651806,False,False,False,False
2023-10-06 00:00:00+00:00,29.9209844666,31.1559969586,28.6438692759,31.0437230957,8708069,,,,,,,,,,,,,,#000000,,31.264588950536627,,52.94038193413101,7.325443068620785,False,False,False,False,False,,0.0,0.0,0.0,0.0,1,0.9847636291644549,0.9641597810174992,False,False,False,False,-0.34282825441539394,-0.12049494199968876,False,False,False,False,29430634,36596321.35830512,False,False,False,False,5805172.80152945,False,False,False,False
2023-10-13 00:00:00+00:00,30.3139429868,31.4460377712,29.4812451702,29.5654505673,5293670,,,,,,,,,,,,,,#000000,,31.17220529637577,,51.60840889988432,6.035729699731057,False,False,False,False,False,,0.0,0.0,0.0,0.0,1,1.0061621229763396,0.97813859980985,False,False,False,False,-0.2189173919227462,-0.16970616696121749,False,False,False,False,34724304,36457653.40583807,False,False,False,False,5767283.705119861,False,False,False,False
2023-10-20 00:00:00+00:00,28.4520680935,31.0109765524,28.2275203676,30.5946276441,7274111,,,,,,,,,,,,,,#000000,,30.93059622004391,,48.897320263949155,3.436081892364925,False,False,False,False,False,,0.0,0.0,0.0,0.0,1,0.9649576031035553,0.9845051831467576,False,False,False,False,-0.34282825441539394,-0.2562672106883057,False,False,False,False,27450193,35790434.11651673,False,False,False,False,5878900.54177765,False,False,False,False
2023-10-27 00:00:00+00:00,27.086069428,29.0368277961,26.9831517203,28.3023696096,7467774,,,,,,,,,,,,,,#000000,,30.575563155911983,,45.864036351398425,0.583084427710979,False,False,False,True,False,,0.0,0.0,0.0,0.0,1,0.9341196783838227,1.0276200073393928,False,False,False,False,-0.34282825441539394,-0.29954773255184985,False,False,False,False,19982419,34619470.033811785,True,False,False,False,5996594.872016342,False,False,False,False
2023-11-03 00:00:00+00:00,29.6215874988,29.977121398,26.5247001134,27.1422063595,10488455,,,,,,,,28.7078030034,,,28.7078030034,,28.7078030034,#000000,,29.88886640250715,,46.4032100389488,0.583084427710979,False,False,False,False,False,,1.0,29.977121,26.5247,0.0,1,0.9451288801129802,1.014498315366271,False,False,False,False,-0.30848454808473946,-0.30401614031829466,False,False,False,False,30470874,34312166.6238998,False,False,False,False,6329325.251866983,False,False,False,False
2023-11-10 00:00:00+00:00,29.050862029,30.2203814343,28.6204788878,29.630943654,7525640,,,,,,,,28.954048875698156,,,28.954048875698156,,28.954048875698156,#000000,,29.885059676056013,,46.30147552602845,0.583084427710979,False,False,False,False,False,0.0,0.0,0.0,0.0,0.0,1,0.9929854644512252,1.0031141984299827,False,False,False,False,-0.1499672248800428,-0.22699168259916874,False,False,False,False,22945234,33470171.61472204,False,False,False,False,6417941.159136096,False,False,False,False
2023-11-17 00:00:00+00:00,31.4086131502,31.595736255,28.8356704584,28.8824512346,7657405,,,,,,,,29.448989327309,,,29.448989327309,,29.448989327309,#000000,,30.0408534085076,,48.33150867961429,0.583084427710979,False,False,False,False,False,3.0007736325402163,0.0,0.0,0.0,0.0,1,1.0013806641024405,0.9394261958180072,False,False,False,False,-0.046747729660459515,-0.13686970612981414,False,False,False,False,30602639,33257761.7914093,False,False,False,False,6509753.295496386,False,False,False,False
2023-11-24 00:00:00+00:00,31.7828593599,32.0729001724,30.9314492328,31.2495585111,3857938,,,,,,,,29.729455774007068,,,29.729455774007068,,29.729455774007068,#000000,,30.156013974245013,,50.08335400149491,0.583084427710979,False,False,False,False,True,3.7850024632753865,0.0,0.0,0.0,0.0,1,1.0500208717558097,0.9306349350426102,False,False,False,False,0.14614249387834286,0.004636393874264358,False,False,False,False,34460577,33346859.21426787,False,False,False,False,6313322.532867024,False,False,False,False
2023-12-01 00:00:00+00:00,34.0408814183,34.0692016191,31.2963392873,31.6238047208,9440881,,,,,,,,30.554591790400682,,,30.554591790400682,,30.554591790400682,#000000,,30.5651537610972,,52.99780222635421,-2.023338273210314,False,False,False,False,True,8.260512501804314,0.0,0.0,0.0,0.0,1,1.057696717159181,0.8941749263961832,False,False,False,False,0.3428282385649261,0.17373231621959523,False,False,False,False,43901458,34128681.346544325,False,False,False,False,6544993.530432429,False,False,False,False
2023-12-08 00:00:00+00:00,33.8898403471,34.267443025,32.98359392,33.5783181378,6716924,,,,,,,,31.019031964965574,,,31.019031964965574,,31.019031964965574,#000000,,30.82986001427962,,54.92318849620156,-0.2167064163229071,False,False,True,False,True,7.904887727080968,0.0,0.0,0.0,0.0,1,1.071862188402957,0.9050763562114237,False,False,False,False,0.34282824122593947,0.2582802787227674,False,False,False,False,37184534,34355040.802355856,False,False,False,False,6557729.120770768,False,False,False,False
2023-12-15 00:00:00+00:00,35.8533742725,37.0145025072,33.6585587068,33.8898403471,11718231,,,,,,,,31.935534763704784,,,31.935534763704784,,31.935534763704784,#000000,,31.408538367694145,,57.589793678872645,2.293458306006599,False,False,True,False,True,11.502597808624937,0.0,0.0,0.0,0.0,0,1.0738930517481338,0.8834186596657839,False,False,False,False,0.3428282443061539,0.30055426151446063,False,False,False,False,48902765,35432650.002181344,False,False,False,False,6939988.519232193,False,False,False,False
2023-12-22 00:00:00+00:00,37.5714664572,37.7697078631,35.9760951428,36.4575385572,9687592,,,,,,,,32.682064943315325,,,32.682064943315325,,32.682064943315325,#000000,,31.92451077860079,,60.46690643383878,4.97620946993753,False,False,True,False,True,14.403702144869452,0.0,0.0,0.0,0.0,0,1.1307537260078087,0.8505747821335331,False,False,False,False,0.3428282460585737,0.3216912537865172,False,False,False,False,58590357,37148035.705723464,False,False,False,False,7143514.702992772,False,False,False,False
2023-12-29 00:00:00+00:00,37.9207489343,38.5626734869,37.4345854864,37.6186667919,4088908,,,,,,,,32.98597326832527,,,32.98597326832527,,32.98597326832527,#000000,,33.707548388426474,,62.70973089872837,7.0333635188280965,False,False,True,False,True,14.97263489106762,0.0,0.0,0.0,0.0,0,1.1630346185371603,0.8418292052299055,False,False,False,False,0.34282824700039416,0.3322597503934557,False,False,False,False,62679265,39039237.87566988,False,False,False,False,6917247.5398081215,False,False,False,False
2024-01-05 00:00:00+00:00,36.1837766157,37.420425386,35.5843323644,37.061702842,4631052,,,,,,,,33.19428623037713,,,33.19428623037713,,33.19428623037713,#000000,,33.631724516001356,,62.40502925705949,7.0333635188280965,False,False,True,False,True,10.88095429563548,0.0,0.0,0.0,0.0,0,1.124321507018881,0.849634205553093,False,False,False,False,0.23280845998437763,0.28253410518891664,False,False,True,False,58048213,40447310.10710174,False,False,False,False,6747899.722044557,False,False,False,False
2024-01-12 00:00:00+00:00,36.7124203648,37.2221839801,35.8156140047,36.1837766157,5123253,,,,,,,,33.40881695551844,,,33.40881695551844,,33.40881695551844,#000000,,33.72128642988367,,62.525696172398966,7.0333635188280965,False,False,True,False,True,11.77391369569052,0.0,0.0,0.0,0.0,0,1.1196542447454616,0.8579413733906982,False,False,False,False,0.21961457812023064,0.25107434165457365,False,False,False,False,63171466,42130580.91398309,False,False,False,False,6627555.520411627,False,False,False,False
2024-01-19 00:00:00+00:00,36.8540213691,36.9106617708,35.1076089835,36.1743365487,4781912,,,,,,,36.29076404113333,33.56959049951527,,,33.56959049951527,,34.9301772703243,#000000,,34.76518955442158,,62.70515504138237,7.0902655533675585,False,False,True,False,True,12.01366894876298,0.0,0.0,0.0,0.0,0,1.0799533244858046,0.8788027968486822,False,False,False,False,0.16270972212250046,0.20689203188853705,False,False,False,False,67953378,44043380.69813249,False,False,False,False,6490841.185566321,False,False,False,False
2024-01-26 00:00:00+00:00,38.2983516123,38.5154731521,36.5794098215,37.1372233775,5646891,,,,,,,37.1067499634234,33.83091491682316,,,33.83091491682316,,35.46883244012328,#000000,,35.15128542625454,,63.755204596913586,8.24879401952272,False,False,True,False,True,14.405227864500077,0.0,0.0,0.0,0.0,0,1.0928802234565658,0.8615764313067846,False,False,False,False,0.29220393919189674,0.2495479855402169,False,True,False,False,73600269,46232779.83160416,False,False,False,False,6428326.357005852,False,False,False,False
2024-02-02 00:00:00+00:00,38.0151496038,38.911955964,36.9484220386,38.2322711436,4780295,,,,,,,37.37446212031849,34.03613662315748,,,34.03613662315748,,35.705299371737986,#000000,,35.35452115687908,,64.16263789259133,8.803037638061284,True,False,True,False,True,13.731142967616535,0.0,0.0,0.0,0.0,0,1.1317837193688232,0.8481584489237527,False,False,False,False,0.33332206803523345,0.29143502678772515,False,False,False,False,68819974,47905905.32555941,False,False,False,False,6306249.960190604,False,False,False,False
2024-02-09 00:00:00+00:00,38.1095502733,38.1473105411,36.1743365487,37.7036273945,10110180,,,,,,,37.415432543957245,34.363539859307984,,,34.363539859307984,,35.889486201632614,#000000,,35.545878308353934,,64.51743121435993,9.334573607463,True,False,True,False,True,13.887865631099999,0.0,0.0,0.0,0.0,0,1.1063251984964277,0.8797029803183595,False,False,False,False,0.20643988328400556,0.24893745503586534,False,False,False,False,78930154,50203997.81996241,False,False,False,False,6588022.555732041,False,False,False,False
2024-02-16 00:00:00+00:00,38.543793353,38.9213960309,36.5424991598,38.345551947,5168916,,,,,,,37.51497360638077,34.53235200302888,,,34.53235200302888,,36.02366280470483,#000000,,35.67586813689368,,65.0735694694615,10.076598791440574,True,False,True,False,True,14.612915442421276,0.0,0.0,0.0,0.0,0,1.1033499000876203,0.8704273992543091,False,False,False,False,0.2702774199783081,0.2596074375070867,False,False,False,False,84099070,52714743.9073726,False,False,False,False,6482903.551603742,False,False,False,False
2024-02-23 00:00:00+00:00,38.8647556292,39.6766013868,37.8169081979,38.2133910097,2648200,,,,,,,37.616558776110836,34.63110260159449,,,34.63110260159449,,36.123830688852664,#000000,,35.76961327412801,,65.69769405749922,10.886988912834752,True,False,True,False,True,15.14847848087022,0.0,0.0,0.0,0.0,0,1.1363723571157558,0.8245619906771532,False,False,False,False,0.34282822736058943,0.30121783243383804,False,False,False,False,86747270,55235671.76608574,False,False,False,False,6198851.436670131,False,False,False,False
2024-03-01 00:00:00+00:00,39.6209984579,39.8782776686,38.1535540705,38.8836357631,4295374,,,,,,,37.80028277444895,34.79753911390749,,,34.79753911390749,,36.29891094417822,#000000,,35.93377222522398,,66.67115352067634,12.02498912848079,True,False,True,False,True,16.39804629838626,0.0,0.0,0.0,0.0,0,1.1298566655929023,0.8525449024066455,False,False,False,False,0.3428282297824823,0.32202303110816016,False,False,False,False,91042644,57888040.079709016,False,False,False,False,6057853.108027899,False,False,False,False
2024-03-08 00:00:00+00:00,40.0783837214,40.8406924941,39.3256038085,39.420892405,4746161,,,,,,,38.05698833806417,35.00124276678504,,,35.00124276678504,,36.52911555242461,#000000,,36.1489574298087,,67.67774676825326,13.175107140067922,True,False,True,False,True,17.143518541450938,0.0,0.0,0.0,0.0,0,1.1366694815296974,0.8328272841205545,False,False,False,False,0.34282823623534303,0.3324256336717516,False,False,False,False,95788805,60695504.14787872,False,False,False,False,5960690.729655461,False,False,False,False
2024-03-15 00:00:00+00:00,38.9920937204,40.6977595992,38.6061749043,39.9259219669,4070254,,,,,,,38.17800249790381,35.143039534729354,,,35.143039534729354,,36.66052101631658,#000000,,36.27678637743551,,66.74535435843363,13.175107140067922,True,False,True,False,True,14.387798084394888,0.0,0.0,0.0,0.0,0,1.1043067193873461,0.8566336898735285,False,False,False,False,0.26626674540153755,0.2993461895366446,False,False,False,False,91718551,62993507.61840622,False,False,False,False,5820658.379310613,False,False,False,False
2024-03-22 00:00:00+00:00,40.3547206515,40.9740965293,38.2393138074,39.0397380187,5257205,,,,,,,38.34928179011976,35.330119850373244,,,35.330119850373244,,36.839700820246506,#000000,,37.89607731048804,,67.09241604478385,13.175107140067922,True,False,True,False,True,16.622506789244106,0.0,0.0,0.0,0.0,0,1.1083968255808265,0.8547480674891483,False,False,False,False,0.2584178085668104,0.2788819990517275,False,True,False,False,96975756,65510711.20222799,False,False,False,False,5778921.09195427,False,False,False,False
2024-03-29 00:00:00+00:00,40.0402682828,40.4976535464,39.1064400363,40.2975474936,3898474,,,,,,,38.45709256599959,35.46025949628171,,,35.46025949628171,,36.95867603114065,#000000,,37.98406263432319,,66.87345975714284,13.175107140067922,True,False,True,False,True,15.833899755772837,0.0,0.0,0.0,0.0,0,1.1363543679975918,0.8289397967748742,False,False,False,False,0.2731074115561284,0.27599470530392795,False,False,False,False,93077282,67552679.40947036,False,False,False,False,5639628.714772472,False,False,False,False
2024-04-05 00:00:00+00:00,39.3827769664,40.4023649498,38.6681124921,39.9449796862,6699187,,,,,,,38.56791234401056,35.648729280240765,,,35.648729280240765,,37.10832081212566,#000000,,38.047868431638314,,65.74849765149362,13.175107140067922,True,False,True,False,True,14.195905145278001,0.0,0.0,0.0,0.0,0,1.1777086114887276,0.814001162110944,False,False,False,False,0.20925776721144174,0.24262623625768484,False,False,False,False,86378095,68947154.63839848,False,False,False,False,5718114.5136782145,False,False,False,False
2024-04-12 00:00:00+00:00,37.5246493331,40.0116817038,37.276898982,39.6305273175,5793728,,,,,,,38.54258293641989,35.750811223078536,,,35.750811223078536,,37.14669707974922,#000000,,37.97112662204797,,62.535043091855435,16.477032824719913,True,False,True,False,False,9.786783187190025,0.0,0.0,0.0,0.0,0,1.1337675095705098,0.8293070441927757,False,False,False,False,0.005037447773833565,0.1238318420157592,False,False,False,False,80584367,69809170.36888748,False,False,False,False,5723715.512665014,False,False,False,False
2024-04-19 00:00:00+00:00,36.5145902094,37.8581594211,36.0190895071,37.7914574035,10873708,,,,,,,38.30165617777417,35.82206050833444,,,35.82206050833444,,37.061858343054304,#000000,,37.67450320819623,,59.11225579919039,13.191086257845534,True,False,True,False,False,7.524052232159139,0.0,0.0,0.0,0.0,1,1.1360789065362458,0.8587519431233085,False,False,False,False,-0.34282825441539394,-0.10949820619981737,False,False,False,False,69710659,69801873.23045138,False,False,False,False,6105196.43765279,False,False,False,False
2024-04-26 00:00:00+00:00,37.8295728422,37.9867990265,36.2334888494,36.6956385429,5961535,,,,,,,38.23469674036502,35.87704138297644,,,35.87704138297644,,37.05586906167073,#000000,,37.61654984833417,,57.963289787846854,12.145991280014336,True,False,True,False,False,9.834363759625926,0.0,0.0,0.0,0.0,1,1.1645962881738334,0.8179582591547794,False,False,False,False,-0.3029391200363418,-0.2062186631180796,False,False,False,False,75672194,70236711.8059735,False,False,False,False,6094554.849678509,False,False,False,False
2024-05-03 00:00:00+00:00,37.2864278416,38.3250735444,35.9619163492,38.0868520529,23396727,,,,,,37.191139245066665,38.008893422526704,36.03966050710048,,,36.03966050710048,,37.079897724897954,#000000,4.049115126814365,37.742277344857484,-0.11258003019936888,56.528551466966206,10.803886760274615,False,False,True,False,False,8.627548998021872,0.0,0.0,0.0,0.0,1,1.1717066678568995,0.8257979849576111,False,False,False,False,-0.29529389506988946,-0.2507562790939845,False,False,False,False,52275467,68906249.22775324,False,False,False,False,7376197.231183805,False,False,False,False
2024-05-10 00:00:00+00:00,37.8772171404,38.7729299483,36.0857915247,37.4103030172,16739898,,,,,,37.35275789074617,37.95121445479939,36.164839550908816,,,36.164839550908816,,37.15627063215146,"rgba(38, 166, 154, 0.5)",4.0901621886459685,37.74279763629252,0.032864101203765705,56.08843406092744,10.391958914919172,False,False,True,False,False,9.659226210467303,0.0,0.0,0.0,0.0,1,1.1306570639194597,0.8255089725705468,False,False,False,False,-0.23102420151443054,-0.24089024030420753,False,False,False,False,69015365,68914331.87754929,False,False,False,False,8069804.6955405595,False,False,False,False
2024-05-17 00:00:00+00:00,38.5061218779,38.5728238955,37.5341781928,38.001092316,9039694,,,,,,37.50930386885691,37.96830443413524,36.2506540033186,,,36.2506540033186,,37.24275410210358,"rgba(38, 166, 154, 0.5)",4.130732073334697,37.80160185269932,0.17055573024176504,56.381797060603446,10.391958914919172,False,False,True,False,False,10.744139174987193,0.0,0.0,0.0,0.0,1,1.1593242106425952,0.8505778148422671,False,False,False,False,-0.07315853533530393,-0.15702438781975572,False,True,False,False,78055059,69591422.7755086,False,False,False,False,8141648.34772274,False,False,False,False
2024-05-24 00:00:00+00:00,38.3250735444,38.6490547727,37.5913513507,38.3822467023,5049942,,,,,,37.5725548985272,37.97630640856091,36.29515703996805,,,36.29515703996805,,37.28133944901872,"rgba(38, 166, 154, 0.5)",4.078589361659864,37.82654224919139,0.1222313037676635,56.35690526689287,10.391958914919172,False,False,True,False,False,10.327955009399147,0.0,0.0,0.0,0.0,1,1.1194409229274755,0.8582269161236288,False,False,False,False,-0.05771792741778896,-0.10737115761877233,False,False,False,False,73005117,69844289.01435982,False,False,False,False,7912633.06270624,False,False,False,False
2024-05-31 00:00:00+00:00,37.7533419649,38.8015165273,36.5050613497,38.7824588079,4050783,,,,,,37.580484843912274,37.968101502213536,36.320326553342625,,,36.320326553342625,,37.28963763315614,#000000,4.029777924209424,37.77575068786653,-0.0055607835935327955,55.593553934019276,9.688263949825995,False,False,True,False,False,9.013928953200885,0.0,0.0,0.0,0.0,1,1.091723518843629,0.8935386580856264,False,False,False,False,-0.16680456566181107,-0.13708786164029169,False,False,False,False,68954334,69778366.42070353,False,False,False,False,7626570.095098371,False,False,False,False
2024-06-07 00:00:00+00:00,36.5122152795,38.2055354084,36.4929730053,37.8495533358,5953670,,,,,,37.53318936949967,37.93221626020046,36.33974701305258,,,36.33974701305258,,37.26838421425091,#000000,3.970459432493559,37.65169354639434,-0.286989021363384,53.55552076089412,7.627954075478989,False,True,False,False,False,6.242561549843359,0.0,0.0,0.0,0.0,1,1.0574519583515436,0.9100935604739498,False,False,False,False,-0.22957740419924155,-0.18333263291976662,True,False,False,False,63000664,69276314.38954031,False,False,False,False,7502651.569535528,False,False,False,False
2024-06-14 00:00:00+00:00,36.5699421021,37.7377557228,35.8772202312,36.3101714005,8682397,,,,,36.728306018699996,37.43734492267126,37.86591020556518,36.353887358459026,,36.728306018699996,36.353887358459026,,37.096362126348865,#000000,3.928862051303427,37.23674456873249,-0.16971898171158067,52.170856060481285,6.238325855956617,False,True,False,False,False,6.350039300032659,1.0,37.737755,35.87722,0.0,1,1.0329823010858719,0.9726565836366251,False,False,False,False,-0.34282825441539394,-0.26308044366758027,False,False,False,False,71683061,69454591.91624103,False,False,False,False,7590040.119940304,False,False,False,False
2024-06-21 00:00:00+00:00,36.5218364166,36.9066819004,35.8868413683,36.5699421021,5842785,,,,,36.6117121243737,37.363238605504634,37.81489527786783,36.35590884490229,,36.6117121243737,36.35590884490229,,37.03643871316211,#000000,3.9169682081641746,37.13678105368362,-0.15699505444079997,51.12209380090206,5.179563372575586,False,True,False,False,False,6.242052060142392,0.0,0.0,0.0,0.0,1,0.988389417684993,1.0075031319393093,False,False,False,False,-0.34282825441539394,-0.3029543490414871,False,False,False,False,65840276,69186864.8113343,False,False,False,False,7460613.814759541,False,False,False,False
2024-06-28 00:00:00+00:00,36.6084266505,37.2338005617,36.3101714005,36.666153473,4197157,,,,,36.635419978214045,37.33056460429093,37.7874266306233,36.36201255638728,,36.635419978214045,36.36201255638728,,37.02885594237889,#000000,3.904872990722621,37.11960857625158,-0.1309087201980881,50.49374324781883,4.51452135695844,False,True,False,False,False,6.409286770400438,0.0,0.0,0.0,0.0,1,0.9668350474092656,1.0172127917354596,False,False,False,False,-0.18850767416035938,-0.24573101160092325,False,False,False,False,70037433,69249869.86234657,False,False,False,False,7218876.272925502,False,False,False,False
2024-07-05 00:00:00+00:00,37.0028932714,37.8784167471,35.9830527392,36.964408723,2800966,,,,,36.676981337430476,37.31829067632384,37.77374695533597,36.36861635638611,,36.676981337430476,36.36861635638611,,37.034408831369106,#000000,3.9012379553938397,37.12487523238722,-0.031267500824595555,50.607016062324874,4.51452135695844,False,True,False,False,False,7.176120861330883,0.0,0.0,0.0,0.0,1,1.0083598598915606,0.9903974217212711,False,False,False,False,-0.1261778815285531,-0.1859544465647382,False,False,False,False,72838399,69515686.83550608,False,False,False,False,6891623.660116205,False,False,False,False
2024-07-12 00:00:00+00:00,39.1965125293,39.5813580131,36.3708807756,37.060620094,3966995,,,,,36.942472079565185,37.365362900935494,37.78759925062958,36.39990474863851,,36.942472079565185,36.39990474863851,,37.123834744942194,"rgba(38, 166, 154, 0.5)",3.942415260010834,37.2508579410492,0.4935184296758878,53.30695271985938,4.51452135695844,False,True,False,False,True,11.22216643800341,0.0,0.0,0.0,0.0,1,1.0112178433574606,0.952338504405212,False,False,False,False,0.2820728323932993,0.04805919291428054,False,False,False,False,76805394,70055665.14398712,False,False,False,False,6674984.500107598,False,False,False,False
2024-07-19 00:00:00+00:00,39.5428734648,40.7840001501,39.2253759406,39.4081775454,4434863,,,,,37.373474359684906,37.482427825403455,37.83874743012161,36.458806216171276,,37.373474359684906,36.458806216171276,,37.288363957845306,"rgba(38, 166, 154, 0.5)",3.994403032635985,37.48409771931092,0.5154151267831528,55.5848154498061,1.548437889875217,False,False,True,False,True,11.829329316448227,0.0,0.0,0.0,0.0,1,1.0829678865537151,0.9208204762362862,False,False,False,False,0.3428282338867716,0.19544371340052608,False,False,False,False,81240257,70884153.4296177,False,False,False,False,6509049.574173701,False,False,False,False
2024-07-26 00:00:00+00:00,40.5049871744,41.0918765372,39.2523151245,39.8988555373,4019960,,,,,37.71804274822869,37.59710398301014,37.89246867184387,36.51707298652401,,37.71804274822869,36.51707298652401,,37.43117209740168,"rgba(38, 166, 154, 0.5)",4.065488887787607,37.68459469624844,0.6937400534100061,58.13557437278372,3.9622596118566236,False,False,True,False,True,13.489140429021411,0.0,0.0,0.0,0.0,1,1.0537554778977891,0.9470328506778386,False,False,False,False,0.342828234797062,0.26913597409879403,False,False,False,False,85260217,71949047.0274238,False,False,False,False,6324672.568679352,False,False,False,False
2024-08-02 00:00:00+00:00,39.2157548035,42.6986064323,38.5374646382,40.5627139969,4663639,,,,,38.011877839118824,37.71290215990391,37.94861339412855,36.580182885333954,,38.011877839118824,36.580182885333954,,37.56339406962131,"rgba(38, 166, 154, 0.5)",4.098240586500759,38.43621075345144,0.19021432090060936,57.984495155214226,3.9622596118566236,False,False,True,False,True,10.42024073565009,0.0,0.0,0.0,0.0,1,1.0303630896513416,0.92574520230688,False,False,False,False,0.3428282368695627,0.30598210548417837,False,False,False,False,80596578,72589604.87724426,False,False,False,False,6201633.045073475,False,False,False,False
2024-08-09 00:00:00+00:00,38.1285663116,39.167649118,36.7335014327,37.2434216988,7152162,,,,,38.011569593045074,37.73221469043147,37.95086464566501,36.61727789714518,,38.011569593045074,36.61727789714518,,37.577981706571684,#000000,4.116650150172864,38.1215207076392,0.0017114896101874746,56.42510256608092,3.9622596118566236,False,False,True,False,True,7.944927751129871,0.0,0.0,0.0,0.0,1,1.0092920532846066,0.9788545614783667,False,False,False,False,-0.08728079474055979,0.1093506553718093,False,False,False,False,73444416,72652924.21967061,False,False,False,False,6272042.597290254,False,False,False,False
2024-08-16 00:00:00+00:00,39.3504507228,39.8315075776,37.4743289891,38.1285663116,4772648,,,,,38.09410133672322,37.78017287167867,37.97322268951344,36.655879286086126,,38.09410133672322,36.655879286086126,,37.62584404600037,"rgba(38, 166, 154, 0.5)",4.120870445941645,38.176013166904106,0.2849974468507043,56.61335255221496,3.9622596118566236,False,False,True,False,True,10.101688294193195,0.0,0.0,0.0,0.0,1,1.0164803126405217,0.9809707043640731,False,False,False,False,0.022756055561692475,0.06605335546675088,False,False,False,False,78217064,73065082.72191724,False,False,False,False,6160976.330824309,False,False,False,False
2024-08-23 00:00:00+00:00,40.0143091825,40.0431725937,38.2536410939,39.3889352712,3695744,,,,,38.185623070888035,37.83186423360057,37.999847242875866,36.69205470581065,,38.185623070888035,36.69205470581065,,37.67734731329378,"rgba(38, 166, 154, 0.5)",4.116479161374336,38.259092187645685,0.42638792182499835,57.39676125135797,3.9622596118566236,False,False,True,False,True,11.23865322886872,0.0,0.0,0.0,0.0,1,1.0069450497954375,0.9914376891106617,False,False,False,False,0.10055980936542289,0.08330658241608688,False,True,False,False,81912808,73720469.779553,False,False,False,False,5978366.528541027,False,False,False,False
2024-08-30 00:00:00+00:00,39.5813580131,40.9138855009,39.0569729953,40.1297628276,5434505,,,,,38.33729086221897,37.92042006960631,38.04806104585816,36.75133677756053,,38.33729086221897,36.75133677756053,,37.76427718881099,"rgba(38, 166, 154, 0.5)",4.103865793126305,38.40087608817399,0.28765120119260235,57.351550953637826,3.9622596118566236,False,False,True,False,True,10.244807550122875,0.0,0.0,0.0,0.0,1,1.015913567831706,0.9785769591457595,False,False,False,False,0.22517175109071863,0.15423916675340277,False,False,False,False,76478303,73924753.72180833,False,False,False,False,5938080.48938984,False,False,False,False
2024-09-06 00:00:00+00:00,39.6396230151,40.7078147181,38.0567571279,39.2511896686,5799698,,,,,38.43747105932714,37.98962802690221,38.08646862752823,36.804682077869984,,38.43747105932714,36.804682077869984,,37.82956244790689,"rgba(38, 166, 154, 0.5)",4.114170884355014,38.482174781239856,0.28133207550069944,57.3817609048202,3.9622596118566236,False,False,True,False,True,10.347124505018076,0.0,0.0,0.0,0.0,1,0.9746405657194765,1.0010534966967188,False,False,False,False,0.1092423002493324,0.13174073350136759,False,False,False,False,82278001,74543512.77945216,False,False,False,False,5927829.934620222,False,False,False,False
2024-09-13 00:00:00+00:00,43.5530889816,43.9318114945,40.0086346943,40.2028513676,9100409,,,,,38.93303325757893,38.285220264769976,38.26606836475927,36.974850937967545,,38.93303325757893,36.974850937967545,,38.11479320626893,"rgba(0, 255, 255, 0.75)",4.190683222599889,38.977210957872494,1.0919169454398994,60.67414344146458,6.649941992918137,True,False,True,False,True,16.664460114494993,0.0,0.0,0.0,0.0,1,1.0173054999051776,0.9334174570355678,False,False,False,False,0.34282823598946144,0.23728448474541453,False,False,False,False,91378410,75790542.20319644,False,False,False,False,6162835.79131502,False,False,False,False
2024-09-20 00:00:00+00:00,45.4952557143,46.3595199104,43.4365589776,43.6987514865,5265849,,,,,39.33963724230934,38.534215604017504,38.423290476991035,37.112941419765775,,39.33963724230934,37.112941419765775,,38.35252118577091,"rgba(0, 255, 255, 0.75)",4.342712382268541,39.38195809394111,1.407714138592212,64.13790779539471,9.97450888099857,True,False,True,False,True,19.4149073138956,0.0,0.0,0.0,0.0,0,1.085672565806774,0.8948508618032475,False,False,False,False,0.34282824375456017,0.2900563642499874,False,False,False,False,96644259,77335261.96592262,False,False,False,False,6096392.325291686,False,False,False,False
2024-09-27 00:00:00+00:00,45.8545565599,46.6457933446,45.1068223678,45.6700507203,3923439,,,,,39.64550945847146,38.72868134401875,38.54882124712174,37.22247064941435,,39.64550945847146,37.22247064941435,,38.53637067475657,"rgba(0, 255, 255, 0.75)",4.480872951475663,39.68266241979936,1.37738655099964,66.80019197490859,12.449679442691547,True,False,True,False,True,19.90527938646923,0.0,0.0,0.0,0.0,0,1.0998882259955232,0.8814138661787613,False,False,False,False,0.3428282450704204,0.3164423046602039,False,False,False,False,100567698,79056183.15363206,False,False,False,False,5935432.819714524,False,False,False,False
2024-10-04 00:00:00+00:00,46.398363245,46.7576640906,45.5146773816,45.6894723876,4238783,,,,,39.96239012999919,38.93738343933387,38.68611155007068,37.34249197120107,,39.96239012999919,37.34249197120107,,38.7320942726512,"rgba(0, 255, 255, 0.75)",4.634354070400683,39.99109428268853,1.3825592229204666,68.9883235033264,14.442865422820773,True,False,True,False,True,20.0,0.0,0.0,0.0,0.0,0,1.116131640618823,0.8765981696295637,False,False,False,False,0.34282824536708956,0.32963527501364676,False,False,False,False,104806481,80963612.62373339,False,False,False,False,5809755.055291226,False,False,False,False
2024-10-11 00:00:00+00:00,47.1946516055,47.553952451,45.3398823757,46.4177849124,3646424,,,,,40.23033655551356,39.11889337404036,38.80750764430127,37.44856810289735,,40.23033655551356,37.44856810289735,,38.90132641918814,"rgba(0, 255, 255, 0.75)",4.782214041595113,40.25039788804924,1.4521001479754956,70.95957892948252,16.22808541495843,True,False,True,False,True,20.0,0.0,0.0,0.0,0.0,0,1.1395203878232558,0.8536794581169365,False,False,False,False,0.34282824569802367,0.33623176035583524,False,False,False,False,108452905,82999856.50345685,False,False,False,False,5649508.310454839,False,False,False,False
2024-10-18 00:00:00+00:00,50.0593475362,50.1661667065,46.9810132649,47.2723382748,5602626,,,,,40.73957461628281,39.46412923850524,39.04101511023422,37.64757782087721,,40.73957461628281,37.64757782087721,,39.22307419647487,"rgba(0, 255, 0, 1.0)",5.000895691099013,40.746065998124706,1.8623226944428783,73.58980081601402,18.645963249064295,True,False,True,False,True,20.0,0.0,0.0,0.0,0.0,0,1.1879851892600124,0.7720070502767381,False,False,False,False,0.342828246949593,0.33953000365271413,False,False,False,False,114055531,85300276.83653411,False,False,False,False,5646035.5467174435,False,False,False,False
2024-10-25 00:00:00+00:00,50.9430333996,51.4868400848,48.563879152,49.9913717006,5707872,,,,,41.271372908485276,39.83515612423347,39.29683185923218,37.86508490116593,,41.271372908485276,37.86508490116593,,39.56711144827922,"rgba(0, 255, 0, 1.0)",5.221633892707755,41.26181845461991,1.854058546406391,75.78240731677695,20.633333128661974,True,False,True,False,True,20.0,0.0,0.0,0.0,0.0,0,1.2080970968218399,0.7558038832778186,False,False,False,False,0.3428282476059719,0.34117912562934305,False,False,False,False,119763403,87853100.99679084,False,False,False,False,5650616.024738373,False,False,False,False
2024-11-01 00:00:00+00:00,51.6519242571,52.6327184571,50.7779492274,51.0886959046,5969186,,,,,41.84222365736698,40.24375854878737,39.583640237274324,38.10860491465576,,41.84222365736698,38.10860491465576,,39.944556839521105,"rgba(0, 255, 0, 1.0)",5.440636660380341,41.814315610061584,1.8081723263524627,77.59180911105986,22.26710325842967,True,False,True,False,True,20.0,0.0,0.0,0.0,0.0,0,1.2538809533297615,0.739342312172677,False,False,False,False,0.34282824840504966,0.34200368701719636,False,False,False,False,125732589,90658988.99702854,False,False,False,False,5674213.800683679,False,False,False,False
2024-11-08 00:00:00+00:00,54.7593910295,55.8178718988,51.855851764,52.4385017838,9752848,,,,,42.85326278322457,40.98497959169193,40.11424832301262,38.55727923847329,,42.85326278322457,38.55727923847329,,40.627442484100605,"rgba(0, 255, 0, 1.0)",5.770787408427306,42.7929885427967,2.073616932973185,79.78299430523896,24.287188548104993,True,False,True,False,True,20.0,0.0,0.0,0.0,0.0,0,1.2603316442488617,0.6953384152962471,False,False,False,False,0.3428282492913584,0.3424159681542774,False,False,False,False,135485437,93979466.62687829,False,False,False,False,5976334.8524848875,False,False,False,False
2024-11-15 00:00:00+00:00,54.1573193423,56.8375094335,53.99223517,55.4779927206,3443488,,,,,43.19566532329636,41.24388466328065,40.303286955682964,38.71808406647736,,43.19566532329636,38.71808406647736,,40.86523025218433,"rgba(0, 255, 0, 1.0)",6.043247615957595,46.561656832365124,1.2568842107144553,80.49002037227254,24.910422727667196,True,False,True,False,True,20.0,0.0,0.0,0.0,0.0,0,1.2639663938074135,0.6841618068132647,False,False,False,False,0.34282824890645436,0.3426221085303659,False,False,False,False,132041949,96798909.76562804,False,False,False,False,5788716.567115637,False,False,False,False
2024-11-22 00:00:00+00:00,53.8659943324,54.3301721815,52.982308469,53.933970168,4688431,,,,,43.58502156018115,41.55023015681991,40.53149600142178,38.91534772888211,,43.58502156018115,38.91534772888211,,41.145523861826234,"rgba(0, 255, 0, 1.0)",6.296894881073861,46.6763457707323,1.1417768118183345,80.57353664932872,25.012399757673535,True,False,True,False,True,20.0,0.0,0.0,0.0,0.0,0,1.244960962119329,0.7286174267174688,False,False,False,False,0.22327188738886816,0.28294699795961703,False,False,True,False,127353518,99062214.07928522,False,False,False,False,5707213.9325144775,False,False,False,False
2024-11-29 00:00:00+00:00,55.8761369008,56.6335819265,53.9825243364,54.8564993661,3235458,,,,,43.88141144830726,41.782513836217404,40.70504946150382,39.06440306024388,,43.88141144830726,39.06440306024388,,41.358344451568094,"rgba(0, 255, 0, 1.0)",6.573092224659207,46.99189660970008,1.3516074303309413,81.27597529015237,25.77745056323674,True,False,True,False,True,20.0,0.0,0.0,0.0,0.0,0,1.275540019029509,0.6933382511456813,False,False,False,False,0.3345563239004156,0.3087516609300163,False,False,False,False,130588976,101397529.77711594,False,False,False,False,5524120.900476368,False,False,False,False
2024-12-06 00:00:00+00:00,56.2573771631,56.8243498608,55.0159024628,56.2085002064,5255627,,,,,44.353434119447115,42.157870115471155,40.98843976231156,39.30859783423258,,44.353434119447115,39.30859783423258,,41.7020854578656,"rgba(0, 255, 0, 1.0)",6.848111601581403,47.46537949914602,1.283857240574714,81.89036376718693,26.492091557920233,True,False,True,False,True,20.0,0.0,0.0,0.0,0.0,0,1.2923160588715896,0.6808704700417237,False,False,False,False,0.3428282468452694,0.32578995388764287,False,True,False,False,135844603,103949164.8306629,False,False,False,False,5504232.4634040445,False,False,False,False
2024-12-13 00:00:00+00:00,56.140072467,58.2417816051,55.7783829874,56.3649064678,3921946,,,,,44.70182328877723,42.4385933697791,41.202538350165185,39.49359953874223,,44.70182328877723,39.49359953874223,,41.95913863686593,"rgba(0, 255, 0, 1.0)",7.080754541109486,50.93877264314557,0.7345685821555736,82.14801268440456,26.896754137072293,True,False,True,False,True,20.0,0.0,0.0,0.0,0.0,0,1.3119096237622365,0.653276299488518,False,False,False,False,0.34282824740369233,0.3343091006456676,False,False,False,False,131922657,106021275.36172491,False,False,False,False,5387026.058707449,False,False,False,False
2024-12-20 00:00:00+00:00,53.1976796736,57.6454827334,51.5554139284,56.3160295111,4758291,,,,,45.01351533178242,42.70585276268088,41.41257068484249,39.67991365221766,,45.01351533178242,39.67991365221766,,42.20296310788087,"rgba(0, 255, 255, 0.75)",7.218542045597757,50.68114572047856,0.3486208069753022,78.31915677071721,26.896754137072293,True,False,True,False,False,20.0,0.0,0.0,0.0,0.0,0,1.2243714653859017,0.6762100027857256,False,False,False,False,0.14244625714485948,0.23837767889526354,False,False,False,False,127164366,107587430.22381938,False,False,False,False,5340453.091395786,False,False,False,False
2024-12-27 00:00:00+00:00,53.412738283,54.3120742863,52.5231776711,53.1292519342,1741880,,,,,45.11395801956925,42.7947123523086,41.483524303084685,39.743613458539315,,45.11395801956925,39.743613458539315,,42.28395203337547,"rgba(0, 255, 255, 0.75)",7.357685157491368,50.62358834321623,0.3790798165566992,75.70133022716684,31.03956928790099,True,False,True,False,False,20.0,0.0,0.0,0.0,0.0,0,1.229577757160882,0.7347793396497447,False,False,False,False,-0.009458455406836585,0.11445961174421347,False,False,False,False,128906246,109166601.76279572,False,False,False,False,5073892.121662765,False,False,False,False
2025-01-03 00:00:00+00:00,53.4518398484,53.9503848068,52.2299159309,53.2758828043,2378418,,,,,45.243993029814234,42.91138999468233,41.577419200480044,39.828351404089986,,45.243993029814234,39.828351404089986,,42.39028840726665,"rgba(0, 255, 255, 0.75)",7.4839201879181765,50.56723973769064,0.3854397211993484,73.8539037359593,29.265040698572918,True,False,True,False,False,20.0,0.0,0.0,0.0,0.0,0,1.2306805970133667,0.7490835262807964,False,False,False,False,-0.15903281404000738,-0.022286601147896955,False,False,False,False,131284664,110804976.74332936,False,False,False,False,4874227.371909968,False,False,False,False
2025-01-10 00:00:00+00:00,50.9004627086,54.5369082872,50.8711365346,54.0188125461,4967544,,,,,45.46659298935419,43.12151624720204,41.750535696673836,39.987568748440545,,45.46659298935419,39.987568748440545,,42.58155342041765,"rgba(38, 166, 154, 1.0)",7.5259729235660355,50.39205524666343,0.06755371924666344,69.54384803049322,25.161954605585137,True,False,True,False,False,18.519479649872913,0.0,0.0,0.0,0.0,0,1.203274509393571,0.7672985302214058,False,False,False,False,-0.34282825441539394,-0.18255742778164544,False,False,False,False,126317120,111954024.39197163,False,False,False,False,4881139.714731451,False,False,False,False
2025-01-17 00:00:00+00:00,54.3218496777,54.6444375919,49.1799938327,50.1184314014,6671822,,,,52.7154270341,45.769364927965604,43.407315308682456,41.987518561643995,40.20551238412332,,45.769364927965604,40.20551238412332,,44.81702764330307,"rgba(0, 255, 255, 0.75)",7.665619868118505,52.115499172039435,0.28782414776877085,68.5673928014536,24.309577466201503,True,False,True,False,False,20.0,0.0,0.0,0.0,0.0,0,1.1290182003193996,0.7956601402358909,False,False,False,False,-0.34282825441539394,-0.2626928410985197,False,False,False,False,132988942,113512166.43701078,False,False,False,False,5013782.846973566,False,False,False,False
2025-01-24 00:00:00+00:00,58.613246476,58.7598773462,54.4489297651,54.7715176793,5058400,,,,54.68121897273861,46.12250734135147,43.713587325732995,42.23396954901254,40.424263935063955,,46.12250734135147,40.424263935063955,,45.43510942477991,"rgba(0, 255, 0, 1.0)",7.890380777652355,52.93868898732784,0.7191740992708494,69.74192581160088,24.309577466201503,True,False,True,False,False,20.0,0.0,0.0,0.0,0.0,0,1.193574856830578,0.7496883700166794,False,False,False,False,0.28494806609761114,0.01112761249954572,False,False,False,False,138047342,115329586.84908405,False,False,False,False,5017087.821271821,False,True,False,False
2025-01-31 00:00:00+00:00,58.4861663886,61.2037251812,56.8536760348,57.2837932538,7473455,,,,56.3027403792677,46.67457493979797,44.19184095259872,42.62049550014822,40.76663082023409,,46.67457493979797,40.76663082023409,,46.11125651840934,"rgba(0, 255, 255, 0.75)",8.08304165844068,56.36373756658843,0.2625779887940114,70.45422004744589,24.309577466201503,True,False,True,False,False,20.0,0.0,0.0,0.0,0.0,0,1.2351098652013595,0.7390476371713391,False,False,False,False,0.34282824400776135,0.17697792825365355,False,False,False,False,130573887,116458794.26767041,False,False,False,False,5199040.945622057,False,False,False,False
2025-02-07 00:00:00+00:00,56.6092912513,57.4988518633,54.9670255061,56.3746818591,7446530,,,,56.31828971990154,47.07583204910947,44.56323338559072,42.93174413981517,41.0500812791598,,47.07583204910947,41.0500812791598,,46.38783611471534,"rgba(38, 166, 154, 1.0)",8.231916113038144,56.14415759777955,0.05650369210927092,69.14631591719207,24.309577466201503,True,False,True,False,False,20.0,0.0,0.0,0.0,0.0,0,1.2182933726055034,0.732474590951449,False,False,False,False,0.07083250413695734,0.12390521619530545,False,False,False,False,123127357,116952761.87747261,False,False,False,False,5365521.616316719,False,False,False,False
2025-02-14 00:00:00+00:00,58.4861663886,58.5350433453,53.2563320216,57.2055901231,11380767,,,,56.450226288499834,47.65253515465609,45.10685397110058,43.39451188964127,41.47474870363542,,47.65253515465609,41.47474870363542,,46.81577520150664,"rgba(0, 255, 255, 0.75)",8.415869249845219,56.21445421331789,0.26993197111800243,69.05234690219483,24.309577466201503,True,False,True,False,False,20.0,0.0,0.0,0.0,0.0,0,1.1787813667226625,0.7377089423067352,False,False,False,False,0.039457271948931304,0.08168124407211838,False,False,False,False,134508124,118253159.0717339,False,False,False,False,5811095.348441407,False,False,False,False
2025-02-21 00:00:00+00:00,57.2544670798,60.0893305684,56.8830022088,58.5741449107,6802995,,,,56.69685644761403,48.01084484861204,45.443432835437704,43.68245437711358,41.73874314667648,,48.01084484861204,41.73874314667648,,47.11446633109077,"rgba(38, 166, 154, 1.0)",8.56397074533658,56.4398668558815,0.09511945429777253,67.86182452295463,23.457260284334808,True,False,True,False,False,20.0,0.0,0.0,0.0,0.0,0,1.2113690693108996,0.7255107125890567,False,False,False,False,0.28733928564323513,0.18451026485767674,False,False,False,False,127705129,118953304.9923462,False,False,False,False,5884569.396705007,False,False,False,False
2025-02-28 00:00:00+00:00,55.7368375742,57.7236858641,54.331625069,57.3326702105,7117612,,,,56.59189161045085,48.28580497772015,45.72066954779991,43.92873742503736,41.97100349060706,,48.28580497772015,41.97100349060706,,47.29962141032306,"rgba(38, 166, 154, 1.0)",8.637674781565718,56.352535967212184,-0.07128057128594228,65.71119910922681,21.260274758502433,False,False,True,False,False,19.670832598081567,0.0,0.0,0.0,0.0,1,1.1660239808015693,0.7705914041557143,False,False,False,False,0.05172189085477316,0.11811607785622495,False,False,False,False,120587517,119074357.73365389,False,False,False,False,5975905.885837969,False,False,False,False
2025-03-07 00:00:00+00:00,47.8856075377,56.7908922968,46.6148312833,56.1111747654,14214741,,,,55.26820633521809,48.42486309985416,45.9568525666803,44.17974857752604,42.238742129787816,,48.42486309985416,42.238742129787816,,47.21368254181328,#000000,8.569955362034191,55.162647075564976,-0.8491338904871121,59.34940731728008,15.124194687327815,False,True,True,False,False,7.254663385304628,0.0,0.0,0.0,0.0,1,1.0761787909088039,0.7982583460737511,False,False,False,False,-0.34282825441539394,-0.11235608827958449,False,False,False,False,106372776,118133499.82745731,False,False,False,False,6586189.96836849,False,False,False,False
2025-03-14 00:00:00+00:00,46.2306431134,47.5211213252,44.7332943486,46.7231920492,12763143,,,,53.79565336755579,48.30035315342429,45.965678109126664,44.2461496084959,42.34714248703944,,48.30035315342429,42.34714248703944,,46.930995345128416,#000000,8.459513297886431,53.81600460804964,-0.8966664189232737,54.0671679137767,10.21340723476267,False,True,True,False,False,4.997956246665009,0.0,0.0,0.0,0.0,0,1.0334235597328651,0.9384314458853165,False,False,False,False,-0.34282825441539394,-0.2275921713474892,False,False,False,False,93609633,116316917.0994975,False,False,False,False,7043742.044785639,False,False,False,False
2025-03-21 00:00:00+00:00,48.7918975795,49.3829563025,46.2306431134,46.2306431134,7739827,,,,53.29015488543622,48.29502000576296,46.02092006677761,44.32358920499716,42.44253303992465,,48.29502000576296,42.44253303992465,,46.874443440579725,#000000,8.369851151730355,53.34827653083157,-0.544379926086212,51.81061525762037,8.268617712536575,False,True,False,False,False,7.904943880492052,0.0,0.0,0.0,0.0,0,1.0113358649965496,0.9450409107089126,False,False,False,False,-0.24910518213815497,-0.2383486767428221,False,False,False,False,101349460,115208216.57360879,False,False,False,False,7095303.893320036,False,False,False,False
2025-03-28 00:00:00+00:00,47.7772467718,51.3925559605,47.5506742613,49.6784856639,7639469,,,,52.935083868228375,48.31391419369094,46.091673209593644,44.41193270847835,42.5460044137073,,48.31391419369094,42.5460044137073,,46.85972167873972,#000000,8.221522127604846,53.01649967952552,-0.6372606953320771,49.71472152646449,6.425130530860542,False,True,False,False,False,6.536204517984803,0.0,0.0,0.0,0.0,0,1.0071568883580673,0.9273099639934744,False,False,False,False,-0.1602688642265195,-0.1993087704846708,False,False,False,False,93709991,113615755.42000814,False,False,False,False,7135612.419740774,False,False,False,False
2025-04-04 00:00:00+00:00,43.5708788601,50.0725248126,41.6745654573,46.7428940066,11821597,,,,52.0630205137108,48.167602839508206,46.05564500770743,44.4320350214568,42.60788060687245,,48.167602839508206,42.60788060687245,,46.665236797851136,#000000,8.009147637802831,52.19721655605744,-1.0770606419141904,46.43672300224048,3.414796174681861,False,True,False,False,False,1.2134490119558414,0.0,0.0,0.0,0.0,0,0.9419869145225096,0.9473901792893176,False,False,False,False,-0.34282825441539394,-0.2710685124500324,False,False,False,False,81888394,111265580.50000754,True,False,False,False,7482722.388648865,True,False,False,False
2025-04-11 00:00:00+00:00,46.6049803046,47.9348624312,41.1573890748,41.3938125639,21037885,,,45.23241060353333,50.93300894494065,47.94724750712593,46.00536613441132,44.47126727562695,42.71611701065913,,47.94724750712593,42.71611701065913,,46.21756957938288,#000000,7.859456334092389,49.504881309743496,-0.3689696693859651,45.81974189642589,2.9274542084318185,False,True,False,True,False,4.596265872476579,0.0,0.0,0.0,0.0,0,0.9412240011003832,0.9785774190221094,True,False,False,False,-0.34282825441539394,-0.30694838343271313,False,False,False,False,102926279,110647854.46296994,False,False,False,False,8486808.508008208,False,False,False,False
2025-04-18 00:00:00+00:00,47.8659055802,48.8313014944,46.4966195387,47.5999291549,5758548,,,45.769416169509206,50.794306014028734,47.94289878848347,46.03374471105424,44.51442820584282,42.772098231294216,,47.94289878848347,42.772098231294216,,46.304482020035444,#000000,7.693738046587533,49.53683729703061,-0.21718073928598736,46.042952803854725,2.9274542084318185,False,True,False,False,False,5.938931123217408,0.0,0.0,0.0,0.0,0,0.9773715178945062,0.995397743041567,False,False,False,False,-0.1844477713040556,-0.24569807736838437,False,False,False,False,108684827,110502445.02126847,False,False,False,False,8284715.137044637,False,False,False,False
2025-04-25 00:00:00+00:00,52.1609323003,52.4466106831,46.1186374854,47.5900781762,7819309,,,46.77973642725346,50.76362536990566,48.00408788044647,46.1256512699424,44.615577867870805,42.88362991536242,,48.00408788044647,42.88362991536242,,46.528718121796864,"rgba(38, 166, 154, 0.5)",7.620269436555101,49.767691491344664,0.3140624919999216,48.21763041593019,2.9274542084318185,False,True,False,False,False,10.23214025950232,0.0,0.0,0.0,0.0,0,0.9593150110598674,0.9735534925930764,False,False,False,False,-0.1061443473021012,-0.17592121233524277,False,False,False,False,116504136,110947014.72339673,False,False,False,False,8250240.608374664,False,False,False,False
2025-05-02 00:00:00+00:00,53.9439594479,54.3774025114,51.4516618328,52.3481008959,10206787,,,48.2548637031266,50.93226228529111,48.18046817034715,46.32333193543442,44.81030720782565,43.08194963856414,,48.18046817034715,43.08194963856414,,46.93053049009817,"rgba(38, 166, 154, 1.0)",7.572431885773157,50.263202378374025,0.4860733150259513,50.50576344644398,2.9274542084318185,False,True,False,False,True,11.893966613538499,0.0,0.0,0.0,0.0,0,0.9893203259944658,0.9663751433842498,False,False,False,False,0.1522110632968133,-0.011855074519214734,False,False,False,False,126710923,112114711.63277476,False,False,False,False,8395169.970717281,False,False,False,False
2025-05-09 00:00:00+00:00,55.500414085,56.6135746799,51.6092774922,53.559771278,13010960,,,49.67659223369005,51.221277189148104,48.442880429316155,46.60491290788992,45.08293298221485,43.35534750334884,,48.442880429316155,43.35534750334884,,47.39732387426799,"rgba(38, 166, 154, 1.0)",7.587849668373501,50.8349735809783,0.6148567391190509,52.757218984911816,2.9274542084318185,False,True,False,False,True,13.304019503257095,0.0,0.0,0.0,0.0,0,0.9826615864809997,0.9774926971321407,False,False,False,False,0.3428282466722224,0.16548658607650382,False,False,False,False,139721883,114159687.28960624,False,False,False,False,8737080.343256742,False,False,False,False
2025-05-16 00:00:00+00:00,58.7906409761,59.2930408906,55.9338571485,57.6774803812,12026030,,,51.11043920507938,51.684891537409605,48.792383075157375,46.953537427136915,45.40805135261208,43.6705582484776,,48.792383075157375,43.6705582484776,,47.93664347431217,"rgba(0, 255, 255, 0.75)",7.661266787632411,53.06802321231431,0.7469545079703683,55.56051564207942,-1.665162411658244,False,True,True,False,True,16.14090249125022,0.0,0.0,0.0,0.0,0,0.999186152443226,0.9581620317054963,False,False,False,False,0.3428282487473806,0.2541574174119422,False,False,False,False,151747913,116944000.30519097,False,False,False,False,8980706.243756242,False,False,False,False
2025-05-23 00:00:00+00:00,55.7171356168,58.6527272741,55.5890728934,57.8646489768,8319417,,,51.70024892597061,51.90914277849165,48.98622163164729,47.15446692075926,45.600411389472306,43.86095453744642,,48.98622163164729,43.86095453744642,,48.20190769729792,"rgba(38, 166, 154, 1.0)",7.689598482403303,53.19569098359512,0.32790328896559345,55.92881451123468,-1.2516562958595543,False,True,True,False,True,12.31397390070245,0.0,0.0,0.0,0.0,0,1.0040352505935084,0.9404858365837582,False,False,False,False,0.31515830478066925,0.28465786109630575,False,False,False,False,143428496,118905814.80110276,False,False,False,False,8931721.855329854,False,False,False,False
2025-05-30 00:00:00+00:00,55.6949709146,56.7514883819,54.3845010108,56.367300212,11840772,,,52.21456142856468,52.13256761702504,49.21082564393585,47.39663784556579,45.83832996297317,44.10118746462688,,49.21082564393585,44.10118746462688,,48.482351660448565,"rgba(38, 166, 154, 1.0)",7.734212571946968,53.27311830309442,0.31313499454229693,56.180421531979775,-0.8670023794892217,False,True,True,False,True,12.287003433584882,0.0,0.0,0.0,0.0,0,0.984827909173166,0.9800424325616287,False,False,False,False,0.23069619116758935,0.25767702613194754,False,False,False,False,131587724,119845215.48250255,False,False,False,False,9147207.051231347,False,False,False,False
2025-06-06 00:00:00+00:00,57.1146466438,57.2238524692,54.5830570568,55.3872090433,9816560,,,52.61697519541555,52.33153376334051,49.4048542778952,47.60329817998167,46.04063289139811,44.30464353516515,,49.4048542778952,44.30464353516515,,48.716989640532695,"rgba(38, 166, 154, 1.0)",7.802344167093832,53.45093016357081,0.469566120356599,56.9302158876086,0.053767625395920504,False,True,True,False,True,13.528035456107471,0.0,0.0,0.0,0.0,0,0.9773172365953593,0.9776218203689242,False,False,False,False,0.24863187755120936,0.2531544518415785,False,False,False,False,141404284,121442183.5208357,False,False,False,False,9196788.751140136,False,False,False,False
2025-06-13 00:00:00+00:00,54.2058005693,57.3231304922,54.096594744,57.2536358761,12963889,,,52.91481477573274,52.50189275812026,49.60711082804152,47.82931341389749,46.26877401222309,44.5394972935168,,49.60711082804152,44.5394972935168,,48.94356718025532,"rgba(38, 166, 154, 0.5)",7.785767929968298,53.52928775648536,0.08689095525319589,55.91875337391289,0.053767625395920504,False,True,True,False,True,10.010771980738916,0.0,0.0,0.0,0.0,0,0.9661442592704705,0.9897346106086972,False,False,False,False,0.2382628715928898,0.24570866171723416,False,False,False,False,128440395,121960569.55632934,False,False,False,False,9475833.214018645,False,False,False,False
2025-06-20 00:00:00+00:00,53.9576055118,55.4815231651,53.2825149552,54.7716853005,5916982,,,52.9808906512571,52.547646396395315,49.67965719451251,47.915112340830575,46.358300155927054,44.63393647485871,,49.67965719451251,44.63393647485871,,49.01925720229688,"rgba(38, 166, 154, 0.5)",7.7670265172941155,53.51959970388938,0.05639298474588104,55.06894668781956,0.053767625395920504,False,True,True,False,True,9.71772000946953,0.0,0.0,0.0,0.0,0,0.9969613491138207,1.001069397358942,False,False,False,False,0.11616255248786361,0.18093560710254888,False,False,False,False,122523413,122002261.66326791,False,False,False,False,9212214.60557282,False,False,False,False
2025-06-27 00:00:00+00:00,54.722046289,55.7644655308,52.3890127481,53.6101324312,31606353,,54.29184152263333,53.256525387086505,52.76260767251091,50.035624643510864,48.34054051837233,46.80728835189102,45.11132784578712,54.29184152263333,50.035624643510864,45.11132784578712,,50.08653656311316,"rgba(38, 166, 154, 0.5)",7.75438064433349,53.928512136528425,0.10233366001338187,54.82235902270633,0.053767625395920504,False,True,True,False,True,10.417418167875276,1.0,55.764465,52.38901,0.0,0,0.9797606838173618,0.9675468179415516,False,False,False,False,0.0498494835462345,0.1153925453243917,False,False,False,False,154129766,124382076.79932214,False,False,False,False,10871039.671826683,False,False,False,False
2025-07-04 00:00:00+00:00,56.3998448781,56.4395560873,53.8186162795,54.7518296959,6797138,,54.51499940090676,53.35585816227199,52.8346471175572,50.12570141918969,48.442553824747634,46.91244690731842,45.22115442848603,54.51499940090676,50.12570141918969,45.22115442848603,,50.20105160863968,"rgba(38, 166, 154, 1.0)",7.783185461559204,54.02959230913284,0.3045350236961112,55.42213839413225,0.053767625395920504,False,True,True,False,True,11.931324588124955,0.0,0.0,0.0,0.0,0,0.9957590657197055,0.9582886646231373,False,False,False,False,-0.01895066554407313,0.048220939890159284,False,False,False,False,160926904,127089101.0364094,False,False,False,False,10569269.177617298,False,False,False,False
2025-07-11 00:00:00+00:00,55.7148265192,56.6678955402,54.3150063947,56.201288832,8634229,,54.7079041233695,53.47098051424839,52.92138351682598,50.23623749559113,48.56828451564977,47.042634530757816,45.35755130278914,54.7079041233695,50.23623749559113,45.35755130278914,,50.32928228560454,"rgba(38, 166, 154, 0.5)",7.789084644080861,54.13131404602345,0.20329891707877498,55.439323364525954,0.053767625395920504,False,True,True,False,True,11.090557968499336,0.0,0.0,0.0,0.0,0,1.0129620605088299,0.9611107674419772,False,False,False,False,-0.06609086594065218,-0.008934963025246448,False,False,False,False,152292675,128956032.44111982,False,False,False,False,10425932.868164165,False,False,False,False
2025-07-18 00:00:00+00:00,60.3213267874,61.6020132844,55.4914509674,55.8240323446,10256334,,55.50099248381541,53.80121831348762,53.147377877326086,50.446029317462596,48.78534857398275,47.25500009790475,45.5700592503913,55.50099248381541,50.446029317462596,45.5700592503913,,50.64371798776722,"rgba(0, 255, 255, 0.75)",7.876319542826242,54.55069217675417,0.7326562335706309,57.41173803775148,1.8864568428596442,False,False,True,False,True,15.067973289159536,0.0,0.0,0.0,0.0,0,1.0393965036268986,0.9167195341573758,False,False,False,False,0.34282823784584676,0.16694663741030016,False,False,False,False,162549009,131444401.07511094,False,False,False,False,10413369.989040893,False,False,False,False
2025-07-25 00:00:00+00:00,62.5650101077,63.0713280251,59.0406402904,60.5496662404,9094810,,56.33089615449687,54.182380911699035,53.410058125501614,50.67351222468988,49.01379934374931,47.47428312303641,45.78574728214342,56.33089615449687,50.67351222468988,45.78574728214342,,50.981525309330934,"rgba(0, 255, 255, 0.75)",8.011459653834436,55.024957303781605,0.9411584317608815,59.62147684945526,4.213572481181288,False,False,True,False,True,16.866138017152853,0.0,0.0,0.0,0.0,0,1.0247649952431515,0.9421409128084788,False,False,False,False,0.3428282438031056,0.2548874406067029,False,False,False,False,171643819,134422135.73621383,False,False,False,False,10315698.878741566,False,False,False,False
2025-08-01 00:00:00+00:00,59.3781855687,62.7635661537,58.7428062214,62.57493791,8336018,,56.77309976587899,54.445786319450335,53.60163710637052,50.850705261586775,49.1957405461297,47.651931069261124,45.96295202871989,56.77309976587899,50.850705261586775,45.96295202871989,,51.21169315677105,"rgba(38, 166, 154, 1.0)",8.065852761709118,55.314062632154275,0.5038677318583425,59.305959876258086,4.213572481181288,False,False,True,False,True,13.03780056764506,0.0,0.0,0.0,0.0,0,0.9996832480401777,0.967577619975304,False,False,False,False,0.31102090433591995,0.2829541724713114,False,False,False,False,163307801,136561814.64464244,False,False,False,False,10169055.850686636,False,False,False,False
2025-08-08 00:00:00+00:00,60.8177169025,63.6372127563,59.5866694171,60.0929873345,10886470,61.347199691966665,57.35474928383493,54.81348848995918,53.87324100812052,51.097230876561916,49.44640107505414,47.89535493545301,46.204479782190056,57.35474928383493,51.097230876561916,46.204479782190056,61.347199691966665,51.52642077873911,"rgba(38, 166, 154, 1.0)",8.150537789804096,57.589219149046684,0.3961085558663384,59.63686418910028,4.5703050292552945,False,False,True,False,True,14.205565606187857,0.0,0.0,0.0,0.0,0,1.0321295858677202,0.9326709664953678,False,False,False,False,0.34282824458609396,0.31289120852870267,False,False,False,False,174194271,139349404.00429857,False,False,False,False,10222197.639524663,False,False,False,False
2025-08-15 00:00:00+00:00,60.966633937,62.9124831883,60.569521845,60.8177169025,7840574,61.40400571027537,57.70109754069823,55.05995163470793,54.060686949352935,51.26998460069212,49.62260398731538,48.06709415490146,46.375302791984,57.70109754069823,51.26998460069212,46.375302791984,61.40400571027537,51.736674522807434,"rgba(38, 166, 154, 1.0)",8.23391261482799,57.81057225527489,0.3833003614881135,59.93168248611887,5.069220286107772,False,False,True,False,True,14.326270954179144,0.0,0.0,0.0,0.0,0,1.0586227281984906,0.947526630629803,False,False,False,False,0.3428282447516131,0.3278597266401579,False,False,False,False,182034845,142511288.52249867,False,False,False,False,10045781.073633946,False,False,False,False
2025-08-22 00:00:00+00:00,60.6191608565,60.9269227278,58.1024629729,60.8375725071,5460445,61.06059704314166,57.821540847443195,55.18096079839101,54.158881932718465,51.36861696415345,49.72615307053085,48.17019556477177,46.479668193325494,57.821540847443195,51.36861696415345,46.479668193325494,61.06059704314166,51.843716767333454,"rgba(38, 166, 154, 1.0)",8.284140522804668,57.80905111336769,0.33921560545679014,59.920868187324814,5.290052287096408,False,False,True,False,True,13.905985460998313,0.0,0.0,0.0,0.0,0,1.00033772042754,0.9807257700720763,False,False,False,False,0.13917536334113415,0.23351754499064603,False,False,False,False,176574400,145034481.96527654,False,False,False,False,9706126.54966106,False,False,False,False
2025-08-29 00:00:00+00:00,60.16,61.2148289946,59.1498461158,60.5595940427,10048646,60.80063372021681,58.03857250075436,55.401369487108454,54.33998202448782,51.55037192359923,49.916672820977034,48.35991658833472,46.671666374699576,58.03857250075436,51.55037192359923,46.671666374699576,60.80063372021681,52.039793102851604,"rgba(38, 166, 154, 1.0)",8.335509209528874,57.89781959009345,0.27139078765823926,59.609184038589746,5.290052287096408,False,False,True,False,True,13.345496288071068,0.0,0.0,0.0,0.0,0,1.0350923153923774,0.9548556218848455,False,False,False,False,0.19833763717628008,0.21592759108346304,False,False,False,False,166525754,146626428.04192272,False,False,False,False,9731498.360797279,False,False,False,False
