date,Close,High,Low,Open,Volume,aVWAP_peak_167,aVWAP_peak_148,aVWAP_valley_177,aVWAP_valley_144,aVWAP_valley_111,aVWAP_OB_bull_111,Peaks_avg,Valleys_avg,color,StDev,StDev_Mean,StdDev_ZScore,QQEMOD,QQE1_Value,QQE1_Above_Upper,QQE1_Below_Lower,QQE2_Above_Threshold,QQE2_Below_Threshold,QQE2_Above_TL,banker_RSI,OB,OB_High,OB_Low,OB_Mitigated_Index,TTM_squeeze_Active,VI_plus,VI_minus,VI_Regular_Bullish,VI_Regular_Bearish,VI_Hidden_Bullish,VI_Hidden_Bearish,Fisher,Fisher_Signal,Fisher_Regular_Bullish,Fisher_Regular_Bearish,Fisher_Hidden_Bullish,Fisher_Hidden_Bearish,OBV,OBV_Smoothed,OBV_Regular_Bullish,OBV_Regular_Bearish,OBV_Hidden_Bullish,OBV_Hidden_Bearish,Volume_MA,Vol_Regular_Bullish,Vol_Regular_Bearish,Vol_Hidden_Bullish,Vol_Hidden_Bearish
2022-01-03 00:00:00+00:00,30.46,31.0,28.81,29.56,973261,,,,,,,,,#000000,,,,,,False,False,False,False,False,,0.0,0.0,0.0,0.0,0,,,False,False,False,False,,,False,False,False,False,0,0.0,False,False,False,False,973261.0,False,False,False,False
2022-01-04 00:00:00+00:00,29.33,30.44,28.845,29.88,1519352,,,,,,,,,#000000,,,,0.0,,False,False,False,True,False,,0.0,0.0,0.0,0.0,0,,,False,False,False,False,,,False,False,False,False,-1519352,-59582.43137254902,False,False,False,False,994676.3333333334,False,False,False,False
2022-01-05 00:00:00+00:00,27.67,29.99,27.63,29.32,1265135,,,,,,,,,#000000,,,,0.0,-50.0,False,False,False,True,True,,0.0,0.0,0.0,0.0,0,,,False,False,False,False,,,False,False,False,False,-2784487,-166441.43406382162,False,False,False,False,1005282.5555555556,False,False,False,False
2022-01-06 00:00:00+00:00,28.41,28.765,27.07,27.69,1261282,,,,,,,,,#000000,,,,7.749562929497491,-42.89623398129397,False,False,False,True,True,,0.0,0.0,0.0,0.0,0,,,False,False,False,False,,,False,False,False,False,-1523205,-219647.84841426,False,False,False,False,1015321.7494553378,False,False,False,False
2022-01-07 00:00:00+00:00,28.63,29.6594,28.0,28.37,1023858,,,,,,,,,#000000,,,,14.723622086292393,-36.933877694759616,False,False,False,True,True,,0.0,0.0,0.0,0.0,0,,,False,False,False,False,,,False,False,False,False,-499347,-230616.44259409295,False,False,False,False,1015656.5043786579,False,False,False,False
2022-01-10 00:00:00+00:00,29.17,29.255,27.4684,28.55,910401,,,,,,,,,#000000,,,,23.18218213278457,-29.836727429237943,False,False,False,True,True,,0.0,0.0,0.0,0.0,0,,,False,False,False,False,,,False,False,False,False,411054,-205452.89582569717,False,False,False,False,1011528.8375402791,False,False,False,False
2022-01-11 00:00:00+00:00,30.23,30.25,28.85,29.13,1025748,,,,,,,,,#000000,,,,33.953175601176284,-20.824881609941094,False,False,False,True,True,,0.0,0.0,0.0,0.0,0,,,False,False,False,False,,,False,False,False,False,1436802,-141050.74304821884,False,False,False,False,1012086.4517543858,False,False,False,False
2022-01-12 00:00:00+00:00,29.16,30.46,29.08,30.28,1356493,,,,,,,,,#000000,,,,37.02668603946728,-19.09640354195919,False,False,False,True,True,,0.0,0.0,0.0,0.0,0,,,False,False,False,False,,,False,False,False,False,80309,-132369.9688110338,False,False,False,False,1025592.5909012727,False,False,False,False
2022-01-13 00:00:00+00:00,27.73,29.04,27.6,29.04,1445118,,,,,,,,,#000000,,,,35.53429293276679,-19.09640354195919,False,False,False,True,True,,0.0,0.0,0.0,0.0,0,,,False,False,False,False,,,False,False,False,False,-1364809,-180700.9112106011,False,False,False,False,1042044.5677286739,False,False,False,False
2022-01-14 00:00:00+00:00,28.99,29.13,27.14,27.37,1122121,,,,,,,,,#000000,,,,38.869175175319455,-18.84228631740985,False,False,False,True,True,,0.0,0.0,0.0,0.0,0,,,False,False,False,False,,,False,False,False,False,-242688,-183131.77743763634,False,False,False,False,1045184.8199746083,False,False,False,False
2022-01-18 00:00:00+00:00,27.43,29.19,27.34,28.78,1500265,,,,,,,,,#000000,,,,37.938438364534235,-18.84228631740985,False,False,False,True,True,,0.0,0.0,0.0,0.0,0,,,False,False,False,False,,,False,False,False,False,-1742953,-244301.23714596435,False,False,False,False,1063031.1015442314,False,False,False,False
2022-01-19 00:00:00+00:00,27.84,30.23,27.3,27.55,1289650,,,,,,,,,#000000,,,,38.5253516770717,-18.84228631740985,False,False,False,True,True,,0.0,0.0,0.0,0.0,0,,,False,False,False,False,,,False,False,False,False,-453303,-252497.38470886773,False,False,False,False,1071918.1171699478,False,False,False,False
2022-01-20 00:00:00+00:00,26.79,29.13,26.53,28.49,1858635,,,,,,,,,#000000,,,,37.095016497180836,-18.84228631740985,False,False,False,True,True,,0.0,0.0,0.0,0.0,0,,,False,False,False,False,,,False,False,False,False,-2311938,-333259.7617791082,False,False,False,False,1102769.7596338715,False,False,False,False
2022-01-21 00:00:00+00:00,26.54,27.13,26.12,26.59,1511436,,,,,,,,,#000000,,,,35.744361792965734,-18.84228631740985,False,False,False,True,True,,0.0,0.0,0.0,0.0,0,,,False,False,False,False,,,False,False,False,False,-3823374,-470126.9868073785,False,False,False,False,1118795.886707053,False,False,False,False
2022-01-24 00:00:00+00:00,27.66,27.82,25.21,26.25,2155457,,,,,,,,,#000000,,26.896666666666665,,38.111044547849424,-18.84228631740985,False,False,False,True,True,,0.0,0.0,0.0,0.0,0,,,False,False,False,False,,,False,False,False,False,-1667917,-517099.1441874813,False,False,False,False,1159449.2636989334,False,False,False,False
2022-01-25 00:00:00+00:00,26.83,27.95,26.09,27.19,2051446,,,,,,,,,#000000,,26.92592495001667,,38.1663278482756,-18.84228631740985,False,False,False,True,True,,0.0,0.0,0.0,0.0,0,,,False,False,False,False,,,False,False,False,False,-3719363,-642678.1189252272,False,False,False,False,1194429.5278676027,False,False,False,False
2022-01-26 00:00:00+00:00,26.51,28.23,26.33,27.43,1612842,,,,,,,,,#000000,,26.95292000422699,,37.65128180069057,-18.84228631740985,False,False,False,True,True,,0.0,0.0,0.0,0.0,0,,,False,False,False,False,,,False,False,False,False,-5332205,-826581.133869336,False,False,False,False,1210837.860108089,False,False,False,False
2022-01-27 00:00:00+00:00,25.68,27.54,25.52,26.96,1680791,,,,,,,,,#000000,,26.79465608102319,,35.966889051911934,-18.84228631740985,False,False,False,True,True,,0.0,0.0,0.0,0.0,1,,,False,False,False,False,,,False,False,False,False,-7012996,-1069185.6384234796,False,False,False,False,1229267.3950058108,False,False,False,False
2022-01-28 00:00:00+00:00,27.42,27.46,25.25,25.61,1636585,,,,,,,,,#000000,,26.7794930036861,,39.385209623580515,-17.28547940423482,False,False,False,True,True,,0.0,0.0,0.0,0.0,1,,,False,False,False,False,,,False,False,False,False,-5376411,-1238096.4369166766,False,False,False,False,1245240.6344173476,False,False,False,False
2022-01-31 00:00:00+00:00,28.85,29.33,27.465,27.51,1616400,,,,,,,,,#000000,,27.045373686751844,,44.43360571976534,-12.386338161186679,False,False,False,True,True,,0.0,0.0,0.0,0.0,1,,,False,False,False,False,,,False,False,False,False,-3760011,-1336995.0472336696,False,False,False,False,1259795.903655883,False,False,False,False
2022-02-01 00:00:00+00:00,29.33,30.01,28.37,28.93,1190975,,,,,,,,,#000000,,27.26386554750127,,48.617147113931765,-8.465631534519268,False,False,False,False,True,,0.0,0.0,0.0,0.0,1,,,False,False,False,False,,,False,False,False,False,-2569036,-1385310.378714702,False,False,False,False,1257097.0446889857,False,False,False,False
2022-02-02 00:00:00+00:00,28.1,29.47,27.76,29.11,1102519,,,,,,,,,#000000,,27.36353475488455,,48.898236996280225,-8.193746101783852,False,False,False,False,True,,0.0,0.0,0.0,0.0,1,,,False,False,False,False,,,False,False,False,False,-3671555,-1474967.030529812,False,False,False,False,1251035.1605835352,False,False,False,False
2022-02-03 00:00:00+00:00,27.27,28.33,27.06,27.07,809468,,,,,,,,,#000000,,27.374622407913083,,47.614059607178746,-8.193746101783852,False,False,False,False,True,,0.0,0.0,0.0,0.0,1,,,False,False,False,False,,,False,False,False,False,-4481023,-1592851.5783521722,False,False,False,False,1233718.8013449654,False,False,False,False
2022-02-04 00:00:00+00:00,27.59,28.08,26.95,27.27,604759,,,,,,,,,#000000,,27.38153838284891,,47.42605968096869,-8.193746101783852,False,False,False,False,True,,0.0,0.0,0.0,0.0,1,,,False,False,False,False,,,False,False,False,False,-3876264,-1682397.163514832,False,False,False,False,1209053.7110961431,False,False,False,False
2022-02-07 00:00:00+00:00,28.8,29.17,27.4543,27.56,882265,,,,,,,,,#000000,,27.44439996018077,,49.62562431995886,-6.976283248423179,False,False,False,False,True,,0.0,0.0,0.0,0.0,1,,,False,False,False,False,,,False,False,False,False,-2993999,-1733832.5296515054,False,False,False,False,1196238.4675237455,False,False,False,False
2022-02-08 00:00:00+00:00,29.04,29.45,28.265,28.61,1123351,,,,,,,,,#000000,,27.544950079011233,,51.520130734962954,-4.93861231212184,False,False,False,False,True,,0.0,0.0,0.0,0.0,1,,,False,False,False,False,,,False,False,False,False,-1870648,-1739197.8422141916,False,False,False,False,1193380.1354639907,False,False,False,False
2022-02-09 00:00:00+00:00,30.45,30.51,29.24,29.35,1225929,,,,,,,,,#000000,,27.719679221151917,,55.06132593632743,-1.413687375328962,False,False,True,False,True,,0.0,0.0,0.0,0.0,1,,,False,False,False,False,,,False,False,False,False,-644719,-1696277.103303831,False,False,False,False,1194656.5615242266,False,False,False,False
2022-02-10 00:00:00+00:00,30.85,32.62,29.44,29.79,2159761,,,,,,,,,#000000,,28.073281995750204,,57.99689601744633,1.4458145517346566,False,False,True,False,True,,0.0,0.0,0.0,0.0,0,,,False,False,False,False,,,False,False,False,False,1515042,-1570343.020821328,False,False,False,False,1232503.7944056294,False,False,False,False
2022-02-11 00:00:00+00:00,30.8,32.4,30.375,30.77,1003716,,,,,,,,,#000000,,28.22335549828899,,59.82143740779168,3.247460204393711,False,False,True,False,True,,0.0,0.0,0.0,0.0,0,,,False,False,False,False,,,False,False,False,False,511326,-1488708.9415734329,False,False,False,False,1223531.7240367811,False,False,False,False
2022-02-14 00:00:00+00:00,30.45,31.43,30.1913,31.0,529067,,,,,,,,,#000000,,28.28439030148906,,60.07022835667097,3.6422292342341933,False,False,True,False,True,,0.0,0.0,0.0,0.0,0,,,False,False,False,False,,,False,False,False,False,-17741,-1431023.9242568277,False,False,False,False,1196297.8132902407,False,False,False,False
2022-02-15 00:00:00+00:00,32.03,32.225,30.99,31.12,878305,,,,,,,,,#000000,,28.42104356354311,,62.66864977449172,6.304044732416173,False,False,True,False,True,,0.0,0.0,0.0,0.0,0,,,False,False,False,False,,,False,False,False,False,860564,-1341157.7311487168,False,False,False,False,1183827.5068867018,False,False,False,False
2022-02-16 00:00:00+00:00,34.44,34.82,31.16,32.12,1293506,,,,,,,,,#000000,,31.085897276762182,,66.9389453547943,10.439300599113153,False,False,True,False,True,,0.0,0.0,0.0,0.0,0,,,False,False,False,False,,,False,False,False,False,2154070,-1204089.9769860222,False,False,False,False,1188128.624263694,False,False,False,False
2022-02-17 00:00:00+00:00,33.0,34.6,32.67,34.03,1834744,,,,,,,,,#000000,,31.241937348086733,,66.39555569974985,10.439300599113153,False,False,True,False,True,,0.0,0.0,0.0,0.0,0,,,False,False,False,False,,,False,False,False,False,319326,-1144348.1739669624,False,False,False,False,1213486.0899788435,False,False,False,False
2022-02-18 00:00:00+00:00,32.52,33.73,32.09,32.92,1000888,,,,,,,,,#000000,,31.232378967499034,,65.00834843767875,10.439300599113153,False,False,True,False,True,,0.0,0.0,0.0,0.0,0,,,False,False,False,False,,,False,False,False,False,-681562,-1126199.6965564934,False,False,False,False,1205148.909979673,False,False,False,False
2022-02-22 00:00:00+00:00,31.22,32.9099,31.16,32.18,1070973,,,,,,,,,#000000,,31.12621655470402,,61.53174306768365,10.439300599113153,False,False,True,False,False,,0.0,0.0,0.0,0.0,0,,,False,False,False,False,,,False,False,False,False,-1752535,-1150761.865318984,False,False,False,False,1199887.1095883134,False,False,False,False
2022-02-23 00:00:00+00:00,28.78,31.59,28.5909,31.53,1649671,,,,,,,,,#000000,,30.73737845955357,,55.52937645860395,12.299291298073868,False,False,True,False,False,,0.0,0.0,0.0,0.0,0,,,False,False,False,False,,,False,False,False,False,-3402206,-1239053.79216922,False,False,False,False,1217525.6935260266,False,False,False,False
2022-02-24 00:00:00+00:00,30.2,30.51,27.11,27.47,1625354,,,,,,,,,#000000,,30.063573892499004,,53.688411323197926,10.670748451261062,False,False,True,False,False,,0.0,0.0,0.0,0.0,0,,,False,False,False,False,,,False,False,False,False,-1776852,-1260143.9179665055,False,False,False,False,1233518.9604465745,False,False,False,False
2022-02-25 00:00:00+00:00,29.84,30.34,28.42,30.07,1419770,,,,,,,,,#000000,,30.007798966472944,,51.94412761304426,9.025383386030398,False,False,False,False,False,,0.0,0.0,0.0,0.0,0,,,False,False,False,False,,,False,False,False,False,-3196622,-1336084.2349089957,False,False,False,False,1240822.922782003,False,False,False,False
2022-02-28 00:00:00+00:00,30.2,30.86,29.12,29.82,952530,,,,,,,,,#000000,,30.03103641616966,,51.34809473298094,8.351011866808157,False,False,False,False,False,,0.0,0.0,0.0,0.0,0,,,False,False,False,False,,,False,False,False,False,-2244092,-1371692.3825596233,False,False,False,False,1229517.3179670225,False,False,False,False
2022-03-01 00:00:00+00:00,29.87,31.1,29.67,30.14,976652,,,,,,,,,#000000,,30.055304694779043,,50.41249321601456,7.244449834233414,False,False,False,False,False,,0.0,0.0,0.0,0.0,0,,,False,False,False,False,,,False,False,False,False,-3220744,-1444204.2106945403,False,False,False,False,1219601.0309879237,False,False,False,False
2022-03-02 00:00:00+00:00,28.94,29.85,28.42,29.85,1044952,,,,,,,,,#000000,,29.961378998513542,,48.32045400057894,5.018248067072214,False,False,False,False,False,,0.0,0.0,0.0,0.0,0,,,False,False,False,False,,,False,False,False,False,-4265696,-1554850.9475300484,False,False,False,False,1212752.0493805544,False,False,False,False
2022-03-03 00:00:00+00:00,28.49,29.35,27.98,29.04,1053793,,,,,,,,,#000000,,29.846691683546954,,46.247904018250644,2.8391923093925797,False,False,False,True,False,,0.0,0.0,0.0,0.0,0,,,False,False,False,False,,,False,False,False,False,-5319489,-1702483.8123327915,False,False,False,False,1206518.3611695522,False,False,False,False
2022-03-04 00:00:00+00:00,27.53,28.87,27.26,27.57,837202,,,,,,,,,#000000,,29.726611612181927,,43.496848040972246,0.060337311472792976,False,False,False,True,False,,0.0,0.0,0.0,0.0,0,,,False,False,False,False,,,False,False,False,False,-6156691,-1877158.6040060155,False,False,False,False,1192035.3666138835,False,False,False,False
2022-03-07 00:00:00+00:00,27.88,28.61,27.4,27.4,778145,,,,,,,,,#000000,,29.634234010781526,,42.44112192808187,-1.1090356471915896,False,False,False,True,False,,0.0,0.0,0.0,0.0,0,,,False,False,False,False,,,False,False,False,False,-5378546,-2014467.9136528384,False,False,False,False,1175804.3718447115,False,False,False,False
2022-03-08 00:00:00+00:00,28.67,29.83,27.39,27.82,1115579,,,,,,,,,#000000,,29.566984409924945,,43.437963739251686,-1.1090356471915896,False,False,False,True,False,,0.0,0.0,0.0,0.0,0,,,False,False,False,False,,,False,False,False,False,-4262967,-2102644.3484115507,False,False,False,False,1173442.5925566836,False,False,False,False
2022-03-09 00:00:00+00:00,29.21,29.735,28.99,29.23,1170265,,,,,,,,,#000000,,29.55247271526805,,45.201276015446695,-1.1090356471915896,False,False,False,True,False,,0.0,0.0,0.0,0.0,0,,,False,False,False,False,,,False,False,False,False,-3092702,-2141470.1386699216,False,False,False,False,1173317.9810838725,False,False,False,False
2022-03-10 00:00:00+00:00,28.6,29.01,27.85,28.94,1421417,,,,,,,,,#000000,,29.475305288634047,,45.24276746162807,-1.1090356471915896,False,False,False,True,False,,0.0,0.0,0.0,0.0,0,,,False,False,False,False,,,False,False,False,False,-4514119,-2234515.192055415,False,False,False,False,1183047.3543747012,False,False,False,False
2022-03-11 00:00:00+00:00,27.81,29.29,27.5,28.92,686147,,,,,,,,,#000000,,29.432545724634466,,43.90361738682432,-1.1090356471915896,False,False,False,True,False,,0.0,0.0,0.0,0.0,0,,,False,False,False,False,,,False,False,False,False,-5200266,-2350819.145308144,False,False,False,False,1163561.0659678502,False,False,False,False
2022-03-14 00:00:00+00:00,28.39,29.2244,27.675,27.8,1405950,,,,,,,,,#000000,,29.36930094969318,,44.34475119120186,-1.1090356471915896,False,False,False,True,False,,0.0,0.0,0.0,0.0,0,,,False,False,False,False,,,False,False,False,False,-3794316,-2407426.8650999814,False,False,False,False,1173066.5143612677,False,False,False,False
2022-03-15 00:00:00+00:00,28.85,29.01,27.95,28.55,755813,,,,,,,,,#000000,,29.34467519255953,,45.662516617817275,-1.1090356471915896,False,False,False,True,True,0.0,0.0,0.0,0.0,0.0,0,,,False,False,False,False,-0.13822249625185998,-0.13822249625185998,False,False,False,False,-3038503,-2432174.948821551,False,False,False,False,1156703.6314451396,False,False,False,False
2022-03-16 00:00:00+00:00,30.13,30.14,28.43,29.3,822227,,,,,,,,,#000000,,29.35358814930787,,49.065449421529955,-6.008512337155082,False,False,False,False,True,1.4179492865110568,0.0,0.0,0.0,0.0,1,0.9807668837339052,0.9935163149131295,False,False,False,False,-0.06445725507574626,-0.10133987566380312,False,False,False,False,-2216276,-2423708.3233775687,False,False,False,False,1143586.9008002323,False,False,False,False
2022-03-17 00:00:00+00:00,31.19,31.22,28.8,30.13,829012,,,,,,,,,#000000,,29.39016743273292,,53.065755178276774,-2.1853334221811593,True,False,True,False,True,4.159865749411914,0.0,0.0,0.0,0.0,1,0.9847689086977095,0.9760731438052668,False,False,False,False,0.001359886396517467,-0.04998999463364283,False,False,False,False,-1387264,-2383063.4479509974,False,False,False,False,1131250.6301806152,False,False,False,False
2022-03-18 00:00:00+00:00,32.59,32.895,30.78,31.19,1809693,,,,,,,,,#000000,,29.575968926216916,,57.6280992278883,2.0196741109665055,True,False,True,False,True,7.547351174859276,0.0,0.0,0.0,0.0,1,1.01933307916923,0.9529940820199115,False,False,False,False,0.16861996631715198,0.059314985841754576,False,False,False,False,422429,-2273044.1362666446,False,False,False,False,1157856.2133107872,False,False,False,False
2022-03-21 00:00:00+00:00,32.15,32.88,31.71,32.59,864177,,,,,,,,,#000000,,29.659844236287057,,59.60014822882288,3.7350249230822357,True,False,True,False,True,6.3005700590608775,0.0,0.0,0.0,0.0,0,1.035673904566042,0.9395449861552572,False,False,False,False,0.21161988539864757,0.13546743562020108,False,False,False,False,-441748,-2201228.60151109,False,False,False,False,1146339.3814162465,False,False,False,False
2022-03-22 00:00:00+00:00,33.67,33.77,31.765,32.31,895581,,,,,,,,,#000000,,29.766641430208324,,62.79161328112464,6.645192015060779,True,False,True,False,True,9.773347867988502,0.0,0.0,0.0,0.0,0,1.0260446622549904,0.9398194670828024,False,False,False,False,0.25685654871659597,0.19616199216839852,False,False,False,False,453833,-2097108.5387067336,False,False,False,False,1136505.7193999232,False,False,False,False
2022-03-23 00:00:00+00:00,33.56,35.2,33.32,33.39,821277,,,,,,,,,#000000,,29.885059488839328,,64.63921331969527,8.31421350202784,True,False,True,False,True,9.458073939018167,0.0,0.0,0.0,0.0,0,1.0486390265690115,0.9199937556101938,False,False,False,False,0.34282824504591125,0.2694951186071549,False,False,False,False,-367444,-2029278.5567966658,False,False,False,False,1124143.8088352203,False,False,False,False
2022-03-24 00:00:00+00:00,34.85,35.05,33.25,33.6,559886,,,,,,,,,#000000,,29.9683493737087,,67.30065076662288,10.805546051366434,True,False,True,False,True,12.250673975334141,0.0,0.0,0.0,0.0,0,1.032760236089583,0.9326984935688474,False,False,False,False,0.33255638753942834,0.3010257530732916,False,False,False,False,192442,-1942152.2604516984,False,False,False,False,1102016.051625996,False,False,False,False
2022-03-25 00:00:00+00:00,34.44,35.0,34.11,34.9,755883,,,,,,,,,#000000,,30.078794707421284,,67.98040946827332,11.49094936886631,True,False,True,False,True,11.061442942026122,0.0,0.0,0.0,0.0,0,1.0397709022406267,0.9351620352284469,False,False,False,False,0.34282824538298423,0.32192699922813794,False,False,False,False,-563441,-1888085.1521986907,False,False,False,False,1088442.2064641921,False,False,False,False
2022-03-28 00:00:00+00:00,35.28,35.33,34.32,34.6,684955,,,,,,,,,#000000,,30.183879952719735,,69.37866907255031,12.956869992110299,True,False,True,False,True,12.832887216338822,0.0,0.0,0.0,0.0,0,1.0588955796111035,0.9169785203072395,False,False,False,False,0.3428282456709121,0.332377622449525,False,False,False,False,121514,-1809277.3423085462,False,False,False,False,1072619.178759714,False,False,False,False
2022-03-29 00:00:00+00:00,35.59,36.44,35.2,35.77,1065023,,,,,,,,,#000000,,30.36276351003308,,70.64642604215015,14.344350674093903,True,False,True,False,True,13.47479708230594,0.0,0.0,0.0,0.0,0,1.0741309018544283,0.9050662170015673,False,False,False,False,0.3428282465901683,0.3376029345198467,False,False,False,False,1186537,-1691794.4269238974,False,False,False,False,1072321.289396588,False,False,False,False
2022-03-30 00:00:00+00:00,34.95,36.01,34.67,35.61,563193,,,,,,,,,#000000,,30.44333169791379,,69.6393917208512,14.344350674093903,True,False,True,False,True,11.591236902364287,0.0,0.0,0.0,0.0,0,1.066469049000031,0.9099540859924643,False,False,False,False,0.30571000169220003,0.32165646810602333,False,False,False,False,623344,-1601004.6846915877,False,False,False,False,1052355.4741261336,False,False,False,False
2022-03-31 00:00:00+00:00,34.64,35.8,34.57,35.2,733397,,,,,,,,,#000000,,30.539512528362394,,68.0915486669728,14.344350674093903,True,False,True,False,True,10.689575332212183,0.0,0.0,0.0,0.0,0,1.0670669247812568,0.9223287170531616,False,False,False,False,0.293900721051424,0.3077785945787237,False,False,False,False,-110053,-1542535.9911742706,False,False,False,False,1039847.2986702068,False,False,False,False
2022-04-01 00:00:00+00:00,35.91,36.02,34.58,34.78,1204782,,,,,,,,,#000000,,30.70528700309565,,68.79933470702933,14.344350674093903,True,False,True,False,True,13.372213725504945,0.0,0.0,0.0,0.0,0,1.0768722537458792,0.9062101350208271,False,False,False,False,0.3026546397854621,0.3052166171820929,False,False,False,False,1094729,-1439113.8346576325,False,False,False,False,1046315.326173336,False,False,False,False
2022-04-04 00:00:00+00:00,37.3,38.0,35.96,36.17,1223987,,,,,,,,,#000000,,30.9146446822286,,70.78215379798807,15.18276594505069,True,False,True,False,True,16.115473583730438,0.0,0.0,0.0,0.0,0,1.0955818921714309,0.8618494446878373,False,False,False,False,0.3428282474444988,0.32402243231329586,False,False,False,False,2318716,-1291747.9587887058,False,False,False,False,1053282.8427939895,False,False,False,False
2022-04-05 00:00:00+00:00,37.39,38.05,36.695,37.14,1449359,,,,,,,,,#000000,,32.710997730937045,,72.1942925395567,16.734671267799044,True,False,True,False,True,16.288143955527367,0.0,0.0,0.0,0.0,0,1.1157972139946257,0.8671939964126915,False,False,False,False,0.34282824769283793,0.3334253400030669,False,False,False,False,3768075,-1093323.5290322858,False,True,False,False,1068815.2411157938,False,True,False,False
2022-04-06 00:00:00+00:00,36.87,37.596,36.71,37.0,1072886,,,,,,,,,#000000,,32.795015459276854,,71.54026991699507,16.734671267799044,True,False,True,False,True,14.736751272309341,0.0,0.0,0.0,0.0,0,1.107084363250546,0.8724601488640602,False,False,False,False,0.3281426876518305,0.3307840138274487,False,False,False,False,2695189,-944754.410246706,False,False,False,False,1068974.878719096,False,False,False,False
2022-04-07 00:00:00+00:00,36.05,36.72,35.5,36.59,934689,,,,,,,,,#000000,,32.79776357317884,,68.77150739017405,16.734671267799044,True,False,True,False,False,12.348140113916852,0.0,0.0,0.0,0.0,0,1.0890986180099251,0.8833967726371094,False,False,False,False,0.26007995384875787,0.2954319838381033,False,False,False,False,1760500,-838666.0020017372,False,False,False,False,1063708.765828151,False,False,False,False
2022-04-08 00:00:00+00:00,34.8,36.06,34.76,36.01,972515,,,,,,,,,#000000,,32.7674615887652,,63.90802432955407,19.348456510469532,True,False,True,False,False,8.875342261245368,0.0,0.0,0.0,0.0,0,1.0906753106936924,0.8820574539454042,False,False,False,False,0.2157221759500331,0.2555770798940682,False,False,False,False,787985,-774875.7666291201,False,False,False,False,1060132.539717243,False,False,False,False
2022-04-11 00:00:00+00:00,34.04,34.89,33.75,34.352,922531,,,,,,,,,#000000,,32.709470118047484,,59.08754703750135,14.935109411409414,True,False,True,False,False,6.856254417299091,0.0,0.0,0.0,0.0,0,1.0830220749448305,0.8935293963610741,False,False,False,False,0.12628976480393286,0.19093342234900051,False,False,False,False,-134546,-749764.7953887625,False,False,False,False,1054736.4009048021,False,False,False,False
2022-04-12 00:00:00+00:00,35.01,35.47,34.3,34.3,709132,,,,,,,,,#000000,,32.713480759084646,,57.715292617510485,13.797506538942983,False,False,True,False,False,8.92769477995122,0.0,0.0,0.0,0.0,0,1.0609932745786737,0.9056669276388721,False,False,False,False,0.16493108594901015,0.17793225414900532,False,False,False,False,574586,-697829.4700793992,False,False,False,False,1041183.2871438295,False,False,False,False
2022-04-13 00:00:00+00:00,36.07,36.35,35.22,35.22,659995,,,,,,,,,#000000,,32.75698127501141,,58.54314377918567,13.797506538942983,False,False,True,False,False,11.093886515938696,0.0,0.0,0.0,0.0,0,1.0588703147038825,0.9004010390009828,False,False,False,False,0.22755855913285522,0.20274540664093027,False,False,False,False,1234581,-622048.6673311874,False,False,False,False,1026234.7268636794,False,False,False,False
2022-04-14 00:00:00+00:00,35.44,36.49,35.4,35.83,655098,,,,,,,,,#000000,,32.7958736629749,,57.67936001954948,13.769588323675926,False,False,True,False,False,9.415438387924336,0.0,0.0,0.0,0.0,0,1.0688746916374747,0.8914224984203608,False,False,False,False,0.23886459148895475,0.2208049990649425,False,False,False,False,579483,-574929.7784162388,False,False,False,False,1011680.3454180448,False,False,False,False
2022-04-18 00:00:00+00:00,34.02,35.9952,33.77,35.43,742315,,,,,,,,,#000000,,32.79780159528241,,54.32683320014247,10.489088445379544,False,False,False,False,False,5.7927600471916705,0.0,0.0,0.0,0.0,0,1.0569589201737488,0.8849429812490277,False,False,False,False,0.16476598966847275,0.1927854943667076,False,False,False,False,-162832,-558769.0812234451,False,False,False,False,1001116.9985389059,False,False,False,False
2022-04-19 00:00:00+00:00,34.69,35.37,33.765,34.33,784776,,,,,,,,,#000000,,32.80483793383484,,53.34413654392006,9.46712812946813,False,True,False,False,False,7.19375942730893,0.0,0.0,0.0,0.0,0,1.0578863452477274,0.8900575888820143,False,False,False,False,0.1331512410264513,0.16296836769657946,False,False,False,False,621944,-512466.6074499767,False,False,False,False,992633.03781189,False,False,False,False
2022-04-20 00:00:00+00:00,35.66,36.15,34.23,34.76,1059460,,,,,,,,,"rgba(38, 166, 154, 0.5)",3.188625041872695,32.851379421711215,0.8808249767239064,54.35052857385498,9.46712812946813,False,True,True,False,False,9.162685355667563,0.0,0.0,0.0,0.0,0,1.0572794940669428,0.8940037959222918,False,False,False,False,0.17808810643506628,0.17052823706582287,False,False,False,False,1681404,-426432.46598135016,False,False,False,False,995253.7029957375,False,False,False,False
2022-04-21 00:00:00+00:00,34.61,36.69,34.6,36.2,1641921,,,,,,,,,"rgba(38, 166, 154, 0.5)",3.2169400602671074,32.91950194993853,0.5254987716249543,52.97752329350267,8.855709673742261,False,True,False,False,False,6.5471535389819415,0.0,0.0,0.0,0.0,0,1.0514953618943716,0.8920769952544413,False,False,False,False,0.21137959681214605,0.19095391693898445,False,False,False,False,39483,-408161.27123698354,False,False,False,False,1020613.2048390419,False,False,False,False
2022-04-22 00:00:00+00:00,33.34,34.84,32.67,34.5,810555,,,,,,,,,#000000,3.2230433718112708,32.90447494138947,0.1351285131374995,49.94506655847674,5.82147910200009,False,True,False,False,False,3.5349003913168993,0.0,0.0,0.0,0.0,0,1.019568263537919,0.9291815224341988,False,False,False,False,0.07526589963081154,0.133109908284898,False,False,False,False,-771072,-422393.0645218077,False,False,False,False,1012375.6281786874,False,False,False,False
2022-04-25 00:00:00+00:00,34.84,35.294,32.6552,33.02,867938,,,,,,,,,"rgba(38, 166, 154, 0.5)",3.2292942636807553,32.91108479748316,0.5973178797023779,50.56286047937346,5.82147910200009,False,True,False,False,False,6.580843844263068,0.0,0.0,0.0,0.0,0,1.017174586020037,0.9481433466061673,False,False,False,False,0.09084540259715786,0.11197765544102792,False,False,False,False,96866,-402029.96395232505,False,False,False,False,1006711.4074657978,False,False,False,False
2022-04-26 00:00:00+00:00,32.75,35.2,32.69,34.53,748314,,,,,,,,,#000000,3.2194065649791144,32.9007268559665,-0.04681821103495026,47.904751503278916,3.6511349695854634,False,True,False,True,False,1.9196811709864967,0.0,0.0,0.0,0.0,0,1.0065853041652923,0.9469679045095929,False,False,False,False,0.08874303275670296,0.10036034409886543,False,False,False,False,-651448,-411811.06340517505,False,False,False,False,996578.1758004724,False,False,False,False
2022-04-27 00:00:00+00:00,32.34,33.34,32.2337,32.65,516013,,,,,,,,,#000000,3.2086079325565553,32.88003641631793,-0.16830863342272998,45.60812599860286,1.3744353890539571,False,True,False,True,False,1.0498877091091892,0.0,0.0,0.0,0.0,0,1.0034133079319723,0.9572752837516504,False,False,False,False,0.006911875886211054,0.05363610999253825,False,False,False,False,-1167461,-441444.39425203094,False,False,False,False,977732.4826318264,False,False,False,False
2022-04-28 00:00:00+00:00,32.03,33.12,30.56,33.06,898599,,,,,,,,,#000000,3.201118256186434,32.827668415387585,-0.24918430109416342,43.66941546550933,-0.5490537464717065,False,True,False,True,False,0.3921442767054728,0.0,0.0,0.0,0.0,0,0.9810294309870365,0.9756505806266536,False,False,False,False,-0.05987127792632994,-0.003117583966895845,False,False,False,False,-2066060,-505154.810163716,False,False,False,False,974629.2088031273,False,False,False,False
2022-04-29 00:00:00+00:00,30.7,32.69,30.56,31.81,1005466,,,,,,,,,"rgba(239, 83, 80, 0.5)",3.1995737216072997,32.75840581038872,-0.6433375160221929,40.74078673643021,-3.3836577439281896,False,True,False,True,False,0.0,0.0,0.0,0.0,0.0,0,0.9786857466524259,1.0108337641324687,False,False,False,False,-0.0750887684447251,-0.039103176205810476,False,False,False,False,-3071526,-605796.8176082761,False,False,False,False,975838.4947324165,False,False,False,False
2022-05-02 00:00:00+00:00,32.09,32.15,30.32,30.51,1250725,,,,,,,,,#000000,3.1916323423929946,32.68902216610365,-0.1876852036329832,41.48413071525284,-3.3836577439281896,False,True,False,True,False,0.5386755985296077,0.0,0.0,0.0,0.0,0,0.9580286183516331,1.0146192452932516,False,False,False,False,-0.10278640091456877,-0.07094478856018963,False,False,False,False,-1820801,-653444.0404471674,False,False,False,False,986618.3576840864,False,False,False,False
2022-05-03 00:00:00+00:00,32.04,32.805,31.1065,31.84,1046599,,,,,,,,,#000000,3.1654438113039545,32.65029782859666,-0.19280008269843896,41.90964736224137,-3.3836577439281896,False,True,False,True,False,0.43498384470783336,0.0,0.0,0.0,0.0,0,0.9741570862718578,0.9966422473615132,False,False,False,False,-0.051690506868918816,-0.061317647714554224,False,False,False,False,-2867400,-740265.8427825726,False,False,False,False,988970.5397356909,False,False,False,False
2022-05-04 00:00:00+00:00,32.15,32.48,29.81,31.74,1949825,,,,,,,,,#000000,3.1547143500847445,32.563816164788996,-0.13117389369274624,42.41648193010603,-3.3836577439281896,False,True,False,True,False,0.6640549577822732,0.0,0.0,0.0,0.0,0,0.9701625789788377,0.990907745258356,False,False,False,False,-0.10919900060141667,-0.08525832415798545,False,False,False,False,-917575,-747219.143065609,False,False,False,False,1026651.1068048796,False,False,False,False
2022-05-05 00:00:00+00:00,29.59,33.62,28.5,31.0,3355697,,,,,,,,,"rgba(239, 83, 80, 0.5)",3.127865126927987,32.375544395186964,-0.890557706982324,39.41858449320832,-5.170276944919891,False,True,False,True,False,0.0,0.0,0.0,0.0,0.0,0,0.985203459540123,0.9631479813283105,False,False,False,False,-0.11526356068678553,-0.1002609424223855,False,False,False,False,-4273272,-885495.7256904871,False,False,False,False,1117986.239871355,False,False,False,False
2022-05-06 00:00:00+00:00,26.87,29.48,26.33,28.96,2767596,,,,,,,,,"rgba(255, 0, 0, 1.0)",3.144801877200983,32.07503696581641,-1.6551239693513309,35.0562219378765,-9.358022665690271,False,True,False,True,False,0.0,0.0,0.0,0.0,0.0,0,0.9760763369909956,0.9966962560606616,False,False,False,False,-0.34282825441539394,-0.2215445984188897,False,False,False,False,-7040868,-1126882.8737026248,False,False,False,False,1182676.8186999294,False,False,False,False
2022-05-09 00:00:00+00:00,23.67,26.26,23.0099,25.85,4192016,,,,,,,,,"rgba(255, 26, 202, 1.0)",3.226202827579919,31.438634425940208,-2.407980787670351,30.257176940507595,-13.791045428067243,False,True,False,True,False,0.0,0.0,0.0,0.0,0.0,0,0.9197485936693667,1.0239636287844425,False,False,False,False,-0.34282825441539394,-0.2821864264171418,False,False,False,False,-11232884,-1523196.6433613454,False,False,False,False,1300690.1199273833,False,False,False,False
2022-05-10 00:00:00+00:00,24.22,25.68,23.9,24.6,2471584,,,,,,,,,"rgba(255, 26, 202, 1.0)",3.283646637999166,31.13005130549586,-2.104383347931245,28.092803202026573,-15.686199737136704,False,True,False,True,False,0.0,0.0,0.0,0.0,0.0,0,0.9195459904677555,1.0335595454126214,False,False,False,False,-0.3338389754718774,-0.3080127009445096,False,False,False,False,-8761300,-1807043.8338177633,False,False,False,False,1346607.5269890546,False,False,False,False
2022-05-11 00:00:00+00:00,22.94,25.14,22.67,24.85,1755809,,,,,,,,,"rgba(255, 0, 0, 1.0)",3.39813911449214,29.4356288459358,-1.911525286952999,25.928557629897128,-17.655939048409465,False,True,False,True,False,0.0,0.0,0.0,0.0,0.0,0,0.9009110253511783,1.0417448008498364,False,False,False,False,-0.34282825441539394,-0.32542047767995175,False,False,False,False,-10517109,-2148615.016805302,False,False,False,False,1362654.643577719,False,False,False,False
2022-05-12 00:00:00+00:00,23.83,24.49,22.68,22.89,1364134,,,,,,,,,"rgba(255, 0, 0, 1.0)",3.4679939264470834,29.30935584083547,-1.5799784996881474,26.18734067554698,-17.655939048409465,False,True,False,True,False,0.0,0.0,0.0,0.0,0.0,0,0.9153073718695732,1.03523388405426,False,False,False,False,-0.34282825441539394,-0.3341243660476728,False,False,False,False,-9152975,-2423295.800459996,False,False,False,False,1362712.6575550635,False,False,False,False
2022-05-13 00:00:00+00:00,25.63,25.835,24.245,24.28,1353169,,,,,,,,,"rgba(239, 83, 80, 1.0)",3.485607385642685,29.30934714682321,-1.0555827836429732,29.451181379714527,-17.655939048409465,False,True,False,True,True,0.0,0.0,0.0,0.0,0.0,0,0.9331698257960125,1.0104320271928176,False,False,False,False,-0.26648377082092245,-0.30030406843429763,False,False,False,False,-7799806,-2634139.3376968587,False,False,False,False,1362338.3964744727,False,False,False,False
2022-05-16 00:00:00+00:00,27.66,28.55,25.33,25.51,1612868,,,,,,,,,"rgba(239, 83, 80, 0.5)",3.4504494393242915,29.401726417335908,-0.5047824777507807,34.522336572477656,-22.248915548549476,False,True,False,True,True,0.0,0.0,0.0,0.0,0.0,0,0.9535960646899694,0.9761305419061177,False,False,False,False,-0.17104681998450527,-0.23567544420940145,False,False,False,False,-6186938,-2773464.775434237,False,False,False,False,1372163.0868088072,False,False,False,False
2022-05-17 00:00:00+00:00,28.62,29.04,27.72,28.13,1401355,,,,,,,,,#000000,3.4352445498271447,29.498494186789195,-0.25572973744573674,39.11906221971766,-18.054048552914672,False,True,False,True,True,0.0,0.0,0.0,0.0,0.0,0,0.9770266395037328,0.967538801526156,False,False,False,False,-0.10080608050760695,-0.16824076235850421,False,False,False,False,-4785583,-2852371.3724760315,False,False,False,False,1373307.8677182659,False,False,False,False
2022-05-18 00:00:00+00:00,27.04,28.41,26.65,27.81,932445,,,,,,,,,"rgba(239, 83, 80, 0.5)",3.458654636110966,29.502685760082517,-0.7120357535471219,40.46647565253083,-16.898735003877533,False,True,False,True,True,0.0,0.0,0.0,0.0,0.0,0,0.9633039514947881,0.9849465844818037,False,False,False,False,-0.1421038953030184,-0.15517232883076132,False,False,False,False,-5718028,-2964750.0637514815,False,False,False,False,1356019.1278077455,False,False,False,False
2022-05-19 00:00:00+00:00,26.84,27.65,25.85,26.98,1258934,,,,,,,,,"rgba(239, 83, 80, 0.5)",3.4889768344532377,29.473878148379903,-0.754914197873332,41.15428216755884,-16.197059210601658,False,True,False,True,True,0.0,0.0,0.0,0.0,0.0,0,0.9414793136549332,0.9955352064913847,False,False,False,False,-0.18042587017397524,-0.16779909950236827,False,False,False,False,-6976962,-3122091.708310247,False,False,False,False,1352211.8678937163,False,False,False,False
2022-05-20 00:00:00+00:00,27.33,27.5,26.04,27.23,1211039,,,,,,,,,"rgba(239, 83, 80, 0.5)",3.4993361120682893,29.44904106767338,-0.6055551681261391,42.33942978499766,-14.896838524217252,False,True,False,True,True,0.0,0.0,0.0,0.0,0.0,0,0.9577887910391177,0.9915577582078235,False,False,False,False,-0.17943714942148647,-0.17361812446192737,False,False,False,False,-5765923,-3225771.366807884,False,False,False,False,1346675.6769959235,False,False,False,False
2022-05-23 00:00:00+00:00,26.77,27.81,26.6095,27.77,885063,,,,,,,,,"rgba(239, 83, 80, 0.5)",3.5073693434983,29.431721064440968,-0.7588938613993044,42.45123727505021,-14.51342901853424,False,True,False,True,True,0.0,0.0,0.0,0.0,0.0,0,0.9673487226944275,0.9911839948364924,False,False,False,False,-0.15778164225934468,-0.165699883360636,False,False,False,False,-6650986,-3360093.509286006,False,False,False,False,1328573.2190745147,False,False,False,False
2022-05-24 00:00:00+00:00,25.68,26.62,25.39,26.44,832420,,,,,,,,,"rgba(239, 83, 80, 1.0)",3.54057891128372,29.387746848202102,-1.0472148598031874,41.26268700331474,-14.51342901853424,False,True,False,True,True,0.0,0.0,0.0,0.0,0.0,0,0.9507549480571758,1.0015993936435346,False,False,False,False,-0.21752301863685597,-0.191611450998746,False,False,False,False,-7483406,-3521792.0383336134,False,False,False,False,1309116.2300912004,False,False,False,False
2022-05-25 00:00:00+00:00,25.23,25.97,24.5,25.59,1154657,,,,,,,,,"rgba(239, 83, 80, 1.0)",3.596246902505968,29.309294079193375,-1.134319803334639,39.96790746887949,-14.51342901853424,False,True,False,True,True,0.0,0.0,0.0,0.0,0.0,0,0.9385528094103203,1.006235317692101,False,False,False,False,-0.25649621295648145,-0.22405383197761372,False,False,False,False,-8638063,-3722430.115261707,False,False,False,False,1303059.0053817418,False,False,False,False
2022-05-26 00:00:00+00:00,25.46,26.16,25.0768,25.24,680602,,,,,,,,,"rgba(239, 83, 80, 1.0)",3.647471383780205,29.270818157918352,-1.044783565640714,39.54990750716866,-14.51342901853424,False,True,False,True,True,0.0,0.0,0.0,0.0,0.0,0,0.939178226831027,1.0163637846375717,False,False,False,False,-0.23700226013562015,-0.23052804605661692,False,False,False,False,-7957461,-3888509.757800464,False,False,False,False,1278648.9267393206,False,False,False,False
2022-05-27 00:00:00+00:00,26.15,26.42,24.33,25.53,1559579,,,,,,,,,"rgba(239, 83, 80, 0.5)",3.6907447330700984,29.18905797349396,-0.8234267589040111,40.614485253885555,-14.51342901853424,False,True,False,True,True,0.0,0.0,0.0,0.0,0.0,0,0.9269358499993537,1.0252520901623456,False,False,False,False,-0.2493565244348034,-0.23994228524571015,False,False,False,False,-6397882,-3986916.5123965247,False,False,False,False,1289665.7923573866,False,False,False,False
2022-05-31 00:00:00+00:00,24.94,26.165,24.34,25.97,1649142,,,,,,,,,"rgba(239, 83, 80, 1.0)",3.7565756306067444,29.090020527784247,-1.1047349862922777,39.720468125060435,-14.51342901853424,False,True,False,True,True,0.0,0.0,0.0,0.0,0.0,0,0.9054266011044184,1.0461794723333648,False,False,False,False,-0.2556023651537759,-0.24777232519974302,False,False,False,False,-8047024,-4146136.413871171,False,False,False,False,1303762.8985394498,False,False,False,False
2022-06-01 00:00:00+00:00,24.02,25.3317,23.31,24.97,1297098,,,,,,,,,"rgba(239, 83, 80, 1.0)",3.8402689564218875,28.991451774647043,-1.2945582278380623,38.036544313863224,-14.51342901853424,False,True,False,True,False,0.0,0.0,0.0,0.0,0.0,0,0.8853094397342046,1.0545173523660079,False,False,False,False,-0.3037879496998791,-0.27578013744981106,False,False,False,False,-9344122,-4349978.985876223,False,False,False,False,1303501.5299692755,False,False,False,False
2022-06-02 00:00:00+00:00,25.01,25.25,23.35,24.05,1086367,,,,,,,,,"rgba(239, 83, 80, 1.0)",3.8985617583647154,28.920185186163316,-1.0029814656068126,38.92683511046496,-14.51342901853424,False,True,False,True,False,0.0,0.0,0.0,0.0,0.0,0,0.8850196581022564,1.064991218416572,False,False,False,False,-0.3048813587505215,-0.2903307481001663,False,False,False,False,-8257755,-4503225.104077156,False,False,False,False,1294986.4503626374,False,False,False,False
2022-06-03 00:00:00+00:00,26.11,26.39,24.765,24.82,1588267,,,,,,,,,"rgba(239, 83, 80, 0.5)",3.932326171252471,28.858745039183624,-0.6990124723830149,41.52653506770598,-13.408880682946588,False,True,False,True,True,0.0,0.0,0.0,0.0,0.0,0,0.8832002905486792,1.0682853867123407,False,False,False,False,-0.2390731684951422,-0.26470195829765425,False,False,False,False,-6669488,-4588176.590191777,False,False,False,False,1306487.648387632,False,False,False,False
2022-06-06 00:00:00+00:00,24.29,26.57,23.24,26.42,1889912,,,,,,,,,"rgba(239, 83, 80, 1.0)",3.9757017307957416,28.75234286266417,-1.122403833290338,40.83096572406492,-13.408880682946588,False,True,False,True,True,0.0,0.0,0.0,0.0,0.0,0,0.8697081144623464,1.0636923821796642,False,False,False,False,-0.2734286748396314,-0.26906531656864285,False,False,False,False,-8559400,-4743910.841556805,False,False,False,False,1329367.034725372,False,False,False,False
2022-06-07 00:00:00+00:00,24.5,24.8199,23.9087,24.07,2164474,,,,,,,,,"rgba(239, 83, 80, 1.0)",4.0256898821229425,28.627772066373087,-1.025357687064636,40.759024172874646,-13.408880682946588,False,True,False,True,True,0.0,0.0,0.0,0.0,0.0,1,0.8677154618908962,1.0816464358753495,False,False,False,False,-0.3015116182611999,-0.28528846741492137,False,False,False,False,-6394926,-4808656.534044773,False,False,False,False,1362116.3274812398,False,False,False,False
2022-06-08 00:00:00+00:00,24.42,25.005,24.0,24.13,1363195,,,,,,,,,"rgba(239, 83, 80, 1.0)",4.077303242307314,28.555331640094966,-1.014232053477291,40.60184890611819,-13.408880682946588,False,True,False,True,True,0.0,0.0,0.0,0.0,0.0,1,0.8664538666018401,1.0831822769959254,False,False,False,False,-0.29429136337174866,-0.289789915393335,False,False,False,False,-7758121,-4924321.807219489,False,False,False,False,1362158.6283643285,False,False,False,False
2022-06-09 00:00:00+00:00,23.02,24.51,22.96,24.0,1493447,,,,,,,,,"rgba(239, 83, 80, 1.0)",4.162078084560884,28.455788854948594,-1.3060276007585023,38.69196515471904,-13.408880682946588,False,True,False,True,False,0.0,0.0,0.0,0.0,0.0,1,0.8466627687088805,1.0998193243891004,False,False,False,False,-0.33479152648969246,-0.3122907209415137,False,False,False,False,-9251568,-5094017.736348136,False,False,False,False,1367307.1919578845,False,False,False,False
2022-06-10 00:00:00+00:00,22.63,23.175,21.98,22.38,1812939,,,,,,,,,"rgba(239, 83, 80, 1.0)",4.250418540069411,28.315934161472352,-1.3377351213463085,36.9588658600984,-13.408880682946588,False,True,False,True,False,0.0,0.0,0.0,0.0,0.0,0,0.8416801633316277,1.1095208200345021,False,False,False,False,-0.34282825441539394,-0.32755948767845383,False,False,False,False,-11064507,-5328154.570216837,False,False,False,False,1384782.9491360069,False,False,False,False
2022-06-13 00:00:00+00:00,22.54,22.96,21.65,22.37,1694431,,,,,22.383333333333333,22.383333333333333,,22.383333333333333,"rgba(239, 83, 80, 1.0)",4.339925822424177,27.21991524466358,-1.078339915507932,35.69246924795166,-10.271381903537396,False,True,False,True,False,0.0,1.0,22.96,21.65,0.0,0,0.8393889717626097,1.1094811636524644,True,False,False,False,-0.34282825441539394,-0.3351938710469239,False,False,False,False,-12758938,-5619557.84197304,False,False,False,False,1396926.0099542027,False,False,False,False
2022-06-14 00:00:00+00:00,22.3,22.95,22.01,22.86,1359190,,,,,22.399653946358548,22.399653946358548,,22.399653946358548,"rgba(239, 83, 80, 1.0)",4.43083447695377,27.141310802380392,-1.0926408620230894,34.53498518142179,-11.485378538358844,False,True,False,True,False,0.0,0.0,0.0,0.0,0.0,0,0.842247221971989,1.11249887395145,False,False,False,False,-0.33425009960409136,-0.3347219853255076,False,False,False,False,-14118128,-5952835.103072137,False,False,False,False,1395446.1664265872,True,False,False,False
2022-06-15 00:00:00+00:00,23.17,23.558,22.39,22.53,1905110,,,,,22.645414322737004,22.645414322737004,,22.645414322737004,"rgba(239, 83, 80, 0.5)",4.498932706264401,27.08770896218718,-0.8708085268161677,36.05708674961049,-11.485378538358844,False,True,False,True,False,0.0,0.0,0.0,0.0,0.0,0,0.8297237622227329,1.1277419285855577,False,False,False,False,-0.3102844707916383,-0.32250322805857295,False,False,False,False,-12213018,-6198332.471579111,False,False,False,False,1415432.9834294661,False,False,False,False
2022-06-16 00:00:00+00:00,23.81,24.14,22.34,22.57,1698595,,,,,22.84559879747514,22.84559879747514,,22.84559879747514,"rgba(239, 83, 80, 0.5)",4.552462147410304,27.048521575563502,-0.7113780347203449,38.61287955760561,-15.430946514433984,False,True,False,True,True,0.0,0.0,0.0,0.0,0.0,1,0.8221763444521893,1.1214755851632712,False,False,False,False,-0.29686260284344274,-0.30968291545100785,False,False,False,False,-10514423,-6367590.923674048,False,False,False,False,1426537.376236154,False,False,False,False
2022-06-17 00:00:00+00:00,26.64,27.765,23.91,24.16,3309255,,,,,23.92783449359414,23.92783449359414,,23.92783449359414,#000000,4.5657732419927886,27.192294532321835,-0.12096407400223376,45.375501683207496,-9.180060429097026,False,False,False,True,True,0.0,0.0,0.0,0.0,0.0,1,0.8427943548179332,1.0745683414314937,False,False,False,False,-0.16253175353763766,-0.23610733449432275,False,False,False,False,-7205168,-6400437.083529968,False,False,False,False,1500369.4399131676,False,False,False,False
2022-06-21 00:00:00+00:00,28.58,29.39,26.79,26.82,3344268,,,,,25.014589166701537,25.014589166701537,,25.014589166701537,#000000,4.565455496650025,27.411153036586985,0.25601979129369973,52.19903274076498,-3.1539858178448554,True,False,True,False,True,0.0,0.0,0.0,0.0,0.0,0,0.886555881262161,1.0481108734638305,False,False,False,False,-0.05012257894232651,-0.14311495671832464,False,False,False,False,-3860900,-6300847.393979773,False,False,False,False,1572679.1873675534,False,False,False,False
2022-06-22 00:00:00+00:00,28.74,29.96,27.89,27.92,1719772,,,,,25.454954368707277,25.454954368707277,,25.454954368707277,#000000,4.5597161757727465,27.51209331598652,0.26929454305461964,56.91995607737438,0.7684330018520171,True,False,True,False,True,0.12548309399290858,0.0,0.0,0.0,0.0,0,0.9059870851963685,1.0353367577894614,False,False,False,False,-0.009677723825103996,-0.07639634027171431,False,False,False,False,-2141128,-6137721.143235468,False,False,False,False,1578447.5329609828,False,False,False,False
2022-06-23 00:00:00+00:00,30.93,30.945,28.785,28.86,1975286,,,,,26.008428401280412,26.008428401280412,,26.008428401280412,"rgba(38, 166, 154, 0.5)",4.556462105506744,27.659815357625163,0.7177025873698438,62.1441880497336,5.173670925201002,True,False,True,False,True,3.759831941936781,0.0,0.0,0.0,0.0,0,0.9255387592453131,1.0130170019001832,False,False,False,False,0.035821763217479846,-0.020287288527117232,False,False,False,False,-165842,-5903529.804285058,False,False,False,False,1594009.8257860423,False,False,False,False
2022-06-24 00:00:00+00:00,31.79,32.78,30.0,31.36,3145332,,,,,26.86922941504159,26.86922941504159,,26.86922941504159,"rgba(38, 166, 154, 0.5)",4.560383803193812,27.922717944863702,0.8480167946451986,66.30383726783734,8.611562316776002,True,False,True,False,True,5.119020845512058,0.0,0.0,0.0,0.0,0,0.9356321386566407,1.0030510759963975,False,False,False,False,0.1100387662323078,0.044875738852595284,False,False,False,False,2979490,-5555176.086469958,False,False,False,False,1654845.9894807073,False,False,False,False
2022-06-27 00:00:00+00:00,29.75,31.68,29.44,31.68,2563538,,,,,27.255289792558088,27.255289792558088,,27.255289792558088,#000000,4.55982307622637,28.04779734309136,0.3733045402097821,65.04739704640738,8.611562316776002,True,False,True,False,True,1.5823922507165094,0.0,0.0,0.0,0.0,0,0.9228171731789676,1.0232912823361449,False,False,False,False,0.06954739429886606,0.05721156657573067,False,False,False,False,415952,-5321014.200726038,False,False,False,False,1690480.9702853856,False,False,False,False
2022-06-28 00:00:00+00:00,29.84,30.62,29.1878,29.56,2181283,,,,,27.48548312801838,27.48548312801838,,27.48548312801838,#000000,4.557535753468553,28.12645572843057,0.3759804342215683,64.30718334791749,8.611562316776002,True,False,True,False,True,1.727997873391459,0.0,0.0,0.0,0.0,0,0.9188757883244929,1.0348693661448565,False,False,False,False,0.04598996509189487,0.05160076583381277,False,False,False,False,2597235,-5010494.624226977,False,False,False,False,1709728.1087055667,False,False,False,False
2022-06-29 00:00:00+00:00,32.28,32.76,29.74,29.74,1878311,,,,,27.773662455442928,27.773662455442928,,27.773662455442928,"rgba(38, 166, 154, 0.5)",4.559717716883106,28.234840641235674,0.8871512689889679,66.15215326354732,8.611562316776002,True,False,True,False,True,5.539008302966593,0.0,0.0,0.0,0.0,0,0.9405304070823755,1.0092067026183007,False,False,False,False,0.11303518591860841,0.08231797587621059,False,False,False,False,4475546,-4638493.031120037,False,False,False,False,1716339.202481819,False,False,False,False
2022-06-30 00:00:00+00:00,31.95,32.9151,31.405,32.06,1575601,,,,,28.01355257849402,28.01355257849402,,28.01355257849402,"rgba(38, 166, 154, 0.5)",4.5622084031216215,28.329822133257732,0.7935143568332423,66.74635496218241,8.726775446950327,True,False,True,False,True,4.965023773286969,0.0,0.0,0.0,0.0,0,0.9565870054295184,1.0016873183889725,False,False,False,False,0.15890530872669514,0.12061164230145287,False,False,False,False,2899945,-4342868.010291801,False,False,False,False,1710820.0572864537,False,False,False,False
2022-07-01 00:00:00+00:00,32.8,33.76,31.49,32.04,1247896,,,,,28.21043840570431,28.21043840570431,,28.21043840570431,"rgba(38, 166, 154, 0.5)",4.572038392562238,28.410844161950248,0.9599997771650385,67.91012171223646,10.138993873361002,True,False,True,False,True,6.252763415227278,0.0,0.0,0.0,0.0,0,0.9530794495681,1.001057635358096,False,False,False,False,0.1825870369838767,0.15159933964266478,False,False,False,False,4147841,-4009899.0294960444,False,False,False,False,1692666.172686985,False,False,False,False
2022-07-05 00:00:00+00:00,33.28,33.37,31.9549,32.37,1423000,,,,,28.42410544586201,28.42410544586201,,28.42410544586201,"rgba(38, 166, 154, 1.0)",4.5875950754809,28.501825610181925,1.041542313827076,69.10965376432529,11.626965469658842,True,False,True,False,True,6.973517858716278,0.0,0.0,0.0,0.0,0,0.9536914005227876,1.010064772618399,False,False,False,False,0.26159678690360644,0.20659806327313562,False,False,False,False,5570841,-3634183.73422169,False,False,False,False,1682091.0286600445,False,False,False,False
2022-07-06 00:00:00+00:00,33.49,35.4996,33.14,33.14,1474419,,,,,28.679062411572687,28.679062411572687,,28.679062411572687,"rgba(38, 166, 154, 1.0)",4.602964900352152,28.61373748769313,1.059374255044572,70.10060253700348,12.94349286961085,True,False,True,False,True,7.290426544530693,0.0,0.0,0.0,0.0,0,0.9838678983735557,0.9716036371610206,False,False,False,False,0.3428282482508501,0.27471315576199284,False,False,False,False,7045260,-3215382.019154173,False,False,False,False,1673947.0275361212,False,False,False,False
2022-07-07 00:00:00+00:00,34.42,35.1,33.145,33.17,1041730,,,,,28.851227310158006,28.851227310158006,,28.851227310158006,"rgba(38, 166, 154, 1.0)",4.621248320100973,28.691563875968853,1.2395863037946386,71.59262123361306,14.73608154564846,True,False,True,False,True,8.686460295929287,0.0,0.0,0.0,0.0,0,0.9839531683789315,0.9797153734325847,False,False,False,False,0.33071363248690006,0.3027133941244464,False,False,False,False,8086990,-2772151.743893225,False,False,False,False,1649154.2029268616,False,False,False,False
2022-07-08 00:00:00+00:00,34.85,34.99,33.795,33.99,935530,,,,,29.00574722899452,29.00574722899452,,29.00574722899452,"rgba(38, 166, 154, 1.0)",4.647816207155305,28.762859328590448,1.3096775776198746,72.95563158698315,16.384696291061744,True,False,True,False,True,9.325316708970764,0.0,0.0,0.0,0.0,0,0.9898051151726482,0.9796102303452964,False,False,False,False,0.3428282482879267,0.32277082120618655,False,False,False,False,9022520,-2309615.5970738833,False,False,False,False,1621168.9400669846,False,False,False,False
2022-07-11 00:00:00+00:00,33.71,34.98,33.5,34.79,1035209,,,,,29.153198356390078,29.153198356390078,,29.153198356390078,"rgba(38, 166, 154, 1.0)",4.648228634807185,28.832839826096034,1.0492513508011376,71.02640511793186,16.384696291061744,True,False,True,False,True,7.183434155668554,0.0,0.0,0.0,0.0,0,0.9914255038510156,0.9615291004875599,False,False,False,False,0.33351231744552134,0.3281415693258539,False,False,False,False,7987311,-1905814.5540513783,False,False,False,False,1598190.118887887,False,False,False,False
2022-07-12 00:00:00+00:00,34.84,35.215,33.15,34.0,1068614,,,,,29.30653743063167,29.30653743063167,,29.30653743063167,"rgba(38, 166, 154, 1.0)",4.663266507773553,28.906995156301722,1.2722851747392316,70.93595754156625,16.384696291061744,True,False,True,False,True,8.882085836160094,0.0,0.0,0.0,0.0,0,1.0044378610693074,0.9568541284928431,False,False,False,False,0.3300142751865148,0.3290779222561844,False,False,False,False,9055925,-1475942.4146768146,False,False,False,False,1577422.4279511073,False,False,False,False
2022-07-13 00:00:00+00:00,35.33,36.05,33.705,33.94,785259,,,,,29.42679695488206,29.42679695488206,,29.42679695488206,"rgba(38, 166, 154, 1.0)",4.67011323820501,28.965820013780174,1.3627463964162763,71.35852177351643,16.384696291061744,True,False,True,False,True,9.606842814701565,0.0,0.0,0.0,0.0,0,1.0098902526393687,0.9444964926507058,False,False,False,False,0.3428282485243014,0.3359530853902429,False,False,False,False,9841184,-1032133.5356698807,False,False,False,False,1546357.1954824363,False,False,False,False
2022-07-14 00:00:00+00:00,34.73,35.1541,34.37,35.1,792348,,,,,29.537372902495417,29.537372902495417,,29.537372902495417,"rgba(38, 166, 154, 1.0)",4.673817225722406,29.021061000150414,1.2214724547700266,70.13490605549073,16.384696291061744,True,False,True,False,False,8.463701302032664,0.0,0.0,0.0,0.0,0,1.0172127307305956,0.945803869564009,False,False,False,False,0.3360421087554607,0.3359975970728518,False,False,False,False,9048836,-636801.39701616,False,False,False,False,1516788.2074243014,False,False,False,False
2022-07-15 00:00:00+00:00,35.99,36.02,34.0802,35.33,935620,,,,,29.676820425399463,29.676820425399463,,29.676820425399463,"rgba(38, 166, 154, 1.0)",4.6850104079417525,29.091307318962325,1.4725031708240008,70.67886376821076,16.384696291061744,True,False,True,False,False,10.335895913394449,0.0,0.0,0.0,0.0,0,1.0065137419358032,0.9438449693770949,False,False,False,False,0.34282824860408123,0.3394129228384665,False,False,False,False,9984456,-220281.49909395765,False,False,False,False,1493997.297329231,False,False,False,False
2022-07-18 00:00:00+00:00,34.78,36.72,34.485,36.05,1615763,,,,,29.9011521952367,29.9011521952367,,29.9011521952367,"rgba(38, 166, 154, 1.0)",4.673291129598285,30.081772498103337,1.0053359338433774,68.22674477182008,16.384696291061744,True,False,True,False,False,8.046081691014855,0.0,0.0,0.0,0.0,0,1.0234616092251234,0.9334082534820465,False,False,False,False,0.34282824884549273,0.34112058584197963,False,False,False,False,8368693,116541.03028227595,False,False,False,False,1498772.422924163,False,False,False,False
2022-07-19 00:00:00+00:00,34.97,35.87,34.33,35.16,1095983,,,,,30.036323838332983,30.036323838332983,,30.036323838332983,"rgba(38, 166, 154, 1.0)",4.673568141278268,30.128008652433476,1.0360373918164785,66.83552187930812,16.384696291061744,True,False,True,False,False,8.332712872585393,0.0,0.0,0.0,0.0,0,1.036238482440717,0.9514713085803561,False,False,False,False,0.3150885289306786,0.32810455738632915,False,False,False,False,9464676,483134.55850650044,False,False,False,False,1482976.7592800783,False,False,False,False
2022-07-20 00:00:00+00:00,35.29,36.06,34.41,34.85,797918,,,,,30.13404257064225,30.13404257064225,,30.13404257064225,"rgba(38, 166, 154, 1.0)",4.682563100395896,30.174518790282963,1.092453235554805,66.3344756715546,20.9304514907778,True,False,True,False,False,8.819620959589063,0.0,0.0,0.0,0.0,0,1.06159823408818,0.906399333064182,False,False,False,False,0.3224934005949625,0.32529897899064586,False,False,False,False,10262594,866642.7718984024,False,False,False,False,1456111.7098965459,False,False,False,False
2022-07-21 00:00:00+00:00,34.82,35.67,34.62,35.15,668879,,,,,30.209831876647193,30.209831876647193,,30.209831876647193,"rgba(38, 166, 154, 0.5)",4.666197645671313,30.2060660622215,0.9887995083231643,64.81636415928384,19.28666009805403,True,False,True,False,False,7.912064322802543,0.0,0.0,0.0,0.0,0,1.1066888237238983,0.8795707034145351,False,False,False,False,0.3175530679662312,0.3214260234784385,False,False,False,False,9593715,1208880.8984906217,False,False,False,False,1425239.838920211,False,False,False,False
2022-07-22 00:00:00+00:00,33.66,35.09,33.52,35.09,1025727,,,,,30.299686149444426,30.299686149444426,,30.299686149444426,"rgba(38, 166, 154, 0.5)",4.609561793481889,30.21958850092663,0.7463641129484913,61.1554312799952,15.71935237675902,True,False,True,False,False,5.71118700549545,0.0,0.0,0.0,0.0,0,1.0880900735413859,0.8814924102771209,False,False,False,False,0.272124602222466,0.2967753128504522,False,False,False,False,8567988,1497473.3338439306,False,False,False,False,1409572.6687664774,False,False,False,False
2022-07-25 00:00:00+00:00,33.52,34.17,33.07,33.81,997289,,,,,30.372063845280675,30.372063845280675,,30.372063845280675,"rgba(38, 166, 154, 0.5)",4.54828571606435,30.225248668553323,0.72439409859626,58.413528037146015,13.144182955621616,True,False,True,False,False,5.448197514222297,0.0,0.0,0.0,0.0,1,1.0980159001293786,0.883890925200625,False,False,False,False,0.2358813952632353,0.26632835405684374,False,False,False,False,7570699,1735639.0462422078,False,False,False,False,1393404.6817560273,False,False,False,False
2022-07-26 00:00:00+00:00,33.35,34.03,32.426,33.46,883140,,,,,30.427464924177013,30.427464924177013,,30.427464924177013,"rgba(38, 166, 154, 0.5)",4.494956200369842,30.228737908989988,0.6943921034766031,56.19860203213322,11.0982144128132,True,False,True,False,False,5.124703754563836,0.0,0.0,0.0,0.0,1,1.091015227192899,0.8779935804116401,False,False,False,False,0.21541690295777088,0.2408726285073073,False,False,False,False,6687559,1929831.9856052585,False,False,False,False,1373394.3020793204,False,False,False,False
2022-07-27 00:00:00+00:00,34.03,34.42,32.94,33.44,1264149,,,,,30.5172480739739,30.5172480739739,,30.5172480739739,"rgba(38, 166, 154, 0.5)",4.464266827409217,30.259735127494384,0.8445429044154255,56.13702593972519,11.023000888506651,True,False,True,False,False,6.253036074403592,0.0,0.0,0.0,0.0,1,1.084480237839183,0.8925024219423532,False,False,False,False,0.23903049631048792,0.23995156240889762,False,False,False,False,7951708,2165983.9861697583,False,False,False,False,1369110.1725860136,False,False,False,False
2022-07-28 00:00:00+00:00,32.73,34.5783,32.21,33.86,714011,,,,,30.556624455645633,30.556624455645633,,30.556624455645633,"rgba(38, 166, 154, 0.5)",4.4404645280899695,30.267654962869294,0.5545241993386356,53.17981726567035,8.167034305449597,False,False,False,False,False,3.771664778818579,0.0,0.0,0.0,0.0,1,1.0649302872294009,0.9201513705336664,False,False,False,False,0.2240681888966084,0.232009875652753,False,False,False,False,7237697,2364874.6925944737,False,False,False,False,1343420.0089551895,False,False,False,False
2022-07-29 00:00:00+00:00,32.72,32.81,31.58,32.43,802542,,,,,30.58635196244927,30.58635196244927,,30.58635196244927,"rgba(38, 166, 154, 0.5)",4.426679975286632,30.263580631806622,0.5549123455743649,51.18755098395901,6.272563414857679,False,False,False,False,False,3.7527870970371175,0.0,0.0,0.0,0.0,1,1.0317845334220137,0.9460625759055014,False,False,False,False,0.16228401400311054,0.19714694482793177,False,False,False,False,6435155,2524493.528179004,False,False,False,False,1322209.1066432213,False,False,False,False
2022-08-01 00:00:00+00:00,32.4,33.645,31.51,31.51,891425,,,,32.51833333333334,30.620902415418392,30.620902415418392,,31.569617874375865,#000000,4.396480463787883,30.54716804569455,0.42143527523129254,49.16084827276825,4.34141571701857,False,False,False,True,False,3.1413057639792363,0.0,0.0,0.0,0.0,0,1.0452947449752563,0.9320887212261015,False,False,False,False,0.18183696300682836,0.18949195391738005,False,False,False,False,5543730,2642894.9584464943,False,False,False,False,1305315.6122650558,False,False,False,False
2022-08-02 00:00:00+00:00,32.93,33.23,32.1,32.34,665520,,,,32.61878466591091,30.64899825454481,30.64899825454481,,31.633891460227858,"rgba(38, 166, 154, 0.5)",4.351753309284078,30.56542484884311,0.5433614874520295,49.17891044205682,4.283436064012875,False,False,False,True,False,4.072058755719915,0.0,0.0,0.0,0.0,0,1.0613431980809842,0.9276764700232872,False,False,False,False,0.1863287276092855,0.1879103407633328,False,False,False,False,6209250,2782752.018899573,False,False,False,False,1280225.5882546615,False,False,False,False
2022-08-03 00:00:00+00:00,33.93,34.82,33.38,33.4,1478918,,,,33.312752300855905,30.745552594086366,30.745552594086366,,32.029152447471134,"rgba(38, 166, 154, 0.5)",4.32906187120082,30.70015222228521,0.7460849195067925,51.46661094902224,4.283436064012875,False,False,False,False,True,5.797789908098778,0.0,0.0,0.0,0.0,1,1.0682429720117346,0.9067743723695293,False,False,False,False,0.26120881220606423,0.22455957648469851,False,False,False,False,7688168,2975121.273060374,False,False,False,False,1288017.4475387926,False,False,False,False
2022-08-04 00:00:00+00:00,47.99,48.49,43.53,44.1,8854644,,,,43.25965138562496,33.06298446807753,33.06298446807753,,38.16131792685125,"rgba(0, 255, 0, 1.0)",4.787278269040277,33.59131386598809,3.0076977616131906,62.88562855169369,6.977906325421955,True,False,True,False,True,20.0,0.0,0.0,0.0,0.0,0,1.0591398059695072,0.8647915990505723,False,False,False,False,0.3428282512909154,0.28369391388780696,False,False,False,False,16542812,3507187.5760776144,False,False,False,False,1584747.9005764872,False,False,False,False
2022-08-05 00:00:00+00:00,63.84,73.02,46.5717,47.41,13976109,,61.1439,,52.922771138808166,38.30828613042795,38.30828613042795,61.1439,45.61552863461806,"rgba(0, 255, 0, 1.0)",6.157549784723741,40.856442551655746,3.732581668338946,72.66700798457454,15.547750523773587,True,False,True,False,True,20.0,0.0,0.0,0.0,0.0,0,1.0821347110390502,0.6906372804968537,False,False,False,False,0.3428282524398249,0.31326108316381596,False,False,False,False,30518921,4566471.239760846,False,False,False,False,2070683.6299656443,False,False,False,False
2022-08-08 00:00:00+00:00,66.6,66.77,66.545,66.69,39308852,,65.19719876705487,,61.19494809350813,48.0657301476286,48.0657301476286,65.19719876705487,54.630339120568365,"rgba(0, 255, 0, 1.0)",7.4201278806881605,48.20828770798233,2.4786247067094984,79.39587002803486,21.072287302433622,True,False,True,False,True,20.0,0.0,0.0,0.0,0.0,0,1.2221608970552276,0.7166164033177694,False,False,False,False,0.3428282527454595,0.3280446679546377,False,False,False,False,69827773,7125737.975456499,False,False,False,False,3531003.9582022857,False,False,False,False
2022-08-09 00:00:00+00:00,66.59,66.66,66.46,66.53,7289626,,65.36240348500877,,61.73565143033003,49.17666001438296,49.17666001438296,65.36240348500877,55.4561557223565,"rgba(0, 255, 0, 1.0)",8.482733065012257,49.030180636840456,2.0700662426342866,83.87187766414759,24.57016794402567,True,False,True,False,True,20.0,0.0,0.0,0.0,0.0,0,1.218521740557753,0.7170049938134243,False,False,False,False,0.3412009397203971,0.3346228038375174,False,False,False,False,62538147,9298773.623477813,False,False,False,False,3678400.9010178824,False,False,False,False
2022-08-10 00:00:00+00:00,66.84,66.87,66.58,66.64,5799841,,65.48481765289338,,62.108228953533704,49.978420450531395,49.978420450531395,65.48481765289338,56.04332470203255,"rgba(0, 255, 255, 0.75)",9.423449755651975,49.63395865070779,1.8258750028324198,86.87674071178941,26.903751705950256,True,False,True,False,True,20.0,0.0,0.0,0.0,0.0,0,1.2285118794212384,0.7133630308954538,False,False,False,False,0.34282825274799716,0.33872552829275726,False,False,False,False,68337988,11614036.932361037,False,False,False,False,3761594.63038973,False,False,False,False
2022-08-11 00:00:00+00:00,66.57,66.9,66.5,66.86,6338023,,65.58696255242128,,62.448974756297524,50.76989039574026,50.76989039574026,65.58696255242128,56.60943257601889,"rgba(0, 255, 255, 0.75)",10.242583961003108,50.23675379323992,1.5946411832156928,88.56253225617344,28.259921923383075,True,False,True,False,True,20.0,0.0,0.0,0.0,0.0,0,1.2304012483031077,0.7078026160802418,False,False,False,False,0.3424114608842149,0.3405684945884861,False,False,False,False,61999965,13589955.680111585,False,False,False,False,3862631.0370411132,False,False,False,False
2022-08-12 00:00:00+00:00,66.75,66.81,66.59,66.67,5756286,,65.66983504694063,,62.72084572498305,51.42879076138605,51.42879076138605,65.66983504694063,57.07481824318455,"rgba(38, 166, 154, 1.0)",10.995084080894781,50.746237647974205,1.4555379689941768,89.7064575780724,29.365800056207405,True,False,True,False,True,20.0,0.0,0.0,0.0,0.0,0,1.2426886170846223,0.6973585310855794,False,False,False,False,0.3424114608842149,0.3414899777363505,False,False,False,False,67756251,15714124.124028778,False,False,False,False,3936892.015980677,False,False,False,False
2022-08-15 00:00:00+00:00,67.04,67.28,66.68,66.71,5351894,,65.75476523353501,,62.96012383376008,52.00484445025268,52.00484445025268,65.75476523353501,57.482484142006385,"rgba(38, 166, 154, 1.0)",11.692580957232725,51.1995922097869,1.3547400568062473,90.50390680987692,30.357614013000415,True,False,True,False,True,20.0,0.0,0.0,0.0,0.0,0,1.245693553320025,0.6895880675745447,False,False,False,False,0.34282825275751444,0.34215911524693243,False,False,False,False,73108145,17964870.04073353,False,False,False,False,3992382.289863788,False,False,False,False
2022-08-16 00:00:00+00:00,67.0,67.19,66.94,66.98,4429245,,65.81943822880575,,63.1407256521088,52.45159975042486,52.45159975042486,65.81943822880575,57.79616270126683,"rgba(38, 166, 154, 1.0)",12.331251892051558,51.55528405653406,1.2524856420637427,90.97486133849408,31.20613930094359,True,False,True,False,True,20.0,0.0,0.0,0.0,0.0,0,1.2388983224205572,0.6962669824358914,False,False,False,False,0.34282825276066275,0.3424936840037976,False,False,False,False,68678900,19953655.529332217,False,False,False,False,4009514.160849522,False,False,False,False
2022-08-17 00:00:00+00:00,67.0,67.19,66.96,67.0,5365372,,65.8899654325732,,63.339527235268825,52.958691982092695,52.958691982092695,65.8899654325732,58.14910960868076,"rgba(38, 166, 154, 1.0)",12.917742846652898,51.96342797904825,1.164024721613642,91.28883102423885,32.027500152340224,True,False,True,False,True,20.0,0.0,0.0,0.0,0.0,0,1.2584071234569794,0.6897665176353701,False,False,False,False,0.3428282527610324,0.342660968382415,False,False,False,False,68678900,21864449.43014272,False,False,False,False,4062685.056502482,False,False,False,False
2022-08-18 00:00:00+00:00,67.05,67.48,66.94,67.07,3396337,,65.93431213888975,,63.45857262408483,53.26416515878867,53.26416515878867,65.93431213888975,58.361368891436754,"rgba(38, 166, 154, 1.0)",13.467040262858106,52.212041247009005,1.101798053868886,91.50617503062514,32.83634632522754,True,False,True,False,True,20.0,0.0,0.0,0.0,0.0,0,1.2533313239497397,0.6713116536827378,False,False,False,False,0.3428282527660059,0.34274461057421046,False,False,False,False,72075237,23833499.9230783,False,False,False,False,4036553.7601690516,False,False,False,False
2022-08-19 00:00:00+00:00,67.02,67.2,66.91,67.1,4742106,,65.9859967117894,,63.60815628578564,53.66602616230506,53.66602616230506,65.9859967117894,58.63709122404535,"rgba(38, 166, 154, 1.0)",13.97798020568889,52.54144275760501,1.0358118289867349,91.59090139998273,33.565606132358724,True,False,True,False,True,20.0,0.0,0.0,0.0,0.0,0,1.2538468033193646,0.6732939664203794,False,False,False,False,0.3402738510973337,0.3415092308357721,False,False,False,False,67333131,25539367.80844778,False,False,False,False,4064222.4754565395,False,False,False,False
2022-08-22 00:00:00+00:00,67.22,67.36,67.02,67.09,3219710,,66.02323222564195,,63.70711494054065,53.92881568345269,53.92881568345269,66.02323222564195,58.81796531199667,"rgba(38, 166, 154, 0.5)",14.461916938965917,52.759128832910655,0.9999276878797613,91.68636822272344,34.32363492020339,True,False,True,False,True,20.0,0.0,0.0,0.0,0.0,0,1.266533113240072,0.6641496982423885,False,False,False,False,0.342498411091505,0.34200382096363857,False,False,False,False,70552841,27304602.051253747,False,False,False,False,4031104.3391641267,False,False,False,False
2022-08-23 00:00:00+00:00,67.3,67.31,67.0,67.25,4870173,,66.07555478164281,,63.846986932663235,54.30756983588721,54.30756983588721,66.07555478164281,59.07727838427522,"rgba(38, 166, 154, 0.5)",14.905968836508237,53.075506759822844,0.9542816972311127,91.76681671526407,35.06201221698004,True,False,True,False,True,20.0,0.0,0.0,0.0,0.0,0,1.2770255686753456,0.6502675138670275,False,False,False,False,0.3419213606933807,0.34196259082850966,False,False,False,False,75423014,29191598.598263405,False,False,False,False,4064008.9925302397,False,False,False,False
2022-08-24 00:00:00+00:00,67.43,67.5,67.2,67.28,2955810,,66.10964928982622,,63.93065901362259,54.5300340116303,54.5300340116303,66.10964928982622,59.23034651262644,"rgba(38, 166, 154, 0.5)",15.304337725796074,53.26318471936314,0.9256732002691063,91.8499721530439,35.781377607283346,True,False,True,False,True,20.0,0.0,0.0,0.0,0.0,0,1.284194098369943,0.6435554603444951,False,False,False,False,0.3428282527647194,0.34239542179661453,False,False,False,False,78378824,31120509.398331508,False,False,False,False,4020550.208509446,False,False,False,False
2022-08-25 00:00:00+00:00,67.55,67.62,67.33,67.48,2051519,,66.1344843657732,,63.9884346912881,54.68147781152002,54.68147781152002,66.1344843657732,59.33495625140406,"rgba(38, 166, 154, 0.5)",15.644447419549941,53.39174427358091,0.9050019694991815,91.93473084256593,36.4694576104243,True,False,True,False,True,20.0,0.0,0.0,0.0,0.0,0,1.2837910028366544,0.6403351632990669,False,False,False,False,0.34282825275103207,0.34261183727382327,False,False,False,False,80430343,33054228.363102823,False,False,False,False,3943333.298371821,False,False,False,False
2022-08-26 00:00:00+00:00,67.34,67.67,67.25,67.67,3425863,,66.17171907040843,,64.07874980930704,54.92511268504276,54.92511268504276,66.17171907040843,59.5019312471749,"rgba(38, 166, 154, 0.5)",15.956647237532787,53.59947677592205,0.8611159361697157,91.35359025757732,36.4694576104243,True,False,True,False,True,20.0,0.0,0.0,0.0,0.0,0,1.2826052634883838,0.6434443214499084,False,False,False,False,0.3425771180358125,0.3425944776548179,False,False,False,False,77004480,34777767.64298114,False,False,False,False,3923040.3454944952,False,False,False,False
2022-08-29 00:00:00+00:00,67.68,67.78,67.27,67.32,3113551,,66.20775469583049,,64.16046405898147,55.141268093560846,55.141268093560846,66.20775469583049,59.65086607627116,"rgba(38, 166, 154, 0.5)",16.234978340907308,53.78520747715841,0.8558553162852618,91.0827875947092,36.61735711551995,True,False,True,False,True,20.0,0.0,0.0,0.0,0.0,0,1.286549097265204,0.6435536186533127,False,False,False,False,0.3428282526387039,0.3427113651467609,False,False,False,False,80118031,36555817.18639365,False,False,False,False,3891295.6652790247,False,False,False,False
2022-08-30 00:00:00+00:00,67.89,67.9,67.6,67.73,2422497,,66.2388430327987,,64.2253754395107,55.30729183537317,55.30729183537317,66.2388430327987,59.76633363744193,"rgba(38, 166, 154, 0.5)",16.50297721652092,53.92887285882941,0.8459762719174262,90.97685421671375,36.958222396585626,True,False,True,False,True,20.0,0.0,0.0,0.0,0.0,0,1.2856792863016318,0.6651638374804286,False,False,False,False,0.34282825254787597,0.34276980884731845,False,False,False,False,82540528,38359139.1790841,False,False,False,False,3833695.7176210238,False,False,False,False
2022-08-31 00:00:00+00:00,67.9,68.11,67.61,67.9,2329806,,66.26903144421054,,64.28694786327223,55.463860274562535,55.463860274562535,66.26903144421054,59.87540406891738,"rgba(38, 166, 154, 0.5)",16.76728780251153,54.065015173974494,0.825117633154314,90.91004249133681,37.30774853566773,True,False,True,False,True,20.0,0.0,0.0,0.0,0.0,0,1.2657600899097063,0.6729467292659167,False,False,False,False,0.34282825251310134,0.3427990306802099,False,False,False,False,84870334,40183107.60343374,False,False,False,False,3774719.6502633365,False,False,False,False
2022-09-01 00:00:00+00:00,68.15,68.15,67.73,67.82,2757208,68.01,66.30627131104552,,64.3598593250981,55.64616945852594,55.64616945852594,67.15813565552276,60.003014391812016,"rgba(38, 166, 154, 0.5)",17.035523880229615,55.60297099524505,0.7365214649674653,90.96671567873412,37.748886195424845,True,False,True,False,True,20.0,0.0,0.0,0.0,0.0,0,1.2604840186919526,0.672852822305627,False,False,False,False,0.3428282524701342,0.342813641575172,False,False,False,False,87627542,42043673.658201054,False,False,False,False,3734817.232605951,False,False,False,False
2022-09-02 00:00:00+00:00,67.8,68.09,67.74,68.09,3850219,67.93230522814201,66.35181830837142,,64.45347400003806,55.88940899705743,55.88940899705743,67.14206176825672,60.17144149854774,"rgba(38, 166, 154, 0.5)",17.284194965447575,55.787485699038584,0.6949999305709839,89.53959464937569,37.748886195424845,True,False,True,False,False,20.0,0.0,0.0,0.0,0.0,0,1.2561956178957405,0.6772437607475006,False,False,False,False,0.3423415183499797,0.3425775799625759,False,False,False,False,83777323,43680287.357879445,False,False,False,False,3739342.7921116,False,False,False,False
2022-09-06 00:00:00+00:00,67.88,67.96,67.68,67.91,4253693,67.89615443496311,66.3980233830972,,64.55022214330485,56.14634273109862,56.14634273109862,67.14708890903015,60.34828243720173,"rgba(38, 166, 154, 0.5)",17.499218111747798,55.988323344092905,0.679554742387251,88.64137833143499,37.748886195424845,True,False,True,False,False,20.0,0.0,0.0,0.0,0.0,0,1.2497432309579057,0.6890206574507769,False,False,False,False,0.3404933497815415,0.34153546487205866,False,False,False,False,88031016,45419531.61835477,False,False,False,False,3759513.3884993806,False,False,False,False
2022-09-07 00:00:00+00:00,67.99,68.05,67.73,67.75,2110148,67.90057586068943,66.42116003600182,,64.59735828017965,56.27062393035853,56.27062393035853,67.16086794834563,60.43399110526909,"rgba(38, 166, 154, 0.5)",17.694651457381067,56.08824361727314,0.6726188651634732,88.12064898252459,37.748886195424845,True,False,True,False,False,20.0,0.0,0.0,0.0,0.0,0,1.2624834644066807,0.6712516379842048,False,False,False,False,0.34185494033686925,0.34169520260446395,False,False,False,False,90141164,47173321.12351733,False,False,False,False,3694832.3928719535,False,False,False,False
2022-09-08 00:00:00+00:00,67.98,67.99,67.7,67.94,3460916,67.89834839260158,66.45681522605098,,64.67113249094982,56.468311588720304,56.468311588720304,67.17758180932628,60.56972203983506,"rgba(38, 166, 154, 0.5)",17.87623335176755,56.246942204875225,0.6563495544191165,87.7219022953335,40.22700485314806,True,False,True,False,False,20.0,0.0,0.0,0.0,0.0,0,1.2679687532837631,0.6567978630844051,False,False,False,False,0.340911706804991,0.34130345470472745,False,False,False,False,86680248,48722612.37357547,False,False,False,False,3685659.200994622,False,False,False,False
2022-09-09 00:00:00+00:00,67.76,68.03,67.76,67.88,3707660,67.88944765825065,66.49212674130533,,64.74564686489177,56.67204762233615,56.67204762233615,67.19078719977799,60.70884724361396,"rgba(38, 166, 154, 0.5)",18.028803492949468,56.41074815492775,0.6295066585816751,86.26112153443216,38.71570636714188,True,False,True,False,False,20.0,0.0,0.0,0.0,0.0,0,1.2706167383720424,0.6693087284342837,False,False,False,False,0.34189702243155046,0.3416002385681389,False,False,False,False,82972588,50065748.67265095,False,False,False,False,3686521.9774262053,False,False,False,False
2022-09-12 00:00:00+00:00,67.87,67.93,67.74,67.86,3003569,67.88389550999528,66.51937948590118,,64.80343521886064,56.83177490396087,56.83177490396087,67.20163749794824,60.81760506141076,"rgba(38, 166, 154, 0.5)",18.15172480822451,56.54000395512513,0.6241828897571913,85.41044087762026,37.83265109949956,True,False,True,False,False,20.0,0.0,0.0,0.0,0.0,0,1.256041214071887,0.667316902885007,False,False,False,False,0.3406541475472465,0.3411271930576927,False,False,False,False,85976157,51473999.97960582,False,False,False,False,3659739.507723217,False,False,False,False
2022-09-13 00:00:00+00:00,67.75,67.98,67.75,67.78,2851802,67.87761722647802,66.54388439749455,,64.85599721750181,56.97899418561298,56.97899418561298,67.21075081198629,60.9174957015574,"rgba(38, 166, 154, 0.5)",18.248034234992026,56.65956155294566,0.6077607211952485,84.11992501231964,36.55991223706734,True,False,True,False,False,20.0,0.0,0.0,0.0,0.0,0,1.2610642175462154,0.6686220104182693,False,False,False,False,0.34127500314860565,0.34120109810314914,False,False,False,False,83124355,52715190.37256245,False,False,False,False,3628055.683890934,False,False,False,False
2022-09-14 00:00:00+00:00,67.95,67.95,67.7,67.8,3095760,67.8764519061324,66.57026410246507,,64.91176601411708,57.134981603923904,57.134981603923904,67.22335800429875,61.02337380902049,"rgba(38, 166, 154, 0.5)",18.332757485141414,56.78739830896454,0.6088883082691015,83.53879432297282,35.97177682313725,True,False,True,False,False,20.0,0.0,0.0,0.0,0.0,0,1.2586665149618839,0.660133120946638,False,False,False,False,0.3404472518907345,0.34082417499694184,False,False,False,False,86220115,54029108.98540314,False,False,False,False,3607181.3433461916,False,False,False,False
2022-09-15 00:00:00+00:00,67.78,67.89,67.66,67.85,2494683,67.86857071712738,66.5893449673945,,64.95390178908211,57.25644004442396,57.25644004442396,67.22895784226094,61.10517091675304,"rgba(38, 166, 154, 0.5)",18.40619653983578,56.88662961071909,0.5918316891653761,82.03387012485067,34.519815735560115,True,False,True,False,False,20.0,0.0,0.0,0.0,0.0,0,1.249930086552847,0.6767516814184042,False,False,False,False,0.33941319413381577,0.3401186845653788,False,False,False,False,83725432,55193670.67225008,False,False,False,False,3563553.9573326153,False,False,False,False
2022-09-16 00:00:00+00:00,67.62,67.78,67.54,67.71,5714482,67.83457441839806,66.62631231803579,67.64666666666666,65.04166469161896,57.52116527652082,57.52116527652082,67.23044336821692,63.40316554493548,"rgba(38, 166, 154, 0.5)",18.44222568499301,58.06104126156445,0.5183191498526106,79.96559893367586,32.59162637011977,True,False,True,False,False,20.0,0.0,0.0,0.0,0.0,0,1.2535402007481085,0.6667170003352938,False,False,False,False,0.337037508200933,0.3385780963831559,False,False,False,False,78010950,56088465.940004975,False,False,False,False,3647904.076652905,False,False,False,False
2022-09-19 00:00:00+00:00,68.03,68.03,67.61,67.69,2222420,67.83769109204127,66.64326485313188,67.71480268077728,65.07731659025994,57.62289957513085,57.62289957513085,67.24047797258658,63.47167294872269,"rgba(38, 166, 154, 0.5)",18.45247778278906,58.14462915417866,0.5357205120193449,79.41101327360495,32.10759002080246,False,False,True,False,False,20.0,0.0,0.0,0.0,0.0,0,1.2489379626162838,0.6592972072616958,False,False,False,False,0.34034381458878343,0.33946095548596966,False,False,False,False,80233370,57035324.92274988,False,False,False,False,3592002.7403135756,False,False,False,False
2022-09-20 00:00:00+00:00,67.89,68.15,67.76,67.87,3634784,67.84574624224635,66.67096196635006,67.78344537635512,65.1346099120564,57.785736583481324,57.785736583481324,67.2583541042982,63.56793062396429,"rgba(38, 166, 154, 0.5)",18.4576187516695,58.275555382588344,0.5208930115398567,78.07545059929139,30.857411903282895,False,False,True,False,False,20.0,0.0,0.0,0.0,0.0,0,1.2576483091035544,0.6532008599179967,False,False,False,False,0.34282825234420367,0.34114460391508666,False,False,False,False,76598586,57802511.631661646,False,False,False,False,3593680.436771867,False,False,False,False
2022-09-21 00:00:00+00:00,67.69,68.2,67.65,67.92,2543974,67.8457974778758,66.68836707370556,67.79483934013713,65.17216085613906,57.89573188115128,57.89573188115128,67.26708227579068,63.620910692475825,"rgba(38, 166, 154, 0.5)",18.45916109579089,58.36067679615744,0.5054034230174119,75.80381227914724,28.75709490470237,False,False,True,False,False,20.0,0.0,0.0,0.0,0.0,0,1.2654567211806937,0.6489840867930047,False,False,False,False,0.3422070225897896,0.3416758132524381,False,False,False,False,74054612,58439848.90100825,False,False,False,False,3552515.4784670877,False,False,False,False
2022-09-22 00:00:00+00:00,67.97,68.09,67.67,67.78,1735929,67.84814691902335,66.70058432021439,67.80745074011192,65.19778594258636,57.96988792617735,57.96988792617735,67.27436561961886,63.65837486962522,"rgba(38, 166, 154, 0.5)",18.417937098246224,58.418898019950554,0.5185760994350943,75.03686424659615,28.090996719684313,False,False,True,False,False,20.0,0.0,0.0,0.0,0.0,0,1.265152207349201,0.6524015106522305,False,False,False,False,0.3412756543474045,0.3414757337999213,False,False,False,False,75790541,59120268.19900793,False,False,False,False,3481276.793037006,False,False,False,False
2022-09-23 00:00:00+00:00,67.99,68.04,67.83,67.91,1469191,67.85130680838652,66.7110986731413,67.81982485911912,65.21944227535123,58.032066502718706,58.032066502718706,67.28120274076392,63.69044454572969,"rgba(38, 166, 154, 0.5)",18.361887228566516,58.468095367848676,0.5185689528327792,74.57938348551872,27.65683695856437,False,False,True,False,False,20.0,0.0,0.0,0.0,0.0,0,1.2634835952153989,0.640477178848539,False,False,False,False,0.3424140709009913,0.34194490235045627,False,False,False,False,77259732,59831619.72061546,False,False,False,False,3402371.467819869,False,False,False,False
2022-09-26 00:00:00+00:00,67.75,68.13,67.74,67.92,1749048,67.85206734692731,66.72259655767145,67.82473255360946,65.24404250306705,58.10449785483931,58.10449785483931,67.28733195229938,63.72442430383861,"rgba(38, 166, 154, 0.5)",18.28222600833442,58.52439194353871,0.504621704832637,72.4464463136003,25.632354871136144,False,True,True,False,False,20.0,0.0,0.0,0.0,0.0,0,1.271433165230076,0.6433361306970146,False,False,False,False,0.3424140709009913,0.3421794866257238,False,False,False,False,75510684,60446484.98647368,False,False,False,False,3337535.2533955607,False,False,False,False
2022-09-27 00:00:00+00:00,68.18,68.19,67.85,67.9,1733317,67.85938807337642,66.73571052369738,67.84544595813118,65.26979614338592,58.17668172046682,58.17668172046682,67.2975492985369,63.763974607327974,"rgba(38, 166, 154, 0.5)",18.162747242292035,58.582672483921236,0.5284072606445435,72.3815289709155,25.55966587797282,False,True,True,False,False,20.0,0.0,0.0,0.0,0.0,0,1.2726703219035782,0.6419947099012661,False,False,False,False,0.34282825234796155,0.34250386948684264,False,False,False,False,77244001,61105211.10465118,False,False,False,False,3274624.7336545587,False,False,False,False
2022-09-28 00:00:00+00:00,68.11,68.19,67.95,68.14,2233884,67.86854668055174,66.75236434451311,67.86851372443326,65.30241968887637,58.268276588876745,58.268276588876745,67.31045551253243,63.81307000072879,"rgba(38, 166, 154, 0.5)",18.01318018753124,58.656506167369905,0.5248098189332399,71.79882336589705,24.93184051312201,False,True,True,False,False,20.0,0.0,0.0,0.0,0.0,0,1.2809731137678866,0.6240750024521293,False,False,False,False,0.3428282523508431,0.3426660609188429,False,False,False,False,75010117,61650501.53191977,False,False,False,False,3233811.3715504585,False,False,False,False
2022-09-29 00:00:00+00:00,68.07,68.19,67.785,68.11,2083094,67.87392666166906,66.76674887696593,67.88066114432111,65.33143576906626,58.3515915202619,58.3515915202619,67.32033776931749,63.854562811216425,"rgba(38, 166, 154, 0.5)",17.839041173280066,58.722774208101924,0.5239757956217214,71.08348065109415,24.157748270579532,False,True,True,False,False,20.0,0.0,0.0,0.0,0.0,0,1.2824255895876693,0.6202221156697703,False,False,False,False,0.3411259530869892,0.341896007002916,False,False,False,False,72927023,62092718.06007978,False,False,False,False,3188685.2001171075,False,False,False,False
2022-09-30 00:00:00+00:00,68.1,68.28,68.01,68.1,2683336,67.88549664017847,66.78646550806435,67.90472505405414,65.36947346936297,58.45808981240687,58.45808981240687,67.3359810741214,63.91076277860799,"rgba(38, 166, 154, 0.5)",17.637104205530914,58.808939852373335,0.5267905683016277,70.72113538138495,23.699403834096785,False,True,True,False,False,20.0,0.0,0.0,0.0,0.0,0,1.2857218908218757,0.6093476378735961,False,False,False,False,0.3428282523551502,0.3423621296790331,False,False,False,False,75610359,62622821.62635116,False,False,False,False,3168867.5844262405,False,False,False,False
2022-10-03 00:00:00+00:00,68.48,68.48,68.45,68.46,3623682,67.91910972097378,66.81871725991508,67.96990364114467,65.42535782575422,58.60320919097524,58.60320919097524,67.36891349044443,63.999490219291374,"rgba(38, 166, 154, 0.5)",17.435644445366073,58.931352507176804,0.5476509642499033,71.84251453276366,23.699403834096785,False,True,True,False,True,20.0,0.0,0.0,0.0,0.0,0,1.3075198103449746,0.5914695130117142,False,False,False,False,0.3428282523733271,0.3425951910261801,False,False,False,False,79234041,63274241.99394523,False,False,False,False,3186703.4438605057,False,False,False,False
2022-10-04 00:00:00+00:00,68.49,68.49,68.47,68.48,3279961,67.9470257625418,66.84708977540981,68.01842481605063,65.47444627240716,58.73115576642286,58.73115576642286,67.3970577689758,64.07467561829354,"rgba(38, 166, 154, 0.5)",17.225045509164623,59.03872330457654,0.5486938592060543,72.62404367269951,23.699403834096785,False,True,True,False,True,20.0,0.0,0.0,0.0,0.0,0,1.3191261543091792,0.5716286647779071,False,False,False,False,0.34282825237417136,0.3427117217001757,False,False,False,False,82514002,64028742.386339545,False,False,False,False,3190360.6029247995,False,False,False,False
2022-10-05 00:00:00+00:00,68.49,68.49,68.49,68.49,0,67.9470257625418,66.84708977540981,68.01842481605063,65.47444627240716,58.73115576642286,58.73115576642286,67.3970577689758,64.07467561829354,"rgba(38, 166, 154, 0.5)",17.053241059418298,59.03872330457654,0.5542217260925675,73.14506309932342,23.699403834096785,False,True,True,False,True,20.0,0.0,0.0,0.0,0.0,0,1.3365448711681516,0.5593764165281621,False,False,False,False,0.3428282523747336,0.34276998703745465,False,False,False,False,82514002,64753654.52805173,False,False,False,False,3065248.4224179448,False,False,False,False
2022-11-02 00:00:00+00:00,68.49,68.49,68.49,68.49,74,67.9470263686419,66.84709040718194,68.01842582150736,65.47444736453944,58.731158617622086,58.731158617622086,67.39705838791193,64.07467726788963,"rgba(38, 166, 154, 0.5)",16.901337829664016,59.038725693261455,0.5592027330611865,73.49240938373936,23.699403834096785,False,True,True,False,True,20.0,0.0,0.0,0.0,0.0,0,1.3363038532954894,0.5554064573974735,False,False,False,False,0.3428282523747336,0.3427991197060941,False,False,False,False,82514002,65450138.74263794,False,False,False,False,2945045.5038917507,False,False,False,False
